index,spkid,IPA,AgeMonth,Register,time_start,duration(ms),F1,F2
0,FIDS101,e,18,IDS,3.08,57.93992565792205,512.6122705257704,1713.5587976684953
1,FIDS101,o,18,IDS,3.427156510919454,69.31369191472126,351.4257095555862,848.5708024436328
2,FIDS101,o,18,IDS,4.944442201811249,86.82451934580726,331.2179647158569,1104.3085059170264
3,FIDS101,i,18,IDS,6.59867949229148,84.63566591692117,368.9318702707496,2103.9719660400874
4,FIDS101,u,18,IDS,7.722729067419494,167.27093258050553,326.9841160456956,776.4507295831884
5,FIDS101,u,18,IDS,8.864728455759371,95.27154424062978,402.8487656955431,1180.4961223173593
6,FIDS101,u,18,IDS,9.122431058829338,119.65732077909585,301.10288406171446,681.4315847286974
7,FIDS101,i,18,IDS,9.567386530271246,83.17643029766586,340.80447788854593,1679.3681641466565
8,FIDS101,æ,18,IDS,12.73789617443349,78.79872343988836,586.5181223386618,1698.4234368186649
9,FIDS101,æ,18,IDS,15.86409220739139,70.77292753398012,631.1631243361498,1632.2672615220868
10,FIDS101,æ,18,IDS,17.24319400186121,74.78582548694135,484.8814156504253,1550.916542370654
11,FIDS101,u,18,IDS,17.73947472320143,210.52527679857036,389.38935068517395,668.7095674069055
12,FIDS101,æ,18,IDS,30.6989659789364,67.12483848583872,592.5313591655358,1592.7329950436424
13,FIDS101,u,18,IDS,31.62501510221582,99.22802210948944,390.4091286788718,991.9106697112855
14,FIDS101,æ,18,IDS,37.39,120.57072021683268,592.790425769523,1700.7182432067434
15,FIDS101,u,18,IDS,39.33,60.000000000002274,342.64495541496484,1354.0743222684778
16,FIDS101,u,18,IDS,40.06,154.82430941472813,331.34253865143756,729.6451168303729
17,FIDS101,æ,18,IDS,52.29803729558491,113.09076049244027,591.4615399083269,1668.5576321986434
18,FIDS101,i,18,IDS,52.70725483048991,75.15063439175407,328.48545252374674,2020.302932735527
19,FIDS101,e,18,IDS,58.2534910035871,53.626909007697066,696.1337348950971,1331.2144260824925
20,FIDS101,a,18,IDS,58.45527153546166,80.62276796395906,598.8088924225551,965.9650716744504
21,FIDS101,e,18,IDS,59.20109587753775,101.05206663355659,677.6036315001629,1246.3455400984967
22,FIDS101,a,18,IDS,59.54541880604379,83.90604810730196,637.0488113366833,1045.1368365482701
23,FIDS101,a,18,IDS,60.9974248830142,63.476749437690216,706.5939942382497,1116.5085795831476
24,FIDS101,æ,18,IDS,63.1534532460761,60.92308710399408,619.4317164981899,1585.899513302667
25,FIDS101,i,18,IDS,63.48345700165431,81.35140435071264,487.7175725517037,2110.861752906708
26,FIDS101,æ,18,IDS,65.40908995585299,100.91004414701388,606.865177674699,1411.25107319922
27,FIDS101,u,18,IDS,65.71066768379734,116.0072688851983,381.1435344548464,794.3840388748763
28,FIDS101,æ,18,IDS,66.35948583006338,59.82866038954171,463.084098264393,1637.7170846350925
29,FIDS101,i,18,IDS,68.19898352127149,118.9277029694722,322.5227065930504,1994.650156014355
30,FIDS101,a,18,IDS,68.68558290407802,67.85445629546416,606.6468659615215,975.109515274463
31,FIDS101,i,18,IDS,74.6093655460863,140.08661944870937,364.0677887783811,2029.7916114640082
32,FIDS101,i,18,IDS,76.54001290949378,78.91546228943014,330.8968224282904,2089.768342302598
33,FIDS101,æ,18,IDS,77.77872919730002,73.77895290964886,543.3805796918605,1610.5068023558215
34,FIDS101,a,18,IDS,78.01,109.99999999999943,752.7008624271788,1216.8904209953184
35,FIDS101,a,18,IDS,78.8184498861212,85.45283786371272,722.7842640969092,1186.8247283657836
36,FIDS101,o,18,IDS,80.55624485289923,53.755147100773115,429.4706275873832,991.1021733159786
37,FIDS101,u,18,IDS,83.75701259785441,98.99454441041655,365.1151693603627,890.907082706441
38,FIDS101,o,18,IDS,93.1849437331237,83.11806087289142,438.338339901413,1295.1543579318882
39,FIDS101,u,18,IDS,93.72,59.30553921099602,349.63165597851986,1088.7141768278973
40,FIDS101,o,18,IDS,97.71,72.82676183540104,578.9580601837426,1341.703959459187
41,FIDS101,e,18,IDS,100.0631655153647,105.0649645865036,536.2162889932072,1616.3029999988112
42,FIDS101,o,18,IDS,100.513255255453,100.68725772879361,546.6088659281492,1039.7039448456908
43,FIDS101,a,18,IDS,103.0452364958817,107.98343582500536,646.4810372156387,1006.8923103055864
44,FIDS101,e,18,IDS,104.67,49.99999999999716,424.5725175514344,1507.8258730949515
45,FIDS101,u,18,IDS,104.9307779475228,122.57579201759938,302.6751938795933,1164.8304897399446
46,FIDS101,o,18,IDS,106.3754402419194,59.828660389598554,421.77779502443315,974.0377406604606
47,FIDS101,a,18,IDS,106.9365411983674,104.33534677690659,607.8755867913478,984.558849878934
48,FIDS101,e,18,IDS,107.7567877205785,53.21227942150131,497.8499717462985,1591.4093359169392
49,FIDS101,o,18,IDS,109.0025465044067,104.33534677690659,574.3250990734023,2251.3577158424946
50,FIDS101,e,9,IDS,2.46,81.95264003528013,558.8047216390078,1523.3786833424558
51,FIDS101,o,9,IDS,2.807727542149052,119.96783775968778,371.97715924922204,757.5168541378907
52,FIDS101,e,9,IDS,3.91,88.96083405518596,387.86524214667406,1768.9022879583758
53,FIDS101,o,9,IDS,4.548509147821393,105.20256542003459,409.6320826093975,860.3315270065405
54,FIDS101,i,9,IDS,5.41,99.99999999999964,312.7953834658291,1906.3321825475148
55,FIDS101,u,9,IDS,6.59,280.0000000000002,514.0581761410092,1458.7356380739072
56,FIDS101,u,9,IDS,7.55,129.9999999999999,305.486940074123,723.2566876994235
57,FIDS101,u,9,IDS,7.801897759230315,178.10224076968507,356.45375499447687,745.224037026093
58,FIDS101,i,9,IDS,8.4,80.00000000000007,371.44677924329295,1787.3795650602144
59,FIDS101,æ,9,IDS,11.04,115.28296970720042,608.1203371132467,1513.2491909613852
60,FIDS101,æ,9,IDS,12.31,106.65130522670019,622.4733528299782,1578.700820331679
61,FIDS101,æ,9,IDS,14.34,110.99466898203048,576.6171162944605,1585.8288780815517
62,FIDS101,u,9,IDS,14.78,150.00000000000034,407.8631047599895,819.7488452134348
63,FIDS101,e,9,IDS,16.46,59.99999999999872,516.5007912605518,1714.1799980772266
64,FIDS101,e,9,IDS,16.58,123.25286985782213,623.7280636939569,1680.6189380236997
65,FIDS101,u,9,IDS,17.32,89.99999999999986,368.5593946452076,1379.9561826095414
66,FIDS101,æ,9,IDS,22.72,89.99999999999986,553.2753754864757,1533.9781520415204
67,FIDS101,u,9,IDS,24.14,160.00000000000014,278.44899578939055,617.3790889281712
68,FIDS101,u,9,IDS,24.97,150.00000000000213,388.3189611302605,707.697183237463
69,FIDS101,e,9,IDS,27.03,109.99999999999943,521.33989631132,1611.0968179958802
70,FIDS101,a,9,IDS,27.64,89.99999999999986,599.012490904651,968.6418478532229
71,FIDS101,e,9,IDS,28.67,109.99999999999943,523.4809568377059,1648.5248055074874
72,FIDS101,a,9,IDS,29.6,79.9999999999983,507.5856247039103,934.2279907808409
73,FIDS101,o,9,IDS,30.34,98.51765400955159,444.96216022011595,833.1344922681858
74,FIDS101,o,9,IDS,32.55,100.00000000000142,442.0071026005255,868.8569874017147
75,FIDS101,æ,9,IDS,36.61,106.3696205072091,496.23112098405943,1540.1532556631823
76,FIDS101,i,9,IDS,37.13929301694983,99.66558829265892,330.0619832512617,1901.1081523059697
77,FIDS101,i,9,IDS,39.1,100.00000000000142,319.88942875821965,1919.9340808943314
78,FIDS101,e,9,IDS,42.12247203247009,99.66558829266603,620.8422552134705,1566.3893724912132
79,FIDS101,a,9,IDS,42.35,89.9999999999963,623.9673091663301,967.2278993386857
80,FIDS101,e,9,IDS,43.47,100.16917858386165,557.4703448714204,1649.9487037373397
81,FIDS101,a,9,IDS,43.77,119.99999999999744,684.7008344184692,1073.041290681824
82,FIDS101,a,9,IDS,44.82,71.30494242934304,726.5852845955244,1467.8350155118808
83,FIDS101,æ,9,IDS,47.08,115.4455371585712,568.356723122987,1592.827855848873
84,FIDS101,i,9,IDS,47.58,120.22073538138045,339.49815386435574,1894.7734171981515
85,FIDS101,e,9,IDS,49.28,119.57031518135608,446.52175859623003,1590.2563201104228
86,FIDS101,e,9,IDS,50.18,92.12817901605064,422.3651792921835,1698.2589523439497
87,FIDS101,i,9,IDS,51.71,109.99999999999943,272.843673224934,1957.13357129962
88,FIDS101,a,9,IDS,52.05,100.00000000000142,596.5408876441455,1101.275929796465
89,FIDS101,i,9,IDS,59.49,95.49823721948769,338.94628863618624,1950.683268611698
90,FIDS101,i,9,IDS,61.02,91.52137241623848,325.8029410853634,1666.294460265744
91,FIDS101,e,9,IDS,62.10541543452869,92.28295212284365,564.5795994918473,1646.6714129686363
92,FIDS101,a,9,IDS,62.41,77.46685631724404,459.14952450263047,916.4444295758751
93,FIDS101,a,9,IDS,63.32,77.35166447027098,595.4239946835588,1037.7524491649876
94,FIDS101,u,9,IDS,65.32,70.00000000000739,454.2169074185176,934.7322324899326
95,FIDS101,i,9,IDS,65.64,68.6074196495241,425.46797951111813,1693.0275756191845
96,FIDS101,u,9,IDS,68.37,106.09118672958573,385.3872488406963,927.2678896800549
97,FIDS101,o,9,IDS,76.95,157.8337894099775,396.9749074670268,842.4128862045677
98,FIDS101,u,9,IDS,77.29,157.8488166911569,292.12143377181934,591.4054531880307
99,FIDS101,o,9,IDS,80.35,120.00000000000455,466.5053934404395,871.9818373795435
100,FIDS101,e,9,IDS,82.50052007191331,83.05465691056213,502.7817140093488,1774.800588500572
101,FIDS101,o,9,IDS,83.0,137.12615381182047,473.0805045319709,831.9226100899474
102,FIDS101,a,9,IDS,84.99,118.53238709744573,512.1450807421406,964.8784678043752
103,FIDS101,e,9,IDS,86.04,109.99999999999943,484.8721397424234,1608.492252453121
104,FIDS101,u,9,IDS,86.45,85.24016241540266,338.86578996909384,840.530494816558
105,FIDS101,o,9,IDS,87.51,79.9999999999983,500.5787333362785,1041.977861007481
106,FIDS101,a,9,IDS,88.2,108.0850931383992,489.25845095932095,915.5273512523098
107,FIDS101,e,9,IDS,88.98,159.9999999999966,536.2215621479878,1601.457695120213
108,FIDS101,o,9,IDS,90.0846597772235,142.11574626916956,444.1373777077131,787.7958902456429
109,FIDS102,æ,12,IDS,5.630629242435532,179.37075756446762,778.689474216555,1462.6070631434975
110,FIDS102,e,12,IDS,7.61,58.676740137237005,403.2010159659668,2008.3182605833201
111,FIDS102,o,12,IDS,8.422824805027345,113.92306078319514,507.7362807485402,1038.9201836769614
112,FIDS102,i,12,IDS,9.861318880578638,128.68111942136196,297.31932896906704,1980.1242456859702
113,FIDS102,u,12,IDS,11.98,169.99999999999994,333.5680052935201,809.0495268967502
114,FIDS102,u,12,IDS,14.98,179.99999999999972,348.87762452160655,847.5434039396072
115,FIDS102,u,12,IDS,15.37,130.0000000000008,427.50279618359,1068.129919542082
116,FIDS102,i,12,IDS,15.9,89.99999999999986,324.68038912545103,2242.554497104467
117,FIDS102,æ,12,IDS,19.25,120.000000000001,720.9531067958575,1668.4074631597414
118,FIDS102,æ,12,IDS,22.526292344624,143.7076553760015,929.1337017800145,1683.4240128451702
119,FIDS102,æ,12,IDS,27.02001796587283,124.77287609587862,622.458978517558,1640.0404081330057
120,FIDS102,u,12,IDS,27.59,219.99999999999886,320.13518772705635,803.833735021153
121,FIDS102,e,12,IDS,32.25802264701258,165.4596835184492,472.7628996075703,2052.0090984393705
122,FIDS102,æ,12,IDS,32.6,318.50515417228564,764.5167996499646,1452.0983254533414
123,FIDS102,u,12,IDS,33.52482448542706,75.94870718880031,360.95421931635275,602.325012333934
124,FIDS102,u,12,IDS,51.93,109.99999999999943,361.67920495807846,920.0770685955679
125,FIDS102,u,12,IDS,54.01,120.00000000000455,550.7152933762854,1528.1580141840477
126,FIDS102,e,12,IDS,58.49,169.9999999999946,436.12671221057263,2092.85011966432
127,FIDS102,a,12,IDS,62.7,119.99999999999744,584.4963527920659,1285.623666458954
128,FIDS102,e,12,IDS,64.31,140.00000000000057,446.7883224540331,2061.4472618167433
129,FIDS102,a,12,IDS,65.68,95.66530521989591,673.7504350102068,1412.991118188696
130,FIDS102,o,12,IDS,66.56,79.9999999999983,298.5882028243565,1017.625132156406
131,FIDS102,o,12,IDS,70.26108040063266,68.91959936733372,404.8328448627498,966.2901231594203
132,FIDS102,æ,12,IDS,75.77679435835469,103.07324547051167,524.1218871448921,1599.578309601163
133,FIDS102,i,12,IDS,76.21349942469028,66.50057530971765,338.8910853507412,2169.6195836052602
134,FIDS102,i,12,IDS,79.8510274962212,126.12910300997271,328.1725492632596,2099.026275762152
135,FIDS102,e,12,IDS,86.31907181264133,75.9487071887861,392.32217340667694,2031.9803288609887
136,FIDS102,a,12,IDS,86.67440326413177,160.03477586210124,807.0153941154622,1205.848637315997
137,FIDS102,e,12,IDS,89.19914783417266,140.85216582734006,368.352976572935,2290.926021811447
138,FIDS102,a,12,IDS,89.82,370.00000000000455,739.9913090354187,1162.6047691671117
139,FIDS102,a,12,IDS,94.26,129.99999999999545,526.14711539154,1294.8742994335748
140,FIDS102,æ,12,IDS,98.05150974074766,93.57965707189919,598.8825038583275,1695.784056516225
141,FIDS102,i,12,IDS,98.49635216856775,54.249076563422705,325.44771150511536,2265.5318113939215
142,FIDS102,e,12,IDS,102.32148700907,88.51299092999909,396.6311350081786,2061.412375479824
143,FIDS102,e,12,IDS,104.5604001665104,69.59983348959042,376.9383921064928,1910.645719055765
144,FIDS102,i,12,IDS,115.54,59.99999999998806,284.39497697119515,2152.4269188750945
145,FIDS102,i,12,IDS,115.88,79.9999999999983,323.3405490615726,2160.243157486305
146,FIDS102,a,12,IDS,116.149294156405,97.64833781419213,528.1088630734935,1073.114457319814
147,FIDS102,i,12,IDS,124.88,140.00000000000057,310.7301961771187,2194.5152473736593
148,FIDS102,i,12,IDS,127.0858873139885,100.36079164240164,275.57046153335375,1460.548840903984
149,FIDS102,e,12,IDS,131.4929697014944,126.54976400492046,549.4007705390302,1671.6155292934654
150,FIDS102,a,12,IDS,131.7849563018204,100.66458500392628,561.3128159223614,1198.3270687442198
151,FIDS102,a,12,IDS,136.3584283172549,135.17815700529923,523.3682024577818,1170.2834110875192
152,FIDS102,u,12,IDS,138.6394713667866,150.5286332133835,363.44764786232827,859.2802700815347
153,FIDS102,i,12,IDS,139.01,78.1478028040965,352.3325445676548,2287.0822904343268
154,FIDS102,u,12,IDS,143.71,120.00000000000455,260.74016918805813,763.0093263008423
155,FIDS102,o,12,IDS,156.763452970706,112.16910900441235,406.65859841921014,883.9895135200682
156,FIDS102,u,12,IDS,157.24,149.99999999997726,323.2150481295419,1234.2412237834728
157,FIDS102,o,12,IDS,163.89,140.00000000001478,386.61997457400923,880.9592319145383
158,FIDS102,e,12,IDS,166.08,79.99999999998408,506.34730281480654,1520.498156966806
159,FIDS102,o,12,IDS,166.5760331611525,93.96683884747858,613.34661917926,1432.9339271493336
160,FIDS102,a,12,IDS,174.94,150.00000000000568,628.3737772663188,1222.6084312828073
161,FIDS102,e,12,IDS,178.7,110.00000000001364,490.7006652104495,2015.3606611465038
162,FIDS102,u,12,IDS,179.07,50.00000000001137,277.2973685792494,758.9552043114322
163,FIDS102,o,12,IDS,182.65,99.99999999999432,520.6330106608548,1054.698534477269
164,FIDS102,a,12,IDS,183.31,113.49869026489046,732.2461431732106,1472.2390764283653
165,FIDS102,o,12,IDS,186.2721907263082,146.45623711049893,323.86869423957967,864.9825604532606
166,FIDS103,æ,15,IDS,3.95,110.1785563747022,802.6358998087373,1538.70216284927
167,FIDS103,o,15,IDS,4.548567156497232,121.43284350276761,448.8275672858567,957.6037319627308
168,FIDS103,e,15,IDS,5.65,99.99999999999964,374.59808381152715,2252.8472796253122
169,FIDS103,o,15,IDS,6.445334896449654,127.08997029210778,439.6273573262017,1090.295834360239
170,FIDS103,i,15,IDS,7.803851710667416,176.14828933258408,338.8640828611639,2548.1523338179027
171,FIDS103,u,15,IDS,10.32,209.9999999999991,305.13994623048274,650.2328213094205
172,FIDS103,u,15,IDS,11.42513895395523,241.47094355500974,295.8919619642849,632.7381733707465
173,FIDS103,u,15,IDS,11.93,250.0,316.0158870171556,715.5847319758846
174,FIDS103,i,15,IDS,12.7,120.000000000001,328.10900594216287,2211.0818891870063
175,FIDS103,æ,15,IDS,16.6,130.23567106779765,460.269706802458,1288.5342397522654
176,FIDS103,æ,15,IDS,20.34,123.04021302901091,812.6597590782203,1636.7661932705093
177,FIDS103,u,15,IDS,20.87,209.9999999999973,288.2992693642151,580.1909019874917
178,FIDS103,e,15,IDS,24.39126589633377,88.73410366622991,444.22069020447515,1749.0179915069575
179,FIDS103,æ,15,IDS,24.61,88.09739603900013,795.3816584246761,1446.5375318572233
180,FIDS103,u,15,IDS,25.72113827911894,243.2865145591805,338.6581256746461,641.7559656012772
181,FIDS103,æ,15,IDS,34.64,135.89132217614264,675.5066233225737,1421.5826961914768
182,FIDS103,u,15,IDS,36.15,120.00000000000455,306.1845619732019,750.9280211960158
183,FIDS103,u,15,IDS,37.39,179.99999999999972,355.3034753044707,765.0917789923403
184,FIDS103,e,15,IDS,40.44,200.00000000000284,571.9549518614738,1910.8600389822745
185,FIDS103,a,15,IDS,41.88,97.96197432697085,627.9170757211679,1065.2452221845963
186,FIDS103,e,15,IDS,43.5,90.00000000000341,685.3422867413265,1914.0539952004162
187,FIDS103,a,15,IDS,45.0,189.99999999999773,830.8020586556356,1114.1080208477342
188,FIDS103,o,15,IDS,46.2,154.45231427014505,433.39200085058917,815.585402334096
189,FIDS103,o,15,IDS,47.96,109.99999999999943,457.22144995240393,999.6195796803937
190,FIDS103,æ,15,IDS,52.33816788230926,151.8321176907449,909.1604826311434,1501.962587058859
191,FIDS103,i,15,IDS,53.05028410611681,179.7158938831842,347.86423544174454,2543.8986104212995
192,FIDS103,i,15,IDS,55.54220405819085,67.79594180915183,367.92973933321906,2236.748337856609
193,FIDS103,e,15,IDS,59.92995058694372,90.04941305628478,625.3498606856622,2089.251010914761
194,FIDS103,a,15,IDS,60.22,129.34748890768333,707.1621320203772,1140.5916005854526
195,FIDS103,e,15,IDS,61.98157832089028,78.42167910972364,536.6777263352373,1678.403368665695
196,FIDS103,a,15,IDS,62.3628482317666,137.15176823340158,586.6851338335787,1100.3459481372333
197,FIDS103,a,15,IDS,65.22655553506192,94.40969221699902,740.2955981002145,1228.8451266447407
199,FIDS103,i,15,IDS,69.40962573174502,131.84352513502517,311.5715356974355,1049.1984438896707
200,FIDS103,e,15,IDS,71.79827490323638,171.72509676362324,483.0412950883685,2117.817417581737
201,FIDS103,e,15,IDS,73.62760123025843,158.6591573658751,414.33517750356685,2035.884755463312
202,FIDS103,i,15,IDS,75.60856583264159,61.43416735841356,329.20685175348757,2083.9494868015095
203,FIDS103,i,15,IDS,75.97833544633014,84.91616873102714,347.2137076149888,2228.5930372084904
204,FIDS103,a,15,IDS,76.32,141.01682648545477,650.2342491705468,1300.2443870808897
205,FIDS103,i,15,IDS,84.24,184.80325673458253,266.0299350889654,1955.424188140881
206,FIDS103,æ,15,IDS,86.46307926096755,156.92073903245785,684.5161805290721,1406.6984894455165
207,FIDS103,a,15,IDS,87.08,105.13223104526048,395.87530187307914,946.2817322296524
208,FIDS103,a,15,IDS,88.51777937904409,116.20107300034022,633.8406313185594,1088.1845864621775
209,FIDS103,u,15,IDS,90.94,150.00000000000568,401.29141422044245,784.0366125603291
210,FIDS103,i,15,IDS,91.34540549685434,54.594503145665385,387.8550761143328,1832.5972456184745
211,FIDS103,u,15,IDS,96.15,109.99999999999943,344.2092405969111,879.4245610313687
212,FIDS103,o,15,IDS,105.9968020384701,153.19796152991216,488.44812898608905,881.49192938275
213,FIDS103,u,15,IDS,106.84,189.99999999999773,333.6837153714213,1563.9243992232289
214,FIDS103,o,15,IDS,110.7829136305397,207.08636946029912,470.0104918358971,799.8469243206265
215,FIDS103,æ,15,IDS,112.7,119.99999999999034,719.6150509378688,1582.7759707891394
216,FIDS103,o,15,IDS,113.2316988226526,118.4357090195931,589.53509010075,972.8006469241295
217,FIDS103,a,15,IDS,116.9,129.99999999999545,674.5775961382788,1165.6637576708135
218,FIDS103,e,15,IDS,118.42,99.99999999999432,621.895724926864,1319.2986685566075
219,FIDS103,u,15,IDS,118.8047342133235,135.26578667649858,456.83677482740705,1486.2319165703025
220,FIDS103,o,15,IDS,120.4279504277893,142.04957221069492,596.1287179518152,1080.3227240152778
221,FIDS103,a,15,IDS,121.38,120.00000000000455,630.6415334734106,1203.4568542925654
222,FIDS103,e,15,IDS,122.76,99.99999999999432,587.703501271878,1582.1745666177512
223,FIDS103,o,15,IDS,123.86,150.00000000000568,413.0902774285706,971.9088138903269
224,FIDS104,æ,12,IDS,3.49,65.95269446591168,503.0024771136847,1519.7411793466474
225,FIDS104,o,12,IDS,3.906442858179374,70.86413146119197,344.8590415053729,980.4940645083401
226,FIDS104,e,12,IDS,5.293936301286816,225.99912195731432,327.8901313336587,2082.8545930229875
227,FIDS104,o,12,IDS,5.837285298190423,92.88946961804889,230.47295396216467,1087.8016788710818
228,FIDS104,i,12,IDS,6.92,120.00000000000011,272.86894806862296,2351.3684738710012
229,FIDS104,u,12,IDS,8.28,180.00000000000148,293.792915789928,726.2719221404566
230,FIDS104,u,12,IDS,9.27,160.00000000000014,254.79634006036534,1038.308828942615
231,FIDS104,u,12,IDS,9.67,179.99999999999972,306.5427649975375,507.8605967082767
232,FIDS104,i,12,IDS,10.29,110.00000000000121,398.1644843415172,2460.6583159341535
233,FIDS104,æ,12,IDS,13.43,130.0000000000008,482.30497431816605,1421.207362782786
234,FIDS104,æ,12,IDS,15.12,130.0000000000008,762.2267614247518,1665.6764599817616
235,FIDS104,æ,12,IDS,16.53605880892311,103.94119107689193,657.7439510791843,1637.925437701886
236,FIDS104,u,12,IDS,17.12670579156408,223.29420843592018,360.0664394456765,675.6978412659892
237,FIDS104,e,12,IDS,21.16389717554286,116.10282445714049,357.6340001384465,2127.803643086196
238,FIDS104,æ,12,IDS,21.4,150.00000000000213,729.4865753313103,1444.9039306503528
239,FIDS104,u,12,IDS,21.98,99.99999999999787,307.0670307112627,762.761825786868
240,FIDS104,æ,12,IDS,29.0,129.999999999999,284.29295670737463,1639.9407137303513
241,FIDS104,u,12,IDS,31.08,190.00000000000128,325.0395532288859,662.8623100363216
242,FIDS104,u,12,IDS,32.06,195.36974736129054,305.20682337212185,950.0732475770895
243,FIDS104,e,12,IDS,34.77,129.99999999999545,533.0257993811912,1616.887143049064
244,FIDS104,a,12,IDS,36.06,99.99999999999432,632.5011946878324,1532.9529646094948
245,FIDS104,e,12,IDS,37.56,109.99999999999943,361.1158837808351,2061.768614765186
246,FIDS104,a,12,IDS,38.54,100.00000000000142,659.4600105933339,1269.8232419255153
247,FIDS104,o,12,IDS,39.67,100.00000000000142,302.52635656252613,1021.4940700136868
248,FIDS104,o,12,IDS,41.34598596006496,81.06919369582499,367.3881714170124,1384.3399268121593
249,FIDS104,æ,12,IDS,47.39,133.78309085442908,843.00377418067,1840.345768398731
250,FIDS104,i,12,IDS,47.92969140977398,100.30859022602101,348.9618884865812,2566.6370825131435
251,FIDS104,i,12,IDS,49.95,89.9999999999963,348.6272952850184,2244.775424430705
252,FIDS104,e,12,IDS,53.78,115.80372140154793,360.307945260791,2088.1526242506325
253,FIDS104,a,12,IDS,54.12,109.99999999999943,782.9263213973844,1353.8500966863073
254,FIDS104,e,12,IDS,55.14,122.1679734710861,301.5204272806184,2129.723402040796
255,FIDS104,a,12,IDS,55.6,140.00000000000057,937.4415948144166,1274.2855974865556
256,FIDS104,a,12,IDS,56.95,113.86999078681725,736.5123130442385,1725.4408731081692
257,FIDS104,æ,12,IDS,59.12197963618522,130.70339391774866,344.35797638112916,1501.4601942583124
258,FIDS104,i,12,IDS,59.61997611174525,130.02388825474753,377.3219637551608,2527.9390142711363
259,FIDS104,e,12,IDS,62.13684945451493,103.15054548507163,384.23439740995343,2200.5189427220025
260,FIDS104,e,12,IDS,63.44,100.00000000000142,415.1086106728281,2091.43722103596
261,FIDS104,i,12,IDS,64.81,69.99999999999318,312.32537251508654,2129.7104103118545
262,FIDS104,i,12,IDS,65.16,40.00000000000625,368.09418350220443,2173.1063769325383
263,FIDS104,a,12,IDS,65.51,132.6395620432237,602.13842272817,1552.1845442059043
264,FIDS104,i,12,IDS,74.86603619527337,127.39444723628424,255.06862810416794,2602.919656746915
265,FIDS104,i,12,IDS,77.12,140.00000000000057,295.42638329699747,2256.767699665375
266,FIDS104,e,12,IDS,78.62,149.99999999999147,610.5920391812739,1738.4334758922118
267,FIDS104,a,12,IDS,79.05,123.4527952415192,663.5355250445851,1121.238320172226
268,FIDS104,a,12,IDS,79.78,109.99999999999943,316.6235251458682,1090.2911661486846
269,FIDS104,u,12,IDS,81.81,76.18782211923758,440.9864855375264,1557.211357832381
270,FIDS104,i,12,IDS,82.05,62.85066979938847,428.2214400156042,1180.6298819176802
271,FIDS104,u,12,IDS,85.58915930228008,80.8406977199212,249.21069441034723,754.0776781162588
272,FIDS104,o,12,IDS,97.29,155.19038340991642,453.0933641606976,1606.3456367300794
273,FIDS104,u,12,IDS,97.95638690596512,132.35786725850573,381.5110973938083,1503.572638129836
274,FIDS104,o,12,IDS,102.39,159.9999999999966,425.84899922283876,1549.9549314046692
275,FIDS104,e,12,IDS,104.195627115986,164.37288401399996,547.6970316144495,1645.1445068025914
276,FIDS104,o,12,IDS,104.89,79.9999999999983,331.65197393885626,927.7979250287968
277,FIDS104,a,12,IDS,107.3473956683285,124.08550055489798,661.3766152352089,1152.982063990652
278,FIDS104,e,12,IDS,108.73,179.9999999999926,471.4466375850461,2179.072239051423
279,FIDS104,u,12,IDS,109.1991186994033,120.88130059669311,578.9153184009797,1644.3802637426581
280,FIDS104,a,12,IDS,110.9030312527127,126.96874728730734,568.0054812933162,1626.9133272066194
281,FIDS104,e,12,IDS,111.86,90.00000000000341,357.6806631489519,1847.1093362677152
282,FIDS104,o,12,IDS,113.4286872839055,130.7033939177984,480.2683245948795,1024.7064086642702
283,FIDS104,æ,15,IDS,2.64,84.51167776688307,807.7940758453242,1640.7054724217774
284,FIDS104,o,15,IDS,3.119652977834893,100.34702216510726,471.5599150913079,1229.8075367728684
285,FIDS104,e,15,IDS,4.223232341028546,80.3453976804951,384.6794852869365,2050.7592484421903
286,FIDS104,o,15,IDS,4.979356788027746,123.81094068797616,431.7964067645036,981.964432320411
287,FIDS104,i,15,IDS,6.461884943558821,128.11505644117904,314.13324171322097,2479.884470547866
288,FIDS104,u,15,IDS,7.79,150.00000000000034,258.5728500291846,573.1873085535647
289,FIDS104,u,15,IDS,8.402164436676747,137.83556332325196,326.21309920781187,1928.7347309520828
290,FIDS104,u,15,IDS,8.74,109.99999999999943,296.9419685752778,1045.7240809693942
291,FIDS104,i,15,IDS,9.18,89.99999999999986,353.4590613497795,2640.77353917572
292,FIDS104,æ,15,IDS,12.09,99.99999999999964,566.3604636687294,1660.6104694471442
293,FIDS104,e,15,IDS,13.46696725905802,207.69293923802934,293.54625043894913,1588.1143054217778
294,FIDS104,æ,15,IDS,14.01631682104562,123.68317895437997,948.561792409725,1681.4432254244728
295,FIDS104,æ,15,IDS,15.42,107.16204300710075,707.7555427891319,1744.8331184254987
296,FIDS104,u,15,IDS,15.96,195.72353863505754,290.20163966052513,540.9458221177096
297,FIDS104,e,15,IDS,19.54286414171393,120.57766535717818,454.15567189713835,1892.4579034529884
298,FIDS104,æ,15,IDS,19.75,111.13369985586985,661.027635652785,1576.3175723105144
299,FIDS104,u,15,IDS,20.35161534937098,158.38465062902074,300.72858979526234,1715.305712569737
300,FIDS104,æ,15,IDS,28.09270528169208,97.29471830792136,907.702143676848,1742.7874626284245
301,FIDS104,u,15,IDS,29.82,100.00000000000142,255.04699385096424,624.6509877265191
302,FIDS104,u,15,IDS,30.77,141.08195198998885,261.1551849250993,716.6924901169123
303,FIDS104,e,15,IDS,33.29,109.99999999999943,345.8102058951455,1640.7206061925644
304,FIDS104,a,15,IDS,34.27,90.75474133680927,635.911027168466,1222.529500311452
305,FIDS104,a,15,IDS,37.25,74.5022783274365,316.8694715852155,1028.9218137579733
306,FIDS104,o,15,IDS,38.85,115.81928094150129,314.7777248870585,936.5533277562978
307,FIDS104,o,15,IDS,40.33129756183807,90.70980329622813,444.3842430401775,898.1614559628941
308,FIDS104,æ,15,IDS,45.4849839509486,205.0160490513946,1006.8685164321007,1563.2979636271918
309,FIDS104,i,15,IDS,46.06240425320613,117.5957467938673,361.04270495257924,2599.742171392688
310,FIDS104,i,15,IDS,47.93,100.00000000000142,289.7318395829253,2540.235330969661
311,FIDS104,e,15,IDS,51.95,90.94579965647398,263.13011385905133,1802.951056345923
312,FIDS104,a,15,IDS,52.30422939826597,132.74605360422953,382.7492404132023,1162.3775868771295
313,FIDS104,e,15,IDS,53.35055815351408,99.44184648592369,414.40872489107636,2343.9370472244864
314,FIDS104,a,15,IDS,53.78,119.99999999999744,521.8120543385895,1662.181354166045
315,FIDS104,a,15,IDS,54.96337264296378,96.62735703621905,944.8123863960773,1618.4849920702259
316,FIDS104,æ,15,IDS,56.97,106.36560416572394,445.22193462367056,1618.5390968082215
317,FIDS104,i,15,IDS,57.39889561987928,121.10438012071967,296.87725938876633,2532.2795101831366
318,FIDS104,e,15,IDS,59.07906175016674,169.25121834540136,305.62353658778426,2160.9296825869665
319,FIDS104,i,15,IDS,62.20152052356327,74.11654659568967,216.67518600979895,1947.6893354015886
320,FIDS104,i,15,IDS,62.65,66.27318521977799,276.9276517711823,2282.3797490705742
321,FIDS104,a,15,IDS,63.08363983901503,105.09062577002481,514.6816086938738,1455.951366898529
322,FIDS104,i,15,IDS,71.43998770505526,127.21496803739285,311.9517822532005,2176.983991888984
323,FIDS104,i,15,IDS,73.28,150.00000000000568,336.09536538182556,2494.5803134109638
324,FIDS104,æ,15,IDS,74.68,285.3725651289949,844.1455941463356,1724.355593517962
325,FIDS104,a,15,IDS,75.47,94.81856312480375,444.3618968488077,1017.2029788695774
326,FIDS104,a,15,IDS,77.27625078654619,83.74921345381381,288.0739288632416,1157.560275415135
327,FIDS104,u,15,IDS,78.8,44.981002343050136,313.38275341009245,1651.3791708587469
328,FIDS104,u,15,IDS,81.64132805127498,98.67194872501273,334.01524133591795,1944.9923997775027
329,FIDS104,o,15,IDS,92.82,140.00000000000057,307.45382268174706,806.9921304357725
330,FIDS104,u,15,IDS,93.33,145.26610606708346,243.716479656889,428.75664451572794
331,FIDS104,o,15,IDS,96.73,119.99999999999034,542.5874640288897,2266.5048241317522
333,FIDS104,o,15,IDS,99.14074491036436,90.56798598355442,487.6824703215346,1647.1327154805174
334,FIDS104,a,15,IDS,101.19,180.00000000000682,643.0269963009385,1214.4392802593047
335,FIDS104,e,15,IDS,102.44,120.00000000000455,471.63063464996173,1977.2392484752436
336,FIDS104,u,15,IDS,102.8204479436469,119.55205635310051,284.50206046502376,501.66173910936357
337,FIDS104,o,15,IDS,104.3,60.000000000002274,338.28700084634374,856.1785855593487
338,FIDS104,a,15,IDS,105.1553393924359,168.78579206029087,611.0390737157073,1165.621690174136
339,FIDS104,e,15,IDS,106.12,109.99999999999943,456.0166762874237,1815.1426496549852
340,FIDS104,o,15,IDS,107.7973323881813,142.6676118186947,462.78041023895724,910.7310871544573
341,FIDS104,e,9,IDS,1.22,60.00000000000006,702.955235795722,1563.552318908923
342,FIDS104,o,9,IDS,1.62,124.27223037218593,449.3912961772188,1046.5340557010513
343,FIDS104,e,9,IDS,3.04,189.99999999999994,459.8230764930688,1798.119882492727
344,FIDS104,o,9,IDS,4.213331678754945,136.93751885608307,426.1121412771612,1058.1281462519453
345,FIDS104,i,9,IDS,5.31,130.0000000000008,310.33723624442985,2495.600958140275
346,FIDS104,u,9,IDS,7.19,169.99999999999994,365.76282661429235,735.1113417110213
347,FIDS104,u,9,IDS,8.17,150.00000000000034,354.47853866207356,816.1819494775582
348,FIDS104,u,9,IDS,8.58,220.00000000000063,302.28206707137986,738.3941598078626
349,FIDS104,i,9,IDS,9.21,109.99999999999943,348.52568882189297,2312.2255132767614
350,FIDS104,æ,9,IDS,13.10638975295533,105.04795967042035,561.4883530202895,1526.9655616748055
351,FIDS104,æ,9,IDS,14.91,129.999999999999,449.22173167259996,1503.152108143801
353,FIDS104,u,9,IDS,17.39,226.95452353589118,363.4100013194137,1305.7129370687733
354,FIDS104,e,9,IDS,19.92,119.99999999999744,480.2771953832869,1970.0920691857095
355,FIDS104,æ,9,IDS,20.19,126.20413699420752,621.8858665130477,1629.8581853776564
356,FIDS104,u,9,IDS,21.04,170.0000000000017,366.08686964969934,1335.9115406726498
357,FIDS104,æ,9,IDS,28.64,120.000000000001,563.0892585194621,1592.3920345944543
358,FIDS104,u,9,IDS,30.31,140.00000000000057,315.4898333842367,691.2820947481248
359,FIDS104,u,9,IDS,31.87986074809409,131.30994958802233,550.1662697443737,1826.0873078153907
360,FIDS104,e,9,IDS,34.91,90.00000000000341,664.6673419801484,1821.4860393407994
361,FIDS104,a,9,IDS,36.28,100.00000000000142,697.7951828158781,1199.4640736735087
362,FIDS104,e,9,IDS,38.02,99.99999999999432,341.33002764836283,1833.781302682496
363,FIDS104,a,9,IDS,39.27,129.99999999999545,414.15755870857936,1120.4849078416876
364,FIDS104,o,9,IDS,40.02,109.99999999999943,416.10329216687325,1012.3841698970101
365,FIDS104,o,9,IDS,41.86,89.02690992537998,393.03717764229674,1268.356430088391
366,FIDS104,æ,9,IDS,47.63,140.00000000000057,782.6172024362465,1597.4747035042437
367,FIDS104,i,9,IDS,48.14028718270798,93.79282113430776,337.4350854676866,2368.399895441994
368,FIDS104,i,9,IDS,50.1,100.00000000000142,321.11203526762984,2037.866275135793
369,FIDS104,e,9,IDS,53.6170411860283,45.0205541444646,429.8515792718473,2039.479969567221
370,FIDS104,a,9,IDS,53.8,175.3297627613506,568.3733615008184,1454.6969098963684
371,FIDS104,e,9,IDS,55.21929586581152,200.71663722741562,353.4610296582485,2462.006819892293
372,FIDS104,a,9,IDS,55.78,109.99999999999943,523.2395421634412,1274.1379212335098
373,FIDS104,a,9,IDS,57.03027485716545,106.92381609310786,607.8670908624358,1688.460906078597
374,FIDS104,æ,9,IDS,61.39,130.00000000000256,514.8287991036888,1646.822597747252
375,FIDS104,i,9,IDS,61.88,109.99999999999943,373.30258524792066,2407.077894857388
376,FIDS104,e,9,IDS,63.53,100.80799586204847,443.71015914478875,1560.7035186626747
377,FIDS104,e,9,IDS,64.96,93.50267085098096,444.71234371797,1993.752901071066
378,FIDS104,i,9,IDS,66.5,44.20548101235511,326.936272642003,2131.0775743376416
379,FIDS104,i,9,IDS,66.84,69.99999999999318,329.0178799892258,2326.0892842713884
380,FIDS104,a,9,IDS,67.18,127.67904504558203,453.053849074899,1273.5512824645898
381,FIDS104,i,9,IDS,73.53,129.99999999999545,321.8906715751445,2406.195758554573
382,FIDS104,i,9,IDS,75.79,99.99999999999432,349.2118629293351,2439.070779531632
383,FIDS104,æ,9,IDS,77.49,250.0,919.1704380399513,1718.9774096281546
384,FIDS104,a,9,IDS,78.21,105.9320352771067,583.8380190877585,1283.4157885628638
386,FIDS104,u,9,IDS,81.55,55.17313650152289,349.12311031104093,1062.8678416311136
387,FIDS104,i,9,IDS,81.79,70.28960998682976,354.1259145368752,2139.231098773171
388,FIDS104,u,9,IDS,84.88,123.24983650401578,363.08334031624855,1486.5913814648702
389,FIDS104,o,9,IDS,97.57,160.0000000000108,394.6660730990412,1057.574991336952
390,FIDS104,u,9,IDS,98.14,186.5470208771427,343.92709937253136,2161.6924786768664
391,FIDS104,o,9,IDS,102.1889418098914,93.79282113430065,331.42879941467635,815.2086919869836
392,FIDS104,e,9,IDS,106.1522876983968,151.94437023760088,499.0130861209642,1632.143010861195
393,FIDS104,o,9,IDS,106.79,77.63438228019481,422.9214943991061,1741.6720228074155
394,FIDS104,a,9,IDS,108.79,89.9999999999892,625.4595883474373,1232.9482954881564
395,FIDS104,e,9,IDS,109.8733119426073,131.30994958800102,442.0919557830619,1635.7916611949906
396,FIDS104,u,9,IDS,110.2709935042168,103.17210324770087,368.367618925591,1586.128241095488
397,FIDS104,o,9,IDS,111.6392883429478,80.71165705220551,280.86209249400304,804.6175046214903
398,FIDS104,a,9,IDS,112.32,118.87150140221081,476.3815851326916,789.3801242512671
399,FIDS104,e,9,IDS,113.29,89.9999999999892,483.2382293319205,2004.562436646514
400,FIDS104,o,9,IDS,114.9969186529409,110.67552893850063,357.85368067401953,612.3618347226547
401,FIDS105,æ,12,IDS,4.912462595808557,102.58628251976099,805.3120003868407,1314.56393767047
402,FIDS105,o,12,IDS,5.419798392997192,120.2016070028078,505.523973074942,839.4272384769556
403,FIDS105,e,12,IDS,6.9,179.99999999999972,535.5444124643815,1879.6307152897527
404,FIDS105,o,12,IDS,7.885914767126529,124.08523287347073,520.9447794991268,974.0144705247831
405,FIDS105,i,12,IDS,9.24,160.00000000000014,265.29857068021784,2168.889870161329
406,FIDS105,u,12,IDS,10.98,237.44602658793923,461.0608984831605,1844.3522949452656
407,FIDS105,u,12,IDS,12.32918528355093,110.81471644907026,344.7717196569594,1207.09508783107
408,FIDS105,u,12,IDS,12.65,150.00000000000034,362.2074234228549,1487.6491310021058
409,FIDS105,i,12,IDS,13.16,99.99999999999964,379.25298197112824,2108.3146203440424
410,FIDS105,æ,12,IDS,16.59,129.999999999999,670.9921890179886,1405.6325629123112
411,FIDS105,æ,12,IDS,18.75,160.00000000000014,702.6813131752278,1262.730223248537
412,FIDS105,æ,12,IDS,21.02293592170811,107.06407829188791,605.0756373387045,1281.868582949294
413,FIDS105,u,12,IDS,21.62,162.07441235433961,274.289612743729,799.9836229512002
414,FIDS105,e,12,IDS,24.95,120.000000000001,513.5394139404696,2064.6905779459757
415,FIDS105,æ,12,IDS,25.19,189.99999999999773,752.6826440091663,1674.0739710138598
416,FIDS105,u,12,IDS,26.79,130.00000000000256,361.9577134773955,1092.7430291346952
417,FIDS105,æ,12,IDS,34.71,149.99999999999858,438.15790658711563,1631.48253713267
418,FIDS105,u,12,IDS,36.55,250.0,276.5207862152826,757.8889111128562
419,FIDS105,u,12,IDS,38.36,167.01431943692313,320.53525872961893,703.3036881750016
420,FIDS105,e,12,IDS,41.94,230.00000000000398,502.5529363660437,2026.580157836038
421,FIDS105,a,12,IDS,43.34400012881515,105.99987118484933,743.5967853369143,1168.6897652151501
422,FIDS105,e,12,IDS,45.31081684701287,119.18315298712656,661.7372863220813,1367.6320571211556
423,FIDS105,a,12,IDS,46.89,109.99999999999943,536.2084212193236,995.1353075645034
424,FIDS105,o,12,IDS,47.72,130.00000000000256,384.5607307557362,857.5274807480805
425,FIDS105,o,12,IDS,49.87,120.00000000000455,418.48559034779413,912.3628324227064
426,FIDS105,æ,12,IDS,55.19,120.00000000000455,694.997129874616,1327.4067420480167
427,FIDS105,i,12,IDS,55.69765707539619,182.34292460381596,325.274829650394,2500.592941923387
428,FIDS105,i,12,IDS,59.09,179.99999999999972,303.14581594934134,2447.2865538818232
429,FIDS105,e,12,IDS,64.4,173.52355134318032,517.3582422660893,1359.3260464006703
430,FIDS105,a,12,IDS,64.77502435290101,194.9756470989854,644.2268160575335,1163.587537307655
431,FIDS105,a,12,IDS,66.54,129.99999999999545,790.5210496093756,1211.8926909856568
432,FIDS105,æ,12,IDS,69.14,120.00000000000455,544.6001065552616,1596.365165047977
433,FIDS105,i,12,IDS,69.65709445226636,113.77751334009645,361.196823508245,2357.3561183699912
434,FIDS105,e,12,IDS,72.45,119.99999999999034,521.2776703868094,2121.7860618174373
435,FIDS105,i,12,IDS,75.5,48.834199993351035,321.5298108708222,2231.4653084103506
436,FIDS105,i,12,IDS,75.82,62.70591946676518,339.35301246385444,2005.4402766191952
437,FIDS105,a,12,IDS,76.1,120.00000000000455,641.5548061142653,1149.7474352819713
438,FIDS105,i,12,IDS,83.59,137.19455102075528,262.8247495365056,2332.658817408117
439,FIDS105,i,12,IDS,85.99,109.99999999999943,269.6876752596856,2236.6615996624905
440,FIDS105,æ,12,IDS,87.48,73.22141019642459,959.6925866494935,2018.0125116491095
441,FIDS105,a,12,IDS,87.72,79.9999999999983,643.8939937556577,1149.271923075295
442,FIDS105,a,12,IDS,88.97520033867289,114.79966132711183,675.1627251210658,1400.2778684311422
443,FIDS105,o,12,IDS,90.91509067634092,64.90932365908009,472.21406457401173,1247.7603627151623
444,FIDS105,i,12,IDS,91.15383693384146,56.163066158532615,344.9914337757653,1594.4621965384576
445,FIDS105,u,12,IDS,94.89,120.00000000000455,333.2954268780119,878.7082266882929
446,FIDS105,o,12,IDS,105.75,219.99999999999886,376.65771454634285,810.0441269344408
447,FIDS105,u,12,IDS,106.93,179.9999999999926,274.2685453961639,579.7724165769437
448,FIDS105,o,12,IDS,110.95,209.99999999999375,366.17080226055384,795.9541895970431
449,FIDS105,æ,12,IDS,115.08,210.00000000000796,743.6564157017071,1641.1069603766273
450,FIDS105,o,12,IDS,115.84,129.99999999999545,397.00590733910377,1014.8145633256638
451,FIDS105,a,12,IDS,118.22,230.00000000000398,657.1916537317363,1048.8994495218926
452,FIDS105,e,12,IDS,120.16,109.99999999999943,549.088846251282,1873.616201136743
453,FIDS105,u,12,IDS,120.53,137.32283647379973,274.2689639357644,668.3333896407298
454,FIDS105,o,12,IDS,123.01,99.99999999999432,356.2994264021627,988.9936987705934
455,FIDS105,a,12,IDS,123.79,129.99999999999545,616.2200962809386,1036.1294565854314
456,FIDS105,e,12,IDS,125.77,109.99999999999943,554.1124859789769,1913.1677847886842
457,FIDS105,o,12,IDS,127.0161367875971,160.40764175819788,427.69576657149764,905.4488718184809
458,FIDS105,æ,18,IDS,5.57,173.83656070104703,779.0870685049426,1323.3228236718244
459,FIDS105,o,18,IDS,6.16731664250293,109.5500896458974,548.1006429411831,997.5539870281777
460,FIDS105,e,18,IDS,7.110738734614089,224.0797288211569,448.8206660091991,1198.4326061160318
461,FIDS105,o,18,IDS,8.11137045805649,86.31219184222338,460.4459060301715,966.9805442332678
462,FIDS105,i,18,IDS,9.407474923542832,189.22288211564364,307.28086304380577,2301.094582661437
463,FIDS105,u,18,IDS,11.68435006361457,205.64993638543072,263.1792965226024,620.233367568874
464,FIDS105,u,18,IDS,12.87090443945501,99.09556054499014,266.5567030903833,658.7034584615224
465,FIDS105,u,18,IDS,13.21449335698078,335.50664301922063,266.35492669506317,873.0580474342785
466,FIDS105,i,18,IDS,13.98,109.99999999999943,289.3905741976267,2086.707214552061
467,FIDS105,æ,18,IDS,17.14896195976894,172.62438368445032,865.6012824599678,1480.7833397311679
468,FIDS105,æ,18,IDS,18.93256541333699,120.33911362618,710.3969508304823,1430.565139179345
469,FIDS105,æ,18,IDS,20.745915893783,94.08410621700014,863.201953464863,1634.6696435424549
470,FIDS105,u,18,IDS,21.43832267605553,181.67732394447,370.47635407734646,691.1378578861544
471,FIDS105,e,18,IDS,24.80015264299865,94.61144105782893,372.994776862542,2063.5523307162393
472,FIDS105,æ,18,IDS,25.04581041978037,164.18958021963093,772.2276168154341,1352.103239812675
473,FIDS105,u,18,IDS,26.2085133836979,131.1281376064528,291.18397750342757,671.9901137142313
474,FIDS105,æ,18,IDS,34.97,156.08893973043791,833.2823009156301,1479.7626632328784
475,FIDS105,u,18,IDS,37.20333540992308,152.70618556701265,343.3853659896925,701.9635504046291
476,FIDS105,e,18,IDS,42.13572209190409,194.20243164501017,394.4062685525947,1759.6417216291775
477,FIDS105,a,18,IDS,43.44656070127205,102.91069027341848,797.7226621073404,1134.758156048531
478,FIDS105,e,18,IDS,45.22108711879775,118.91288120225596,600.0070756725838,1625.165577853572
479,FIDS105,a,18,IDS,46.67526251660134,159.34558493948714,650.2822897063123,1172.2204083366335
480,FIDS105,o,18,IDS,47.66441926270233,90.04685398925005,465.5521153237436,947.8845938787149
481,FIDS105,o,18,IDS,49.67734959803393,110.38001456746116,435.2732233978072,919.250034737145
482,FIDS105,æ,18,IDS,56.16790333863187,106.23038995967704,645.2368165339386,1473.117372374222
483,FIDS105,i,18,IDS,56.85226776321726,119.50918870461891,310.92576028378363,2311.5750941501137
484,FIDS105,i,18,IDS,59.98902664376397,110.97335623603044,310.693045093728,2238.105401079072
485,FIDS105,e,18,IDS,64.79234809434644,142.74708650830803,512.4922361984821,1851.3535250550074
486,FIDS105,a,18,IDS,65.15234487269697,175.94408337069467,720.8519753792785,1038.9689354310565
487,FIDS105,e,18,IDS,66.70474145984578,64.73414388167953,613.8567660230397,1862.084530968446
488,FIDS105,a,18,IDS,67.21455292331508,93.78151613627494,815.3829486807014,1063.1178902746012
489,FIDS105,a,18,IDS,69.12747064155752,97.93114074408038,907.6855026289197,1494.8915117783365
490,FIDS105,æ,18,IDS,75.113681725097,79.67279246976489,834.9710236295919,1605.3703337188108
491,FIDS105,i,18,IDS,75.59554446882179,94.45553117821248,361.3773894740123,2290.020167777317
492,FIDS105,e,18,IDS,77.88945898305303,116.18948901838166,508.6678985760333,1547.8181468671662
493,FIDS105,e,18,IDS,79.08250853775411,60.16955681309355,515.666592299986,1747.0629019962362
494,FIDS105,i,18,IDS,80.37,58.629916900173384,319.989792603827,2181.6020937911153
495,FIDS105,i,18,IDS,80.79134611759494,54.775044822960695,355.7285428075047,1960.1019458687833
496,FIDS105,a,18,IDS,81.12524914594546,94.75085405453854,623.2037772642498,1145.5656816149437
497,FIDS105,i,18,IDS,90.48644367754528,113.5563224547127,302.04051429233493,2398.9800567609745
498,FIDS105,i,18,IDS,94.01385697315244,131.12813760648123,364.8114590386615,2337.671222790411
499,FIDS105,æ,18,IDS,95.5925587884819,87.44121151811157,497.8974358203983,1588.6988712368052
500,FIDS105,a,18,IDS,95.8977805220095,84.65234199910299,634.3593018412281,1073.7522337953476
501,FIDS105,a,18,IDS,96.8135177194546,86.31219184223937,560.4295799767356,1019.5630286615686
502,FIDS105,o,18,IDS,98.61,40.00000000000625,352.96133586644055,1055.1465677704205
503,FIDS105,u,18,IDS,102.4799950346655,87.97204168538997,232.65895805154463,672.5763871344527
504,FIDS105,o,18,IDS,118.2007611779547,298.772971761494,390.90732439539096,962.7801824824487
505,FIDS105,u,18,IDS,119.01,187.75986128059685,286.21808507497235,598.0783461682468
506,FIDS105,o,18,IDS,123.5774409179815,159.34558493950135,381.47715418513405,728.791257053711
507,FIDS105,æ,18,IDS,125.9706723724862,253.95702599729475,616.0430835596615,1467.3530114199377
508,FIDS105,o,18,IDS,126.8624875579914,127.51244200859446,438.1912190245171,1146.1638084749493
509,FIDS105,a,18,IDS,129.6486041083428,121.39589165721532,518.4888769947602,959.5099638815332
510,FIDS105,e,18,IDS,131.0934303891563,126.56961084368845,566.6356469621082,1876.8354365754653
511,FIDS105,u,18,IDS,131.48,90.00000000000341,351.7849355347423,600.9265354313667
512,FIDS105,o,18,IDS,133.2523600899297,89.63189152839846,419.36656909741123,898.8272878543961
513,FIDS105,a,18,IDS,134.0752597488038,112.86978933219416,546.5770118198883,1006.50409465222
514,FIDS105,e,18,IDS,135.36,179.9999999999784,483.5014593597464,1911.127285130485
515,FIDS105,o,18,IDS,136.9993986397539,189.2228821157005,466.3736802298164,1375.94049536045
516,FIDS105,æ,9,IDS,2.65,127.29821513292228,1060.137861024043,1580.1876078745104
517,FIDS105,o,9,IDS,3.2,149.99999999999991,394.47105501448345,930.0908273270227
518,FIDS105,e,9,IDS,4.5,150.00000000000034,510.59931045194827,1812.924827201506
519,FIDS105,o,9,IDS,5.56,150.00000000000034,417.95050040975843,771.5534435959829
520,FIDS105,i,9,IDS,6.95,120.00000000000011,289.0773085891933,2135.592304125934
521,FIDS105,u,9,IDS,8.7,210.00000000000085,440.8251352786043,1607.0230516846575
522,FIDS105,u,9,IDS,9.88,169.99999999999994,241.85199532484333,685.5810558348887
523,FIDS105,u,9,IDS,10.3456039139524,224.67451517487902,278.21623075961105,781.2296137192121
524,FIDS105,i,9,IDS,11.15,119.99999999999922,255.97268946617493,2086.462237002467
525,FIDS105,æ,9,IDS,14.53,160.4591871082306,727.9911156391652,1678.887942126575
526,FIDS105,æ,9,IDS,16.12,119.99999999999744,739.9549840699149,1421.4929191911572
527,FIDS105,æ,9,IDS,18.07874388514973,101.25611485026909,584.2752919848188,1424.8846153147613
528,FIDS105,u,9,IDS,18.69,209.9999999999973,345.2237118894817,948.3158718942349
529,FIDS105,e,9,IDS,23.69,139.99999999999702,447.10897790692417,2275.8580591149503
530,FIDS105,æ,9,IDS,24.02,140.00000000000057,734.8440701235862,1535.7976095277595
531,FIDS105,u,9,IDS,25.5,149.99999999999858,254.32612512706385,1731.553415014494
532,FIDS105,æ,9,IDS,33.76,170.0000000000017,675.920483413743,1173.8037826039854
533,FIDS105,u,9,IDS,35.71,179.99999999999972,286.4200626708287,628.3951885027151
534,FIDS105,u,9,IDS,37.4,219.99999999999886,260.67624056736867,563.7392526857825
535,FIDS105,e,9,IDS,41.38,149.99999999999858,487.13961449008787,1368.3587030638575
536,FIDS105,a,9,IDS,42.5,143.6697565884515,681.295513025406,1103.231141215389
537,FIDS105,e,9,IDS,43.88,189.99999999999773,700.9791525662037,1869.5349656970282
538,FIDS105,a,9,IDS,45.18,149.99999999999858,690.8556315546874,1110.3958712518738
539,FIDS105,o,9,IDS,46.13,149.99999999999858,420.0894105297272,952.8986817821184
540,FIDS105,o,9,IDS,48.76,120.00000000000455,455.1328420231916,874.1427028873377
541,FIDS105,æ,9,IDS,53.9,127.46237199628041,582.8577858651438,1442.1896487109054
542,FIDS105,i,9,IDS,54.45,169.9999999999946,330.81126311365426,1945.4984288608152
543,FIDS105,i,9,IDS,56.98,120.00000000000455,349.22262153009194,2360.004924415418
544,FIDS105,e,9,IDS,61.5,179.99999999999972,575.0375244099333,2083.50556653356
545,FIDS105,a,9,IDS,61.8,130.00000000000256,642.7547283645262,1079.324564668302
546,FIDS105,e,9,IDS,63.16,110.00000000000654,512.7791832662925,1885.008100588258
547,FIDS105,a,9,IDS,63.55,140.00000000000057,672.738422512908,1100.765952218761
548,FIDS105,a,9,IDS,65.93,139.99999999998636,574.5619428542666,1303.005614512554
549,FIDS105,æ,9,IDS,69.79,129.99999999999545,670.6514961615866,1464.9169413063755
550,FIDS105,i,9,IDS,70.31,129.99999999999545,412.1326329690789,2315.8477883069722
551,FIDS105,e,9,IDS,72.52,130.00000000000966,484.03510098367235,1957.9131942194645
552,FIDS105,e,9,IDS,74.0,120.00000000000455,523.6051676019246,1881.2889115943146
553,FIDS105,i,9,IDS,75.75,60.000000000002274,387.0922745783196,2118.8249094898547
554,FIDS105,i,9,IDS,76.12,69.99999999999318,335.89632939231655,1989.7630571214866
555,FIDS105,a,9,IDS,76.43,129.99999999999545,709.1726555437236,1196.8362713023887
556,FIDS105,i,9,IDS,91.69,170.0000000000017,252.81437968247138,2333.298904184092
557,FIDS105,i,9,IDS,93.98,149.99999999999147,307.12296242067447,2573.1755370130936
558,FIDS105,e,9,IDS,95.87495376403857,94.96551672339137,663.5886061667277,1801.1245028620256
559,FIDS105,a,9,IDS,96.11,107.75611708889699,587.6413654846554,1080.7332611047452
560,FIDS105,a,9,IDS,97.01933558466116,169.0849444099598,527.1123705744194,1040.7316097125627
561,FIDS105,o,9,IDS,100.1654980450332,56.992298162597876,519.1737773294436,1945.3209971580095
562,FIDS105,i,9,IDS,100.4292271110405,40.772888959494935,369.8591307427974,1501.0490677511032
563,FIDS105,u,9,IDS,103.49,130.00000000000966,469.878513727676,1441.322833860705
565,FIDS105,u,9,IDS,116.128524224809,165.22523916920306,497.4263499853042,1472.8901795838774
566,FIDS105,o,9,IDS,120.84,79.9999999999983,512.1983209494176,978.2728678093855
567,FIDS105,æ,9,IDS,123.86,150.00000000000568,929.9096128455258,1768.993907548641
568,FIDS105,o,9,IDS,124.48,140.00000000000057,414.63399125389424,1095.496603128202
569,FIDS105,e,9,IDS,126.37615016826,87.8347317336079,681.0713463857633,1882.553085634185
570,FIDS105,o,9,IDS,126.7979224151951,113.66847636109867,295.8698892294927,1175.223367240778
571,FIDS105,a,9,IDS,129.9258521437604,253.8689722017864,708.4656478107852,1326.3155975105417
572,FIDS105,e,9,IDS,133.05,119.99999999997613,489.33457913103007,1757.3230313671627
573,FIDS105,u,9,IDS,133.45,110.00000000001364,300.4394558276594,559.3792684279103
574,FIDS105,o,9,IDS,135.3204178887799,179.5821112200997,530.2206494742267,1193.6497182352446
575,FIDS105,a,9,IDS,136.22,140.00000000001478,658.1025539662434,1136.5930176323525
576,FIDS105,e,9,IDS,137.27,139.99999999998636,472.0861588901772,1480.5090515415802
577,FIDS105,o,9,IDS,138.99,180.4413045261981,426.58047739490155,809.1358174741109
578,FIDS106,æ,12,IDS,3.6,68.9066901907558,723.1959973395205,1390.559326557085
579,FIDS106,o,12,IDS,3.99987486647104,110.12513352896036,448.4869390764977,907.0949632023658
580,FIDS106,e,12,IDS,5.4,69.9999999999994,430.0346179829392,1614.434549587706
581,FIDS106,o,12,IDS,5.980772415378834,108.12506157363887,423.68383550532667,878.3782025605321
582,FIDS106,i,12,IDS,7.328336047340224,161.66395265977584,310.63674643104713,2286.823689991373
583,FIDS106,u,12,IDS,8.97,199.9999999999993,311.8896333948237,680.7963200277088
584,FIDS106,u,12,IDS,9.7,100.00000000000142,297.4653403976227,849.9207095518226
585,FIDS106,u,12,IDS,9.96,99.99999999999964,345.8681216258506,797.868966405057
586,FIDS106,i,12,IDS,10.46,99.99999999999964,325.783062434131,2211.9128081703857
588,FIDS106,æ,12,IDS,14.38,129.999999999999,498.18872160393164,1342.1405406879417
589,FIDS106,æ,12,IDS,15.67,80.00000000000007,585.8657387177172,1465.132285637943
590,FIDS106,u,12,IDS,16.02,122.90503551512089,328.93725370302843,622.9618525347079
591,FIDS106,e,12,IDS,19.57,50.00000000000071,532.3710389100057,1500.6684218031874
592,FIDS106,æ,12,IDS,19.69002825114502,99.97174885497984,678.3624403758064,1508.5942557682895
593,FIDS106,u,12,IDS,20.65278646104956,107.21353895044317,291.7455294594898,798.6393198325791
594,FIDS106,æ,12,IDS,26.53,99.99999999999787,652.8974673748285,1557.3933446662625
595,FIDS106,u,12,IDS,27.35,129.999999999999,257.13906799592473,676.258074375212
596,FIDS106,u,12,IDS,28.55,140.00000000000057,335.62785880491913,903.6162203318788
597,FIDS106,e,12,IDS,30.68,120.000000000001,490.7614674145926,1695.050925543881
598,FIDS106,a,12,IDS,31.6,99.99999999999787,644.4598511888781,1140.7433110016293
599,FIDS106,e,12,IDS,33.74085795342402,99.14204657598447,558.4670793404891,1640.0860587043885
600,FIDS106,a,12,IDS,34.57,109.99999999999943,718.8695425634183,1127.4050905792433
601,FIDS106,o,12,IDS,35.32,140.00000000000057,475.5694098752127,1067.2301438836919
602,FIDS106,o,12,IDS,37.09403573967355,97.57627507865152,460.37397559609815,1288.2764018435655
603,FIDS106,æ,12,IDS,51.23,104.85507639720026,607.6908849441094,1445.3856859150792
604,FIDS106,i,12,IDS,51.6552744661825,164.72553381750288,279.96788519864754,2145.12034920898
605,FIDS106,i,12,IDS,53.63925745179409,120.7425482059108,300.819751228594,988.4726354003635
606,FIDS106,e,12,IDS,57.5848641554531,65.929915593685,515.9412453059252,1791.2306985501032
607,FIDS106,a,12,IDS,57.8,109.99999999999943,656.5698259985566,1223.6880619085737
608,FIDS106,e,12,IDS,58.47989715950315,105.48786494990026,460.2413274927056,1818.660221622764
609,FIDS106,a,12,IDS,58.81,109.99999999999943,650.6820962321856,1140.296920405393
610,FIDS106,a,12,IDS,60.01,109.99999999999943,582.6990854701007,1095.7994216931695
611,FIDS106,æ,12,IDS,62.08,103.72368014055411,592.430104999075,1549.3924552959634
612,FIDS106,i,12,IDS,62.45931072732213,87.02748858366505,270.17003231224226,2118.4003918313533
613,FIDS106,e,12,IDS,63.93988440751023,110.11559248976965,447.83294386447164,1949.1267717715768
614,FIDS106,e,12,IDS,64.97,79.9999999999983,461.12657276241663,1966.9665630859906
615,FIDS106,i,12,IDS,66.05,40.00000000000625,289.71421540768074,1772.14582335422
616,FIDS106,i,12,IDS,66.27,60.000000000002274,321.2759513262976,1781.9647186348766
617,FIDS106,a,12,IDS,66.5,109.99999999999943,652.4244320608665,1198.8061463049598
618,FIDS106,i,12,IDS,71.57565495673917,100.21347170240347,314.579811098899,2275.7939449989813
619,FIDS106,i,12,IDS,72.72068804435874,85.70889027177486,346.80123148520306,1318.1165603683885
620,FIDS106,æ,12,IDS,73.83,86.80970359613127,629.9825577912928,1533.4648587498525
621,FIDS106,a,12,IDS,74.08,109.99999999999943,560.9740665634154,1024.9662227602362
622,FIDS106,a,12,IDS,74.85,85.31425701343665,473.3007356227991,1086.4708183859013
623,FIDS106,o,12,IDS,76.8,79.9999999999983,374.16371114972947,930.1466119423156
624,FIDS106,i,12,IDS,76.99,50.00000000001137,374.12619333893605,1589.254430559429
625,FIDS106,u,12,IDS,79.38696746272021,119.99244638049333,296.71063658290774,752.5142209522771
626,FIDS106,o,12,IDS,87.73,119.99999999999034,413.4088837577586,963.8517071530116
627,FIDS106,u,12,IDS,88.07218694789225,147.68301092983904,593.6907127984663,1424.8933003929558
628,FIDS106,o,12,IDS,91.01,219.99999999999886,418.71058465560606,703.8998323188673
629,FIDS106,æ,12,IDS,92.76,90.08059328247953,549.455363174412,1714.8288408487663
630,FIDS106,o,12,IDS,93.23,119.99999999999034,471.7206524061688,874.220355231253
631,FIDS106,a,12,IDS,96.52,170.0000000000017,642.2646417091721,1130.0826113478493
632,FIDS106,e,12,IDS,98.11,129.99999999999545,556.1343520568072,1615.2974332869442
633,FIDS106,u,12,IDS,98.60375672486929,139.11928954817654,356.20053331394223,795.7051095462875
634,FIDS106,o,12,IDS,99.80493302974864,162.8713633734833,860.8040868103176,1392.291178765309
635,FIDS106,a,12,IDS,100.5981704990366,251.09335186739656,1028.1195216437202,1400.0892852313941
636,FIDS106,e,12,IDS,101.7209771934575,122.15352253009826,507.14465666817443,1806.7012773262236
637,FIDS106,o,12,IDS,102.71856429412,139.11928954820496,380.50320686684626,944.4109344810338
638,FIDS106,æ,9,IDS,1.789204550036384,82.89752238520198,612.9276949391447,1364.419007825583
639,FIDS106,o,9,IDS,2.22,139.9999999999997,343.14376909734335,757.6378282564601
640,FIDS106,e,9,IDS,4.01,60.0000000000005,414.5396511948108,1699.0803166763308
641,FIDS106,o,9,IDS,4.630012894702178,99.98710529782251,445.43201312501907,890.8154165008029
642,FIDS106,i,9,IDS,5.851649121437653,108.35087856234705,305.0893255043837,1854.6472365573297
643,FIDS106,u,9,IDS,7.33,160.00000000000014,393.3823123117786,1126.9862039072616
644,FIDS106,u,9,IDS,8.52,109.35461125092516,387.0324876373391,1070.6496337811745
645,FIDS106,u,9,IDS,8.82,127.99196291904202,424.1121013667359,1005.0828409813572
646,FIDS106,i,9,IDS,9.3,119.99999999999922,309.86137801654667,2131.807138124122
647,FIDS106,æ,9,IDS,12.04,148.09910223653054,728.4569597183918,1420.0461208743773
648,FIDS106,æ,9,IDS,15.12,120.000000000001,656.8413724395838,1343.8785728364167
649,FIDS106,æ,9,IDS,16.26,93.59587800393854,609.8252410012836,1234.2697307242327
650,FIDS106,u,9,IDS,16.71,210.00000000000085,486.67041794448573,878.4831968018565
651,FIDS106,e,9,IDS,20.65,92.7556506346221,602.339600881115,1733.3521601225598
652,FIDS106,æ,9,IDS,20.76,189.99999999999773,823.15531061574,1521.4043139717696
653,FIDS106,u,9,IDS,22.20453341901958,165.46658098042144,288.30835113768177,656.5752150784463
654,FIDS106,æ,9,IDS,34.59,103.50450282537338,765.0567115075681,1489.139163274924
655,FIDS106,u,9,IDS,36.45,168.93093316658536,339.76116882588576,1145.2273173415297
656,FIDS106,u,9,IDS,37.52209123106582,147.6612117486411,470.9386368144314,2185.5674749802
657,FIDS106,e,9,IDS,41.99,159.9999999999966,540.7760230179089,1601.3938916279462
658,FIDS106,a,9,IDS,42.85,90.61701130084998,653.2699752698355,1152.7423613775036
659,FIDS106,e,9,IDS,43.76,109.99999999999943,543.1328112588199,1628.1113025782201
660,FIDS106,a,9,IDS,44.96,119.99999999999744,558.5209237196837,1126.5502344730764
661,FIDS106,o,9,IDS,45.88188701275831,138.11298724169063,444.0609096241838,948.6721860354709
662,FIDS106,o,9,IDS,48.33,120.00000000000455,434.23431667601113,804.7686146370867
663,FIDS106,æ,9,IDS,53.27,140.0798542397439,583.8226631362119,1484.9934635934344
664,FIDS106,i,9,IDS,53.68,109.99999999999943,301.27565018573546,2089.414811239381
665,FIDS106,i,9,IDS,55.45,109.99999999999943,281.44156759287506,2113.5203736907224
666,FIDS106,e,9,IDS,59.08,90.29442253601871,495.86351239209733,1824.876829723344
667,FIDS106,a,9,IDS,59.32,200.00000000000284,734.8951464504373,1322.0211572676462
668,FIDS106,e,9,IDS,64.51,129.99999999999545,485.421863044153,1756.0929399986364
669,FIDS106,a,9,IDS,64.89,129.99999999999545,613.5051741357287,1130.963168225108
670,FIDS106,a,9,IDS,67.29,109.99999999999943,589.9611521426226,1065.5816661969322
671,FIDS106,æ,9,IDS,69.35,131.16416481273063,605.4176901894499,1483.685261725048
672,FIDS106,i,9,IDS,69.76,99.99999999999432,300.665816280379,2055.261349479412
673,FIDS106,e,9,IDS,71.34,149.99999999999147,513.8505154482898,1960.8851902362799
674,FIDS106,e,9,IDS,72.36,90.00000000000341,521.3386692817447,1858.8613981360188
675,FIDS106,i,9,IDS,74.49,50.00000000001137,333.76641460668105,1877.900971123359
676,FIDS106,i,9,IDS,74.7807344407861,59.58259421436196,386.21401083085715,1916.08675582775
677,FIDS106,a,9,IDS,75.02,150.00000000000568,653.1788241054594,1150.536969255235
678,FIDS106,i,9,IDS,82.45744469018769,164.29043764220808,343.39333588934176,2091.953977566116
679,FIDS106,i,9,IDS,84.73,119.99999999999034,320.7769915175607,1934.2642199173965
680,FIDS106,æ,9,IDS,85.82,89.23858416605412,609.5660351543411,1420.1846584081436
681,FIDS106,a,9,IDS,86.1,90.00000000000341,549.9367621046717,913.8411889986805
682,FIDS106,a,9,IDS,87.7,140.00000000000057,501.7455340298443,877.8352602561283
683,FIDS106,o,9,IDS,109.76,69.99999999999318,376.6441343840703,865.6482219615842
684,FIDS106,i,9,IDS,109.93,49.99999999999716,411.731623056023,1631.8944053220137
685,FIDS106,u,9,IDS,112.8405837984326,129.41620156739475,343.99128474140184,1223.846669623137
686,FIDS106,o,9,IDS,121.5004942412279,159.27908957419845,471.8150836405017,1253.806672296427
687,FIDS106,u,9,IDS,121.99,122.5773030636077,392.7747942027757,1038.9778691173315
688,FIDS106,o,9,IDS,124.980987971101,179.01202889899537,524.6521773300219,1288.8864051681157
689,FIDS106,æ,9,IDS,127.18,109.99999999999943,774.924124821702,1647.151931501197
690,FIDS106,o,9,IDS,127.65,99.99999999999432,535.6591417131643,1207.6170967063022
691,FIDS106,a,9,IDS,129.6862841513044,186.72581898269414,662.1070137079976,1458.004227204239
692,FIDS106,e,9,IDS,130.56,169.9999999999875,530.1427144349884,1805.6877064283813
693,FIDS106,u,9,IDS,131.029816434404,151.3993126885964,380.25860906932934,1399.1198269244862
694,FIDS106,o,9,IDS,131.88,110.00000000001364,482.0651535763494,957.4202981244968
695,FIDS106,a,9,IDS,132.5,150.00000000000568,582.7008899392833,1090.1159904746619
696,FIDS106,e,9,IDS,133.45,90.00000000000341,522.2167729031962,1775.0807875890887
697,FIDS106,o,9,IDS,134.55,139.99999999998636,494.4448721749559,1017.5534508464059
699,FIDS107,o,12,IDS,4.581333884759704,108.66611524029679,389.11492276387247,728.9952070614131
700,FIDS107,e,12,IDS,6.170675833707685,109.324166292315,455.3781755499121,1450.9708097757066
701,FIDS107,o,12,IDS,7.2,139.9999999999997,494.6859695327702,725.233036148752
702,FIDS107,i,12,IDS,8.86,130.0000000000008,338.0518122342938,2209.816540219163
703,FIDS107,u,12,IDS,11.29,200.00000000000108,294.50792763655977,660.8786131447172
704,FIDS107,u,12,IDS,12.96,171.78876008727963,340.9675161304838,821.574161621559
705,FIDS107,u,12,IDS,13.29,270.00000000000136,279.0332244395144,664.1513926155131
706,FIDS107,i,12,IDS,14.39,109.99999999999943,313.7711033473465,2224.543261347303
707,FIDS107,æ,12,IDS,18.3,120.000000000001,577.406222151121,1456.919647602609
709,FIDS107,u,12,IDS,23.64,189.99999999999773,269.1842061187346,694.5937837753438
710,FIDS107,e,12,IDS,27.59,89.99999999999986,476.02611108441687,1407.9896707326252
711,FIDS107,æ,12,IDS,27.81,220.00000000000242,804.4739399662508,1370.3383487353353
712,FIDS107,u,12,IDS,29.56767630837529,122.32369162471102,296.72360762011954,616.6576108369655
713,FIDS107,u,12,IDS,42.73,130.00000000000256,320.4227945953249,652.4324295859639
714,FIDS107,u,12,IDS,44.18,229.99999999999687,374.11720533787815,663.7085514491092
715,FIDS107,e,12,IDS,52.25913392946646,150.86607053353873,507.40125430942993,1774.1795946706075
716,FIDS107,a,12,IDS,53.87,140.00000000000057,547.9702209886538,1044.7697079804084
717,FIDS107,æ,12,IDS,55.2,250.0,907.0319425600935,1456.7565975159737
718,FIDS107,e,12,IDS,55.67,149.99999999999858,527.4274720611336,1881.0156133444073
719,FIDS107,a,12,IDS,59.57,130.00000000000256,627.9480867721691,930.2875974430982
720,FIDS107,o,12,IDS,60.76954866406683,120.45133593316848,484.0786255879324,937.9235222692706
721,FIDS107,o,12,IDS,63.55,120.00000000000455,398.1216710532173,871.2800874915891
722,FIDS107,æ,12,IDS,73.6,140.00000000000057,591.1731817214683,1414.3110166678216
723,FIDS107,i,12,IDS,74.16948532618937,100.51467381062196,309.1523114190207,2113.292593763367
724,FIDS107,i,12,IDS,77.28381833945599,116.18166054401513,301.58632676722544,2042.5319584246984
725,FIDS107,æ,12,IDS,82.14,90.1004280946438,553.3215582365531,1762.8923730960169
726,FIDS107,a,12,IDS,82.37,99.99999999999432,710.2541950540453,1174.542325215001
727,FIDS107,æ,12,IDS,85.74,77.5235917955257,564.58907375302,1694.6189603450111
728,FIDS107,a,12,IDS,86.37,239.99999999999488,767.7924097808186,1187.0672263925576
729,FIDS107,a,12,IDS,88.37,189.99999999999773,896.9268825549144,1175.213136956731
730,FIDS107,æ,12,IDS,91.83939861522778,162.7111283165874,669.0484200762053,1497.3275314774094
731,FIDS107,i,12,IDS,92.40058597615636,99.41402384363585,320.3456106269082,1959.8325629124365
732,FIDS107,e,12,IDS,94.47,159.9999999999966,456.30085114987526,1809.305578534214
733,FIDS107,e,12,IDS,96.178899597147,101.1004028530067,412.59367330352995,1791.5300927037558
734,FIDS107,i,12,IDS,98.6,60.000000000002274,347.0842618215652,2093.709398338621
735,FIDS107,a,12,IDS,98.96,180.00000000000682,867.4171029417629,1255.5401972078032
736,FIDS107,i,12,IDS,107.42,140.00000000000057,289.2657115452211,2012.5510062629444
737,FIDS107,i,12,IDS,110.26,79.9999999999983,354.81314389794835,2234.0397677021538
738,FIDS107,a,12,IDS,112.14,109.99999999999943,724.1417593190826,1844.9520565274913
739,FIDS107,a,12,IDS,113.58,79.9999999999983,747.7782301227198,1207.353277724454
740,FIDS107,o,12,IDS,116.09,90.00000000000341,545.0703324365707,1024.886789922957
741,FIDS107,i,12,IDS,116.363261119817,56.45079962000921,379.5508738970938,1849.6070795077453
742,FIDS107,u,12,IDS,121.89,120.00000000000455,343.62939199817583,768.9940353258187
743,FIDS107,o,12,IDS,136.82,150.00000000000568,433.9248515090791,944.5203565497012
744,FIDS107,u,12,IDS,137.6529466139785,177.05338602152665,326.8955441538542,1113.6339152862602
745,FIDS107,o,12,IDS,141.92,190.00000000002615,443.42965822632505,816.4058593285645
746,FIDS107,æ,12,IDS,144.8910939972477,229.12383375188483,712.3556268389808,1518.6294965027992
747,FIDS107,o,12,IDS,145.68,120.00000000000455,535.9197447994536,996.41869269715
748,FIDS107,a,12,IDS,150.59,210.00000000000796,775.502144063029,1033.9693574521498
749,FIDS107,e,12,IDS,156.45,120.00000000000455,534.6347846842788,1828.1112859485856
750,FIDS107,u,12,IDS,156.97,99.99999999999432,338.7027977988068,1116.2935725530335
751,FIDS107,o,12,IDS,159.0764152060987,133.5847939013206,431.1632621207326,733.5203912175949
752,FIDS107,a,12,IDS,160.09,150.00000000000568,674.9605354421498,1112.1717219115135
753,FIDS108,æ,12,IDS,2.97,209.99999999999997,752.6466278947518,1272.5078534530749
754,FIDS108,o,12,IDS,3.51,160.00000000000014,622.3595419116004,971.9878300311732
755,FIDS108,e,12,IDS,4.67,179.99999999999972,422.74724601060944,1909.536275586198
756,FIDS108,o,12,IDS,5.58,160.00000000000014,547.585745707165,1058.7142906615288
757,FIDS108,i,12,IDS,6.79,110.00000000000031,347.4647036512325,2203.9278047891203
758,FIDS108,u,12,IDS,8.12,260.0000000000016,361.7489575400586,988.6856144382716
759,FIDS108,u,12,IDS,8.82,160.00000000000014,310.7020298274902,706.8593337165362
760,FIDS108,u,12,IDS,9.144637843022236,195.3621569777635,320.60314899003765,751.396970444277
761,FIDS108,i,12,IDS,9.712005021318996,107.99497868100438,301.6209110468154,1850.2439126249794
762,FIDS108,æ,12,IDS,13.76,136.85814784532013,686.7796599422865,1511.0896143173134
763,FIDS108,æ,12,IDS,14.82,109.99999999999943,747.8793960366313,1347.0109374167585
764,FIDS108,æ,12,IDS,17.0,109.99999999999943,745.5479991559065,1336.2924905812247
765,FIDS108,u,12,IDS,17.57618099452047,194.35335237988838,438.273375549716,1358.8098424997431
766,FIDS108,e,12,IDS,22.24,71.65818198083329,575.1249323954094,1738.6416748742547
767,FIDS108,æ,12,IDS,22.46879493496883,181.2050650311683,697.810007945163,1264.7055872848612
768,FIDS108,u,12,IDS,23.81,150.00000000000213,331.30371458202745,897.5983872808899
769,FIDS108,æ,12,IDS,32.75,140.00000000000057,779.0019080219627,1435.5530120373135
770,FIDS108,u,12,IDS,34.01971934173139,120.28065826861223,292.28808800132515,650.2830977566449
771,FIDS108,u,12,IDS,34.87,160.0000000000037,501.73310232821854,2381.7265968098895
772,FIDS108,e,12,IDS,37.49,169.9999999999946,509.8079759734959,1712.441470584951
773,FIDS108,a,12,IDS,38.86,70.00000000000028,665.8696731038569,1003.8487940423579
774,FIDS108,e,12,IDS,40.97,109.99999999999943,494.594891891651,1659.7943895121962
775,FIDS108,a,12,IDS,42.24,149.99999999999858,664.5317322501633,1029.698194269882
776,FIDS108,o,12,IDS,43.26,140.00000000000057,373.47951595564876,949.3074170653243
777,FIDS108,o,12,IDS,45.14,140.00000000000057,419.4823796737981,928.0713950832586
778,FIDS108,æ,12,IDS,54.08547029460872,134.52970539128017,770.2966416977745,1291.6324601651802
779,FIDS108,i,12,IDS,54.59823233067482,134.3932755818429,305.4475488858351,2095.0891962360793
780,FIDS108,i,12,IDS,56.78815828286601,101.84171713399337,278.14114427195057,2057.898862247701
781,FIDS108,e,12,IDS,60.39116952246895,158.83047753104762,374.41651963580875,2000.5215252104695
782,FIDS108,a,12,IDS,60.7219837392858,161.27193069820578,570.2526312022982,1085.9036554344552
783,FIDS108,e,12,IDS,61.56997952486553,140.59604214715904,529.6312767706136,1808.0512881195573
784,FIDS108,a,12,IDS,61.95,119.99999999999744,743.4438301863031,1061.9669119017858
785,FIDS108,a,12,IDS,64.25,120.00000000000455,771.384590382221,1053.9734029044096
786,FIDS108,æ,12,IDS,67.8,135.85818486227197,755.5232219139316,1391.8244836694591
787,FIDS108,i,12,IDS,68.25,120.00000000000455,216.4185811335695,2131.2397996273157
788,FIDS108,e,12,IDS,69.93248691811166,121.98774245121058,483.28672687306965,1774.8230216481356
789,FIDS108,e,12,IDS,70.8484287809233,101.31185390015673,497.04211513619236,1659.7742587539406
790,FIDS108,i,12,IDS,72.32,70.00000000000739,375.5247938669603,1706.3155208769056
791,FIDS108,i,12,IDS,73.12,69.99999999999318,318.0509632384964,2196.415831358914
792,FIDS108,a,12,IDS,73.42,109.99999999999943,541.7805937360811,1204.1622196924864
793,FIDS108,i,12,IDS,83.27,150.00000000000568,323.21527365093124,2409.232847684712
794,FIDS108,i,12,IDS,85.32,170.0000000000017,368.2891542618908,2417.2049061902867
795,FIDS108,æ,12,IDS,86.97,120.00000000000455,683.9737633418124,1233.9283163287214
796,FIDS108,a,12,IDS,87.29,87.55069289949802,646.7828934215441,988.0473669356329
797,FIDS108,a,12,IDS,88.97,95.16223096932208,638.6537236638032,1012.4764231215742
798,FIDS108,o,12,IDS,91.82,40.00000000000625,527.1558499893292,1198.4586225205107
799,FIDS108,i,12,IDS,92.05487135905749,45.128640942508014,472.74590458184076,1462.1490949570511
800,FIDS108,u,12,IDS,95.15407334042406,95.92665957593738,292.9556683282083,790.0625882993638
801,FIDS108,o,12,IDS,113.61,135.54811833610358,453.59484490884137,901.306304154038
802,FIDS108,u,12,IDS,114.0672552016329,132.7447983670993,410.1965960406281,1912.79102491728
803,FIDS108,æ,12,IDS,131.17,170.00000000001592,714.3448603023785,1330.0135636750288
804,FIDS108,o,12,IDS,131.84,141.72664617780129,506.1460386596924,981.0002360913406
805,FIDS108,a,12,IDS,133.62,169.9999999999875,720.8539591855067,998.9107510692455
806,FIDS108,e,12,IDS,134.8337644207006,116.2355792993992,476.78129857841805,1585.463235710299
807,FIDS108,u,12,IDS,135.25,135.61161130229493,350.34365848851655,684.4176424075171
808,FIDS108,o,12,IDS,136.17,100.00000000002274,871.7259140334033,1591.6468654411246
809,FIDS108,a,12,IDS,136.93,139.99999999998636,630.6266693976766,1002.7992896952293
811,FIDS108,o,12,IDS,139.35,150.00000000000568,416.53412870277737,863.6505767020622
812,FIDS108,æ,18,IDS,4.2,160.00000000000014,695.7201006298633,1426.9640386797453
813,FIDS108,o,18,IDS,4.742846758777124,134.4478372926945,435.31813550787734,767.2672779614635
814,FIDS108,e,18,IDS,5.882671383271564,237.3286167284361,472.41147776665855,2027.0097083809667
815,FIDS108,i,18,IDS,7.864551731611965,97.08552472655629,321.9070229526707,2154.7882740793616
816,FIDS108,u,18,IDS,9.11,173.19961114606917,348.0260347831653,690.2308289065602
817,FIDS108,u,18,IDS,9.942173685348015,67.82631465198463,362.55582180832334,720.2302100272022
818,FIDS108,u,18,IDS,10.19523461474018,129.46828776333064,329.6331188026665,684.6016314379879
819,FIDS108,æ,18,IDS,13.34,138.92024352356103,601.8774523752711,1472.870737744709
820,FIDS108,æ,18,IDS,14.72,111.87981042863981,543.3088434280131,1315.8137721256687
823,FIDS108,i,18,IDS,17.47750733836176,82.16256723441973,345.83759580663434,2207.472162964348
824,FIDS108,i,18,IDS,20.65,94.71070446041097,369.17481519952486,2170.64771316106
825,FIDS108,i,18,IDS,22.96,52.249724271639764,317.97258089446814,1935.922194436246
826,FIDS108,e,18,IDS,23.2,89.99999999999986,489.15754709063816,1843.981784229788
827,FIDS108,u,18,IDS,23.4943415551303,115.65844486969823,441.13910634434296,768.3938504614381
828,FIDS108,e,18,IDS,26.15079031689637,119.20968310363023,675.2739047482765,1258.7823823323038
829,FIDS108,æ,18,IDS,26.3483124482276,159.34558493948003,696.7257842978892,1259.4823505791376
830,FIDS108,u,18,IDS,27.05802376041945,84.65234199909233,375.50462161133237,670.0059358395695
831,FIDS108,æ,18,IDS,33.51,110.73994113553454,649.6838404604703,1462.7077827081512
832,FIDS108,e,18,IDS,38.04893336560693,107.890239802785,465.92752952986206,1578.9491301892579
833,FIDS108,a,18,IDS,38.95258593155189,114.5222854101462,648.0633117921799,968.3148762401058
834,FIDS108,e,18,IDS,40.44487337272172,95.12662727827603,338.6261975337547,1942.5742741763456
835,FIDS108,a,18,IDS,48.86,149.48747514173277,604.1245730442703,928.4746982914385
836,FIDS108,o,18,IDS,49.70951751255497,106.23038995965572,402.13738609035215,767.0152100781222
837,FIDS108,o,18,IDS,51.39,84.49384043476016,454.14758497368376,875.053005649585
838,FIDS108,i,18,IDS,55.86189004729246,99.59099058718124,375.7368374928884,2006.9533818377479
839,FIDS108,i,18,IDS,57.67802230215511,96.271290900944,368.5940317427809,2242.804684176607
840,FIDS108,e,18,IDS,61.39493595525211,75.06404474789008,541.6578608373944,1644.0088807701798
841,FIDS108,a,18,IDS,61.6306346329751,109.55008964590007,643.0848812033678,954.700954217685
842,FIDS108,e,18,IDS,62.8138229476499,81.33264231286574,533.1975695666493,1604.0798187071246
843,FIDS108,a,18,IDS,63.21,150.57840198470984,687.6791149576629,1019.2340148280422
844,FIDS108,a,18,IDS,64.5162535696806,119.5091887046118,737.7443853314784,1055.7618443941806
845,FIDS108,æ,18,IDS,71.85,90.00000000000341,636.0524128953095,1233.4970539096707
846,FIDS108,i,18,IDS,72.25068754615629,99.59099058718834,405.71645595566446,1730.1265318773592
847,FIDS108,e,18,IDS,74.50599269239102,121.99896346929506,498.2408986802237,1349.7549339417262
848,FIDS108,e,18,IDS,75.63004720830314,96.271290900944,520.0728790155737,1437.8174037077708
849,FIDS108,i,18,IDS,76.55522481923994,61.41444419542097,337.7724972601556,2259.959867464794
850,FIDS108,a,18,IDS,77.17643153707948,109.55008964590718,575.7495662960906,1016.5853610112575
851,FIDS108,i,18,IDS,83.23853304754694,107.06766864635142,383.22450835559283,2298.534964480049
852,FIDS108,i,18,IDS,84.83441248699982,95.58751300018287,360.94769804570296,2409.8058071785053
853,FIDS108,æ,18,IDS,86.32882647497395,117.01941393994275,614.6997335794081,1208.3292602720198
854,FIDS108,a,18,IDS,86.6530153896983,94.61144105782182,583.551938406926,993.7760443598711
855,FIDS108,a,18,IDS,87.47,107.20430442259499,569.4205323685218,1037.8008543571045
856,FIDS108,u,18,IDS,92.38707929317708,92.95159121468544,560.6030540591529,922.8169550071389
857,FIDS108,o,18,IDS,108.5804014414032,96.27129090090136,457.5210916056391,786.5140356608697
858,FIDS108,u,18,IDS,108.9522698470081,140.25731174359635,372.24504914358346,674.7922228208143
859,FIDS108,o,18,IDS,112.1550656139299,96.27129090098663,528.9416219953473,631.4415058607494
860,FIDS108,æ,18,IDS,114.0312673776777,96.27129090090136,708.0035006378561,1178.7715478844268
861,FIDS108,o,18,IDS,114.61,118.62268359429606,477.5336296411048,807.5726173234027
862,FIDS108,a,18,IDS,116.4372270712296,106.23038995960599,613.7339095559366,1068.5881028473436
863,FIDS108,e,18,IDS,117.610123030105,108.72016472430346,544.0436792238531,1642.0833026654823
864,FIDS108,u,18,IDS,117.99,107.5546106428078,372.0940866849903,697.5539393286372
865,FIDS108,o,18,IDS,119.5358482778263,104.15172217369673,534.3689552069874,951.2346724623786
866,FIDS108,a,18,IDS,120.35,137.65303186040967,566.6072795540249,970.8695247381761
867,FIDS108,e,18,IDS,121.24,120.00000000000455,515.4093066964161,1196.4608568951198
868,FIDS109,æ,18,IDS,5.008365706107535,151.04633572389048,934.181343010685,1480.1359731513276
869,FIDS109,o,18,IDS,5.539940532418607,136.1076871358131,453.63031708699185,901.0179161773103
870,FIDS109,e,18,IDS,6.69,269.99999999999955,460.8579792404699,2407.4029676481514
871,FIDS109,o,18,IDS,7.66806651292062,101.93348707937932,536.9915169789394,1048.3673977677613
872,FIDS109,i,18,IDS,8.786158035780334,136.10768713581223,375.09051449537407,2604.438581896167
873,FIDS109,u,18,IDS,11.05,242.69210122185925,437.0671271435376,923.3329086397084
874,FIDS109,u,18,IDS,12.81120650059436,178.79349940564106,414.9486882978059,936.1351362308475
875,FIDS109,u,18,IDS,13.21,257.6790745522288,554.9873460319149,1293.3063044814267
876,FIDS109,i,18,IDS,13.91,103.9880447449697,349.2530445106034,2352.519697516491
877,FIDS109,æ,18,IDS,17.56199454407266,182.58348274316916,766.0311904222822,1642.3331174506682
878,FIDS109,æ,18,IDS,21.7,87.56729732238,863.3212788365599,1601.631764725056
879,FIDS109,æ,18,IDS,23.92862511892707,71.37488107293066,813.1853386461455,1575.4794441835197
880,FIDS109,u,18,IDS,24.50417405998489,275.5350739578688,332.9526530197094,728.1391621732038
881,FIDS109,e,18,IDS,26.7,244.04813551159066,429.9912837859077,1961.5837971416704
882,FIDS109,æ,18,IDS,27.03,219.99999999999886,933.611497468901,1475.2030803981784
883,FIDS109,u,18,IDS,28.3202344028805,179.76559711949847,382.81246987396315,782.6513802480785
884,FIDS109,i,18,IDS,28.83064019064384,121.16903854773753,382.7020621901046,1990.7831384812764
885,FIDS109,æ,18,IDS,37.34258494635855,127.80843792020846,811.1199104358425,1575.9455467070788
886,FIDS109,u,18,IDS,39.37831135828134,170.96453384133525,396.8304193543049,841.2589361947755
887,FIDS109,u,18,IDS,41.12,250.0,293.9598619275075,651.0623112281281
888,FIDS109,e,18,IDS,44.87,115.94330583828594,622.4874500024091,1860.8040495294426
889,FIDS109,a,18,IDS,46.41519154093457,124.80845906542726,725.1158842187,1197.3055820561967
890,FIDS109,e,18,IDS,48.86793540579327,152.06459420673468,694.0618857464252,1857.5664836020846
891,FIDS109,a,18,IDS,51.14,189.99999999999773,716.1234213521304,1125.9225355364442
892,FIDS109,o,18,IDS,52.41,100.00000000000142,455.50409119733837,1039.9247552487786
893,FIDS109,o,18,IDS,55.08,100.00000000000142,391.0158567727546,1070.3200998058671
894,FIDS109,æ,18,IDS,59.61931315119836,149.3864858807683,779.5614500637386,1521.6597961281386
895,FIDS109,i,18,IDS,60.22267053017638,152.70618556701265,286.8090442840345,2485.7222779545978
896,FIDS109,i,18,IDS,62.70719372605259,72.80627394741401,341.9903626849151,2018.6382925237815
897,FIDS109,e,18,IDS,66.47,90.00000000000341,551.5531076931936,2053.907115092627
898,FIDS109,a,18,IDS,66.71,156.81357141323815,741.9742998335106,1217.274418927659
899,FIDS109,e,18,IDS,67.6698277881504,100.17221184959624,539.4866742588625,1399.682843053938
900,FIDS109,a,18,IDS,68.0270148544701,197.5221313312403,730.2118447696402,1233.3168679119765
901,FIDS109,a,18,IDS,70.04,108.40226482406479,701.3158734814327,1256.6945666972088
902,FIDS109,i,18,IDS,72.17397501807365,73.03339309726198,359.63972934253223,1759.3260286347722
903,FIDS109,æ,18,IDS,72.63,140.00000000000057,808.2790464922875,1562.866035908115
904,FIDS109,i,18,IDS,73.1725950315205,82.99249215598081,285.0484256586707,2344.93231305495
905,FIDS109,e,18,IDS,75.23,159.9999999999966,448.6459363011396,2037.9899912489534
906,FIDS109,e,18,IDS,76.4691461857113,124.48873823397832,445.2147978886675,1967.8521978450672
907,FIDS109,i,18,IDS,78.54551314559464,63.074294038557355,382.1256112173629,2379.582532280684
908,FIDS109,i,18,IDS,78.85,57.360411394739685,297.0722098694938,1898.59430658196
909,FIDS109,a,18,IDS,79.15,115.46902300385398,718.2771495749689,1210.4548822095762
910,FIDS109,i,18,IDS,87.18,169.9999999999875,299.28036010437114,2401.2656389470208
911,FIDS109,i,18,IDS,90.02593253041918,80.25795905915345,377.83850587863697,2139.301671891712
912,FIDS109,æ,18,IDS,92.73679058937772,198.4560442190002,801.3199909019916,1397.8748555568386
913,FIDS109,a,18,IDS,93.17,99.21547781330275,616.0032551596527,1169.2377350965933
914,FIDS109,a,18,IDS,94.54429546471266,105.70453528734447,710.9529915681471,1198.4493432367706
915,FIDS109,o,18,IDS,97.24,51.24771647244586,568.2561310020352,1069.870819248561
916,FIDS109,i,18,IDS,97.49873286451398,56.91018915103996,448.5625547671215,1757.4810585280202
917,FIDS109,u,18,IDS,101.8,128.08540173820404,339.9156954140653,787.0870850733663
918,FIDS109,o,18,IDS,115.7497217309094,113.88862364509578,454.7241967166923,948.9355769835017
919,FIDS109,u,18,IDS,116.2449809760999,158.32334089060396,361.73701487071605,698.7385666775825
920,FIDS109,o,18,IDS,121.4177141720833,149.2864152758102,480.3891017503378,921.6213352464315
921,FIDS109,æ,18,IDS,123.4373919288908,235.22486734898962,930.1938145479654,1553.4838427830919
922,FIDS109,o,18,IDS,124.25,109.99999999999943,568.9400744514993,1010.7774063099797
923,FIDS109,a,18,IDS,127.5496535272528,161.24553592790392,657.7770513450815,1171.6613020438274
924,FIDS109,e,18,IDS,129.1370672480309,128.41273449470236,424.8586970285128,1752.7194491976115
925,FIDS109,u,18,IDS,129.53,91.13414854419943,390.6557416413153,781.9406051963877
926,FIDS109,o,18,IDS,131.7147040789441,92.66146182281432,532.8237379795995,1082.9010512167383
927,FIDS109,a,18,IDS,132.4758939186564,140.81623725840586,612.7873568262286,1174.5222989123752
928,FIDS109,e,18,IDS,133.8529415481372,129.14235230428517,482.82714246890714,1683.167219503204
929,FIDS109,o,18,IDS,135.7176947567362,128.4127344946171,441.7737780052809,847.2794314556501
930,FIDS109,æ,9,IDS,2.83,92.67522445559084,812.4894622321792,1671.6998552107812
931,FIDS109,o,9,IDS,3.3,124.36778885883415,406.2396180708494,878.4206248584978
932,FIDS109,e,9,IDS,4.7,209.99999999999997,405.0778777825423,2090.376227147334
933,FIDS109,o,9,IDS,5.57,127.63791124313161,487.7948802802605,1028.0658268488887
934,FIDS109,i,9,IDS,6.703926254631694,156.07374536830676,335.8486247903893,2491.9932079038417
935,FIDS109,u,9,IDS,9.28,280.00000000000114,341.12698044212516,1359.5991525576997
936,FIDS109,u,9,IDS,10.69,200.00000000000108,344.87144687957243,852.8593678024762
937,FIDS109,u,9,IDS,11.17,179.99999999999972,521.3808965800372,790.1636848748792
938,FIDS109,i,9,IDS,11.8,89.99999999999986,339.36770372651387,2308.4390001035867
939,FIDS109,æ,9,IDS,15.12,119.94495102452163,820.3809729899504,1611.9524421541628
940,FIDS109,æ,9,IDS,17.04,91.60899436460923,724.7126150332823,1650.5036933702374
942,FIDS109,u,9,IDS,19.26,449.9999999999993,497.95265369041806,973.0274982295446
943,FIDS109,e,9,IDS,22.77,160.00000000000014,508.3828724730581,2027.9547082790739
944,FIDS109,æ,9,IDS,23.03,149.99999999999858,844.317158705406,1497.5039356498505
945,FIDS109,u,9,IDS,24.06,142.3268951486918,429.5996629408636,1027.9556370466146
946,FIDS109,æ,9,IDS,33.06,140.00000000000057,832.7901599181986,1617.3889707189737
947,FIDS109,u,9,IDS,34.89,54.102064617040924,338.19538990480135,719.2870459873398
948,FIDS109,u,9,IDS,36.22,195.2457457592729,469.77730451126257,790.7448054673886
949,FIDS109,e,9,IDS,40.14,100.00000000000142,577.9024586730337,1835.5045748348005
950,FIDS109,a,9,IDS,41.71431572304041,92.50614566290949,689.1012617096391,1179.5398820953455
951,FIDS109,e,9,IDS,43.68,140.00000000000057,493.420193133743,1861.6907897138572
952,FIDS109,a,9,IDS,45.4,94.4226766816314,759.6355737142675,1183.209532085847
953,FIDS109,o,9,IDS,46.23,110.00000000000654,446.43437994640306,901.24531096896
954,FIDS109,o,9,IDS,48.62,80.0000000000054,402.76954328763696,1060.1555120351572
955,FIDS109,æ,9,IDS,52.41,110.00000000000654,863.1704421349193,1581.9827031111226
956,FIDS109,i,9,IDS,52.84,109.99999999999943,277.5334191641228,2374.1927577073598
957,FIDS109,i,9,IDS,55.35,90.17752434429127,325.6579420929124,1887.5531364726833
958,FIDS109,e,9,IDS,59.96,109.99999999999943,556.1491512614225,1969.6410601708199
959,FIDS109,a,9,IDS,60.22,120.00000000000455,757.9904178603398,1244.957858623067
960,FIDS109,e,9,IDS,61.64,116.04363039351995,518.40182728583,1796.9907010506813
961,FIDS109,a,9,IDS,61.98,130.00000000000256,724.3485466082547,1143.1358817745681
962,FIDS109,a,9,IDS,63.46,109.99999999999943,699.5913789954268,1263.5035695774989
963,FIDS109,æ,9,IDS,66.47,99.99999999999432,693.4797900689639,1595.6037869358292
964,FIDS109,i,9,IDS,66.91197536562245,125.1606949643218,678.0022104365266,2375.2050998031514
965,FIDS109,e,9,IDS,69.6,240.0000000000091,506.1061396879601,1999.189051315092
966,FIDS109,e,9,IDS,70.93,199.99999999998863,530.4036439395156,1910.4601680434937
967,FIDS109,i,9,IDS,72.6,50.00000000001137,351.15576844266127,1806.106172251489
968,FIDS109,i,9,IDS,72.86,79.9999999999983,460.9994925091106,1828.4035997372841
969,FIDS109,a,9,IDS,73.15,129.99999999999545,774.1921274731798,1203.0438908284925
970,FIDS109,i,9,IDS,79.96,170.0000000000017,268.1959316709165,2377.659277206515
971,FIDS109,i,9,IDS,82.28,129.99999999999545,311.11690975439456,2328.218761362801
972,FIDS109,æ,9,IDS,84.38,120.00000000000455,748.8906999643243,1582.8343799269112
973,FIDS109,a,9,IDS,84.69,100.00000000000853,699.9788147076196,1154.4351017252325
974,FIDS109,a,9,IDS,86.07,100.00000000000853,720.20666524115,1468.4390501252863
975,FIDS109,o,9,IDS,88.78,39.99999999999204,505.4263238839372,1263.4435392141606
976,FIDS109,i,9,IDS,89.04,39.99999999999204,341.3639072668063,1707.909555444314
977,FIDS109,u,9,IDS,93.33,159.9999999999966,289.3012596046497,692.5066738054596
978,FIDS109,o,9,IDS,103.7940304927108,140.21283133070028,480.87052283110256,790.8079599220794
979,FIDS109,u,9,IDS,104.35,200.00000000000284,457.9187701591767,1335.555093242445
980,FIDS109,o,9,IDS,108.61,150.00000000000568,423.2578741799456,829.827330215752
981,FIDS109,æ,9,IDS,110.74,310.0000000000023,772.0218236282724,1462.3950720344667
982,FIDS109,o,9,IDS,111.7,140.00000000000057,585.6049364127056,821.7251746066589
983,FIDS109,a,9,IDS,114.47,129.99999999999545,700.5826339779928,1196.0727929765953
984,FIDS109,e,9,IDS,115.92,99.99999999999432,592.3434771274531,1969.0995042943919
985,FIDS109,u,9,IDS,116.29,99.99999999999432,392.37031013908717,848.3880693444605
986,FIDS109,o,9,IDS,117.96,70.00000000000739,479.16662604980644,1150.8760568475964
987,FIDS109,a,9,IDS,118.63,140.00000000000057,692.8512287592969,1144.5235967162184
988,FIDS109,e,9,IDS,119.51,99.99999999999432,576.0216923968219,1842.0681030963162
989,FIDS109,o,9,IDS,121.2011500230891,178.84997691089666,423.57873570217015,697.1075618668586
990,FIDS110,æ,15,IDS,5.39,61.99772179923446,508.83560217993625,1219.1262959753753
991,FIDS110,o,15,IDS,5.778931112645937,88.36037590451352,352.191749010027,781.1308903279601
992,FIDS110,e,15,IDS,7.016899698710165,83.10030128983482,404.13831145064853,1748.7215746239592
993,FIDS110,o,15,IDS,7.770894263023616,80.62884301286921,422.1256187880151,835.2346735706
994,FIDS110,i,15,IDS,8.82,89.99999999999986,293.6997154868676,2034.5782820000113
996,FIDS110,u,15,IDS,11.55067628874796,76.21082421763958,351.5815951962113,876.1833020235583
997,FIDS110,u,15,IDS,11.74,201.67095212542918,376.658472063575,1086.6320461721966
998,FIDS110,i,15,IDS,12.39,80.00000000000007,306.27570428439014,1976.3030526194439
999,FIDS110,æ,15,IDS,17.45,114.3079938886693,473.0910858938502,1274.154849800725
1000,FIDS110,æ,15,IDS,19.14,109.99999999999943,560.2105427673499,1436.2119650639274
1001,FIDS110,u,15,IDS,19.62,111.3331607896697,272.3990456583837,699.5380362891295
1002,FIDS110,e,15,IDS,22.56246907542127,91.67389000092996,395.05176970788443,1991.1184935390709
1003,FIDS110,æ,15,IDS,22.73477180843507,135.2281915649307,521.9433612759105,1444.2673913771155
1004,FIDS110,u,15,IDS,23.60379903408976,111.55497457944819,372.38631669995715,2121.861784411848
1005,FIDS110,æ,15,IDS,29.75,108.54110890096891,421.31788733066156,1347.270940689141
1006,FIDS110,u,15,IDS,31.16,109.99999999999943,284.97365130583944,641.536212918338
1007,FIDS110,u,15,IDS,32.26,90.00000000000341,343.6037956389847,1411.5761294958643
1008,FIDS110,e,15,IDS,34.92,119.99999999999744,475.6639513935072,1633.2173622226305
1009,FIDS110,a,15,IDS,35.94,120.00000000000455,609.0348730202509,1078.4956148706021
1010,FIDS110,e,15,IDS,37.19,90.00000000000341,373.5157046077919,1470.14487163555
1011,FIDS110,a,15,IDS,38.65,133.0917867767809,530.9456444190588,1107.5785224737926
1012,FIDS110,o,15,IDS,41.4,109.99999999999943,354.54671024866127,864.391561720827
1013,FIDS110,æ,15,IDS,46.49397616297281,140.4666984004166,553.3103789523948,1106.0658029596211
1014,FIDS110,i,15,IDS,47.18881549342022,83.78715343182819,308.8736863057892,1956.3766575355837
1015,FIDS110,i,15,IDS,49.77170938100842,103.50177776872727,317.73774214539236,2070.9424733916603
1016,FIDS110,e,15,IDS,56.56,129.99999999999545,345.9126678060223,1815.9332502437965
1017,FIDS110,a,15,IDS,56.86081705593881,128.14505818985822,606.0297139502478,1091.5038248779565
1018,FIDS110,e,15,IDS,58.07255136660496,86.25148147392991,440.73676793614356,1812.224536324366
1019,FIDS110,a,15,IDS,58.46,119.99999999999744,680.9584429194749,1190.569992055478
1020,FIDS110,a,15,IDS,62.07,91.1670750086131,556.8088758048876,1092.28279310582
1021,FIDS110,i,15,IDS,64.57521786805518,77.626333326549,327.30094489048463,2219.350474580884
1022,FIDS110,e,15,IDS,66.36339389217659,86.60610782341394,438.409766871073,1634.1689519459876
1023,FIDS110,e,15,IDS,67.11,60.000000000002274,427.15121443231453,1572.799392954921
1024,FIDS110,i,15,IDS,68.65,45.61347540804661,302.0500405346701,2067.070817731191
1025,FIDS110,i,15,IDS,68.90508135898763,56.6795449685884,295.5624227080509,1790.2827984701544
1026,FIDS110,a,15,IDS,69.4,99.35500047691903,598.879999737522,1010.572462668739
1027,FIDS110,i,15,IDS,78.09367176502643,93.64446560027773,273.3032611181162,2067.381691768638
1028,FIDS110,i,15,IDS,79.72271985891827,107.28014108173056,307.7101957366075,2024.2855719783058
1029,FIDS110,a,15,IDS,81.5,99.99999999999432,562.8288560657472,981.7457977369909
1030,FIDS110,u,15,IDS,85.96,40.00000000000625,413.30249511329464,1359.9070470245833
1031,FIDS110,i,15,IDS,86.13079402645998,49.20597354002609,358.8344496141466,1320.4760087390503
1032,FIDS110,u,15,IDS,88.8293691841709,88.71580951606006,335.06717463521716,683.2293101806073
1033,FIDS110,o,15,IDS,98.895594332885,144.16319046358694,418.5756146501874,848.6150036059465
1034,FIDS110,u,15,IDS,100.92,99.99999999999432,328.6171009178066,1172.3120492279832
1035,FIDS110,o,15,IDS,104.09,99.99999999999432,342.2921989590593,764.9929683263917
1036,FIDS110,æ,15,IDS,106.71,132.59133078140906,587.9670816729181,1363.7147413568507
1037,FIDS110,o,15,IDS,107.23,69.99999999999318,429.2159077314654,826.2542874418957
1038,FIDS110,a,15,IDS,109.55,130.00000000000966,587.5086556273277,1303.2761977690363
1039,FIDS110,e,15,IDS,111.4700710108761,169.9289891239033,419.25877480113303,1882.8626184913182
1040,FIDS110,u,15,IDS,112.5350579592989,104.93828915970482,317.28433923841607,745.7179350360734
1041,FIDS110,a,15,IDS,114.71,97.34069745600493,582.7600711842906,999.5746496368889
1042,FIDS110,e,15,IDS,115.51,99.99999999999432,533.8825158425366,1782.6842932372883
1043,FIDS110,o,15,IDS,116.984737150068,119.18916793449341,410.37458990087737,842.9686161232402
1044,FIDS110,æ,9,IDS,2.47,99.99999999999964,582.5564875145122,1495.1191150098716
1045,FIDS110,o,9,IDS,2.86027358310712,89.72641689287997,474.31634542489934,871.8067114781146
1046,FIDS110,e,9,IDS,3.69,109.99999999999987,446.3755247135435,1726.2337034839418
1047,FIDS110,o,9,IDS,4.45,120.00000000000011,452.15648494321437,802.8601149377637
1048,FIDS110,i,9,IDS,5.52,100.00000000000054,288.26287274313415,2025.3771188270043
1049,FIDS110,u,9,IDS,7.01,190.0000000000004,295.78949747569976,612.8500774571268
1050,FIDS110,u,9,IDS,8.12,129.04604638641715,317.18325096031833,1029.0452312395264
1051,FIDS110,u,9,IDS,8.386344312224429,189.1664995990361,356.83494275643807,636.472536302828
1052,FIDS110,i,9,IDS,9.21,89.99999999999986,295.5444989599223,1967.7162860848289
1054,FIDS110,æ,9,IDS,13.62,100.00000000000142,623.0543860581208,1421.586468150301
1055,FIDS110,æ,9,IDS,15.2,89.99999999999986,597.4893191821388,1356.7068123189224
1057,FIDS110,e,9,IDS,17.42,102.28334187752708,494.94157397710137,1765.9551996012826
1058,FIDS110,æ,9,IDS,17.57,149.99999999999858,609.6315974204305,1507.475508701552
1059,FIDS110,u,9,IDS,18.21,101.14743565391748,335.1318562749175,1213.2376446443761
1060,FIDS110,æ,9,IDS,24.22,109.99999999999943,729.3948385648962,1367.7056499505688
1061,FIDS110,u,9,IDS,25.68,120.000000000001,314.0848646176962,690.4671736816538
1062,FIDS110,u,9,IDS,26.58,140.00000000000057,428.526728807068,2363.1474187872395
1063,FIDS110,e,9,IDS,29.28,79.9999999999983,592.450722226456,1574.930279764272
1064,FIDS110,e,9,IDS,31.29,109.99999999999943,540.0345926915135,1619.7448057458942
1065,FIDS110,a,9,IDS,32.54,149.99999999999858,485.8284749696851,1030.7050205936896
1066,FIDS110,o,9,IDS,33.52,99.99999999999432,403.54487375512747,897.7960489233412
1067,FIDS110,o,9,IDS,35.33,87.5368128656433,454.95760444745184,1091.5651871722537
1068,FIDS110,æ,9,IDS,39.38,129.99999999999545,619.8345761644107,1396.528773655053
1069,FIDS110,i,9,IDS,39.79111271119985,90.37800228449555,269.163173729031,1856.7430859917245
1070,FIDS110,i,9,IDS,41.99,100.00000000000142,280.20596213890406,1990.1892640701644
1071,FIDS110,e,9,IDS,46.29,90.00000000000341,464.64980698652494,1755.2022102928465
1072,FIDS110,a,9,IDS,46.54,122.8151630270915,650.6718631496317,1101.6506017553127
1073,FIDS110,e,9,IDS,47.60715110795353,112.84889204647186,474.0218368345283,1969.8955694169367
1074,FIDS110,a,9,IDS,47.95,129.330058664344,606.0227294584591,1173.8122929152655
1075,FIDS110,a,9,IDS,49.33,100.00000000000142,631.9075914043073,1188.1357723272895
1076,FIDS110,æ,9,IDS,51.67401948591786,130.95588086120813,643.4731147670725,1416.103735772992
1077,FIDS110,i,9,IDS,52.1,110.75415254617837,309.87680529872506,1930.5118678082158
1078,FIDS110,e,9,IDS,54.17,170.0000000000017,420.6758976432119,1851.936627979263
1079,FIDS110,e,9,IDS,55.19,70.00000000000028,398.33417653533354,1648.187451358821
1080,FIDS110,i,9,IDS,56.1,70.00000000000028,308.36015156028986,1954.034056940393
1081,FIDS110,i,9,IDS,56.4,90.00000000000341,307.5324319844773,1659.8188101425112
1082,FIDS110,a,9,IDS,56.72,79.9999999999983,544.8746239485547,1085.9502557164742
1083,FIDS110,i,9,IDS,62.19,140.00000000000057,285.56005020835835,2053.7004783601924
1084,FIDS110,i,9,IDS,63.97,99.99999999999432,285.90186502729324,1992.4062594771276
1085,FIDS110,æ,9,IDS,65.23837509940138,66.40016494370116,594.9342952611327,1450.5924936986005
1086,FIDS110,a,9,IDS,65.43,94.26469846455632,621.6016115764755,1078.3206973323954
1087,FIDS110,a,9,IDS,66.41,111.32513665700117,589.858348543292,1000.2150757799909
1088,FIDS110,u,9,IDS,68.88,240.0000000000091,568.3620970219075,821.1476656213429
1089,FIDS110,i,9,IDS,69.4946128994857,65.3871005143003,327.9613991046145,1475.1956651490607
1090,FIDS110,u,9,IDS,72.46,80.0000000000125,737.1504356641783,2208.747144195017
1091,FIDS110,o,9,IDS,80.61,109.99999999999943,464.6653324134896,825.7603217730542
1092,FIDS110,u,9,IDS,81.03,99.99999999999432,289.83347303890525,609.1925279212799
1093,FIDS110,o,9,IDS,84.73,99.99999999999432,470.22525392909597,835.2435031621221
1094,FIDS110,æ,9,IDS,86.23,149.99999999999147,651.7256520111557,1369.6726943060455
1095,FIDS110,o,9,IDS,86.81,99.99999999999432,509.28362002585357,1047.9891568249054
1096,FIDS110,a,9,IDS,89.76,89.9999999999892,516.2068199520611,994.712951030757
1097,FIDS110,e,9,IDS,91.21,109.99999999999943,457.66861955778614,1586.564067700186
1098,FIDS110,o,9,IDS,92.85,109.99999999999943,441.3005880468106,914.7959847689623
1099,FIDS110,a,9,IDS,93.57,106.46747757161279,640.1266268498475,1049.758027084142
1100,FIDS110,o,9,IDS,95.84,119.99999999999034,436.57544287431045,857.3317108558055
1101,FIDS111,æ,12,IDS,2.755222525111483,80.66846866982979,853.9825348257234,1914.4150996190995
1102,FIDS111,o,12,IDS,3.372858563343659,217.14143665634066,512.9642612971164,1186.0264919749895
1103,FIDS111,e,12,IDS,4.38,119.64094598262687,389.60568862833566,1998.3175927514296
1104,FIDS111,o,12,IDS,5.204717040873588,175.28295912641224,443.523193051092,1078.905563944893
1105,FIDS111,i,12,IDS,5.98,185.529020806233,275.26555859683594,2460.9189276365955
1106,FIDS111,u,12,IDS,7.409272751765481,327.07397297040063,345.9261851651516,948.5330070344722
1107,FIDS111,u,12,IDS,8.19,210.00000000000085,433.9707968623279,1038.6314824128794
1108,FIDS111,u,12,IDS,8.71,189.9999999999995,373.29530127080295,671.3877857708787
1109,FIDS111,i,12,IDS,9.305588215206074,114.41178479392633,424.78096270678765,2446.5491355040404
1110,FIDS111,æ,12,IDS,11.97,169.99999999999994,1366.401367430164,1995.3463528925367
1111,FIDS111,æ,12,IDS,13.0,179.99999999999972,781.0677866942444,1618.152648695728
1112,FIDS111,æ,12,IDS,14.23,139.9999999999988,776.8490497499342,1785.5719618242172
1113,FIDS111,u,12,IDS,14.74,410.0000000000001,392.26452369156306,919.6694153229229
1114,FIDS111,e,12,IDS,16.78,99.99999999999787,538.4024565307781,1808.2377636867395
1115,FIDS111,æ,12,IDS,16.9566325152765,173.3674847234994,1135.4790463869376,1696.581510635371
1116,FIDS111,u,12,IDS,17.35,139.3555645981479,416.2697017522785,948.4569073753756
1117,FIDS111,æ,12,IDS,22.3992310926515,133.05533340535902,794.8936775744029,1669.1284255967653
1118,FIDS111,u,12,IDS,23.8910856375586,53.51138408693856,487.149229698207,1208.2315657569352
1119,FIDS111,u,12,IDS,24.49272714513067,217.27285486933212,400.98078863342784,1488.4832430459146
1120,FIDS111,e,12,IDS,26.36,160.00000000000014,556.1200087575504,2068.325287272122
1121,FIDS111,a,12,IDS,27.26,109.99999999999943,706.5740573575039,1244.4911244666632
1122,FIDS111,e,12,IDS,28.31,119.67078486060956,772.8458954097355,2468.440321004088
1123,FIDS111,a,12,IDS,29.48,120.000000000001,704.2024185084831,1403.2475673222903
1124,FIDS111,o,12,IDS,30.3,129.999999999999,429.7619797435672,1006.045410070228
1125,FIDS111,o,12,IDS,31.34,170.0000000000017,343.7104844516285,812.4719780438569
1126,FIDS111,æ,12,IDS,35.09,109.99999999999943,908.0546017039712,1662.446818445229
1127,FIDS111,i,12,IDS,35.505103932152,104.89606784800287,337.3687753980374,2566.427658595573
1128,FIDS111,i,12,IDS,37.32599681650373,104.00318349626758,264.3478525001703,2077.553098923551
1129,FIDS111,e,12,IDS,40.21131523401093,88.68476598906483,551.4688118546172,2290.247449348767
1130,FIDS111,a,12,IDS,40.43,200.00000000000284,1089.8411608051806,1542.1296533074528
1131,FIDS111,e,12,IDS,41.14411754149019,75.88245850980968,539.033705588838,2293.237518815968
1132,FIDS111,a,12,IDS,41.42035198366871,131.60907978139136,1238.709968052895,1450.2586385129623
1133,FIDS111,a,12,IDS,42.34,99.99999999999432,1202.0866293474394,1672.0353075160433
1134,FIDS111,i,12,IDS,44.52,79.9999999999983,347.3595617313745,2486.4241350162993
1135,FIDS111,e,12,IDS,45.86360652352491,96.39347647509311,484.8445741216789,2397.013248255178
1136,FIDS111,e,12,IDS,47.5096874110769,80.31258892310689,378.1657549917497,1995.2034413156182
1137,FIDS111,i,12,IDS,48.56,49.99999999999716,257.84138307431897,2114.136100945534
1138,FIDS111,a,12,IDS,48.8,140.00000000000057,864.3228192544743,1392.3674800505603
1139,FIDS111,i,12,IDS,53.75,100.44085147841741,466.5527732229534,2463.549223205915
1140,FIDS111,i,12,IDS,55.78949458962991,78.0976956944528,300.77249382119095,2537.2095143477472
1141,FIDS111,æ,12,IDS,56.51985266973541,66.52766670269017,907.1888621344332,1795.7084821450594
1142,FIDS111,a,12,IDS,56.76,109.99999999999943,756.3196693076801,1304.6703499007874
1143,FIDS111,o,12,IDS,58.35433005770005,50.61887683899613,483.68226391702575,1180.7321956105625
1144,FIDS111,i,12,IDS,58.48015412298555,49.84587701444809,311.73413714220396,1736.9995018426052
1145,FIDS111,u,12,IDS,61.05989821655631,111.36152904578722,303.11572664204,702.4614424324434
1146,FIDS111,o,12,IDS,69.88898909467598,169.21167400462878,443.79103855122366,788.9098458350874
1147,FIDS111,u,12,IDS,70.36066661368622,101.23775367799226,312.8408700989011,1750.5167088119285
1148,FIDS111,o,12,IDS,73.02,108.60837007400903,468.1051181447094,846.2519118183932
1150,FIDS111,o,12,IDS,74.71,140.00000000000057,634.6112860781448,995.9110123498626
1151,FIDS111,a,12,IDS,76.60084436135361,249.15563864638557,921.3357707178004,1264.3747854619617
1152,FIDS111,e,12,IDS,77.71,80.0000000000125,301.7313751408502,2141.537993062929
1153,FIDS111,u,12,IDS,78.07,150.00000000000568,373.80030029439666,1542.3209838551913
1154,FIDS111,a,12,IDS,79.98,200.00000000000284,380.51500958497525,1244.7942031908947
1155,FIDS111,e,12,IDS,81.04,119.99999999999034,510.33815824200394,2104.327604973351
1156,FIDS111,o,12,IDS,81.96273134999167,77.26865000833527,379.9423251619501,1018.287671814206
1157,FIDS111,o,15,IDS,6.030452091007402,149.54790899259774,697.7708964891693,1216.9961521208832
1158,FIDS111,e,15,IDS,7.13337325499795,186.1830405619882,393.5285168680289,2670.679156735403
1159,FIDS111,o,15,IDS,7.909067096948061,119.35010275138768,697.985578221647,1214.4821952395876
1160,FIDS111,i,15,IDS,8.55,129.999999999999,317.8301614169535,2463.3668822286822
1161,FIDS111,u,15,IDS,10.20486663896799,285.67843743683954,409.5504489016243,981.3464095788415
1162,FIDS111,u,15,IDS,11.01163270646857,163.78897079712118,406.0043396407467,1071.3315312944173
1163,FIDS111,u,15,IDS,11.53301828901577,436.98171098423086,452.32814567124814,855.9436800487092
1164,FIDS111,i,15,IDS,12.65,99.99999999999964,419.11452408422224,2477.8682169658523
1165,FIDS111,æ,15,IDS,16.36108078404909,320.7899125120797,1100.086388130851,1822.1893899086901
1166,FIDS111,æ,15,IDS,17.88919089640127,138.58124220523038,1034.156254538888,1683.7183395650438
1167,FIDS111,æ,15,IDS,19.48008900263005,111.6348895542103,856.4320225815572,1759.9258228357826
1168,FIDS111,u,15,IDS,19.96939327397448,162.96127555613182,455.59205511618575,954.1859705869156
1170,FIDS111,e,15,IDS,22.79259384144103,564.5902460212717,1545.9355162088136,1640.8467847710863
1171,FIDS111,u,15,IDS,24.05360058695475,98.80329305372015,364.95156683975796,877.8831490066797
1172,FIDS111,æ,15,IDS,29.58290057803321,298.9761984612578,900.6529360217713,1642.8394786882575
1173,FIDS111,u,15,IDS,31.26,129.999999999999,361.83604645696715,816.8067506024793
1174,FIDS111,u,15,IDS,32.818787530002,418.31004591576004,374.7874648787089,759.4137908667467
1175,FIDS111,e,15,IDS,35.02987219188014,130.1278081198589,465.74389301608784,2030.2671224751737
1176,FIDS111,a,15,IDS,35.82290548270612,127.09451729388377,1005.2899054737813,1393.449786729827
1177,FIDS111,e,15,IDS,37.35,119.99999999999744,415.2094026171678,2304.336522267457
1178,FIDS111,a,15,IDS,38.64,110.12881080230841,620.7343664332666,1209.2763950539425
1179,FIDS111,o,15,IDS,39.23,112.3869681739933,418.47338334350826,838.2450990612579
1180,FIDS111,o,15,IDS,40.35604501525175,89.82117550338842,536.7550104251154,1154.1327231814244
1181,FIDS111,æ,15,IDS,44.82410697238643,105.21909130396523,730.4033809423465,1967.8784751644416
1182,FIDS111,i,15,IDS,45.2637478349589,146.25216504109773,310.442576874205,2668.505775804855
1183,FIDS111,i,15,IDS,47.35481771777926,115.18228222073645,373.9658014656497,2401.1517257162664
1184,FIDS111,e,15,IDS,49.86688329646814,71.85694040270363,391.4503021270876,2171.9445182064187
1185,FIDS111,a,15,IDS,50.1,229.99999999999687,905.2914394180242,1559.7679169896005
1186,FIDS111,e,15,IDS,51.53032740012215,109.67259987785383,403.01542792400085,2243.720035333249
1187,FIDS111,a,15,IDS,52.02,469.99999999999886,789.9691693962629,1130.7196010824523
1188,FIDS111,a,15,IDS,53.28162046260702,73.14010005275406,757.4715677614208,1335.3185769625723
1189,FIDS111,æ,15,IDS,54.83,71.44526357858894,667.3713294249726,1769.4257718246736
1190,FIDS111,i,15,IDS,55.15551087428817,64.4891257118303,299.08148515542945,2384.3854137947483
1191,FIDS111,e,15,IDS,57.2626596045125,69.29062110260986,480.67063541109894,2101.7883529280653
1192,FIDS111,e,15,IDS,58.0341884207304,75.70641935284783,498.80423451704735,2177.2616065590273
1193,FIDS111,i,15,IDS,59.02493137747805,175.06862252195532,1498.2400321732764,2879.1502306829934
1194,FIDS111,i,15,IDS,59.45193867775923,68.06132224077288,319.3247701999129,2330.7712928383307
1195,FIDS111,i,15,IDS,64.99881496093933,101.36961235382103,269.5000712387865,2550.258613087125
1196,FIDS111,i,15,IDS,66.42,103.27362855056776,405.3248162286865,2414.718994765692
1197,FIDS111,æ,15,IDS,68.16,120.00000000000455,842.2576771257324,1732.365677452614
1198,FIDS111,a,15,IDS,68.5,133.46136771193073,848.5201992241406,1300.7418897422372
1199,FIDS111,a,15,IDS,69.63,130.00000000000966,744.310755095332,1163.4379164784905
1200,FIDS111,o,15,IDS,70.74,70.00000000000739,572.6812217772504,1245.3385494605106
1201,FIDS111,i,15,IDS,70.94,60.000000000002274,452.19580824072625,1831.8927794564113
1202,FIDS111,u,15,IDS,73.9165479262582,113.45207374179722,404.0481906817408,732.698322863323
1203,FIDS111,o,15,IDS,84.26,129.99999999999545,378.1371031518313,760.2382951831285
1204,FIDS111,u,15,IDS,85.1558306672596,131.0976873054983,421.644399378973,806.0309635682173
1205,FIDS111,o,15,IDS,86.95,99.99999999999432,526.5717913249583,1600.3541988545735
1206,FIDS111,æ,15,IDS,88.05,470.4917108669804,902.1984982436319,1607.72524591931
1207,FIDS111,o,15,IDS,88.99,119.96454682493152,445.89184727056295,1064.5846700207485
1208,FIDS111,a,15,IDS,90.86,260.0000000000051,750.266679213168,1158.647014859424
1209,FIDS111,e,15,IDS,91.58,100.00000000000853,378.97466789502,2319.838421847529
1210,FIDS111,u,15,IDS,91.98,179.9999999999926,339.74584203742864,668.5812673680828
1211,FIDS111,a,15,IDS,94.0,109.99999999999943,899.5881190690096,1262.648803557807
1212,FIDS111,e,15,IDS,94.64,90.00000000000341,543.6869734492548,2073.4119389537714
1213,FIDS111,o,15,IDS,95.419858362224,136.63702620571883,415.48401424850294,956.6784177102321
1214,FIDS111,æ,9,IDS,2.81,90.11244179272504,891.8457422967714,1661.3778559002626
1215,FIDS111,o,9,IDS,3.27,120.00000000000011,378.31199161043685,885.4160021463755
1216,FIDS111,e,9,IDS,3.97,135.76349812504552,325.65981341176115,2599.9884386620674
1217,FIDS111,o,9,IDS,4.89,129.9999999999999,355.3283028637174,949.2083431240375
1218,FIDS111,i,9,IDS,5.981536411967533,178.463588032467,248.88788355605794,2235.916768745707
1219,FIDS111,u,9,IDS,7.83,220.00000000000063,303.1730654268711,680.8137016030798
1220,FIDS111,u,9,IDS,8.64,199.9999999999993,370.4664260093338,1602.2654690989566
1221,FIDS111,u,9,IDS,9.09314160926601,213.92420563933888,472.9389265531023,901.9972189983406
1222,FIDS111,i,9,IDS,9.68,159.66379043698353,354.2573128495191,2417.612042862865
1224,FIDS111,æ,9,IDS,16.2,76.72624706916054,703.6919936657733,2054.847650441194
1225,FIDS111,u,9,IDS,16.59136371119467,252.26911042375022,473.3126646438728,585.6438996305893
1226,FIDS111,e,9,IDS,18.95,50.00000000000071,630.2545263473745,2053.22492665015
1227,FIDS111,æ,9,IDS,19.13,76.24334750077111,1275.5199916190704,1659.5528944082275
1228,FIDS111,u,9,IDS,20.32,166.43810172805829,291.6180751906418,1451.201926736384
1229,FIDS111,æ,9,IDS,27.82,179.99999999999972,1247.1864614864453,1855.9017712372956
1230,FIDS111,u,9,IDS,29.59458706547854,270.4324863742613,444.0052237622966,1423.3586797952787
1231,FIDS111,u,9,IDS,31.29399848032764,125.12547877017965,442.6023820108823,1980.555329787644
1232,FIDS111,e,9,IDS,33.85,225.71864259247576,349.00548477151114,2461.831695924132
1233,FIDS111,a,9,IDS,35.77927338744772,190.7266125522824,887.5788067187941,1468.6414892923815
1234,FIDS111,e,9,IDS,37.45923278034296,84.76242110238275,705.3388309975843,1768.3205648952453
1235,FIDS111,a,9,IDS,38.84,99.99999999999432,940.7233530691966,1412.8369453455794
1236,FIDS111,o,9,IDS,39.54,90.00000000000341,441.30211052710365,862.3017490319894
1237,FIDS111,o,9,IDS,40.9,140.00000000000057,288.8651417772072,892.453030526212
1238,FIDS111,æ,9,IDS,45.65,79.9999999999983,623.413394590476,1814.6155377132413
1239,FIDS111,i,9,IDS,46.02,79.9999999999983,327.5602832683019,2466.1277366482964
1240,FIDS111,i,9,IDS,48.58,79.9999999999983,283.04100730094876,2342.401652763179
1241,FIDS111,e,9,IDS,51.22372786862246,104.94394993627765,560.1232328776191,2418.6890613123373
1242,FIDS111,a,9,IDS,51.46,170.0000000000017,900.9553805192963,1466.4458074821373
1243,FIDS111,e,9,IDS,53.01,230.00000000000398,381.53776159807177,1798.1343155187874
1244,FIDS111,a,9,IDS,53.59509683219647,214.90316780353425,871.2074080494582,1357.9008230883464
1245,FIDS111,a,9,IDS,54.52,70.00000000000028,877.3172559262433,1872.519245709678
1246,FIDS111,æ,9,IDS,56.52,91.86628429325339,543.9299308129687,1713.6218011407493
1247,FIDS111,i,9,IDS,56.94284335716922,92.83503263594639,298.55098682854293,2503.4362687368152
1248,FIDS111,e,9,IDS,58.71,140.00000000000057,443.0380133869369,2285.869881357445
1249,FIDS111,e,9,IDS,60.09,91.76033140021644,389.2312064172793,2061.132558119701
1250,FIDS111,i,9,IDS,61.44,60.000000000002274,279.4308252133954,2297.5193591427515
1251,FIDS111,i,9,IDS,61.82,119.99999999999744,399.1198477665431,2282.683876811085
1252,FIDS111,a,9,IDS,62.19,100.00000000000142,721.2740670305519,1368.7837249936574
1253,FIDS111,i,9,IDS,67.93,89.9999999999892,317.04304615520863,2424.4106892367417
1254,FIDS111,i,9,IDS,69.91819698732118,110.99840858645393,243.34038540640915,2026.2232221735194
1256,FIDS111,a,9,IDS,71.46,90.00000000000341,636.4208145311736,1344.568157712034
1257,FIDS111,o,9,IDS,72.68,49.99999999999716,420.27110061830365,1161.3608484971842
1258,FIDS111,i,9,IDS,72.89,49.99999999999716,455.28155750214296,1862.9378853233818
1259,FIDS111,u,9,IDS,75.95,110.91053290114417,328.91538137281,737.7779770543019
1260,FIDS111,o,9,IDS,84.31050799009161,135.21624318713066,404.71645680830034,1103.7393594820278
1261,FIDS111,u,9,IDS,84.81,219.99999999999886,337.7329871934583,1734.855932123989
1262,FIDS111,o,9,IDS,88.35,90.00000000000341,419.1442821811065,771.9154167011864
1263,FIDS111,æ,9,IDS,89.3,130.00000000000966,542.7769503403093,1903.858960880158
1264,FIDS111,o,9,IDS,89.89,90.00000000000341,339.7055333696281,993.0239485940185
1265,FIDS111,a,9,IDS,92.02,370.00000000000455,772.6075346566494,1209.6927627094217
1266,FIDS111,e,9,IDS,93.67,76.4779327927414,482.11721473647236,2143.0603699464536
1267,FIDS111,u,9,IDS,94.02,79.9999999999983,312.56218635341764,1020.0670576586032
1268,FIDS111,o,9,IDS,94.87,60.000000000002274,459.6801421463044,1228.9461146221172
1269,FIDS111,a,9,IDS,95.47,90.00000000000341,722.9701845321305,1232.6734289075332
1270,FIDS111,e,9,IDS,96.52,130.00000000000966,491.17527532948196,2143.555356856753
1271,FIDS111,o,9,IDS,98.03,150.00000000000568,370.72893342476135,899.4181014779344
1272,FIDS112,i,15,IDS,3.92,139.9999999999997,285.3225741859347,2183.914673269538
1273,FIDS112,æ,15,IDS,7.53,120.00000000000011,782.1715195039519,1497.6819600754661
1274,FIDS112,æ,15,IDS,13.42,114.73177139833979,776.9448137658964,1608.6287995231842
1275,FIDS112,u,15,IDS,13.88,179.99999999999972,266.9726420628779,549.8059517238669
1276,FIDS112,e,15,IDS,17.23781949188998,97.25509814910893,555.4858526340465,2020.147007379562
1277,FIDS112,æ,15,IDS,17.43,154.40129620317933,999.7956878856537,1646.9386811376623
1278,FIDS112,u,15,IDS,18.61225079957379,137.7492004262102,268.8059711660833,629.3148414819989
1279,FIDS112,æ,15,IDS,27.1,129.999999999999,888.9602382389586,1799.1248643819458
1280,FIDS112,u,15,IDS,28.52,109.99999999999943,323.0103602941091,915.9901819192031
1281,FIDS112,u,15,IDS,29.40550509277828,224.49490722171817,390.7555354727403,1638.7860948224888
1282,FIDS112,e,15,IDS,32.55,100.00000000000142,700.3459837831756,1588.1425965763692
1283,FIDS112,a,15,IDS,33.73,165.20206892113976,773.821763934429,1202.2878827576133
1284,FIDS112,e,15,IDS,38.77,101.24160552864936,369.01787342717796,1354.7528515087656
1285,FIDS112,a,15,IDS,44.88,96.30370011434053,787.1418047438866,1201.6324707544343
1286,FIDS112,o,15,IDS,45.67,95.8063735399648,616.4533429575081,1115.7694916035693
1287,FIDS112,o,15,IDS,47.14,95.71332657449716,594.9495933708306,1320.8902211951217
1288,FIDS112,æ,15,IDS,51.59458034541694,145.4196545830655,793.3333757054419,1299.0893663606225
1289,FIDS112,i,15,IDS,52.16,130.00000000000256,354.8894574725803,2437.482128926022
1290,FIDS112,i,15,IDS,54.01942260454376,120.24266680253959,304.11455276486237,2291.6117115670154
1291,FIDS112,e,15,IDS,58.36142558457057,164.44952959759007,401.9642723850162,2299.1602971846905
1292,FIDS112,a,15,IDS,58.74,124.03048821677487,724.4850475138205,1225.8081501192044
1293,FIDS112,e,15,IDS,59.90466167717792,125.33832282208124,529.2614655785379,2190.7093484028774
1294,FIDS112,a,15,IDS,60.39,229.99999999999687,556.1474667641254,1403.4290150713964
1296,FIDS112,æ,15,IDS,65.31637340979741,133.6265902025957,798.4572795277354,1745.696276635854
1297,FIDS112,i,15,IDS,65.80212545291445,77.87454708554264,359.0224330911507,1909.427866012384
1298,FIDS112,e,15,IDS,67.58926374452984,100.73625547015297,374.06890607482023,2069.034424981984
1300,FIDS112,i,15,IDS,70.36,83.80788831111374,348.4699798996524,2221.865615264206
1301,FIDS112,i,15,IDS,70.77122275338175,58.77724661824857,341.9107188498204,2145.396372119729
1302,FIDS112,a,15,IDS,71.12,129.08299214923602,672.8683945633968,1265.024338935298
1303,FIDS112,i,15,IDS,77.21,100.00000000000853,278.025373349501,2084.6402831372798
1304,FIDS112,i,15,IDS,78.98566404302468,111.40129424352097,306.00285639650446,2251.029994846122
1305,FIDS112,æ,15,IDS,83.04500482497708,65.42615693668097,623.6078455060406,1455.550529954447
1306,FIDS112,a,15,IDS,83.26,85.61149198342832,656.2042889809684,1094.5429697547002
1307,FIDS112,a,15,IDS,84.79,69.99999999999318,557.6410926974743,1106.1864763547349
1308,FIDS112,i,15,IDS,86.68,79.9999999999983,474.60459452686916,1231.7730954196302
1309,FIDS112,u,15,IDS,92.04947223567387,160.91298057401104,371.12473516885893,1393.2710642247912
1310,FIDS112,o,15,IDS,104.6285114882757,111.4885117242892,462.4103935397472,1015.4240270190431
1311,FIDS112,u,15,IDS,105.09,129.99999999999545,342.6429788713669,854.0340959584777
1312,FIDS112,o,15,IDS,108.74,160.0000000000108,598.7825179837229,1129.536542192685
1313,FIDS112,e,15,IDS,110.6666408752268,185.6688237392916,407.4448364976631,1369.0872939012008
1314,FIDS112,o,15,IDS,112.17,96.9851998403044,602.3039008930241,1063.3019303696665
1315,FIDS112,a,15,IDS,115.02,176.35385560529926,771.9222672196665,1224.7281326731118
1316,FIDS112,e,15,IDS,117.03,124.20724684959339,594.6764212488017,1685.404514797503
1317,FIDS112,o,15,IDS,121.71,80.0000000000125,521.2558799888105,1117.0159247025263
1318,FIDS112,a,15,IDS,122.38,117.76380152440424,1030.8932815595294,1176.8186792408071
1319,FIDS112,e,15,IDS,123.31,111.79737804059187,659.3889665558664,1873.4466375247491
1320,FIDS112,o,15,IDS,124.8456095101476,159.14470606220732,498.55358493395005,1059.6249883728397
1321,FIDS116,æ,12,IDS,2.468460369375195,90.49007529053998,971.3762523987148,1534.0100370579391
1322,FIDS116,o,12,IDS,3.132054254839155,147.94574516084504,452.134706072736,980.8819302263959
1323,FIDS116,e,12,IDS,4.82,139.9999999999997,476.4850480968012,1889.2978353345943
1324,FIDS116,o,12,IDS,5.822646316244253,137.3536837557472,440.9155291911402,972.7645352104737
1325,FIDS116,i,12,IDS,7.412445629081403,97.55437091859687,313.8380675205633,2190.3183731080508
1326,FIDS116,u,12,IDS,9.36,172.69888456461223,327.9309191956215,769.1473487867592
1327,FIDS116,u,12,IDS,11.10799899334796,132.00100665203962,321.39573801025085,591.5184906259266
1328,FIDS116,u,12,IDS,11.46992291122504,230.07708877495858,295.6759773481527,818.9480133774384
1329,FIDS116,i,12,IDS,12.44,110.00000000000121,343.90691162241427,2335.436373080729
1330,FIDS116,æ,12,IDS,17.80552468206311,134.47531793689294,694.8125644287512,1329.8114281892724
1331,FIDS116,æ,12,IDS,19.86,89.99999999999986,653.3539625112912,1450.2211769373628
1332,FIDS116,u,12,IDS,20.36,160.00000000000014,343.87019074724697,1357.2865426200594
1333,FIDS116,e,12,IDS,27.42,129.999999999999,485.2313335400656,1972.4245108742234
1334,FIDS116,æ,12,IDS,27.7005321089706,129.4678910293996,741.6661649384534,1521.3844172324657
1335,FIDS116,u,12,IDS,28.8320441231479,117.95587685210052,382.9160905275855,1117.9936445556818
1336,FIDS116,æ,12,IDS,38.93323506848004,125.42535276488564,631.2623467688788,1441.392940877419
1337,FIDS116,u,12,IDS,41.6207815650862,133.07324012859567,338.5454443934514,702.6082613398423
1338,FIDS116,u,12,IDS,43.1,329.9999999999983,387.00702706287547,862.5254865455457
1339,FIDS116,e,12,IDS,45.81,169.9999999999946,558.2018848245399,1877.9414964870157
1340,FIDS116,a,12,IDS,47.04,171.54498195532142,580.4954973994375,1038.062527780034
1341,FIDS116,a,12,IDS,49.92,170.0000000000017,607.1256410720125,1082.8685574193962
1342,FIDS116,o,12,IDS,50.87,150.00000000000568,508.69451071801814,933.4412420851816
1343,FIDS116,o,12,IDS,53.17,109.99999999999943,523.604625754143,940.0816605075466
1344,FIDS116,æ,12,IDS,58.35326986377394,152.95774727425027,822.7625467588056,1426.416014325799
1345,FIDS116,i,12,IDS,59.02628395178063,123.71604821937154,288.5699778311304,2152.1022479738276
1346,FIDS116,i,12,IDS,61.66,110.00000000000654,298.6034651110006,2161.2579919862083
1347,FIDS116,æ,12,IDS,66.48959026192834,76.47887363712869,680.3133610681616,1374.5291060450772
1349,FIDS116,æ,12,IDS,70.36908355169936,88.71549341905904,628.8422425451228,1375.8860893991516
1350,FIDS116,a,12,IDS,70.74,140.00000000000057,644.9911225494228,1100.1818526989973
1351,FIDS116,a,12,IDS,72.35,140.00000000000057,620.9053363353917,1216.4992370963666
1352,FIDS116,æ,12,IDS,78.00417435594912,125.42535276489275,738.4627761751921,1438.2013956790531
1353,FIDS116,i,12,IDS,78.54196674556333,78.03325443667575,338.83878346926747,1944.135953247777
1354,FIDS116,e,12,IDS,80.68,189.99999999999773,543.113955973562,1920.7094418578172
1355,FIDS116,e,12,IDS,82.48,164.73009560330354,545.0323725785694,1728.805379484034
1356,FIDS116,i,12,IDS,86.23134108128126,188.13802914732491,329.0787204593674,2137.15989699595
1357,FIDS116,i,12,IDS,87.13,90.00000000000341,331.5647720851413,1916.4965868710349
1359,FIDS116,i,12,IDS,98.46345938677716,168.25352200167742,365.3748567159873,2276.8397133123785
1360,FIDS116,i,12,IDS,101.04,109.99999999999943,376.6564821677233,2251.6457171540374
1361,FIDS116,æ,12,IDS,102.34,127.95446290920154,678.8666424524364,1447.0735315600955
1362,FIDS116,a,12,IDS,102.69,79.9999999999983,730.0295059180556,1163.9581872710194
1363,FIDS116,a,12,IDS,106.21,90.37322904900691,647.430541881167,1149.9675936603933
1364,FIDS116,o,12,IDS,107.9876901844894,62.30981551060211,556.6040901671545,1089.927837862325
1365,FIDS116,i,12,IDS,108.26,42.783143874387974,455.5662007694016,1499.7728470011346
1366,FIDS116,u,12,IDS,112.0610821221513,138.9178778486979,313.2480109209106,809.3293731640991
1367,FIDS116,o,12,IDS,133.5717881330393,178.21186696070868,513.2459722822125,840.0073420036937
1368,FIDS116,u,12,IDS,134.4496667895086,194.2563390383043,386.02356490648447,1306.662616896548
1369,FIDS116,o,12,IDS,138.94,210.00000000000796,478.848536071623,1582.4785639643674
1370,FIDS116,æ,12,IDS,140.982193425555,97.80657444500207,665.9941653363175,1490.482022432555
1371,FIDS116,o,12,IDS,141.52,149.99999999997726,553.1725508354094,974.4007768412566
1372,FIDS116,a,12,IDS,145.06,210.00000000000796,644.095223738862,981.0394600169354
1373,FIDS116,e,12,IDS,146.75,129.99999999999545,455.89348297670114,1724.4779772255033
1374,FIDS116,u,12,IDS,147.22,129.86807256891097,343.69780457166263,818.0112029739953
1375,FIDS116,o,12,IDS,148.39,90.00000000000341,525.5921144996495,1056.3203046781605
1376,FIDS116,a,12,IDS,149.12,199.99999999998863,616.8777596708036,1086.2913893328075
1377,FIDS116,e,12,IDS,149.95,150.00000000000568,509.104093995704,1688.459384744261
1378,FIDS116,o,12,IDS,151.1600585589113,145.30985991052603,453.1436742494882,931.5496655880776
1379,FIDS116,æ,15,IDS,3.58,87.15339627899077,737.6107347280075,1524.4867955585285
1380,FIDS116,o,15,IDS,4.090364017863211,139.63598213678983,465.08774277913665,962.7061857667768
1381,FIDS116,e,15,IDS,5.01692095895678,173.0790410432208,580.5948033245809,1798.563970830975
1382,FIDS116,o,15,IDS,5.975636950397278,141.0702071947405,534.2597412953746,1150.8893719328703
1383,FIDS116,i,15,IDS,7.193322836447355,126.67716355264514,365.6387492292821,2351.8115704197
1384,FIDS116,u,15,IDS,9.04,280.00000000000114,324.4440475329594,616.8075345495001
1385,FIDS116,u,15,IDS,10.30886277554854,111.13722445145946,327.0175422367708,690.6595815631008
1386,FIDS116,u,15,IDS,10.64,139.9999999999988,414.73421901231126,986.8067537506089
1387,FIDS116,i,15,IDS,11.24,89.99999999999986,368.31625515060057,2056.179967735334
1388,FIDS116,æ,15,IDS,13.97,149.99999999999858,714.4581785831576,1573.577516471058
1389,FIDS116,æ,15,IDS,15.75836064802077,121.63935197923159,695.4042495763516,1446.3002816805838
1390,FIDS116,æ,15,IDS,17.89,100.50357613508965,580.49461615652,1299.5596179353208
1391,FIDS116,u,15,IDS,18.3,149.2877813983604,329.9122142583024,745.4326754268094
1392,FIDS116,e,15,IDS,24.93,140.00000000000057,529.5549754029682,1840.9451203487413
1393,FIDS116,æ,15,IDS,25.14003291225891,139.4487105603197,709.9004139792823,1543.9219243459224
1394,FIDS116,u,15,IDS,26.03141743620106,136.20571729147102,342.5305761163,699.9865248289391
1395,FIDS116,æ,15,IDS,32.92,189.99999999999773,683.3953435440519,1500.5142471972388
1396,FIDS116,u,15,IDS,34.78,149.99999999999858,439.38717767851335,973.3476574608492
1397,FIDS116,u,15,IDS,35.81,189.99999999999773,304.0309512173965,1022.809968121646
1398,FIDS116,e,15,IDS,39.97644807746158,153.5519225384192,605.7379013014171,1922.6607878869227
1399,FIDS116,a,15,IDS,41.19835734645364,168.63564997991887,719.7892397083716,1165.1944858986392
1400,FIDS116,a,15,IDS,42.95,179.99999999999972,649.3948993569296,1063.9093842770624
1401,FIDS116,o,15,IDS,44.66,130.7785221689599,545.8768799729897,1157.4960397775749
1402,FIDS116,o,15,IDS,46.59,110.4938744361732,448.6013416386609,997.0393698515443
1403,FIDS116,æ,15,IDS,61.82229244729718,131.34122738819798,653.9472584209853,1380.0866191074438
1404,FIDS116,i,15,IDS,62.33409584665981,128.0982341193706,337.33062667477276,2257.1140576358175
1405,FIDS116,i,15,IDS,65.56064832011052,119.35167988949047,341.504678921214,2193.9825116165744
1406,FIDS116,e,15,IDS,70.18152015651579,103.77578460303027,478.9611055773874,1888.8703989994788
1407,FIDS116,a,15,IDS,70.54089255827344,168.63564997991887,569.2200154412994,1015.4885524489957
1408,FIDS116,e,15,IDS,71.85987231283579,110.12768716420851,574.3208896168203,1767.9092041934935
1409,FIDS116,a,15,IDS,72.19,129.99999999999545,703.3466417437854,1421.5461625416651
1410,FIDS116,a,15,IDS,73.36268103817196,116.74775767839662,866.8102172436934,1148.597847104206
1411,FIDS116,æ,15,IDS,75.75400151880118,129.71973075377718,730.4701708303908,1484.3010313492885
1412,FIDS116,i,15,IDS,76.21390671189297,82.69632835553864,330.5844772058207,2044.4072715925704
1413,FIDS116,e,15,IDS,78.44394826250561,156.05173749437995,477.38976322988935,1902.815165348584
1414,FIDS116,e,15,IDS,79.73709372716473,94.0468047964913,540.3430962948314,1715.3403128293953
1415,FIDS116,i,15,IDS,82.2490254377639,90.80381152764971,321.3285696721515,2106.0153637376543
1416,FIDS116,i,15,IDS,82.62560350950821,84.396490491784,361.181267263986,1994.0342744516677
1417,FIDS116,a,15,IDS,83.0437303286941,162.1496634422357,612.7373250364378,1035.9246668009882
1418,FIDS116,i,15,IDS,99.73,179.9999999999926,287.48050040090425,1888.3662274154856
1419,FIDS116,i,15,IDS,102.58,110.48218212769711,340.94027709608315,2267.5612364120134
1420,FIDS116,æ,15,IDS,105.32,170.0000000000017,652.6158933143904,1430.702398655188
1421,FIDS116,a,15,IDS,105.73,86.24129587219898,601.4859419674193,1084.127254923436
1422,FIDS116,a,15,IDS,107.01,79.9999999999983,617.7118644068435,1146.2294937494398
1423,FIDS116,u,15,IDS,109.75,40.00000000000625,401.0372899544779,1010.8104730344046
1424,FIDS116,u,15,IDS,113.4152063960425,134.7936039574904,261.01253064703496,821.3265243286639
1425,FIDS116,o,15,IDS,128.192486605229,117.51339477100942,477.3337793340171,911.8301700438326
1426,FIDS116,u,15,IDS,128.64,125.02582930480344,371.0673716298489,954.0916815303132
1427,FIDS116,o,15,IDS,133.0,159.9999999999966,406.33432609781363,842.6290797293017
1428,FIDS116,æ,15,IDS,134.92,82.862576387015,634.9588495470548,1437.1948380527165
1429,FIDS116,o,15,IDS,135.3,139.99999999998636,510.2910015721353,907.1281888809914
1430,FIDS116,a,15,IDS,139.28,220.0891880796121,592.3404727986403,979.0790376293877
1431,FIDS116,e,15,IDS,140.83,119.99999999997613,481.30103650996807,1744.073411459486
1432,FIDS116,u,15,IDS,141.24,149.99999999997726,286.57014603221455,691.3009398289931
1433,FIDS116,o,15,IDS,142.8023927504198,87.60724958017363,386.1066290558958,1076.3658012582257
1434,FIDS116,a,15,IDS,143.99,179.9999999999784,543.4851540506556,940.1007865566714
1435,FIDS116,e,15,IDS,144.92,125.88615497540445,524.3280618333399,1924.3158617107783
1436,FIDS116,o,15,IDS,145.9059514200884,114.04857991161066,418.0350220284872,848.7096615318225
1437,FIDS117,e,9,IDS,2.686108163834525,57.98241674879012,351.30363271703465,1804.6396980188115
1438,FIDS117,o,9,IDS,3.174381146982221,125.11995193159686,408.58413823272826,1189.8032828208093
1439,FIDS117,e,9,IDS,4.44,58.75801004135717,437.7568399945864,1566.3383059255216
1440,FIDS117,o,9,IDS,5.93,114.69534173806295,452.39030080455836,1143.17552086955
1441,FIDS117,i,9,IDS,7.95,110.00000000000031,400.82844699216156,2256.6874446468037
1442,FIDS117,u,9,IDS,9.91,156.54756279718995,253.88818202998232,970.3585379451566
1443,FIDS117,u,9,IDS,11.2,140.00000000000057,326.8653920916434,1655.6200255935998
1444,FIDS117,u,9,IDS,11.47,119.99999999999922,327.7056102591371,1135.5526838406652
1445,FIDS117,i,9,IDS,11.97,129.999999999999,339.97170053498263,2169.5621527828043
1446,FIDS117,æ,9,IDS,15.49027573269146,134.27507036561968,816.622221684398,1638.2903860636939
1447,FIDS117,æ,9,IDS,17.94,109.99999999999943,505.0163725110044,1446.1755967808906
1448,FIDS117,æ,9,IDS,21.85851077824421,132.7492172932807,643.788666449264,1810.7172840980556
1449,FIDS117,u,9,IDS,22.31,126.80909265976226,302.8612559670582,949.6738951070874
1450,FIDS117,e,9,IDS,26.6,47.87474245294732,496.848511720693,1805.9317032507208
1451,FIDS117,æ,9,IDS,26.66923668546566,152.58530723366093,413.59689082391753,1419.9607433990905
1452,FIDS117,u,9,IDS,28.03472503445575,73.24094747215071,352.58792910514785,1458.860742211532
1454,FIDS117,u,9,IDS,39.810219463138,149.78053686200354,345.243421744846,1148.1366793962334
1455,FIDS117,e,9,IDS,46.5,100.00000000000142,595.7759827767115,1997.6453570236638
1456,FIDS117,a,9,IDS,48.31,129.99999999999545,876.7694737284027,1619.0269776432326
1457,FIDS117,e,9,IDS,50.13,79.9999999999983,371.60952354197883,1630.0475327571257
1458,FIDS117,a,9,IDS,51.82,95.29815544544817,910.0411215128631,1591.7085503812677
1459,FIDS117,o,9,IDS,52.58,70.00000000000028,391.7179511986753,900.3412065935188
1460,FIDS117,o,9,IDS,54.14354380377864,102.23215584655065,304.1541750558389,1347.072018311597
1461,FIDS117,æ,9,IDS,61.27189802489274,114.43898042524125,681.6650945410029,1509.4683853343906
1462,FIDS117,i,9,IDS,61.73575735888305,174.24264111694754,366.497913770602,2251.8655719032263
1463,FIDS117,i,9,IDS,64.42,97.00830899275559,336.51360778472105,2176.469893971311
1464,FIDS117,e,9,IDS,69.1541929339033,64.08582903813453,708.2445889383438,1396.3768602616944
1465,FIDS117,a,9,IDS,69.39832942547716,199.88675247607546,848.4806171561613,1579.0638901238767
1466,FIDS117,e,9,IDS,70.67,79.9999999999983,317.2178348129561,1790.1699666922468
1467,FIDS117,a,9,IDS,71.02,170.0000000000017,437.21307695609704,933.6908182776549
1468,FIDS117,a,9,IDS,72.5,150.00000000000568,866.2914213183574,1189.3032555582647
1469,FIDS117,æ,9,IDS,77.31451252299219,148.00774801663863,539.2942070622114,1493.292502274853
1470,FIDS117,i,9,IDS,77.7325962648124,82.39606590616688,393.33873451460187,2196.0836549807213
1471,FIDS117,e,9,IDS,79.85,75.02190363344141,424.6313900984806,1807.4446309837433
1472,FIDS117,e,9,IDS,80.97923622586691,56.45656367644847,383.48493459723613,1458.5592017961244
1473,FIDS117,i,9,IDS,82.98,70.39408312492412,273.8140510963782,2201.800503865681
1474,FIDS117,i,9,IDS,83.33,68.2885836176581,343.8669345071702,2009.4439169666416
1475,FIDS117,a,9,IDS,83.62,89.9999999999892,448.89300810128225,963.7362062798956
1476,FIDS117,i,9,IDS,93.51,119.99999999999034,246.3802861161734,2306.742239766598
1477,FIDS117,i,9,IDS,96.99414102312667,85.85897687332533,395.6090964967582,2213.4682024161425
1478,FIDS117,æ,9,IDS,98.91961513182096,243.67301864307933,375.89783137571845,1481.319871820692
1479,FIDS117,a,9,IDS,99.2729410088534,119.80590083284426,585.3472436187463,1160.2163818979134
1480,FIDS117,o,9,IDS,102.2611736051492,71.48655000240467,394.3361345777373,1284.2946679605868
1481,FIDS117,i,9,IDS,102.4356505198776,44.34948012240625,331.75255456948076,1508.9562929780159
1482,FIDS117,u,9,IDS,105.77,150.00000000000568,334.8817536843635,1709.7702451530429
1483,FIDS117,o,9,IDS,122.64,125.02132278599731,381.61479933695284,1213.2822210741977
1484,FIDS117,u,9,IDS,123.16,60.000000000002274,239.95875660366195,1064.189370715408
1485,FIDS117,o,9,IDS,127.92,119.99999999999034,370.40075639329785,1140.926205315527
1486,FIDS117,e,9,IDS,129.9400807805914,56.892603259200314,230.70815272553486,1537.5498986566645
1487,FIDS117,o,9,IDS,130.47,159.9999999999966,231.02631117288396,1104.6682299870772
1488,FIDS117,a,9,IDS,132.61,149.99999999997726,629.8016052641551,960.6280075144414
1489,FIDS117,e,9,IDS,134.6637980515701,116.20194842990372,166.0478272599298,1693.158209544591
1490,FIDS117,u,9,IDS,135.1123609716588,116.01308542668676,306.9415118786364,1684.5159043722695
1491,FIDS117,o,9,IDS,137.34,69.99999999999318,443.79537437926354,1234.422849111494
1492,FIDS117,a,9,IDS,138.1,120.00000000000455,627.4193536684539,1216.7694784941887
1493,FIDS117,e,9,IDS,139.02,85.34370792588675,599.4568926188364,1650.7019465652322
1494,FIDS117,o,9,IDS,140.3069914340048,122.97387055230047,711.6721378258569,1515.8246621025228
1495,FIDS118,æ,12,IDS,2.6,101.54177741947291,670.8071960599757,1440.0812787164637
1496,FIDS118,o,12,IDS,3.094685195865881,105.3148041341192,483.23274607811203,1154.877502905415
1497,FIDS118,e,12,IDS,4.59,80.05807752777727,412.0278347873395,1790.9403188113313
1498,FIDS118,o,12,IDS,5.366904787769478,108.74179659156002,389.0211842993515,870.511057382673
1499,FIDS118,i,12,IDS,6.99,160.00000000000014,286.63432369467387,2104.2241873714243
1500,FIDS118,u,12,IDS,9.31,189.9999999999995,337.02582788673357,701.7677947758181
1501,FIDS118,u,12,IDS,13.51,160.00000000000014,340.75157600241096,561.1408762934532
1502,FIDS118,u,12,IDS,13.9064292927899,163.57070721010024,311.7339111450548,602.0371303891756
1503,FIDS118,i,12,IDS,14.49,80.00000000000007,311.5503264306792,2119.126104808387
1504,FIDS118,æ,12,IDS,18.96,140.00000000000057,516.692356725967,1464.9790734839528
1505,FIDS118,æ,12,IDS,20.62,99.99999999999787,582.1587676973369,1353.8860382586072
1506,FIDS118,æ,12,IDS,25.7529929914372,121.28892696750881,559.3392744375697,1503.025567817711
1507,FIDS118,u,12,IDS,26.21702072692516,224.45422116976133,291.720129710061,766.0702755371934
1508,FIDS118,e,12,IDS,30.67,109.99999999999943,418.87876401551836,1678.5379461678476
1509,FIDS118,æ,12,IDS,30.87,109.99999999999943,446.6189812473406,1318.2950014609282
1510,FIDS118,u,12,IDS,33.03669114670706,287.18987304951327,370.48468739777735,1393.7894487044728
1511,FIDS118,æ,12,IDS,44.89,126.05692447075256,365.5847779427227,1468.1110133331244
1512,FIDS118,u,12,IDS,48.12,151.73686387310426,298.75434299777135,608.3203725982522
1513,FIDS118,e,12,IDS,58.23834177423884,151.65822576116028,305.74288569173683,1554.366979222753
1514,FIDS118,a,12,IDS,60.96,162.51412612255223,436.5623712202251,1239.6047030145437
1515,FIDS118,e,12,IDS,62.88749174124829,82.50825875170875,304.6864505133558,1496.1589769786688
1516,FIDS118,a,12,IDS,64.76,249.2177981146284,494.5333652379444,1150.1075494729898
1517,FIDS118,o,12,IDS,65.79,105.37747169672684,421.60827199585424,1301.1484421991172
1518,FIDS118,o,12,IDS,68.25190747361526,68.31215426906567,399.19143882393377,1021.0753450774116
1519,FIDS118,æ,12,IDS,78.47092479879868,193.78345802854824,1137.6878075930067,1573.5389583247788
1520,FIDS118,i,12,IDS,79.09409894080416,165.9010591958463,296.39104185050127,2297.8787944321543
1521,FIDS118,i,12,IDS,82.10154884218113,98.4511578188716,336.659627098119,2405.432756716149
1522,FIDS118,e,12,IDS,87.97,120.00000000000455,382.74744828778086,1814.1393671560477
1523,FIDS118,a,12,IDS,88.33942210212462,110.13592218888846,378.9332178421597,1226.2897374705562
1524,FIDS118,e,12,IDS,90.09,140.60592465915533,376.7297242163702,1769.1068616145424
1525,FIDS118,a,12,IDS,90.54656457670704,96.19466621559525,315.2970901452663,1256.4467571832138
1526,FIDS118,a,12,IDS,92.86,127.1779435367364,442.64752255803756,1167.674144514619
1527,FIDS118,æ,12,IDS,95.5412379512044,148.76204879560362,703.7064310219541,1453.335936249532
1528,FIDS118,i,12,IDS,96.24725634815344,144.98906212206464,328.5985814525639,2089.7221926362063
1529,FIDS118,e,12,IDS,104.0861912474392,153.80875256079207,404.7531396032776,2112.433624043825
1530,FIDS118,i,12,IDS,107.09,63.584897274196805,315.15786306552036,1873.5096080402304
1531,FIDS118,a,12,IDS,107.46,160.0000000000108,510.06368388279634,1184.2289458011119
1532,FIDS118,i,12,IDS,124.094683850427,265.3161495729961,322.15603658408685,2091.4116983037084
1533,FIDS118,i,12,IDS,127.6520821113263,127.91788867370713,230.11643167748582,1902.913570750091
1534,FIDS118,æ,12,IDS,130.08,70.00964327639281,493.3537268751128,1444.595342544359
1535,FIDS118,a,12,IDS,130.3075458357744,82.45416422559515,513.521204531305,1192.6501335742914
1536,FIDS118,a,12,IDS,132.25,120.00000000000455,503.5692876144491,807.9362737364505
1537,FIDS118,o,12,IDS,134.52,69.99999999999318,379.2660473388445,1187.8516168387064
1538,FIDS118,i,12,IDS,134.74,50.8668861758963,377.8203512510418,1477.1007858678684
1539,FIDS118,u,12,IDS,141.2818911168136,138.0184341354891,260.8670358790808,462.07874271377085
1540,FIDS118,o,12,IDS,163.1944784723094,105.95354539688628,419.46172035458807,966.1212904095296
1541,FIDS118,u,12,IDS,163.62,159.9999999999966,363.5665372572503,1803.3531776502753
1542,FIDS118,o,12,IDS,168.965103568726,114.89643127401905,387.59481849462173,833.5663583870033
1543,FIDS118,a,12,IDS,175.32,210.00000000000796,467.13065183270453,1112.2983393438672
1544,FIDS118,e,12,IDS,177.28,139.99999999998636,404.6883457471579,1743.3242603393828
1545,FIDS118,u,12,IDS,177.64,150.00000000000568,320.69277819183276,687.3870214407764
1546,FIDS118,u,12,IDS,180.74,139.99999999998636,388.1726012051311,961.9189319175628
1547,FIDS118,a,12,IDS,181.47,120.00000000000455,565.1829312033221,1166.738535952236
1548,FIDS118,e,12,IDS,182.62,139.99999999998636,360.5803623155138,1804.236511524794
1549,FIDS118,o,12,IDS,184.65,150.00000000000568,393.09684371656374,914.4955088869494
1550,FIDS118,æ,15,IDS,3.11,127.12146937206992,626.0308938078674,1342.6425776768504
1551,FIDS118,o,15,IDS,3.734267708312193,144.49543021180088,440.79275843566205,1086.793261464441
1552,FIDS118,e,15,IDS,5.719027290951688,147.99128739434408,431.893253704021,2105.8271952031255
1553,FIDS118,o,15,IDS,6.474357590063942,132.84257293665559,443.6021050372385,1127.5140890189982
1554,FIDS118,i,15,IDS,8.269786221224772,180.21377877522758,358.17741222198754,2047.2647994530148
1555,FIDS118,u,15,IDS,10.19,242.92822222989054,295.2527675542652,811.875508263234
1556,FIDS118,u,15,IDS,15.31,259.75681668255925,303.09339752636714,690.9867825580094
1557,FIDS118,u,15,IDS,15.79,186.81634380881107,305.17600913272054,611.5950512312445
1558,FIDS118,i,15,IDS,16.38,130.00000000000256,300.1060924749576,1489.5988663006922
1559,FIDS118,æ,15,IDS,20.73599111177674,157.31357321445927,574.8329701230016,1506.2193198874504
1560,FIDS118,æ,15,IDS,23.05,114.3874919466299,549.7110940594148,909.5272787343433
1561,FIDS118,æ,15,IDS,26.04,81.76008520903011,490.3478297949007,1202.0792644818946
1562,FIDS118,u,15,IDS,26.49,160.00000000000014,289.89634035590444,575.9361661510017
1563,FIDS118,e,15,IDS,37.32098808892823,149.15657312185715,418.70883312092064,2006.0219702435775
1564,FIDS118,e,15,IDS,37.60415252071426,113.03271556889882,556.6068812936073,1638.06755615644
1565,FIDS118,u,15,IDS,38.47090438553094,159.0956144690594,313.87595194145354,619.7151964327794
1566,FIDS118,æ,15,IDS,50.21173179251934,104.87571547631092,623.902197737492,1387.0837347119923
1567,FIDS118,u,15,IDS,52.35,149.99999999999858,309.188845090665,647.6567965026893
1568,FIDS118,u,15,IDS,53.84,149.99999999999858,373.1406856875146,444.66138807189424
1569,FIDS118,e,15,IDS,59.92,109.99999999999943,498.4038764865793,1743.826477216612
1570,FIDS118,a,15,IDS,61.22109682728139,146.8260016668239,512.0850509507219,1085.4719622702535
1571,FIDS118,e,15,IDS,63.37,90.00000000000341,515.8402036823644,1618.5188897462085
1572,FIDS118,a,15,IDS,66.97,189.1326309282988,530.4194583068847,1089.592133370755
1573,FIDS118,o,15,IDS,67.9,79.9999999999983,439.5494207329267,968.5190943491243
1574,FIDS118,o,15,IDS,69.88,79.9999999999983,427.54543793573174,1099.806475394731
1576,FIDS118,i,15,IDS,77.9336268687828,131.6772872091292,382.04248712200916,2153.444949293542
1577,FIDS118,i,15,IDS,81.84,119.99999999999034,335.9666403462486,2257.3909130537318
1578,FIDS118,e,15,IDS,88.07354220776388,126.45779223612408,419.06874343802497,1887.090980897503
1579,FIDS118,a,15,IDS,88.48,140.9831370989707,550.3534194304186,1283.4182195512544
1580,FIDS118,e,15,IDS,90.0,189.99999999999773,431.13826313328315,2019.2138918331013
1581,FIDS118,a,15,IDS,90.61,170.0000000000017,674.0798879413264,1056.2664674979228
1582,FIDS118,æ,15,IDS,93.4141310465626,196.93328794996035,698.838799684524,1262.2585009376326
1583,FIDS118,i,15,IDS,93.98524494995748,88.56171529112089,373.92053788355236,2028.3113614947492
1584,FIDS118,e,15,IDS,96.47628565324544,133.71434675455873,469.13805361517075,1618.8897571617981
1585,FIDS118,e,15,IDS,98.82437102027284,145.6289797271637,448.5046779170531,1828.3780063263603
1586,FIDS118,i,15,IDS,100.8,49.99999999999716,369.3711495625213,1931.3557097627609
1587,FIDS118,i,15,IDS,101.1720966765051,127.9033234948912,287.15476437852897,2135.31327574497
1588,FIDS118,a,15,IDS,101.7049209088612,177.12343058219915,596.1379302873463,1130.927626347
1589,FIDS118,i,15,IDS,116.29,219.99999999999886,314.89356898782916,2143.0344257323386
1590,FIDS118,i,15,IDS,118.9025135653198,157.48643468020873,314.11632831029044,2115.845822324887
1591,FIDS118,æ,15,IDS,122.04,119.1998325843997,580.7252598318481,1604.6735893067957
1592,FIDS118,a,15,IDS,122.85,100.00000000000853,577.8868318353491,947.3724083075163
1593,FIDS118,a,15,IDS,124.58,109.99999999999943,457.90821618330557,784.1985177539666
1594,FIDS118,o,15,IDS,127.8997627820887,130.23721791130072,402.1194936012657,729.9367832660784
1595,FIDS118,i,15,IDS,128.2309064302432,49.09356975679202,372.13591325257556,1409.8417939437054
1596,FIDS118,u,15,IDS,132.4054297302234,95.55342965620639,384.8268442371177,620.3711133633986
1597,FIDS118,o,15,IDS,152.3836237114428,146.8260016667955,536.8659124147082,1861.2961270072794
1598,FIDS118,u,15,IDS,153.89,130.00000000002387,406.8289381265554,2314.9022062961267
1599,FIDS118,o,15,IDS,159.52,199.99999999998863,350.0843518228663,683.759010367645
1600,FIDS118,e,15,IDS,163.4,120.39278421360677,491.01531107671514,1460.107335565862
1601,FIDS118,o,15,IDS,163.94,105.44316341449189,359.87574097512356,955.3768589032436
1602,FIDS118,a,15,IDS,167.34,164.22658095200404,439.98241538286777,1569.090360025206
1603,FIDS118,e,15,IDS,170.34,129.99999999999545,537.660803071986,1824.9029172579205
1604,FIDS118,u,15,IDS,170.72,129.99999999999545,322.40305681817335,634.1824423950854
1605,FIDS118,u,15,IDS,176.0903849995804,269.6150004196056,380.7444800226969,1213.9741695669695
1606,FIDS118,a,15,IDS,177.14,130.00000000002387,592.9378269808375,1200.4415103301985
1607,FIDS118,e,15,IDS,180.38,90.00000000000341,550.4970578797287,1811.673986839487
1608,FIDS118,o,15,IDS,181.8220057987534,120.89104292121533,423.17839087494235,868.4510475308024
1609,FIDS120,æ,12,IDS,3.16,80.00000000000007,799.7880345244512,1325.4793683059565
1610,FIDS120,o,12,IDS,3.547162241719709,99.58953460131514,563.8295071447874,1025.7885280520254
1611,FIDS120,e,12,IDS,4.477342335583065,92.65766441693569,377.85143928448423,2191.5989032341677
1612,FIDS120,o,12,IDS,5.099453584196471,98.29616402207719,464.4100543703185,1026.296903620691
1613,FIDS120,i,12,IDS,6.17,131.9149853583781,244.16132813242083,2206.6997146767817
1614,FIDS120,u,12,IDS,7.45,189.9999999999995,400.14347341995324,1128.6927471246618
1615,FIDS120,u,12,IDS,8.12,70.00000000000028,364.3342326188558,1130.9187952825432
1616,FIDS120,u,12,IDS,8.433181619883351,146.81838011664894,387.87357484738857,696.8168235635186
1617,FIDS120,i,12,IDS,8.97,69.99999999999851,274.3128179313789,2292.9631943898275
1618,FIDS120,æ,12,IDS,11.48,109.99999999999943,870.8676182681913,1450.725754287714
1619,FIDS120,æ,12,IDS,12.83,140.00000000000057,689.2598795571571,1137.0699126921681
1620,FIDS120,æ,12,IDS,14.16,99.99999999999964,794.0852202559093,1664.232027656094
1621,FIDS120,u,12,IDS,14.54,141.9717168908008,462.9477281492299,1451.1438787563523
1622,FIDS120,e,12,IDS,20.83,82.19989833855124,585.8891882981497,1978.047135489321
1623,FIDS120,e,12,IDS,21.02,129.999999999999,1106.3083474405464,1892.235981351421
1624,FIDS120,u,12,IDS,21.97018988793256,139.81011206744043,324.0842933863765,548.5480104231779
1625,FIDS120,æ,12,IDS,28.31,170.0000000000017,776.3962935572503,1400.3373395093802
1626,FIDS120,u,12,IDS,29.65517040104281,124.82959895719148,246.2860388066763,699.5068589996749
1627,FIDS120,u,12,IDS,30.65611481686314,193.8851831368602,321.29281321127456,813.1310005407526
1628,FIDS120,e,12,IDS,33.41,128.1819838216265,620.5942896105437,1677.1413965891484
1629,FIDS120,a,12,IDS,34.26,111.75823332631296,658.8066188785457,1072.910005321771
1630,FIDS120,e,12,IDS,35.68,130.00000000000256,494.9305385314776,1727.927421877978
1631,FIDS120,a,12,IDS,36.56,140.00000000000057,602.4258711750988,1008.4627329010535
1632,FIDS120,o,12,IDS,37.38,112.60348503289919,511.2146015463396,993.8701035193075
1633,FIDS120,o,12,IDS,38.91,120.00000000000455,413.2868080757135,922.5173549936032
1634,FIDS120,æ,12,IDS,44.72304681827623,96.95318172376943,819.1999503210587,1306.1754708784115
1635,FIDS120,i,12,IDS,45.24398559172903,107.34975807674374,267.1738760971084,2307.728303771787
1636,FIDS120,i,12,IDS,48.81,89.9999999999963,261.7282716893884,2243.618088641858
1637,FIDS120,e,12,IDS,52.41,174.15952177679372,414.3186489199956,2065.020057215142
1639,FIDS120,e,12,IDS,53.95734583939809,126.75031676531034,479.5801617194796,1554.7846355542301
1640,FIDS120,a,12,IDS,54.33,140.00000000000057,705.9481443081481,1006.7096445513067
1641,FIDS120,a,12,IDS,55.58,109.99999999999943,686.8080891448209,1090.0889383760955
1642,FIDS120,æ,12,IDS,57.58596236715121,111.22986981445848,713.8555801791972,1317.5356044560633
1643,FIDS120,i,12,IDS,58.07614981668236,73.8501833176386,917.1053652740532,2418.927132390735
1644,FIDS120,e,12,IDS,59.64557025822415,126.75031676531034,580.0534050446611,1851.9936149202395
1645,FIDS120,e,12,IDS,60.65,94.57704645266318,505.5876482450639,1822.5258300264443
1646,FIDS120,i,12,IDS,61.95,52.350956764307455,316.82965052583995,2032.0300797034665
1647,FIDS120,i,12,IDS,62.22,70.00000000000028,293.08930614875794,2176.995115762599
1648,FIDS120,a,12,IDS,62.54,126.48280461139905,840.6693145009649,1097.5915987793674
1649,FIDS120,i,12,IDS,68.9137864843862,136.2135156138038,239.06720828168545,2263.6332574758294
1650,FIDS120,i,12,IDS,71.00652653810842,123.47346189157804,259.86182689580323,2222.9578900980305
1651,FIDS120,æ,12,IDS,72.39,99.99999999999432,812.392162664273,1436.9693963868594
1652,FIDS120,a,12,IDS,72.6520091964339,112.5232403936991,753.5497278303258,1123.0401747014778
1653,FIDS120,a,12,IDS,74.23,119.99999999999034,545.536234988005,972.920736450251
1654,FIDS120,o,12,IDS,75.75850295925908,101.4970407409237,672.7344177572004,1228.5609605011423
1655,FIDS120,i,12,IDS,76.02881741031979,51.18258968020939,363.0503871772287,1441.9844060742066
1656,FIDS120,u,12,IDS,79.17623144845273,83.76855154727991,401.7742614128129,1100.4913363644962
1657,FIDS120,o,12,IDS,88.750315872013,169.68412798699717,545.5120996523958,1259.6241649818296
1658,FIDS120,u,12,IDS,89.81,140.00000000000057,284.9578044820048,692.387569137083
1659,FIDS120,o,12,IDS,93.37,159.9999999999966,464.61657629410365,840.8241952565318
1660,FIDS120,æ,12,IDS,94.99,150.00000000000568,784.8620281613951,1451.6255699798858
1661,FIDS120,o,12,IDS,95.55,109.99999999999943,336.31103379521875,962.9500121108755
1662,FIDS120,a,12,IDS,97.98,140.00000000000057,727.9967462197421,1078.342999913402
1663,FIDS120,e,12,IDS,98.86,120.00000000000455,726.6335879798212,1808.7127102224113
1664,FIDS120,u,12,IDS,99.26,99.99999999999432,401.6123720527513,1152.8334997000582
1665,FIDS120,u,12,IDS,100.6125207966815,122.87020502760981,400.05343120276,742.6672276262888
1666,FIDS120,a,12,IDS,101.3406884327924,128.04368734450122,661.1571950621709,1083.0176807621135
1667,FIDS120,e,12,IDS,101.95,99.99999999999432,669.7334342039796,1579.6479901789858
1668,FIDS120,o,12,IDS,102.8485225589416,135.80391082000176,480.92035004695214,880.7433763134383
1669,FIDS120,æ,18,IDS,4.422567192600546,77.4328073994539,723.7638384982147,1377.3820348029767
1670,FIDS120,o,18,IDS,4.843378296061236,116.62170393876359,481.9450187325782,898.4332573790736
1671,FIDS120,e,18,IDS,5.796336154826265,113.6638451737353,397.89968055817957,1677.8263088790009
1672,FIDS120,o,18,IDS,6.438573467193416,103.5680029143684,444.2642735028525,970.9651098419405
1673,FIDS120,i,18,IDS,7.641537941020354,135.70979692227513,249.62179771566923,2067.1581529941086
1674,FIDS120,u,18,IDS,9.03,221.00347004453624,301.0356344054761,717.5359234067782
1675,FIDS120,u,18,IDS,11.09,160.00000000000014,343.73239139042204,640.728875294281
1676,FIDS120,u,18,IDS,11.41110891099668,144.63807303557985,325.4524199186044,525.1371443860255
1677,FIDS120,i,18,IDS,11.94084994433616,89.15005566383982,290.7852391512896,2061.5856576536025
1678,FIDS120,æ,18,IDS,14.92,158.0055888614993,676.7766218402563,1467.170362479379
1679,FIDS120,æ,18,IDS,16.50578689738266,119.63889991832133,681.7926389351176,1286.836651210663
1680,FIDS120,æ,18,IDS,18.87887411419263,117.84933886148963,600.5998368845455,1401.047027385443
1681,FIDS120,u,18,IDS,19.27,160.00000000000014,375.0826263680626,1024.7886473038411
1682,FIDS120,e,18,IDS,25.29,109.99999999999943,412.45947317463333,1870.4069492419906
1683,FIDS120,æ,18,IDS,25.6,179.99999999999972,891.7586989073579,1579.3373209530562
1684,FIDS120,u,18,IDS,26.94780186520123,101.25084043029986,315.3345869768268,1167.1667772162846
1685,FIDS120,æ,18,IDS,34.61231441282759,173.64789051790552,730.9851746778522,1458.4366195611235
1686,FIDS120,u,18,IDS,36.83,130.00000000000256,442.6408419428052,1103.98785635074
1687,FIDS120,u,18,IDS,38.25,219.99999999999886,300.57694085783965,685.064203422253
1688,FIDS120,e,18,IDS,43.12764134301339,132.35865698661087,319.132460177835,1718.287972361227
1689,FIDS120,a,18,IDS,44.13,99.99999999999432,606.6719007295767,1100.331271236315
1690,FIDS120,e,18,IDS,46.08,100.00000000000142,644.3040807677912,1723.3095082947339
1691,FIDS120,a,18,IDS,47.64,150.37638335382297,601.2115333898265,1091.743450368551
1692,FIDS120,o,18,IDS,48.44,109.99999999999943,435.7883842133129,871.8623312821263
1693,FIDS120,o,18,IDS,49.66,120.00000000000455,430.1098749997759,903.1876299184947
1694,FIDS120,æ,18,IDS,68.97690134413254,161.0054347826093,658.1426160476427,1289.9053622714905
1695,FIDS120,i,18,IDS,69.64435554068115,164.32513446885366,274.91484115464056,2246.80017340592
1696,FIDS120,i,18,IDS,72.50294459827853,117.84933886150384,348.07744375534025,2102.37032092435
1697,FIDS120,e,18,IDS,105.9420383342695,214.1206297624052,362.9410897312067,1863.990451351472
1698,FIDS120,a,18,IDS,106.3061728311319,113.82716886809874,625.819507796763,1152.3015932831504
1699,FIDS120,e,18,IDS,107.6209446543053,97.93114074409459,434.5249999208392,1804.2738902289793
1700,FIDS120,a,18,IDS,107.97,79.9999999999983,689.9196535746696,1168.449087464322
1701,FIDS120,a,18,IDS,110.36,147.49903014559607,642.523619589354,1191.1259510467466
1702,FIDS120,æ,18,IDS,144.47,153.52169375211133,697.3393942593327,1336.6503146766727
1703,FIDS120,i,18,IDS,144.9576979319861,102.91069027340427,304.68404932565596,2150.407766887454
1704,FIDS120,e,18,IDS,146.4328616758231,117.1383241769206,499.58592838938154,1826.2143645550127
1705,FIDS120,e,18,IDS,147.43,90.76662315638373,506.5381870080921,1784.6530057514485
1706,FIDS120,i,18,IDS,148.92,40.000000000020464,190.59361843681822,1913.7293823865693
1707,FIDS120,i,18,IDS,149.2379353535468,72.06464645321375,265.98680301709436,2275.139344461727
1708,FIDS120,a,18,IDS,149.5568448952322,121.16903854771977,707.6543791016455,1121.490771947453
1709,FIDS120,i,18,IDS,157.3342581908413,135.74180915870215,302.8881370518393,2301.5726699784245
1710,FIDS120,i,18,IDS,170.30716173746,122.82888839089878,244.988087697905,2235.0025982671677
1711,FIDS120,i,18,IDS,172.9098817901276,101.25084043031052,289.03468358286887,2180.460970990975
1712,FIDS120,æ,18,IDS,175.7963690716163,103.63092838369425,786.43768254309,1422.67834914229
1713,FIDS120,a,18,IDS,176.08,106.43378474949827,597.8847499511066,1051.0750384567552
1714,FIDS120,a,18,IDS,176.75,91.98356623778636,529.0106401287469,951.6376436668675
1715,FIDS120,u,18,IDS,178.4254227470987,114.57725290128451,420.46058808734097,827.5666568309933
1716,FIDS120,u,18,IDS,183.4754927515819,94.50724841809688,367.2929022285366,829.6143829711407
1717,FIDS120,o,18,IDS,230.7952305592932,105.35365813700537,483.5020103466692,1099.9237272980813
1718,FIDS120,u,18,IDS,231.18,109.99999999998522,375.5930011300405,1815.8301586935781
1719,FIDS120,æ,18,IDS,234.3416908933715,168.30910662849874,616.4644225487184,1421.289087071432
1720,FIDS120,o,18,IDS,236.51,100.00000000002274,439.7993738700343,855.6803343407585
1721,FIDS120,o,18,IDS,238.2982309235476,131.7690764524002,460.68829623641494,875.4404586923747
1722,FIDS120,a,18,IDS,240.72,169.9999999999875,628.1755954295585,1074.1929992746589
1723,FIDS120,e,18,IDS,241.84,107.67812006548638,524.4903806218484,1815.672071357585
1724,FIDS120,u,18,IDS,242.1830861524441,126.91384755589752,371.44899941948364,772.4964383088858
1725,FIDS120,o,18,IDS,243.6068824645792,113.11753542079828,436.9125988024705,897.4973971169211
1726,FIDS120,a,18,IDS,244.3780085627076,154.4591767601844,612.3208077373691,1076.5014632991697
1727,FIDS120,e,18,IDS,245.27,119.99999999997613,631.7626711406897,1662.4147386854333
1728,FIDS120,o,18,IDS,246.2476632848877,112.33671511232046,506.067479685358,861.4161934628746
1729,FIDS120,æ,9,IDS,3.58,189.99999999999994,876.4377796244752,1355.974051268792
1730,FIDS120,o,9,IDS,4.124511358603318,115.48864139668247,464.92776591186066,930.0145690714251
1731,FIDS120,e,9,IDS,5.28,135.65829675297536,390.5435764426355,2267.772220076635
1732,FIDS120,o,9,IDS,6.025296727343885,129.7926298594474,424.4998474656107,944.6535598984289
1733,FIDS120,i,9,IDS,7.531451929982675,158.54807001732496,347.9098800377702,2172.125504719669
1734,FIDS120,u,9,IDS,9.05,169.99999999999994,352.5817897804917,813.1342426367297
1735,FIDS120,u,9,IDS,10.08,179.99999999999972,277.64185738777905,1213.5681480083372
1736,FIDS120,u,9,IDS,10.47,169.99999999999994,331.93714108629285,655.9567207168094
1737,FIDS120,i,9,IDS,11.04,160.00000000000014,289.76656389688736,2100.265083634665
1738,FIDS120,æ,9,IDS,14.49,129.999999999999,827.0464632220387,1479.1937509824759
1739,FIDS120,æ,9,IDS,16.7,160.00000000000014,775.4573371321039,1260.0037535274578
1741,FIDS120,u,9,IDS,19.08,150.00000000000213,269.6869061060798,698.1012870934343
1742,FIDS120,e,9,IDS,23.05765396442607,162.34603557392902,368.3195201414647,2375.397848141495
1743,FIDS120,æ,9,IDS,23.35,186.1432118183579,1014.1088376196226,1572.087613825207
1744,FIDS120,u,9,IDS,24.77,269.82319358041093,326.16971282699063,1124.8889527428257
1745,FIDS120,æ,9,IDS,34.78,134.9828448313488,795.795266185809,1402.8077336331926
1746,FIDS120,u,9,IDS,36.24,109.99999999999943,407.39831010599136,1196.8283714492654
1747,FIDS120,u,9,IDS,37.06,229.99999999999687,417.09013065497857,1292.818102884008
1748,FIDS120,e,9,IDS,39.8,140.00000000000057,403.41941588446474,1680.8530019654672
1749,FIDS120,a,9,IDS,40.77,99.99999999999432,646.5872456838024,1075.7996878019806
1750,FIDS120,e,9,IDS,42.24,140.00000000000057,436.1576007090375,1830.697975842312
1751,FIDS120,a,9,IDS,44.53,129.99999999999545,627.7363810755272,1062.3135377868105
1752,FIDS120,o,9,IDS,45.4,70.00000000000028,529.0827506229601,985.4059822563776
1753,FIDS120,o,9,IDS,46.73,130.00000000000256,436.16404108714073,861.9683096499614
1754,FIDS120,æ,9,IDS,54.68,160.0000000000037,758.863207632292,1388.6031044901029
1755,FIDS120,i,9,IDS,55.33370298303158,176.29701696841948,272.5607545584934,2336.496027758435
1756,FIDS120,i,9,IDS,57.9726711436227,177.32885637730078,232.9596691836681,2339.1267074178504
1757,FIDS120,e,9,IDS,62.68,154.90424364131883,470.67938825176185,1876.487767187308
1758,FIDS120,a,9,IDS,63.05,130.00000000000256,776.4829807880482,1233.5115790323557
1759,FIDS120,e,9,IDS,64.6095778393534,110.42216064659272,383.9041253312201,1880.4340273883715
1760,FIDS120,a,9,IDS,65.03,170.0000000000017,772.5289672111206,1296.001870890153
1761,FIDS120,a,9,IDS,66.15,129.99999999999545,694.5539076569949,1102.9360846764955
1762,FIDS120,æ,9,IDS,75.64096912343314,159.03087656685955,804.5526461237166,1346.643141149766
1763,FIDS120,i,9,IDS,76.24128732060862,128.7126793913842,285.4943249317822,2208.2821804280807
1764,FIDS120,e,9,IDS,77.91,140.00000000000057,417.58002756796077,1768.7470314472328
1765,FIDS120,e,9,IDS,79.33,90.00000000000341,457.01822350979523,1860.9887653204025
1766,FIDS120,i,9,IDS,81.42268662134632,107.31337865368573,296.1335602396871,2346.463847304266
1767,FIDS120,a,9,IDS,81.79269247661728,139.47864701313506,674.8324749077726,1078.3802255289754
1768,FIDS120,i,9,IDS,90.29,89.9999999999892,279.5033444780677,2246.77790482436
1769,FIDS120,i,9,IDS,92.42803309228718,131.9669077128225,317.8024639554052,2360.7521218390425
1770,FIDS120,æ,9,IDS,94.13615283652308,87.17415438320586,875.6323613872067,1559.4228529371621
1771,FIDS120,a,9,IDS,94.38411487565754,129.79262985945184,630.7486296982419,1072.087204520278
1772,FIDS120,a,9,IDS,95.3,90.00000000000341,603.1863263203135,1003.9938759043824
1773,FIDS120,u,9,IDS,97.0570702131403,122.92978685970013,403.6974869517231,869.4338837844575
1774,FIDS120,u,9,IDS,100.0209837205998,107.82999092049295,343.2527053226995,949.3548926566777
1775,FIDS120,o,9,IDS,112.17,167.64575478869403,430.4222761560651,905.9458552998649
1776,FIDS120,u,9,IDS,112.73,129.99999999999545,406.0217508286929,887.6457162707745
1777,FIDS120,o,9,IDS,116.0607668726986,169.2331273014105,360.2681646629482,870.7364102965812
1778,FIDS120,e,9,IDS,120.589605392364,207.27320476929378,823.7190996589405,1619.208084698722
1779,FIDS120,o,9,IDS,121.31,159.9999999999966,432.77419216652896,912.1948338359316
1780,FIDS120,a,9,IDS,124.46,140.00000000000057,714.4637135527262,1070.8932108375839
1781,FIDS120,e,9,IDS,126.13,130.00000000000966,512.2332011934038,1406.0270688831242
1782,FIDS120,u,9,IDS,126.54,109.99999999999943,322.2742934463485,538.7775344188927
1783,FIDS120,o,9,IDS,128.0277935651081,152.20643489189456,373.5575880945927,807.2956730834309
1784,FIDS120,a,9,IDS,128.96,179.9999999999784,609.1230376641469,1124.06233770447
1785,FIDS120,e,9,IDS,129.88,120.00000000000455,528.2361030843332,1733.8517971076722
1786,FIDS120,o,9,IDS,131.2416502796221,178.34972037789498,452.58509053257086,820.2116343363805
1787,FIDS121,æ,12,IDS,3.11,84.67844481191511,548.2483289942111,1344.878129720665
1788,FIDS121,o,12,IDS,3.534864614417216,105.13538558278412,486.5316855549224,972.0792617392555
1789,FIDS121,e,12,IDS,4.86,69.9999999999994,432.1172994064692,1605.587067071462
1790,FIDS121,o,12,IDS,5.420972994366849,84.72069357986456,425.69746426761543,1139.9895848202298
1791,FIDS121,i,12,IDS,7.01,80.00000000000007,351.22885137316007,1824.108378952342
1792,FIDS121,u,12,IDS,9.844124440283302,117.30557572596645,270.17882141869336,821.9116086274973
1793,FIDS121,u,12,IDS,10.17909702874523,218.9704080218,414.2235120044737,1114.07820216639
1794,FIDS121,i,12,IDS,11.38,59.99999999999872,345.71172013051626,1828.2172027125273
1795,FIDS121,æ,12,IDS,14.7,102.04196182999148,590.7968859399143,1458.085128730182
1796,FIDS121,æ,12,IDS,18.79,80.00000000000185,688.97170709787,1328.6166356870535
1797,FIDS121,æ,12,IDS,21.62547720581727,121.21576158349967,565.8098128708124,1243.6612662750217
1798,FIDS121,u,12,IDS,22.04,115.9590871558116,271.96466170682515,1424.906532389837
1799,FIDS121,o,12,IDS,25.42,73.81235697538813,427.5303839313923,1280.9221801458693
1800,FIDS121,æ,12,IDS,25.60460095627213,226.79077973687,588.3342222107715,1403.9104465413488
1801,FIDS121,u,12,IDS,26.88077643102381,79.50711243648811,313.1306202950544,840.2160631540531
1802,FIDS121,æ,12,IDS,35.54,140.00000000000057,625.2245371328672,1366.8883302910947
1803,FIDS121,u,12,IDS,37.46,100.00000000000142,317.82105615905976,835.0351877568913
1804,FIDS121,e,12,IDS,43.77161457969657,128.38542030343092,504.72267238906966,1715.0568889238093
1806,FIDS121,a,12,IDS,48.52,89.9999999999963,527.2459672963848,1190.7948518776773
1807,FIDS121,o,12,IDS,49.51,109.99999999999943,476.2070027986741,865.5417263754704
1808,FIDS121,o,12,IDS,53.03,67.56693671999159,495.0742892476653,1224.0686984233505
1809,FIDS121,æ,12,IDS,62.7579365037879,101.66483229582468,582.7908001073184,1516.8352981086662
1810,FIDS121,i,12,IDS,63.30145233798488,122.51915686933046,326.7486400495691,2168.224155630468
1811,FIDS121,i,12,IDS,66.1186693018311,71.33069816889304,385.99790041771007,2008.7489585958747
1812,FIDS121,æ,12,IDS,72.19254191508826,100.36143700999389,650.7215747595335,1347.3377044131025
1813,FIDS121,a,12,IDS,72.41933269482512,95.1478558666139,578.727628306403,1187.6491249996425
1814,FIDS121,æ,12,IDS,74.2,189.99999999999773,554.893283952691,1653.3438062578944
1815,FIDS121,a,12,IDS,74.66551103356127,114.48896643872786,642.771992495384,1181.766818945328
1816,FIDS121,a,12,IDS,75.70259668833393,87.40331166607973,571.3163677048667,1184.8874397742786
1817,FIDS121,æ,12,IDS,79.05116883179326,188.8311682067325,500.73858887720917,1238.2864981628227
1818,FIDS121,i,12,IDS,79.478321581368,87.3274841515439,390.5602845665792,1862.5378898529223
1819,FIDS121,e,12,IDS,82.10904267796882,120.95732203118814,459.9109879368835,1795.5430970937539
1820,FIDS121,e,12,IDS,83.28589644393186,93.8444605807689,411.93105770259405,1780.4220328815138
1821,FIDS121,i,12,IDS,85.35,70.00000000000739,357.6279270073658,1924.5162438140824
1822,FIDS121,i,12,IDS,85.67518459704644,64.81540295355614,389.1396301948993,1849.0853756762172
1823,FIDS121,a,12,IDS,85.93,106.76552960622132,573.539843843487,1171.7520423133353
1824,FIDS121,i,12,IDS,93.97,115.77945497327846,407.4564882256427,1936.5128681722538
1825,FIDS121,i,12,IDS,96.38,67.36344719158183,425.8621729378801,2027.1955996248253
1826,FIDS121,æ,12,IDS,98.4935538245241,136.44617547589633,642.3732927443484,1483.3969240110698
1827,FIDS121,a,12,IDS,98.82,82.81994427912309,474.42111344060294,1128.363754604928
1828,FIDS121,a,12,IDS,100.43,75.9251172537887,579.3205327268256,1240.9625825186652
1829,FIDS121,o,12,IDS,103.0,60.000000000002274,499.98408735808334,1089.906740255675
1830,FIDS121,u,12,IDS,106.3760660131966,76.90032186479812,335.0822549796062,801.6986892047355
1831,FIDS121,o,12,IDS,118.7424207435508,67.57925644920704,470.3311143635052,1106.4301167733101
1832,FIDS121,u,12,IDS,119.2,109.99999999999943,335.49414392749105,714.4952773772234
1833,FIDS121,o,12,IDS,122.89,60.000000000002274,502.1062306416576,933.6955268363341
1834,FIDS121,e,12,IDS,124.92,227.9934349110988,530.9258417068979,1504.889254859299
1835,FIDS121,a,12,IDS,128.55,125.97767335608978,535.2162735023479,994.878299748548
1836,FIDS121,e,12,IDS,130.4400945628051,89.90543719491484,488.57151242999583,1861.8093770470516
1837,FIDS121,u,12,IDS,130.7850677798954,92.9402908068937,371.09994798648864,802.3149502047066
1838,FIDS121,o,12,IDS,132.95,70.0000000000216,427.46579960615804,935.0482160016722
1839,FIDS121,a,12,IDS,133.58,117.48633849919088,535.3137572417861,1112.2824266618522
1840,FIDS121,e,12,IDS,134.37,99.99999999999432,369.6383916921453,1657.9236441279427
1841,FIDS121,o,12,IDS,136.2000664195139,101.5858992541041,421.04513857023346,870.1968731497751
1842,FIDS121,æ,15,IDS,4.78,139.9999999999997,568.3168000147577,1320.7213031733386
1843,FIDS121,o,15,IDS,5.280911038715531,66.66643383870775,430.9954684893218,1237.6550884578583
1844,FIDS121,e,15,IDS,7.095028538019517,101.75403059592281,465.2059916034431,1654.6575678747975
1845,FIDS121,o,15,IDS,7.696272586661132,96.49089108234054,323.3859254199427,1175.2377257063306
1846,FIDS121,i,15,IDS,9.07151327520388,98.48672479611942,305.4308916751994,2008.258481163042
1848,FIDS121,u,15,IDS,12.73401250341991,155.98749658009046,346.78046240834146,710.0095581667906
1849,FIDS121,u,15,IDS,13.06,259.9999999999998,329.4840577711142,727.3043377467334
1850,FIDS121,i,15,IDS,14.25783396232771,92.16603767228904,386.82246513031834,1900.4728845904228
1851,FIDS121,æ,15,IDS,19.09,87.87841093225879,493.5297490362734,1522.5332087198774
1852,FIDS121,æ,15,IDS,21.3,121.03997684089762,561.2924845971456,1350.5002567310376
1853,FIDS121,u,15,IDS,21.82050815738954,129.82410800168864,303.4071205566435,1028.5582774275786
1854,FIDS121,e,15,IDS,25.28,68.33182166478835,444.0657400858267,1712.523275023543
1855,FIDS121,æ,15,IDS,25.49920848772081,203.50806119184028,526.7925931911604,1377.9873430679263
1856,FIDS121,u,15,IDS,26.03285508983501,97.14491016498883,330.59689843358564,1307.2399066861046
1857,FIDS121,æ,15,IDS,33.86,164.68099704101746,497.89333643331815,1437.5476851575293
1858,FIDS121,u,15,IDS,35.21,96.5389639720513,351.4360491997547,802.6768965277894
1859,FIDS121,u,15,IDS,36.14,100.00000000000142,351.5262952978231,755.1452845883547
1860,FIDS121,e,15,IDS,39.89216821167678,137.83178832321852,435.43572117630737,1560.8192294171624
1861,FIDS121,a,15,IDS,40.98,107.08618038594153,515.4759712421921,1168.975824971813
1862,FIDS121,e,15,IDS,42.58243697168285,117.56302831715004,400.8820652176834,1727.9163695750835
1863,FIDS121,a,15,IDS,44.71,102.21266028128184,519.9322605385215,1110.178084409564
1864,FIDS121,o,15,IDS,45.47163309486832,98.2452709202164,476.98587515662877,995.9901808311861
1865,FIDS121,o,15,IDS,46.99760952381903,84.21023221732327,553.233836721705,1424.4894843062023
1866,FIDS121,æ,15,IDS,54.57176319733566,107.01717010949352,552.6824344045774,1384.2837566251562
1867,FIDS121,i,15,IDS,55.1692166350055,92.9821314066217,366.5321274534405,2028.3241908186549
1868,FIDS121,i,15,IDS,57.75773136441563,72.26863558436492,335.22535112927295,2103.271579711495
1869,FIDS121,e,15,IDS,61.89070842721328,122.80658865025629,517.901126731992,1698.6493361541648
1870,FIDS121,a,15,IDS,62.15,128.42637138051316,458.49139195685524,1171.9882830720187
1871,FIDS121,e,15,IDS,63.89080128269998,79.1987173000166,499.9587860154196,1631.5214542809258
1872,FIDS121,a,15,IDS,65.41,90.00000000000341,521.7228401249752,1199.5829144900738
1873,FIDS121,æ,15,IDS,68.05535718257907,110.52592978522569,600.9034302672776,1417.258950412002
1874,FIDS121,i,15,IDS,68.5413203976665,87.71899189304122,342.2058881225238,1978.95452928979
1875,FIDS121,e,15,IDS,71.13064740085628,99.99965075806472,415.7351044721771,1778.1535046753631
1876,FIDS121,e,15,IDS,72.27863098425672,78.94709270372857,469.4737137193453,1707.408750067903
1877,FIDS121,i,15,IDS,74.10853790210143,71.46209789857494,414.12589575941877,2142.027891397776
1878,FIDS121,i,15,IDS,74.39801057534845,71.989424651548,324.1562890930051,1867.2942095743142
1879,FIDS121,a,15,IDS,74.65,107.65844210989428,547.3582267700145,1491.857537002325
1880,FIDS121,i,15,IDS,81.63,115.16680827980963,350.7547528845479,2126.916498150659
1881,FIDS121,i,15,IDS,84.55581642896661,96.49089108233966,356.98030420518626,1837.2366954514803
1882,FIDS121,e,15,IDS,86.76699856758862,64.91205400084255,547.6501693139767,1618.091114689795
1883,FIDS121,a,15,IDS,87.03,77.34825613358964,577.239467994859,1195.586643900031
1884,FIDS121,a,15,IDS,88.75,79.9999999999983,510.45844163248904,1149.8897249909467
1885,FIDS121,u,15,IDS,91.13,270.00000000001023,457.1345905175266,942.473893138031
1886,FIDS121,i,15,IDS,92.6,60.000000000002274,380.7791136760578,1537.303494718642
1887,FIDS121,u,15,IDS,95.76008931320712,101.75403059592725,352.8886071788641,940.8321784504908
1888,FIDS121,o,15,IDS,107.7856083540621,70.1751935143875,396.9204871437184,1147.0043168773595
1889,FIDS121,u,15,IDS,108.12,104.20331352729306,364.32205963272037,944.9419651059577
1890,FIDS121,o,15,IDS,112.09,79.9999999999983,401.91749389955106,1061.238736311651
1891,FIDS121,a,15,IDS,116.77,130.84543356900724,539.4736787354234,1074.631601264155
1892,FIDS121,e,15,IDS,118.53,79.9999999999983,389.67254674214723,1872.391260157358
1893,FIDS121,u,15,IDS,118.86,93.15800061679624,349.3080762808119,752.8897100282003
1894,FIDS121,o,15,IDS,120.61,99.99999999999432,432.3997230311103,1105.428490083896
1895,FIDS121,a,15,IDS,121.37,109.99999999999943,476.7594527290254,1073.0691427320235
1896,FIDS121,e,15,IDS,122.3,90.00000000000341,485.48971961600154,1649.3664632379957
1897,FIDS121,o,15,IDS,123.5428486172197,105.26279027169494,388.14402127326355,998.0770558822006
1898,FIDS121,æ,9,IDS,2.38,83.21636447501612,687.1513995243668,1449.1971372553141
1899,FIDS121,o,9,IDS,2.791750809175922,128.24919082407771,399.43705474436706,1004.7931077582746
1900,FIDS121,e,9,IDS,4.932135277715466,117.86472228453349,464.6315892355351,1799.8791240339308
1901,FIDS121,o,9,IDS,5.664127860253834,115.39919562970891,449.4448657982051,1158.0291451928401
1902,FIDS121,i,9,IDS,6.52,90.00000000000074,315.41076898946704,1772.2852063721593
1903,FIDS121,u,9,IDS,7.8,150.00000000000034,428.96170614483685,1131.539381620211
1904,FIDS121,u,9,IDS,9.230662496973158,139.3375030268409,401.71172401223095,820.7604521487364
1905,FIDS121,u,9,IDS,9.51,240.00000000000023,321.82268409025846,750.8427266806797
1906,FIDS121,i,9,IDS,10.12,70.00000000000028,364.73204126898344,1805.1842138208729
1907,FIDS121,æ,9,IDS,13.4831267389116,96.09762994266902,436.4477558122676,1254.8227580420103
1908,FIDS121,æ,9,IDS,15.1029936166654,107.1563959418711,595.3899382733621,1322.8261425717583
1909,FIDS121,æ,9,IDS,17.49956305074905,109.51148156696178,612.4591940550945,1371.1884627062393
1910,FIDS121,u,9,IDS,17.9175907492036,168.38862219436734,388.6825961949932,1599.399550647529
1911,FIDS121,e,9,IDS,20.78,99.99999999999787,488.3223862013526,1741.0727277789429
1912,FIDS121,æ,9,IDS,20.99573053868654,224.26946131345815,662.5218176133851,1404.6342987309672
1913,FIDS121,u,9,IDS,21.80138895082408,98.61104917591845,398.2071694082334,893.3094392464792
1915,FIDS121,u,9,IDS,29.72,99.87527930831064,332.5770762310757,754.862189552796
1916,FIDS121,e,9,IDS,33.6813233545193,108.67664548069911,542.7431927492684,1687.6754351976049
1917,FIDS121,a,9,IDS,38.57,109.99999999999943,512.4945712597943,971.3661220340603
1918,FIDS121,o,9,IDS,39.42,79.9999999999983,433.31245216931114,1004.254642036437
1919,FIDS121,o,9,IDS,41.22,98.2517701275043,413.41420493828633,918.0923064717754
1920,FIDS121,æ,9,IDS,46.1639856211923,105.71372704272619,608.0579249453434,1377.5588704417776
1921,FIDS121,i,9,IDS,46.69465017473723,81.18814236883054,300.53255378340504,1830.8372289175818
1922,FIDS121,i,9,IDS,49.76,85.27672679515064,312.71211496094264,1897.0929240708122
1923,FIDS121,e,9,IDS,54.06,89.9999999999963,486.59049099078925,1842.361565171296
1924,FIDS121,a,9,IDS,54.31901902706547,93.0280797976053,628.3030597930905,1148.2692367894422
1925,FIDS121,e,9,IDS,55.97,125.50882719735768,506.00276137866746,1671.678609472136
1926,FIDS121,a,9,IDS,57.97,130.00000000000256,679.5309871753033,1253.174740616877
1927,FIDS121,æ,9,IDS,60.1758279509151,115.01653502249809,643.3904859334918,1372.5503056446018
1928,FIDS121,i,9,IDS,60.58258812577299,82.03385218516956,346.0484267418776,1893.8400247090942
1929,FIDS121,e,9,IDS,62.64752278245176,109.94227612444263,425.4770830940107,1724.7443008974753
1930,FIDS121,e,9,IDS,63.62,79.26020121200139,440.8276898272827,1758.8266977036387
1931,FIDS121,i,9,IDS,65.99955435476461,55.81684787856034,278.38842770776097,1906.325136224314
1932,FIDS121,a,9,IDS,66.26,79.9999999999983,562.3263471292596,1210.2661611812146
1933,FIDS121,i,9,IDS,72.93,112.37419941662097,305.58098939287174,1995.5639519881395
1934,FIDS121,i,9,IDS,74.81,94.5591057324009,302.27976465056565,2140.050567197619
1935,FIDS121,æ,9,IDS,76.73,109.99999999999943,659.8098427480332,1476.2653182522213
1936,FIDS121,a,9,IDS,77.00251847323706,59.199687143930646,590.7646146007023,1146.159851854903
1937,FIDS121,a,9,IDS,78.56717632058492,82.8236794150854,595.5344547077163,1096.78573332739
1938,FIDS121,i,9,IDS,81.08,40.00000000000625,398.18844617505215,1625.6770833550331
1939,FIDS121,u,9,IDS,85.33160530489256,98.39469510744436,413.3343558247527,1420.2652956256748
1940,FIDS121,o,9,IDS,95.21707146330311,152.92853669689066,393.4879245037854,960.0273364516395
1941,FIDS121,u,9,IDS,95.56,69.99999999999318,344.6322825533666,1033.5789008588545
1942,FIDS121,o,9,IDS,99.2,78.83746466656305,481.6880810443118,1084.5982575696091
1943,FIDS121,e,9,IDS,101.7901441079894,267.2443019639985,549.4053555680509,1430.1885341596453
1944,FIDS121,o,9,IDS,102.5,104.95669420859599,519.9302380689102,1000.303765226904
1945,FIDS121,a,9,IDS,105.03,137.89366431679184,431.65836780143627,812.838541251153
1946,FIDS121,e,9,IDS,106.3569565160461,92.18236998120233,506.49841624826047,1880.8910920749659
1947,FIDS121,u,9,IDS,106.69,77.98726797420841,300.7618013612491,694.0217029147739
1948,FIDS121,o,9,IDS,108.47,40.00000000000625,347.89267465325673,1158.1967346834913
1949,FIDS121,a,9,IDS,109.09,112.09793126509737,507.6979117420228,987.2593350971662
1950,FIDS121,e,9,IDS,110.13,109.99999999999943,479.3243203424256,1753.683321664134
1951,FIDS123,æ,12,IDS,5.941933125852572,68.26637595042051,788.5161236141448,1466.5974254153136
1952,FIDS123,o,12,IDS,6.359510568354496,110.48943164550363,496.0929068859995,920.3031127495501
1953,FIDS123,e,12,IDS,7.536562739990163,180.86156745306337,301.02425514446486,2288.836589051522
1954,FIDS123,o,12,IDS,8.495300510119229,78.90529168295402,450.43084981368764,993.3399907904914
1955,FIDS123,i,12,IDS,10.08,179.99999999999972,253.89292524560406,2083.1248447293065
1956,FIDS123,u,12,IDS,12.68,166.90784784256962,391.65318943417907,817.7326501268407
1957,FIDS123,u,12,IDS,14.97706691670034,231.39641718259975,287.28816155299535,823.2559817610133
1958,FIDS123,u,12,IDS,15.4,339.9999999999999,410.06377636486764,800.5123037555327
1959,FIDS123,i,12,IDS,16.11,89.99999999999986,323.36729205652637,1887.162224310563
1960,FIDS123,æ,12,IDS,19.92796192626928,82.0380737307218,754.7426294931136,1583.0924333840612
1961,FIDS123,æ,12,IDS,21.74665000651059,123.34999348941267,770.2637925829106,1475.0029310408731
1962,FIDS123,æ,12,IDS,23.93909580052176,70.90419947824245,836.7759113933215,1644.9311923715395
1963,FIDS123,u,12,IDS,24.32,190.00000000000128,319.35624108983495,616.9704244032293
1964,FIDS123,e,12,IDS,28.53881235643715,99.29654683698175,611.4981205280881,1887.7365077804166
1965,FIDS123,æ,12,IDS,28.87696566604533,299.6627931330203,826.959949573559,1328.069426172533
1966,FIDS123,u,12,IDS,30.16799948949527,312.0005105047312,291.98773284598025,1013.4570085452087
1967,FIDS123,æ,12,IDS,38.83,170.0000000000017,896.9544580092165,1312.475731965206
1968,FIDS123,u,12,IDS,40.85,289.99999999999915,353.1508652532725,690.2145679505727
1969,FIDS123,u,12,IDS,42.38,202.08192476128772,326.51213338224267,724.8378942313014
1970,FIDS123,e,12,IDS,45.83666454504278,280.1581142900389,409.8808971716427,1861.9527227982692
1971,FIDS123,a,12,IDS,47.46962436672535,350.37563327465193,601.9102891115931,1103.3657087227039
1972,FIDS123,e,12,IDS,50.21,70.00000000000028,389.0508801761698,2065.7275219637377
1974,FIDS123,o,12,IDS,55.01411251523768,126.78041247935568,217.4940441788815,941.5933391720273
1975,FIDS123,æ,12,IDS,62.55084786033096,129.1521396690385,834.709940864812,1522.773674692772
1976,FIDS123,i,12,IDS,63.12101986563202,151.60454918859756,265.81352212141513,2223.8625668173813
1977,FIDS123,i,12,IDS,65.96796640336407,102.03359663591982,257.771265076409,2258.1238024831655
1978,FIDS123,e,12,IDS,70.9655103823479,108.16230994741716,509.31085650628546,2132.7731969084566
1979,FIDS123,a,12,IDS,71.2766986675245,143.30133247550236,752.7979142598392,1092.382795525168
1980,FIDS123,e,12,IDS,72.85351172378078,106.48827621920987,490.4388470131061,2174.6678082386084
1981,FIDS123,a,12,IDS,73.14849629476805,141.50370523195477,835.5391558319291,1223.0688689759788
1982,FIDS123,a,12,IDS,76.46,109.99999999999943,845.3087843751889,1155.1930595416493
1983,FIDS123,æ,12,IDS,79.20774329047181,99.29654683696754,710.8912149373582,1429.8222456303859
1984,FIDS123,i,12,IDS,79.69898184406017,81.0181559398302,318.90899795747737,2541.196944267549
1985,FIDS123,e,12,IDS,81.37024371325802,239.75628674197935,306.601725975753,2370.5628138970756
1986,FIDS123,e,12,IDS,83.3847140521296,62.06034177310471,434.16510776122345,1919.3457855053111
1987,FIDS123,i,12,IDS,85.81,60.000000000002274,353.28730482703287,1816.8658235651978
1988,FIDS123,i,12,IDS,86.08953487947424,52.30800235162292,310.1535061571559,1945.886878413621
1989,FIDS123,a,12,IDS,86.35994985716238,80.0501428376208,734.7664781372353,1155.086211852206
1990,FIDS123,i,12,IDS,96.34689831940052,203.10168059947387,331.5672009601501,2102.2231835392504
1991,FIDS123,æ,12,IDS,101.1510083536465,118.9916463534928,982.9299942255143,1667.8247059977646
1992,FIDS123,a,12,IDS,101.5020925728201,147.90742717990213,572.9590229802982,896.0126071872105
1993,FIDS123,a,12,IDS,102.9568315987726,128.5535651013987,711.8923371220369,1079.3088613311882
1994,FIDS123,o,12,IDS,105.1865796722978,93.42032770220499,405.51972053882537,925.454176863221
1995,FIDS123,i,12,IDS,105.46,49.29344951800374,402.6903338161524,1710.637862079826
1997,FIDS123,u,12,IDS,126.8,184.616283782006,346.60827144691604,616.8229326285308
1998,FIDS123,o,12,IDS,132.18,289.99999999999204,513.7747183723957,1314.360213176827
1999,FIDS123,æ,12,IDS,134.1265327126301,173.46728736990258,834.5753626212036,1511.2399284897454
2001,FIDS123,a,12,IDS,137.93,229.99999999998977,744.1709306476486,1151.7003013604055
2002,FIDS123,o,12,IDS,141.6506204031693,89.37959683069607,567.7056477762754,820.3804857860578
2003,FIDS123,a,12,IDS,142.44,140.00000000001478,693.8211976903154,1063.3621565730748
2005,FIDS123,o,12,IDS,145.3582716784243,251.7283215757118,401.83524570116856,1129.475667318137
2006,FIDS123,æ,18,IDS,3.22700204504706,70.7251644091782,946.1277572862452,1460.2036647422387
2007,FIDS123,o,18,IDS,3.629673451244531,110.63936610544589,446.27633073286563,906.2087059239177
2008,FIDS123,o,18,IDS,6.047904082827892,86.83089491819729,441.06509001484727,928.9154285417798
2009,FIDS123,i,18,IDS,7.535600189797154,205.1730017018718,307.47666862052296,2175.935484542393
2010,FIDS123,u,18,IDS,9.75,240.00000000000023,299.06495666610806,675.4391532637003
2011,FIDS123,u,18,IDS,11.19068101117773,165.25880000559923,287.1220089420144,631.5807413226224
2012,FIDS123,u,18,IDS,11.55,449.9999999999993,243.17570772363314,637.486403895196
2013,FIDS123,i,18,IDS,12.37,91.19699160970995,317.18988441472607,1959.1129556476221
2015,FIDS123,æ,18,IDS,23.21910081836913,110.89918163086665,818.2701612072487,1550.5103760904556
2016,FIDS123,u,18,IDS,23.82,239.99999999999844,298.2137319812597,519.1527116874448
2017,FIDS123,e,18,IDS,30.12720921111629,62.24436911698916,454.0890793069642,1864.7335173179968
2018,FIDS123,æ,18,IDS,30.35,253.2743864860798,517.829223428239,1244.6320873840018
2019,FIDS123,u,18,IDS,31.90255364746773,253.9570259973125,298.035430308678,550.4294502271258
2020,FIDS123,æ,18,IDS,43.17,162.84576703243658,909.1070125176274,1518.7856483696448
2021,FIDS123,u,18,IDS,45.09,220.93406824259887,318.3995136263299,611.0498558164402
2022,FIDS123,u,18,IDS,47.05765204784808,222.34795215192094,309.39592573005126,630.6000126607184
2023,FIDS123,e,18,IDS,52.94239361553045,373.46621470192787,421.71569687119774,2063.9515814748956
2025,FIDS123,a,18,IDS,58.42019245853867,161.0054347826093,1103.2486106088995,1885.6421913157296
2026,FIDS123,e,18,IDS,61.40010743500648,89.6318915284553,514.580057977674,1814.173208924453
2027,FIDS123,a,18,IDS,63.2684034625725,134.44783729269716,603.5236164125281,1013.2643623892405
2028,FIDS123,o,18,IDS,64.26,189.99999999999773,288.74770026540756,600.9919753422637
2029,FIDS123,o,18,IDS,67.06312794150554,71.37354325415401,505.41200453502495,1082.9932377397108
2030,FIDS123,o,18,IDS,69.3349481734642,85.05182653580334,455.8210291329833,1300.7497256334698
2032,FIDS123,i,18,IDS,76.57352812639971,164.32513446885366,305.6351195716834,1908.1706490279048
2033,FIDS123,i,18,IDS,79.53854213357126,126.14858807708629,363.7236066188001,2352.3922939131776
2034,FIDS123,e,18,IDS,89.92784037426995,94.61144105782182,401.07707625071146,1740.1380946503816
2035,FIDS123,a,18,IDS,90.27164766360208,219.10017929180015,340.77745681872295,1188.7221564619672
2036,FIDS123,e,18,IDS,92.36248711340026,73.03339309726198,464.11730443981384,1819.403838160465
2037,FIDS123,a,18,IDS,92.67621260084982,156.025885253257,582.042126656058,1218.3623924696321
2039,FIDS123,a,18,IDS,99.23,79.9999999999983,874.4265821387812,1210.2014716784058
2040,FIDS123,æ,18,IDS,105.1418778014319,97.93114074399512,654.1329416641822,1432.2902866283303
2041,FIDS123,i,18,IDS,105.6464721537402,92.95159121469965,354.958665548353,2235.82983286691
2042,FIDS123,i,18,IDS,107.0873687527989,62.631247201110796,391.3003325224876,2198.465660588677
2043,FIDS123,e,18,IDS,107.61,281.5679627943979,413.70639107420516,2365.3288495937
2044,FIDS123,e,18,IDS,109.715085723888,109.55008964590718,408.880440678199,1783.5348594121353
2045,FIDS123,i,18,IDS,111.817025437021,46.475795607392456,348.02211058198725,2103.919653192349
2046,FIDS123,a,18,IDS,112.12,100.36894889908865,755.7805211550658,1239.381258930518
2047,FIDS123,i,18,IDS,123.25,250.0,296.1491217310194,2258.8720267334247
2048,FIDS123,i,18,IDS,129.6277054852052,92.95159121469965,359.3003178666061,2366.606059346741
2049,FIDS123,a,18,IDS,131.72,92.41931868831443,554.8140060116601,1013.186836089143
2050,FIDS123,a,18,IDS,133.48,78.93279358779637,694.8634963576296,1088.5229624089045
2051,FIDS123,o,18,IDS,135.5502622142515,69.73778574851508,405.30671057999643,1058.0973044074235
2052,FIDS123,u,18,IDS,136.1369537529916,59.50466896069884,345.7214041597575,989.0364113744
2054,FIDS123,e,18,IDS,142.57,58.08698640751686,449.4604654067035,1860.6859933494618
2055,FIDS123,o,18,IDS,155.9896930956532,122.81425368300347,487.376699939104,912.6572016646437
2056,FIDS123,u,18,IDS,156.4572756452932,238.0186758428806,313.3234725444926,569.5932530248596
2057,FIDS123,o,18,IDS,161.1153648824732,298.16517026492306,428.1388426636018,1754.7949112916451
2058,FIDS123,æ,18,IDS,163.0106435509118,214.13533729270284,973.0369280591525,1781.879663400798
2059,FIDS123,a,18,IDS,166.3408100221829,308.4005423555993,812.1238373921026,1263.2750000083015
2060,FIDS123,e,18,IDS,168.28,66.28178108550742,387.2646739270166,1930.0397144867375
2062,FIDS123,o,18,IDS,170.54,80.47998079780427,519.5826925720348,989.2322311051452
2063,FIDS123,a,18,IDS,171.2,120.64734191710613,665.6674157109497,1075.3405425501596
2064,FIDS123,e,18,IDS,172.040659765577,102.37362401838368,534.1636089667925,1672.6716111329124
2065,FIDS123,o,18,IDS,173.1740985545024,231.43659807081463,478.8355784696884,2154.164602098009
2066,FIDS123,æ,9,IDS,4.83,109.99975244172421,702.6461489185373,1602.8124934467305
2067,FIDS123,o,9,IDS,5.2680981452001,91.43725699823602,445.7966334545907,909.2508966214127
2068,FIDS123,e,9,IDS,6.5,150.00000000000034,335.1259219020762,2293.5372530264317
2069,FIDS123,o,9,IDS,7.49,129.70897594171316,394.11197001976194,978.6357162837616
2070,FIDS123,i,9,IDS,9.26,200.00000000000108,246.33970800029655,2090.3347154321837
2071,FIDS123,u,9,IDS,12.13,146.98702123418883,430.76052811384216,481.41269048329224
2072,FIDS123,u,9,IDS,13.4850644096632,190.04606356496012,642.7530235285218,872.6969259586764
2073,FIDS123,u,9,IDS,13.84,310.0000000000005,393.93997644938025,957.1631787135326
2074,FIDS123,i,9,IDS,14.48,89.99999999999986,296.0330601790275,2171.5903131127807
2075,FIDS123,æ,9,IDS,18.57,142.59489303157835,681.9355729729824,1535.6909057260384
2076,FIDS123,æ,9,IDS,20.27,190.00000000000128,701.0897151393123,1520.37217705287
2077,FIDS123,æ,9,IDS,22.78445361526539,175.54638473460926,694.0801378143594,1539.7104376664097
2078,FIDS123,u,9,IDS,23.58315037306592,216.84962693408139,370.0165529792984,563.4502432812159
2079,FIDS123,e,9,IDS,32.78,90.85123522940108,518.8737911723052,1986.869519520218
2080,FIDS123,æ,9,IDS,32.98738891571734,261.7615592498481,924.6768822682334,1520.5615434112385
2081,FIDS123,u,9,IDS,34.47,297.96160499761015,1360.5620538194153,1539.2740585117915
2082,FIDS123,æ,9,IDS,42.91,170.0000000000017,645.3653423850576,1590.202287228818
2083,FIDS123,u,9,IDS,44.67,265.817846851661,300.9673032517958,590.4737215908436
2084,FIDS123,u,9,IDS,45.75,260.92392272173015,529.9355474039708,1464.932071899333
2085,FIDS123,e,9,IDS,49.19,280.00000000000114,407.85259135425935,2242.7653499970324
2086,FIDS123,a,9,IDS,50.51,520.0000000000032,554.8450750176985,1086.7658387399865
2087,FIDS123,e,9,IDS,52.96,79.9999999999983,464.22429700952233,2097.293361288602
2088,FIDS123,a,9,IDS,55.85,179.99999999999972,619.5141848298978,1050.3374975662919
2089,FIDS123,o,9,IDS,57.21,130.00000000000256,487.2411034076086,1203.826402941651
2090,FIDS123,o,9,IDS,59.08,170.0000000000017,349.0812998429592,761.303864819503
2091,FIDS123,æ,9,IDS,66.39,209.99999999999375,902.6170606751416,1548.2934827361064
2092,FIDS123,i,9,IDS,67.10123792272813,338.76207727186625,306.938892578356,2349.9882803286378
2093,FIDS123,i,9,IDS,70.44370446700671,229.41388785130812,282.8620048784377,2169.3431804388006
2094,FIDS123,e,9,IDS,75.44,100.00000000000853,460.6673121016234,1966.4686471885254
2095,FIDS123,a,9,IDS,75.75,150.00000000000568,612.9789840028183,955.1156662015779
2096,FIDS123,e,9,IDS,77.6,114.08630620601912,467.8291192958737,2087.3975293586395
2097,FIDS123,a,9,IDS,77.91,180.00000000000682,717.4876549222645,1083.7978397680404
2098,FIDS123,a,9,IDS,79.95,250.0,612.4192492170803,1237.3101233999164
2100,FIDS123,i,9,IDS,86.05403611350495,95.18224978840806,294.7893291992941,2341.60271661986
2101,FIDS123,e,9,IDS,88.0527428199302,237.257180069804,434.4758878580177,2524.037745794667
2102,FIDS123,e,9,IDS,89.44,100.00000000000853,413.04523348806674,2178.8568234639865
2103,FIDS123,i,9,IDS,93.39,69.99999999999318,345.5091466893926,2072.8119281418453
2104,FIDS123,i,9,IDS,93.76693209902034,83.06790097965688,350.07492761263546,2446.117150293772
2106,FIDS123,i,9,IDS,103.6761571085617,333.8428914383087,354.66092226652125,2734.2001520737294
2108,FIDS123,e,9,IDS,109.4111939998819,247.52551057639494,795.9456035957006,1431.7315602380252
2109,FIDS123,a,9,IDS,110.22,120.00000000000455,573.4115405070658,1016.5762296202797
2110,FIDS123,a,9,IDS,111.76,119.99999999999034,633.5203099146381,968.7088869600478
2111,FIDS123,o,9,IDS,115.47,70.00000000000739,486.82969645674234,1373.188484463543
2112,FIDS123,u,9,IDS,120.41,79.9999999999983,355.8736224376841,1489.2620326597892
2113,FIDS123,o,9,IDS,134.68,112.02318900419073,519.4436511064418,1822.4440615188503
2114,FIDS123,u,9,IDS,135.17,225.52548587961496,389.00242656584334,888.2500678219685
2115,FIDS123,æ,9,IDS,142.59,289.99999999999204,864.9378627181878,1389.6218679751726
2116,FIDS123,o,9,IDS,143.42,90.00000000000341,432.80832529707266,803.8048782684955
2117,FIDS123,a,9,IDS,147.23,219.99999999999886,605.3676197152349,1098.5222308423517
2118,FIDS123,e,9,IDS,149.95,70.0000000000216,569.4696165973276,1581.3199454804576
2119,FIDS123,u,9,IDS,150.32,122.54928041920721,385.00713510789416,1549.3934411870182
2120,FIDS123,u,9,IDS,152.79,180.00000000000682,410.820624100673,773.4208362168549
2121,FIDS123,a,9,IDS,153.58,109.99999999998522,543.3736329954459,1047.1404277287775
2122,FIDS123,e,9,IDS,154.48,81.76451573501708,527.9826588078317,1689.2335180980494
2123,FIDS123,o,9,IDS,156.104450866053,305.54913394698247,370.1928551058705,593.7659488290462
2124,FIDS124,æ,9,IDS,1.79,104.88831045957303,732.6407827788698,1350.5555871849256
2125,FIDS124,o,9,IDS,2.286837717834255,113.16228216574498,633.7065248620306,1162.9765651584316
2126,FIDS124,e,9,IDS,6.748652710679266,106.44898432020699,441.6313736805455,1833.5552164472356
2127,FIDS124,o,9,IDS,7.49198766385773,118.79089554573952,486.5846495952186,1294.6304363349439
2128,FIDS124,i,9,IDS,8.36,89.99999999999986,307.0848357160272,1955.1630671111434
2129,FIDS124,u,9,IDS,10.3,138.64027526319944,349.66291171240323,978.6074576014652
2130,FIDS124,u,9,IDS,12.67,116.43434091567073,414.3998521609803,878.9893573443736
2131,FIDS124,u,9,IDS,13.0,302.2555106336107,417.23866583555605,900.9799817059119
2132,FIDS124,i,9,IDS,13.71,49.999999999998934,361.04327078585015,1862.417819209152
2133,FIDS124,æ,9,IDS,16.85,96.86887158638768,699.5536567529991,1449.621074170439
2134,FIDS124,æ,9,IDS,19.65,179.99999999999972,693.8132840039756,1264.850444887229
2135,FIDS124,u,9,IDS,22.17,103.53360354941898,308.2237136070362,757.6804450721511
2136,FIDS124,e,9,IDS,24.79,109.29385980233164,317.5370293737692,1809.0807990439778
2137,FIDS124,æ,9,IDS,25.04,295.88896940551024,690.8660564831862,1458.3011047824243
2138,FIDS124,u,9,IDS,26.39921364084937,49.36764490211942,1416.7207482128222,2151.9064472094187
2139,FIDS124,i,9,IDS,26.76638549980892,83.61450019108219,308.233476302048,2219.7242846619365
2140,FIDS124,æ,9,IDS,33.87,170.0000000000017,598.5123455670972,1447.878940450045
2141,FIDS124,u,9,IDS,35.63,279.99999999999403,411.3347160575727,1843.2368611314917
2142,FIDS124,u,9,IDS,37.65484338916969,195.15661083030977,316.28175165550573,782.0433811717132
2143,FIDS124,e,9,IDS,43.42,61.995627782629015,511.40950995351176,1738.0021258268416
2144,FIDS124,a,9,IDS,44.6,179.99999999999972,751.9777826509041,1219.7645261639682
2145,FIDS124,e,9,IDS,46.33771770657506,55.53860051488613,453.28763636022563,1760.728583684001
2146,FIDS124,a,9,IDS,48.69,120.00000000000455,816.6424274151527,1255.377433260819
2147,FIDS124,o,9,IDS,49.8,94.75653745859347,506.5458000032102,1098.2238813455
2148,FIDS124,o,9,IDS,51.95,63.2235560101293,607.0657826011088,1209.1726440139228
2149,FIDS124,æ,9,IDS,58.75,149.99999999999858,824.5406114492986,1534.7294005508434
2150,FIDS124,i,9,IDS,59.35626135088805,103.7386491119534,310.60743556653614,2031.6573687513699
2151,FIDS124,i,9,IDS,62.96,109.66052375724189,246.99373581361735,1932.5307659168957
2152,FIDS124,e,9,IDS,68.85189120882733,140.38924019041588,564.684135768122,1771.8790203779683
2153,FIDS124,a,9,IDS,69.13,92.14854559326113,706.2174884746562,1306.2327047634753
2154,FIDS124,e,9,IDS,70.82,150.00000000000568,565.0052354576944,1579.1979122122852
2155,FIDS124,a,9,IDS,71.67,149.99999999999147,748.741530143606,1442.4234401452702
2156,FIDS124,a,9,IDS,78.38,86.49408766309818,573.7109993397315,1512.1365399252302
2157,FIDS124,æ,9,IDS,85.28,90.00000000000341,656.8935564661713,1523.578264988992
2158,FIDS124,i,9,IDS,85.84020453525416,106.44898432020966,292.98266931811105,2009.780524437646
2159,FIDS124,e,9,IDS,88.48039581768788,115.70541773934906,466.21046991119374,1780.5696326040452
2160,FIDS124,e,9,IDS,89.83393220170497,186.06779829502784,511.0598771721184,1680.7022435616723
2161,FIDS124,i,9,IDS,97.36,40.00000000000625,257.92048274248157,2077.1374775397135
2162,FIDS124,i,9,IDS,97.87,49.99999999999716,277.94087146161394,1940.1573725586748
2163,FIDS124,a,9,IDS,98.15,89.9999999999892,566.7011410180943,1278.2045143797352
2164,FIDS124,i,9,IDS,109.97,189.99999999999773,257.60597829371517,2057.5661203700156
2165,FIDS124,i,9,IDS,112.12,70.5668737696925,327.1485780643789,1983.122123515287
2166,FIDS124,æ,9,IDS,113.46,60.000000000002274,725.4389858816887,1505.8208188714261
2167,FIDS124,a,9,IDS,113.68,72.55779835709575,626.975335494889,1361.1103675300012
2168,FIDS124,a,9,IDS,114.86,77.29820319890734,628.9530544801613,1340.453229405538
2169,FIDS124,o,9,IDS,116.68,39.99999999999204,547.310098393637,1258.7826727491629
2170,FIDS124,i,9,IDS,116.97,40.00000000000625,361.509272455794,1865.3767701943161
2172,FIDS124,u,9,IDS,133.42,110.00000000001364,296.1362201679887,651.1605751652387
2173,FIDS124,o,9,IDS,141.01,100.00000000002274,642.3285161821389,1095.9932893504135
2174,FIDS124,æ,9,IDS,166.41,129.99999999999545,1401.0369759105458,1494.570184617242
2175,FIDS124,o,9,IDS,166.93,99.99999999999432,689.6540274575914,1163.4386839787833
2176,FIDS124,a,9,IDS,169.69,210.00000000000796,765.7061153590087,1238.2389834877113
2177,FIDS124,e,9,IDS,171.42,110.00000000001364,354.09122717730804,1844.17075341575
2178,FIDS124,u,9,IDS,172.12,114.60388993208426,579.2396176263567,2143.856944213486
2179,FIDS124,o,9,IDS,173.63,110.00000000001364,489.5394107362425,1127.7521690355038
2180,FIDS124,a,9,IDS,174.44,120.00000000000455,692.9355946648973,1212.4562099704958
2181,FIDS124,e,9,IDS,175.2,90.00000000000341,454.8737383992777,1711.998724004662
2183,FIDS126,o,12,IDS,3.183568431113872,139.42738682205302,561.9536297354339,1154.8089346260813
2184,FIDS126,e,12,IDS,4.341943712127077,116.18948901837723,445.914679872386,2012.3397254420302
2185,FIDS126,o,12,IDS,5.110688906797415,78.01294262662495,400.2053217126793,1086.5243259894598
2186,FIDS126,e,12,IDS,18.03870567099673,114.52963917525949,504.1723537967426,1769.9406066155307
2187,FIDS126,o,12,IDS,18.91871340534081,141.91716158672918,456.72377955987145,932.1769842797364
2188,FIDS126,i,12,IDS,21.78808363229088,97.10121582249798,256.62747315501974,1964.309253526285
2189,FIDS126,u,12,IDS,23.1018751635549,117.84933886150029,302.42545943760194,775.7501425228389
2190,FIDS126,o,12,IDS,24.59604116871919,87.14211676377914,475.282462300565,1063.1404077254138
2191,FIDS126,o,12,IDS,26.1258863806434,85.48226692066052,563.0236983184357,1177.3642018191533
2192,FIDS126,u,12,IDS,27.59308853088659,124.48873823398188,341.7334249603826,830.709917869094
2193,FIDS126,u,12,IDS,27.87183607963155,127.80843792021912,362.2731690114324,829.7901384256137
2194,FIDS126,i,12,IDS,28.43708159993416,90.46181645001994,310.01964271564884,2141.7381979932943
2195,FIDS126,æ,12,IDS,35.23265809499389,120.75775296952429,736.2152857343086,1533.1218939038347
2196,FIDS126,æ,12,IDS,38.27590180065844,114.52963917525949,725.7750543283573,1429.0795734000046
2197,FIDS126,æ,12,IDS,39.80413740406348,109.55008964590007,612.2243242110028,1430.439551556289
2198,FIDS126,u,12,IDS,40.31735821311771,139.42738682204947,441.05030221550385,1123.8936023882827
2199,FIDS126,e,12,IDS,51.4062634481237,162.66528462572438,404.73034312522066,1996.5792268813232
2200,FIDS126,æ,12,IDS,51.67850088369072,190.88273195876582,883.264511898629,1539.924916920745
2201,FIDS126,e,12,IDS,52.67775845172246,52.2415482775358,531.2822242953346,2105.869814466343
2202,FIDS126,e,12,IDS,52.75103486444681,82.99249215599502,522.3338752626404,1607.3702264703106
2203,FIDS126,u,12,IDS,54.28952556680213,174.2842335275654,312.7438885023786,631.5793737405966
2204,FIDS126,æ,12,IDS,69.04779751131717,150.2164108023294,669.4432136692668,1505.6841784822607
2205,FIDS126,u,12,IDS,70.83,139.24157851987218,327.0956631271705,947.9320375401741
2206,FIDS126,u,12,IDS,71.78574959454298,112.03986441059044,334.2577033931211,763.9864800506492
2207,FIDS126,e,12,IDS,78.88126631910559,109.55008964589297,500.4094873044836,1366.2480801958004
2208,FIDS126,a,12,IDS,79.79250203179045,131.9580625280139,671.2704748644458,1266.4360842812525
2209,FIDS126,e,12,IDS,82.6722264189752,107.7735810248015,584.9422647400947,1756.5389529831232
2210,FIDS126,a,12,IDS,94.48,183.8468351692768,615.3827314095474,1099.6804666411797
2211,FIDS126,o,12,IDS,95.04,140.00000000000057,450.43127444176366,950.4305697520801
2212,FIDS126,o,12,IDS,96.81,60.000000000002274,434.60731992014075,1456.3324846688356
2213,FIDS126,æ,12,IDS,102.9546322890909,139.4273868221063,666.7403804250067,1371.4600166282357
2214,FIDS126,i,12,IDS,103.5011635466089,141.08723666520007,256.75994650925117,2154.3502744613347
2215,FIDS126,i,12,IDS,109.575388214264,109.55008964590718,252.56846343273,2185.1048748942035
2216,FIDS126,e,12,IDS,117.8101445179648,103.7406151948943,578.83947087869,2235.0854186135234
2217,FIDS126,a,12,IDS,118.1567414055712,140.25731174361056,805.8060208282877,1222.6296539430834
2218,FIDS126,e,12,IDS,121.2189981446385,101.00185536148842,508.7334513524826,2021.0021643253226
2219,FIDS126,a,12,IDS,121.6070418030618,159.45740003259345,818.6508085927428,1253.2409512100564
2220,FIDS126,a,12,IDS,124.6959368236534,116.65567686600298,629.2113101484821,1146.8037917716965
2221,FIDS126,æ,12,IDS,127.8992568666474,140.99391160770836,621.3280066523554,1573.2423795416803
2222,FIDS126,i,12,IDS,128.3786488762869,132.6014168692211,333.0854998904572,2194.7847523142136
2223,FIDS126,æ,12,IDS,138.2495143444725,111.62018002281116,647.5671245974404,1486.3158356268805
2224,FIDS126,i,12,IDS,138.7663338826842,57.06896422211116,381.192247746515,2014.8330325071774
2225,FIDS126,e,12,IDS,141.5282432263517,141.75677364829653,476.1236875338866,1838.8878373728219
2226,FIDS126,u,12,IDS,141.8891351458477,102.38843581041124,524.7520054006204,1551.3367831147507
2227,FIDS126,e,12,IDS,148.1687746115592,100.70993686269958,472.9530077737204,1839.4719238894393
2228,FIDS126,e,12,IDS,150.2048065501695,195.1934498304979,547.8136442005449,2219.0974623201905
2229,FIDS126,e,12,IDS,150.9124988884633,125.8874210784029,333.5630202553203,2075.7264440190943
2230,FIDS126,i,12,IDS,152.857392740933,60.42596211761975,290.37582172590857,2007.465731950032
2231,FIDS126,i,12,IDS,153.1873988730491,60.42596211761975,311.5872083296141,2025.0336905459633
2232,FIDS126,a,12,IDS,153.4970373619725,84.76419685950987,683.0549452147599,1272.9052069442178
2233,FIDS126,i,12,IDS,182.3634681841749,159.45740003260767,355.0247991010129,2035.6686034498525
2234,FIDS126,i,12,IDS,184.148286108441,144.35090950320273,684.8706274492879,2182.475548108489
2235,FIDS126,æ,12,IDS,186.9423890622519,80.5679494902165,759.5529350713117,1597.9985840591182
2236,FIDS126,a,12,IDS,187.49,76.25266099668693,774.4921290184664,1164.4304386688348
2237,FIDS126,a,12,IDS,198.5467599060732,100.70993686269958,628.6871941945201,1218.4460350100476
2238,FIDS126,o,12,IDS,200.7395740564995,115.8164273922182,559.1555179569856,994.704506743803
2239,FIDS126,i,12,IDS,201.0249263139983,93.9959410717961,486.0084477961152,1611.275041501348
2240,FIDS126,u,12,IDS,206.5641253928122,120.85192423521107,396.3243384118713,1147.0043261236776
2241,FIDS126,o,12,IDS,218.2016608558571,209.81236846398588,442.8219213949604,1298.4140276590756
2242,FIDS126,u,12,IDS,218.8727126758608,216.52636425477567,357.0255051803737,707.913613140123
2243,FIDS126,o,12,IDS,223.39,106.88590597632697,471.16301704923467,1002.9549440599417
2244,FIDS126,æ,12,IDS,227.7764143888849,644.5435959213057,754.5813218623092,1770.6611908611508
2245,FIDS126,o,12,IDS,229.0546983913222,185.47413372218102,448.70969795778115,790.4218080797015
2246,FIDS126,a,12,IDS,234.29,195.647501113001,669.1776205416854,1183.3101666573061
2247,FIDS126,e,12,IDS,235.2811743048575,108.8256951424853,490.17873310008156,1569.5220930460582
2248,FIDS126,u,12,IDS,235.69,157.04250852931523,335.6805312238041,1481.3485115118033
2249,FIDS126,o,12,IDS,236.9420587879661,87.94121203391114,548.1221398674948,1109.6993510336622
2250,FIDS126,a,12,IDS,237.5968874358667,120.01267476139788,617.1636922229011,1184.4094661918234
2251,FIDS126,e,12,IDS,238.08,80.2013744001897,517.7046720422894,1566.867233020102
2252,FIDS126,o,12,IDS,239.1704392256719,124.20892213069123,484.15003619553363,934.1258469974994
2253,FIDS126,e,15,IDS,7.27,137.3603035761235,642.2722971838887,1727.9869895039526
2254,FIDS126,o,15,IDS,7.694513199828221,165.48680017177907,506.60293181142754,1026.3942810894125
2255,FIDS126,e,15,IDS,8.76360764423731,135.8568752761471,539.4362377851653,1898.3440937600978
2256,FIDS126,o,15,IDS,9.55659497204806,93.40502795194006,473.18872697580633,925.3934364712666
2257,FIDS126,i,15,IDS,12.2,120.000000000001,300.09045131879725,2140.1314283806537
2258,FIDS126,u,15,IDS,14.3,209.9999999999991,456.949386918646,1401.7031318842417
2259,FIDS126,u,15,IDS,15.57321391333829,136.78608666171144,271.65136652360553,718.6939822653794
2260,FIDS126,u,15,IDS,15.85,114.18052245127086,295.0191402655232,856.5242528438885
2261,FIDS126,i,15,IDS,16.37036991894532,99.63008105468063,337.1429807206519,2232.022072190146
2262,FIDS126,i,15,IDS,17.88,80.00000000000185,357.8641054388278,2145.0089371564536
2263,FIDS126,æ,15,IDS,21.18,106.6333873756804,654.9439154380977,1593.09091510059
2265,FIDS126,u,15,IDS,26.26691248616688,156.55887531822898,336.83930699338424,866.5954786437371
2266,FIDS126,e,15,IDS,32.19892614117909,131.07385882090483,487.35298535342827,1934.0786945470502
2267,FIDS126,e,15,IDS,32.41,150.00000000000568,695.7637823967065,1607.3849831934542
2268,FIDS126,u,15,IDS,33.54780129880674,82.19870119326345,350.229170486727,1018.5977098171622
2269,FIDS126,æ,15,IDS,46.2,131.79872549406468,670.914195236215,1570.081619801606
2270,FIDS126,u,15,IDS,48.16253211493129,106.09775021566037,371.8880811944724,855.9115874047317
2271,FIDS126,u,15,IDS,48.89,200.00000000000284,453.2808284804751,702.3274812726017
2272,FIDS126,e,15,IDS,51.45,109.99999999999943,548.3123815115733,1743.429279508295
2273,FIDS126,a,15,IDS,52.68663078350869,163.02825033137225,640.8701298684329,1317.2892269497686
2274,FIDS126,e,15,IDS,55.5338008092292,96.19919077080397,524.7892356489155,1754.476179392297
2275,FIDS126,a,15,IDS,58.65,130.00000000000256,722.1445627799127,1311.2244914455773
2276,FIDS126,o,15,IDS,59.4,87.2756118534781,503.64142784790334,1257.307536291833
2277,FIDS126,o,15,IDS,60.74528413657755,90.57125018408385,483.8302713879777,1076.9381964207453
2278,FIDS126,æ,15,IDS,66.08965385214579,137.15075027877788,620.6664261255064,1545.3829606460472
2279,FIDS126,i,15,IDS,66.51663260301369,95.7467501946212,330.7983150526119,1923.2110800866394
2280,FIDS126,i,15,IDS,71.8,108.87569367910999,303.3838712844817,2127.7948788866092
2281,FIDS126,e,15,IDS,75.9603105893832,117.74262523933032,500.67789344501045,1743.6840518065778
2282,FIDS126,e,15,IDS,78.42885366064738,104.80387521303669,536.7569497114591,1793.6979393014255
2283,FIDS126,a,15,IDS,78.76,140.00000000000057,651.16005693444,1368.935987022846
2284,FIDS126,a,15,IDS,82.41,90.00000000000341,570.9156415184162,1123.7716682645782
2285,FIDS126,æ,15,IDS,86.77413983899936,95.86016100064398,587.1632291223452,1556.8400419964798
2286,FIDS126,i,15,IDS,87.15644872000716,89.27737518148149,329.22226029642815,2041.9209323604741
2287,FIDS126,e,15,IDS,90.44951887039012,107.39162521828405,502.11243281541334,1843.4733534289292
2288,FIDS126,e,15,IDS,91.24,89.99461720362945,526.238452932713,1756.108334663541
2289,FIDS126,i,15,IDS,92.08,70.00000000000739,358.2158774222307,1505.968772305322
2290,FIDS126,i,15,IDS,92.42745029747668,82.54970252332328,366.23984603412134,2261.5857388922973
2291,FIDS126,i,15,IDS,102.2815987022613,128.4012977386908,329.87825113012184,2162.9917865941097
2292,FIDS126,i,15,IDS,104.44,109.99999999999943,310.173436166142,2111.85519936166
2293,FIDS126,e,15,IDS,106.3656675258195,99.62837520249934,643.6815488196142,1633.5419870931842
2294,FIDS126,a,15,IDS,106.69,79.9999999999983,693.6792790215641,1193.8176306492182
2295,FIDS126,a,15,IDS,108.73,79.9999999999983,638.9350629951482,1217.7455940169568
2296,FIDS126,o,15,IDS,110.3281120991305,81.88790086950348,470.82076696030805,1201.0140614045115
2297,FIDS126,i,15,IDS,110.5842993496513,45.70065034869231,407.67877586511565,1532.9846140431305
2298,FIDS126,u,15,IDS,114.954722275635,94.45287519199042,322.84683031867,783.1818655711701
2299,FIDS126,o,15,IDS,124.7897412782376,124.21200025249846,493.0684289395614,1103.4746778870117
2300,FIDS126,u,15,IDS,125.0955201655647,126.79975025770318,295.7509452000841,706.6136336761366
2301,FIDS126,o,15,IDS,129.09,129.99999999999545,378.05423198248326,872.2039965676902
2302,FIDS126,e,15,IDS,131.7739416482924,124.21200025249846,661.5868473268536,1684.7327538413313
2303,FIDS126,o,15,IDS,132.57,120.00000000000455,511.87481601701427,962.1396285548867
2304,FIDS126,a,15,IDS,134.47,150.00000000000568,643.1273700157101,1141.5141719138246
2305,FIDS126,e,15,IDS,135.65,109.99999999998522,500.16447445630797,1919.8643338811812
2306,FIDS126,u,15,IDS,135.9881884360091,98.33450019991119,326.3997385731968,612.178025981072
2307,FIDS126,o,15,IDS,137.49,129.99999999999545,440.32545613349083,1058.2095923840839
2308,FIDS126,a,15,IDS,138.28,129.99999999999545,654.2132613380124,1283.0093098392204
2309,FIDS126,e,15,IDS,138.88,110.00000000001364,468.4586705828566,1863.6485906087237
2310,FIDS126,o,15,IDS,139.9745051948753,135.494805124722,440.37909351321093,758.3075234182256
2311,FIDS126,æ,18,IDS,3.085944083370607,104.05591662939307,632.4740129945162,1512.160535514282
2312,FIDS126,o,18,IDS,3.596133880546839,134.44783729269494,527.5625786723032,1087.3101385585987
2313,FIDS126,e,18,IDS,5.331188613570142,148.05885113177908,480.72452745327735,1909.6156478673072
2314,FIDS126,o,18,IDS,6.151782885337286,133.6179123711334,493.6489820155101,922.6189491781859
2315,FIDS126,i,18,IDS,9.27114436841664,199.18198117435892,324.3079938456446,1784.8881789441023
2316,FIDS126,i,18,IDS,15.1991875,99.5560567010294,326.0539511893506,2023.3375647823168
2317,FIDS126,u,18,IDS,17.0,189.70639217290142,344.4107129564752,769.1469247852748
2318,FIDS126,u,18,IDS,17.96555515674036,94.44484325963742,442.0128091063648,890.3651842090699
2319,FIDS126,u,18,IDS,18.21982587334727,160.17412665273056,427.9375202220523,913.2898672969413
2320,FIDS126,i,18,IDS,18.80189312177847,109.55008964590007,323.21859593609673,1978.0166423707897
2321,FIDS126,æ,18,IDS,22.33221710765929,93.78151613626073,645.7440613113579,1458.4087090490425
2322,FIDS126,æ,18,IDS,23.68192919024559,78.84286754817893,677.1670041718032,1412.4957909255536
2323,FIDS126,æ,18,IDS,28.60633451577232,118.67926378305782,708.1092941334744,1633.4718302656686
2324,FIDS126,u,18,IDS,29.13,190.00000000000128,324.1386208474032,759.8050896474797
2325,FIDS126,e,18,IDS,35.94429184992723,61.41444419542097,516.2721205762185,1886.667351673816
2326,FIDS126,e,18,IDS,36.05550178941624,204.4982105837576,712.0126872850582,1560.527496427578
2327,FIDS126,u,18,IDS,37.53964980319923,128.63836284176955,318.8996820889086,798.8691194202445
2328,FIDS126,æ,18,IDS,49.49795451521115,58.09474450919083,707.7801668465947,1682.5209494144262
2329,FIDS126,u,18,IDS,57.6349421750356,134.43312976244215,405.62214540070903,1303.0248151053152
2330,FIDS126,u,18,IDS,58.48,130.00000000000256,415.29482855699854,792.3995751122358
2331,FIDS126,e,18,IDS,61.66,135.54546391940647,583.1060803618383,1748.063900905534
2332,FIDS126,a,18,IDS,65.06513001120747,209.1410802330671,657.8052948917187,1329.1804776912966
2333,FIDS126,e,18,IDS,67.3,170.0000000000017,539.087141829254,1482.6157619951723
2334,FIDS126,a,18,IDS,73.72,111.86855670068496,602.9578032754764,1357.3142772670822
2335,FIDS126,o,18,IDS,74.45,129.99999999999545,486.43098968268635,1150.3934505752638
2336,FIDS126,o,18,IDS,77.3345456073505,95.45439264950062,506.1404154972956,1050.1048174629373
2337,FIDS126,æ,18,IDS,87.8300625,149.74574181877642,643.7439628843156,1637.1871402526667
2338,FIDS126,i,18,IDS,88.3283767088739,137.7675369789273,314.6965939300269,2148.6044986757806
2339,FIDS126,i,18,IDS,90.18034023419882,102.91069027341848,343.88904883680215,2173.264765312719
2340,FIDS126,e,18,IDS,94.38,79.64099618880027,545.5144005665924,1930.6672204815131
2342,FIDS126,e,18,IDS,99.14264735544448,101.25084043029631,600.0519193632515,1914.1393245357165
2343,FIDS126,a,18,IDS,99.48,128.5489270491098,672.9225023737094,1345.6506733092397
2344,FIDS126,a,18,IDS,112.3850112057351,131.12813760639597,606.66133821273,1271.1387295843374
2345,FIDS126,æ,18,IDS,115.2453078075951,136.10768713580512,685.1089173642634,1503.1820070203999
2346,FIDS126,i,18,IDS,115.7207356566538,127.80843792019425,334.31102441610324,2035.6256275064081
2347,FIDS126,e,18,IDS,117.5768707278101,99.59099058720255,580.8308041435613,1931.4014010995875
2348,FIDS126,e,18,IDS,118.4261738009835,72.20346817570089,533.0306148052634,1702.1608922408536
2349,FIDS126,i,18,IDS,119.86,86.01718961649851,367.2932296576876,2154.663361479613
2350,FIDS126,i,18,IDS,120.1938039276082,63.07429403859999,383.75532429251865,2018.417438056243
2351,FIDS126,a,18,IDS,120.4845913407637,75.40865923630236,592.4049656066212,1228.0669455569528
2352,FIDS126,i,18,IDS,131.9512410354079,155.19596033172434,327.0090814822761,2160.2717235762216
2353,FIDS126,i,18,IDS,135.3371102504468,169.30468399817755,340.95913432918456,2348.8046698931203
2354,FIDS126,i,18,IDS,138.01,129.99999999999545,351.4947394305148,2353.5307131793943
2355,FIDS126,æ,18,IDS,144.1430355354271,184.7631532509979,758.5383471612857,1499.403770037409
2356,FIDS126,a,18,IDS,144.78,90.54382844078646,680.5425093800854,1174.5952158376135
2357,FIDS126,a,18,IDS,146.0216040312649,119.50918870459759,608.6146034027764,1130.8120184928168
2358,FIDS126,o,18,IDS,148.5664576563214,93.54234367859249,488.52721653879337,1138.083477117789
2359,FIDS126,i,18,IDS,148.8370131807499,63.0742940386142,475.6242570949064,1644.7221689441126
2360,FIDS126,a,18,IDS,150.5302446352549,102.91069027351796,616.6080410345829,1170.7576346278115
2361,FIDS126,o,18,IDS,159.3661584026139,59.77631428700647,509.977964498517,1028.6713099219924
2362,FIDS126,i,18,IDS,159.61,39.99999999999204,458.32790532534835,1532.1445325804802
2363,FIDS126,u,18,IDS,163.573303661479,102.91069027348954,280.02358693156367,676.6128558407441
2364,FIDS126,o,18,IDS,173.3411551014181,119.50918870459759,476.4492993218972,1101.9325062902835
2365,FIDS126,u,18,IDS,173.74,116.1314292979796,325.84803812592713,773.8550824096365
2366,FIDS126,o,18,IDS,178.01,138.26766305049887,573.0190752525157,962.2937613460351
2367,FIDS126,o,18,IDS,179.87,92.63047681150738,574.0142540009315,856.2384524477727
2368,FIDS126,æ,18,IDS,183.1091578188112,140.84218118878766,671.2261281104147,1619.1636498562655
2369,FIDS126,o,18,IDS,183.7770448369646,127.80843792020846,555.9601518643261,919.3755193712693
2370,FIDS126,a,18,IDS,186.581077221546,144.40693635140178,708.5313988573773,1204.0783752358716
2371,FIDS126,e,18,IDS,187.4435518685654,97.93114074409459,523.895654043542,1809.055114457707
2372,FIDS126,u,18,IDS,187.7788415368756,92.95159121469965,301.28083755877736,744.3767374525801
2373,FIDS126,o,18,IDS,189.5408262130302,114.52963917531633,491.5544477624998,987.2593099334258
2374,FIDS126,a,18,IDS,190.3037098694625,139.42738682200684,646.9014644252608,1196.66807083339
2375,FIDS126,e,18,IDS,190.8952437948323,134.75620516769027,531.1040514346499,1734.8488857637906
2376,FIDS126,o,18,IDS,192.8614709631429,148.52903685709862,486.7359397916313,940.3194446042991
2377,FIDS126,e,9,IDS,8.15,190.8184055235509,689.2495712598686,1566.562494852564
2378,FIDS126,o,9,IDS,8.77,130.0000000000008,448.689456387459,957.804999299378
2379,FIDS126,e,9,IDS,9.721657798156976,218.34220184302387,468.4133218188072,1886.327815454305
2380,FIDS126,o,9,IDS,10.68448214272951,125.51785727049136,476.3809845093482,966.5404531831055
2381,FIDS126,i,9,IDS,13.35,89.99999999999986,370.07672499131314,2015.9235251759123
2382,FIDS126,u,9,IDS,14.54,200.00000000000108,347.15458327005524,791.528211688905
2383,FIDS126,u,9,IDS,16.48,149.99999999999858,320.24745428131484,676.9740490524996
2384,FIDS126,u,9,IDS,16.77176092692891,108.23907307108982,346.2790195260543,825.29077057771
2385,FIDS126,i,9,IDS,17.32,70.00000000000028,350.2325245971105,2256.494284113268
2386,FIDS126,æ,9,IDS,22.06355899166774,96.44100833225977,659.6128722965808,1616.1104824889494
2387,FIDS126,æ,9,IDS,23.31,123.33719757727124,664.3181859329134,1690.8173743154694
2388,FIDS126,æ,9,IDS,24.66560865627722,102.54867481893726,606.7370188357833,1643.306508679686
2389,FIDS126,u,9,IDS,25.09,126.33302104559974,340.02559739648814,707.9148586124987
2390,FIDS126,e,9,IDS,28.98,140.00000000000057,500.385067038073,1858.8098211277318
2391,FIDS126,æ,9,IDS,29.17599452907544,134.00547092455994,737.5341839695892,1508.8869013677474
2392,FIDS126,u,9,IDS,30.08,140.00000000000057,375.76941395960296,1154.1092319324275
2393,FIDS126,æ,9,IDS,39.1601509958705,108.24582341998479,576.0678439548171,1471.3567842142788
2394,FIDS126,u,9,IDS,41.39,149.99999999999858,375.823491225465,505.3046196706229
2395,FIDS126,u,9,IDS,42.23,170.0000000000017,320.53363513712515,561.0615322203305
2396,FIDS126,e,9,IDS,44.93,130.00000000000256,603.5350773431952,1924.2531000426695
2397,FIDS126,a,9,IDS,47.27,126.05179193213445,692.3557874930316,1393.3419049154531
2398,FIDS126,e,9,IDS,49.99,129.99999999999545,600.2544905728123,1968.7641310248596
2399,FIDS126,a,9,IDS,53.37,90.00000000000341,589.8528411906645,1177.9287139711196
2400,FIDS126,o,9,IDS,54.09,104.47170433081965,524.2111011104842,1174.8716621607705
2401,FIDS126,o,9,IDS,55.32218336335291,112.04392248735928,433.6161477299595,1016.6718599508304
2402,FIDS126,æ,9,IDS,64.53844825109108,134.8325168915636,596.7394976900493,1332.1930482612825
2403,FIDS126,i,9,IDS,64.98472489150683,115.84202155474088,344.02023444734294,2219.98478449168
2404,FIDS126,i,9,IDS,71.69,120.00000000000455,330.6366920728943,2298.784970372657
2405,FIDS126,a,9,IDS,74.48026525151909,119.64012062209406,621.5252238156147,1243.0654281035067
2406,FIDS126,e,9,IDS,77.22307496326636,106.92503673364229,491.3554998143944,1638.7196995046952
2407,FIDS126,a,9,IDS,77.55,109.99999999999943,610.0334385361583,1309.6600135920883
2408,FIDS126,a,9,IDS,78.48,129.99999999999545,570.5319041365891,1245.3950790626895
2409,FIDS126,æ,9,IDS,80.26,131.37761488926003,588.7548051293863,1524.2281901181175
2410,FIDS126,i,9,IDS,80.70695917895375,103.04082104624968,348.4874390752118,2041.6638319766091
2411,FIDS126,e,9,IDS,82.99823405649309,87.35627854946415,486.3191457426761,1849.4022423843262
2412,FIDS126,e,9,IDS,84.28456927374313,100.64962528525712,491.17415301980316,2018.388342955842
2413,FIDS126,i,9,IDS,87.74,50.00000000001137,361.5942406317151,2132.7924492005745
2414,FIDS126,i,9,IDS,88.04,89.9999999999892,355.2084543544245,2372.502440842468
2415,FIDS126,a,9,IDS,88.34,109.99999999999943,577.4605840434434,1105.4608383373045
2416,FIDS126,i,9,IDS,106.9960250295604,134.83251689150677,297.46258449048753,2167.55815954405
2417,FIDS126,i,9,IDS,109.94,131.05633437730546,388.65722922256896,2261.3635691899526
2418,FIDS126,æ,9,IDS,111.51,109.99999999999943,675.1756998237113,1442.7706060920282
2419,FIDS126,a,9,IDS,111.84,144.41412371868978,610.1351805938759,1071.409697068694
2420,FIDS126,a,9,IDS,113.9860310252059,112.04392248740191,585.2280994100743,1056.2559648617867
2421,FIDS126,o,9,IDS,116.0138983941892,46.10160581080436,456.53206035993867,965.1213519630851
2422,FIDS126,i,9,IDS,116.22,59.765328905001525,417.4681687289737,1399.27540615588
2423,FIDS126,u,9,IDS,119.5125267048456,137.47329515440754,334.58910705447215,784.0742394418468
2424,FIDS126,o,9,IDS,132.5851167830218,144.3277645600176,407.0312985903171,932.3135299276623
2425,FIDS126,u,9,IDS,132.95,130.00000000002387,356.8223855861862,756.6320928827672
2426,FIDS126,o,9,IDS,136.28,150.00000000000568,462.0403956599374,857.2205609985123
2427,FIDS126,e,9,IDS,138.9988141673595,115.84202155469825,653.0567749938577,1090.0675632681662
2428,FIDS126,o,9,IDS,139.67,160.000000000025,499.51459305285664,958.337270120651
2429,FIDS126,a,9,IDS,142.37,159.9999999999966,593.5541535380024,1151.4732711132194
2430,FIDS126,e,9,IDS,143.81,120.00000000000455,477.936037673118,1186.556490292444
2431,FIDS126,u,9,IDS,144.16,90.00000000000341,407.22103314875034,765.4354818177621
2432,FIDS126,o,9,IDS,147.1,99.99999999999432,489.1735807745192,999.8728440845705
2433,FIDS126,a,9,IDS,147.82,129.99999999999545,555.0218128148009,1103.166333323949
2434,FIDS126,e,9,IDS,148.44,120.00000000000455,498.6908358421478,1856.5334479395099
2435,FIDS126,o,9,IDS,149.5306814271329,149.31857286711647,464.7150090277683,975.7113862864743
2436,FIDS127,æ,12,IDS,2.542932644502759,85.56287795504369,823.1111160180251,1385.9602679381164
2437,FIDS127,e,12,IDS,4.749689481381011,130.31051861898925,392.5476595986038,2158.3260655218573
2438,FIDS127,o,12,IDS,5.795886195552538,131.19641286440054,432.9114287896672,820.266555404378
2439,FIDS127,i,12,IDS,7.195184602655806,144.81539734419346,328.8822163621553,2094.8158837532274
2440,FIDS127,u,12,IDS,8.89,222.7511286166095,372.7791210954603,677.8972751593521
2441,FIDS127,i,12,IDS,12.15646984749721,93.53015250279029,319.3292742567828,2148.1828712415336
2443,FIDS127,u,12,IDS,15.68,150.00000000000034,384.6102254939073,948.9276507990498
2444,FIDS127,u,12,IDS,16.08,209.7253920965727,388.04565016517995,1078.3310477914695
2445,FIDS127,i,12,IDS,17.39018475844259,149.815241557409,286.15597893867584,2192.890708081845
2446,FIDS127,æ,12,IDS,23.32,100.00000000000142,817.7021645241318,1638.0117323978604
2447,FIDS127,æ,12,IDS,32.85034570989461,109.6542901053894,821.0682640245695,1325.0118191841154
2448,FIDS127,u,12,IDS,33.42,179.99999999999972,365.3969792886184,676.8257419986688
2449,FIDS127,e,12,IDS,38.65747709212417,140.323119846272,463.43647733318227,2053.16554057594
2450,FIDS127,æ,12,IDS,38.91,117.10872488996671,855.3697710282258,1384.2946365456648
2451,FIDS127,u,12,IDS,47.10278405482252,135.75976635534204,401.42896820275064,2398.7834188786883
2452,FIDS127,æ,12,IDS,81.0727233936928,143.7456349644748,885.8233847889572,1449.9301294121105
2453,FIDS127,u,12,IDS,83.37,189.99999999999773,380.4151477868681,1322.0421451021464
2454,FIDS127,u,12,IDS,84.65,169.9999999999875,382.64645589379825,1065.4228436288117
2455,FIDS127,e,12,IDS,121.47,120.00000000000455,599.060554027037,1972.8925516570503
2456,FIDS127,a,12,IDS,123.03,132.91451522950126,754.0284028259166,1210.599804968762
2457,FIDS127,æ,12,IDS,147.4618447760534,118.1552239466157,762.3197852224405,1514.9440114154445
2458,FIDS127,i,12,IDS,147.96,79.99999999998408,351.3884810951485,2063.5438724272476
2459,FIDS127,i,12,IDS,151.0113064395326,128.6935604673829,333.04088445698983,2462.708760823674
2460,FIDS127,e,12,IDS,156.3634606356769,156.5393643231232,484.57891769075286,2100.524815886858
2461,FIDS127,a,12,IDS,156.73,150.00000000000568,652.5159690290034,1131.3564808472256
2462,FIDS127,e,12,IDS,157.57,129.99999999999545,445.2577740906065,1957.9806484388555
2463,FIDS127,a,12,IDS,158.02,139.99999999998636,896.7831889756619,1274.3933693597241
2464,FIDS127,a,12,IDS,159.46,169.9999999999875,659.3369647337659,1162.577003175003
2465,FIDS127,e,12,IDS,165.731568657218,248.4313427819984,473.8171940091178,2078.6173708906263
2466,FIDS127,e,12,IDS,167.89,130.00000000002387,481.4722263594049,2041.3728947749478
2467,FIDS127,æ,9,IDS,3.74,79.99999999999963,750.7281622340172,1269.5812038965776
2468,FIDS127,o,9,IDS,4.232217859337283,137.78214066271755,382.1374852598427,922.4160348447805
2469,FIDS127,e,9,IDS,5.59,129.9999999999999,378.82954715419316,1707.8653809915286
2470,FIDS127,o,9,IDS,6.611868096869791,138.13190313020928,406.05168435602627,881.4235190006884
2471,FIDS127,i,9,IDS,7.51,129.9999999999999,236.55589170027616,2170.445347616803
2472,FIDS127,u,9,IDS,9.33,179.99999999999972,310.4831605580949,721.1201685411529
2473,FIDS127,u,9,IDS,10.76,400.00000000000034,332.6503746448911,895.5744578118881
2474,FIDS127,u,9,IDS,11.5089612919816,251.03870801840065,504.8068663712907,971.4683231037538
2475,FIDS127,i,9,IDS,12.29,150.00000000000034,271.6289659312514,2120.1156586134116
2476,FIDS127,æ,9,IDS,17.51,209.9999999999973,783.1280532370815,1399.9259786896587
2477,FIDS127,æ,9,IDS,22.1,160.00000000000014,511.53023399152454,1219.966998934625
2478,FIDS127,æ,9,IDS,24.2,150.00000000000213,690.6546942639548,1346.2144650009673
2479,FIDS127,u,9,IDS,24.71969983554556,180.3001644544402,313.66744722874193,799.9923404541044
2480,FIDS127,e,9,IDS,29.04,143.23185333331168,414.4255489458236,1785.3539020112441
2481,FIDS127,æ,9,IDS,29.33,170.0000000000017,723.1005383216718,1330.0613800811097
2482,FIDS127,u,9,IDS,29.85,139.99999999999702,326.25431767147575,732.9020456652777
2483,FIDS127,æ,9,IDS,44.15,179.99999999999972,666.0451973513706,1309.373517115317
2484,FIDS127,u,9,IDS,51.5,119.99999999999744,286.9651071469418,728.1490565577031
2485,FIDS127,u,9,IDS,52.55,240.000000000002,502.5414045198178,2042.575062561622
2486,FIDS127,e,9,IDS,56.05,150.00000000000568,442.79830421078384,1876.7095435415606
2487,FIDS127,a,9,IDS,57.35,119.99999999999744,591.5081435518804,1149.5826154474046
2488,FIDS127,a,9,IDS,60.19,150.00000000000568,646.3283878366235,1127.9873929663559
2489,FIDS127,o,9,IDS,61.32,100.00000000000142,420.78684891368215,1018.7847948219082
2490,FIDS127,o,9,IDS,64.81,109.99999999999943,380.5366548682076,859.9866065247115
2491,FIDS127,æ,9,IDS,70.21312916524916,166.87083475083853,702.1176918741688,1295.6498351946448
2492,FIDS127,i,9,IDS,70.83789601997016,122.10398002983425,308.4663831511127,2078.871494380418
2493,FIDS127,i,9,IDS,74.83,159.9999999999966,244.70878561902754,1922.5476066689237
2494,FIDS127,e,9,IDS,80.92344333766378,186.5566623362156,448.99570221240685,2141.421780308422
2495,FIDS127,a,9,IDS,81.29,159.9999999999966,677.2181265558909,1168.1673569882655
2496,FIDS127,e,9,IDS,84.17,140.00000000000057,354.5454438137586,2201.5184184905
2497,FIDS127,a,9,IDS,84.64,189.99999999999773,678.2055044017668,1109.1299608042268
2498,FIDS127,a,9,IDS,85.88,180.00000000000682,677.4081385583872,1128.6588682440465
2499,FIDS127,æ,9,IDS,87.77,150.00000000000568,622.0138380200183,1335.4794109649565
2500,FIDS127,i,9,IDS,88.34692330653067,113.07669346932414,299.49559988546423,2047.8775785158305
2501,FIDS127,e,9,IDS,93.42,170.0000000000017,441.88266907901277,2193.8035792421483
2502,FIDS127,e,9,IDS,96.19,100.00000000000853,406.66074706756854,2021.2094932313148
2503,FIDS127,i,9,IDS,97.94,70.00000000000739,276.0729458045216,2105.7209468226147
2504,FIDS127,i,9,IDS,98.37,109.99999999999943,296.50811840054877,2052.558623652726
2505,FIDS127,a,9,IDS,98.76,109.99999999999943,589.5417188520037,1132.198793063656
2506,FIDS127,i,9,IDS,114.39,170.0000000000017,265.60001082852864,2304.064352197383
2507,FIDS127,i,9,IDS,118.27,189.99999999999773,258.67713722515305,2170.4938709657763
2508,FIDS127,æ,9,IDS,119.8,219.99999999999886,801.2195554835286,1400.642094368124
2509,FIDS127,a,9,IDS,120.36,120.00000000000455,548.1717800600431,1106.9548960008012
2510,FIDS127,a,9,IDS,124.1,109.99999999999943,626.0644823018501,1037.5388970469205
2511,FIDS127,o,9,IDS,126.2,179.9999999999926,458.398596713141,776.3911484733104
2512,FIDS127,i,9,IDS,126.64,77.74447724459321,418.7034157244324,1917.3932410916495
2513,FIDS127,u,9,IDS,131.0491750669484,201.57923937478017,427.27289667305314,1773.4971318783225
2514,FIDS127,o,9,IDS,149.9519906306375,246.7089198318888,504.8697544468298,1707.5195537898878
2515,FIDS127,u,9,IDS,151.07,180.00000000000682,398.0086665676981,1616.9821150876999
2516,FIDS127,o,9,IDS,157.52,159.9999999999966,485.97751725651153,774.1684694417561
2517,FIDS127,e,9,IDS,159.0564327711224,178.54114328631,787.6391317811529,1410.0738822006942
2518,FIDS127,o,9,IDS,159.8531837445726,218.21695290552157,595.3098488310202,1741.4785594476944
2519,FIDS127,a,9,IDS,163.8906841547834,191.76641315939946,605.5628890644377,1104.0423462019319
2520,FIDS127,e,9,IDS,166.78,129.99999999999545,496.0475016088878,2027.3405858727706
2521,FIDS127,u,9,IDS,167.24,138.45912693210494,340.68016156544854,574.8091672881885
2522,FIDS127,u,9,IDS,175.78,139.99999999998636,413.1283471372517,839.7324062540479
2523,FIDS127,a,9,IDS,176.71,169.9999999999875,646.5087958457357,1069.9285675826611
2524,FIDS127,e,9,IDS,178.21,139.99999999998636,443.4102064187799,1883.9598726275208
2525,FIDS127,o,9,IDS,181.45,180.00000000000682,436.49950042146367,962.9499300473724
2526,FIDS128,æ,12,IDS,3.574635237969904,115.36476203009593,960.7872720596146,1428.0396281685348
2527,FIDS128,o,12,IDS,4.154158286718507,115.84171328149218,508.5467742527759,1008.4262122306576
2528,FIDS128,e,12,IDS,5.729304151859276,290.69584814072334,620.6847807249991,1873.3054140055883
2529,FIDS128,o,12,IDS,6.949368200127432,135.9584865099359,441.14064556862,1005.2778782982042
2530,FIDS128,i,12,IDS,8.98,150.00000000000034,329.20770817093916,1670.5670013926958
2531,FIDS128,u,12,IDS,11.13,157.94100525230982,329.41714987474126,748.174476861519
2532,FIDS128,u,12,IDS,12.91,230.00000000000043,274.17866631347675,690.9489485803084
2533,FIDS128,u,12,IDS,13.48148097683085,378.5190231691491,354.15591563165935,724.3148635771929
2534,FIDS128,i,12,IDS,14.51,109.99999999999943,346.66895519391306,2023.9629073755339
2535,FIDS128,æ,12,IDS,18.33,150.00000000000213,926.5187714798597,1575.7194406070403
2536,FIDS128,æ,12,IDS,20.55379404935965,116.205950640353,615.2825151570146,1439.7173522797866
2537,FIDS128,æ,12,IDS,23.78,129.999999999999,754.0409217742593,1446.8004923578126
2538,FIDS128,u,12,IDS,24.38,199.9999999999993,286.54193369774913,619.8131373550876
2539,FIDS128,e,12,IDS,30.19,169.99999999999815,469.4185806401717,1952.9167612756717
2540,FIDS128,æ,12,IDS,30.5323546852309,217.64531476910065,983.5432396129702,1381.8277575580978
2541,FIDS128,u,12,IDS,31.97511297716792,244.88702283207786,318.18697620396705,675.7867775825921
2542,FIDS128,æ,12,IDS,43.77,152.987002433008,717.0088636410753,1574.888756312591
2543,FIDS128,u,12,IDS,45.58021074973838,219.78925026161988,356.7056652280463,725.2364929659184
2544,FIDS128,u,12,IDS,47.67090202379808,189.09797620192137,322.07295374316317,606.4782828542996
2545,FIDS128,e,12,IDS,53.18,170.0000000000017,523.4956357470451,1848.5903034544697
2546,FIDS128,a,12,IDS,54.86,149.99999999999858,643.1577075360403,1168.0341354283323
2547,FIDS128,e,12,IDS,56.82,109.99999999999943,555.7742830678209,1820.7391850404472
2548,FIDS128,a,12,IDS,59.33,120.00000000000455,686.1824622311276,1108.332192805942
2549,FIDS128,o,12,IDS,60.4624729209208,107.52707907919756,502.6139567842057,1033.9662090781026
2550,FIDS128,o,12,IDS,62.98,100.00000000000142,510.4215898317257,1038.540311532849
2551,FIDS128,æ,12,IDS,70.37319471760213,196.805282397861,773.2345037530037,1234.490535871862
2552,FIDS128,i,12,IDS,71.26971285249378,190.28714750621134,308.02255874944296,2265.763256190511
2553,FIDS128,i,12,IDS,74.47,129.99999999999545,294.29117374995076,2227.212215974602
2554,FIDS128,e,12,IDS,79.99,180.00000000000682,494.91351327100074,2265.9741720327715
2555,FIDS128,a,12,IDS,80.36,130.1573874736306,600.0794012897296,1149.883054110334
2556,FIDS128,e,12,IDS,82.07,160.0000000000108,478.4032054095745,1564.163816161073
2557,FIDS128,a,12,IDS,82.52,160.0000000000108,485.88238126463193,1085.85970976777
2558,FIDS128,a,12,IDS,84.28,120.29953951663686,723.100040416715,1726.5306680613232
2559,FIDS128,æ,12,IDS,89.04,149.99999999999147,738.3850495883916,1396.992185441729
2560,FIDS128,i,12,IDS,89.66023930352637,102.99354586285858,318.593846036311,2203.789800720733
2561,FIDS128,e,12,IDS,91.50416166189734,125.83833810265332,641.8048519781171,1486.971794157768
2562,FIDS128,e,12,IDS,93.05062332877316,159.37667122683763,528.964868494618,2001.5998080950826
2563,FIDS128,i,12,IDS,94.95080113487452,57.484769783911815,646.0185343432511,1030.1193876372736
2564,FIDS128,i,12,IDS,95.32,100.00000000000853,291.05577491338477,1958.8449694479505
2565,FIDS128,a,12,IDS,95.74,100.00000000000853,778.8058147629258,1084.8047790482706
2566,FIDS128,i,12,IDS,109.89,209.99999999999375,340.5851691714934,2131.4205104891653
2567,FIDS128,i,12,IDS,113.0469124535462,233.08754645380247,243.00193479338677,1837.0904245443705
2568,FIDS128,æ,12,IDS,115.17,103.67798491409985,675.3960780159923,1324.62173406892
2569,FIDS128,a,12,IDS,115.55,100.00000000000853,693.0880300435465,1157.1002489643136
2570,FIDS128,a,12,IDS,118.71,99.97482058051332,556.4346401022196,1092.5690246740123
2571,FIDS128,u,12,IDS,121.948343485045,191.65651495499958,529.0658240366695,810.5372262188372
2572,FIDS128,i,12,IDS,122.6333703249701,69.46076348890529,483.1665845917727,1586.8103447052406
2573,FIDS128,o,12,IDS,149.8780741930747,221.92580692529873,397.08434730156137,719.0754974857192
2574,FIDS128,u,12,IDS,151.26,240.0000000000091,352.4139128746923,1472.5128135112923
2575,FIDS128,o,12,IDS,158.14,190.00000000002615,368.5621067641687,958.3240022471183
2576,FIDS128,æ,12,IDS,162.6788372595993,141.16274040068788,457.4823076777367,1459.7898487624386
2577,FIDS128,o,12,IDS,163.3,99.79208063927558,524.7334542351109,1038.7266426880776
2578,FIDS128,a,12,IDS,167.37,169.9999999999875,588.787251465493,1258.067858005564
2579,FIDS128,e,12,IDS,170.6551346620468,144.8653379532061,417.74515239600396,1696.8490135846735
2580,FIDS128,u,12,IDS,171.22,113.8840242890069,328.9837127115396,585.87462701181
2581,FIDS128,u,12,IDS,174.6966241192823,233.3758807177162,421.79041838022715,674.958306459438
2582,FIDS128,a,12,IDS,175.92,130.00000000002387,570.569414129221,1201.1097036366723
2583,FIDS128,e,12,IDS,177.58,139.99999999998636,573.5343620918997,1662.9115748751833
2584,FIDS128,o,12,IDS,179.6421464645119,247.8535354880762,402.21373350485544,670.8101402240694
2585,FIDS128,æ,9,IDS,7.08,73.78357976510408,636.8373358900865,1485.8125948843226
2586,FIDS128,o,9,IDS,7.509561396657055,130.43860334294433,470.6790618156033,858.976896598045
2587,FIDS128,e,9,IDS,9.01,140.00000000000057,503.7338804033008,1992.5608729414719
2588,FIDS128,o,9,IDS,9.865116155370805,151.23277231798582,464.53499434060706,803.7840910562979
2589,FIDS128,i,9,IDS,11.61,150.00000000000034,287.9992695273291,2181.4869083783733
2590,FIDS128,u,9,IDS,14.52657770479967,143.42229520032924,336.39549280957675,716.6600863240815
2591,FIDS128,u,9,IDS,16.27587465876086,130.5606667493393,315.5761613356627,1032.8393960789035
2592,FIDS128,u,9,IDS,16.59,225.52541465812936,382.8114281264253,857.9707849442397
2593,FIDS128,i,9,IDS,17.5,109.99999999999943,432.95993998630945,2037.4604047362952
2594,FIDS128,æ,9,IDS,21.64,136.81044248393803,574.7855441737887,1453.7335645828664
2595,FIDS128,æ,9,IDS,23.99,138.21048158645155,691.706416248189,1278.8391344242038
2596,FIDS128,æ,9,IDS,26.18,123.1563179636197,685.5249936697296,1444.9685069947254
2597,FIDS128,u,9,IDS,26.65,140.00000000000057,335.4235011028739,678.1863270043092
2598,FIDS128,e,9,IDS,31.51,54.306231496976665,558.9020180884542,1844.3489326001018
2599,FIDS128,æ,9,IDS,31.73,219.99999999999886,1322.5686376594463,1842.2055699893854
2600,FIDS128,u,9,IDS,32.75924649207685,190.75350792315504,335.2305954963519,704.0568580098751
2601,FIDS128,æ,9,IDS,41.79333497373155,146.66502626845102,650.8137495905075,1672.6527676624564
2602,FIDS128,u,9,IDS,44.04,170.0000000000017,358.08706623468515,812.1954343495022
2603,FIDS128,u,9,IDS,45.52,179.99999999999972,411.99402032280597,1029.8317170368741
2604,FIDS128,e,9,IDS,49.12,220.00000000000597,548.1719942896015,1815.2086580165678
2605,FIDS128,a,9,IDS,50.87,150.00000000000568,515.86632404838,1089.1063699733409
2606,FIDS128,e,9,IDS,52.87,125.34516071101365,658.3354451814871,1368.1275746113042
2607,FIDS128,a,9,IDS,54.29,149.99999999999858,699.364422883468,1114.1521762500558
2608,FIDS128,o,9,IDS,55.28,159.9999999999966,482.26540718756473,1057.9876707004428
2609,FIDS128,o,9,IDS,57.54,109.99999999999943,493.18239619344473,1005.646373684521
2610,FIDS128,æ,9,IDS,65.40637391296369,193.62608703630713,663.8083433065319,1435.5447337433702
2611,FIDS128,i,9,IDS,66.05,219.99999999999886,324.8945533555285,1956.698339205622
2612,FIDS128,i,9,IDS,68.3918238035662,104.44853339947713,252.4191088154544,1974.7264201925823
2613,FIDS128,e,9,IDS,72.95338046207311,166.61953792689133,496.5237665724321,1775.863233118176
2614,FIDS128,a,9,IDS,73.32656636786497,123.43363213503267,622.380861610155,1206.0264053545866
2615,FIDS128,e,9,IDS,75.00541171318312,120.76861674314898,496.29941573958877,1570.428199198712
2616,FIDS128,a,9,IDS,75.35,150.00000000000568,633.7989776541807,1122.8505648021635
2617,FIDS128,a,9,IDS,77.5,99.99999999999432,572.1236019091828,1485.7647405314024
2618,FIDS128,æ,9,IDS,81.45829795580458,151.70204419541733,728.3720774659596,1586.2166798213905
2619,FIDS128,i,9,IDS,81.99268162630706,118.59260563065277,301.04018669532314,2140.25020151986
2620,FIDS128,e,9,IDS,84.1302349861833,109.76501381669834,425.67438558111354,1997.0036230095247
2621,FIDS128,e,9,IDS,85.82516738728177,94.83261271823551,373.0996576584056,1860.9763422734159
2622,FIDS128,i,9,IDS,87.96,80.0000000000125,346.3950127953955,1743.9300215934452
2623,FIDS128,i,9,IDS,88.34893267703634,81.06732296366204,356.02621352996243,2107.837327325889
2624,FIDS128,a,9,IDS,88.71,100.00000000000853,658.4369880488883,1164.5489581588279
2625,FIDS128,i,9,IDS,111.16,177.31406675970618,329.1002154119144,2114.7781394280614
2626,FIDS128,i,9,IDS,113.81,129.99999999999545,299.6972824345478,1846.8854675982043
2627,FIDS128,æ,9,IDS,115.84,99.99999999999432,816.64651886806,1505.8522667437553
2628,FIDS128,a,9,IDS,116.14,120.9415477389939,577.5413558084464,1087.4098608245656
2629,FIDS128,a,9,IDS,117.53,90.00000000000341,652.876162429911,1091.6063325691023
2630,FIDS128,o,9,IDS,120.02,90.00000000000341,531.5017586053954,1089.7850790633613
2631,FIDS128,i,9,IDS,120.29,42.15821547089149,409.2653041460478,1090.9160032340376
2632,FIDS128,u,9,IDS,124.4563591799083,93.64082009169294,274.9289146796839,667.0630043066202
2633,FIDS128,o,9,IDS,140.9636374264047,141.63332243251148,380.098792001803,681.2627497182132
2634,FIDS128,u,9,IDS,141.52,179.9999999999784,300.1321696886188,704.2807990979188
2635,FIDS128,o,9,IDS,146.01,180.00000000000682,421.39130160477407,847.1924358747706
2636,FIDS128,æ,9,IDS,148.0347119150977,335.28808490231654,784.1730449391374,1408.3882546620787
2637,FIDS128,o,9,IDS,148.98,140.00000000001478,556.8990551403964,907.2186096345926
2638,FIDS128,a,9,IDS,152.65,156.91596374850292,635.8213022635953,1130.2797325561908
2639,FIDS128,e,9,IDS,154.28,120.00000000000455,437.2994441010087,1684.641432155493
2640,FIDS128,u,9,IDS,154.63,110.00000000001364,288.15370177027296,727.1348963107675
2641,FIDS128,o,9,IDS,157.3304568801655,259.54311983448974,518.6609038188303,850.3698908228554
2642,FIDS128,a,9,IDS,159.01,144.3517643459984,546.3772612478051,1073.4971209606144
2643,FIDS128,e,9,IDS,160.58,139.99999999998636,530.2668579156865,1657.577954393851
2644,FIDS128,o,9,IDS,162.4119514217602,158.0485782398,498.6945374348532,944.6296965457342
2645,FIDS130,e,12,IDS,4.09074437935175,109.25562064825023,423.5640932374008,1486.1383853895777
2646,FIDS130,o,12,IDS,4.755833255325896,114.16674467410371,366.34429623134145,650.4591733613041
2647,FIDS130,e,12,IDS,5.902671621507433,157.32837849256674,429.3942398385679,2170.4527264203757
2648,FIDS130,o,12,IDS,6.727013483132094,115.72546441950138,397.0500617608169,798.5432447032524
2649,FIDS130,i,12,IDS,8.801409378773458,138.5906212265411,368.66691627186145,2186.93166344774
2650,FIDS130,u,12,IDS,10.46,149.99999999999858,364.55804036702455,670.4699433880115
2651,FIDS130,u,12,IDS,11.8,119.99999999999922,371.3314416562179,1026.0896515493268
2652,FIDS130,u,12,IDS,12.15745918430129,252.5408156987101,354.4365653902113,688.8616292700352
2653,FIDS130,i,12,IDS,12.83,99.99999999999964,339.3227470683945,2187.587192581378
2654,FIDS130,æ,12,IDS,16.6,109.99999999999943,473.7603110129368,1679.718378758688
2655,FIDS130,æ,12,IDS,18.53,89.99999999999986,721.9609933788392,1454.845980287635
2656,FIDS130,æ,12,IDS,21.10285464635561,119.71599767534968,707.2988959310444,1656.1172682752815
2657,FIDS130,u,12,IDS,21.62224609831707,177.75390168293015,325.2311196474807,677.9654245097547
2658,FIDS130,e,12,IDS,24.33,64.10741244744145,513.009310330154,1836.208188869151
2659,FIDS130,æ,12,IDS,24.49,102.30389748774016,636.0637694292658,1586.7127595810089
2660,FIDS130,u,12,IDS,25.49707855293092,200.85684054419062,318.4344224908774,915.9581189387969
2661,FIDS130,æ,12,IDS,34.44,120.00000000000455,758.7060651603709,1641.3529824070965
2662,FIDS130,u,12,IDS,36.27282525331845,147.64973046625585,363.2308656207001,696.4612339797243
2663,FIDS130,u,12,IDS,37.96,177.13898450067944,440.2939718591259,1008.209908465597
2664,FIDS130,e,12,IDS,42.88,109.99999999999943,536.3207921597709,1911.1876315158402
2665,FIDS130,a,12,IDS,44.58,109.99999999999943,454.6151995350632,1338.356665123785
2666,FIDS130,e,12,IDS,46.56206660095995,67.9333990400508,498.6043627079312,1676.9647901456392
2667,FIDS130,a,12,IDS,49.23,130.00000000000256,530.4040962843571,1172.931590237655
2668,FIDS130,o,12,IDS,50.07,79.9999999999983,490.2359529117859,1051.6583147465315
2669,FIDS130,o,12,IDS,51.72,70.00000000000028,471.9162242470894,1041.3831843174266
2670,FIDS130,æ,12,IDS,56.55647607842709,135.6781306987287,581.7270085566506,1598.0220004582795
2671,FIDS130,i,12,IDS,57.07869773812596,101.0935091480718,366.32648827471843,2229.7480710173113
2672,FIDS130,i,12,IDS,59.92,109.99999999999943,279.9621687446039,1981.9522590016145
2673,FIDS130,e,12,IDS,66.36,90.00000000000341,434.7625401365416,1827.733685267257
2674,FIDS130,a,12,IDS,66.7,134.35462917648522,828.2347014828747,1207.4196091702509
2675,FIDS130,e,12,IDS,68.28031313731286,83.80119837275402,445.0792545088776,2075.836234977339
2676,FIDS130,a,12,IDS,68.67,120.00000000000455,390.23405197016194,1309.4660009118877
2677,FIDS130,a,12,IDS,70.78,90.00000000000341,616.9096051622369,1356.6841610097135
2678,FIDS130,æ,12,IDS,75.00531754118845,144.68245881155894,471.85216288887744,1648.5846464485678
2679,FIDS130,i,12,IDS,75.4695495766184,100.45042338158794,399.4632048131347,2028.0249631259628
2680,FIDS130,e,12,IDS,78.03836128545863,131.6387145413671,464.2210341715245,2130.423964935683
2682,FIDS130,a,12,IDS,82.10016864033769,79.83135966232169,620.3090362572149,1141.8895936438907
2683,FIDS130,i,12,IDS,89.23946712794427,195.53612953639288,286.4647419161105,2100.0343921644026
2684,FIDS130,a,12,IDS,92.99,150.00000000000568,534.7999459482719,1122.0166680784062
2685,FIDS130,a,12,IDS,95.2,119.99999999999034,580.4116601119331,1213.3762823982167
2686,FIDS130,i,12,IDS,97.50473144822692,42.56568806233929,473.89497905049626,2156.1340501515683
2687,FIDS130,u,12,IDS,101.7855372155931,114.4627844069106,347.4072110408694,741.4899634627734
2688,FIDS130,o,12,IDS,115.01,170.0000000000017,398.0227569636008,748.0472647404869
2689,FIDS130,o,12,IDS,120.03,109.99999999999943,430.38994828502115,784.6902537696974
2690,FIDS130,e,12,IDS,122.5641973424849,212.82844031169645,462.1603785462005,1723.5189443105633
2691,FIDS130,o,12,IDS,123.33,120.00000000000455,433.80767264450355,979.4489992412775
2692,FIDS130,a,12,IDS,126.0696373667564,180.3626332436039,672.8369275434637,1309.6363830967553
2693,FIDS130,e,12,IDS,128.0859024260116,74.09757398841066,491.4545321496433,1772.604593912644
2694,FIDS130,u,12,IDS,128.39,99.73826578712419,390.54248213379554,1866.125763129162
2695,FIDS130,u,12,IDS,130.7936041436974,106.39585630261195,356.45441817123833,913.5896586799831
2696,FIDS130,a,12,IDS,131.53,120.00000000000455,535.4715234287263,1551.432438063682
2697,FIDS130,e,12,IDS,133.03,80.0000000000125,511.73153184542286,1751.53648182513
2698,FIDS130,o,12,IDS,135.0113113939628,158.68860603717394,373.4671581032493,572.3472372072686
2699,FIDS130,æ,9,IDS,6.0,240.00000000000023,803.7229363757544,1545.8553824997753
2700,FIDS130,o,9,IDS,6.894981746670474,155.01825332952546,358.2502963366141,713.5827469146302
2701,FIDS130,e,9,IDS,8.23,209.9999999999991,447.61318253823197,2059.9948201417546
2702,FIDS130,o,9,IDS,9.22,149.99999999999858,372.99038245126303,742.2066624442949
2703,FIDS130,i,9,IDS,10.79802031504968,181.97968495032057,301.1205475201471,1935.186368829331
2704,FIDS130,u,9,IDS,13.09669384601288,223.30615398712084,336.50285360153447,594.2806862830647
2705,FIDS130,u,9,IDS,14.59309482455599,216.90517544401013,392.59207345755505,608.3680448594635
2706,FIDS130,u,9,IDS,15.02572592310664,244.27407689336002,352.3865563500744,592.3903497667038
2707,FIDS130,i,9,IDS,15.81,89.99999999999986,336.5222769546096,1855.6350911557213
2708,FIDS130,æ,9,IDS,19.9,163.13777790918138,586.14928128213,1520.5332087447243
2709,FIDS130,æ,9,IDS,22.04,220.00000000000242,692.5542769925781,1583.3937884631353
2710,FIDS130,æ,9,IDS,24.22,230.00000000000043,759.0959794039618,1477.646222504242
2711,FIDS130,u,9,IDS,24.93882422275069,151.17577724931053,348.61914373121243,730.3275512912926
2712,FIDS130,e,9,IDS,29.09,100.00000000000142,452.43002043819376,2079.6839166831796
2713,FIDS130,e,9,IDS,29.3,199.9999999999993,491.2149535956168,1476.8794868928335
2714,FIDS130,u,9,IDS,30.10502701070909,175.89437091823967,319.46521111523634,518.3670364043991
2715,FIDS130,æ,9,IDS,38.89,104.23044361508715,651.6247874271124,1577.6591525868482
2716,FIDS130,u,9,IDS,40.82147482303314,148.52517696685652,345.97506653094104,673.9029415513493
2717,FIDS130,u,9,IDS,42.54,276.458959084934,344.50330421659356,605.9167623134418
2718,FIDS130,e,9,IDS,46.7,159.9999999999966,595.9101423156496,1651.7411870432675
2719,FIDS130,a,9,IDS,48.01,182.590558557429,804.521965492731,1540.5378919143925
2720,FIDS130,e,9,IDS,49.61916781819229,80.83218180771468,664.3404285279214,1502.2720987178384
2721,FIDS130,a,9,IDS,51.83,190.00000000000483,613.9660901245161,1088.4890615981078
2722,FIDS130,o,9,IDS,52.74,119.99999999999744,406.3611902709812,808.3104872156639
2723,FIDS130,o,9,IDS,54.28,79.9999999999983,490.57125943429287,992.8621158242383
2724,FIDS130,æ,9,IDS,61.2326535094933,236.8251007134532,835.0434386055623,1636.4582890513377
2725,FIDS130,i,9,IDS,61.87241316528423,147.58683471577427,340.32513015421455,2198.0878409576385
2726,FIDS130,i,9,IDS,64.73,79.9999999999983,297.23228915277974,2082.0467917887786
2727,FIDS130,e,9,IDS,69.8230962958241,73.57673031874867,523.469453156241,1938.920219933154
2728,FIDS130,a,9,IDS,70.19557849306273,154.05127910487693,673.0475222318101,1169.139765071157
2729,FIDS130,e,9,IDS,72.15,113.48203570189241,458.52924148801225,2133.762173873549
2730,FIDS130,a,9,IDS,72.56,140.00000000000057,621.6133905604333,1207.3643507987465
2731,FIDS130,a,9,IDS,74.28,99.99999999999432,603.8410895031734,1250.6367050546692
2732,FIDS130,a,9,IDS,75.4,69.99999999999318,472.28015739549204,1355.3791685192746
2733,FIDS130,æ,9,IDS,77.73,159.9999999999966,752.2356158973637,1734.5428785501458
2734,FIDS130,i,9,IDS,78.2164212822158,105.76654983319145,338.7275590475458,1744.4361956639368
2735,FIDS130,e,9,IDS,81.06935565926278,140.64434073721088,415.74895564826033,1866.098027327473
2736,FIDS130,e,9,IDS,82.37556276464288,134.43723535712593,441.4896034065744,2198.704410791349
2737,FIDS130,i,9,IDS,84.14831958099202,51.680419007979594,320.89255808438975,1433.8709477378
2738,FIDS130,a,9,IDS,84.43802795662207,81.97204337793096,633.4047106893837,1045.1316829224866
2739,FIDS130,i,9,IDS,92.87,149.99999999999147,343.83171551926534,2348.0525008984055
2740,FIDS130,i,9,IDS,95.27,79.9999999999983,357.18555866531653,2056.3271338313557
2742,FIDS130,a,9,IDS,98.15,99.99999999999432,574.288775549498,1031.7153322234533
2743,FIDS130,a,9,IDS,99.57714179270526,83.92345801981094,587.3425116807929,1311.1429661927903
2744,FIDS130,u,9,IDS,101.63,219.99999999999886,457.5663888056379,800.0445669908216
2745,FIDS130,i,9,IDS,102.12,58.50846768339579,353.13349405794605,1933.67536680981
2746,FIDS130,u,9,IDS,105.6213193065082,128.6806934918019,348.4618667051458,596.6780218073859
2747,FIDS130,o,9,IDS,118.3766517573216,163.34824267840986,354.3057897882914,731.2340317565861
2748,FIDS130,u,9,IDS,118.91,159.9999999999966,283.75364074197967,1234.5612165670948
2749,FIDS130,o,9,IDS,122.81,120.00000000000455,490.9657581269204,876.3550007960148
2750,FIDS130,e,9,IDS,125.3815199669319,102.31764059949455,647.7546075935501,1781.9963900825794
2751,FIDS130,o,9,IDS,126.06,120.00000000000455,605.6934847705267,1701.3724655149306
2752,FIDS130,a,9,IDS,128.7795268232466,193.13891708668507,612.7365975874429,1632.2388000817075
2753,FIDS130,e,9,IDS,130.18,83.02409229588648,429.15100749783403,1740.396048442044
2754,FIDS130,u,9,IDS,130.529290911371,101.16800418819594,416.08646213830826,1750.3132604983875
2755,FIDS130,o,9,IDS,131.91,110.00000000001364,450.90551172164976,931.427922608925
2756,FIDS130,a,9,IDS,132.72,150.00000000000568,744.64945614345,1412.2763276997046
2757,FIDS130,e,9,IDS,134.07,99.99999999999432,496.42153470868834,1893.1247233791403
2758,FIDS130,o,9,IDS,135.3945929675723,155.2009155161045,375.26838487558825,775.5866013836462
2759,FIDS132,æ,12,IDS,2.678393597341619,45.990341254901864,549.8656682480764,1704.2691968340341
2760,FIDS132,o,12,IDS,3.064085322865689,103.47826782353131,409.76489161841266,818.4606076491882
2761,FIDS132,o,12,IDS,5.205653511150652,131.69961359358507,437.9627933650116,1020.217518927091
2762,FIDS132,i,12,IDS,6.98,99.99999999999964,257.1733385701931,1766.248105600739
2763,FIDS132,u,12,IDS,9.07,160.00000000000014,259.501654925288,780.4394798974039
2764,FIDS132,u,12,IDS,10.55,109.99999999999943,299.7464470438595,732.4058088712427
2765,FIDS132,u,12,IDS,10.89,376.99881086489916,310.6928271429109,623.061831685312
2766,FIDS132,i,12,IDS,11.9,70.63061788072034,337.0138613081183,1813.3827038599884
2767,FIDS132,æ,12,IDS,15.1,88.21446879422012,556.1446415962612,1624.4922751653853
2768,FIDS132,æ,12,IDS,22.36,60.185381248729186,669.7344042891732,1591.715139020262
2769,FIDS132,u,12,IDS,22.73,129.999999999999,294.3527340077214,682.2667407316395
2770,FIDS132,e,12,IDS,28.12,46.28458719544781,641.5832388560376,1946.4165777346655
2771,FIDS132,æ,12,IDS,28.28,63.974542043940374,758.0839922557656,1706.8315162102263
2772,FIDS132,u,12,IDS,29.89036754088089,169.63245911910718,437.5559534348343,1599.4518636150751
2773,FIDS132,æ,12,IDS,39.98,90.00000000000341,874.9051228614057,1575.6953778668758
2774,FIDS132,u,12,IDS,46.15417002857004,105.8299714299551,371.3056538988846,1251.626539650539
2776,FIDS132,a,12,IDS,55.91,160.0000000000037,746.8668444939128,1640.8866603315441
2777,FIDS132,i,12,IDS,67.46391588036728,116.08411963271692,303.0704987925238,2510.7605070882855
2779,FIDS132,e,12,IDS,82.1,109.99999999999943,627.8003608092944,2060.467413136625
2780,FIDS132,a,12,IDS,82.48,159.9999999999966,785.3564867761429,1154.227925889228
2781,FIDS132,e,12,IDS,89.4,149.99999999999147,467.1462980053236,2013.5744580934193
2782,FIDS132,e,12,IDS,93.28,170.0000000000017,702.9161008935175,1795.6424579945322
2783,FIDS132,i,12,IDS,96.89,69.99999999999318,351.37096892397466,2095.2962866125504
2784,FIDS132,a,12,IDS,97.23,129.99999999999545,452.3460284545466,1300.0762340634979
2785,FIDS132,i,12,IDS,108.7827407783008,147.25922169920125,333.3510725116462,2306.329952617026
2786,FIDS132,i,12,IDS,110.83,83.52886780819802,388.0692522244145,2307.845211349204
2787,FIDS132,a,12,IDS,113.34,82.53290783800082,535.3210006426614,1040.7551555734299
2788,FIDS132,a,12,IDS,115.45,79.9999999999983,369.67795299752436,1074.3371533109214
2789,FIDS132,o,12,IDS,119.4653407050557,45.16634841330358,268.469564440795,1311.0726755349947
2790,FIDS132,i,12,IDS,119.62,49.99999999999716,368.59256433105145,1564.6509227331849
2791,FIDS132,u,12,IDS,122.9146219714026,120.44359576890429,387.7253200521142,1384.2999892637831
2792,FIDS132,o,12,IDS,143.18,109.99999999998522,524.211153857651,1451.0870012121152
2793,FIDS132,u,12,IDS,143.6,110.00000000001364,311.26602223924516,649.6724752674802
2794,FIDS132,o,12,IDS,148.57,180.00000000000682,476.023356106984,1136.2640357913447
2795,FIDS132,æ,12,IDS,152.06,165.04816745279527,1081.8884214266127,1692.8125068530817
2796,FIDS132,o,12,IDS,152.5476649418336,135.49904523989653,463.0729571668537,1346.639483426951
2797,FIDS132,a,12,IDS,159.35,219.99999999999886,644.0046901670785,1132.3401443403145
2798,FIDS132,e,12,IDS,163.83,105.76418781440111,483.88549272425354,1936.7286981958373
2799,FIDS132,u,12,IDS,164.18,113.11448287997905,332.9912343948527,791.9690699093754
2800,FIDS132,a,12,IDS,168.11,49.99999999998295,688.1327730406404,1186.509876657941
2801,FIDS132,e,12,IDS,168.54,80.0000000000125,442.7810568048967,1902.9031260539034
2803,FIDS132,æ,9,IDS,8.77,103.9100641549151,713.4587486978887,1507.2413468844861
2804,FIDS132,o,9,IDS,9.261736438888754,104.81793911725212,373.6889542901252,901.4268337371661
2805,FIDS132,o,9,IDS,11.37713512723272,122.86487276728053,372.9194299586841,933.759247087282
2806,FIDS132,æ,9,IDS,21.18806619941797,110.05883607310807,614.2151375106658,1551.831345560479
2807,FIDS132,u,9,IDS,26.85396858497042,197.84386008381105,574.8718285655038,1438.4885362377192
2808,FIDS132,e,9,IDS,31.38,60.000000000002274,999.2720259202081,2185.289807925934
2809,FIDS132,æ,9,IDS,31.53,71.10975536948771,715.6357342351674,1897.6969019754208
2810,FIDS132,u,9,IDS,32.88950588926203,100.49411073796932,270.2015174145328,806.5300605438806
2811,FIDS132,æ,9,IDS,41.97,122.68756189239127,483.34366222843926,1568.202252883638
2812,FIDS132,u,9,IDS,45.2,109.99999999999943,442.60305822545934,2054.0598486615336
2813,FIDS132,u,9,IDS,46.73,230.00000000000398,328.3031161993982,1431.7508625340497
2815,FIDS132,a,9,IDS,52.3,250.0,774.2171107340108,1186.3673210995848
2816,FIDS132,a,9,IDS,57.44,109.99999999999943,564.8959522952059,1079.6008726891378
2817,FIDS132,o,9,IDS,58.21,109.99999999999943,301.5205060091478,1044.9477730993472
2818,FIDS132,o,9,IDS,60.54,50.00000000000426,360.7513026964969,1118.7040206764368
2819,FIDS132,æ,9,IDS,68.48,140.00000000000057,667.4044229417375,1192.5289565946828
2820,FIDS132,i,9,IDS,69.19,120.00000000000455,246.7007474759478,1555.5348967153743
2821,FIDS132,i,9,IDS,72.02,60.000000000002274,319.032041901252,2412.5297405335177
2822,FIDS132,e,9,IDS,77.69923265808781,108.6392983076081,482.604489500869,1969.5670279471708
2823,FIDS132,a,9,IDS,78.03939832983787,195.9069313743811,254.47611295424716,1171.9593822522952
2824,FIDS132,e,9,IDS,80.62,133.62631764519506,749.5755804655948,2132.1235242555526
2825,FIDS132,a,9,IDS,81.1,170.0000000000017,945.994612241522,1988.6867201956984
2826,FIDS132,a,9,IDS,84.26,107.02987766310912,894.1593683412237,1793.2178163885728
2827,FIDS132,i,9,IDS,88.57,100.00000000000853,336.3176722937277,2166.7965649193675
2828,FIDS132,e,9,IDS,90.84,119.99999999999034,379.1114004767365,2019.4880199015547
2829,FIDS132,e,9,IDS,93.73,89.9999999999892,369.57172467632233,2054.1551864091853
2830,FIDS132,i,9,IDS,98.2,99.99999999999432,334.18389581617095,1622.5531958223617
2831,FIDS132,i,9,IDS,98.58,75.19730230808364,1083.0502583198402,1812.499788242492
2832,FIDS132,a,9,IDS,98.93,99.99999999999432,499.30048350260995,1396.957782396113
2833,FIDS132,i,9,IDS,108.29,109.99999999999943,295.5550996097912,2175.4130688628275
2834,FIDS132,i,9,IDS,110.08,60.000000000002274,269.29720272172,2414.4171489930586
2835,FIDS132,æ,9,IDS,112.08,60.000000000002274,728.5438947940959,1676.058368208057
2836,FIDS132,a,9,IDS,112.2977826314147,81.92471675658908,431.33265563359413,1111.5426772009455
2837,FIDS132,a,9,IDS,114.99,97.07620553830054,511.3419175159999,1016.1951547676498
2838,FIDS132,o,9,IDS,117.84,119.99999999999034,266.36677416256396,797.6648217868856
2839,FIDS132,i,9,IDS,118.12,49.99999999999716,441.9658403800888,1446.5806584254537
2840,FIDS132,u,9,IDS,121.31,149.99999999999147,342.1467846834282,581.9897570500706
2841,FIDS132,o,9,IDS,138.91,144.42694380369403,391.7209339190698,1026.7754816418565
2842,FIDS132,u,9,IDS,139.39,174.75652570152533,340.16088096019183,1330.4861708069116
2843,FIDS132,o,9,IDS,145.68,99.99999999999432,333.54466286392596,790.6226445890431
2844,FIDS132,æ,9,IDS,149.63,193.89223266779254,678.0562127041358,1666.1599714630634
2846,FIDS132,a,9,IDS,156.19,180.00000000000682,723.3566983516046,1111.5389916647043
2847,FIDS132,e,9,IDS,159.72,159.9999999999966,383.1832627675931,2091.3073360058006
2848,FIDS132,u,9,IDS,160.6888903156086,86.53414649569413,238.41416578232986,929.7712329987569
2849,FIDS132,o,9,IDS,164.24,69.99999999999318,546.2215867147737,1116.087964859196
2850,FIDS132,a,9,IDS,165.85,129.99999999999545,759.0113155650022,1456.8980386177032
2852,FIDS133,æ,12,IDS,3.81,69.99999999999984,1095.2538577510386,1720.641698821338
2853,FIDS133,o,12,IDS,4.345727285322778,136.107687135814,297.6198777437857,703.8978101648898
2854,FIDS133,e,12,IDS,5.879004893458139,150.99510654186156,412.9838339440099,2119.3646511664538
2855,FIDS133,o,12,IDS,7.077359909626566,114.52963917525861,380.92393933572293,788.5182054973459
2856,FIDS133,i,12,IDS,9.280501753250515,156.02588525325345,284.30895162453845,2175.2665439306265
2857,FIDS133,u,12,IDS,11.87710757042894,196.56145246442946,344.8128983777056,923.0214777040751
2858,FIDS133,u,12,IDS,15.4615840841929,138.41591580709968,298.8798407180895,874.8174528052194
2859,FIDS133,u,12,IDS,15.83847918448425,171.52081551575193,295.199010557141,631.8985841550062
2860,FIDS133,i,12,IDS,16.39976745908085,95.44136597938291,328.8223061587999,1829.2710552257067
2861,FIDS133,i,12,IDS,19.73217270754268,66.39399372478039,341.5904380454524,2077.61704990429
2862,FIDS133,æ,12,IDS,25.46,67.13885177233081,592.7634999501836,1722.305743534466
2863,FIDS133,æ,12,IDS,27.77,105.39558922194203,583.4281946330663,1495.7898786034607
2864,FIDS133,u,12,IDS,30.45177425613034,179.26378305692126,346.8430862321007,708.044508638996
2865,FIDS133,æ,12,IDS,32.88,112.40772269080423,1211.9924221488604,2024.6327347691072
2867,FIDS133,e,12,IDS,39.29917601148925,89.6318915284553,542.6847541262395,1826.8357389447817
2868,FIDS133,æ,12,IDS,39.43,468.7112391372068,953.0595306008678,1464.3431370213084
2869,FIDS133,u,12,IDS,40.95405651591886,200.84183101747044,304.00736215907733,859.4134838506301
2870,FIDS133,æ,12,IDS,51.51,80.0000000000054,959.9136108344209,1527.2428708621592
2871,FIDS133,u,12,IDS,53.59556759939455,117.84933886150384,322.31190565340177,633.4886791328893
2872,FIDS133,u,12,IDS,55.29540077397986,274.5992260201433,319.6966826995354,1103.2410562341352
2873,FIDS133,e,12,IDS,62.24,72.96254930442814,460.73892744209877,1565.518677850429
2875,FIDS133,e,12,IDS,65.58631873767273,133.68126232727207,547.9075710834729,2199.0892928583476
2876,FIDS133,e,12,IDS,67.36,79.9999999999983,618.6216592303194,1866.0842639104308
2877,FIDS133,e,12,IDS,69.04,119.99999999999034,450.6826009697955,1829.83031446877
2878,FIDS133,e,12,IDS,70.9,89.9999999999892,421.4377199337125,955.7532307588506
2879,FIDS133,a,12,IDS,72.82613027276126,82.99249215598081,435.5146244118339,985.934031984448
2880,FIDS133,o,12,IDS,73.71048279125068,99.5172087493188,445.3684637106536,991.6829002579634
2881,FIDS133,o,12,IDS,75.41,70.00000000000739,423.53603253544395,866.9988797761392
2882,FIDS133,æ,12,IDS,82.69,116.33036520805717,753.0415531770541,1833.3476107957774
2883,FIDS133,i,12,IDS,83.21724048118742,97.10121582250508,358.2417556168424,2405.6980710261437
2884,FIDS133,i,12,IDS,87.9412671228277,99.59099058718834,291.831753620096,2183.5168573993033
2885,FIDS133,e,12,IDS,92.17630135394565,91.29174137157747,472.11326724489004,1941.1983393708774
2886,FIDS133,a,12,IDS,92.57281482884478,305.4123711340111,560.7799943428112,1153.9558011972033
2887,FIDS133,e,12,IDS,97.68878398556568,96.271290900944,461.7912842564712,2171.1000684006335
2888,FIDS133,a,12,IDS,98.25,347.6660214203946,611.7803940676314,1248.5682297376313
2889,FIDS133,a,12,IDS,100.04,89.9999999999892,385.2953749572964,954.5443763014932
2890,FIDS133,a,12,IDS,102.4070881349421,99.59099058710308,678.6835647379638,1369.3158296972958
2891,FIDS133,æ,12,IDS,104.418366779608,126.1485880771005,616.9704389856308,1422.9643582896654
2892,FIDS133,æ,12,IDS,106.1182962546253,73.0333930972904,623.4529762513862,1462.7528338225438
2893,FIDS133,i,12,IDS,106.5652187389373,109.55008964589297,316.62846832745424,2225.7646078934995
2894,FIDS133,e,12,IDS,108.5297860574043,200.21394259570968,438.7651973225035,2271.5980922620984
2895,FIDS133,e,12,IDS,110.550559953639,71.37354325421086,449.608098230849,1914.7192644000497
2896,FIDS133,i,12,IDS,114.35,86.37657174730862,351.1464774533152,2134.872866856014
2897,FIDS133,i,12,IDS,114.6670956999409,63.07429403859999,328.2993267971248,2179.2150310347765
2898,FIDS133,a,12,IDS,114.9828900466464,141.08723666520007,652.6095819418675,1074.3354271876815
2899,FIDS133,i,12,IDS,131.9425460739216,161.83535970409935,372.5445607048629,2128.7493053340368
2900,FIDS133,i,12,IDS,135.41,159.453080309504,295.8168786451077,2481.345722079793
2901,FIDS133,æ,12,IDS,139.6389497364856,45.645870685774526,453.83317165736423,1640.404950757902
2902,FIDS133,a,12,IDS,139.803329463906,110.38001456748248,549.8736930823034,1108.0621155300832
2903,FIDS133,e,12,IDS,140.79,50.00000000001137,343.0157384703117,1760.274637841492
2904,FIDS133,a,12,IDS,140.9664649118465,63.53508815351461,508.60442266478753,1220.3971960880642
2905,FIDS133,a,12,IDS,143.413851243649,163.49520954722152,402.44675769315154,1221.231788627753
2906,FIDS133,u,12,IDS,146.7278360738828,82.1639261172038,366.001256100153,777.457803421201
2907,FIDS133,i,12,IDS,146.93,65.90182354659646,390.9573479251227,2063.7290807923505
2908,FIDS133,u,12,IDS,151.3040052293971,136.10768713581933,317.5636836721023,475.6518386519961
2909,FIDS133,i,12,IDS,160.23,40.000000000020464,346.77342038762924,1976.66120191189
2910,FIDS133,o,12,IDS,170.67,103.45755688931035,933.3537028584553,1658.650969502662
2911,FIDS133,u,12,IDS,171.4,169.9999999999875,365.40987591985004,2301.6714049356997
2912,FIDS133,o,12,IDS,175.85,134.61921696489298,315.5376090442336,1109.026824688611
2913,FIDS133,a,12,IDS,179.7047833119155,211.39279440731684,760.0018025138395,1112.391586146665
2914,FIDS133,e,12,IDS,181.19,209.86594364029543,415.39858704641733,2376.5149838262128
2915,FIDS133,u,12,IDS,181.7872739173138,178.64179809060943,319.91072656822314,1557.0278263708506
2916,FIDS133,o,12,IDS,184.04,88.09418676031555,521.4172354997488,932.7179869751211
2917,FIDS133,a,12,IDS,184.7796752834888,172.68707148758722,626.0309816306938,1027.4257710501831
2918,FIDS133,e,12,IDS,185.8138944716251,134.97380300179884,452.9892829453479,1642.9871080353212
2919,FIDS133,o,12,IDS,188.6900395612404,189.55879686279786,322.68694600339217,698.3875239334341
2920,FIDS133,æ,9,IDS,5.28,89.99999999999986,757.2435086705603,1535.4962561140285
2921,FIDS133,o,9,IDS,5.726162954491641,133.8370455083595,403.9377173859768,763.776729555962
2922,FIDS133,e,9,IDS,7.83,49.99999999999982,483.93841693428243,1872.370101102169
2923,FIDS133,o,9,IDS,8.52594157938934,84.05842061065982,511.4364795254196,1134.5772821324344
2924,FIDS133,i,9,IDS,10.53716072007748,82.83927992251883,324.3545804530187,2179.178666516745
2925,FIDS133,u,9,IDS,12.84,150.00000000000034,287.8089759851618,724.7553130878402
2926,FIDS133,u,9,IDS,17.50422714242437,135.77285757563118,337.51504363300364,789.4489056467414
2927,FIDS133,u,9,IDS,17.87526057419007,144.73942580993082,338.6621375366669,652.705456043034
2928,FIDS133,i,9,IDS,18.35,79.9999999999983,333.96847904012066,2189.4697540622597
2929,FIDS133,æ,9,IDS,21.7,69.47309492457165,767.4477108193647,1473.3028759928882
2930,FIDS133,æ,9,IDS,24.63925839024471,56.61873796423933,809.4163289619454,1554.23199261756
2931,FIDS133,æ,9,IDS,26.49,89.99999999999986,782.7189606126934,1506.3991773981893
2932,FIDS133,u,9,IDS,27.07218205847161,222.86098985926728,325.87646461043795,1281.1164372894248
2933,FIDS133,e,9,IDS,44.03,68.45778590720641,956.7532831640578,1964.9681175172411
2934,FIDS133,æ,9,IDS,44.19,289.99999999999915,903.6093617230629,1585.5724620715332
2935,FIDS133,u,9,IDS,44.74132976401569,168.6702359843082,310.4480930414745,1033.967780961996
2936,FIDS133,æ,9,IDS,57.74,56.142231164855616,485.88169095655957,1412.8066909523045
2937,FIDS133,u,9,IDS,60.3,130.00000000000256,319.13399088087306,683.8710190262897
2938,FIDS133,u,9,IDS,62.19,80.0000000000054,294.93320684410156,621.4295921841219
2939,FIDS133,e,9,IDS,67.72,79.9999999999983,535.8792693237119,1683.1037896314315
2940,FIDS133,a,9,IDS,68.66,90.00000000000341,615.1904950553144,1122.1686269158608
2941,FIDS133,e,9,IDS,71.15,89.9999999999892,291.6014595193921,1654.520043102909
2942,FIDS133,a,9,IDS,76.13,160.0000000000108,527.6744013711368,963.2581498877023
2943,FIDS133,o,9,IDS,77.54993348868119,78.30250995054655,1006.8492791715096,1781.8160204654578
2944,FIDS133,o,9,IDS,79.9,80.3722211045681,450.76168624553975,1541.6492675310294
2945,FIDS133,æ,9,IDS,97.31,114.75303122547587,697.625519224603,1556.9181271851508
2946,FIDS133,i,9,IDS,98.35,120.00000000000455,345.0351713092428,2214.322443149379
2947,FIDS133,i,9,IDS,103.02,79.9999999999983,355.4095364862712,2166.3617275390907
2948,FIDS133,e,9,IDS,110.73,112.83715532609051,420.91564671556205,2098.0686716429896
2949,FIDS133,e,9,IDS,118.83,144.0997012857963,441.4170937379375,2076.988438887562
2950,FIDS133,a,9,IDS,119.21,130.00000000000966,533.928063821794,1052.8564822966187
2951,FIDS133,a,9,IDS,120.15,67.34617993099334,511.97063583015427,1405.8036311860624
2952,FIDS133,æ,9,IDS,131.38,118.3015236649112,652.2650251553672,1395.340738316013
2953,FIDS133,i,9,IDS,131.8034135730669,92.75835794139198,278.016467823323,2234.5845258276545
2954,FIDS133,e,9,IDS,134.2322664703784,97.73352962162107,499.13038049558,2009.6339745853845
2955,FIDS133,e,9,IDS,135.6,69.99999999999318,622.4772729521649,1202.781416076285
2956,FIDS133,i,9,IDS,146.24,39.99999999999204,305.1542970487253,2164.6503246123752
2957,FIDS133,i,9,IDS,146.51,67.111585337301,382.5601623209016,2308.2940715667182
2958,FIDS133,a,9,IDS,146.76,100.00000000002274,639.0626475533381,1106.6500373670801
2959,FIDS133,i,9,IDS,163.28,90.00000000000341,309.22100496883036,2203.466439311368
2960,FIDS133,a,9,IDS,167.6,39.99999999999204,562.2125413085213,1006.9076781707782
2961,FIDS133,a,9,IDS,170.31,108.45837113760126,606.3987005497668,986.7332667123085
2962,FIDS133,o,9,IDS,172.3,39.99999999999204,364.9690238698049,650.4476650572332
2963,FIDS133,i,9,IDS,172.47,39.99999999999204,398.64113778932716,1451.6511812456722
2964,FIDS133,u,9,IDS,179.74,79.99999999998408,309.3183009081318,657.0207490100045
2965,FIDS133,o,9,IDS,212.81,99.99999999999432,429.1217332380959,934.163645716027
2966,FIDS133,u,9,IDS,213.24,169.9999999999875,360.6993489958323,1313.9427162282593
2967,FIDS133,a,9,IDS,215.82,250.0,617.1221950713481,985.7239741116526
2968,FIDS133,o,9,IDS,225.41,45.19874306109273,296.3283948221636,717.5359554626177
2969,FIDS133,o,9,IDS,229.41,69.99999999999318,695.4099606551817,2090.294027655247
2970,FIDS133,a,9,IDS,236.84,129.99999999999545,597.0792921561062,1136.4936205907877
2971,FIDS133,e,9,IDS,237.97,110.00000000001364,445.88149712322854,2114.496991845118
2972,FIDS133,u,9,IDS,238.39,124.07963293631497,368.0259223414548,1183.4126014288483
2973,FIDS133,o,9,IDS,242.82,150.00000000000568,508.03203422256456,962.2206282379424
2976,FIDS133,o,9,IDS,247.63,129.99999999999545,392.95542811583596,851.1754360720532
2977,FIDS134,æ,12,IDS,4.442242491624515,129.1423523042692,663.9557204685196,1295.3660696563531
2978,FIDS134,o,12,IDS,5.084108088658636,109.44267144429531,509.7416650424206,789.2385585441511
2979,FIDS134,e,12,IDS,5.8,84.26035314705427,377.6018383922264,1726.4398844318926
2980,FIDS134,o,12,IDS,6.629537529400881,77.33948782063571,468.04407822931574,887.5090144895971
2981,FIDS134,i,12,IDS,10.13597142041753,129.14235230427096,342.3607429241679,1578.4082669187092
2982,FIDS134,u,12,IDS,11.66229187876927,107.70812123072915,356.5866181274987,1391.9066911606576
2983,FIDS134,u,12,IDS,12.3680221770321,189.70063050344876,356.6946473830239,764.6390955776156
2984,FIDS134,u,12,IDS,12.73676710354316,193.2328964568395,398.18923699383527,867.047387685737
2985,FIDS134,i,12,IDS,13.27671330661433,100.68725772875098,360.5939738060466,1905.3032162125496
2986,FIDS134,e,12,IDS,17.45148308910865,195.5375729804807,652.2793766695554,1270.6255792819288
2987,FIDS134,æ,12,IDS,18.26425065676515,61.28789600881035,633.3007317402039,1326.7417030259585
2988,FIDS134,æ,12,IDS,21.19,105.11375541830859,577.0055803065756,1252.6064080042174
2989,FIDS134,æ,12,IDS,22.40899692982969,112.36114268281838,689.7526233690494,1376.0435120116608
2990,FIDS134,u,12,IDS,23.0,205.54346535084989,309.10351329118413,682.9780999946188
2991,FIDS134,e,12,IDS,29.58706305215259,148.8420331642395,372.7787309904457,1610.4971393254325
2992,FIDS134,æ,12,IDS,29.87891017600404,186.78608495644866,775.4852368456229,1254.727672180361
2993,FIDS134,u,12,IDS,33.54790276897514,94.85031525171905,371.7672890881274,616.3675190326992
2994,FIDS134,æ,12,IDS,43.13126587832768,116.00923173095623,643.1874249710995,1486.505751711272
2995,FIDS134,u,12,IDS,44.19574465537947,205.7522223152759,338.55987802385914,714.6641931409532
2997,FIDS134,e,12,IDS,47.64,211.60641009090853,498.18707007120156,1655.0840208794082
2998,FIDS134,a,12,IDS,48.47,198.4928732102702,606.1260709840462,1002.3778680788935
2999,FIDS134,e,12,IDS,50.69,76.50723226811351,572.7832544770293,1676.0048551690913
3000,FIDS134,a,12,IDS,52.26,176.7961145600907,593.9196297101621,982.6379919442041
3001,FIDS134,o,12,IDS,53.32,98.0596801965774,507.07510763024885,1024.0717874494553
3002,FIDS134,o,12,IDS,54.92,64.0757598231616,527.6045095435651,972.2457623319681
3003,FIDS134,æ,12,IDS,70.05393629308827,97.03916868060958,651.1745108629405,1369.3673704897512
3004,FIDS134,i,12,IDS,74.77814453365816,99.2280221095001,333.25595641979385,2260.312731458269
3005,FIDS134,e,12,IDS,83.68,108.91832813881308,433.3348478659948,1639.0351317439547
3006,FIDS134,e,12,IDS,85.1680419141081,118.19808515984676,482.92999742344637,1717.567614799315
3007,FIDS134,a,12,IDS,85.56203553130759,131.33120573314727,676.6750584514256,2504.4496407421557
3008,FIDS134,a,12,IDS,87.34942763274137,120.02212968391746,492.99083251794684,1077.3093395411897
3009,FIDS134,a,12,IDS,88.94155834640208,89.74299058431257,480.1867814915744,1165.1206279139105
3010,FIDS134,æ,12,IDS,95.16580424935223,91.20222620356344,707.056926843013,1339.6421916898853
3011,FIDS134,i,12,IDS,95.57,48.04487330537199,359.92531997804383,1897.042729188169
3012,FIDS134,e,12,IDS,97.4061149115605,81.71719467843275,453.6061193987202,1822.8650480014421
3013,FIDS134,e,12,IDS,99.26,82.49803834841885,510.00290504661695,1688.563109466969
3014,FIDS134,i,12,IDS,101.0250764492114,135.7089125908999,380.6094665537317,2010.716150463291
3015,FIDS134,i,12,IDS,101.5806392042238,106.52420020579711,332.7306626192213,2128.927119670699
3016,FIDS134,a,12,IDS,101.8683721921461,107.25381801540834,653.6362423103595,1196.0035012898966
3017,FIDS134,i,12,IDS,107.6822928789996,106.52420020579711,359.6819608239148,2156.05309501651
3018,FIDS134,i,12,IDS,109.3008973891331,77.33948782059485,333.07423487931464,2040.534174327827
3019,FIDS134,a,12,IDS,112.9270993461462,87.55413715539362,586.9399491094445,1017.0688643318364
3020,FIDS134,a,12,IDS,121.5207379184095,104.33534677690659,432.90975033702273,1061.099367721578
3021,FIDS134,o,12,IDS,123.1498714789628,75.88025220130135,370.48498225647336,821.964453997349
3022,FIDS134,i,12,IDS,123.4441854350111,61.2878960088068,414.0667381545355,1873.5609726148577
3023,FIDS134,u,12,IDS,126.8130244921272,99.95763991909712,413.1605873124049,1720.6787668123634
3024,FIDS134,o,12,IDS,140.8297257368066,154.6789756413034,417.7043672839893,732.7304584370919
3025,FIDS134,u,12,IDS,141.2725709792345,115.64442282619325,454.7929647445582,1055.0665687706746
3026,FIDS134,o,12,IDS,144.52,162.68036912799744,501.20339911137887,629.4403146364929
3027,FIDS134,æ,12,IDS,145.6788126282925,124.03502763692131,569.7755935482462,1501.9251776240985
3028,FIDS134,o,12,IDS,146.2,65.34744512799762,515.3125452732045,938.6930693166275
3029,FIDS134,a,12,IDS,151.5,240.5997645902005,571.0423950586534,993.2462691929636
3030,FIDS134,e,12,IDS,152.2916849067958,118.31509320418832,450.6468062933906,1858.9331055522666
3031,FIDS134,u,12,IDS,152.6654170021345,135.7089125908999,411.8303098916329,748.9019634099325
3032,FIDS134,o,12,IDS,154.2038632730206,101.41687553840484,532.9044780062238,999.8739860123869
3033,FIDS134,a,12,IDS,154.87,102.17985050559264,640.8912097169685,991.6093895733563
3034,FIDS134,o,12,IDS,157.0775965364812,93.39107963251081,444.8788446806376,782.3668051021664
3035,FIDS134,æ,15,IDS,3.15,149.99999999999991,785.1353506415683,1334.2197243726262
3036,FIDS134,o,15,IDS,3.925110612819176,142.86423664018244,450.65103712007055,1108.440547563724
3037,FIDS134,e,15,IDS,5.981849744192594,80.83108125694505,473.75507526117946,1713.3114054739199
3038,FIDS134,o,15,IDS,6.843410616258771,76.58938374122926,469.247484277528,1152.7703673178355
3039,FIDS134,i,15,IDS,9.111973443731468,178.0265562685308,306.9368925876032,2182.538677652905
3040,FIDS134,u,15,IDS,10.93,192.20404014722092,387.3455000182125,814.7349809145629
3041,FIDS134,u,15,IDS,12.03,169.99999999999994,371.8278247162642,818.8579195530039
3042,FIDS134,u,15,IDS,12.35,269.99999999999955,422.61723962610546,839.1194568385697
3044,FIDS134,æ,15,IDS,15.91,131.56672077334974,639.2955052041324,1342.0044672912336
3045,FIDS134,æ,15,IDS,17.92,101.85360503115959,615.9614288508384,1421.9594488265147
3046,FIDS134,u,15,IDS,20.63,145.22927262193264,353.2629758239322,880.3283519890058
3047,FIDS134,e,15,IDS,25.44,88.04838335703735,429.2781032366002,1969.0772810209644
3048,FIDS134,æ,15,IDS,25.62952628413303,127.43736376521042,780.8583113275639,1421.1832815279254
3049,FIDS134,u,15,IDS,26.39917752649914,100.29792518556846,433.7025128390497,2137.541064765189
3050,FIDS134,æ,15,IDS,37.84,125.31076440237854,574.5600054372119,1408.8337711307904
3051,FIDS134,u,15,IDS,39.82,155.5409995026693,297.0347361862444,499.6657637410259
3052,FIDS134,u,15,IDS,41.20477174940795,176.9963385627733,430.8687494321513,1430.1283145814186
3053,FIDS134,e,15,IDS,43.6,63.422916840629284,689.8186345930412,1792.4440704210194
3054,FIDS134,e,15,IDS,46.85,210.00000000000085,520.2728999267904,1673.5857358914454
3055,FIDS134,a,15,IDS,47.77928684622984,130.9772905364497,636.810563888205,1122.9400626395259
3056,FIDS134,e,15,IDS,49.17,129.99999999999545,437.8944928924715,1901.805283768873
3057,FIDS134,a,15,IDS,50.46,139.84139265016182,590.9301018627284,1077.7156874646
3058,FIDS134,o,15,IDS,51.48,84.378275057432,454.0096237971993,905.4327547367166
3059,FIDS134,o,15,IDS,53.27,99.36493525592027,437.65639263692776,885.1973619903856
3061,FIDS134,i,15,IDS,57.0477197660528,143.95702203105998,304.01795559075435,2155.1743401691774
3062,FIDS134,i,15,IDS,59.00112905718417,122.71746140352491,500.77605109956914,1641.7278761745954
3063,FIDS134,e,15,IDS,63.62040615459333,173.45641179151983,388.79506675169455,2314.7563885293735
3064,FIDS134,a,15,IDS,63.99,103.14750925588356,719.09819896374,1196.7071325180646
3065,FIDS134,e,15,IDS,66.51,99.99999999999432,414.9952328753525,1963.9234373468123
3066,FIDS134,a,15,IDS,68.4,89.9999999999892,473.91985565933066,1153.1602336815104
3067,FIDS134,æ,15,IDS,74.34264452174536,87.31819369097593,542.0042065176001,1370.1984348739884
3068,FIDS134,i,15,IDS,74.71526251485776,58.99877952093391,338.784548884719,2031.2180638884329
3069,FIDS134,e,15,IDS,76.86854674583832,172.2764362011162,461.3994958869707,1822.375588640618
3070,FIDS134,e,15,IDS,78.13,60.000000000002274,510.15775171160647,1604.6825436763913
3071,FIDS134,i,15,IDS,80.07497596630517,105.02403369483204,328.7584499989112,1931.9625209444819
3072,FIDS134,i,15,IDS,80.57,80.0000000000125,282.88565633542237,2133.8776783557687
3073,FIDS134,a,15,IDS,80.9,106.5532620049936,584.2611226617244,1134.6411124446322
3074,FIDS134,i,15,IDS,86.67743869404529,138.05714407897085,286.01319062049396,2063.078345951609
3075,FIDS134,æ,15,IDS,88.77,83.13490925057465,670.7823362318327,1558.5494533129317
3076,FIDS134,a,15,IDS,89.03,82.02373260752438,627.2220658193951,1165.0077430326664
3077,FIDS134,a,15,IDS,89.74,61.34935300735833,560.6634894796359,1033.0569873817676
3078,FIDS134,i,15,IDS,91.8,42.718018526997525,376.77677230738584,1949.7082383709492
3079,FIDS134,u,15,IDS,95.72,90.00000000000341,388.84155598768615,1034.524496026665
3080,FIDS134,u,15,IDS,102.87,199.99999999998863,304.6943196266826,1624.3255868383867
3081,FIDS134,o,15,IDS,118.0265448590276,113.45514097240539,525.6829219500471,1552.5001073423289
3082,FIDS134,u,15,IDS,118.3452482062383,134.75179376170843,455.9638214064876,902.4604449573402
3083,FIDS134,o,15,IDS,121.72,79.9999999999983,472.39708853908303,816.7115572045534
3084,FIDS134,æ,15,IDS,124.2237145083812,286.28549161879846,812.8452564037691,1373.133762768226
3086,FIDS134,e,15,IDS,128.37,90.00000000000341,459.7745494011094,1533.0185123696656
3087,FIDS134,o,15,IDS,130.5396177312851,60.382268714903375,446.07003634558305,1074.1168573524594
3088,FIDS134,a,15,IDS,131.29,99.99999999999432,584.5468192921894,1072.4570042380565
3089,FIDS134,o,15,IDS,133.6200438570369,107.37777872810739,452.85227927833967,761.8887852945389
3090,FIDS134,æ,18,IDS,5.16,120.6639399371605,796.0833128225381,1318.6368502707237
3091,FIDS134,o,18,IDS,5.683017915172479,100.42091550874144,555.4958935918494,920.7173193463193
3092,FIDS134,e,18,IDS,6.401152370013356,90.46181645002261,383.7252951334598,1782.8624726701646
3093,FIDS134,o,18,IDS,6.598362771739039,49.79549529359062,482.8129998267636,1179.3237353187928
3094,FIDS134,o,18,IDS,7.111258334267051,69.71369341102651,462.8137041361761,1075.55208845082
3095,FIDS134,o,18,IDS,7.351106636597844,59.754594352308565,490.6768260565947,1028.2613528673423
3096,FIDS134,i,18,IDS,8.83355431981166,101.25084043030164,325.2243445538677,2082.266259332606
3097,FIDS134,u,18,IDS,10.13058599002682,149.41400997317976,399.88445684287876,1209.027130397648
3098,FIDS134,u,18,IDS,10.67,99.99999999999964,313.05089065228356,1060.5010865859595
3099,FIDS134,u,18,IDS,10.9609099759076,199.09002409240094,429.303688866733,716.3163904966497
3100,FIDS134,i,18,IDS,11.48115377073056,107.89023980278145,320.3133520088413,1839.2553986575153
3102,FIDS134,æ,18,IDS,16.64044801938594,81.33264231286219,648.6365184220737,1304.8057949080496
3103,FIDS134,æ,18,IDS,17.95,154.14493220531966,691.3354366020225,1276.1587274876833
3104,FIDS134,u,18,IDS,18.78,99.99999999999787,372.871564443365,684.6481046131348
3105,FIDS134,e,18,IDS,21.12903987841782,60.96012158218045,543.6539360293523,1632.8238163536394
3106,FIDS134,æ,18,IDS,21.26629118108479,101.25084043029986,703.8058592631398,1372.3192725251258
3107,FIDS134,u,18,IDS,21.6344661166518,86.31219184222871,385.5447020595891,906.3304993737836
3108,FIDS134,æ,18,IDS,26.90776466550888,87.97204168535089,674.4861626812917,1363.1324345356745
3109,FIDS134,u,18,IDS,27.83608849731077,115.35956409682058,391.19285611095313,841.2586616004526
3111,FIDS134,e,18,IDS,31.51,160.00000000000014,498.91533161566963,1582.8829285102695
3112,FIDS134,a,18,IDS,32.29255301714497,100.42091550874233,610.6162748801107,1052.3668721494587
3113,FIDS134,e,18,IDS,33.31,99.99999999999432,579.140103524962,1632.7546144217788
3114,FIDS134,a,18,IDS,34.71744796335731,121.99896346930217,635.8841395119599,1050.1514222898559
3115,FIDS134,o,18,IDS,35.45,79.9999999999983,483.208863133563,906.7201803387004
3116,FIDS134,o,18,IDS,36.7,67.70205345135594,451.6876182779305,868.2942565897988
3117,FIDS134,æ,18,IDS,39.35,100.00000000000142,667.389533557061,1285.435731288696
3118,FIDS134,i,18,IDS,39.876243486665,195.86228148813234,291.07848941331616,1903.8439392754685
3119,FIDS134,i,18,IDS,42.07474240811269,105.25759188730888,307.9333390885522,1943.2747829866323
3120,FIDS134,e,18,IDS,45.71024764679472,71.37354325414691,523.0718049773501,1586.6084222417178
3121,FIDS134,a,18,IDS,45.92,89.9999999999963,648.9126513722557,1138.2610293701637
3122,FIDS134,e,18,IDS,46.79430034177449,65.69965822551183,460.50528648093405,1634.6186462664466
3123,FIDS134,a,18,IDS,47.06,87.53662875341917,661.3349286766856,1111.818638453345
3124,FIDS134,a,18,IDS,48.22,95.83265631949445,600.1424834059194,1029.9687719305048
3125,FIDS134,æ,18,IDS,50.98,70.00000000000028,615.4077570129218,1262.860382134461
3126,FIDS134,i,18,IDS,51.38972174753402,54.77504482295359,349.0456229991859,1839.1376991151353
3127,FIDS134,e,18,IDS,53.33,70.00000000000028,509.44027832934347,1666.2358026075726
3128,FIDS134,e,18,IDS,54.22,58.32306140661814,519.0052119458601,1538.6980515792502
3129,FIDS134,i,18,IDS,55.36184565497447,48.15434502552307,383.4676701563185,1937.2600161488401
3130,FIDS134,i,18,IDS,55.64453832362081,41.496246077990406,342.00575243393206,1785.092047645979
3131,FIDS134,i,18,IDS,60.85619215037985,123.80784962014957,267.6949738815396,2168.95860917233
3132,FIDS134,i,18,IDS,62.40938515519824,90.61484480176318,303.9102358281136,2016.7982794215686
3133,FIDS134,æ,18,IDS,62.62,44.48579672668984,626.8708957109374,1474.992710491749
3134,FIDS134,æ,18,IDS,63.64,60.000000000002274,614.2475648496694,1343.2607091367372
3135,FIDS134,a,18,IDS,63.85,106.00501456615063,626.875089175612,1118.582908913791
3136,FIDS134,a,18,IDS,64.72,82.14050593768718,536.1494542089442,966.7185890841774
3137,FIDS134,o,18,IDS,66.53898279919174,141.01720080826396,498.12230680948505,872.364014917329
3138,FIDS134,i,18,IDS,66.90445154919173,44.81594576422765,404.4295362164103,1557.587165619952
3139,FIDS134,u,18,IDS,69.41004846481249,80.50271739131176,435.1980182124605,1589.6445261837584
3140,FIDS134,o,18,IDS,76.5137598050179,116.24019498209748,414.1405382384231,648.3846947804202
3141,FIDS134,u,18,IDS,76.83577067458312,159.34558493948714,398.1878901667511,667.8524352201451
3142,FIDS134,o,18,IDS,80.55,140.00000000000057,513.8456624381104,738.9502555375361
3143,FIDS134,æ,18,IDS,81.93,119.99999999999034,655.4831173345887,1319.181660303098
3144,FIDS134,o,18,IDS,82.47,120.00000000000455,504.1086970962864,863.7987456333381
3145,FIDS134,a,18,IDS,84.1008300649907,147.72663603766034,617.4187283235943,1111.8901308581344
3146,FIDS134,e,18,IDS,85.19106986776968,78.0129426266285,478.7285179534657,1547.5682062127698
3147,FIDS134,u,18,IDS,85.49,70.00000000000739,363.74724484369756,726.2782226446105
3148,FIDS134,o,18,IDS,86.68096775548815,76.35309278350633,453.053051157708,920.9738277382044
3149,FIDS134,a,18,IDS,87.31,140.00000000000057,529.0760787946351,1012.4931515962959
3150,FIDS134,e,18,IDS,88.26,119.99999999999034,560.6465420211887,1564.1025612282615
3151,FIDS134,o,18,IDS,89.63378697893044,141.08723666517164,473.356600606714,749.9547571332303
3152,FIDS135,æ,12,IDS,2.010243329075169,129.75667092483124,857.5188050297079,1448.0499398219972
3153,FIDS135,o,12,IDS,2.411206727995191,118.7932720048086,445.8052251596222,873.346317515002
3154,FIDS135,e,12,IDS,3.53532215868692,180.8693592954449,346.4542839706453,2192.657600573208
3155,FIDS135,o,12,IDS,4.446112158691578,113.88784130842123,433.2382280636736,880.7238893852036
3156,FIDS135,i,12,IDS,5.77,160.00000000000014,310.10988963671076,2060.2429975030336
3157,FIDS135,u,12,IDS,7.62,229.99999999999955,500.63310720143477,1578.4225791824963
3158,FIDS135,u,12,IDS,9.16,220.71973082237406,286.492509705822,594.278188012081
3159,FIDS135,u,12,IDS,9.55723079230347,372.7692076965301,331.3705116317798,620.2773157905674
3160,FIDS135,i,12,IDS,10.5,109.99999999999943,303.9125299650281,1932.4168488301868
3161,FIDS135,æ,12,IDS,13.9,170.19661169462984,679.235647791225,1569.7884881521868
3162,FIDS135,æ,12,IDS,15.53,100.00000000000142,633.9650043906448,1404.347381229993
3163,FIDS135,æ,12,IDS,18.03,150.92319420861955,740.8456743405293,1544.7161756684084
3164,FIDS135,u,12,IDS,18.54,220.00000000000242,363.7327398233996,774.136961856502
3165,FIDS135,e,12,IDS,24.9,101.74462531900019,464.00210836633835,1907.1077220041
3166,FIDS135,e,12,IDS,25.11288121958487,217.11878041512733,653.8349806292134,1716.304567078865
3167,FIDS135,u,12,IDS,26.0216547733874,138.34522661259996,402.33000139413537,1229.892138334756
3168,FIDS135,æ,12,IDS,33.3,181.75456414182634,768.3062093489789,1594.0736514982698
3169,FIDS135,u,12,IDS,34.62,170.0000000000017,349.41225816996433,656.5171514077327
3170,FIDS135,u,12,IDS,36.07,270.0000000000031,429.39493336388097,1040.5069817948045
3171,FIDS135,e,12,IDS,38.87210387959892,87.89612040108352,563.2928957304345,1753.2045023613634
3172,FIDS135,a,12,IDS,40.08,137.65764738331399,646.1770661898252,1216.7477086928118
3173,FIDS135,e,12,IDS,41.74,109.99999999999943,491.7579839527689,1535.451451215663
3174,FIDS135,a,12,IDS,43.09,189.99999999999773,629.1787606977492,1155.3294257689229
3175,FIDS135,o,12,IDS,44.04,138.6266445252744,424.2257756832937,909.3305233213414
3176,FIDS135,o,12,IDS,46.63763126068145,100.24084973000669,444.9772189218793,1279.7355068202291
3177,FIDS135,æ,12,IDS,55.29690931543234,141.6446789663155,646.9781520198558,1293.159492807632
3178,FIDS135,i,12,IDS,55.83515909550432,154.84090449567844,300.2851373558064,2245.0594847992656
3179,FIDS135,i,12,IDS,58.25,119.99999999999744,292.9210654871819,2106.6330117818147
3180,FIDS135,e,12,IDS,62.33460096151875,82.80765847261051,414.96462027544834,1829.6676158580478
3181,FIDS135,a,12,IDS,62.62,163.5056363966001,675.5497664650348,1176.0157326249046
3182,FIDS135,e,12,IDS,63.86,137.86948323247827,443.0047073698466,1300.4010377205407
3183,FIDS135,a,12,IDS,64.19,230.00000000000398,896.057440413548,1318.748094759539
3184,FIDS135,a,12,IDS,65.59073309118256,111.1365942658864,597.9154420211165,1168.8380868819538
3185,FIDS135,æ,12,IDS,67.68336240712048,116.63759287951336,684.7542725585956,1477.304157762668
3186,FIDS135,i,12,IDS,68.12790878418399,102.4199986371741,307.1134478145472,2148.188212495232
3187,FIDS135,e,12,IDS,69.75,90.00000000000341,421.815642742909,2103.3229506125213
3188,FIDS135,i,12,IDS,72.11,45.48096490128728,309.1342766752027,2042.5186086466645
3189,FIDS135,i,12,IDS,72.41,52.74096081282664,294.75760707185424,1728.5742112019957
3190,FIDS135,a,12,IDS,72.74,100.00000000000853,723.8420152195745,1385.6176692295508
3191,FIDS135,i,12,IDS,84.85394621523642,148.18212568782485,333.88576291900443,2244.9115283167102
3192,FIDS135,i,12,IDS,86.84,119.99999999999034,295.3272457692225,2321.2795935993195
3193,FIDS135,æ,12,IDS,88.29212929895873,137.87070104127963,916.4388490183013,1588.357712712468
3194,FIDS135,a,12,IDS,88.58,110.91354897158112,600.3092954436486,1151.8423759713899
3195,FIDS135,a,12,IDS,89.54,185.58963127505024,775.5400839356965,1178.720250377124
3196,FIDS135,o,12,IDS,91.88,90.00000000000341,493.8248570650384,1144.7592715807787
3197,FIDS135,i,12,IDS,92.04624185262423,53.75814737575979,412.2678505831732,1493.8340565190379
3198,FIDS135,u,12,IDS,95.31,120.00000000000455,348.62315062612976,582.6960646750869
3199,FIDS135,o,12,IDS,111.8046783462328,185.3216537671898,485.4128497601315,800.2209411568064
3200,FIDS135,u,12,IDS,112.29,149.99999999999147,374.0258814507452,624.4817326921319
3201,FIDS135,o,12,IDS,115.96,170.0000000000017,428.4792369196641,773.2806344017456
3202,FIDS135,e,12,IDS,117.99998979779,424.93403689900333,673.5276512567533,1129.4507603999746
3203,FIDS135,o,12,IDS,119.15,219.99999999999886,455.9589412274449,980.9914078309504
3204,FIDS135,a,12,IDS,121.88,233.31517781529953,532.5675784860008,1090.0639680974937
3205,FIDS135,e,12,IDS,123.17,200.00000000000284,461.77565920699595,1536.533653757391
3206,FIDS135,u,12,IDS,123.63,140.99668535460808,315.9251109059021,672.1444038911535
3207,FIDS135,o,12,IDS,128.21,139.99999999998636,415.9596996623875,825.8234661467444
3208,FIDS135,a,12,IDS,129.07,202.85512208459977,571.756107048039,1118.0781309960798
3209,FIDS135,e,12,IDS,130.09,139.99999999998636,526.8004702692383,1767.7219955444207
3210,FIDS135,o,12,IDS,131.8407229404054,169.2770595945774,466.99953059350236,788.088829251318
3211,FIDS136,æ,12,IDS,3.366286702072305,87.97204168534334,1165.6451986230577,1745.6558731372443
3212,FIDS136,o,12,IDS,3.806146910499019,104.57054011654022,434.31572079172736,1079.2821712045668
3213,FIDS136,e,12,IDS,4.515506362538461,94.49363746153949,365.25194719550234,1879.7524309265934
3214,FIDS136,o,12,IDS,5.199182905658549,93.7815161362634,553.7205889648926,1041.5988850700066
3215,FIDS136,i,12,IDS,8.255630336235534,129.4682877633342,244.8512120619441,2076.127933030456
3216,FIDS136,u,12,IDS,9.856701005709304,179.26378305692657,373.8755593539709,890.5953500037755
3217,FIDS136,u,12,IDS,11.19642016191729,268.87361328999935,420.28950345143835,1375.3917027510515
3218,FIDS136,u,12,IDS,11.68721408840766,272.2153742716298,422.4204011018623,1107.3336208805044
3219,FIDS136,i,12,IDS,12.30280393040677,101.25084043029986,274.1398649264906,2005.1177544220934
3220,FIDS136,æ,12,IDS,15.01493129482295,135.0687051770496,683.7948266869646,1478.5287668000212
3221,FIDS136,æ,12,IDS,16.31496643699362,105.03356300638345,667.0919783722347,1392.2587490157835
3222,FIDS136,æ,12,IDS,17.88745171851357,136.10768713580867,679.5373920334084,1725.0064392159059
3223,FIDS136,u,12,IDS,18.44,230.00000000000043,353.57655262435156,564.0990959954235
3224,FIDS136,e,12,IDS,19.42,58.4336212477794,480.0471232631258,1983.9817242567362
3225,FIDS136,u,12,IDS,20.55339525468832,255.61687584043113,383.54127753141347,823.7570326242736
3226,FIDS136,i,12,IDS,21.50322861188246,84.65234199911009,349.6916135161283,2100.4108578533396
3227,FIDS136,u,12,IDS,22.42234265827422,167.6573417257785,303.39484498030913,569.1973130746138
3228,FIDS136,e,12,IDS,27.6198829989287,210.80093007619993,424.44714726199044,1770.6622447957625
3229,FIDS136,æ,12,IDS,27.92,171.0897167682397,903.0114902181183,1467.0411411729
3230,FIDS136,u,12,IDS,28.63323715625726,200.8418310174811,388.62138694379956,593.066254718264
3231,FIDS136,æ,12,IDS,43.06,207.0553711827543,872.5204019339836,1513.1396758389778
3232,FIDS136,u,12,IDS,44.39,133.0747541519628,373.9481371576231,748.9112952889526
3233,FIDS136,u,12,IDS,45.58,219.99999999999886,381.14920458627086,1072.3384671869128
3234,FIDS136,u,12,IDS,49.95090097344853,239.0183774092236,413.91883862849176,1323.80427679815
3235,FIDS136,e,12,IDS,52.71449858045895,185.5014195410476,594.3931413992665,1980.5655173187056
3236,FIDS136,a,12,IDS,53.76,139.22628104162982,745.5989944525159,1169.0302517434666
3237,FIDS136,e,12,IDS,56.43764501143146,142.74708650830092,639.1959385464908,2011.3611848360986
3238,FIDS136,a,12,IDS,60.92,131.16599417438835,684.0503565166005,1193.9636330467306
3239,FIDS136,o,12,IDS,62.25,112.41361295515873,497.20153867532736,990.2865224146402
3240,FIDS136,o,12,IDS,63.85,100.80853115317012,535.7555140811961,1295.3943213161535
3241,FIDS136,æ,12,IDS,73.5966846797407,136.10768713580512,837.5580189560935,1410.499989924343
3242,FIDS136,i,12,IDS,74.24942854459948,102.91069027343269,324.0193995439152,2205.5558294033517
3243,FIDS136,i,12,IDS,76.52319223767375,161.0054347826093,252.3148361594098,2292.0260924407585
3244,FIDS136,e,12,IDS,80.26901704754447,71.37354325415401,553.2497991716212,1862.4874263859517
3245,FIDS136,a,12,IDS,80.63169619927012,167.644834155098,835.160623199883,1172.2267289220895
3246,FIDS136,e,12,IDS,84.72445715287813,75.54284712186643,431.88603315097185,1791.484195700243
3247,FIDS136,a,12,IDS,85.11,233.58114436177857,833.4642626297909,1192.8876767896945
3248,FIDS136,a,12,IDS,86.36420706264391,155.79293735608246,869.8186107289713,1162.1345172303659
3249,FIDS136,æ,12,IDS,93.12961315321944,141.08723666515743,743.6444562248166,1433.3506569180727
3250,FIDS136,i,12,IDS,93.69438497639288,86.31219184223937,298.1945320253208,2203.231592190892
3251,FIDS136,e,12,IDS,95.33885340422788,161.14659577212365,423.66937644423643,2124.5869043185294
3252,FIDS136,e,12,IDS,96.65,99.99999999999432,492.34683549805266,2048.78432314618
3253,FIDS136,i,12,IDS,101.9928996559084,107.89023980279921,273.04149073788966,2093.4077788459404
3254,FIDS136,a,12,IDS,102.7215876041379,88.41239586210747,725.0318802192265,1253.8471708918537
3255,FIDS136,i,12,IDS,108.9588714984806,81.12850151940165,296.8096225375278,2112.28714631645
3256,FIDS136,u,12,IDS,110.2146645928528,80.2579590590966,496.9608292575418,896.158870434377
3257,FIDS136,i,12,IDS,112.5554589060585,144.5410939414984,278.3619172604523,2176.350486632608
3258,FIDS136,æ,12,IDS,113.9203917879498,159.60821205020181,898.7543347710748,1358.072368975777
3259,FIDS136,a,12,IDS,114.37,127.44848465659686,741.8823638870681,1144.3139805367628
3260,FIDS136,a,12,IDS,119.39,78.97433214779426,700.2613350488391,1103.322725369026
3261,FIDS136,o,12,IDS,121.1891227980622,150.87720193780285,432.1356747366887,765.8507873338317
3262,FIDS136,i,12,IDS,121.53,39.99999999999204,426.07448412834276,1490.6220237493242
3263,FIDS136,u,12,IDS,125.0775368934631,119.65732077909763,360.04390286727784,1108.9578875299196
3264,FIDS136,o,12,IDS,140.6488300686251,151.04633572389048,311.74929273660865,669.2457922906567
3265,FIDS136,u,12,IDS,141.2095556401179,169.30468399817755,429.10357542570927,1437.3008159665037
3266,FIDS136,o,12,IDS,145.09,210.0219009288935,395.5823778376971,835.3387404311744
3267,FIDS136,o,12,IDS,147.624527960855,91.2917413716059,365.41906435425625,977.9446863684047
3268,FIDS136,æ,12,IDS,148.7303359980578,234.03882787991392,937.4103638313011,1398.6400686920024
3269,FIDS136,o,12,IDS,149.54,138.32863028559927,360.59091683900436,955.4120397952175
3270,FIDS136,a,12,IDS,151.9,277.99497945679263,500.6839777770239,1083.7091232174425
3271,FIDS136,e,12,IDS,153.16,85.85818541851609,537.0444039868524,1580.0199731201767
3272,FIDS136,u,12,IDS,153.49,87.82815404239841,389.11439513264645,1352.0962845184404
3273,FIDS136,o,12,IDS,154.6165749323931,103.4250676069064,564.8541424609895,951.7363609032034
3274,FIDS136,a,12,IDS,155.4,155.1981674896865,668.6900886145347,1139.465290183929
3275,FIDS136,e,12,IDS,156.57,140.00000000001478,579.2603363325492,1904.331043971804
3276,FIDS136,o,12,IDS,158.3928337773659,202.50168086059261,461.16600539847997,1635.5848206927524
3277,FIDS137,æ,12,IDS,1.87,119.99999999999989,691.3837394282525,1314.6494849620249
3278,FIDS137,o,12,IDS,2.43,129.9999999999999,469.6729953890747,1229.1674241456813
3279,FIDS137,e,12,IDS,3.61,110.00000000000031,321.09248192116627,1930.6881995349593
3280,FIDS137,o,12,IDS,4.610171231734336,92.03535352430592,383.61057470608614,986.808319188427
3281,FIDS137,i,12,IDS,6.52,160.00000000000014,290.9911978684469,2236.7476213183745
3282,FIDS137,u,12,IDS,8.31,285.19881632646,447.5027774187477,1499.3358623183021
3283,FIDS137,u,12,IDS,9.67,99.99999999999964,379.5704453827895,844.3486510479925
3284,FIDS137,u,12,IDS,9.916131752342098,253.86824765790195,341.8030638217991,617.6826550744968
3285,FIDS137,i,12,IDS,10.59,89.99999999999986,312.9786462577673,2068.352889070306
3286,FIDS137,æ,12,IDS,13.91,142.03819658463067,579.5250719983725,1423.3344949412976
3287,FIDS137,æ,12,IDS,15.29,120.01440404774044,447.85516964245085,1188.9589324841954
3288,FIDS137,æ,12,IDS,17.46,140.00000000000057,579.0172010363509,1455.70858784349
3289,FIDS137,u,12,IDS,18.04,260.0000000000016,304.7558870285658,754.925722812189
3290,FIDS137,e,12,IDS,21.67,59.99999999999872,441.91648404637607,1801.8135484585182
3291,FIDS137,æ,12,IDS,21.85,199.9999999999993,632.6358517522517,1483.9248760170938
3292,FIDS137,u,12,IDS,22.78,131.47284918983004,316.66618841712875,747.4171024661509
3293,FIDS137,u,12,IDS,31.71,160.00000000000014,331.0593309853218,1376.481682136457
3294,FIDS137,u,12,IDS,32.79,210.00000000000085,351.3382748830845,885.7089264049284
3295,FIDS137,e,12,IDS,36.29,109.99999999999943,453.0012691097709,1683.334722452442
3296,FIDS137,a,12,IDS,37.31,103.58415879422722,698.6154111761175,1013.2183301577712
3297,FIDS137,e,12,IDS,38.82,100.00000000000142,505.6373983500548,1717.0711471629613
3298,FIDS137,a,12,IDS,40.24,119.99999999999744,667.3521613058717,1104.6485329080592
3299,FIDS137,o,12,IDS,41.02756514359982,162.59579122628054,452.1576296927649,1288.2727213950443
3300,FIDS137,o,12,IDS,44.5,130.00000000000256,417.08537049160833,858.9333036173001
3301,FIDS137,æ,12,IDS,53.16,121.95869106325574,612.7713503713226,1519.837514292521
3302,FIDS137,i,12,IDS,53.81576374150422,98.17104375925823,313.05170422070023,2220.3759163635923
3303,FIDS137,i,12,IDS,56.23,130.00000000000256,326.6720960195111,2400.197594757333
3304,FIDS137,e,12,IDS,61.03168346068323,125.78164981654538,321.2950716514678,1837.8643091383888
3305,FIDS137,a,12,IDS,61.32,119.99999999999744,845.8681090283361,1488.9663506378395
3306,FIDS137,e,12,IDS,62.22,120.00000000000455,338.39608480976443,1733.828136420831
3307,FIDS137,a,12,IDS,62.7,159.9999999999966,610.558755322502,1128.9616118339982
3308,FIDS137,a,12,IDS,64.78,140.00000000000057,592.1964772089852,1051.9166257222064
3310,FIDS137,i,12,IDS,67.3490866316985,160.91336830150738,278.6692517443628,2427.200276554228
3311,FIDS137,e,12,IDS,70.15,140.00000000000057,462.8103975388431,1773.1907456610309
3312,FIDS137,e,12,IDS,71.3,130.00000000000966,397.32057119261646,1945.1557718267993
3313,FIDS137,i,12,IDS,72.81,69.99999999999318,248.71160213703988,1905.5787644439179
3314,FIDS137,i,12,IDS,73.19,100.00000000000853,222.4455622184159,2198.428490056948
3316,FIDS137,i,12,IDS,82.19,159.5565963686454,268.4461962501263,2320.291790323911
3317,FIDS137,i,12,IDS,84.56,159.9999999999966,224.93054414335026,2138.703831134101
3318,FIDS137,æ,12,IDS,88.28,140.00000000000057,721.2643819129896,1429.6087674263147
3319,FIDS137,a,12,IDS,88.62,129.99999999999545,581.6550145654733,1014.7754488263128
3320,FIDS137,a,12,IDS,89.64,83.8953638681943,542.5045098331723,992.0327748808319
3321,FIDS137,o,12,IDS,91.72,49.99999999999716,255.85683475547398,1024.7376058567156
3322,FIDS137,i,12,IDS,91.98548138255153,64.42474746698679,369.0916374168911,1834.5845093376136
3323,FIDS137,u,12,IDS,96.79,140.00000000000057,305.79976195599716,671.5803069200545
3324,FIDS137,o,12,IDS,114.86,159.9999999999966,425.872000261213,981.9483275352476
3325,FIDS137,u,12,IDS,115.38,140.00000000000057,391.02470005158284,1654.1772715963361
3326,FIDS137,o,12,IDS,119.07,130.00000000000966,510.53202005719936,1361.859530745861
3327,FIDS137,æ,12,IDS,121.1276538090359,132.34619096409972,696.1005085343064,1434.7714539518997
3328,FIDS137,o,12,IDS,121.84,129.99999999999545,455.66941836586705,864.1226538431868
3329,FIDS137,a,12,IDS,124.16,136.76753359840177,544.4015309189107,1039.8992149164249
3330,FIDS137,e,12,IDS,125.62,179.9999999999926,416.64540020927535,1933.719651629859
3331,FIDS137,u,12,IDS,126.1582621297936,141.1208754038995,360.62683358017273,1248.0987318594966
3332,FIDS137,o,12,IDS,127.58,100.00000000000853,467.5136270437865,1012.6052403356712
3333,FIDS137,a,12,IDS,128.36,140.2330410349748,510.16102782129246,1025.912408010505
3334,FIDS137,e,12,IDS,129.324404198057,95.59580194297723,474.683528488466,1771.8174742531992
3335,FIDS137,o,12,IDS,130.64,152.26838085530403,436.8504450723881,951.405183662336
3336,FIDS138,æ,12,IDS,3.88,94.08299832404632,523.627232340065,1435.5680959744193
3337,FIDS138,o,12,IDS,4.27445154189181,115.68247961731437,398.22652799965965,992.5721283339178
3338,FIDS138,e,12,IDS,6.03,120.00000000000011,416.7066373714003,1943.4905622214046
3339,FIDS138,o,12,IDS,7.14,111.47045995804916,574.6826218899373,1184.6345222714365
3340,FIDS138,i,12,IDS,8.59,150.00000000000034,304.51059373618835,1701.6821868893426
3341,FIDS138,u,12,IDS,11.09,150.00000000000034,362.2224410895496,1406.4551296665682
3342,FIDS138,u,12,IDS,15.74,179.99999999999972,326.9284352059022,782.5515687105827
3343,FIDS138,u,12,IDS,16.11075691322284,249.24308677715956,377.24901481527326,970.4828710023379
3344,FIDS138,i,12,IDS,16.73,109.99999999999943,320.29562243992723,2098.611768366298
3345,FIDS138,æ,12,IDS,20.64,119.55603702874029,805.0716617398774,1559.136402558251
3346,FIDS138,æ,12,IDS,23.38,80.62453564953032,542.1644749095504,1517.1418130916709
3347,FIDS138,æ,12,IDS,25.81,78.01475565841187,681.0279087844335,1682.974575661779
3348,FIDS138,u,12,IDS,26.14528994634183,94.71005365816865,379.56732477136416,2071.9074719484993
3349,FIDS138,e,12,IDS,30.95,80.00000000000185,361.3865419942602,1954.0079956511404
3350,FIDS138,e,12,IDS,31.08,111.54273310086182,417.36383029026194,1617.7802263121312
3351,FIDS138,u,12,IDS,31.99043209450921,129.5679054907879,352.4946012633017,1409.3555446063108
3352,FIDS138,æ,12,IDS,41.06,119.99999999999744,635.0928185410844,1614.6976699909387
3353,FIDS138,u,12,IDS,43.95505944255078,94.94055744922036,408.41878187124985,1194.1164180037506
3354,FIDS138,u,12,IDS,45.51604517282978,127.44808626896997,454.6766399569708,1675.3688456339983
3355,FIDS138,e,12,IDS,48.9,230.00000000000398,438.21657864234874,2093.9236435976472
3356,FIDS138,a,12,IDS,51.444065968499,225.934031501005,564.5221212160573,1151.6752436020868
3357,FIDS138,e,12,IDS,53.89,109.99999999999943,382.96363730728285,1858.1799485001297
3358,FIDS138,a,12,IDS,56.01,140.00000000000057,743.015815061273,1375.4924100614849
3359,FIDS138,o,12,IDS,56.91,110.00000000000654,421.43597886244123,1017.0108920641535
3360,FIDS138,o,12,IDS,59.2,99.99999999999432,444.90907249670005,835.135757113497
3361,FIDS138,æ,12,IDS,71.06,90.00000000000341,578.5821665567399,1604.5430442513632
3363,FIDS138,i,12,IDS,74.06,90.00000000000341,291.9047941371542,2165.888778957537
3364,FIDS138,e,12,IDS,81.40764136546781,162.35863453218258,359.90375957509843,2129.2886015295053
3366,FIDS138,e,12,IDS,82.7804057592685,148.68943398045076,321.77529120094835,2447.2892099228543
3367,FIDS138,a,12,IDS,83.20898118662393,138.69350564564797,349.3159068716973,1234.977903970977
3369,FIDS138,i,12,IDS,90.52030728192952,101.20877439005938,315.30588579863775,2300.717611003091
3370,FIDS138,e,12,IDS,92.54,149.99999999999147,430.35950174106404,2141.4361655773796
3371,FIDS138,e,12,IDS,94.67,159.9999999999966,440.31871413044985,1931.7190827502375
3372,FIDS138,i,12,IDS,97.24,50.00000000001137,369.319445003036,2037.213472171008
3373,FIDS138,i,12,IDS,97.83352101243736,56.47898756264169,372.83723532003995,1916.1484439481258
3374,FIDS138,a,12,IDS,98.22,170.0000000000017,593.0105863355548,1285.31047024316
3375,FIDS138,i,12,IDS,113.68,128.83979869819484,264.5107734470905,2357.308377004298
3376,FIDS138,i,12,IDS,116.32,235.38724753900908,251.99386872301613,1730.8329853260213
3377,FIDS138,a,12,IDS,119.7370108853437,90.49970120740625,561.0952998638297,1215.5020277237488
3379,FIDS138,u,12,IDS,122.92,90.43197786139956,538.5237197612782,1589.9662876658008
3380,FIDS138,i,12,IDS,123.9177084690377,62.291530962298225,361.3523035545983,1456.429604148474
3381,FIDS138,u,12,IDS,128.2986075756694,111.39242433060303,324.76712177214335,1118.2525205139298
3382,FIDS138,o,12,IDS,142.5291494911445,190.8505088555046,291.3031856367654,618.06786950112
3383,FIDS138,u,12,IDS,143.05,139.99999999998636,276.6870008035361,494.25946224553843
3384,FIDS138,o,12,IDS,147.25,110.00000000001364,445.1004470081698,1132.1677158771697
3385,FIDS138,e,12,IDS,150.29,143.23073116790397,600.5552253112189,1533.1287507525867
3386,FIDS138,o,12,IDS,151.37,169.9999999999875,533.5738510256276,1375.8095007488005
3387,FIDS138,a,12,IDS,158.92,270.00000000001023,399.241189434077,1203.7995835800516
3388,FIDS138,e,12,IDS,160.54,99.99999999999432,468.3229125097889,1451.3741048353218
3389,FIDS138,u,12,IDS,160.883563596532,147.3250949886733,769.3518311966454,2069.651470894764
3390,FIDS138,o,12,IDS,168.9603996131379,189.60038686211078,454.9670283816601,949.790845864958
3391,FIDS138,a,12,IDS,169.97,157.1873695652073,596.196897454978,1223.0746399513337
3392,FIDS138,e,12,IDS,171.14,70.0000000000216,471.9263084089103,1668.9863772820706
3393,FIDS138,o,12,IDS,172.3868330970276,223.16690297242303,292.64426409248654,609.3395308760578
3394,FIDS139,æ,12,IDS,1.51,90.00000000000009,766.1507833027583,1357.0412954093856
3395,FIDS139,o,12,IDS,1.990708060148043,119.29193985195697,473.17095710076137,962.2335805402541
3396,FIDS139,e,12,IDS,2.82,70.00000000000028,403.7758778864776,1654.3643928983354
3397,FIDS139,o,12,IDS,3.466817432224528,93.18256777547207,539.5393096994968,1025.4400310252463
3398,FIDS139,i,12,IDS,4.450978396273487,129.02160372651306,314.8399480483756,2044.8949491203462
3399,FIDS139,u,12,IDS,6.52,140.00000000000057,361.2491141464918,696.8444991089013
3400,FIDS139,u,12,IDS,7.591284702397998,138.71529760200207,314.3654868547203,1139.3316015108476
3401,FIDS139,u,12,IDS,7.92,150.00000000000034,333.3307935541323,732.9924762797233
3402,FIDS139,i,12,IDS,8.35,99.99999999999964,348.9298593858896,2002.9627880294306
3403,FIDS139,æ,12,IDS,11.2,122.74897587561995,710.1819619306525,1514.6430000158514
3404,FIDS139,æ,12,IDS,13.49,142.9347460372199,711.0183641147048,1379.4122753043196
3405,FIDS139,æ,12,IDS,14.97727128687783,142.72871312216927,717.7834581606857,1418.5806459643861
3406,FIDS139,u,12,IDS,15.48,146.315896273169,412.317955018871,1073.4232115346
3407,FIDS139,e,12,IDS,18.41,125.12780194053974,364.8163219300691,1969.9410208498032
3408,FIDS139,æ,12,IDS,18.71,198.61894545448067,789.9628021301002,1350.6994841200428
3409,FIDS139,u,12,IDS,19.84289304103694,139.4366935785385,213.4281735705106,833.0458546547055
3410,FIDS139,æ,12,IDS,26.71,111.50116068774807,633.4561042788251,1506.271706592988
3411,FIDS139,u,12,IDS,27.67,99.99999999999787,304.0126271336342,740.4375998167832
3413,FIDS139,e,12,IDS,31.23,129.999999999999,588.754823283002,1562.2038738810222
3414,FIDS139,a,12,IDS,32.49,87.39011271676844,664.6031547376567,1118.4234132080878
3415,FIDS139,e,12,IDS,33.89,100.00000000000142,553.9876317315345,1601.1088044794265
3416,FIDS139,a,12,IDS,35.26,117.28055713324181,610.2052751020759,1033.9635867560785
3417,FIDS139,o,12,IDS,35.96,92.88453673401165,446.3888806582609,1002.8509688495465
3418,FIDS139,o,12,IDS,37.99,79.71711618187527,505.13771347543616,1155.58798556627
3419,FIDS139,æ,12,IDS,42.89443991362196,116.1972446487809,672.3992547559026,1483.6589119157768
3420,FIDS139,i,12,IDS,43.68744125632544,97.93767763253669,364.0649149909545,2073.445162429779
3421,FIDS139,i,12,IDS,45.42,119.99999999999744,274.5701443387723,2188.196287755358
3422,FIDS139,e,12,IDS,48.92333856814628,106.66143185372334,503.0601478753618,1882.1569509611381
3424,FIDS139,e,12,IDS,49.92,93.43698340348539,662.361057780206,1704.15705014124
3425,FIDS139,a,12,IDS,50.25,98.74903224711318,618.3718555703891,1116.6364206274416
3426,FIDS139,a,12,IDS,51.68252575003372,107.47424996628041,636.3880345519169,1198.5461089766163
3427,FIDS139,æ,12,IDS,53.96304420899637,112.87732337309819,669.5128048985296,1427.814031491167
3428,FIDS139,i,12,IDS,54.33155547059678,92.9577957190304,331.76763619605464,2018.9009811511633
3429,FIDS139,e,12,IDS,55.88,86.72103429240963,468.4691815304758,1669.5132891239032
3430,FIDS139,e,12,IDS,56.79,79.72002574980053,502.7108096257911,1445.665260499168
3431,FIDS139,i,12,IDS,58.52,59.99999999999517,342.3328969491785,1984.4566816731667
3432,FIDS139,i,12,IDS,58.87,80.0000000000054,327.83226618625736,2187.4354405298577
3433,FIDS139,a,12,IDS,59.17,114.81922732836125,708.3934030206758,1056.0782015135023
3434,FIDS139,i,12,IDS,67.79,140.00000000000057,273.43536899686944,2157.1263262163475
3435,FIDS139,i,12,IDS,69.89,109.99999999999943,303.8233084265617,2038.8508878218363
3436,FIDS139,æ,12,IDS,70.9,109.88413253960516,737.6054063064684,1555.4417201828162
3437,FIDS139,a,12,IDS,71.21,70.00000000000739,586.4671187918084,993.1776540114369
3438,FIDS139,a,12,IDS,72.47,79.9999999999983,612.2517829879293,986.2170176728479
3439,FIDS139,o,12,IDS,74.85304189702879,86.95810297120943,495.0883558231605,1185.1109479089441
3440,FIDS139,i,12,IDS,75.16,44.953552250802886,361.8368880382508,1719.2041692122455
3441,FIDS139,u,12,IDS,79.25,115.37577884956818,436.6369635027129,1455.3738891280495
3443,FIDS139,u,12,IDS,88.5,120.00000000000455,357.3978578766314,772.1626300239739
3444,FIDS139,o,12,IDS,94.21,120.00000000000455,473.01534342676,847.3665516173061
3445,FIDS139,æ,12,IDS,95.93,119.99999999999034,701.4385844154842,1445.8418580527548
3446,FIDS139,o,12,IDS,96.48,109.99999999999943,577.8160648046271,897.3894472881187
3447,FIDS139,a,12,IDS,99.27,136.53352171914435,621.3863620854763,988.1990255840151
3448,FIDS139,e,12,IDS,100.4318934721006,108.10652789940889,578.3775835038356,1669.2792003959967
3449,FIDS139,u,12,IDS,100.94,112.71875065270365,368.53764305892827,755.1329031312185
3450,FIDS139,o,12,IDS,102.23,99.99999999999432,439.2660761609141,839.1355549657692
3451,FIDS139,a,12,IDS,102.79,119.99999999999034,580.9257191271403,1011.6424405582322
3452,FIDS139,e,12,IDS,103.71,100.00000000000853,656.9055207881219,1563.7549085440817
3453,FIDS139,o,12,IDS,105.0458371501548,114.16284984520075,442.19783320624634,845.1882600057046
3454,FIDS139,æ,15,IDS,1.93,130.43553559858023,713.3130493423598,1438.4659344562347
3455,FIDS139,o,15,IDS,2.471837650425004,100.67536072099026,445.9200491497512,1022.1268660487027
3456,FIDS139,e,15,IDS,3.475440181891148,109.26959883131903,412.51679264475933,1491.9475203735287
3457,FIDS139,o,15,IDS,4.28445885161043,104.35860562541689,428.06753926505473,1045.6297901863145
3458,FIDS139,i,15,IDS,5.17,80.46320370918369,326.46318686018094,2210.7861928820516
3459,FIDS139,u,15,IDS,6.42,89.99999999999986,386.8454971548168,1459.5631558560983
3460,FIDS139,u,15,IDS,7.24,169.99999999999994,286.5868947111573,559.1903509304216
3461,FIDS139,u,15,IDS,7.587636641969417,162.363358030583,288.6575003853406,680.879004602386
3462,FIDS139,i,15,IDS,8.1,70.00000000000028,333.5884784521262,2143.9987950304176
3463,FIDS139,æ,15,IDS,11.05,102.80242767265868,469.0352958419099,1576.492017928223
3464,FIDS139,æ,15,IDS,12.23432934851806,100.67536072098981,547.8686072775815,1299.4454626337547
3465,FIDS139,æ,15,IDS,13.96,124.90431321708861,690.8845202628956,1509.9996392087332
3466,FIDS139,u,15,IDS,14.48,99.99999999999964,443.3871101215413,2132.9662309796813
3467,FIDS139,e,15,IDS,17.15,115.12558406752049,474.0176025840367,1889.9972060222515
3468,FIDS139,æ,15,IDS,17.39,89.99999999999986,715.2370824511798,1465.1941679146419
3469,FIDS139,u,15,IDS,18.53,136.70804914854884,391.7225776660616,1844.5243138979847
3470,FIDS139,æ,15,IDS,25.52,115.27276252923002,599.1474988506023,1580.26687919083
3471,FIDS139,u,15,IDS,26.61271361179073,117.28638820926918,410.4253740070599,1711.763182118504
3472,FIDS139,u,15,IDS,28.19,129.999999999999,438.5779317297015,1378.1833792728135
3473,FIDS139,e,15,IDS,31.09,120.000000000001,631.919754381219,1484.8396524456916
3474,FIDS139,a,15,IDS,32.27,108.48465109745575,603.6172139911098,1044.379341333616
3475,FIDS139,e,15,IDS,33.94,120.00000000000455,606.8738763685121,1505.1877265107746
3476,FIDS139,a,15,IDS,34.68,119.99999999999744,590.520387859053,931.5680400866089
3477,FIDS139,o,15,IDS,35.47,81.99093405404057,535.5260852375885,1222.3527141193238
3478,FIDS139,o,15,IDS,37.61,140.00000000000057,599.0009620103533,676.5770531737418
3479,FIDS139,æ,15,IDS,41.85206873589394,115.40834033869629,664.9493867477518,1583.4857707894873
3480,FIDS139,i,15,IDS,42.25355801962804,110.49734713279236,394.45087534134956,2166.4477093434125
3481,FIDS139,i,15,IDS,44.18,100.00000000000142,284.9388892910474,2101.457585329321
3482,FIDS139,e,15,IDS,47.59,79.9999999999983,588.8137580750167,1723.0931363597067
3483,FIDS139,a,15,IDS,47.8242079236802,112.95284373575498,592.9570179604457,1075.0217758447998
3484,FIDS139,e,15,IDS,50.86,124.58794319417876,509.7873725638761,1875.9471688102137
3485,FIDS139,a,15,IDS,51.41,160.0000000000037,571.6163732370859,1014.969527981502
3486,FIDS139,a,15,IDS,54.36,114.09535218419364,543.2338798485395,996.4786892855417
3487,FIDS139,æ,15,IDS,57.02738366980727,122.61633019272722,608.619070249298,1497.5769543208116
3488,FIDS139,i,15,IDS,57.46976761536369,120.23238463631003,266.15137865311755,1904.580210381842
3489,FIDS139,e,15,IDS,58.98403039013882,75.96960986118262,415.83502229554244,1645.3738288452794
3490,FIDS139,e,15,IDS,60.18265541760264,88.3978777062282,536.168563335312,1607.504979132072
3491,FIDS139,i,15,IDS,62.055262390775,44.73760922500247,288.4214749291927,1933.3005295079668
3492,FIDS139,i,15,IDS,62.38,79.9999999999983,360.97546288965145,2064.276096945094
3493,FIDS139,a,15,IDS,62.68,100.00000000000142,644.3881666501907,1249.5682310427242
3494,FIDS139,i,15,IDS,71.1,125.84179542032814,277.0365445923935,2243.566867242495
3495,FIDS139,i,15,IDS,73.08,129.99999999999545,275.1149590286709,2121.110609778033
3496,FIDS139,æ,15,IDS,74.26,97.40735761393182,568.4635644265186,1536.5543884814208
3497,FIDS139,a,15,IDS,74.5,79.9999999999983,526.7728705035477,774.3206114745243
3498,FIDS139,a,15,IDS,74.99,90.00000000000341,563.623153180887,833.3427366059998
3499,FIDS139,u,15,IDS,76.49,109.99999999999943,467.67231909190673,661.6841283038797
3500,FIDS139,u,15,IDS,79.17268834391353,127.31165608646222,450.5168568880674,980.0450084916102
3501,FIDS139,o,15,IDS,87.0473702766617,79.80363959590875,444.7842986615689,832.3790286276659
3502,FIDS139,u,15,IDS,87.34,103.66044399671637,340.4633769801577,652.4670539764495
3503,FIDS139,o,15,IDS,90.43,139.99999999998636,500.45351149711,832.8607165816026
3504,FIDS139,æ,15,IDS,92.55,112.98484988968482,643.1620248028125,1450.604137607515
3505,FIDS139,o,15,IDS,93.06,99.99999999999432,508.8727386949156,785.3802421777036
3506,FIDS139,a,15,IDS,95.68,165.2592657416534,623.0221487502886,993.9136970634349
3507,FIDS139,e,15,IDS,96.69,129.99999999999545,573.218559018548,2316.180309789826
3508,FIDS139,u,15,IDS,97.04,124.68123388001118,334.4055972188137,687.7771399048502
3509,FIDS139,o,15,IDS,98.53813192185912,101.86807814088183,431.7127745890419,851.9846484192575
3510,FIDS139,a,15,IDS,99.23,91.37567182311557,575.3408852465689,973.5121722777843
3511,FIDS139,e,15,IDS,100.28,90.00000000000341,574.8157970062779,1607.7633265833788
3512,FIDS139,o,15,IDS,101.4940308376854,112.95284373569814,520.5503831025576,976.5512741183147
3513,FIDS139,æ,18,IDS,5.082217160186006,57.67978204840851,660.3212661568458,1459.5608529749065
3514,FIDS139,o,18,IDS,5.533599527958302,96.40047204169821,411.7247325958949,1017.5411117426579
3515,FIDS139,e,18,IDS,6.49262147719631,64.7341438816671,829.5887525701249,1946.0580929870557
3516,FIDS139,o,18,IDS,7.04,89.99999999999986,454.52412522105243,1042.9364128123311
3517,FIDS139,i,18,IDS,8.111583055524413,118.41694447558737,257.14883009454513,2136.5652575120102
3519,FIDS139,u,18,IDS,10.66596470893099,134.44783729269005,345.318277862281,1179.1054718058444
3520,FIDS139,u,18,IDS,10.95643843147693,253.56156852307166,325.05376492345493,560.98278230299
3521,FIDS139,i,18,IDS,11.64217478849172,84.65234199911009,289.4545292303468,2031.40955762645
3522,FIDS139,æ,18,IDS,14.49808539472215,111.20993948900981,603.119480489622,1507.681267084841
3523,FIDS139,æ,18,IDS,15.73257091130665,78.01294262661962,788.3176312074218,1593.2756645750042
3524,FIDS139,æ,18,IDS,17.78241795299202,136.10768713580867,756.9215452345256,1501.6056750061425
3525,FIDS139,u,18,IDS,18.35,169.99999999999815,308.6646102131047,1045.195807035385
3526,FIDS139,e,18,IDS,20.7706321786756,194.2024316449995,384.64294253994296,2042.2372307574467
3527,FIDS139,æ,18,IDS,21.13081959463257,195.86228148812168,919.4856787252871,1652.243433888174
3528,FIDS139,u,18,IDS,21.92394627549318,106.23038995965928,309.07587401963235,1019.8142949716007
3529,FIDS139,i,18,IDS,22.27127776921797,61.414444195428075,321.2890932002982,1947.1539694909352
3530,FIDS139,æ,18,IDS,28.77154152426062,106.23038995965928,595.0690581053102,1451.130996294045
3531,FIDS139,u,18,IDS,29.73,114.84091354794046,296.51750695138605,713.1459680435155
3532,FIDS139,e,18,IDS,33.43686354913734,82.99249215598081,534.2515219675618,1477.191762176758
3533,FIDS139,æ,18,IDS,35.61017680552452,129.82319447548463,680.5462936883965,1399.0992713761043
3534,FIDS139,e,18,IDS,36.09,100.5007914052598,607.4250964368638,1551.7633694795225
3535,FIDS139,a,18,IDS,37.07,149.99999999999858,510.83670233976017,937.4470159668695
3536,FIDS139,o,18,IDS,38.23,80.0000000000054,454.5279941751688,1082.8792894594017
3537,FIDS139,o,18,IDS,39.99,60.572928339205134,436.6309114674468,1136.5530861889947
3538,FIDS139,æ,18,IDS,43.57,161.24877437218288,593.2126702652818,1366.6766233364574
3539,FIDS139,i,18,IDS,44.1070022201364,175.94408337068757,247.3508356467579,2249.6745516612464
3540,FIDS139,i,18,IDS,46.44318526585572,81.33264231286574,257.35346940903463,1990.474405173948
3541,FIDS139,e,18,IDS,50.68184618024367,81.33264231287285,885.0948361404601,1987.5449752060986
3542,FIDS139,a,18,IDS,50.95904110404466,99.59099058718124,587.891553343148,1016.2313820054969
3543,FIDS139,e,18,IDS,51.85201163663147,77.98836336853299,467.2894387155527,1666.3770714348207
3544,FIDS139,a,18,IDS,52.23,108.72776361428294,529.3103158088406,1024.1178134676406
3545,FIDS139,æ,18,IDS,56.02363615671134,137.7675369789273,531.4525732673084,1425.3361950127596
3546,FIDS139,i,18,IDS,56.62014963161048,63.07429403855025,262.63955326011535,2063.5825184569467
3547,FIDS139,e,18,IDS,58.24258337768839,87.41662231160774,475.9530843654154,1885.4657456611174
3548,FIDS139,i,18,IDS,60.48,80.0000000000054,319.06484106774883,2075.7884026657835
3549,FIDS139,i,18,IDS,60.9110644399922,76.35309278349922,308.09455032050016,2200.05853112992
3550,FIDS139,a,18,IDS,61.23681788575642,79.67279246974357,602.0373567899871,998.3743018766615
3551,FIDS139,i,18,IDS,70.5312816891532,118.71831084680196,336.6978790840416,2328.868576363129
3552,FIDS139,i,18,IDS,72.42573190766497,104.2680923350332,270.40403708356854,2129.095496189043
3553,FIDS139,æ,18,IDS,73.5,90.00000000000341,954.8198484158534,1491.4883858928902
3554,FIDS139,a,18,IDS,73.79209886754838,76.35309278350633,549.2943108235482,1087.7127905505204
3555,FIDS139,a,18,IDS,74.70296689197686,94.61144105782182,418.780806221509,972.2898635891453
3556,FIDS139,o,18,IDS,77.04596176535189,54.03823464810387,550.6281674512065,1035.3109043255126
3557,FIDS139,i,18,IDS,77.2152664493501,54.7335506498996,279.10772907502786,1540.2737398297509
3558,FIDS139,u,18,IDS,77.61371697601972,79.67279246975068,293.69057429761995,858.4929202091063
3559,FIDS139,u,18,IDS,80.22665946257268,81.33264231287285,345.56016891287777,632.6451687066237
3560,FIDS139,o,18,IDS,89.57998721638192,130.01278361807067,580.6488789532219,1537.1417916851224
3561,FIDS139,u,18,IDS,90.07091858824428,144.82189881219654,341.31324020764873,2376.956016706103
3562,FIDS139,o,18,IDS,93.456925878977,133.0741210230002,358.3131663100734,1127.7252730609628
3563,FIDS139,æ,18,IDS,95.03121627566,128.7837243399963,753.2809881879143,1533.5143815561005
3564,FIDS139,o,18,IDS,95.84,155.59295652055027,448.82330317211483,858.6591318990131
3565,FIDS139,a,18,IDS,98.48361654459754,176.38345540245837,677.0047643846249,1049.6200009177473
3567,FIDS139,o,18,IDS,101.48,79.9999999999983,417.0249082644458,1235.2561620317451
3568,FIDS139,a,18,IDS,102.1856316163141,94.61144105780761,408.2875105649153,1059.1212964510546
3569,FIDS139,e,18,IDS,103.31,99.99999999999432,554.2678106271003,1490.3130862079988
3571,FIDS139,æ,9,IDS,4.51,129.9999999999999,896.0682910042065,1432.7789259094718
3572,FIDS139,o,9,IDS,4.998667242629353,115.43014010300735,501.54659695792435,984.2801886596909
3573,FIDS139,e,9,IDS,6.3,89.99999999999986,427.6400006172999,1735.4018511586926
3574,FIDS139,o,9,IDS,7.33,126.2212074893485,494.18149203748135,986.6189792413813
3575,FIDS139,i,9,IDS,8.34,92.94287462875594,318.95841150102103,1945.894662092205
3576,FIDS139,u,9,IDS,10.66,119.99999999999922,352.1724309855023,709.1190804937669
3577,FIDS139,u,9,IDS,12.51,339.9999999999999,301.18285341790175,664.2133368487291
3578,FIDS139,u,9,IDS,13.08,189.9999999999995,348.31577515407355,745.6912182947094
3579,FIDS139,i,9,IDS,13.52,89.99999999999986,340.252482061111,1910.5294629721977
3580,FIDS139,æ,9,IDS,16.2,80.47671596956008,599.6484499064865,1472.0273552590484
3581,FIDS139,æ,9,IDS,18.36,100.00000000000142,730.7225927153538,1420.6407225807025
3582,FIDS139,æ,9,IDS,19.54,150.00000000000213,644.1264336357915,1319.9424501663434
3583,FIDS139,u,9,IDS,20.21,129.999999999999,358.1508759906637,1318.092599916315
3584,FIDS139,e,9,IDS,24.0,269.99999999999955,420.775988014733,1831.9927853869558
3585,FIDS139,æ,9,IDS,24.44,169.99999999999815,730.9349242632466,1460.0902574261859
3586,FIDS139,u,9,IDS,25.59588145876882,204.1185412311819,351.38671771775165,891.2829889263196
3587,FIDS139,æ,9,IDS,34.57,109.99999999999943,644.443031331768,1464.2944658800006
3588,FIDS139,u,9,IDS,35.77,99.99999999999432,404.98835554216345,758.6140358809594
3589,FIDS139,e,9,IDS,39.57,109.99999999999943,583.1123459178996,1578.6390312234773
3590,FIDS139,a,9,IDS,41.51,93.33388440344947,587.124866340677,1161.211249793128
3591,FIDS139,e,9,IDS,42.65,90.00000000000341,628.3377347642784,1565.513883352629
3592,FIDS139,a,9,IDS,44.45,129.99999999999545,535.4806998169734,903.3978538168317
3593,FIDS139,o,9,IDS,45.17,89.9999999999963,483.39028870959896,860.6691305136865
3594,FIDS139,o,9,IDS,46.78,88.55788228370187,502.7652629889112,912.4747073368284
3595,FIDS139,æ,9,IDS,51.54,170.0000000000017,786.7286136217996,1553.8886006624575
3596,FIDS139,i,9,IDS,52.07028585862283,129.7141413771712,306.9130223020242,2072.7951716205307
3597,FIDS139,i,9,IDS,54.35,100.00000000000142,315.47486297491406,2031.4086482271005
3598,FIDS139,e,9,IDS,57.48,140.00000000000057,590.5636211440102,1728.4256023556957
3599,FIDS139,a,9,IDS,57.71,89.9999999999963,593.8535864766429,1222.6828691751143
3600,FIDS139,e,9,IDS,58.60248722802604,66.41186142912403,511.188009899626,1658.853344921288
3601,FIDS139,a,9,IDS,58.85,86.12776996761795,548.7678730515136,816.4252003492261
3602,FIDS139,a,9,IDS,60.27,99.99999999999432,590.3972849929116,930.3498056184962
3603,FIDS139,æ,9,IDS,62.49340812692012,101.19902693961791,609.252849400285,1523.1388231579795
3604,FIDS139,e,9,IDS,64.54,89.9999999999892,521.9007245875338,1635.3239086541112
3605,FIDS139,e,9,IDS,66.05,100.00000000000853,580.2595887297964,1698.9711940776792
3606,FIDS139,i,9,IDS,69.12,42.6754155881639,353.6097136241471,1929.5028583606104
3607,FIDS139,i,9,IDS,69.48524731395821,64.75268604178552,318.53260466508243,2119.433746471423
3608,FIDS139,a,9,IDS,69.8,109.99999999999943,675.6916948567294,1114.9599094432178
3609,FIDS139,i,9,IDS,78.37,129.99999999999545,288.5788093499464,2093.7497084269926
3610,FIDS139,i,9,IDS,80.62,89.9999999999892,342.72421847932776,2019.0006142347486
3611,FIDS139,æ,9,IDS,81.78,124.73281449334195,684.3965875778645,1502.5485754379106
3612,FIDS139,a,9,IDS,82.12,60.000000000002274,560.8339331539464,921.0764778387277
3613,FIDS139,a,9,IDS,83.52,70.00000000000739,527.2743575714344,871.5549116027125
3614,FIDS139,u,9,IDS,86.4539123280939,112.2676705111445,470.244237778403,775.724344474503
3615,FIDS139,u,9,IDS,89.82605486345307,88.54914857218432,418.093840099777,937.5669959900138
3616,FIDS139,o,9,IDS,99.24191049550716,128.0895044928485,456.07267634836194,738.0041502711475
3617,FIDS139,u,9,IDS,99.72,180.00000000000682,317.25445798261245,1071.561357868046
3618,FIDS139,o,9,IDS,103.53,129.99999999999545,455.1289556657966,723.3472900748404
3619,FIDS139,æ,9,IDS,105.45,179.9999999999926,627.4099151220908,1433.1077348812707
3620,FIDS139,o,9,IDS,106.17,109.99999999999943,482.84576056968046,820.1937427813035
3621,FIDS139,a,9,IDS,108.25,120.00000000000455,578.6244218498998,1040.898215515012
3623,FIDS139,u,9,IDS,109.7416235320771,78.37646792289377,385.5852796465042,1036.1132744203755
3624,FIDS139,o,9,IDS,111.22,49.99999999999716,486.2049771251176,1147.0860042183485
3625,FIDS139,a,9,IDS,111.82,90.00000000000341,592.0906536598957,1033.38071634091
3626,FIDS139,e,9,IDS,112.83,100.00000000000853,581.4209016980282,1539.421476270628
3627,FIDS139,o,9,IDS,114.376274684084,123.72531591600477,465.97155518793824,757.5786857174779
3628,FIDS140,æ,12,IDS,1.471334666889012,76.23061183436697,648.5611005150431,1524.9693037851127
3629,FIDS140,o,12,IDS,1.908390174739386,101.60982526061369,488.0157418468588,1034.7087288201278
3630,FIDS140,e,12,IDS,3.034021848854726,55.97815114527371,336.17505073892266,1457.574327802899
3631,FIDS140,o,12,IDS,3.880878189309719,111.80489735707289,436.99961788695464,1046.952546981923
3632,FIDS140,i,12,IDS,5.610461677211447,149.53832278855293,328.9696442298832,1961.4152001085542
3633,FIDS140,u,12,IDS,7.85,200.00000000000108,332.96756318737107,719.2937713239824
3634,FIDS140,u,12,IDS,9.48,89.99999999999986,348.3008387315185,990.779900963902
3635,FIDS140,u,12,IDS,9.74,279.9999999999994,325.43326103222233,678.1296640270036
3636,FIDS140,i,12,IDS,10.38,80.00000000000007,349.16881420719574,1846.6065005374387
3637,FIDS140,æ,12,IDS,14.88,129.999999999999,688.5656270815014,1457.113968976497
3638,FIDS140,æ,12,IDS,16.38015612795787,89.84387204212751,728.2038094269831,1358.480279401031
3639,FIDS140,æ,12,IDS,18.09,89.99999999999986,598.3743782411216,1349.4822850106452
3640,FIDS140,u,12,IDS,18.44,172.12474423407897,487.19952550453564,1755.6595477709986
3641,FIDS140,e,12,IDS,23.48,89.97044626902095,506.73807691040946,1551.4414478854405
3642,FIDS140,æ,12,IDS,23.7444538466899,389.6231271534383,777.5232038625919,1485.5474321713898
3643,FIDS140,u,12,IDS,25.07476464449086,125.23535550914033,316.17258202222484,787.7212425835284
3644,FIDS140,æ,12,IDS,33.98768072081748,152.31927918252097,796.1730650540036,1579.9677017626786
3645,FIDS140,e,12,IDS,38.01124415475397,198.7558452460334,512.1207508104666,1697.9277911746835
3647,FIDS140,e,12,IDS,42.04151170967857,98.48829032142703,719.0966979816645,1820.6409703428405
3648,FIDS140,a,12,IDS,43.71,66.9119511314662,638.0325916067767,1227.331552338048
3649,FIDS140,o,12,IDS,44.46,100.00000000000142,457.91100793632097,1038.9085122592314
3650,FIDS140,o,12,IDS,45.89,79.9999999999983,505.7768141137428,1057.8741185832241
3651,FIDS140,æ,12,IDS,60.83,120.00000000000455,680.5576900733518,1488.2918615672484
3652,FIDS140,i,12,IDS,61.7,103.88693954303818,296.9504345845086,1861.662470479092
3653,FIDS140,i,12,IDS,64.11679755660631,133.20244339368514,315.45778943273746,1943.6237913543491
3654,FIDS140,e,12,IDS,73.18482377709185,72.84258464171955,504.7518026598085,1797.8136060716079
3655,FIDS140,a,12,IDS,73.41101055889905,138.90911489818336,568.2513778170576,1141.168161095541
3656,FIDS140,e,12,IDS,74.7,99.99999999999432,545.8344903484226,1856.243628319976
3657,FIDS140,a,12,IDS,75.07,160.0000000000108,801.8640963845845,1233.723085655761
3658,FIDS140,a,12,IDS,77.28,159.9999999999966,714.7054789839556,1065.9189570493218
3659,FIDS140,æ,12,IDS,82.49310560375571,176.89439624429326,607.4623363741183,1418.9886245329449
3660,FIDS140,i,12,IDS,83.20120328701717,98.25278858652098,342.79009723426515,1885.6362840453185
3661,FIDS140,e,12,IDS,85.6,109.99999999999943,442.2586746822963,1701.393331042786
3662,FIDS140,e,12,IDS,87.67684596006906,67.76054385277064,500.36959754785505,1610.5358929375395
3663,FIDS140,i,12,IDS,88.91000933388197,49.126394293253384,364.05153385702295,1740.3617091579447
3664,FIDS140,i,12,IDS,89.25897613472374,81.02386527626493,373.28366422539364,1714.4933098866838
3665,FIDS140,a,12,IDS,89.55712033070581,138.90911489818336,603.3263463847912,1124.6992075073588
3666,FIDS140,i,12,IDS,110.36,90.00000000000341,309.76831478900175,1976.3062433823739
3667,FIDS140,i,12,IDS,112.98,88.48492510828976,363.3250889742353,1791.542047357478
3668,FIDS140,æ,12,IDS,114.18,109.99999999999943,679.7387467760955,1492.3042216624858
3669,FIDS140,a,12,IDS,114.49,137.12130051619908,616.8729658197224,1031.6522165260467
3670,FIDS140,a,12,IDS,119.14,120.89588702359322,593.9564039169666,1000.019855773397
3671,FIDS140,o,12,IDS,122.09,69.71281731159706,452.7303181102383,1055.7422653029319
3672,FIDS140,i,12,IDS,122.2850698234392,59.29047587119385,398.86526893045607,1380.290346152734
3673,FIDS140,u,12,IDS,126.252436484198,117.5635158020043,347.31492086460264,594.9299086744716
3674,FIDS140,o,12,IDS,140.2543742192082,111.80489735710353,396.476888384191,859.3036382697906
3675,FIDS140,u,12,IDS,140.69,150.00000000000568,376.71710465226147,1216.5630967987288
3676,FIDS140,o,12,IDS,144.6269044539864,163.09554601357945,470.1519579182501,763.0907563848745
3677,FIDS140,æ,12,IDS,146.52,108.11656932679625,668.1041350275333,1571.003160432226
3678,FIDS140,o,12,IDS,147.14,110.00000000001364,602.7402246968387,852.7739425314617
3679,FIDS140,a,12,IDS,150.66,200.00000000001705,618.0918210916598,1037.7149631384107
3680,FIDS140,e,12,IDS,152.55,99.99999999999432,465.19480428937175,1676.636025970205
3681,FIDS140,u,12,IDS,152.8286291443575,150.76721007238802,356.70786730285926,780.5525939774493
3682,FIDS140,o,12,IDS,154.4410313696143,118.9686303856945,438.70587167503095,892.1761036819262
3684,FIDS140,e,12,IDS,156.13,160.44723762121293,523.8880645286283,1805.3422706035958
3685,FIDS140,o,12,IDS,157.4655737608959,144.42623910412067,507.1426256563606,905.1896439178441
3686,FIDS140,æ,18,IDS,5.539945055273651,80.05494472634922,615.4304916485669,1426.8392990967304
3687,FIDS140,o,18,IDS,6.073346622110602,106.65337788939766,421.44624141072023,823.5013798467891
3688,FIDS140,o,18,IDS,7.954380484751769,83.90604810729397,359.6689291482265,1056.5375353759155
3689,FIDS140,i,18,IDS,9.833517423340528,129.1423523042692,268.0644623655004,1968.8503482509327
3690,FIDS140,u,18,IDS,11.94402934473101,165.97065526898902,297.35921183324103,856.7938732716921
3691,FIDS140,u,18,IDS,13.80791400716643,82.0859928335711,310.4068204134961,983.5957792076754
3692,FIDS140,u,18,IDS,14.23417083786968,255.82916213032013,304.9851261720935,715.1902714652534
3693,FIDS140,i,18,IDS,14.95,100.34264744150079,292.2501244439913,1934.2227652520753
3694,FIDS140,æ,18,IDS,18.3,140.00000000000057,635.33096369351,1478.2142659627716
3695,FIDS140,æ,18,IDS,20.04,100.00000000000142,643.1173716879213,1380.0394542131412
3696,FIDS140,æ,18,IDS,22.23215683100248,70.04330972434758,577.3707781041923,1612.6633333314778
3697,FIDS140,u,18,IDS,22.54100320112116,158.99679887883877,336.06235265242395,672.4745144986749
3698,FIDS140,e,18,IDS,27.34432809733342,45.671902666580166,517.3117671553093,1974.1226389575122
3699,FIDS140,æ,18,IDS,27.53886698186876,210.1299291730392,535.8430269896477,1359.4799028375269
3700,FIDS140,u,18,IDS,29.00672387583173,132.7865156608894,325.8974187957759,1017.8390548062912
3701,FIDS140,æ,18,IDS,40.76,181.22799743355245,661.7061227181205,1533.2646621339013
3702,FIDS140,u,18,IDS,44.31,114.31185618624085,316.9250135826342,649.583291491694
3703,FIDS140,u,18,IDS,45.77163036959785,188.36963040214982,353.7202730207889,750.2133598746681
3704,FIDS140,e,18,IDS,48.70390625373825,156.093746261746,544.1439740416147,1715.9431558631484
3705,FIDS140,a,18,IDS,50.24555726499631,154.4427350036912,600.0008123434144,1181.4775994805789
3706,FIDS140,e,18,IDS,53.27321845762872,156.78154237127728,595.3846480764964,1981.4020345286249
3707,FIDS140,a,18,IDS,54.88,172.42360604219442,652.2781651800777,1034.649466939777
3708,FIDS140,e,18,IDS,55.64407461730031,59.828660389548816,481.1231836863994,1546.0791584628241
3709,FIDS140,o,18,IDS,56.04,100.00000000000142,428.82726505035237,859.4828189196746
3710,FIDS140,o,18,IDS,58.34,79.9999999999983,408.03580966531774,887.9149844375216
3711,FIDS140,æ,18,IDS,63.38,79.9999999999983,522.1824829729994,1397.021840779306
3712,FIDS140,i,18,IDS,63.78452381361739,145.92356192572709,282.9818756925472,2110.565512612213
3713,FIDS140,i,18,IDS,66.52128256080577,128.71743919423295,249.8891060971206,2055.961829851907
3714,FIDS140,e,18,IDS,71.40453348487212,55.46651512787548,517.4604029510645,1814.9283105184677
3715,FIDS140,a,18,IDS,71.64,129.99999999999545,588.0451934064093,1106.0405838839306
3716,FIDS140,e,18,IDS,72.36,85.22989223261845,550.9493335861797,1654.885209328962
3717,FIDS140,a,18,IDS,72.72832160236854,171.6783976314673,669.7491212833169,1146.5633591075084
3718,FIDS140,a,18,IDS,75.26,129.99999999999545,768.7573443884991,1272.9910957752006
3719,FIDS140,æ,18,IDS,79.95,119.99999999999034,647.7504684734351,1420.7374852008315
3720,FIDS140,i,18,IDS,80.50431027095313,78.79872343988836,330.2871970495113,1916.4559205428263
3721,FIDS140,e,18,IDS,82.58,115.8765620494222,480.2536510837473,1917.5411331336836
3722,FIDS140,e,18,IDS,83.75329833236428,86.7016676357224,469.3619284587709,1683.1191336233014
3723,FIDS140,i,18,IDS,85.17,49.28564004273994,312.7784102716158,1749.3701198189128
3724,FIDS140,i,18,IDS,85.66162390902963,68.5840741050896,324.9167610728839,1903.237423393182
3725,FIDS140,a,18,IDS,86.03391886829218,136.08113170782588,665.0922153523323,1162.8923293455607
3726,FIDS140,i,18,IDS,94.31637368332258,83.62631667742448,281.76253208793173,2077.687050586773
3727,FIDS140,i,18,IDS,96.19215094127858,96.27129090092978,281.7658395197286,2062.857479369535
3728,FIDS140,æ,18,IDS,98.00113906319692,98.86093680307795,676.5037377347322,1563.812374060948
3729,FIDS140,a,18,IDS,98.31153098386032,106.23038995963441,549.8301490045392,1041.6765860885134
3730,FIDS140,a,18,IDS,99.80242758291897,81.33264231283022,643.5602028159177,1134.254372011484
3731,FIDS140,u,18,IDS,102.0440850515428,175.9149484572049,419.8700582589261,840.297388869939
3732,FIDS140,o,18,IDS,102.3501248038959,69.87519610410686,379.11849238671596,894.253148213014
3733,FIDS140,u,18,IDS,106.7134594912557,116.18948901839588,326.2590052987183,674.0833497664942
3734,FIDS140,o,18,IDS,122.376665032492,99.59099058720255,358.8791512444452,920.8545054850806
3735,FIDS140,u,18,IDS,122.81,142.63652639509417,247.9072022476648,631.2213745090662
3736,FIDS140,o,18,IDS,137.75,159.9999999999966,514.432991667668,781.6773536650994
3737,FIDS140,o,18,IDS,140.11,79.99999999998408,588.0235117323527,1017.5284423473256
3738,FIDS140,æ,18,IDS,142.4250267536962,106.23038995970546,434.4808860889469,1315.548872349685
3739,FIDS140,o,18,IDS,142.93,99.99999999999432,485.0187697332582,922.587798389334
3740,FIDS140,a,18,IDS,145.9585512382328,152.70618556701265,593.5979304089444,1117.4669298679496
3741,FIDS140,e,18,IDS,147.8546318915277,86.31219184221095,451.14914290788704,1495.131456366801
3742,FIDS140,u,18,IDS,148.2,101.13149932692522,343.83203809010894,1025.0487297417799
3743,FIDS140,o,18,IDS,150.3223144049751,47.68559502491598,488.96277572793036,1307.9627336048209
3744,FIDS140,a,18,IDS,150.8385177610935,129.46828776338748,587.5786438138986,1132.7485322901014
3745,FIDS140,e,18,IDS,151.75,120.00000000000455,493.031581744195,1618.6377582909504
3747,FIDS140,æ,9,IDS,5.18,112.90384870251825,903.0679410596449,1599.438721586649
3748,FIDS140,o,9,IDS,5.692696905402011,127.30309459798939,430.6003356450087,839.0640317978502
3749,FIDS140,e,9,IDS,7.17,60.0000000000005,481.6639627677459,1630.2370924655056
3750,FIDS140,o,9,IDS,8.144302899141053,105.69710085894712,406.3225347117646,1073.6877569209648
3752,FIDS140,u,9,IDS,12.05,169.99999999999994,358.5653227564379,644.1847700750623
3753,FIDS140,u,9,IDS,14.6880222670933,231.97773290669943,301.20742063416935,660.5776378442971
3754,FIDS140,u,9,IDS,15.2,169.99999999999994,332.0402894438059,948.6822453229667
3755,FIDS140,i,9,IDS,15.71,109.99999999999943,274.7640752467943,1824.6643038928883
3756,FIDS140,æ,9,IDS,19.98,122.68685917737088,728.91764906186,1569.0354603419112
3757,FIDS140,æ,9,IDS,30.04,100.00000000000142,706.3407918560365,1467.4043828514139
3758,FIDS140,æ,9,IDS,32.57,94.21923376670094,656.911652015132,1315.7500438268805
3759,FIDS140,u,9,IDS,33.02,209.99999999999375,391.8274200200625,699.3169846939751
3760,FIDS140,e,9,IDS,38.48,116.61764766468252,508.10113367453044,1607.5376767881246
3761,FIDS140,æ,9,IDS,38.73,210.00000000000085,648.671277616727,1544.0310130680255
3762,FIDS140,u,9,IDS,40.40028672912889,159.71327087111575,313.42651479344994,998.6814064349094
3763,FIDS140,æ,9,IDS,51.36,149.99999999999858,636.2278227639292,1505.1056555764694
3764,FIDS140,u,9,IDS,55.01,210.00000000000085,302.86528974777303,855.7524662923615
3765,FIDS140,e,9,IDS,58.73982062373459,170.17937626540913,499.4955017645225,1754.8829389943292
3767,FIDS140,e,9,IDS,62.46561163897992,134.38836102007912,627.873820497886,1773.1009869793677
3768,FIDS140,a,9,IDS,70.04,179.9999999999926,649.3941134642721,1151.6893590436853
3769,FIDS140,o,9,IDS,78.5,189.99999999999773,387.9400244938601,828.8770600032873
3770,FIDS140,o,9,IDS,80.65,109.99999999999943,440.098805263605,1001.4288012201723
3771,FIDS140,æ,9,IDS,86.93,99.99999999999432,590.8498845916546,1526.5439055126976
3772,FIDS140,i,9,IDS,87.3792086007057,140.79139929430085,279.4216395608638,2051.147821247528
3773,FIDS140,i,9,IDS,89.8,150.00000000000568,265.92639730633067,2086.369340769051
3774,FIDS140,e,9,IDS,98.23,89.9999999999892,576.0905393462543,1757.4989443507786
3775,FIDS140,a,9,IDS,98.5,159.9999999999966,650.9002535884908,1192.6310814597998
3776,FIDS140,e,9,IDS,99.48,109.99999999999943,421.7977140569368,1898.7065585918547
3777,FIDS140,a,9,IDS,99.8934998385442,146.5001614558048,629.2736529625196,1085.1751620014104
3778,FIDS140,a,9,IDS,101.87,89.9999999999892,688.4982203741316,1082.1162317472888
3779,FIDS140,æ,9,IDS,111.14,170.0000000000017,636.6761172127793,1523.7343426200616
3780,FIDS140,i,9,IDS,111.6909895553116,78.22830686170335,853.8051770895041,2347.829039191787
3781,FIDS140,e,9,IDS,121.06,159.9999999999966,477.00988289243685,1863.099823564255
3782,FIDS140,e,9,IDS,122.88,120.00000000000455,519.8177771551207,1636.6296939703327
3783,FIDS140,i,9,IDS,124.64,49.99999999999716,323.1629074212898,1821.3558742413554
3784,FIDS140,i,9,IDS,125.06,79.9999999999983,302.61344105592605,1980.1428321751107
3785,FIDS140,a,9,IDS,125.42,170.0000000000017,604.4650813340525,1141.472218511465
3786,FIDS140,i,9,IDS,135.6777572396426,182.24276035741127,363.96514160014067,2091.3622900493583
3787,FIDS140,e,9,IDS,140.44,90.00000000000341,539.7346678834604,1498.0336924674318
3788,FIDS140,a,9,IDS,140.74,109.99999999998522,591.6193457999426,1031.8356123148783
3789,FIDS140,a,9,IDS,142.4,120.00000000000455,574.1904003802769,1076.147433095435
3790,FIDS140,o,9,IDS,145.03,69.99999999999318,500.02595999979405,1343.0648828790813
3791,FIDS140,i,9,IDS,145.32,43.180906307014766,408.41900661241607,1407.551283271544
3792,FIDS140,u,9,IDS,162.7564348175607,133.56518243929827,514.8173830680084,1925.522761648631
3793,FIDS140,o,9,IDS,178.03,80.0000000000125,472.80290077233485,1119.558647396495
3794,FIDS140,u,9,IDS,178.49,149.99999999997726,339.3485661027579,812.6904523184465
3795,FIDS140,o,9,IDS,199.32,240.0000000000091,488.0581121661432,1006.0788359374193
3796,FIDS140,e,9,IDS,203.15,139.55894141790282,553.7577735155703,1255.2150903986972
3797,FIDS140,o,9,IDS,203.85,185.7206336271986,555.4290835284556,1275.867883422079
3798,FIDS140,a,9,IDS,215.67,300.00000000001137,653.8809375521636,1165.097586558494
3799,FIDS140,e,9,IDS,217.47,70.81157767399304,449.74914998572604,1463.1834803528493
3800,FIDS140,u,9,IDS,217.77,139.99999999998636,340.7594550215741,737.0909784014872
3801,FIDS140,o,9,IDS,222.54,240.0000000000091,520.5878450852131,1087.8668983530167
3802,FIDS140,a,9,IDS,223.64,170.00000000001592,618.716753256381,1172.0835134742133
3803,FIDS140,e,9,IDS,224.85,140.00000000001478,515.3930952812681,1634.9053854694225
3804,FIDS140,o,9,IDS,226.4256449053859,214.35509461409197,424.60856879681387,835.1624107435105
3805,FIDS142,o,9,IDS,2.596068315739009,173.93168426099103,504.39367167022317,1059.8775692690845
3806,FIDS142,e,9,IDS,3.68,99.99999999999964,525.9059240076581,1728.5659878415647
3807,FIDS142,o,9,IDS,4.656882426446581,133.11757355341936,528.1956140954777,1244.4362361067886
3808,FIDS142,i,9,IDS,5.31,120.00000000000011,349.8671405209068,1864.4460457260348
3809,FIDS142,u,9,IDS,7.0,209.99999999999997,339.7158853539534,895.8384352798147
3810,FIDS142,u,9,IDS,8.04,168.1162374035967,387.34695360292216,715.4851158847619
3811,FIDS142,u,9,IDS,8.38,169.99999999999994,379.85044157566153,857.7320765820823
3812,FIDS142,i,9,IDS,8.99,99.99999999999964,354.70357793484095,2296.0499877539287
3813,FIDS142,æ,9,IDS,14.19,140.00000000000057,734.7962106435558,1689.0813094980613
3814,FIDS142,æ,9,IDS,16.02,129.999999999999,709.2413888028691,1602.6101644762475
3815,FIDS142,u,9,IDS,16.63,165.30762185815107,349.4762338015052,1136.530628674629
3816,FIDS142,e,9,IDS,25.71,210.00000000000085,453.9262488975089,1739.0067428524515
3817,FIDS142,æ,9,IDS,26.02,240.000000000002,739.5797897672521,1605.7617557039484
3818,FIDS142,u,9,IDS,26.47,105.30893251166162,391.5749293080197,1074.5452027612293
3819,FIDS142,æ,9,IDS,41.77,229.99999999999687,630.0462497882454,1327.4190639550834
3820,FIDS142,u,9,IDS,44.29,259.999999999998,279.3416966044007,671.8461022394753
3821,FIDS142,e,9,IDS,47.73798832631079,454.18957841548746,652.665092015701,1602.5965081350255
3824,FIDS142,a,9,IDS,55.22,149.99999999999858,517.6699589575867,1242.6864884388074
3825,FIDS142,o,9,IDS,59.81348195622706,183.2694790097591,571.9442384197109,987.702056244447
3826,FIDS142,æ,9,IDS,66.16,120.00000000000455,595.7266052682864,1349.660960788773
3828,FIDS142,i,9,IDS,69.31,120.00000000000455,341.1326935852685,2386.3541761857778
3829,FIDS142,e,9,IDS,73.82,70.00000000000739,583.0686213987948,1571.7926053187948
3830,FIDS142,a,9,IDS,74.09,148.2678088079581,658.9279675506262,1232.9185368530518
3831,FIDS142,e,9,IDS,75.84,108.11717712587665,543.1456530306831,2065.677854987269
3832,FIDS142,a,9,IDS,76.26,179.9999999999926,611.019938705228,1207.6889289524038
3833,FIDS142,a,9,IDS,77.89,109.99999999999943,644.3518270991291,1375.2315075889264
3834,FIDS142,æ,9,IDS,80.63,115.52283093664073,639.4746312156001,1240.931961567676
3836,FIDS142,e,9,IDS,86.15073810665571,74.56336844649059,489.35374507003957,1748.1971150304782
3837,FIDS142,i,9,IDS,89.53650115453732,60.31453699134204,767.9695724111674,2450.9302491180565
3838,FIDS142,i,9,IDS,89.84,99.99999999999432,342.25970295709527,2148.024487387834
3839,FIDS142,a,9,IDS,90.15,169.9999999999875,596.9210577072705,1145.233554856485
3840,FIDS142,i,9,IDS,101.93,112.83174036059052,386.5897382350013,2143.6509226028893
3841,FIDS142,i,9,IDS,108.4129536158302,87.04638416979549,367.09952258822636,2201.42116272966
3842,FIDS142,e,9,IDS,110.2473111550261,129.67625453140386,507.22802756752134,1281.1920675004294
3843,FIDS142,a,9,IDS,110.57,120.00000000000455,689.00312951669,1291.5603812596082
3844,FIDS142,a,9,IDS,111.57,90.00000000000341,603.0417713969724,1199.6402138287651
3845,FIDS142,o,9,IDS,114.51,119.99999999999034,450.14137022228533,888.2407652525479
3846,FIDS142,i,9,IDS,114.82,40.00000000000625,402.8381986648085,2098.252682623479
3847,FIDS142,u,9,IDS,121.64,129.99999999999545,309.793601420172,793.1931202431326
3848,FIDS142,o,9,IDS,142.0,150.00000000000568,440.91205720164635,1116.7403545281047
3849,FIDS142,u,9,IDS,143.16,129.99999999999545,395.2460093282428,845.5550005471524
3850,FIDS142,o,9,IDS,147.67,160.000000000025,520.1174808376786,914.0115357874238
3851,FIDS142,e,9,IDS,150.2985694080631,118.36897321362017,649.6684565728715,1683.4225021455732
3852,FIDS142,a,9,IDS,153.5,280.00000000000114,707.740966516326,1300.4700207981166
3853,FIDS142,e,9,IDS,157.7421885571544,154.78766672760003,627.3622929800591,1699.1930107644657
3854,FIDS142,u,9,IDS,158.15,124.50711833960781,418.0289959185645,1393.316306273681
3855,FIDS142,o,9,IDS,160.05,149.99999999997726,441.75569552816114,1008.4452937330383
3856,FIDS142,a,9,IDS,160.86,159.9999999999966,606.5563209359902,1269.5286700503593
3858,FIDS143,e,12,IDS,2.43,55.287230726473794,619.4935724861691,2252.133955803663
3859,FIDS143,o,12,IDS,2.979860521949762,100.13947805023804,429.4643439032774,946.3288894672489
3860,FIDS143,e,12,IDS,4.23,170.06809142902668,433.9910773501821,1663.7043859151527
3861,FIDS143,o,12,IDS,5.163694309798365,96.3056902016346,531.9980055547867,1167.5054403596941
3862,FIDS143,i,12,IDS,6.43,160.00000000000014,329.79400994439777,2601.164315009196
3863,FIDS143,u,12,IDS,8.393428017542945,229.7129753651319,326.7803357557414,449.7594809631244
3864,FIDS143,u,12,IDS,10.22,160.00000000000014,373.3097180785302,737.5147639293803
3865,FIDS143,u,12,IDS,10.65,199.9999999999993,317.2271600494328,598.1275678144134
3866,FIDS143,i,12,IDS,11.44,99.99999999999964,392.5350443497712,2487.3223637122824
3867,FIDS143,æ,12,IDS,14.54,190.00000000000128,879.9594940556282,1707.110505413299
3868,FIDS143,æ,12,IDS,16.52207173508995,87.92826491005101,681.0789170439688,1560.433947507022
3869,FIDS143,æ,12,IDS,18.91833838274943,106.69728363955144,783.4398765832242,1811.5092705690336
3870,FIDS143,u,12,IDS,19.4042310944999,155.76890550009992,381.8961575351743,1935.1680180936155
3871,FIDS143,e,12,IDS,23.09,73.21718635619945,477.9843933841736,2093.639812548798
3872,FIDS143,e,12,IDS,23.41,141.09319393994824,737.8733776850295,1890.402512073787
3873,FIDS143,u,12,IDS,24.57,210.00000000000085,382.5082366551898,2057.7853993255762
3874,FIDS143,æ,12,IDS,30.87,109.99999999999943,889.9702677429948,1896.3794947375281
3875,FIDS143,u,12,IDS,32.21,184.60781076949928,387.92477452639804,764.8323952540272
3876,FIDS143,u,12,IDS,33.39,159.9999999999966,411.15619890662714,1527.4973819226914
3877,FIDS143,e,12,IDS,37.36084813796666,169.15186203333832,641.6981413664784,2119.99407335275
3878,FIDS143,a,12,IDS,38.5737645602616,186.23543973839674,715.2264955866527,1301.1035135325765
3879,FIDS143,e,12,IDS,40.4364115196091,79.08151610930503,361.6352105704314,1862.767458959149
3880,FIDS143,e,12,IDS,42.26,71.97624369144506,376.68252670450124,1254.7975742840977
3881,FIDS143,a,12,IDS,45.31,149.99999999999858,676.327355001894,1196.5912515640537
3882,FIDS143,o,12,IDS,46.12,150.00000000000568,386.3607957310348,690.0890381637464
3883,FIDS143,o,12,IDS,47.88,84.61309964703645,384.362869794399,1234.3112719949067
3884,FIDS143,æ,12,IDS,54.3,81.24131710220439,724.9984599561341,1746.6876857707116
3885,FIDS143,i,12,IDS,54.72026835607823,129.7316439217724,356.64108255905956,2536.674172115442
3886,FIDS143,i,12,IDS,58.80066819607059,119.33180392941267,337.727020406271,2414.2464769349435
3887,FIDS143,e,12,IDS,63.21110833474442,60.25258370233644,488.6234786720885,1863.410679103966
3888,FIDS143,a,12,IDS,63.55,100.00000000000142,736.2648134092202,1122.4782673802738
3889,FIDS143,e,12,IDS,64.56,73.34557481047455,613.3912683037288,2017.1815837587053
3890,FIDS143,a,12,IDS,65.1379609633175,142.03903668250462,960.4799595220102,1512.2536401659045
3891,FIDS143,a,12,IDS,66.72,109.99999999999943,782.2489723314405,1566.45466696759
3892,FIDS143,æ,12,IDS,69.77,130.00000000000966,783.2759434762582,1700.6143007378348
3893,FIDS143,i,12,IDS,70.30092986608778,141.84462413255972,358.35196542376616,2365.0822585220976
3894,FIDS143,e,12,IDS,72.13952693921509,154.39724573722913,445.251373575958,2279.4853737383655
3895,FIDS143,e,12,IDS,73.49950893945584,180.49106054417052,471.5647634688962,2030.6009253380994
3896,FIDS143,i,12,IDS,75.47613082130692,67.7841566651125,389.30692597669326,2357.775456781887
3897,FIDS143,i,12,IDS,75.8552199937674,55.231535060471515,387.87342081230304,2024.1551621165381
3898,FIDS143,a,12,IDS,76.16778027172325,192.21972827675415,731.3963125264845,1422.644865315003
3899,FIDS143,i,12,IDS,86.80123029211492,203.35246999536594,614.2701622069542,2090.6626716374894
3900,FIDS143,i,12,IDS,89.01,79.9999999999983,358.46178558014196,2206.4977151555086
3901,FIDS143,æ,12,IDS,91.05,79.9999999999983,719.5387040017873,1696.9930122678081
3902,FIDS143,a,12,IDS,91.34228433053455,92.8893998744229,801.2109330449349,1255.86638545768
3903,FIDS143,a,12,IDS,92.62170263287037,80.33677826979613,633.724591438561,1132.6934817844358
3904,FIDS143,o,12,IDS,94.21,50.00000000001137,434.1649695659464,859.8464805855486
3905,FIDS143,u,12,IDS,98.25713096171002,152.86903828997822,417.24731897734864,1433.8179383898973
3906,FIDS143,o,12,IDS,114.0291398089025,183.26827542790625,573.5480515870528,1167.267969346664
3907,FIDS143,u,12,IDS,114.7018792835205,128.12071647950063,270.29363200292715,1666.6548589781623
3908,FIDS143,o,12,IDS,118.3,130.00000000000966,324.98958629760966,935.7623480488244
3909,FIDS143,e,12,IDS,120.83,108.33685925379655,730.2739708997555,1530.3991266316584
3910,FIDS143,o,12,IDS,121.4881416855376,101.85831446240456,510.00610899901,985.156478887253
3911,FIDS143,a,12,IDS,123.78,329.9999999999983,732.2830854516789,1219.1143985619606
3912,FIDS143,e,12,IDS,124.9970100383055,72.98996169448912,488.19888165356576,2038.6466831614946
3913,FIDS143,u,12,IDS,125.4,129.99999999999545,325.4984362090166,680.7441991367299
3914,FIDS143,u,12,IDS,127.63,87.54854204219953,382.6828541320445,1118.7928302727398
3915,FIDS143,a,12,IDS,128.2872232493878,163.1840808605034,723.7602464417505,1352.7353381002663
3916,FIDS143,e,12,IDS,129.46,99.99999999999432,491.7443884421582,1974.4664971230382
3918,FIDS143,æ,15,IDS,2.98,98.54706196529106,862.8287912064111,1691.9272647369628
3919,FIDS143,o,15,IDS,3.551625910297636,128.3740897023642,428.26744800183127,904.0727676557244
3920,FIDS143,e,15,IDS,4.786618277244398,53.381722755601935,387.51965903805274,2036.3172442265554
3921,FIDS143,o,15,IDS,5.476846359790108,113.15364020989182,403.87099599924045,973.6297862180826
3922,FIDS143,i,15,IDS,6.49,89.99999999999986,290.0021239849077,2523.019501348526
3923,FIDS143,u,15,IDS,8.29,193.54967866690663,347.15913628836626,582.3374967694203
3924,FIDS143,u,15,IDS,9.051779235874848,64.95637092136164,298.8793343171656,1164.4257292458046
3925,FIDS143,u,15,IDS,9.36,160.00000000000014,382.1410721097325,683.6659851465472
3926,FIDS143,i,15,IDS,9.93,99.99999999999964,307.81612665907716,2374.068261622889
3927,FIDS143,æ,15,IDS,13.11,200.00000000000108,1025.0131828261412,1779.3072480071294
3928,FIDS143,æ,15,IDS,14.7,84.51938013615035,639.2431981429014,1641.580818154213
3929,FIDS143,æ,15,IDS,16.75,127.12532264734122,1184.4210256731976,1807.3412799046625
3930,FIDS143,u,15,IDS,17.4843531978825,155.64680211750215,368.9003279085245,651.8641369860019
3931,FIDS143,e,15,IDS,21.12,88.44581463837997,530.7703427852123,1900.0662025365043
3932,FIDS143,æ,15,IDS,21.49086481864432,160.97883228338006,794.0402090102865,1812.0931777021865
3933,FIDS143,u,15,IDS,22.79441403828932,168.0393073835269,196.28679267686607,1303.860226697886
3934,FIDS143,æ,15,IDS,30.92,189.99999999999773,762.0583593775699,1485.2041892651594
3935,FIDS143,e,15,IDS,36.5,280.00000000000114,369.74395537009326,2156.7184771118928
3936,FIDS143,a,15,IDS,39.43,289.99999999999915,650.7526067013353,1306.4090538456562
3937,FIDS143,a,15,IDS,42.39,137.98443550892614,683.705163951865,1151.602911214885
3938,FIDS143,o,15,IDS,43.5,100.25446519947678,411.54262256302883,1031.07052068165
3939,FIDS143,o,15,IDS,45.01,98.10357542396986,929.9137710295663,2141.343340111887
3940,FIDS143,æ,15,IDS,53.67017241411275,139.79740698292886,780.443335467701,1514.7888206912785
3941,FIDS143,i,15,IDS,54.28076482192157,189.2351780784267,345.8825507974103,2315.3862342543744
3942,FIDS143,i,15,IDS,58.08,109.99999999999943,310.29096667938666,1737.8055746378882
3943,FIDS143,e,15,IDS,62.64262056109654,114.37969662240732,397.0801400012717,2137.089750221281
3944,FIDS143,a,15,IDS,63.07105271132154,138.94728867845885,664.0958672836788,1087.515595936921
3945,FIDS143,e,15,IDS,65.9,89.67480196368172,454.3456570991241,2043.9733478261255
3946,FIDS143,a,15,IDS,66.37,185.92490499557357,915.9824634419756,1308.284754182742
3947,FIDS143,æ,15,IDS,72.73,131.24436335613154,789.1623557550311,1599.3158083997607
3948,FIDS143,i,15,IDS,73.19202401907751,72.01684602151204,311.4273582028296,2282.4069770258616
3949,FIDS143,e,15,IDS,75.25725981367452,152.74018632547381,370.1893342577946,1461.9492560418225
3950,FIDS143,e,15,IDS,76.71,110.94791587619568,475.8238395970536,1992.827815492793
3951,FIDS143,i,15,IDS,78.64210921012968,80.48941614168825,317.2877864936514,2199.56960267812
3952,FIDS143,i,15,IDS,79.03749581573798,72.50418426201577,353.3984129463008,2388.9098989191816
3953,FIDS143,a,15,IDS,79.4,135.3385600660033,746.0995263195834,1353.5384686015711
3954,FIDS143,i,15,IDS,89.87,119.99999999999034,268.9814065938428,2511.760580590123
3955,FIDS143,i,15,IDS,92.73213739855196,97.8626014480426,323.3093725804069,2243.916400770403
3957,FIDS143,o,15,IDS,102.3529821144725,67.01788552750543,420.73285473982065,1282.8478007274148
3958,FIDS143,i,15,IDS,102.6,55.29292613080372,288.6652680814559,2168.0832496418893
3959,FIDS143,u,15,IDS,105.7624819350918,168.03930738349493,323.4850190621595,1535.4387400519427
3960,FIDS143,o,15,IDS,120.8627344275319,142.6215970229947,355.4938987463087,950.9990014105927
3961,FIDS143,u,15,IDS,121.43,109.99999999999943,371.2982102701253,1173.021158024992
3962,FIDS143,o,15,IDS,125.2391555049547,142.62159702300892,454.0508899452195,1269.1561758881157
3963,FIDS143,æ,15,IDS,126.93,86.41937621509044,336.6000185133719,1669.2398925881578
3964,FIDS143,o,15,IDS,127.39,90.00000000000341,256.70019869773415,1090.3982575421949
3965,FIDS143,a,15,IDS,129.74,209.99999999997954,698.3078710809452,1164.7644903074856
3966,FIDS143,e,15,IDS,133.1422712841187,87.7287158812976,429.82847481700543,1947.2816488273988
3968,FIDS143,u,15,IDS,136.3214681335604,175.09978248372704,392.45949591670933,896.577969314047
3969,FIDS143,a,15,IDS,137.16,150.00000000000568,776.1054606893424,1310.278199592602
3970,FIDS143,e,15,IDS,138.08,101.28733034727588,422.8048924467487,1991.0169993335815
3971,FIDS143,o,15,IDS,139.9043512483129,176.51187750368535,404.6575077932729,906.4389789216104
3972,FIDS143,o,18,IDS,7.49,160.00000000000014,764.4915459253023,981.9588507819412
3973,FIDS143,e,18,IDS,9.228121463189066,130.29821268489528,522.2139197814772,1456.6609290489394
3974,FIDS143,o,18,IDS,10.13391220304789,96.08779695211034,384.3737212090439,1234.7111892323317
3975,FIDS143,i,18,IDS,12.16,129.999999999999,347.7497756733033,2177.46025661572
3976,FIDS143,u,18,IDS,14.43,158.93181308829085,314.7923746696304,846.9752549709417
3977,FIDS143,u,18,IDS,15.94452652257957,175.47347742043053,400.35164092056357,940.7694153519965
3978,FIDS143,u,18,IDS,16.44,266.6874789892581,306.3436070524306,951.8856591688407
3979,FIDS143,i,18,IDS,17.31717667945991,79.67279246975068,330.9963724544152,2255.378626291508
3980,FIDS143,æ,18,IDS,21.74414048492837,135.85951507162974,856.3445573994497,1516.597169364038
3981,FIDS143,æ,18,IDS,24.03803118696785,121.96881303215079,1164.0729120164633,1627.5514372374075
3982,FIDS143,æ,18,IDS,26.77914419682893,95.44136597937936,639.209461100409,1573.722847977798
3983,FIDS143,u,18,IDS,27.40353761625969,169.30468399819887,377.76167009190317,787.5119564519098
3984,FIDS143,e,18,IDS,35.04760424837522,59.7545943523059,665.1627605965709,2159.8488209432235
3985,FIDS143,u,18,IDS,36.93269592531372,247.30407468627646,345.972094143232,930.2741303319623
3986,FIDS143,æ,18,IDS,46.41540071016313,146.06678619453106,797.3305345951454,1592.2847492565397
3987,FIDS143,u,18,IDS,48.47,155.42130070539883,397.6549944874687,811.0573638857359
3988,FIDS143,u,18,IDS,50.09,169.9999999999946,341.21399751457653,632.8606378741616
3989,FIDS143,e,18,IDS,54.4,259.999999999998,562.5786759246896,2242.5198616630914
3990,FIDS143,a,18,IDS,56.009134741987,160.8652580130041,651.2078989666707,1163.578587670177
3991,FIDS143,a,18,IDS,59.72,136.2994102969779,852.4376175290498,1156.6447260592042
3992,FIDS143,e,18,IDS,60.34885585919881,82.99249215598081,386.1380591781928,1902.9573621077727
3993,FIDS143,o,18,IDS,60.73975245825751,102.91069027342559,442.5939949512773,1055.5493944320174
3994,FIDS143,o,18,IDS,63.0,79.9999999999983,504.1626109475854,1200.496549925318
3995,FIDS143,a,18,IDS,64.62,98.50189797049325,792.5788441263192,1625.9948753762617
3996,FIDS143,o,18,IDS,66.3,100.00000000000853,449.09650957600735,1096.8649733082198
3997,FIDS143,a,18,IDS,68.39783109451892,114.52963917525949,673.1441697156281,1330.181733229937
3998,FIDS143,o,18,IDS,69.48,93.97407972731742,421.52760532888885,986.5920883236927
3999,FIDS143,æ,18,IDS,72.72398794682708,76.35309278350633,764.5986237365775,1589.1263725385484
4000,FIDS143,i,18,IDS,73.25908697753079,150.91302246921146,294.18231704467627,2392.6990194631057
4001,FIDS143,i,18,IDS,75.7180750994491,111.92490055090332,338.60121088759274,2637.9391740868396
4002,FIDS143,e,18,IDS,79.89,87.70054767838076,609.7971301861146,2253.043658080514
4004,FIDS143,e,18,IDS,81.42809008712253,91.90991287746897,441.2819022059349,1994.7884560081732
4005,FIDS143,a,18,IDS,81.91,186.81893629329238,1020.4044727618978,1413.3713883502257
4006,FIDS143,a,18,IDS,84.06,100.36373122821374,670.8291768080435,1347.237503325824
4007,FIDS143,æ,18,IDS,87.27,109.99999999999943,636.7977026925057,1553.6224301624886
4008,FIDS143,i,18,IDS,87.78426668954265,95.7333104573479,334.2684147724668,1725.0956847760879
4009,FIDS143,a,18,IDS,90.97,109.99999999999943,674.6943691992464,1306.4711243504491
4010,FIDS143,e,18,IDS,92.9017014161224,148.29858387759032,463.15502509025566,1905.920216735067
4011,FIDS143,e,18,IDS,94.3,100.00000000000853,505.9337284098131,2040.231251365732
4012,FIDS143,a,18,IDS,96.02435787622984,59.754594352313006,598.3017277878387,1476.4955874384318
4013,FIDS143,i,18,IDS,96.26504997058215,71.3735432541398,334.9206946413897,2253.5595451108925
4014,FIDS143,a,18,IDS,96.61838353736832,109.55008964590718,711.3869341118807,1276.4792995493904
4015,FIDS143,i,18,IDS,105.664125,134.37241567359592,292.0225946856475,2430.0757804072273
4016,FIDS143,i,18,IDS,108.213245426655,69.71369341108868,329.32967772877925,2376.975213965354
4017,FIDS143,e,18,IDS,110.6766606674482,97.93114074409459,734.7026638127345,1825.344202576799
4018,FIDS143,a,18,IDS,110.9699839968028,92.95159121469965,770.2405666462697,1313.0298215957177
4019,FIDS143,u,18,IDS,115.4788911572687,91.10884273128761,530.2548238001249,1126.4205636001736
4020,FIDS143,u,18,IDS,120.4036779681157,86.32203188429344,251.0899131280225,764.8513419167948
4021,FIDS143,o,18,IDS,136.9628505644864,107.14943551360534,446.3237575259394,909.598566409665
4022,FIDS143,u,18,IDS,137.51,140.00000000001478,328.860515456737,884.4899170710294
4023,FIDS143,o,18,IDS,142.16,150.00000000000568,350.9111346028803,815.5247934030284
4024,FIDS143,æ,18,IDS,143.830748508235,111.20993948901514,630.6658038655578,1225.763312751743
4025,FIDS143,o,18,IDS,144.65,102.388047679284,400.07713826641157,875.3600747429351
4026,FIDS143,a,18,IDS,147.5817033771285,368.4866651726111,876.4008612841428,1386.1057352388045
4027,FIDS143,e,18,IDS,149.662640877129,86.31219184218253,424.1578190493946,2121.3247004776135
4028,FIDS143,u,18,IDS,150.08,99.99999999999432,344.80238407228865,798.2912134675704
4029,FIDS143,u,18,IDS,152.2548121288103,92.95159121469965,476.0531100176597,1029.4354344143724
4030,FIDS143,a,18,IDS,152.9768606776674,161.00543478262352,594.436712016744,1229.903903750427
4031,FIDS143,e,18,IDS,153.9575936729612,114.52963917531633,484.5290002165368,1903.4892813165457
4032,FIDS143,o,18,IDS,155.5541309600524,177.60393321381684,430.8676194093876,875.5823402826647
4033,FIDS144,æ,12,IDS,3.697637607460786,90.64517065099187,724.845055279371,1249.7976300093096
4034,FIDS144,o,12,IDS,4.17,120.00000000000011,389.7741721620853,875.884399208546
4035,FIDS144,e,12,IDS,6.13,49.37940827026388,422.5057202310106,1510.970806285341
4037,FIDS144,u,12,IDS,12.88,179.99999999999972,368.2099337035751,1047.746876228803
4038,FIDS144,u,12,IDS,14.60996247189145,220.03752810855025,322.01350986287355,792.647215527335
4039,FIDS144,u,12,IDS,15.017611020226,242.38897977400063,315.03516004472806,667.3808998160443
4040,FIDS144,i,12,IDS,15.67,109.99999999999943,297.95685942228977,1679.6037569427504
4041,FIDS144,æ,12,IDS,19.62,118.29928995950922,690.4832336599459,1386.2111731381335
4042,FIDS144,u,12,IDS,25.96938830961419,217.9787376511122,259.3777723903197,725.0430573940216
4043,FIDS144,e,12,IDS,28.91,39.99999999999915,556.9263528683416,1531.2926104382318
4044,FIDS144,æ,12,IDS,29.00229662852918,63.7249223261982,561.7675284766532,1335.8769784905558
4045,FIDS144,u,12,IDS,30.55912120911701,208.43360010860934,350.1018814679385,1407.0654878545392
4046,FIDS144,æ,12,IDS,41.15,120.00000000000455,751.7632958628266,1313.0344246639763
4047,FIDS144,u,12,IDS,42.73,90.00000000000341,338.13977605530044,825.1695292461789
4048,FIDS144,u,12,IDS,44.97,170.0000000000017,473.5228607429106,826.4784395849281
4049,FIDS144,e,12,IDS,49.76215484851075,187.84515148925607,560.2517564077577,1780.8036297171368
4051,FIDS144,e,12,IDS,54.75651989080895,96.12547200567434,513.4712256951603,1870.9891695833792
4052,FIDS144,a,12,IDS,57.07,130.3803595621602,575.6724922653244,1072.4137941752028
4054,FIDS144,o,12,IDS,59.43,100.00000000000142,460.70229911583084,1034.9265193108931
4055,FIDS144,æ,12,IDS,65.91818380620532,111.81619379468088,550.2622143846182,1359.293383925088
4056,FIDS144,i,12,IDS,66.26759226794026,68.66105143262757,340.0117176299121,1810.3942838395224
4057,FIDS144,i,12,IDS,69.4624708494527,117.5291505472984,313.31996127985474,1863.0313606936647
4058,FIDS144,e,12,IDS,72.25,84.38309787943865,464.846006312227,1594.979351233526
4059,FIDS144,a,12,IDS,72.54189205332028,168.10794667971152,603.5889477275421,999.9956727626544
4060,FIDS144,e,12,IDS,74.35,90.00000000000341,798.9702667908607,1928.4820020354953
4061,FIDS144,a,12,IDS,74.82,210.00000000000796,624.182297636879,1017.2734454484964
4062,FIDS144,æ,12,IDS,81.28,109.99999999999943,629.6326917551619,1349.95242615074
4063,FIDS144,i,12,IDS,81.72228906615922,86.97066514800156,276.0175979589234,1920.604413863463
4065,FIDS144,e,12,IDS,85.4127596156713,111.38348343514792,393.1111969960644,1685.9956095595758
4066,FIDS144,i,12,IDS,87.71299994471202,67.00005528797703,325.2411923618183,1912.4897199704149
4067,FIDS144,i,12,IDS,88.0379955881598,62.00441184019212,329.7670578410324,1687.127054493911
4068,FIDS144,a,12,IDS,88.33247520874863,122.06409143577446,507.5631597699337,1041.5549089608344
4069,FIDS144,i,12,IDS,101.087999238123,218.18956344149854,332.5712860885358,2059.9136087483125
4070,FIDS144,a,12,IDS,108.45,79.9999999999983,466.9595028860004,1038.6723281139984
4071,FIDS144,o,12,IDS,111.21,90.00000000000341,427.15999977810725,930.3713126439028
4072,FIDS144,u,12,IDS,115.3978024765206,95.83726509011115,328.8489020506082,753.4725371522749
4073,FIDS144,u,12,IDS,130.79,80.0000000000125,337.34040381236565,940.5104540396422
4074,FIDS144,o,12,IDS,134.59,129.99999999999545,366.0452790121571,804.1829517176648
4075,FIDS144,æ,12,IDS,137.36,139.99999999998636,643.9727511983612,1406.2144664557961
4076,FIDS144,o,12,IDS,137.9162652294147,93.73477058528579,514.8685576586884,1982.8035602479042
4077,FIDS144,a,12,IDS,141.59,270.00000000001023,619.0889266360135,1030.016658444854
4078,FIDS144,e,12,IDS,143.64,151.01714038232217,510.325902197764,1911.198138157943
4079,FIDS144,o,12,IDS,146.38,150.00000000000568,354.1974553142769,853.8251212376333
4080,FIDS144,a,12,IDS,147.84,169.9999999999875,856.7681379385788,1904.7729989539707
4081,FIDS144,e,12,IDS,150.06,139.99999999998636,413.2812227783925,1740.6981743212325
4082,FIDS144,o,12,IDS,151.5898854991082,179.03664906950212,366.44255440773605,832.7456781854715
4083,FIDS144,æ,9,IDS,5.3,100.00000000000054,731.0033811810735,1246.4379592463674
4084,FIDS144,o,9,IDS,5.81,130.0000000000008,371.5221376627453,877.3945626260468
4085,FIDS144,e,9,IDS,7.86,49.99999999999982,357.36248888488547,1499.2261176547172
4086,FIDS144,o,9,IDS,8.504904135761684,105.09586423831507,437.6750789428271,964.6468835205851
4087,FIDS144,i,9,IDS,10.85,140.00000000000057,268.3646220127688,1835.8843723229638
4088,FIDS144,u,9,IDS,15.51,310.0000000000005,318.46072765714115,951.5419018235281
4089,FIDS144,u,9,IDS,17.49,260.0000000000016,277.08788803560986,659.4313367612664
4090,FIDS144,u,9,IDS,18.03,209.9999999999973,284.0790202372085,819.3515523053129
4091,FIDS144,i,9,IDS,18.88,120.000000000001,339.8707542879029,2030.940363764596
4092,FIDS144,æ,9,IDS,25.35,99.99999999999787,491.9220488827402,1310.6334016074359
4093,FIDS144,æ,9,IDS,26.93235100642195,187.6489935780512,642.1756271006113,1119.4462264976926
4094,FIDS144,u,9,IDS,30.65773873462335,245.02869889902001,451.84378171588446,1733.5818248351252
4095,FIDS144,æ,9,IDS,34.66,87.8373312010865,574.7411544501854,1413.9344905847029
4096,FIDS144,u,9,IDS,35.08,130.00000000000256,300.6588426748385,926.257143718866
4097,FIDS144,e,9,IDS,38.85,83.13388477372996,639.6461758299889,1770.1333094359106
4098,FIDS144,æ,9,IDS,39.05,173.8972978247162,677.8623788855643,1520.4185861062424
4099,FIDS144,u,9,IDS,57.78,210.00000000000085,312.9667663063733,721.1655275742194
4100,FIDS144,æ,9,IDS,65.17,200.00000000000284,666.7352231300573,1440.4522044859073
4101,FIDS144,u,9,IDS,68.46,120.00000000000455,355.9158451977657,732.5769348863843
4102,FIDS144,u,9,IDS,70.72,180.00000000000682,334.36903446934105,844.4327580303406
4103,FIDS144,e,9,IDS,78.79,119.99999999999034,440.91879290463396,1580.5963159133785
4104,FIDS144,a,9,IDS,80.38,100.00000000000853,674.3289849750211,911.2981017765611
4105,FIDS144,e,9,IDS,92.09,109.99999999999943,527.0324008286258,1636.3791037885896
4106,FIDS144,a,9,IDS,95.98,99.99999999999432,515.1432562331931,1032.7997134554187
4107,FIDS144,o,9,IDS,96.86,99.99999999999432,416.5846194549884,868.778293310086
4108,FIDS144,o,9,IDS,99.29,89.9999999999892,325.102956912478,845.1009805321243
4109,FIDS144,æ,9,IDS,105.54,119.99999999999034,643.0268926809897,1421.027038581086
4110,FIDS144,i,9,IDS,106.0931279369589,124.65474250670638,271.52042847567907,1934.3793111320215
4111,FIDS144,e,9,IDS,113.7,149.99999999999147,722.3298270408712,2105.0507731978437
4112,FIDS144,a,9,IDS,116.14,170.0000000000017,807.393042741842,2129.790506150356
4113,FIDS144,e,9,IDS,120.34,179.9999999999926,416.9605240333588,2173.614701115789
4114,FIDS144,a,9,IDS,120.82,210.00000000000796,540.2456212835777,939.0505291382847
4115,FIDS144,a,9,IDS,123.23,149.99999999999147,610.0535795883111,967.77037142823
4116,FIDS144,æ,9,IDS,135.59,109.99999999998522,645.4198747219929,1413.162702806554
4117,FIDS144,i,9,IDS,136.0,92.26790597961099,329.7698107354403,2019.462993193681
4118,FIDS144,e,9,IDS,138.14,350.00000000002274,587.7996849729393,1745.3477008812433
4119,FIDS144,e,9,IDS,139.71,120.00000000000455,399.3408225487067,1911.403476756048
4120,FIDS144,i,9,IDS,142.86,39.99999999999204,226.510367032053,1697.7756464472498
4121,FIDS144,i,9,IDS,143.16,73.40743249679349,286.2133620831609,1856.7698280214577
4122,FIDS144,a,9,IDS,143.47,99.99999999999432,606.8210423947023,1065.6814213945327
4123,FIDS144,i,9,IDS,150.46,179.9999999999784,260.91798541271066,2092.4814890971684
4124,FIDS144,i,9,IDS,160.42,160.000000000025,265.82712913132957,2146.126925602504
4125,FIDS144,æ,9,IDS,162.52,60.000000000002274,653.8800642351453,1640.9312672951712
4126,FIDS144,a,9,IDS,162.86,89.99999999997499,492.54131172752375,1011.4385983572773
4127,FIDS144,a,9,IDS,166.15,97.44326736478115,613.2631384170277,1637.7041642791269
4128,FIDS144,o,9,IDS,168.6,69.99999999999318,295.6142641468075,780.745070643268
4129,FIDS144,i,9,IDS,168.89,50.00000000001137,243.11279987242122,2009.2675284884401
4130,FIDS144,u,9,IDS,172.7422604169121,157.7395830879027,321.222392743261,1210.0387898346244
4131,FIDS144,o,9,IDS,188.130923138235,69.07686176498373,500.8313135255912,778.4984014156113
4132,FIDS144,u,9,IDS,188.51,100.00000000002274,281.51649175452053,707.5591177129869
4133,FIDS144,o,9,IDS,195.12,120.00000000000455,524.6072895058296,1750.9728342505985
4134,FIDS144,e,9,IDS,200.2195974795127,195.26212164672074,588.8592306037682,1570.338964435246
4135,FIDS144,o,9,IDS,200.86,119.99999999997613,261.9932339937312,879.7882793789511
4136,FIDS144,a,9,IDS,204.2312889704394,248.68289077647887,555.8111605756461,1273.20690598904
4137,FIDS144,e,9,IDS,206.6,120.00000000000455,357.346910543267,1851.8107981225094
4139,FIDS144,o,9,IDS,210.59,79.99999999998408,472.7760351401219,1033.9152049063837
4140,FIDS144,a,9,IDS,211.36,159.9999999999966,612.4525260581256,1048.6639576724906
4141,FIDS144,e,9,IDS,212.55,129.99999999999545,445.2581022258371,1714.6197614568177
4142,FIDS144,o,9,IDS,213.9998521351981,230.14786480189287,417.07657907554733,850.4195585990443
4143,FIDS145,æ,12,IDS,1.649916878310804,130.083121689196,656.4055125500371,1422.8356136549712
4144,FIDS145,o,12,IDS,2.15572799198135,107.22940073111387,417.59084900398375,838.675221413907
4145,FIDS145,o,12,IDS,5.206495879447134,100.61030192055131,406.5524010608758,1018.0115766600682
4146,FIDS145,i,12,IDS,7.13,100.00000000000054,288.8953982410132,1994.633089587849
4147,FIDS145,u,12,IDS,8.54,220.00000000000063,315.16749090211636,864.6145677801795
4148,FIDS145,i,12,IDS,10.3810350991997,98.96490080030063,387.5263739204298,1832.4422567530069
4149,FIDS145,æ,12,IDS,13.38115974570778,97.96266239633056,628.6303516997966,1386.3608060241318
4150,FIDS145,æ,12,IDS,15.17313091247283,90.01974382364963,592.6139294808036,1268.3549636168038
4151,FIDS145,æ,12,IDS,15.83,100.3975285591796,517.3260761164145,1295.892785369027
4152,FIDS145,u,12,IDS,16.25,117.97594220914931,307.9971264976493,769.7125137129249
4153,FIDS145,e,12,IDS,18.63,50.00000000000071,506.60761519324296,1441.6992333125625
4154,FIDS145,æ,12,IDS,18.84681198028434,133.18801971566074,881.8098618371612,1439.9814370889355
4155,FIDS145,u,12,IDS,19.46,109.99999999999943,327.28706189382746,1492.3365912633537
4156,FIDS145,æ,12,IDS,28.96,144.0397212075979,605.139994748228,1309.1740960826203
4157,FIDS145,u,12,IDS,30.46,79.9999999999983,285.8756063446287,569.3003913313238
4158,FIDS145,u,12,IDS,31.85,159.9999999999966,357.2869132367092,838.8544194511187
4159,FIDS145,e,12,IDS,36.53,129.99999999999545,568.83461387406,1415.5564036935311
4160,FIDS145,a,12,IDS,37.56,94.13272468436418,529.1820740087657,1039.5944884932865
4161,FIDS145,e,12,IDS,39.64,60.000000000002274,477.1545160534655,1418.3636503856278
4162,FIDS145,a,12,IDS,43.04,70.00000000000028,550.5680484863228,1036.4079305244152
4163,FIDS145,o,12,IDS,43.56,99.99999999999432,428.11278971614445,916.1751352956996
4164,FIDS145,o,12,IDS,44.77753324268765,81.87054580109532,447.5866345754541,1138.729493093329
4165,FIDS145,æ,12,IDS,53.56,97.67530134183744,510.46821717645406,1244.7105124275397
4166,FIDS145,e,12,IDS,58.04,79.9999999999983,509.831356215969,1418.0115456561757
4167,FIDS145,a,12,IDS,58.28389156196602,117.70995742124057,570.0194103947093,976.7713382636111
4168,FIDS145,e,12,IDS,58.88554149052734,87.19256105277395,499.5673359927319,1395.5516750062316
4169,FIDS145,a,12,IDS,59.2,149.99999999999858,598.0557571039691,1064.4087654352795
4170,FIDS145,æ,12,IDS,64.23,69.99999999999318,494.00306660016884,1447.3187455956813
4171,FIDS145,i,12,IDS,64.61612520317972,69.92128731208425,340.5789126127968,1847.8205382811063
4172,FIDS145,e,12,IDS,66.36207557354409,118.5621828335286,541.2033074414476,1683.8278603002177
4173,FIDS145,e,12,IDS,67.39,69.3948436893237,498.82845564608664,1508.1835436920223
4174,FIDS145,i,12,IDS,69.5147942032568,83.09486318248105,325.0527183860319,1819.8281852591338
4175,FIDS145,a,12,IDS,69.83423708115421,109.44201492326044,555.1719784543038,1030.8789503316982
4176,FIDS145,i,12,IDS,78.29922349731449,130.77650268552077,332.6340566670558,2034.73336289036
4177,FIDS145,i,12,IDS,80.54,66.41969571745676,273.73089468751573,1929.9575785561253
4178,FIDS145,æ,12,IDS,82.63,81.62447723464084,566.5926247139117,1348.5285342800837
4179,FIDS145,a,12,IDS,82.99,70.21756180503758,606.229340730956,1016.0891884567311
4180,FIDS145,u,12,IDS,87.41,79.9999999999983,481.6726510042492,1197.727139609998
4181,FIDS145,u,12,IDS,89.8,79.9999999999983,321.19023190708117,835.4086261931143
4182,FIDS145,o,12,IDS,102.95,129.99999999999545,417.3123885872902,921.2915483868603
4183,FIDS145,u,12,IDS,103.25,140.00000000000057,295.6007443000484,1622.8527862497049
4184,FIDS145,o,12,IDS,106.82,140.00000000000057,515.1374142896311,759.7598979085325
4185,FIDS145,æ,12,IDS,110.4089313253169,81.401534364403,572.0538309425086,1432.2647151769897
4186,FIDS145,o,12,IDS,110.85,130.00000000000966,698.5701453841177,1598.9214833980714
4187,FIDS145,a,12,IDS,113.046839387618,239.8438066093007,410.9083988510415,910.7682315409827
4188,FIDS145,e,12,IDS,113.86,75.40527519769569,344.44201499532676,1600.344996955861
4189,FIDS145,u,12,IDS,114.1814804808299,113.38070857890159,386.6172705517071,1788.4659178701413
4190,FIDS145,o,12,IDS,115.8843388580448,114.83430740689471,517.7492232506236,1007.0708689732148
4191,FIDS145,e,12,IDS,117.55,57.47049110610192,476.1319538000063,1379.9513854649836
4193,FIDS145,æ,15,IDS,6.775719528021832,81.01037243614151,408.2795873325941,1074.1235385909354
4194,FIDS145,o,15,IDS,7.106688765909554,99.62086340120192,466.4101161327155,1238.804391518596
4195,FIDS145,e,15,IDS,8.32,44.18435320036984,350.4685611267664,1314.45592562518
4196,FIDS145,o,15,IDS,9.012126897400517,90.86298529999759,405.2237014055619,1451.6966961328562
4197,FIDS145,i,15,IDS,10.95,120.000000000001,315.8505780898112,1854.0959443817496
4198,FIDS145,u,15,IDS,13.48921825661381,176.25229678673904,401.77789958418373,1851.1258857650662
4199,FIDS145,u,15,IDS,15.36,117.93714802742095,226.78114663473113,678.1591509561057
4200,FIDS145,u,15,IDS,23.37718587797611,98.52612863855015,291.24787949449416,712.9500798569455
4201,FIDS145,u,15,IDS,37.40092323294388,59.11567718312938,365.6802563424467,1080.199667825397
4202,FIDS145,o,15,IDS,57.5,130.00000000000256,409.4558007900889,829.6963841016241
4203,FIDS145,a,15,IDS,57.88,91.24891199783036,506.7676114201631,1131.2870094395516
4204,FIDS145,o,15,IDS,59.84520892774459,94.79107225540417,568.7701921998743,1225.3247418494782
4205,FIDS145,æ,15,IDS,73.35780524049349,98.20148190785005,303.178970027686,1310.924638016275
4206,FIDS145,i,15,IDS,76.4367481171028,72.44371616152989,331.10958432307876,1640.7076445588796
4207,FIDS145,e,15,IDS,85.09,118.54460864816474,443.96269782610034,1472.2280116582813
4208,FIDS145,a,15,IDS,86.8135491916625,120.73952693587842,650.6382584609325,1590.0538278935308
4209,FIDS145,a,15,IDS,89.97,90.00000000000341,656.1174983652352,1322.8613471799363
4210,FIDS145,a,15,IDS,91.7456429718176,94.98176118955826,376.017057754727,1220.8547778312293
4211,FIDS145,a,15,IDS,93.9,109.99999999999943,442.10698698034207,979.4110873673122
4212,FIDS145,i,15,IDS,100.662487247005,49.90567113350153,275.5316745422365,1529.7963923549087
4213,FIDS145,e,15,IDS,104.48,109.99999999999943,480.2575676182867,1668.0920520771147
4214,FIDS145,i,15,IDS,106.17,81.10575647829421,340.60040309167,1657.6762699611475
4215,FIDS145,i,15,IDS,112.0863169733702,72.01608680679783,333.94174374585094,1700.6746746660913
4216,FIDS145,a,15,IDS,112.36,118.40455709599951,526.9789696619728,1085.180293299767
4217,FIDS145,i,15,IDS,124.74,200.00000000000284,376.59037943612157,1921.9298500925954
4218,FIDS145,a,15,IDS,127.22,139.74071062379778,541.3401781981825,1005.3028141137427
4219,FIDS145,u,15,IDS,132.1949344540494,235.06554595061857,369.1777396419355,1008.9921032797179
4221,FIDS145,o,15,IDS,150.8254702649843,142.4318161289193,432.8100098651332,743.4795894843003
4222,FIDS145,o,15,IDS,154.9064584398664,91.22037662189086,429.8321409210668,1125.915772010504
4223,FIDS145,o,15,IDS,157.56,99.99999999999432,461.3246316825777,764.8689710018351
4224,FIDS145,a,15,IDS,165.65,79.21142329718123,507.625071368571,945.4221144395995
4225,FIDS145,o,15,IDS,173.21,115.23254467249444,374.2266743615005,849.876704996964
4226,FIDS145,o,18,IDS,4.9231946156432,79.67279246974535,439.2059001428418,990.1452326905785
4227,FIDS145,e,18,IDS,6.78,70.17508964588171,452.33234332817693,1446.5358943744927
4228,FIDS145,o,18,IDS,6.948106230389943,78.01294262662407,455.57121693241726,1114.6645480433122
4229,FIDS145,o,18,IDS,9.132567934782609,76.35309278350277,425.19210910217186,1211.2084972855944
4230,FIDS145,e,18,IDS,10.7500459435231,59.754594352309454,532.2256949201595,1489.3671877883812
4231,FIDS145,æ,18,IDS,10.84515246046568,102.91069027342026,611.458266018958,1473.0511753022133
4232,FIDS145,i,18,IDS,14.83,118.52994733303923,322.2262183166463,2052.834476317687
4233,FIDS145,i,18,IDS,16.05,86.19130995077029,362.8696287480486,1853.790979409815
4234,FIDS145,u,18,IDS,18.09277005826987,97.22994173013078,304.1909342624362,787.033537647887
4235,FIDS145,u,18,IDS,18.41374845921116,305.4123711340218,283.6903695755832,774.8286893929239
4236,FIDS145,i,18,IDS,19.0084205513224,97.93114074406262,370.54282666795626,1778.6213117314267
4237,FIDS145,æ,18,IDS,23.43548632900062,99.59099058717769,615.6778486981601,1418.0708517271764
4238,FIDS145,æ,18,IDS,26.12572613177968,97.93114074406262,526.7626621475173,1270.6123097470947
4239,FIDS145,u,18,IDS,26.53,70.00000000000028,361.6462853226406,798.0757151412697
4240,FIDS145,e,18,IDS,36.1,105.14077207530903,586.0305535851033,1435.8837128615492
4241,FIDS145,u,18,IDS,37.49656151949794,104.57054011655487,470.2328281118983,1405.2487873957418
4242,FIDS145,æ,18,IDS,43.91,191.44399932732625,600.8745332748725,1324.248708362984
4243,FIDS145,u,18,IDS,46.6,103.20301994578784,274.4924412947857,702.5381418710361
4244,FIDS145,u,18,IDS,47.71,369.99999999999744,329.94812707814486,666.343152007202
4245,FIDS145,e,18,IDS,51.35333356678533,136.6664332146712,587.0004112400144,1586.2875323245312
4246,FIDS145,a,18,IDS,53.93,96.3613570137909,526.5878219210298,1001.5435815717998
4247,FIDS145,e,18,IDS,56.94,94.3751400705537,329.82157253922287,1724.7633582543722
4249,FIDS145,o,18,IDS,59.13,99.99999999999432,408.8243555108015,927.2803600091465
4250,FIDS145,o,18,IDS,60.74308744504902,87.97204168534023,513.0616364644039,1028.767455988028
4251,FIDS145,æ,18,IDS,77.69,79.9999999999983,600.3693557290318,1416.9771505015278
4252,FIDS145,i,18,IDS,78.01755532832581,82.44467167418179,333.3142101675083,2014.6157169320516
4253,FIDS145,i,18,IDS,81.11556182765332,86.31219184222516,295.38264401536196,1998.1615247664097
4254,FIDS145,e,18,IDS,86.30526907776515,104.73092223485025,526.2553450259561,1640.9477462843215
4255,FIDS145,a,18,IDS,86.61,120.00000000000455,568.8291126689783,937.6377048368487
4256,FIDS145,e,18,IDS,88.73333354522353,78.0129426266285,319.4371995533194,1560.0983199432933
4257,FIDS145,a,18,IDS,89.06,189.99999999999773,643.761523146452,1048.4698147365793
4258,FIDS145,a,18,IDS,90.53403168421944,139.42738682206368,530.9581606652002,1003.4228954664958
4259,FIDS145,a,18,IDS,94.7803462572806,122.82888839088457,580.2263888780794,1136.8470166821419
4260,FIDS145,æ,18,IDS,96.81310482966956,87.97204168534734,552.460602825373,1193.0984776360456
4261,FIDS145,i,18,IDS,97.17163239578342,79.67279246973646,316.53442394436104,1895.392523621645
4262,FIDS145,e,18,IDS,99.6144171615834,145.58283841660113,471.08208289676134,1786.6865983735781
4263,FIDS145,i,18,IDS,105.43,79.9999999999983,329.7723195942549,1839.7200161925687
4264,FIDS145,i,18,IDS,105.7779996358099,73.0333930972904,294.0818037826286,1870.4517095342123
4265,FIDS145,i,18,IDS,114.5,109.99999999999943,367.14784480283066,1938.4706607455464
4266,FIDS145,a,18,IDS,116.9,79.68595920689836,589.513466040763,944.8035752490329
4267,FIDS145,a,18,IDS,118.3440249607756,71.37354325419665,560.5046091531741,1004.680637970863
4268,FIDS145,æ,18,IDS,128.9352872870864,304.7127129136129,552.0187985711425,1297.7049502211792
4269,FIDS145,a,18,IDS,129.4664531039847,89.63189152851214,562.3369665276199,1040.6152021187252
4270,FIDS145,u,18,IDS,135.8362560230807,101.25084043031052,400.1989886527334,1473.9128022456334
4271,FIDS145,e,18,IDS,142.9,60.000000000002274,486.6174949292718,1449.2838995705242
4272,FIDS145,e,18,IDS,147.58,59.99999999997385,478.65013105364324,1228.1374761714624
4273,FIDS145,o,18,IDS,153.4630090206189,137.76753697891309,442.1503633943161,914.9042653620941
4274,FIDS145,u,18,IDS,153.74,109.99999999998522,314.0382294278919,971.850797522046
4275,FIDS145,o,18,IDS,157.61,109.99999999998522,611.1160474388669,894.9263253899013
4277,FIDS145,e,18,IDS,170.03,60.000000000002274,406.46507602093055,1417.4144157768892
4278,FIDS145,u,18,IDS,170.28,100.3505827158051,273.92425016201526,596.0841558069568
4279,FIDS145,o,18,IDS,172.036970528915,53.02947108501144,402.5106837076695,940.1505135297247
4280,FIDS145,a,18,IDS,172.6687498599326,126.14858807708629,535.2532084707134,959.8901096290939
4281,FIDS145,e,18,IDS,173.66,108.58303451820461,487.0385571117324,1437.4369491437837
4282,FIDS145,o,18,IDS,174.8127993332633,81.33264231287285,395.1927294205801,906.2333348223293
4283,FIDS146,æ,9,IDS,6.72,116.42247990650122,692.5684748852323,1400.884399782338
4284,FIDS146,o,9,IDS,7.28,139.9999999999997,434.19620021535957,810.1942617395497
4285,FIDS146,e,9,IDS,8.529501917629691,158.63801094689833,401.4866624062545,963.2334936956689
4286,FIDS146,i,9,IDS,11.14,70.00000000000028,284.7637174750197,1971.4048959494085
4287,FIDS146,u,9,IDS,14.43,437.0203879402297,470.8005486780687,969.5655700393391
4288,FIDS146,u,9,IDS,16.13,150.00000000000213,418.48382316205567,709.4225834994397
4289,FIDS146,u,9,IDS,16.48,320.0000000000003,365.0026157903867,813.2748134901029
4290,FIDS146,æ,9,IDS,20.91,199.9999999999993,746.991959978492,1479.3610546254886
4291,FIDS146,æ,9,IDS,22.72,109.99999999999943,762.0089180029559,1339.5896736956634
4292,FIDS146,u,9,IDS,25.35,99.99999999999787,357.57459684507086,1460.6298665129545
4293,FIDS146,e,9,IDS,29.95,97.08726041894167,390.45123236648345,1570.5598727212816
4294,FIDS146,æ,9,IDS,30.30014725966277,245.8297135511529,1033.9106669748778,1660.8591345786576
4295,FIDS146,u,9,IDS,31.40934835264845,270.65164735154923,323.272429286345,610.7870700993518
4296,FIDS146,æ,9,IDS,41.8,174.20319868223544,896.754672707603,1596.5297479851108
4297,FIDS146,u,9,IDS,44.41,110.00000000000654,452.4007563693543,991.9868858672749
4298,FIDS146,u,9,IDS,45.81,320.0000000000003,537.7369318206889,902.38571280615
4299,FIDS146,e,9,IDS,52.4,200.00000000000284,646.6017471676618,2162.142292566744
4300,FIDS146,a,9,IDS,53.52,109.99999999999943,725.7163340203313,1160.7504583546606
4301,FIDS146,e,9,IDS,61.45,99.82313596209025,647.505029549948,1844.42977377413
4302,FIDS146,a,9,IDS,66.25,260.0000000000051,919.9210877677705,1179.8284950442282
4303,FIDS146,o,9,IDS,69.92,79.9999999999983,513.6240294754581,1358.340298342483
4304,FIDS146,æ,9,IDS,75.59329619780107,124.13759479110809,777.2760332901134,1628.8334140348984
4305,FIDS146,i,9,IDS,79.97,109.99999999999943,335.30175073504665,2158.3747481442556
4306,FIDS146,e,9,IDS,85.03,159.9999999999966,316.1157522904408,2052.7241813886335
4307,FIDS146,a,9,IDS,85.56,179.9999999999926,621.0139664105282,1186.0775065015773
4308,FIDS146,a,9,IDS,87.12,109.99999999999943,555.9717817115761,1183.7483638375852
4309,FIDS146,æ,9,IDS,90.14,170.0000000000017,1012.1338942632732,1479.1491844341747
4310,FIDS146,i,9,IDS,90.69,180.32293752678186,316.9779962181044,2035.5146765871696
4311,FIDS146,e,9,IDS,92.53,120.00000000000455,487.9024603525868,1859.9019055831668
4312,FIDS146,e,9,IDS,93.67,99.57911559324373,505.1050267715491,1414.322936513328
4313,FIDS146,i,9,IDS,95.61,70.00000000000739,274.52484384032607,1579.2932837722408
4314,FIDS146,i,9,IDS,96.0248768515151,69.53592847203538,293.5336807831634,2197.0633465696637
4315,FIDS146,a,9,IDS,96.28,69.99999999999318,627.5267229160363,1160.6029189634232
4316,FIDS146,i,9,IDS,103.83,206.42446691100247,307.124033433799,1728.803848921541
4317,FIDS146,i,9,IDS,107.21,80.0000000000125,299.0908611994996,2240.9474686485955
4318,FIDS146,a,9,IDS,109.33,105.8634204048019,654.3966964438445,1043.3929513976466
4319,FIDS146,a,9,IDS,111.1046596022962,95.34039770380787,697.5543048608761,1145.4080531789998
4320,FIDS146,o,9,IDS,113.91,49.15411595960961,637.8010902909988,1419.2587201741062
4321,FIDS146,i,9,IDS,114.19,93.32284033659732,293.710175011403,2229.017405228603
4322,FIDS146,u,9,IDS,119.63,90.00000000000341,373.26456186859696,1160.199520786421
4323,FIDS146,o,9,IDS,129.4432648574449,93.44365364600549,346.95399904693284,1060.1677931748561
4325,FIDS146,o,9,IDS,132.81,150.00000000000568,446.3941023757273,769.1388983757582
4326,FIDS146,æ,9,IDS,135.43,379.99999999999545,880.905136093432,1301.3787154959587
4328,FIDS146,a,9,IDS,139.6335136842714,267.64108204790205,750.9064496178732,1110.2300356181893
4329,FIDS146,e,9,IDS,141.23,90.00000000000341,485.69652014680776,2233.394094459719
4330,FIDS146,o,9,IDS,142.8987729908407,151.22700915929954,567.8050116708596,882.8831678033293
4331,FIDS146,a,9,IDS,143.74,90.00000000000341,817.3441675405024,1177.9607903509216
4332,FIDS146,e,9,IDS,145.48,90.00000000000341,523.7587341992873,1775.613617218297
4333,FIDS146,o,9,IDS,146.785803190554,164.1968094459969,403.29688878178206,652.054882252487
4334,FIDS148,æ,12,IDS,3.089369929618282,53.282388118800924,770.8049636209577,1535.9986906062154
4335,FIDS148,o,12,IDS,3.484054286053849,95.94571394615103,438.71734637571706,927.5060773859361
4336,FIDS148,e,12,IDS,4.52,90.34195738079819,459.30984954901186,1731.0012965725775
4337,FIDS148,o,12,IDS,5.199492022165909,85.8438475247354,453.4736368957026,1112.6987617849798
4338,FIDS148,i,12,IDS,6.30556270050723,144.43729949277008,318.68017471536353,2062.005426291636
4339,FIDS148,u,12,IDS,9.3,109.99999999999943,425.9334700753854,1756.2522071186263
4340,FIDS148,u,12,IDS,10.59,140.00000000000057,355.95098075194636,784.3088377441677
4341,FIDS148,u,12,IDS,10.89,274.5195150729689,332.4784051729816,551.1544478904403
4342,FIDS148,i,12,IDS,11.57,80.00000000000007,317.0971611076699,2007.7785316693273
4343,FIDS148,æ,12,IDS,15.06,127.5081621315799,509.76522681685674,1646.81271903946
4344,FIDS148,æ,12,IDS,17.00486510908367,149.64051997727879,714.3257475199168,1378.7972667898478
4345,FIDS148,æ,12,IDS,18.89,140.00000000000057,544.6531588125385,1337.6898078775735
4346,FIDS148,u,12,IDS,19.43,199.9999999999993,325.9206694555455,685.5341434061372
4347,FIDS148,e,12,IDS,25.0,39.99999999999915,428.252374849502,1679.4568223495378
4348,FIDS148,æ,12,IDS,25.17337897453525,186.62102546474912,1154.8232136130964,1539.1647930327206
4349,FIDS148,u,12,IDS,26.02980341942355,140.19658057645046,392.045784974463,2194.984118496074
4350,FIDS148,æ,12,IDS,38.4007886913313,110.26143577272762,596.0530087864457,1466.8672219555224
4351,FIDS148,u,12,IDS,40.27,119.99999999999744,350.6708435540505,505.4358094872629
4352,FIDS148,u,12,IDS,41.69195539383109,127.32570559471412,284.62436878587886,690.742480109949
4353,FIDS148,e,12,IDS,46.01,130.00000000000256,464.1261905716629,1813.0141748043773
4354,FIDS148,a,12,IDS,47.24,100.54500928260524,552.7539440803686,1168.333947302284
4355,FIDS148,e,12,IDS,49.18048231494772,89.51768505228586,462.0029927436616,1450.3126513571667
4356,FIDS148,a,12,IDS,51.05,120.00000000000455,498.55335025418464,914.3976152849706
4357,FIDS148,o,12,IDS,52.11,108.46468463167014,475.78945102102534,604.6770563157241
4358,FIDS148,o,12,IDS,54.2,100.97413189439663,491.3044304253799,749.0405572492958
4359,FIDS148,æ,12,IDS,62.49325480459002,126.01306945454382,590.6236546651138,1306.9981119536435
4360,FIDS148,i,12,IDS,62.96789799866399,97.1350743712236,337.4726084242287,2034.9992213528042
4361,FIDS148,i,12,IDS,65.26894723594982,86.63398525001753,296.6445185665533,1992.764644672553
4362,FIDS148,e,12,IDS,69.16,100.96370430572676,468.1879956889311,1721.6642741780165
4363,FIDS148,a,12,IDS,69.39,140.00000000000057,651.330674091194,1228.3037705870893
4364,FIDS148,e,12,IDS,70.96,104.78938880454791,455.1527826764677,1787.5694087256034
4365,FIDS148,a,12,IDS,71.35,120.00000000000455,563.5809218915024,1071.7158238861332
4366,FIDS148,a,12,IDS,72.61220470118566,86.63398525000332,520.4085304893449,960.4662803653657
4367,FIDS148,æ,12,IDS,75.58419178654665,112.8867080530398,488.8135894207331,1395.968489262563
4368,FIDS148,i,12,IDS,76.02392489349745,82.69607682954927,332.48710559826696,2106.699914808929
4369,FIDS148,e,12,IDS,77.98409363539544,90.57189367047158,438.5505608375766,1750.922740441994
4370,FIDS148,e,12,IDS,79.24,89.79613786917184,470.1806313965264,1636.4583613567202
4371,FIDS148,i,12,IDS,81.44,40.00000000000625,309.5140104702336,1921.6071720183138
4372,FIDS148,i,12,IDS,81.7104830240281,61.69389858712293,301.7744003833273,2144.3512142451473
4373,FIDS148,a,12,IDS,81.97,120.00000000000455,583.8532110617895,1155.4749466021694
4374,FIDS148,i,12,IDS,91.28,142.13907074871202,383.4231463065794,2141.403651010804
4375,FIDS148,i,12,IDS,93.3178210304338,102.17896956619654,372.60081266097416,2121.6076147542676
4376,FIDS148,æ,12,IDS,94.76,81.27366960101767,576.9763102064512,1455.9725206331725
4377,FIDS148,a,12,IDS,95.01,89.9999999999892,542.9806698415096,1083.0226149642608
4378,FIDS148,a,12,IDS,96.12,89.9999999999892,551.57298053398,1026.0150291348946
4379,FIDS148,o,12,IDS,98.40812221615666,61.87778384334308,461.3283250160722,1207.7153242693007
4380,FIDS148,i,12,IDS,98.62,71.65162242939971,467.556981077853,1651.1260996525057
4381,FIDS148,u,12,IDS,102.2372041917878,112.79580821219781,364.6112970129673,1200.7767946720721
4382,FIDS148,o,12,IDS,119.1045783470475,105.42165295250072,489.51679900905697,1153.9129686160506
4383,FIDS148,u,12,IDS,119.6033800803052,106.61991969479345,289.1864737572063,555.5049648727321
4384,FIDS148,o,12,IDS,123.37,126.37632575209068,361.797707998962,764.2314265955238
4385,FIDS148,æ,12,IDS,125.83,230.00000000000398,673.1176300212421,1410.051613664619
4387,FIDS148,a,12,IDS,128.85,219.99999999999886,578.0851732524377,986.9379841075574
4388,FIDS148,e,12,IDS,130.32,90.00000000000341,412.76070678138177,1343.3379060750767
4389,FIDS148,u,12,IDS,130.67,82.7060067826153,338.9700100713236,601.9883421704576
4390,FIDS148,u,12,IDS,132.4216239678004,188.37603219961352,439.1677309889231,739.005805574507
4391,FIDS148,a,12,IDS,133.22,117.21497198038833,547.661160473546,966.552356004102
4392,FIDS148,o,12,IDS,135.9285658313215,98.4477105114081,499.8005105176796,890.5576564413692
4393,FIDS148,æ,9,IDS,5.51,105.13516335790297,593.3303191465042,1545.773890599375
4394,FIDS148,o,9,IDS,5.91455260814856,115.44739185143982,386.1811653110227,632.6948736274662
4395,FIDS148,e,9,IDS,6.98,69.9999999999994,429.4252736759338,1729.6202801077075
4396,FIDS148,o,9,IDS,7.603333291478437,74.51565368093327,431.41294524257194,890.9666295840834
4397,FIDS148,i,9,IDS,9.19,99.99999999999964,355.2755911204061,2268.948034808327
4398,FIDS148,u,9,IDS,11.03,190.00000000000128,370.218283216442,996.1911013777564
4399,FIDS148,u,9,IDS,12.42,119.99999999999922,381.6417050608011,1203.7226101207457
4400,FIDS148,u,9,IDS,12.68,330.00000000000006,336.00328527467286,598.8858193568113
4401,FIDS148,i,9,IDS,13.43,60.0000000000005,339.6948707572336,2492.7781508008525
4402,FIDS148,æ,9,IDS,16.88,70.00000000000028,589.8086792332067,1539.1847221578275
4403,FIDS148,æ,9,IDS,18.66,79.9999999999983,599.7180490511744,1330.9665274294086
4404,FIDS148,æ,9,IDS,21.46,140.00000000000057,600.298428169441,1351.1786973718047
4405,FIDS148,u,9,IDS,22.08,113.52903742170994,387.4345397685753,1316.088663518445
4406,FIDS148,e,9,IDS,26.0,119.88298378738094,497.4498647672302,1589.256579480307
4407,FIDS148,æ,9,IDS,26.19,189.99999999999773,585.5106855484053,1331.6321628636454
4408,FIDS148,u,9,IDS,27.29108425837514,146.32164722802088,274.4125194969025,672.695494149893
4409,FIDS148,æ,9,IDS,38.14,50.78721537498865,622.8555731406703,1600.6434720210414
4410,FIDS148,u,9,IDS,40.25,96.73058630114895,331.48090952435416,845.8631547602749
4411,FIDS148,u,9,IDS,41.47,189.99999999999773,376.77129275785103,756.6380914368158
4412,FIDS148,e,9,IDS,45.53,207.8574410824814,454.7234929524754,2055.464627588949
4413,FIDS148,a,9,IDS,46.76,80.0000000000054,331.1916288050056,1029.0118531124047
4414,FIDS148,e,9,IDS,49.39,70.00000000000028,556.6317023142167,1878.8951906024895
4415,FIDS148,a,9,IDS,50.92,109.99999999999943,636.0745576089071,962.6058810831014
4416,FIDS148,o,9,IDS,52.00220935832872,97.79064167128126,424.45334685599414,736.4491620701173
4417,FIDS148,o,9,IDS,54.47,61.35357211377368,451.63485418476307,902.6207885913979
4418,FIDS148,æ,9,IDS,61.97,140.00000000000057,668.2343272550534,1407.763072036984
4419,FIDS148,i,9,IDS,62.59261337024136,90.77361448404275,306.20761151654324,2238.7504126367257
4420,FIDS148,i,9,IDS,65.05,90.00000000000341,327.12294547243846,2055.831029234613
4421,FIDS148,e,9,IDS,69.99,79.9999999999983,494.02286551834834,1926.0593549179223
4422,FIDS148,a,9,IDS,70.22,109.99999999999943,600.7400587932077,926.3085896571306
4423,FIDS148,e,9,IDS,71.53,109.99999999999943,521.8533651030003,1905.6812484532643
4424,FIDS148,a,9,IDS,71.87,129.99999999999545,579.2682886388878,896.4442374397211
4425,FIDS148,i,9,IDS,74.48,79.9999999999983,347.19093395451466,2207.5242046422677
4426,FIDS148,e,9,IDS,76.26,59.99999999998806,470.74307595652755,1948.0720829312481
4427,FIDS148,e,9,IDS,77.52,79.9999999999983,465.59023083219245,1714.5975896949599
4428,FIDS148,i,9,IDS,79.2,60.000000000002274,382.2034590690387,2381.7035472561192
4429,FIDS148,i,9,IDS,79.5,69.99999999999318,328.2179901587283,2276.2054584712278
4430,FIDS148,a,9,IDS,79.78,99.99999999999432,583.6593461394311,1089.5627602099141
4431,FIDS148,i,9,IDS,91.85,150.00000000000568,360.0821201606642,1886.2756287150594
4432,FIDS148,i,9,IDS,94.15,129.99999999999545,271.54374969724455,2201.402712722359
4433,FIDS148,e,9,IDS,98.2,83.09943709299716,538.2690766172216,1745.0007887525626
4434,FIDS148,a,9,IDS,98.48,136.38763355679373,544.495664508297,2090.81629748292
4435,FIDS148,a,9,IDS,99.67,60.000000000002274,535.05957212563,939.5091160290929
4436,FIDS148,u,9,IDS,101.67,69.99999999999318,364.9213002956025,941.2747825191356
4437,FIDS148,i,9,IDS,101.86,98.49301154089574,459.51644048603515,1481.76038554457
4438,FIDS148,u,9,IDS,105.39,150.00000000000568,380.9573127980568,585.8441936329655
4439,FIDS148,u,9,IDS,117.86,109.99999999999943,322.90179649489994,1241.6676906857992
4440,FIDS148,o,9,IDS,121.96,120.00000000000455,550.9607835482971,1359.7500210396229
4441,FIDS148,e,9,IDS,123.68,226.25557902479443,527.1787917691163,1204.7849205971493
4442,FIDS148,o,9,IDS,124.2052520554299,104.74794457010717,272.58997775189704,975.1779653702214
4443,FIDS148,a,9,IDS,127.07,230.00000000000398,608.2300898635885,986.9364925198416
4444,FIDS148,e,9,IDS,128.88,80.0000000000125,527.0973850018205,1827.9710089455803
4445,FIDS148,u,9,IDS,129.2,113.19062535702074,355.83692138035764,699.595992196613
4446,FIDS148,o,9,IDS,130.82,90.00000000000341,353.9217257580767,843.881599240402
4447,FIDS148,a,9,IDS,131.48,100.00000000002274,589.6017470125053,884.5419386927308
4448,FIDS148,o,9,IDS,133.94,80.0000000000125,409.26647479453163,762.156631223968
4449,FIDS150,æ,18,IDS,4.23,164.32779583137778,655.0627935715684,1450.7282829171231
4450,FIDS150,o,18,IDS,4.92258292245621,147.41707754378996,538.8769485083656,1125.6963280619298
4451,FIDS150,e,18,IDS,5.933821938798365,169.30468399820685,373.5976268937839,1730.1661453405989
4452,FIDS150,o,18,IDS,7.012699181981083,117.30081801891679,504.2454313466216,1059.8986871534667
4453,FIDS150,i,18,IDS,7.864953075974808,141.08723666517253,316.1562760549133,2163.9561928731246
4454,FIDS150,u,18,IDS,9.8,339.9999999999999,356.3789449376927,693.8362923912448
4455,FIDS150,u,18,IDS,10.94580261093675,164.19738906324886,365.2472458376789,1126.0865686495438
4456,FIDS150,u,18,IDS,11.34748627297171,340.2692178395306,386.01830232640674,911.4166141141004
4457,FIDS150,i,18,IDS,12.59663057485429,89.63189152846063,385.3764258424535,1915.000099696734
4458,FIDS150,æ,18,IDS,15.62800649932766,214.12062976244073,594.2001554954572,1546.7645366305787
4459,FIDS150,æ,18,IDS,17.44598414388169,114.01585611830711,993.3037019096718,1522.346206551188
4460,FIDS150,æ,18,IDS,19.07876652846261,79.67279246975068,637.362711699044,1526.9272437695486
4461,FIDS150,u,18,IDS,19.58835429740031,162.66528462572794,344.08554966878864,789.2567906574535
4462,FIDS150,e,18,IDS,23.24853780948627,139.42738682206013,592.4135725151604,1726.6285921130527
4463,FIDS150,æ,18,IDS,23.47,261.55411383410154,709.2504124310537,1344.653045579693
4464,FIDS150,u,18,IDS,24.25150395002251,127.80843792020846,275.8376214917786,711.994662659898
4465,FIDS150,æ,18,IDS,31.08318191899203,199.18198117436248,749.2541414754771,1391.0306278990745
4466,FIDS150,u,18,IDS,32.44,104.31425874998013,337.2715038381454,975.9674783422423
4467,FIDS150,u,18,IDS,33.53356487506547,256.43512493452647,260.08510097086986,667.7628470261408
4468,FIDS150,e,18,IDS,35.99,149.99999999999858,506.93545117453897,1804.6892068047914
4469,FIDS150,a,18,IDS,36.98,120.00000000000455,559.8381157087954,1029.9590065405928
4470,FIDS150,e,18,IDS,38.59,149.99999999999858,554.8458247964824,1428.9044793344362
4471,FIDS150,a,18,IDS,39.64,149.99999999999858,621.3168988927846,1331.4582970244162
4473,FIDS150,o,18,IDS,42.33000229102224,159.34558493948714,493.03944973446755,950.1521783055398
4474,FIDS150,æ,18,IDS,52.84294837185622,217.05162814378554,755.3679667542456,1494.517784026623
4475,FIDS150,i,18,IDS,53.65961268558797,140.387314412024,260.8703137648144,2216.845890204328
4476,FIDS150,i,18,IDS,56.5270002853505,122.99971464949522,302.5909530618836,2340.758713710761
4477,FIDS150,e,18,IDS,58.24,79.9999999999983,535.199245003045,1861.6397057177758
4478,FIDS150,a,18,IDS,58.52,109.99999999999943,696.2159051329752,1125.2035515732937
4479,FIDS150,e,18,IDS,61.55799040280611,73.95157627627924,523.3685354737781,1819.6314965217794
4480,FIDS150,a,18,IDS,61.80668653126763,93.31346873236868,660.0538475415316,1167.4144408974148
4481,FIDS150,e,18,IDS,62.38459106493519,65.40893506481638,536.7869024768661,1726.7198108557523
4482,FIDS150,a,18,IDS,62.74,159.9999999999966,760.1277312645295,1179.2039322028436
4483,FIDS150,a,18,IDS,64.0734057444167,176.59425558329644,722.9979446554166,1204.580681598644
4484,FIDS150,æ,18,IDS,65.86838461166803,137.79109820166013,754.2231245595357,1457.8099651413274
4485,FIDS150,i,18,IDS,66.43958760859672,150.4123914032789,268.4427371410952,1520.01090805542
4486,FIDS150,e,18,IDS,69.13891080563964,141.15185669437835,520.5326248705411,1721.7727207417734
4487,FIDS150,e,18,IDS,70.37706354685669,112.93645314330547,466.82808201600034,1919.3742835272883
4488,FIDS150,i,18,IDS,71.33589682546979,55.45251512992877,338.28707123701696,2033.8696842156564
4489,FIDS150,i,18,IDS,71.77111505027744,95.78161704260424,290.1396688579448,2233.884436817078
4490,FIDS150,a,18,IDS,72.20281170007516,107.18829992484302,680.521539564672,1055.3281174211738
4491,FIDS150,i,18,IDS,78.71088528746192,99.11471253808202,287.4979400394285,2107.147332889644
4492,FIDS150,i,18,IDS,80.54933827350348,150.39394254937122,284.09806451478016,2145.684907246025
4493,FIDS150,æ,18,IDS,81.81114157986252,118.85842013748515,829.5484346525312,1488.8338827830694
4494,FIDS150,a,18,IDS,82.1330769208191,96.92307918091103,764.5768678561601,1264.8084348974653
4495,FIDS150,a,18,IDS,83.40258462432111,99.71135764084238,643.4492056304507,1053.4118647125815
4496,FIDS150,o,18,IDS,85.31508216847848,120.98730573802641,518.237605215436,1142.6114551698806
4497,FIDS150,i,18,IDS,85.70886243963773,69.73573872400607,469.1158904069532,1426.3337244382571
4498,FIDS150,u,18,IDS,89.09747141805178,149.55375292619522,305.3680365903188,848.61270131958
4499,FIDS150,e,18,IDS,91.387715915906,112.58540950619533,365.9923139779741,1963.968314402336
4500,FIDS150,o,18,IDS,103.3800590512281,115.94616799889934,454.3171184761947,881.7842019847517
4501,FIDS150,u,18,IDS,103.89,120.00000000000455,300.99851107373314,741.9715549436967
4502,FIDS150,o,18,IDS,107.14,174.3899221859948,556.3758551948156,904.492204366765
4503,FIDS150,æ,18,IDS,108.8072770328001,235.25309449060217,724.2164861559055,1513.663187920724
4504,FIDS150,o,18,IDS,109.5880811884502,215.08854353429285,537.7080608200422,1062.1308383765136
4505,FIDS150,a,18,IDS,111.8733194182483,176.68058175169676,646.2864192114974,1125.8116025910583
4506,FIDS150,e,18,IDS,113.5428769056135,127.12309438650493,549.5118338044541,1882.7407802061362
4507,FIDS150,u,18,IDS,114.01,89.9999999999892,308.54171469849723,765.091188288668
4508,FIDS150,o,18,IDS,115.18,149.99999999999147,539.7731270354973,995.9103555026551
4509,FIDS150,a,18,IDS,116.0750960149438,151.2341321725046,719.1617862043481,1104.31156157432
4510,FIDS150,e,18,IDS,117.06,99.99999999999432,612.6948808250229,1830.5132305082018
4511,FIDS150,o,18,IDS,118.359887997668,186.5220963462093,461.19358980392906,916.2208415590426
4512,FIDS150,æ,9,IDS,4.47,192.19943619353063,904.9451217084063,1429.1865950852668
4513,FIDS150,o,9,IDS,5.23101880122814,148.98119877186033,395.25156181924547,964.1690914841968
4514,FIDS150,e,9,IDS,6.365621680517208,124.37831948279232,423.8677158867999,1750.6855113032075
4515,FIDS150,i,9,IDS,8.606887475253284,183.1125247467149,284.492744915913,2029.6805780270872
4517,FIDS150,u,9,IDS,12.99,209.9999999999991,312.67334871260175,757.1694086837251
4518,FIDS150,u,9,IDS,13.43,160.00000000000014,358.77028687546016,848.6373017056615
4519,FIDS150,i,9,IDS,14.00265571664838,127.34428335162029,339.1965283044792,2149.468373053861
4520,FIDS150,æ,9,IDS,17.45,179.99999999999972,756.3421397477126,1482.9762328370455
4521,FIDS150,æ,9,IDS,19.84,151.4128974754314,816.8960266655574,1394.9712922727924
4522,FIDS150,æ,9,IDS,21.54,102.91896922914034,624.3502436983799,1497.0802663251188
4523,FIDS150,u,9,IDS,22.51352242436156,191.42399963682877,339.8342177707687,570.7775391141736
4524,FIDS150,e,9,IDS,25.59189894053719,138.1010594628087,576.9215603447714,1539.3810372985556
4525,FIDS150,æ,9,IDS,25.82282313057527,187.17686942473222,853.9852983210399,1494.3319708670929
4526,FIDS150,u,9,IDS,26.72,170.0000000000017,239.55943246601348,734.9794712250704
4527,FIDS150,æ,9,IDS,36.15,160.0000000000037,767.9810064328851,1401.7951347716482
4528,FIDS150,u,9,IDS,37.5,149.99999999999858,226.11770295608906,644.2091184464825
4529,FIDS150,u,9,IDS,39.22718084989818,197.35674962605998,327.2666576108048,746.3554262304922
4530,FIDS150,e,9,IDS,45.12,152.52165658174022,557.161595266235,1762.5969300667573
4531,FIDS150,a,9,IDS,46.56,140.00000000000057,711.8425260121357,1115.547382062376
4532,FIDS150,e,9,IDS,47.98,120.00000000000455,630.3390527776279,1419.6113245204306
4533,FIDS150,a,9,IDS,49.21,149.99999999999858,622.5056108322665,1031.7505401818667
4534,FIDS150,o,9,IDS,50.31,189.99999999999773,413.9811589748977,801.277688018353
4535,FIDS150,æ,9,IDS,56.51032022497461,126.7692990298741,741.8968764975082,1864.7972161727023
4536,FIDS150,i,9,IDS,56.99367065783207,136.32934216793302,316.85533073530337,2243.581248207926
4537,FIDS150,e,9,IDS,65.32,99.11609323640391,540.0019777672927,1754.0246295091392
4538,FIDS150,a,9,IDS,65.63293897174466,137.0610282553315,734.371127380256,1022.600059485143
4539,FIDS150,æ,9,IDS,66.86,99.5033461381638,588.3930846010933,1820.2131427475115
4540,FIDS150,a,9,IDS,67.23,200.00000000000284,840.0473857548502,1256.2925553513487
4541,FIDS150,a,9,IDS,68.68,169.9999999999875,834.4503701288959,1160.2237086807381
4542,FIDS150,æ,9,IDS,70.89,140.00000000000057,864.2433935130689,1517.3366417738232
4543,FIDS150,i,9,IDS,71.28664802681806,63.35197318193764,415.8390238403028,2213.1189681514043
4544,FIDS150,æ,9,IDS,73.41,189.99999999999773,451.2497429872511,1973.3215516204382
4545,FIDS150,æ,9,IDS,74.74,170.0000000000017,532.1235977898839,1826.6164882789894
4546,FIDS150,i,9,IDS,76.39,60.000000000002274,316.00240547588226,1704.250522002863
4547,FIDS150,i,9,IDS,76.77,120.00000000000455,268.7926763602799,2236.9552586802984
4548,FIDS150,a,9,IDS,77.19,109.99999999999943,722.0528719859623,1134.0400527863012
4549,FIDS150,i,9,IDS,89.06,120.00000000000455,304.14945892168805,2685.995364776547
4550,FIDS150,i,9,IDS,90.93,179.9999999999926,293.0357833231923,1735.889063053728
4551,FIDS150,æ,9,IDS,92.67,129.99999999999545,731.7940350214978,1498.4719332865086
4552,FIDS150,a,9,IDS,93.03,109.99999999999943,652.2017063559944,1683.227905357591
4553,FIDS150,a,9,IDS,94.66,109.99999999999943,605.280156209969,1079.9650697474626
4554,FIDS150,o,9,IDS,97.39,120.00000000000455,435.4206042590514,972.5288812655997
4555,FIDS150,u,9,IDS,101.514395887252,96.51753448871148,352.06294382804197,587.9251025420356
4556,FIDS150,o,9,IDS,111.9930101792438,146.98982075620393,426.65557524582823,905.9129328236033
4557,FIDS150,u,9,IDS,112.52,103.2932329397056,344.97343593333915,984.5004201206374
4558,FIDS150,o,9,IDS,116.14,109.99999999999943,500.95928211267574,774.4960168560814
4559,FIDS150,æ,9,IDS,117.7920151889489,257.98481105110227,765.4639615000051,1540.959560873063
4560,FIDS150,o,9,IDS,118.51,217.1529601601918,447.0787499042226,982.3928055202672
4561,FIDS150,a,9,IDS,121.84,239.99999999999488,674.3255710910075,1125.6290757067732
4562,FIDS150,e,9,IDS,123.19,120.00000000000455,521.4825704913382,2020.0782777719103
4563,FIDS150,u,9,IDS,123.65,109.99999999999943,332.01300330347965,699.4461741430384
4564,FIDS150,o,9,IDS,125.4872972219245,182.70277807549462,477.7458673076598,926.3021153703748
4565,FIDS150,a,9,IDS,126.26,149.99999999999147,648.5671310107543,1105.4348832808596
4567,FIDS150,o,9,IDS,128.6162256601487,213.77433985131233,545.8728165220689,985.0494992016144
4568,FIDS151,æ,12,IDS,4.060948780551668,90.17684117266,893.8402896776361,1493.3470283921736
4569,FIDS151,o,12,IDS,4.48258644333194,107.4135566680603,403.8047236326647,894.1698051041775
4570,FIDS151,e,12,IDS,5.787297293011505,93.83265905803562,465.5976510724662,1805.803003589072
4571,FIDS151,o,12,IDS,6.402511467524836,97.48853247516377,380.09902695985966,874.9315295402273
4572,FIDS151,i,12,IDS,8.11,130.0000000000008,293.17660334948783,2090.03377585226
4573,FIDS151,u,12,IDS,9.86,169.99999999999994,430.52404164495266,1099.8731715290096
4574,FIDS151,u,12,IDS,11.21,59.99999999999872,397.1057694036305,963.0440488968635
4575,FIDS151,u,12,IDS,11.45326593804039,186.7340619596103,352.85502379490794,1156.1771306179098
4576,FIDS151,i,12,IDS,12.13,80.00000000000007,325.121094727486,1954.2796093499271
4577,FIDS151,æ,12,IDS,16.72,100.144621791042,599.1094417527486,1258.7637300223155
4578,FIDS151,æ,12,IDS,19.74,93.32702196703124,502.640246892837,1203.4328736895493
4579,FIDS151,u,12,IDS,20.19832484684935,138.92107964436917,338.72222724922983,797.0311179115442
4580,FIDS151,e,12,IDS,28.29,120.000000000001,418.08084491932516,1618.0531389646285
4581,FIDS151,æ,12,IDS,28.48133803637556,108.66196362443858,297.7277057898045,1355.1964680890808
4582,FIDS151,u,12,IDS,29.07946549591556,90.53450408444164,314.30492805731984,897.520491734949
4583,FIDS151,æ,12,IDS,36.64,100.93896627663668,591.5796106059786,1368.1874910445122
4584,FIDS151,u,12,IDS,37.96,79.9999999999983,335.2508938506307,786.7330977883693
4585,FIDS151,u,12,IDS,38.8,170.0000000000017,394.97333213711806,1540.9054869116346
4586,FIDS151,e,12,IDS,41.94961916626563,90.38083373437189,534.6391607039315,1427.9960143148026
4587,FIDS151,a,12,IDS,43.26,80.0000000000054,373.5051772380641,1005.1806496808617
4588,FIDS151,e,12,IDS,44.84866695706783,82.86520540191589,422.7922899261972,1573.1288191823046
4589,FIDS151,a,12,IDS,46.39213365716272,127.8663428372866,487.6947603253573,967.2292100008635
4590,FIDS151,o,12,IDS,47.36,79.9999999999983,392.5320992134096,970.7404822130881
4591,FIDS151,o,12,IDS,49.95,70.00000000000028,510.13101685544405,1034.0616206428415
4592,FIDS151,æ,12,IDS,55.78755225361354,108.45593059954695,522.4997235543103,1127.2048131263323
4593,FIDS151,i,12,IDS,56.19085836395045,91.39544713445247,320.5908209213753,1954.045973438957
4594,FIDS151,i,12,IDS,58.49502016206326,94.97983793674081,328.2258421683136,1949.153740233882
4595,FIDS151,e,12,IDS,63.65,100.00000000000142,345.30763714026,1810.563088398293
4596,FIDS151,a,12,IDS,63.9097356876912,129.17223195002947,576.3873511873522,1053.75222399017
4597,FIDS151,e,12,IDS,64.9486610645244,91.3389354756049,349.4095377081397,1788.4153234345586
4598,FIDS151,a,12,IDS,65.29,109.99999999999943,429.12310468048145,956.789914791233
4599,FIDS151,a,12,IDS,66.74800878508755,101.99121491244512,334.835722080264,1046.6302392793807
4600,FIDS151,æ,12,IDS,70.29376044564641,106.23955435359278,607.8577054410815,1176.6338016426917
4601,FIDS151,i,12,IDS,70.65081199245168,81.64659944010566,384.44921825198924,1712.8861496837194
4602,FIDS151,e,12,IDS,72.66,79.9999999999983,510.3905896137053,1495.0501366655726
4603,FIDS151,e,12,IDS,73.75990059122526,88.95823521086754,509.91368160369996,1395.9062822460783
4604,FIDS151,i,12,IDS,75.3506079459708,52.400056357086555,320.53957802986815,1927.6227222275913
4605,FIDS151,a,12,IDS,75.6333245291067,108.45593059954695,551.9561812178692,1042.0976589876311
4606,FIDS151,i,12,IDS,84.96057810185616,109.42189814383596,306.80232201684333,2028.3537127355073
4607,FIDS151,i,12,IDS,86.90199745081824,108.00254918176222,329.8711116339198,2247.2884105221706
4608,FIDS151,æ,12,IDS,88.75,90.00000000000341,788.1350403922298,1331.2748838068226
4609,FIDS151,a,12,IDS,89.04,89.9999999999892,536.6925096368265,920.6740408810491
4610,FIDS151,o,12,IDS,92.02271773028664,62.14890405144047,453.7855983694061,908.617973148878
4611,FIDS151,i,12,IDS,92.26,49.090131307920615,381.55182796153673,1574.8080816692004
4612,FIDS151,u,12,IDS,95.37,119.99999999999034,358.1315771261832,742.754174571205
4613,FIDS151,o,12,IDS,108.4544387071905,124.29780810289515,453.00921408140755,1028.7109234499844
4614,FIDS151,u,12,IDS,108.9257017735285,114.29822647150445,408.47817554577557,580.0227083329717
4615,FIDS151,o,12,IDS,113.1130485807884,96.95141921159234,475.9749487797832,853.7319756960535
4616,FIDS151,æ,12,IDS,114.9038922911272,136.10770887279955,768.4325339807999,1359.687852421277
4617,FIDS151,o,12,IDS,115.5789475309439,82.86520540188747,556.8268862718287,1398.4454525782376
4618,FIDS151,a,12,IDS,117.85,141.22781878060664,597.220676214563,1059.1251752740664
4619,FIDS151,e,12,IDS,119.49,100.00000000000853,457.3817287153722,1609.6491103482388
4620,FIDS151,u,12,IDS,119.8410961159245,116.98617233210484,470.6946514928088,2023.3418201353777
4621,FIDS151,o,12,IDS,122.2395958422261,80.40415777389853,488.22335347853607,1023.1810251944567
4622,FIDS151,a,12,IDS,122.9,109.99999999999943,510.1350789653308,952.5367627614078
4623,FIDS151,e,12,IDS,123.85,100.00000000000853,766.0506072157353,1627.7247170394553
4624,FIDS151,o,12,IDS,125.3883284820203,137.70247368259447,474.4299885756552,806.0150196207048
4625,FIDS151,æ,15,IDS,3.6,77.90363801300782,455.6417108660367,1471.053865423095
4626,FIDS151,o,15,IDS,3.936190411740088,121.50510386163748,472.61377136175497,969.6006686788912
4627,FIDS151,e,15,IDS,4.992645479724916,63.05961086490086,370.058702216661,1789.9810846289536
4628,FIDS151,o,15,IDS,5.818725954942153,121.50510386163837,398.8784779476585,846.4939745420598
4629,FIDS151,i,15,IDS,7.92,119.99999999999922,298.33819243485925,2148.7573700257894
4630,FIDS151,u,15,IDS,10.57,209.9999999999991,409.1533967544785,1433.267876037313
4631,FIDS151,u,15,IDS,11.95,80.00000000000007,334.0116489935175,868.1183573580153
4632,FIDS151,u,15,IDS,12.15,183.1142324967292,331.8136157819223,740.0561059222566
4633,FIDS151,i,15,IDS,12.80851183974836,71.48816025163995,222.72565118016792,1967.093953373796
4634,FIDS151,æ,15,IDS,16.8,149.99999999999858,479.00610120269897,1420.9683938179226
4635,FIDS151,æ,15,IDS,18.96,108.38175339135958,623.2926124338377,1301.496031449118
4636,FIDS151,æ,15,IDS,26.52,142.87428263306978,410.79771534322214,1388.5984760886247
4637,FIDS151,u,15,IDS,27.18111942622224,178.8805737777608,257.38502807240786,751.4561067231912
4638,FIDS151,æ,15,IDS,31.08,111.33717397089171,496.00822450990756,1245.5885836390523
4639,FIDS151,u,15,IDS,31.61573219095186,96.89647523143918,397.58012726057547,2110.3703529479185
4640,FIDS151,e,15,IDS,37.66,78.85016468504347,713.5174069249267,1759.6087291809195
4641,FIDS151,æ,15,IDS,37.8,101.8823293601514,438.6085514094567,1493.4573651481603
4642,FIDS151,u,15,IDS,38.89,103.01005977901667,256.4250668930434,797.9158435679303
4643,FIDS151,æ,15,IDS,49.5,122.67752423240808,596.426032981151,1387.760136418609
4644,FIDS151,u,15,IDS,51.11,130.00000000000256,434.73118685517557,1065.0101214523245
4645,FIDS151,e,15,IDS,57.55,109.08191697037495,489.7694758999401,1740.9432282305484
4646,FIDS151,a,15,IDS,59.52,160.52567367405857,492.04559492609667,1012.3037696061931
4647,FIDS151,e,15,IDS,62.24,140.00000000000057,438.8799635330337,1824.0870527830862
4648,FIDS151,a,15,IDS,74.18,129.99999999999545,591.8293879831433,1095.8008278409627
4649,FIDS151,o,15,IDS,75.3,130.00000000000966,449.0316651860617,877.860911097348
4650,FIDS151,o,15,IDS,77.58,120.00000000000455,409.3332940833727,1126.3080580475205
4651,FIDS151,æ,15,IDS,85.80563877575108,118.42902528286459,632.6478142457925,1401.3122985773225
4652,FIDS151,i,15,IDS,86.35355170335448,146.4482966455165,295.4805556858671,2307.3693705641235
4653,FIDS151,i,15,IDS,88.95,204.80119974804722,253.7862181520294,1903.309479942165
4654,FIDS151,e,15,IDS,96.33096686224678,146.11373249184112,607.3307766918059,1361.3861843683935
4655,FIDS151,a,15,IDS,96.72092660052952,158.4180468069576,596.1544237525796,1450.9932312121655
4656,FIDS151,e,15,IDS,99.3582043072904,131.7956927095878,317.1034329510677,2015.4178166868244
4657,FIDS151,a,15,IDS,99.86,170.0000000000017,550.7725707893136,981.3439159042678
4658,FIDS151,a,15,IDS,102.2790796576306,203.0211861991944,457.5876095407841,792.6268149126767
4659,FIDS151,æ,15,IDS,121.09507329707,124.5811824403944,544.8706396106796,1294.021408503079
4660,FIDS151,i,15,IDS,121.5276431879545,103.04863238890505,285.40826710425426,2048.8672983899387
4661,FIDS151,e,15,IDS,123.5509761045585,95.35843594210291,473.537886080663,1721.2930336516245
4662,FIDS151,e,15,IDS,124.69,104.47355151700322,403.23434406298026,1728.8958228538982
4663,FIDS151,i,15,IDS,126.4759908052956,74.00919470440215,286.13431712085674,2024.4963817212142
4664,FIDS151,i,15,IDS,126.92,90.00000000000341,258.08005900890885,1973.7564828012296
4665,FIDS151,a,15,IDS,127.3636126720588,116.89098599349279,413.3784523146629,951.428615463251
4666,FIDS151,i,15,IDS,140.5917359204574,166.10824325388762,321.61988651006254,2274.850911165162
4667,FIDS151,i,15,IDS,143.3266123436718,113.38765632820014,340.3736146253322,2142.8677727574313
4668,FIDS151,æ,15,IDS,147.09,99.99999999999432,533.8224349777195,1712.3055031758872
4669,FIDS151,a,15,IDS,147.46,90.00000000000341,390.59783101785695,866.9456292366193
4670,FIDS151,a,15,IDS,148.98,120.00000000000455,432.96048998643204,817.6317272016364
4671,FIDS151,o,15,IDS,151.52,79.99999999998408,584.399600070527,970.7096584139276
4672,FIDS151,i,15,IDS,151.82,50.37195811320316,409.0984702605752,1547.7024261262313
4673,FIDS151,u,15,IDS,155.8055769012931,92.28235736330248,361.0049405101408,1004.3458352267696
4674,FIDS151,o,15,IDS,174.2246129372398,125.38706276018274,498.2497573110736,655.6377691566789
4675,FIDS151,u,15,IDS,174.94,189.99999999999773,377.882436410718,2216.1090916239614
4676,FIDS151,o,15,IDS,182.09,139.99999999998636,460.86986243926117,794.8448840926783
4677,FIDS151,æ,15,IDS,192.4747020350898,145.2979649102133,380.09022687248785,1484.2255712125657
4678,FIDS151,o,15,IDS,193.11,109.99999999998522,524.1515196528583,990.5112344850404
4679,FIDS151,a,15,IDS,196.8,109.31479981979919,293.153399924198,1416.8165401020015
4680,FIDS151,e,15,IDS,198.2886642016712,111.33579832880969,436.7389873376879,1889.1446631383121
4682,FIDS151,o,15,IDS,202.14,160.000000000025,469.20624508406803,762.7411605877586
4683,FIDS151,a,15,IDS,203.02,129.99999999999545,670.691489298988,1050.5443058990622
4684,FIDS151,o,15,IDS,205.7945389564755,130.73333959800948,442.5405814250432,706.8471694919149
4685,FIDS151,æ,9,IDS,3.81,89.99999999999986,776.7000384397609,1391.7374434450874
4686,FIDS151,o,9,IDS,4.24821830669323,121.78169330676968,476.85964990627554,944.0980726223859
4687,FIDS151,e,9,IDS,5.309596144922259,95.27255280402701,561.8822951101321,1592.4246306620166
4689,FIDS151,i,9,IDS,7.514480184186185,122.21832531425659,349.4031266004527,2165.2495221910176
4691,FIDS151,u,9,IDS,10.76,99.99999999999964,317.97147783566965,875.1986703275617
4693,FIDS151,i,9,IDS,11.7,74.16819729248125,363.44562338887795,2173.2653691354744
4694,FIDS151,æ,9,IDS,14.81,129.999999999999,760.6857902556907,1395.2152286198918
4695,FIDS151,æ,9,IDS,18.54,140.00000000000057,600.9142600558661,1440.3090580461715
4697,FIDS151,e,9,IDS,28.18631453625986,68.32678029379835,573.0715257063595,1426.5191789769256
4698,FIDS151,æ,9,IDS,28.29,120.000000000001,786.7069443588668,1357.1122101551216
4699,FIDS151,u,9,IDS,28.72452621252934,73.13852538490906,531.7722739808711,975.0008389662006
4700,FIDS151,u,9,IDS,38.51807717670571,130.87946647826243,431.1909239126977,1548.9666213257565
4702,FIDS151,e,9,IDS,46.75,98.7860478976188,643.2570654529942,1540.3500031811013
4703,FIDS151,a,9,IDS,48.08,90.00000000000341,560.8089628352518,867.6344475598396
4704,FIDS151,e,9,IDS,49.67128706128271,110.67013709558893,510.0685404379743,1851.5486624247744
4705,FIDS151,a,9,IDS,51.48423684107506,141.4653056787074,611.1444827071097,1144.4353141688398
4707,FIDS151,o,9,IDS,54.64,149.99999999999858,343.8114749939805,735.0107340911765
4708,FIDS151,æ,9,IDS,61.79461634151384,92.38550574936255,728.6726884730299,1258.2360246017963
4709,FIDS151,i,9,IDS,62.32165527327088,118.34472672912,294.2158826194158,2277.223444023438
4710,FIDS151,i,9,IDS,65.34923085449188,110.76914550811523,284.8318902508741,2305.7626485787573
4711,FIDS151,a,9,IDS,69.34,222.35067101718187,734.7958415938067,1136.3471282987732
4712,FIDS151,a,9,IDS,85.85419274573457,247.13385363867246,599.2703203509477,921.4896146718004
4713,FIDS151,æ,9,IDS,88.62173245018573,100.0789985809547,755.2092768488895,1312.4104903976001
4714,FIDS151,i,9,IDS,88.99958173054237,70.41826945761898,330.84722628238063,1670.973782663324
4715,FIDS151,e,9,IDS,90.72,109.99999999999943,498.14049150229107,1630.4731259086361
4716,FIDS151,e,9,IDS,92.47,79.9999999999983,478.1725420040644,1580.9948088792999
4717,FIDS151,i,9,IDS,93.99,60.000000000002274,350.75106943185693,2045.7025015736522
4718,FIDS151,i,9,IDS,94.3,60.000000000002274,294.04729030081387,1936.18976282621
4719,FIDS151,a,9,IDS,94.61,99.99999999999432,653.0999416642848,1077.07969391388
4720,FIDS151,i,9,IDS,102.24,166.17901589260953,375.57988800407304,2289.578777680358
4721,FIDS151,i,9,IDS,109.4310352788562,128.9647211438023,315.0235312405224,2252.657864751998
4722,FIDS151,æ,9,IDS,111.65,159.9999999999966,847.6134349839733,1260.7563447131954
4723,FIDS151,a,9,IDS,112.02,141.46288502099935,518.9047971338583,955.2602987011763
4724,FIDS151,a,9,IDS,113.82,100.00000000000853,609.1109044519519,934.3719477138552
4725,FIDS151,o,9,IDS,116.2807909294709,99.20907052909911,620.0548189474149,1055.253157071672
4726,FIDS151,i,9,IDS,116.5749006395863,61.27285627410117,404.67150472621404,1553.2168604357319
4727,FIDS151,u,9,IDS,120.22,129.99999999999545,313.11449690197844,895.2742573644645
4728,FIDS151,o,9,IDS,133.14,150.00000000000568,442.96093427323444,838.6001090550153
4729,FIDS151,u,9,IDS,133.65,129.99999999999545,346.67376541480047,652.9301441853074
4730,FIDS151,o,9,IDS,138.88,210.00000000000796,511.0340712725552,903.4070420939572
4731,FIDS151,æ,9,IDS,143.7061658206086,103.83417939141282,848.9371852674534,1400.9052385935838
4732,FIDS151,o,9,IDS,144.24,99.99999999999432,621.4219169060204,1025.8559122004785
4734,FIDS151,e,9,IDS,150.4812981344963,118.46085546309837,512.5407828932083,1682.7489493396174
4735,FIDS151,o,9,IDS,152.5911761359769,118.8238640231134,484.88381807916767,843.727276548566
4736,FIDS151,a,9,IDS,153.4,109.99999999998522,604.367516013506,999.7079965906886
4737,FIDS151,o,9,IDS,156.3017199799302,138.88514088779402,475.49216849291315,795.9976064001908
4738,FIDS152,æ,12,IDS,1.409233214518864,80.76678548113603,641.7327262781879,1520.770805382414
4739,FIDS152,o,12,IDS,1.831828284265119,108.17171573488093,405.23679439629785,958.5812603751257
4740,FIDS152,o,12,IDS,3.123471532885297,122.25071660516606,480.48321632424256,910.0718588272725
4741,FIDS152,o,12,IDS,3.9,116.15485365781497,234.63665851992292,613.3473450264776
4742,FIDS152,i,12,IDS,5.46,160.00000000000014,738.7489903559888,2279.3851601602373
4743,FIDS152,u,12,IDS,8.25,138.9979494172593,297.03002871202995,1380.721086429554
4744,FIDS152,u,12,IDS,9.5,119.99999999999922,294.6131300938792,851.202679812863
4745,FIDS152,u,12,IDS,9.75,199.86908750401432,288.2392333519556,682.1260738788753
4746,FIDS152,i,12,IDS,10.61,110.00000000000121,306.05130423776995,2059.775973330178
4747,FIDS152,æ,12,IDS,15.14,119.99999999999922,681.9095400771522,1416.6063558733588
4748,FIDS152,æ,12,IDS,17.52,117.96120265091048,669.2340535753656,1519.787800972142
4749,FIDS152,æ,12,IDS,19.39,109.99999999999943,631.4427725260684,1590.5541684218601
4750,FIDS152,u,12,IDS,19.84959972311505,130.40027688495215,274.9261001170947,528.4181802800694
4751,FIDS152,o,12,IDS,22.99,87.27868296318064,444.1806659845175,1341.9588865571204
4752,FIDS152,æ,12,IDS,23.17,149.99999999999858,664.4452079496673,1314.134931564641
4753,FIDS152,u,12,IDS,24.24504933109037,167.52875979225834,362.54798157745563,505.78161680446743
4754,FIDS152,æ,12,IDS,31.4,115.01149613471284,678.3719146373477,1215.7087647375147
4755,FIDS152,u,12,IDS,33.88,120.93394583394712,455.4872527520053,844.5979377591852
4756,FIDS152,u,12,IDS,35.32353344532078,176.466554679223,302.1687331129271,581.821584974602
4757,FIDS152,a,12,IDS,40.06,140.00000000000057,668.1098552038563,1180.5783079526998
4758,FIDS152,a,12,IDS,41.52,117.9686863094247,662.8730328496451,1129.2358432515593
4759,FIDS152,a,12,IDS,44.09,119.99999999999744,656.6955849576672,1168.3158992953108
4760,FIDS152,a,12,IDS,47.25,140.00000000000057,618.974825900458,1054.7728632948163
4761,FIDS152,o,12,IDS,48.23,120.00000000000455,343.1060449817677,860.4349441588199
4762,FIDS152,o,12,IDS,50.11484494211015,73.95413720559674,446.4947200425906,978.9460907624809
4763,FIDS152,æ,12,IDS,57.84506886080144,154.93113919855972,625.9525812861907,1557.7617158787111
4764,FIDS152,i,12,IDS,58.59297505915679,264.12191859139966,315.54209948172127,2348.781157530574
4765,FIDS152,i,12,IDS,63.44298719569863,104.13949933032995,354.99713618571263,2080.2081185948437
4766,FIDS152,æ,12,IDS,68.93512905972904,137.34339766752157,622.9318535192178,1503.9064739357589
4767,FIDS152,a,12,IDS,69.20533564777168,126.77852092387809,535.254031813634,1074.6685712750482
4768,FIDS152,æ,12,IDS,71.65177680749699,95.08389069290502,650.056320719863,1547.6551695115616
4769,FIDS152,a,12,IDS,71.98381579086904,116.18420913094951,768.9798849456913,1162.1084713164537
4770,FIDS152,a,12,IDS,73.12,149.99999999999147,433.9124134717401,1131.1195643050921
4771,FIDS152,æ,12,IDS,78.26,79.9999999999983,551.1025835783599,1473.065006293082
4772,FIDS152,i,12,IDS,78.75066110700638,86.02828205548008,384.81965480305666,1791.4774953028452
4773,FIDS152,æ,12,IDS,80.84,170.0000000000017,619.9974876384078,1304.5043695538775
4774,FIDS152,æ,12,IDS,82.65495772922334,145.04227077665632,503.39320084357627,1655.7292225942342
4775,FIDS152,a,12,IDS,85.27,140.00000000000057,649.7962597871398,1093.7671025698319
4776,FIDS152,i,12,IDS,94.2070942878711,142.90571212889347,270.971039455827,2312.9517458959417
4777,FIDS152,i,12,IDS,96.41,120.00000000000455,342.3735183382441,2068.72863562583
4778,FIDS152,e,12,IDS,99.809154982716,90.55608637420676,473.6861006642023,1701.3835913102548
4779,FIDS152,a,12,IDS,100.1,80.0000000000125,683.9104847374218,1226.4064322465645
4780,FIDS152,a,12,IDS,101.2,60.000000000002274,668.5595433512857,1192.9255451458246
4781,FIDS152,o,12,IDS,103.38,109.99999999999943,546.5742961162986,931.7079480135819
4782,FIDS152,u,12,IDS,107.1198348772509,131.3063252425053,301.5800676088077,642.106659712206
4783,FIDS152,o,12,IDS,124.8018314629453,168.16853705469725,409.8703809738425,767.9543035939404
4784,FIDS152,u,12,IDS,126.33,154.84968136570387,388.992793001504,744.508094812319
4785,FIDS152,o,12,IDS,131.3719960343611,148.9890176503934,431.8056578074384,640.5598911426687
4786,FIDS152,e,12,IDS,136.02,113.69036508099839,432.38850990144135,1981.5241743143088
4787,FIDS152,o,12,IDS,136.49,90.00000000000341,380.69362580233917,1262.0417672102387
4788,FIDS152,a,12,IDS,139.8850965897524,134.70239951948315,494.61477734132563,1172.8965044813076
4789,FIDS152,e,12,IDS,141.8350656782413,104.93432175869088,627.8126730928174,1536.4624113220536
4790,FIDS152,u,12,IDS,142.17,130.00000000002387,353.28211694657125,903.6898428919528
4791,FIDS152,o,12,IDS,143.6628386683029,117.16133169710474,569.8704993322543,1051.4607122910477
4792,FIDS152,a,12,IDS,144.32,106.15226557999335,629.0409444990873,1119.6733608193958
4793,FIDS152,e,12,IDS,145.12,129.99999999999545,682.6528118972312,1501.4415741608532
4794,FIDS152,o,12,IDS,146.1516173548697,126.53861773040376,356.7629812773077,904.8221651757658
4795,FIDS152,æ,15,IDS,2.98,126.30742414953788,758.6891291335428,1435.699001179043
4796,FIDS152,o,15,IDS,3.61,139.1851868852152,292.27926798738287,902.4555632191775
4797,FIDS152,o,15,IDS,4.74,89.99999999999986,332.58564824572846,1033.71442270707
4798,FIDS152,o,15,IDS,5.518361546961824,121.44416459474883,347.2200263219891,785.8896970386938
4799,FIDS152,i,15,IDS,6.84,219.99999999999974,238.35342912899796,2282.433161032666
4800,FIDS152,u,15,IDS,9.84,210.00000000000085,259.45223879435997,642.9206044432291
4801,FIDS152,u,15,IDS,11.92372125316931,216.27874683069058,336.31880263601175,702.3957347714705
4802,FIDS152,u,15,IDS,12.29500207568642,264.9979243135814,341.2649819653775,711.5708844325991
4803,FIDS152,i,15,IDS,13.56,119.99999999999922,321.12887359892284,2027.28043953795
4804,FIDS152,æ,15,IDS,19.51698475857892,133.01524142107723,702.82751304126,1409.4189507260205
4805,FIDS152,æ,15,IDS,21.06272323855028,105.16814253566054,565.8760941380019,1318.5439465759719
4806,FIDS152,u,15,IDS,21.51220786088176,157.79213911824286,287.06117886170426,552.6450582593232
4807,FIDS152,o,15,IDS,25.15,100.00000000000142,422.3207389919242,1048.6591708512283
4808,FIDS152,æ,15,IDS,25.36,129.999999999999,729.8973161454361,1385.5567802840415
4809,FIDS152,u,15,IDS,26.3583749387894,171.52423246886883,318.2852826950935,503.13011377321016
4810,FIDS152,æ,15,IDS,36.3378805455737,122.11945442630423,676.2339127500313,1388.9148810584475
4811,FIDS152,u,15,IDS,38.79,130.00000000000256,417.2561976157416,907.1460063638829
4812,FIDS152,u,15,IDS,40.18,179.99999999999972,408.7899083075391,1256.2753024202648
4813,FIDS152,a,15,IDS,43.5,159.9999999999966,571.6650799844459,1056.2878936396332
4814,FIDS152,a,15,IDS,44.63019550038427,170.2722307720208,598.4047089072262,1060.6606735361968
4815,FIDS152,a,15,IDS,46.35,119.99999999999744,546.0806282288154,1066.2786213519419
4816,FIDS152,a,15,IDS,48.05,112.53826283338952,512.7067670205271,978.6058254111927
4817,FIDS152,o,15,IDS,48.74,49.99999999999716,390.35166618316134,959.1894969133142
4818,FIDS152,o,15,IDS,50.79,79.9999999999983,402.3151527200849,924.771682477424
4819,FIDS152,æ,15,IDS,56.72,140.00000000000057,593.4307542160082,1497.2398682751568
4820,FIDS152,i,15,IDS,57.19656533721555,181.54024604368857,324.72012666840277,1751.5741044942445
4821,FIDS152,æ,15,IDS,66.3,87.08461712370763,578.0522204369228,1311.6272250372583
4822,FIDS152,a,15,IDS,66.54,142.08594861072754,596.5506513245382,1062.8919878048148
4823,FIDS152,æ,15,IDS,68.63,73.96352987871069,694.4974151137009,1466.017720995437
4824,FIDS152,a,15,IDS,68.94,140.00000000000057,541.9700978016072,1099.7313615970495
4825,FIDS152,a,15,IDS,69.75,150.00000000000568,463.52501776509246,1075.9770484926707
4826,FIDS152,æ,15,IDS,74.27,70.38494952091412,469.4243989093888,1417.1278838884984
4827,FIDS152,i,15,IDS,74.57,105.5509543657962,392.4525436873754,1656.078560760539
4828,FIDS152,æ,15,IDS,76.29,169.9999999999875,527.0219933271212,1246.093145325064
4829,FIDS152,æ,15,IDS,78.14,120.00000000000455,508.9658174092421,1316.1548875674816
4830,FIDS152,a,15,IDS,81.09,109.99999999999943,527.3494899620418,1440.3532814093878
4831,FIDS152,i,15,IDS,91.79,169.9999999999875,331.6079656720595,2238.637759407047
4832,FIDS152,i,15,IDS,93.74,130.00000000000966,291.6554706175063,2259.8934862698097
4833,FIDS152,a,15,IDS,97.42,90.00000000000341,773.1658750456984,1331.3721580357023
4834,FIDS152,a,15,IDS,100.51,69.99999999999318,625.1905619376115,1142.5658674311157
4835,FIDS152,o,15,IDS,102.0969692095267,63.03079047329163,452.4340695655813,1017.4122407902031
4836,FIDS152,u,15,IDS,106.9244328612983,125.20016968530001,301.9277206101582,1280.2605493391932
4837,FIDS152,o,15,IDS,118.26,289.99999999999204,398.77308152221354,1307.294145019062
4838,FIDS152,u,15,IDS,121.3,119.54392121479884,396.8040566861082,852.1623743073187
4839,FIDS152,o,15,IDS,125.7,209.99999999999375,413.3451451637415,617.5178585777335
4840,FIDS152,o,15,IDS,128.15,139.99999999998636,335.6074833559442,698.5278801973348
4841,FIDS152,a,15,IDS,131.45,180.00000000000682,407.96436798464055,998.4494974406297
4842,FIDS152,e,15,IDS,134.24,145.8784483367026,741.6537783877415,1553.4238657605167
4843,FIDS152,u,15,IDS,134.65,129.99999999999545,393.62796785707224,2109.007215136767
4844,FIDS152,o,15,IDS,135.9,120.00000000000455,516.0028926172454,979.3754071757635
4845,FIDS152,a,15,IDS,136.55,157.80528995870213,495.6976698854567,1007.5069139030134
4846,FIDS152,e,15,IDS,137.42,140.00000000001478,615.6899666488738,1427.1116523088463
4847,FIDS152,o,15,IDS,138.73,177.97082783832252,356.6459188824326,879.7117297033715
4848,FIDS152,o,18,IDS,5.751237835443092,116.18948901837723,245.84315775866665,711.5296612123294
4849,FIDS152,o,18,IDS,8.590331571435916,91.29174137158103,278.6273036467694,997.3485147355213
4850,FIDS152,i,18,IDS,10.27086006202312,129.46828776333064,306.2769624949589,2308.6759666029147
4851,FIDS152,u,18,IDS,15.60951537354268,90.4846264573198,333.3187408324919,711.3281017907183
4852,FIDS152,u,18,IDS,15.86548326910521,404.51673089478925,302.2818238561469,617.3251311228117
4853,FIDS152,i,18,IDS,17.02182753737056,141.08723666517164,261.56350883190464,2149.970614873077
4855,FIDS152,æ,18,IDS,25.24892104924875,131.07895075124887,562.0913864068405,1507.8530445056856
4856,FIDS152,æ,18,IDS,27.6943687184554,145.63128154459903,595.7617194623624,1368.3156863144943
4857,FIDS152,u,18,IDS,28.43176492531332,128.23507468667827,294.5526084632513,551.3336540781855
4858,FIDS152,æ,18,IDS,33.88,220.4128130317642,784.8968217713997,1442.7536898637961
4859,FIDS152,u,18,IDS,35.69149010460495,238.50989539504752,399.8711704869348,1823.7191965484396
4860,FIDS152,æ,18,IDS,50.69,120.00000000000455,641.8802579031856,1395.6213906768735
4861,FIDS152,u,18,IDS,52.90563752308231,120.8756244446505,352.92442518378897,769.982718888445
4862,FIDS152,u,18,IDS,54.77169786597782,198.30213402217822,252.74314386433912,652.137131065077
4863,FIDS152,a,18,IDS,58.83507583549805,194.92416450194838,321.59583671670464,1032.4555046677992
4864,FIDS152,a,18,IDS,60.67,257.0564495723815,400.1119851603492,1005.1410173978629
4865,FIDS152,a,18,IDS,64.06,99.99999999999432,1144.5595916262582,1937.0130993306082
4866,FIDS152,a,18,IDS,65.69968909748786,137.7675369789415,529.499063850218,1018.6476334784181
4867,FIDS152,a,18,IDS,67.11,130.67100022202283,390.84284154972823,1075.1405164916393
4868,FIDS152,a,18,IDS,68.01,107.24246481183286,513.7002148987806,1043.845897017787
4869,FIDS152,o,18,IDS,71.47,70.00000000000739,362.35127114345477,890.2685185386615
4870,FIDS152,æ,18,IDS,78.87079874562704,69.2012543729561,516.2725921594808,1418.7411183655754
4871,FIDS152,i,18,IDS,79.33555670170055,209.1263727028263,395.94419677755855,1980.1802343756467
4872,FIDS152,a,18,IDS,86.84322632854915,194.20243164501017,426.2451325666419,1512.7704600802326
4873,FIDS152,e,18,IDS,88.7437965605078,61.41444419543518,603.7346439285001,1398.8096000228015
4874,FIDS152,a,18,IDS,89.0672766423097,92.72335769030349,547.1969970359543,965.8518170674167
4875,FIDS152,a,18,IDS,91.36026591281608,137.7675369789415,422.45645313974626,1104.9021958583132
4876,FIDS152,æ,18,IDS,94.90847005021314,128.63836284178376,591.5041282574991,1549.0087376628383
4877,FIDS152,i,18,IDS,95.32291627668108,111.20993948901514,458.9670286109026,1774.7262350381568
4878,FIDS152,e,18,IDS,97.19026128732642,139.73871267357652,460.3306507307983,1628.5486995057233
4879,FIDS152,e,18,IDS,98.69,120.00000000000455,468.2084281474937,1529.0078927446548
4880,FIDS152,i,18,IDS,100.1204494736777,54.77504482290385,431.62777215134935,1729.2709157549557
4881,FIDS152,a,18,IDS,100.68,91.11257318458854,585.3307469980155,1136.7684942390747
4882,FIDS152,i,18,IDS,113.345206169105,211.6308549978072,265.2224896558265,2230.073399016468
4883,FIDS152,i,18,IDS,115.2293137021618,120.68629783819063,281.9971471577236,2247.384457311837
4884,FIDS152,e,18,IDS,119.4054475827084,160.17550986109086,360.06369398123684,1999.041273207239
4885,FIDS152,a,18,IDS,119.9051596652947,94.6114410577934,513.3164885867197,1204.8279814643804
4886,FIDS152,a,18,IDS,122.45,90.00000000000341,530.2338261904246,1336.6044516046472
4887,FIDS152,o,18,IDS,124.64,89.87868143070443,535.4754010659833,1885.8645553023741
4888,FIDS152,u,18,IDS,128.619020111843,103.74061519499378,350.82762652608295,864.3990240238006
4889,FIDS152,o,18,IDS,144.0753516335854,204.16153070380005,442.77514823687824,1194.6493835876545
4890,FIDS152,u,18,IDS,144.99,99.99999999999432,382.9857372699878,879.9565354333807
4891,FIDS152,o,18,IDS,149.78,129.99999999999545,398.3506801541013,775.5950847611082
4892,FIDS152,e,18,IDS,152.8332927546813,386.7072453186893,401.4788356796667,1934.3311358564074
4894,FIDS152,a,18,IDS,157.1462282724274,173.77172757258563,831.0572270533452,1283.6205225895037
4895,FIDS152,a,18,IDS,159.47,125.96416720589332,618.5170385927693,1622.9424155873585
4896,FIDS152,e,18,IDS,160.5535426774034,122.8288883907851,649.5789811795587,1560.5649400954264
4897,FIDS152,u,18,IDS,160.98,99.77187675352184,321.48697377669396,627.1653350768365
4898,FIDS152,o,18,IDS,162.817629339775,152.3706602249888,434.4452715015009,905.6878910870573
4899,FIDS152,a,18,IDS,163.54,110.00000000001364,564.648002536258,1077.262137403991
4900,FIDS152,e,18,IDS,164.78,109.99999999998522,561.2687415045514,1602.1457116788517
4901,FIDS152,o,18,IDS,166.0428446300042,187.15536999579285,311.82370160546105,1009.1302032853512
4902,FIDS152,æ,9,IDS,6.169371794001275,98.06012388502961,638.3271278567316,1104.3889214808632
4903,FIDS152,o,9,IDS,6.703579931583898,111.23237933227247,325.93068809950853,547.3033827984076
4904,FIDS152,e,9,IDS,7.976544672919021,183.45532708097954,423.861319680006,1741.1171391260586
4905,FIDS152,o,9,IDS,8.871439503521115,137.57689022675913,331.80566347234003,650.5730249669444
4906,FIDS152,i,9,IDS,10.11,169.99999999999994,366.66038971647333,2117.0891225173004
4907,FIDS152,u,9,IDS,12.2,180.00000000000148,299.3388488877947,1014.7041456711021
4908,FIDS152,u,9,IDS,13.31,109.99999999999943,272.00032055766286,727.1717336321841
4909,FIDS152,u,9,IDS,13.53378547545127,248.80926955903072,234.89120021388885,466.0448235465469
4910,FIDS152,i,9,IDS,14.45,120.000000000001,387.25263977567863,2188.3435774480104
4911,FIDS152,æ,9,IDS,18.15,140.64143383346206,533.1248568595995,1510.5619621301519
4912,FIDS152,æ,9,IDS,20.25537826826194,103.91445963935908,575.5173012741304,1369.4436303915925
4913,FIDS152,æ,9,IDS,22.53,99.99999999999787,611.4352106925467,1226.1193533608723
4914,FIDS152,u,9,IDS,23.21,142.3881060196308,289.2539493037425,455.11959153368525
4915,FIDS152,e,9,IDS,26.36,109.99999999999943,549.7652618351929,1586.557967346381
4916,FIDS152,æ,9,IDS,26.54393789515422,134.6497223495895,714.0585994856848,1407.0526854122409
4917,FIDS152,u,9,IDS,27.56380040024186,118.55029902519121,333.2871372831711,702.9903912019158
4918,FIDS152,æ,9,IDS,38.14523780241348,134.76219758651808,657.5633204758727,1427.4636853620143
4919,FIDS152,u,9,IDS,39.81,157.1364154918271,349.94106336100884,1348.7448431130656
4920,FIDS152,u,9,IDS,41.07,229.99999999999687,304.95084103108553,457.51186988106554
4921,FIDS152,e,9,IDS,45.81,159.9999999999966,509.64790186341446,1826.7587573597223
4922,FIDS152,a,9,IDS,47.28713946892849,114.15954720944654,761.5672311791254,1125.7581849665974
4923,FIDS152,e,9,IDS,49.69,109.99999999999943,520.0144858169775,1400.30689685223
4924,FIDS152,a,9,IDS,51.01326486509717,116.73513490283227,574.6088808483236,997.6330953787017
4925,FIDS152,o,9,IDS,51.70700365198529,92.99634801470802,417.53522483951633,948.4470461248601
4927,FIDS152,æ,9,IDS,61.28,119.99999999999744,652.0739755543102,1448.8625698896487
4928,FIDS152,i,9,IDS,61.97601477583324,123.98522416675917,337.4309331543176,2128.344963568905
4929,FIDS152,i,9,IDS,64.99838183272323,112.69596327085196,366.94526634915354,2145.1481534760464
4930,FIDS152,e,9,IDS,70.87,105.078220997882,558.1747742981291,1660.8166988691148
4932,FIDS152,e,9,IDS,72.55,130.00000000000966,503.5387098066087,1778.3878360265328
4933,FIDS152,a,9,IDS,72.98204134481836,137.95865518164874,509.9907740996169,960.5217540147426
4934,FIDS152,a,9,IDS,74.86,150.00000000000568,612.3106085421143,1046.4323348418343
4935,FIDS152,æ,9,IDS,77.33,100.00000000000853,555.1108966650843,1607.816215452726
4936,FIDS152,i,9,IDS,77.7706908251205,93.66937206928583,369.5647339023313,2389.3662692468147
4937,FIDS152,e,9,IDS,79.7787421730754,257.5907731905289,530.5168066887909,2022.973353929504
4938,FIDS152,e,9,IDS,81.66,140.00000000000057,457.7485603541198,1776.6255283101525
4939,FIDS152,i,9,IDS,83.16,60.000000000002274,356.6962882851193,2044.8763658796681
4940,FIDS152,i,9,IDS,83.50611350835534,103.88649164465846,366.47568118141976,2146.1208171215226
4941,FIDS152,a,9,IDS,83.89,140.00000000000057,630.2179643030987,1086.0052193377624
4942,FIDS152,i,9,IDS,91.6,160.0000000000108,310.5381677274622,2107.9649115579405
4943,FIDS152,i,9,IDS,94.48539024171642,84.60975828357675,341.43055564818917,2140.0535693652
4944,FIDS152,e,9,IDS,96.5973560493108,92.64395068919384,658.8775600213901,1629.1975337907152
4945,FIDS152,a,9,IDS,96.94,100.00000000000853,702.8916730516299,1124.7444969406677
4946,FIDS152,a,9,IDS,98.26,87.7866591503107,680.0460908878852,1181.1652042176706
4947,FIDS152,o,9,IDS,100.6866679070748,83.33209292518973,432.97775689593874,987.4525654427662
4948,FIDS152,i,9,IDS,100.98,49.99999999999716,445.92061536727346,1646.1170196470869
4949,FIDS152,u,9,IDS,105.48,129.99999999999545,421.0926376613364,1723.7264667233442
4950,FIDS152,o,9,IDS,116.7162980710675,223.70192893249907,493.1484235699064,1020.0839165555363
4951,FIDS152,u,9,IDS,117.19,109.99999999999943,350.5819328751317,583.256240707771
4952,FIDS152,o,9,IDS,122.1791866021247,190.81339787530283,484.89943740922115,966.3352776307341
4953,FIDS152,æ,9,IDS,124.38,140.00000000000057,746.7254423358986,1579.2045503375616
4954,FIDS152,o,9,IDS,124.98,79.9999999999983,381.74667404132845,817.1285537407113
4955,FIDS152,a,9,IDS,128.71,173.3441377242002,538.922814840749,955.9989492991504
4956,FIDS152,e,9,IDS,130.32,120.00000000000455,485.83616297738536,1719.2726547365257
4957,FIDS152,u,9,IDS,130.6877396733893,140.5040581038861,380.53438105738553,1077.744706812859
4958,FIDS152,o,9,IDS,132.64,110.00000000001364,457.8995788052343,921.9419301873211
4959,FIDS152,a,9,IDS,133.45,170.70825032581638,592.5854620838245,1078.7569529882028
4960,FIDS152,e,9,IDS,134.5386150992163,141.96764204251622,500.71166132742,1797.9708467743878
4961,FIDS152,o,9,IDS,135.9899793660813,191.72949595431987,428.6370951226702,798.3481474969853
4962,FIDS153,æ,9,IDS,4.398022635158392,119.17123041646782,619.5038770165479,1399.825552929298
4963,FIDS153,o,9,IDS,4.872224822857259,127.77517714274111,451.90417098325395,931.51819729047
4964,FIDS153,e,9,IDS,6.216348054481212,157.65360690512065,450.7638092875252,1621.6744740215067
4965,FIDS153,o,9,IDS,7.023094570811134,126.90542918886649,426.0080173828003,936.8257424160633
4966,FIDS153,i,9,IDS,11.48,129.999999999999,291.557070606189,2076.037279006281
4967,FIDS153,u,9,IDS,14.3,229.99999999999864,245.5965623958502,609.463585966087
4968,FIDS153,u,9,IDS,15.9,169.99999999999994,326.84578963793854,628.5535701396708
4969,FIDS153,u,9,IDS,16.24,190.00000000000128,341.67122417904034,722.6805742592452
4970,FIDS153,i,9,IDS,16.8,99.99999999999787,311.6172255878618,2094.2190913231107
4971,FIDS153,æ,9,IDS,20.32,160.00000000000014,581.6365200509342,1361.1749051823808
4972,FIDS153,æ,9,IDS,23.13,92.62382124457957,550.8503918258273,1265.9214841076619
4973,FIDS153,æ,9,IDS,27.76,119.99999999999744,519.0436829131988,1335.525023895119
4974,FIDS153,u,9,IDS,28.25,219.99999999999886,279.6458713480271,904.4408133919491
4975,FIDS153,e,9,IDS,35.90774707049095,106.75756058141417,520.2142279332706,1907.3607721092685
4976,FIDS153,æ,9,IDS,36.1,179.99999999999972,913.6975547239415,1266.5950354382724
4977,FIDS153,u,9,IDS,37.16190100622729,122.89533136698338,279.19258187197386,1245.8418938955324
4979,FIDS153,u,9,IDS,49.31,149.99999999999858,336.34110057950767,1317.4744877691296
4980,FIDS153,u,9,IDS,51.45,179.99999999999972,275.875415598087,768.6451912893264
4981,FIDS153,e,9,IDS,64.98,201.3803392365361,450.7639048613428,1738.3880372126691
4982,FIDS153,a,9,IDS,66.86,156.1366877542838,487.02139236039693,1014.5892552734565
4983,FIDS153,e,9,IDS,68.98,120.62766876358921,573.7536859493443,1673.1903904633737
4984,FIDS153,a,9,IDS,70.98350872748493,135.3090012020317,552.1320428095794,1047.5533907181264
4985,FIDS153,o,9,IDS,72.24,90.00000000000341,394.3166410357794,772.8865110630697
4986,FIDS153,o,9,IDS,75.13,97.04371998786598,410.29822717889783,997.3750036969258
4987,FIDS153,æ,9,IDS,82.8689581017776,111.0418982224104,591.3304001505905,1324.351040398417
4988,FIDS153,i,9,IDS,83.34703324775988,132.96675224012233,286.63127494311556,2090.2258508479163
4989,FIDS153,i,9,IDS,85.24896999259158,61.03000740841935,314.4656147634107,1997.1384858313136
4990,FIDS153,e,9,IDS,93.86821347279596,91.86115677935902,398.63800561993645,1742.3936736177739
4991,FIDS153,a,9,IDS,94.16,120.00000000000455,572.7097011716535,1155.771627543123
4992,FIDS153,e,9,IDS,95.49,79.85267379740435,498.2146827124404,1548.9583276729961
4993,FIDS153,a,9,IDS,95.76723002417468,122.7699758253209,638.3321218629692,1031.6805775792711
4994,FIDS153,a,9,IDS,101.78,81.21939836689762,507.85724443936056,1023.461260652633
4995,FIDS153,æ,9,IDS,105.0,133.92984203849778,660.8294518046132,1353.5400075473508
4996,FIDS153,i,9,IDS,105.4355820190302,81.9302209112891,352.03814485472765,1977.2127801854754
4997,FIDS153,e,9,IDS,106.85,130.00000000000966,500.3028798571031,1637.984328302557
4999,FIDS153,i,9,IDS,112.0,78.34028017479966,318.714295348764,2130.7827165535136
5000,FIDS153,i,9,IDS,112.3296827276616,80.31727233839092,361.1321140309089,1873.1913173828539
5001,FIDS153,a,9,IDS,112.6983687217626,81.63127823739558,593.1063463551582,1123.4868895280392
5002,FIDS153,i,9,IDS,123.09,189.99999999999773,282.201746844522,2246.3352311798817
5003,FIDS153,i,9,IDS,125.2,189.99999999999773,342.9009330792138,2117.5554382797372
5004,FIDS153,æ,9,IDS,132.4,213.7137784724814,864.5756502638753,1269.463436322637
5005,FIDS153,a,9,IDS,133.29,99.99999999999432,553.6710933311028,1010.6153942844637
5006,FIDS153,a,9,IDS,134.91,110.00000000001364,514.6587685027378,1035.2901421608642
5007,FIDS153,o,9,IDS,136.92,55.81892601080085,348.9698836648093,881.0602655153375
5008,FIDS153,i,9,IDS,137.2422733497714,77.57533856317878,414.6185478604206,1465.1044448314378
5009,FIDS153,u,9,IDS,141.1,219.99999999999886,279.5207645362308,625.4595985586946
5010,FIDS153,o,9,IDS,161.17,130.00000000002387,396.9248412539999,882.5415737378223
5011,FIDS153,u,9,IDS,161.75,240.0000000000091,274.9178289952292,746.2637682781731
5012,FIDS153,o,9,IDS,170.3,219.99999999999886,459.6706423497631,740.4586464657193
5013,FIDS153,a,9,IDS,176.78,259.9999999999909,567.5169118751484,1064.6431525522598
5014,FIDS153,e,9,IDS,181.22,110.00000000001364,533.2223602907458,1649.6779670631804
5015,FIDS153,u,9,IDS,181.61,95.54522338618199,384.534339819609,1073.0410193580917
5016,FIDS153,o,9,IDS,187.35,120.00000000000455,621.3018672095897,1902.215017987131
5017,FIDS153,a,9,IDS,187.95,130.00000000002387,571.0547953066964,1058.5622343427044
5018,FIDS153,e,9,IDS,188.74,90.00000000000341,496.019611800739,1680.228032908472
5019,FIDS153,o,9,IDS,190.0025989362961,207.4010637039123,397.28786215339164,738.9411338814193
5020,FIDS154,æ,12,IDS,2.154337410491334,70.44288857187597,681.1866588722291,1392.052375636023
5021,FIDS154,o,12,IDS,2.518851405323582,69.32474748343287,465.33279618094815,1027.034915936061
5022,FIDS154,e,12,IDS,3.562468470036028,107.53152996397208,338.3594139614175,1975.085050766022
5023,FIDS154,o,12,IDS,4.226714861954505,86.09686381006921,392.76467998399625,935.9658943279788
5024,FIDS154,i,12,IDS,5.414049151620023,105.95084837997692,332.44707973666516,2203.3800130475993
5025,FIDS154,u,12,IDS,6.88,149.1790880866377,424.841135895957,1873.083415156201
5026,FIDS154,u,12,IDS,7.84,89.99999999999986,352.3879286660299,890.3293827509309
5027,FIDS154,u,12,IDS,8.042118660646949,325.37905673676096,364.9271361496244,786.4583828451507
5028,FIDS154,i,12,IDS,9.113629896486495,96.37010351350561,245.74305661101454,2138.097163251286
5029,FIDS154,æ,12,IDS,12.41,95.68654933950071,795.3077884059028,1469.7943940875662
5030,FIDS154,æ,12,IDS,13.75357852603281,115.16853210958011,814.8164770796265,1370.7730637406737
5031,FIDS154,æ,12,IDS,15.69,110.00000000000121,735.9385941446724,1483.387423144769
5032,FIDS154,u,12,IDS,16.22,160.00000000000014,300.71885955372073,731.6728603951317
5033,FIDS154,e,12,IDS,18.85,59.99999999999872,431.7061041290783,1933.3012830892962
5034,FIDS154,æ,12,IDS,19.0,104.39056600807106,1000.55135583837,1652.4531925258711
5035,FIDS154,u,12,IDS,20.28980941730869,90.19058269131008,320.8178793425594,836.2395648745835
5036,FIDS154,æ,12,IDS,27.44,119.99999999999744,758.4647495460207,1507.8831731369248
5037,FIDS154,u,12,IDS,28.86,129.999999999999,320.6068048059321,704.8402396142817
5038,FIDS154,u,12,IDS,29.73,199.9999999999993,277.1723227632293,705.9658647492952
5039,FIDS154,e,12,IDS,32.28,100.00000000000142,602.2714814524154,1637.1756409360992
5040,FIDS154,e,12,IDS,35.04,100.00000000000142,615.9519517876452,1832.38196482856
5041,FIDS154,a,12,IDS,37.19,71.90455078243474,748.5796044239767,1098.3708158246836
5042,FIDS154,o,12,IDS,38.12426404699927,95.73595300072668,456.90459371901824,1017.8107764966694
5043,FIDS154,o,12,IDS,40.16,90.00000000000341,430.29502409021626,1004.538470893171
5044,FIDS154,æ,12,IDS,44.58304642275274,126.95357724726364,762.4928522250564,1459.360592462629
5045,FIDS154,i,12,IDS,45.4829109698203,147.08903017969988,290.2300901952403,2384.029162354604
5046,FIDS154,i,12,IDS,48.09297150926427,107.34154449048106,299.6336218395391,2153.0782613853985
5047,FIDS154,e,12,IDS,53.6,85.8490631912261,405.41958883102154,1834.971002558902
5048,FIDS154,a,12,IDS,53.84238881557319,97.27827469449579,527.1346221535297,1303.4097180231397
5049,FIDS154,e,12,IDS,55.65965203061959,153.1853291166172,429.43539235141213,2129.1071069265076
5050,FIDS154,a,12,IDS,56.10436256930742,185.6374306925801,653.6079114507068,1089.9428116493514
5051,FIDS154,a,12,IDS,57.50297739790431,81.62429945630123,632.5343898322855,1176.5873758507444
5052,FIDS154,æ,12,IDS,60.38114154014614,128.85845985385913,688.7246836078963,1382.077653600986
5053,FIDS154,i,12,IDS,60.99558332924105,74.41667075894998,338.89583170233334,2267.454958595751
5054,FIDS154,e,12,IDS,63.70005540287833,129.70436625933246,479.53534253050907,1551.3257793777516
5055,FIDS154,e,12,IDS,65.29248883967173,86.0968638100843,487.83413064397837,1822.9859756267579
5056,FIDS154,i,12,IDS,66.71,60.000000000002274,299.6052203363522,2234.987381450508
5057,FIDS154,i,12,IDS,68.05,109.99999999999943,331.114490190663,2080.8970812106263
5058,FIDS154,a,12,IDS,68.45,83.01411404492853,532.1981082103727,1157.5188842084594
5059,FIDS154,i,12,IDS,78.96,130.00000000000966,207.07071417962598,2089.4722326365372
5060,FIDS154,i,12,IDS,80.72,116.93276894051507,216.9648252412777,2197.112592792294
5061,FIDS154,æ,12,IDS,83.03,65.14783612129804,744.2397455949692,1560.1296282977614
5062,FIDS154,a,12,IDS,83.23267918999973,80.5061583678679,687.1625811071863,1169.8894676928307
5063,FIDS154,a,12,IDS,84.03,129.11763546186705,429.9123348951949,1017.6518445569862
5064,FIDS154,o,12,IDS,85.83,70.00000000000739,409.6518068207964,1218.6824777611414
5065,FIDS154,i,12,IDS,86.08569718944754,45.84378462614325,404.34119672290825,1528.4661011982591
5066,FIDS154,u,12,IDS,89.39045541792582,109.54458207417872,373.3660904197446,1333.7902898194604
5067,FIDS154,o,12,IDS,100.0575246070026,110.69596775578816,397.4720037999237,839.704652770103
5068,FIDS154,u,12,IDS,100.3710083750546,208.9916249453978,340.2960331219641,908.6194522613761
5069,FIDS154,o,12,IDS,103.89,129.99999999999545,509.5912242920093,1910.6227368684954
5070,FIDS154,æ,12,IDS,107.0046362531926,175.36374680740607,810.3849424015965,1454.568949395965
5071,FIDS154,o,12,IDS,108.19,106.39722006310137,369.8669721056831,813.6710795893373
5072,FIDS154,a,12,IDS,110.78,219.99999999999886,634.2574651180747,1067.342078408347
5073,FIDS154,e,12,IDS,112.6,130.00000000000966,420.24721369463,1919.70903965654
5074,FIDS154,u,12,IDS,113.0763637440928,153.18532911659588,183.24363681292002,1219.483191707079
5075,FIDS154,o,12,IDS,114.67,140.00000000000057,378.7723091918533,947.5783874008566
5076,FIDS154,a,12,IDS,115.4,99.52788281449898,635.8714493134383,1107.685570339476
5077,FIDS154,e,12,IDS,116.12,119.99999999999034,519.0351709601945,1734.7043095411598
5078,FIDS154,o,12,IDS,117.4680016325286,141.99836747140182,371.4563694936643,839.2606641319377
5079,FIDS155,æ,9,IDS,4.400705792701941,78.45223863916573,1234.4467624222343,1815.126155004316
5080,FIDS155,o,9,IDS,4.82609126443431,93.90873556569002,488.3912054459222,1268.688901145817
5081,FIDS155,e,9,IDS,6.13,60.0000000000005,500.70765640048256,1979.1263458652802
5082,FIDS155,o,9,IDS,6.83,87.50523189973158,635.3914976049933,1384.1682312037822
5083,FIDS155,i,9,IDS,8.41,89.99999999999986,356.16753655895724,1991.2946609960584
5085,FIDS155,u,9,IDS,11.3696666525993,180.33334740070117,373.6799763910924,676.1899676584505
5086,FIDS155,u,9,IDS,11.73229033342034,237.70966657966142,392.90493441738494,752.2780594330911
5087,FIDS155,i,9,IDS,12.59,89.99999999999986,359.09213107385165,1699.579483359384
5088,FIDS155,æ,9,IDS,17.69,91.28660752341844,766.2446715991863,1544.9620608087705
5089,FIDS155,æ,9,IDS,20.04,92.79823759641204,712.4505882323414,1593.46691410455
5090,FIDS155,u,9,IDS,20.56,120.000000000001,244.0156565912465,586.2800606675935
5091,FIDS155,e,9,IDS,29.18344691742363,108.08975101396001,567.1139375004608,1853.1710465407905
5092,FIDS155,æ,9,IDS,29.33163447929761,195.25890505748222,979.1072118618018,1653.6059097600948
5093,FIDS155,u,9,IDS,30.66,90.94077717051974,256.8298660484277,706.4168750186491
5094,FIDS155,æ,9,IDS,41.66,134.06822108512273,1024.8635327359,1768.8444988598542
5095,FIDS155,u,9,IDS,43.84,79.9999999999983,332.9916483353605,976.9281061256535
5096,FIDS155,u,9,IDS,45.18,170.0000000000017,298.0017431299009,722.0747246426043
5097,FIDS155,e,9,IDS,48.23,100.00000000000142,644.6501966653547,2006.5240584196113
5098,FIDS155,a,9,IDS,50.08,92.31271260172491,507.278444677789,941.5379298890674
5099,FIDS155,e,9,IDS,52.49,81.58562612261022,535.0246353542598,1450.165894469827
5100,FIDS155,a,9,IDS,53.95,89.9999999999963,509.93427686662227,1112.8049277231253
5101,FIDS155,o,9,IDS,55.2,89.9999999999963,356.86863436063265,740.7084011253115
5102,FIDS155,o,9,IDS,57.23,90.00000000000341,464.02425364193,926.6768259614227
5103,FIDS155,æ,9,IDS,65.01,89.9999999999892,796.68958419292,1550.5827465694108
5105,FIDS155,i,9,IDS,68.41,90.00000000000341,237.30910341905525,2521.8917290184754
5106,FIDS155,e,9,IDS,81.7,68.49724631729259,732.9770160398155,1955.179639757909
5107,FIDS155,a,9,IDS,82.03,109.99999999999943,774.0264794434025,1155.8376215881715
5108,FIDS155,e,9,IDS,83.22,80.97518508775181,530.6076407844836,1326.981520679366
5110,FIDS155,a,9,IDS,85.18,99.99999999999432,642.3227876356643,1184.8295901815181
5111,FIDS155,æ,9,IDS,92.53,69.99999999999318,727.8768207853748,1511.0781933883677
5112,FIDS155,i,9,IDS,92.98,69.99999999999318,340.93843044136514,2243.6524371032674
5113,FIDS155,e,9,IDS,95.2,79.9999999999983,475.31758312899154,2014.9573498695747
5114,FIDS155,e,9,IDS,96.58,49.99999999999716,408.12080869345897,1694.0509525031248
5115,FIDS155,i,9,IDS,98.02,60.000000000002274,380.61009975518755,2254.971572928707
5116,FIDS155,i,9,IDS,98.3323388259919,57.661174008103444,346.6299057487184,1956.2398131356288
5117,FIDS155,a,9,IDS,98.6,70.00000000000739,716.4673939970505,1275.4663184164244
5118,FIDS155,i,9,IDS,109.68,109.99999999999943,368.7769267992353,2436.887304600048
5119,FIDS155,i,9,IDS,112.23,99.99999999999432,289.3272749507954,2446.276062074341
5120,FIDS155,æ,9,IDS,119.57,130.00000000000966,789.132306281746,1461.774447538416
5121,FIDS155,a,9,IDS,120.1,148.43211216090424,875.8306550339242,1275.2577183268772
5122,FIDS155,a,9,IDS,121.35,80.0000000000125,721.8013711236664,1162.8933891466809
5123,FIDS155,u,9,IDS,126.95,109.99999999999943,349.2083965946968,755.4701350776928
5124,FIDS155,o,9,IDS,160.2226088293628,87.16915404349379,476.65236738629255,1117.6801992529051
5125,FIDS155,o,9,IDS,164.4094053733727,78.45223863910178,258.4306355816956,1001.6919992724622
5127,FIDS155,e,9,IDS,177.41,129.99999999999545,483.6187223902544,2058.9138127830697
5128,FIDS155,o,9,IDS,179.56,79.99999999998408,410.37195862538863,1023.9210311517412
5129,FIDS155,a,9,IDS,180.44,110.00000000001364,556.5791023720292,1087.5253789590067
5130,FIDS155,e,9,IDS,181.86,79.99999999998408,499.91103015971703,1833.8673416490274
5131,FIDS155,o,9,IDS,183.36,109.99999999998522,422.87881664728394,956.0781651261706
5132,FIDS156,æ,12,IDS,3.132352958919785,74.62587188289493,613.7267919320208,1563.9699524655312
5133,FIDS156,o,12,IDS,3.493488874638793,62.63242818742887,497.5524020766956,1213.1782009945127
5134,FIDS156,e,12,IDS,4.57,99.99999999999964,470.5752707711727,1860.233343143619
5135,FIDS156,o,12,IDS,5.202385622552557,86.61931557835968,493.13625300080315,1098.0458619467106
5136,FIDS156,i,12,IDS,9.16,89.99999999999986,326.20024273733947,2019.6798766603129
5137,FIDS156,u,12,IDS,14.36001294763342,79.98705236657955,359.887859746652,742.8463227204815
5138,FIDS156,u,12,IDS,14.60387963610787,206.12036389213097,356.57689014590596,879.79918055009
5139,FIDS156,i,12,IDS,15.61,100.00000000000142,333.4825761790021,2069.322305478001
5140,FIDS156,æ,12,IDS,19.81,140.00000000000057,700.6501243971411,1536.4648609713613
5141,FIDS156,æ,12,IDS,21.95,84.51760646724082,521.549352556686,1400.9199190975228
5142,FIDS156,æ,12,IDS,25.12328203403138,96.71796596861881,628.0435346261112,1503.2975633201727
5143,FIDS156,u,12,IDS,25.72938259538038,133.260485505172,274.08746597244374,664.0533905810211
5144,FIDS156,e,12,IDS,30.78589832620178,77.29108159299969,380.18892375334053,1949.5776702637852
5145,FIDS156,æ,12,IDS,30.97779342532922,135.92569521527054,636.8234158423287,1463.8783726325928
5146,FIDS156,u,12,IDS,31.9951050257262,104.89497427380101,372.97696817213847,1835.1463104385064
5147,FIDS156,æ,12,IDS,43.77,109.99999999999943,663.4773062460747,1469.881162092151
5148,FIDS156,u,12,IDS,45.9889585154865,91.04148451349658,355.2316055964745,1230.0743472051108
5149,FIDS156,e,12,IDS,62.01,80.0000000000054,575.4246600131813,1658.4117088374217
5150,FIDS156,a,12,IDS,64.04,76.81705309808251,636.0771541385172,1523.727507019682
5151,FIDS156,e,12,IDS,66.89,79.9999999999983,550.7375491404056,1744.0813365162455
5152,FIDS156,a,12,IDS,71.89545710081379,140.20134346208124,594.9854349895804,1169.451574359925
5153,FIDS156,o,12,IDS,73.31888543389319,80.1150534068995,505.917025378506,1406.842713422955
5154,FIDS156,o,12,IDS,75.31,79.9999999999983,495.60485901397334,1425.8250565320427
5155,FIDS156,æ,12,IDS,83.09580827446325,132.1898381213913,594.4625306885721,1461.0528539779455
5156,FIDS156,i,12,IDS,83.705658238513,132.1898381213913,318.8745953806737,2234.472475143776
5157,FIDS156,i,12,IDS,90.97,129.99999999999545,292.89899809270213,2156.061405295729
5158,FIDS156,e,12,IDS,99.24,78.49073645002136,501.43988332894276,1873.226930014203
5159,FIDS156,a,12,IDS,99.56264337981042,187.35662018957555,629.7100664058779,1059.6007982166527
5160,FIDS156,e,12,IDS,101.5676024271154,102.39757288459828,455.28732660116054,1744.286396329355
5162,FIDS156,a,12,IDS,104.04,65.24586797519305,421.55188865317064,1200.1622496499128
5163,FIDS156,æ,12,IDS,106.9322860782013,94.80281319819994,589.9604883132024,1490.403234576926
5164,FIDS156,i,12,IDS,107.404443777367,65.55622263299199,290.5548893931677,2076.3210853519663
5165,FIDS156,e,12,IDS,121.6342651616605,125.73483833951116,534.9144456894758,1841.2471538848781
5166,FIDS156,e,12,IDS,123.1444040909962,135.59590900379703,502.0252969781087,1829.3072242401456
5167,FIDS156,i,12,IDS,128.7774363246658,42.56367533417915,302.8940715714125,2055.9897559697874
5168,FIDS156,i,12,IDS,129.13,69.99999999999318,306.86607534912446,2146.2199241189933
5169,FIDS156,a,12,IDS,129.45,117.54515888111428,615.5154778834504,1156.159452290142
5170,FIDS156,i,12,IDS,135.4101819549163,138.86609257198756,292.54599796815603,1823.2340800678487
5171,FIDS156,i,12,IDS,141.6762038221034,123.79617789662234,291.1850853459796,2085.359171098929
5172,FIDS156,æ,12,IDS,145.37,159.9999999999966,659.979094147162,1425.5795861572722
5173,FIDS156,a,12,IDS,145.98,90.00000000000341,624.6178280623992,1132.2538183031058
5174,FIDS156,a,12,IDS,156.29,85.71769225940784,576.2846100748795,1051.7548028325475
5175,FIDS156,o,12,IDS,159.6112200979873,81.45030429699318,474.6550647223431,811.3328250386271
5176,FIDS156,u,12,IDS,164.167827806807,102.17219319301307,371.14011848616144,1949.0833083225962
5177,FIDS156,o,12,IDS,181.6420947950559,137.9052049441043,397.86280960681717,843.9007689153591
5178,FIDS156,u,12,IDS,183.06,150.00000000000568,369.44302000684445,1473.9180249124713
5179,FIDS156,o,12,IDS,193.18,60.000000000002274,629.6568405568516,1070.8372109759323
5180,FIDS156,o,12,IDS,195.0077596996999,62.24030030008976,619.9523934418253,970.7696140333966
5181,FIDS156,a,12,IDS,198.6514523387417,268.5476612582818,603.5645891766579,1051.733916970075
5182,FIDS156,e,12,IDS,205.32,99.99999999999432,572.5461044090396,1819.1146942204464
5183,FIDS156,u,12,IDS,205.69,144.11604724509175,385.7581010021102,1122.2688235057828
5184,FIDS156,o,12,IDS,211.73,159.9999999999966,594.962738239537,1036.8640601931368
5185,FIDS156,a,12,IDS,212.66,110.00000000001364,576.1577985638735,1119.4962876388931
5187,FIDS156,o,12,IDS,215.5559707549175,248.35666556140268,425.3931570932374,1007.9267891902815
5188,FIDS156,æ,18,IDS,3.59,54.127346665425065,653.7600487310328,1455.1937810376019
5189,FIDS156,o,18,IDS,3.97676542236018,82.99249215598437,538.7193010979357,1120.2626988045724
5190,FIDS156,e,18,IDS,7.047702297456078,232.29770254392258,523.6788614263716,1836.5836282950343
5191,FIDS156,o,18,IDS,8.04545072035389,84.54927964611159,461.5740509551172,933.346970018616
5192,FIDS156,i,18,IDS,9.91821217729255,136.10768713581047,264.8965657209276,2053.761837281726
5193,FIDS156,u,18,IDS,12.89,179.99999999999972,266.40156863122104,750.5858673468913
5194,FIDS156,u,18,IDS,14.48134274836027,58.65725163972968,389.03803832195297,1090.3831628689602
5195,FIDS156,u,18,IDS,14.68459911474675,275.40088525325143,343.8645747700065,857.5160611300995
5196,FIDS156,i,18,IDS,15.58,70.00000000000028,286.38633272262985,1608.8861601751623
5197,FIDS156,æ,18,IDS,19.22,140.00000000000057,713.0619162980589,1327.4351218105528
5199,FIDS156,u,18,IDS,30.99,150.00000000000213,325.29533809224523,725.4274418461655
5200,FIDS156,æ,18,IDS,34.08,221.54872381984347,639.6700305509773,1333.981666623479
5201,FIDS156,e,18,IDS,35.14,60.000000000002274,371.0886764433422,1652.931796513154
5202,FIDS156,æ,18,IDS,35.29996948524963,110.38001456745405,804.2298294637969,1566.1789278274514
5203,FIDS156,u,18,IDS,36.72203715389589,121.16903854772687,311.8429592724298,623.7988471958206
5204,FIDS156,æ,18,IDS,51.97,120.00000000000455,696.781557560058,1394.325826817118
5205,FIDS156,u,18,IDS,54.37,90.00000000000341,334.8702285718505,839.5527815483255
5206,FIDS156,u,18,IDS,57.13,140.00000000000057,313.71622503417814,578.4670907331279
5207,FIDS156,e,18,IDS,62.6,79.9999999999983,426.960988672551,1137.6987542591357
5208,FIDS156,a,18,IDS,64.59,54.27641039382536,575.962566177513,1193.9665815310398
5209,FIDS156,e,18,IDS,66.44,60.000000000002274,560.0056522253487,1516.4698735734773
5210,FIDS156,a,18,IDS,68.02,120.17076830494489,558.5789258293477,1129.033528236639
5211,FIDS156,o,18,IDS,69.0,79.9999999999983,492.2422589017008,1075.5684508791512
5212,FIDS156,o,18,IDS,71.07,202.4206002187583,335.6323397235637,627.7691944981677
5213,FIDS156,æ,18,IDS,84.27044096664564,152.70618556701265,615.3751450902839,1400.4441904584621
5214,FIDS156,i,18,IDS,84.96006291308215,185.9031824293993,361.50129354375736,2518.586853505225
5215,FIDS156,i,18,IDS,88.26364860895828,82.99249215598081,310.7662264956515,2141.918884181892
5216,FIDS156,e,18,IDS,95.070363366914,54.775044822960695,383.0977176198764,1456.110533790733
5217,FIDS156,a,18,IDS,95.33718023715151,151.0463357239189,658.4951655376008,1003.1358509249354
5218,FIDS156,e,18,IDS,96.66,68.30515310844021,493.3588780708748,1773.290526509943
5219,FIDS156,a,18,IDS,97.02873797471312,156.0258852532428,680.1170668835565,1182.796893677492
5220,FIDS156,a,18,IDS,100.02,120.00000000000455,972.0376089279746,1299.9901162369752
5221,FIDS156,a,18,IDS,105.09,158.85507466779814,822.2653634617661,1274.1648378542952
5222,FIDS156,æ,18,IDS,112.056293022897,126.1485880771005,559.2269590800298,1144.0489360934525
5223,FIDS156,i,18,IDS,112.6307384789705,114.52963917520265,313.1511784248854,2197.8495616779574
5224,FIDS156,e,18,IDS,115.2930086212832,134.44783729269716,483.2242016588958,1617.440904556332
5225,FIDS156,e,18,IDS,117.9882950679438,82.99249215590976,565.6656897216644,1601.7930582372346
5226,FIDS156,i,18,IDS,120.56,90.5652102565,362.7874329471061,2222.3341862105312
5227,FIDS156,i,18,IDS,120.97,99.99999999999432,289.79880591330607,1931.3585620835015
5228,FIDS156,a,18,IDS,121.3647235193107,92.95159121469965,617.4345002318321,1094.2466448977777
5229,FIDS156,i,18,IDS,136.622550852489,114.83592785180008,342.58020453682224,1861.0152028189295
5230,FIDS156,i,18,IDS,139.114086313425,119.50918870459759,335.5902960699277,1939.2257221885902
5231,FIDS156,æ,18,IDS,142.0586900425352,87.83932929330263,575.0362225131548,1080.625813703934
5232,FIDS156,a,18,IDS,142.3298943866542,117.84933886150384,589.0253775587751,1061.732465716453
5233,FIDS156,a,18,IDS,143.6652246875192,81.17162033369141,567.9700882511779,1029.967943000971
5234,FIDS156,o,18,IDS,146.8975891292589,77.9420838790088,330.2175185254742,668.3827086731701
5235,FIDS156,u,18,IDS,156.0146723931398,96.27129090100084,321.06190014565107,803.5281068515866
5236,FIDS156,o,18,IDS,175.5559718384599,151.04633572389048,436.6290286829112,890.3051913735345
5237,FIDS156,u,18,IDS,176.1986756428078,112.86978933219416,340.4301469012488,658.0312063060745
5238,FIDS156,o,18,IDS,181.37,210.00000000000796,413.3531757960135,698.5543856252311
5239,FIDS156,æ,18,IDS,185.1006041502055,101.25084043031052,792.9443885994272,1349.1996257191968
5240,FIDS156,o,18,IDS,185.59,90.00000000000341,474.1866426459758,952.9944090096001
5241,FIDS156,a,18,IDS,190.6239312736939,336.0687263061095,667.1448533756869,1071.361836157619
5242,FIDS156,a,18,IDS,193.7328817163212,127.1182836788114,594.2595450147974,963.8225018640626
5243,FIDS156,a,18,IDS,195.1509732391811,161.0054347827088,381.7454953979908,1132.9869654754539
5244,FIDS156,e,18,IDS,200.31,79.99999999998408,560.3522448038743,1753.0692587656595
5245,FIDS156,u,18,IDS,200.65,90.00000000000341,309.27128903631024,589.0839212464955
5246,FIDS156,o,18,IDS,202.8412940034141,108.70599658588276,412.6118781600346,929.5842336832477
5247,FIDS156,a,18,IDS,203.5633187400794,94.6114410577934,564.7317243396641,1060.101343693298
5248,FIDS156,e,18,IDS,204.59,79.99999999998408,639.1116839447532,1405.4936006711246
5249,FIDS156,o,18,IDS,206.0598698942708,174.28423352760092,393.9321152750993,734.029473902202
5250,FIDS156,æ,9,IDS,6.359903307395022,66.12994850760944,833.8042586581583,1790.1034200050121
5251,FIDS156,o,9,IDS,6.705635318890947,84.3646811090526,555.3500473041582,1216.4219108757086
5252,FIDS156,e,9,IDS,8.350338143483448,209.66185651655246,554.9668631011808,1767.6436107393183
5253,FIDS156,o,9,IDS,9.208536459752455,69.61047211327198,499.8764223298004,1122.6305748536342
5254,FIDS156,i,9,IDS,10.43,80.00000000000007,239.3375606861191,1809.1682723048225
5256,FIDS156,u,9,IDS,14.1,99.99999999999964,214.1344234731014,1004.4534832750493
5257,FIDS156,u,9,IDS,14.37518833450099,294.81166549900985,314.8670952007021,745.0778126466855
5258,FIDS156,i,9,IDS,15.13,89.99999999999986,271.0031916417114,2046.6805571321263
5259,FIDS156,æ,9,IDS,19.13203201132179,129.93954794477958,677.1095825203234,1445.0868138302444
5260,FIDS156,æ,9,IDS,21.83233068991525,127.66931008475169,711.5603650622463,1243.4687862518426
5261,FIDS156,æ,9,IDS,24.37,138.60633045153037,911.5467432697783,1473.6939589591052
5262,FIDS156,u,9,IDS,24.86,111.51597000480962,332.5873421856579,813.8619709328449
5263,FIDS156,e,9,IDS,30.24928290683388,82.37239200071045,536.8992871761365,2070.8095470783637
5264,FIDS156,æ,9,IDS,30.46,359.72836461154856,854.0016536247807,1479.6918318245682
5265,FIDS156,u,9,IDS,32.42573565586542,106.73605724034019,418.12877870402605,1401.3080614779365
5266,FIDS156,æ,9,IDS,41.46,141.93072637679904,722.7186421237255,1507.7931620565128
5267,FIDS156,u,9,IDS,43.62,50.00000000000426,343.02871785081993,861.7568209272899
5268,FIDS156,u,9,IDS,45.15121547145132,88.78452854867902,115.85070803325507,413.7014324073105
5269,FIDS156,e,9,IDS,49.28141681887696,98.58318112303976,646.8619408523223,1690.150926982929
5270,FIDS156,a,9,IDS,50.43,69.00265406982697,715.9705484449179,1243.7735099226775
5271,FIDS156,e,9,IDS,53.02,119.99999999999744,607.5881319592369,1604.8750911668014
5272,FIDS156,a,9,IDS,54.64911951540115,96.29448642335348,628.8557890438119,998.4241866420264
5273,FIDS156,o,9,IDS,55.81195992056915,215.79246355114634,386.99072779734513,1104.785449879483
5274,FIDS156,o,9,IDS,58.12031215306459,136.9005951560993,562.1788181452439,1538.3470720171338
5275,FIDS156,æ,9,IDS,63.08477771156466,111.37675538123659,719.8916400880689,1439.5802287065087
5276,FIDS156,i,9,IDS,63.64739321465305,92.81396281770071,268.99751346131114,2122.570052984938
5277,FIDS156,i,9,IDS,66.50654197801525,55.688377690628954,265.19458268555206,1991.2707541150037
5278,FIDS156,e,9,IDS,71.35358800152594,136.41199847405971,473.8339579838086,1833.3688831235224
5279,FIDS156,e,9,IDS,73.81,109.52366090312182,505.4105260665529,1871.1600492466932
5280,FIDS156,a,9,IDS,74.15,109.99999999999943,738.0585358941928,1155.5026242247504
5281,FIDS156,a,9,IDS,75.53851009891387,101.48990108612566,678.4538543137805,1261.172108891834
5282,FIDS156,æ,9,IDS,82.15894449386995,97.4546609585758,465.8642161336473,1557.5031039957921
5283,FIDS156,i,9,IDS,82.61871423700003,69.61047211326843,331.88569827914023,1963.290957175911
5284,FIDS156,e,9,IDS,84.89353991459316,116.4600854068425,502.6594207882382,1346.6907532577684
5285,FIDS156,e,9,IDS,86.48171013407959,108.2898659204119,477.08601209278095,1984.758265925624
5286,FIDS156,i,9,IDS,89.86,70.00000000000739,284.69176973203173,1904.2771245634085
5287,FIDS156,i,9,IDS,90.21974291484392,93.97413735291593,263.390896595363,1780.2524238778503
5288,FIDS156,a,9,IDS,90.56,69.99999999999318,633.3843799335807,1244.597117119145
5289,FIDS156,i,9,IDS,97.16,150.00000000000568,341.3259764088846,2285.1503768727216
5290,FIDS156,i,9,IDS,99.81,109.99999999999943,224.10612374618057,2030.5190869899868
5291,FIDS156,æ,9,IDS,101.72,99.84853757110557,669.1825314748063,1534.3632830581896
5292,FIDS156,a,9,IDS,101.98,109.99999999999943,589.1706259678901,1145.4987296991944
5293,FIDS156,a,9,IDS,104.09,109.64777738600162,572.3836431357597,1039.0205964743502
5294,FIDS156,o,9,IDS,106.370808147668,79.1918523320021,553.3677416097876,1069.1181719436784
5295,FIDS156,i,9,IDS,106.71,40.00000000000625,386.79646951962957,1763.4426896144118
5296,FIDS156,u,9,IDS,110.2710974966191,92.81396281770071,268.64549798103786,738.1658766701364
5297,FIDS156,o,9,IDS,127.9479452173283,91.65378828241444,347.0971072342998,804.3428656271204
5298,FIDS156,u,9,IDS,128.45,140.00000000001478,322.46621027146125,899.3357201419705
5299,FIDS156,o,9,IDS,133.14,150.00000000000568,433.4020102282523,857.6307908498778
5300,FIDS156,æ,9,IDS,135.6989770373981,154.30321318439155,717.9360532816047,1310.3963827666726
5301,FIDS156,o,9,IDS,136.2808563737837,56.84855222580154,552.2511497761504,957.621012553813
5302,FIDS156,a,9,IDS,140.0,192.94001489379298,731.3527834476629,1123.0687768155028
5303,FIDS156,e,9,IDS,144.630153160414,119.84683958598907,556.2083088048636,1639.8122459660465
5304,FIDS156,u,9,IDS,144.9782104146742,93.9741373530012,337.877056656531,856.4025415661995
5305,FIDS156,o,9,IDS,147.3606904171108,264.5197940305195,624.5367576327379,1167.917618738121
5306,FIDS156,a,9,IDS,148.25,110.00000000001364,688.4635128751455,1182.1375648287008
5307,FIDS156,e,9,IDS,149.92,80.0000000000125,663.1178759088398,1749.877404891941
5308,FIDS156,o,9,IDS,151.6451209375329,144.8790624670835,474.27313969700515,818.3625861860951
5309,FIDS157,æ,12,IDS,6.724653540668601,87.972041685342,465.98511355858597,1467.4023212877846
5310,FIDS157,o,12,IDS,7.225928193290743,124.07180670925655,334.2969659268602,846.5583137255489
5311,FIDS157,e,12,IDS,8.65354599360451,68.05384356790789,369.90091693835785,1868.2630846802945
5312,FIDS157,o,12,IDS,9.46252024842298,109.55008964590007,346.90887230417513,822.2409375509804
5313,FIDS157,i,12,IDS,10.87,156.45024057898027,279.45675205973185,2190.6603119981232
5314,FIDS157,u,12,IDS,12.61612950955576,239.31464155818992,264.9066887449237,1022.6717849246411
5315,FIDS157,u,12,IDS,13.78,130.0000000000008,358.19949116436686,967.462118173903
5316,FIDS157,u,12,IDS,14.06591622112736,160.5159181182998,355.29497657568226,600.8127293318971
5317,FIDS157,i,12,IDS,14.55401086137984,99.59099058717946,302.3819973860549,1995.9979354303794
5318,FIDS157,æ,12,IDS,18.15,144.76444721583093,358.6619435764495,1407.1277962460642
5319,FIDS157,æ,12,IDS,19.94377703969994,117.84933886150029,556.7563451844637,1325.227389579183
5320,FIDS157,æ,12,IDS,22.20068832553478,119.3116744652194,508.08295186826166,1451.6080647092322
5321,FIDS157,u,12,IDS,22.76,226.44120335894868,336.4472502112362,953.7815633252987
5322,FIDS157,e,12,IDS,27.59828331197768,89.63189152845885,394.47728041847625,1835.7213802017384
5323,FIDS157,æ,12,IDS,27.75596904707405,159.3455849394907,751.7938065347921,1472.4488001870031
5324,FIDS157,u,12,IDS,28.41305513515115,162.66528462572794,290.4758724099554,1181.6580810921025
5325,FIDS157,æ,12,IDS,37.58,159.80728976720826,475.83440593829073,1446.119253977774
5326,FIDS157,u,12,IDS,39.34,127.03077867990942,315.33246163496716,1243.1555755916747
5327,FIDS157,u,12,IDS,40.66309819871313,96.90180128686876,367.20063692547507,1903.4478034610663
5328,FIDS157,e,12,IDS,44.07293891548778,147.06108451221667,346.05126843165823,1871.8734055075254
5329,FIDS157,a,12,IDS,45.4,142.08167905495372,650.2190135179319,1333.85645083334
5330,FIDS157,e,12,IDS,47.54918174455779,151.760504402759,440.8849530891876,1910.0017655952813
5331,FIDS157,a,12,IDS,49.12,237.7034338164492,494.49538870381554,1083.4074844833804
5332,FIDS157,o,12,IDS,50.32,177.03851140302618,354.5918225614739,723.0456652204514
5333,FIDS157,o,12,IDS,52.57843447609114,90.47260839395221,377.7609808452324,816.7954894591002
5334,FIDS157,æ,12,IDS,59.52,129.82456636549955,502.7668795043087,1437.8493934008275
5335,FIDS157,i,12,IDS,59.98632589287536,137.1681482101934,284.64848346641196,2193.181304932085
5337,FIDS157,i,12,IDS,62.45372697292654,49.614011054742946,274.58171945122353,1924.5986720381823
5338,FIDS157,i,12,IDS,64.99336331929656,112.36114268281483,288.87544362862207,1961.276154229983
5339,FIDS157,e,12,IDS,70.91212009391826,107.87990608173459,393.31445469217596,2018.3610615148775
5340,FIDS157,a,12,IDS,71.28422517682887,200.79241391891856,585.0574031604764,1118.4961598201608
5341,FIDS157,e,12,IDS,73.44739916945895,150.30126878350814,324.64401311590586,1980.514395322948
5342,FIDS157,a,12,IDS,73.93274252913305,224.72228536561545,437.5561337353164,1024.4552644635671
5343,FIDS157,a,12,IDS,75.63,115.15356983773017,368.340901432484,1388.314455066207
5344,FIDS157,a,12,IDS,77.81139704170158,75.15063439174696,551.0199006279311,1210.093424978457
5345,FIDS157,æ,12,IDS,80.49222414115428,132.79044135242657,553.9897926716588,1493.5352042043792
5346,FIDS157,i,12,IDS,80.97366050307762,134.24967697167745,287.3310270833058,2203.396958088799
5347,FIDS157,e,12,IDS,83.06831309059433,119.65732077911184,419.1957691710778,1893.117222156798
5348,FIDS157,u,12,IDS,83.46,174.98765600164745,331.02069200036186,1051.2929753534675
5349,FIDS157,e,12,IDS,84.2604176351245,109.44267144431308,396.5403878655023,1873.7795788168924
5350,FIDS157,i,12,IDS,89.59,49.99999999999716,333.55676239115496,2022.4924106708108
5351,FIDS157,i,12,IDS,89.95321873692588,147.72663603764613,306.4394025269434,2328.4672879991276
5352,FIDS157,i,12,IDS,97.1150874304425,150.2164108023436,258.05959881716547,2044.2857692979458
5353,FIDS157,æ,12,IDS,103.8283909061927,287.9839477812993,484.8849107982271,1417.452036347144
5354,FIDS157,a,12,IDS,104.3563971736577,130.29821268490593,531.6156048159555,1364.1745620988372
5355,FIDS157,æ,12,IDS,105.5143034470553,130.29821268490593,361.70169512714165,1442.2070177363141
5356,FIDS157,a,12,IDS,105.69,199.9477069164044,400.639377919525,1153.0329011999452
5357,FIDS157,a,12,IDS,106.9851903633583,95.44136597939712,526.8959350761837,1182.7100934276348
5358,FIDS157,o,12,IDS,109.7049430455655,78.01294262660008,369.84551214938455,903.5605916132489
5359,FIDS157,i,12,IDS,109.9490501584073,50.949841592697,336.09820855617824,1428.495412010617
5360,FIDS157,u,12,IDS,116.0193864705989,150.21641080230097,369.64741855145684,1826.731887993745
5361,FIDS157,o,12,IDS,131.2277448630606,134.9792947813171,305.8720466614248,634.1568439581552
5362,FIDS157,u,12,IDS,131.7295650832398,156.1382112605827,302.5438127216519,1826.1075011031703
5363,FIDS157,o,12,IDS,142.2393255338069,109.44267144429887,320.1630337880631,760.8186951431791
5365,FIDS157,o,12,IDS,145.9130039220294,124.03502763692131,437.73636437788485,1021.4311314835973
5366,FIDS157,a,12,IDS,148.8453125,265.50405286718615,463.24328149804205,1141.3780668660193
5367,FIDS157,e,12,IDS,153.6300329063965,109.44267144429887,348.28219960325094,1720.147763787123
5368,FIDS157,u,12,IDS,154.0122554076631,105.79458239618589,407.574818876258,2510.8136770881097
5369,FIDS157,u,12,IDS,155.5055667438708,94.85031525170484,360.7649824519429,933.1300432027336
5370,FIDS157,a,12,IDS,156.2313125819328,198.4560442190002,454.4033012366839,1005.2123952150704
5371,FIDS157,e,12,IDS,157.17,170.00000000001592,420.86589987544784,1793.7264087134758
5372,FIDS157,o,12,IDS,158.7125892610084,202.83375107680968,415.71110403466037,487.3083812050462
5373,FIDS157,æ,9,IDS,5.11,60.70133857347404,451.8888392594357,1440.7678851569667
5374,FIDS157,o,9,IDS,5.595679697493241,112.40761140844135,367.70732466596075,831.7345185390758
5375,FIDS157,e,9,IDS,6.748567544782451,87.9720416853429,384.7741377222683,1862.4877913126593
5376,FIDS157,o,9,IDS,7.576004652581644,104.57054011653977,365.63756583387396,829.4317494693541
5377,FIDS157,i,9,IDS,8.847701119358815,105.40046503810174,287.29599128917795,2565.262783944313
5378,FIDS157,u,9,IDS,11.03,200.00000000000108,281.32171797258377,1283.6415293986377
5379,FIDS157,u,9,IDS,12.33576415193463,114.2358480653698,306.1795446636071,771.9279015120994
5380,FIDS157,u,9,IDS,12.60351817199291,159.3455849394907,291.0388694650889,674.0624480069089
5381,FIDS157,i,9,IDS,13.11280464262529,77.19535737470906,322.3628386803647,2266.22904083503
5382,FIDS157,æ,9,IDS,17.0,145.2093938579786,704.8465609780053,1492.044586759335
5383,FIDS157,æ,9,IDS,18.45882569540439,111.17430459561106,547.9849809839474,1413.4418322362312
5384,FIDS157,æ,9,IDS,20.33020904828021,177.60393321380974,561.9531656626574,1549.3684929730032
5385,FIDS157,u,9,IDS,21.19291201219775,111.20993948902225,427.2723458992811,2266.3401133013112
5386,FIDS157,e,9,IDS,22.48404016130089,68.88376848947075,706.8910093453351,2030.716039481432
5387,FIDS157,e,9,IDS,22.61491916664407,96.27129090093689,691.9605441565135,1626.7553794797786
5389,FIDS157,e,9,IDS,27.74819397334517,81.33264231285864,430.8694942779207,1910.2850638700424
5390,FIDS157,æ,9,IDS,27.95,202.05568053926015,446.8851819263083,1551.5220187670566
5391,FIDS157,u,9,IDS,29.04848411459781,162.6652846257315,299.6444245764125,884.9387278980968
5392,FIDS157,æ,9,IDS,38.71044221953562,131.1281376064457,756.9302901650988,1527.74535693796
5393,FIDS157,u,9,IDS,39.90523005976188,187.56303227253568,291.6301537456039,870.1820994184093
5394,FIDS157,u,9,IDS,41.33186098114593,157.68573509637207,221.04087586433374,1225.9087429855228
5395,FIDS157,e,9,IDS,49.41132935757332,148.67064242667993,420.57504497343945,1820.6183015431966
5396,FIDS157,a,9,IDS,50.69,154.24864454671194,554.7931792269953,1118.8713945273325
5397,FIDS157,e,9,IDS,52.66172665328714,108.27334671286337,334.4997249661671,1959.7606090441132
5398,FIDS157,a,9,IDS,57.05,210.00000000000085,591.3627987436925,1115.8665304057904
5399,FIDS157,o,9,IDS,58.36,189.99999999999773,377.92553894270515,712.6094443800952
5400,FIDS157,o,9,IDS,61.23440628333215,105.59371666785466,376.8230451825149,808.1382980873266
5401,FIDS157,æ,9,IDS,68.79,185.7624073614943,648.2765001557004,1386.5615525944286
5402,FIDS157,i,9,IDS,69.49749335135579,132.78798744957498,258.8118854589395,2334.2232612027374
5403,FIDS157,i,9,IDS,71.94004387720435,114.52963917525949,254.92448967651666,2269.4932614869253
5404,FIDS157,æ,9,IDS,87.0,129.99999999999545,560.3937529925787,1411.2327116083827
5405,FIDS157,i,9,IDS,87.44450961865395,63.680491646394444,298.04456371255105,2174.9327594980714
5406,FIDS157,e,9,IDS,89.38646394421811,136.10768713581933,419.93412585239014,2004.9006256038529
5407,FIDS157,e,9,IDS,90.79969754139056,104.57054011654066,355.46223300376226,1985.5944851557797
5408,FIDS157,i,9,IDS,92.38681519104658,43.18480895342702,274.6627928784761,2049.5023412418086
5409,FIDS157,i,9,IDS,92.74877164274984,83.82241707751348,269.1477528588808,2273.9082483837037
5410,FIDS157,a,9,IDS,93.07267728623847,109.55008964589297,576.5668260104777,1176.4275096079316
5411,FIDS157,i,9,IDS,107.1185873704742,147.0649396070911,365.76162185197967,2078.8378138828975
5412,FIDS157,i,9,IDS,109.5900285130118,150.21641080230097,250.50801160184056,2144.537613227667
5413,FIDS157,i,9,IDS,112.351530480517,88.46951948299875,267.33515567168547,1938.4059248103238
5414,FIDS157,æ,9,IDS,115.5071749141072,133.61791237110765,588.0447381779329,1500.7371051250905
5415,FIDS157,a,9,IDS,115.8577084011874,112.8697893321089,643.9802195549639,1057.698981646546
5416,FIDS157,a,9,IDS,116.735026135859,94.97386414099651,545.9301584656183,1007.3080429457193
5417,FIDS157,o,9,IDS,118.8042712189357,65.72878106430835,408.17543715100055,935.7176845938917
5418,FIDS157,u,9,IDS,122.5389962546329,162.66528462568886,363.66955133826514,893.1916132693732
5419,FIDS157,u,9,IDS,126.2442529017645,104.57054011649802,232.7664604529195,802.7141566968479
5420,FIDS157,o,9,IDS,141.6683641733738,149.38648588082515,357.4971871281786,753.9194160101838
5421,FIDS157,u,9,IDS,142.18,197.33111890028,396.18277047076594,1884.9902005349568
5422,FIDS157,o,9,IDS,146.4412041710125,118.7958289875155,445.12685999798924,753.2087111171983
5423,FIDS157,o,9,IDS,150.5430422133217,95.44136597929764,325.8403443870568,802.6405554713187
5424,FIDS157,æ,9,IDS,153.35,254.21872029920678,590.8747511882124,1519.6482354183845
5425,FIDS157,o,9,IDS,154.1496664408211,97.9311407439809,327.8395451866279,721.3080084880422
5426,FIDS157,a,9,IDS,156.99,285.0980173954838,475.2173315676062,1103.7044553775443
5427,FIDS157,e,9,IDS,158.7120313120791,111.20993948901514,376.9118348837228,1987.816206147728
5428,FIDS157,u,9,IDS,159.0832426565283,136.757343471686,411.23315585447347,1224.456341585531
5429,FIDS157,o,9,IDS,161.8557830340171,44.216965982911915,584.1319845402575,1558.0073147933397
5430,FIDS157,a,9,IDS,162.6465501069918,140.25731174359635,572.07526249457,1051.0654963172342
5431,FIDS157,e,9,IDS,164.04,129.99999999999545,383.2965432267503,1873.2493868781987
5432,FIDS157,o,9,IDS,165.3622250729014,139.42738682200684,337.2408522213502,848.6578682229473
5433,FIDS158,æ,12,IDS,3.62,83.5521722730479,614.2691881044316,1483.057165582281
5434,FIDS158,o,12,IDS,4.031825936288251,88.17406371174918,470.5958016845958,1169.520376473767
5435,FIDS158,e,12,IDS,5.12,99.99999999999964,424.6705774869795,1912.3972722715248
5436,FIDS158,o,12,IDS,5.92,74.65933283370063,492.03335711752743,1113.4582082847353
5437,FIDS158,i,12,IDS,7.297447334561896,112.55266543810372,364.9108653642886,1531.026652854212
5438,FIDS158,u,12,IDS,9.513564280038018,206.4357199619824,313.0275107264121,532.3190199668009
5439,FIDS158,u,12,IDS,13.13974651226146,269.923491338389,761.1662034210722,1600.7369406915375
5440,FIDS158,u,12,IDS,13.88376639223268,216.23360776731994,418.28309320292055,1850.2396307668955
5441,FIDS158,i,12,IDS,14.96,89.99999999999986,385.90071721667346,2085.0889744973365
5443,FIDS158,æ,12,IDS,23.57,79.9999999999983,592.0017485454978,1359.8841095944063
5444,FIDS158,æ,12,IDS,25.13,109.99999999999943,583.9274955204709,1396.218613989157
5445,FIDS158,u,12,IDS,25.57,150.3710235021991,332.93753678505664,568.7695072127253
5446,FIDS158,e,12,IDS,32.94,73.56202422004543,551.6719826338481,1510.868093987348
5447,FIDS158,æ,12,IDS,33.06,117.93850932996719,573.1945731636948,1263.7868721258337
5448,FIDS158,u,12,IDS,34.42,124.25041887107113,343.68582361377474,667.7858268292536
5449,FIDS158,æ,12,IDS,46.2,103.21345306171992,584.4215856408373,1418.946650588223
5450,FIDS158,u,12,IDS,48.13,119.99999999999744,305.1066604189348,691.6296412503759
5451,FIDS158,u,12,IDS,49.36,151.36837265664838,400.0614957708489,1917.1645178608323
5452,FIDS158,e,12,IDS,54.79447473283598,115.52526716401701,472.6714649021631,1527.1445720884358
5453,FIDS158,a,12,IDS,56.06,119.99999999999744,668.2682219467093,1307.6829260092472
5454,FIDS158,e,12,IDS,57.75032171714532,88.2442183221741,411.3883523004215,1353.6863342402876
5455,FIDS158,a,12,IDS,59.18,119.99999999999744,461.80071244810415,754.1874179059221
5456,FIDS158,o,12,IDS,60.07,100.00000000000142,402.00959712401476,743.3205245326919
5457,FIDS158,o,12,IDS,63.19,90.00000000000341,386.9682895000951,890.7344984685233
5458,FIDS158,æ,12,IDS,70.69,111.63656987891102,591.1964755809596,1448.762170375203
5459,FIDS158,i,12,IDS,71.1615345583301,115.92867897226711,379.03267906559114,2634.6405920094967
5460,FIDS158,i,12,IDS,73.11194323519462,98.05676480537784,333.04618232667957,2495.0774180615385
5461,FIDS158,a,12,IDS,78.06,160.42056637266455,564.2303967154534,949.2424301858873
5462,FIDS158,e,12,IDS,79.34,79.9999999999983,594.2914633341187,1599.9920154109116
5463,FIDS158,a,12,IDS,79.83,260.0000000000051,593.2074633695324,1002.0585571244706
5464,FIDS158,a,12,IDS,86.29,119.99999999999034,551.8617645341884,1114.1058364634898
5465,FIDS158,æ,12,IDS,88.33098173770782,107.2772850191086,559.7808973938655,1239.3958954398454
5466,FIDS158,i,12,IDS,88.77584702619389,67.4808728345937,354.3127419631823,1914.9148533572707
5467,FIDS158,e,12,IDS,95.01,59.99999999998806,472.54335307347185,1590.8231449886134
5468,FIDS158,i,12,IDS,96.63621939288647,43.78060711353271,346.85340757913815,1581.436741743996
5469,FIDS158,i,12,IDS,96.98,69.99999999999318,375.5700233709966,1823.0940330632484
5470,FIDS158,a,12,IDS,97.32,90.00000000000341,618.4497390257866,1089.5873105290689
5471,FIDS158,i,12,IDS,104.7682283284723,115.92867897229553,378.13004518903324,2250.4618509161123
5472,FIDS158,i,12,IDS,108.1047911571618,83.05338195030743,348.25537815075256,1951.799931862677
5473,FIDS158,æ,12,IDS,113.92,107.30869552340039,700.1825389396803,1416.7777924184434
5474,FIDS158,a,12,IDS,114.23,69.99999999999318,570.8348697291071,938.6156120205355
5475,FIDS158,a,12,IDS,114.73,71.4606708753962,557.6249876027878,944.1840467495604
5476,FIDS158,o,12,IDS,116.5580408139836,81.95918601640528,456.9771183561119,941.3653841387284
5477,FIDS158,i,12,IDS,116.8435368144377,46.463185562302556,377.18195946604806,1367.329816542373
5478,FIDS158,u,12,IDS,121.2965340508776,117.65895776279933,442.9546266701436,1669.654524816649
5480,FIDS158,u,12,IDS,132.18,120.14002667800128,326.33623291822136,1191.2201302945691
5481,FIDS158,o,12,IDS,138.28,99.99999999999432,412.86887528747957,870.4154275225172
5482,FIDS158,e,12,IDS,140.942302839825,133.23146687849885,667.710133117965,1295.4297382509603
5483,FIDS158,o,12,IDS,141.55,109.99999999998522,470.59885809784555,762.4976242928838
5484,FIDS158,a,12,IDS,143.4649918993893,152.2645335755044,611.9497694344093,978.4517897693657
5485,FIDS158,e,12,IDS,146.0,80.0000000000125,466.17890854990526,1607.8675369402097
5486,FIDS158,u,12,IDS,146.4,118.74741882468243,354.98200367694005,714.4414953731207
5487,FIDS158,o,12,IDS,147.91,69.99999999999318,414.0943220921771,971.7595110629877
5488,FIDS158,a,12,IDS,148.68,107.12280537180163,546.316786398257,910.9903359706623
5489,FIDS158,e,12,IDS,149.54,99.99999999999432,530.0451646757645,1634.2673031339573
5491,FIDS158,æ,15,IDS,6.36,86.98014431140955,551.2321871852641,1264.2194373441544
5492,FIDS158,o,15,IDS,6.832725515122439,157.27448487756135,443.6610789956819,789.7606475757703
5493,FIDS158,e,15,IDS,8.613615931335769,171.3227177541583,437.1427147389208,2171.865618211491
5494,FIDS158,o,15,IDS,9.733260876657852,129.13130218783664,398.84078039859145,878.3566374307208
5495,FIDS158,i,15,IDS,12.52,100.11887381647,328.09866072699094,2304.7558754293605
5496,FIDS158,u,15,IDS,20.87,160.00000000000014,328.3112712868828,649.1287224276866
5497,FIDS158,u,15,IDS,21.2,117.77016988083133,328.42257338105185,515.3259911903235
5498,FIDS158,i,15,IDS,21.65,89.99999999999986,405.1247674175544,2193.0517685645973
5500,FIDS158,æ,15,IDS,35.93,97.45748324940706,626.2367417366743,1358.11760813337
5501,FIDS158,u,15,IDS,38.14,159.9999999999966,351.50614378712123,801.3800026692251
5502,FIDS158,æ,15,IDS,40.29303699373956,117.62455248791781,514.0354188465974,1632.5938630255118
5503,FIDS158,u,15,IDS,41.16769382544678,122.30617455321635,409.48050639582857,2327.7517361864147
5504,FIDS158,æ,15,IDS,51.24956718663259,90.43281336741416,610.2376427531076,1388.5924005015295
5505,FIDS158,u,15,IDS,52.96789608306921,92.1039169307889,309.64964452590675,880.472244333341
5506,FIDS158,u,15,IDS,54.09,237.21770242138973,559.4824084188494,1798.1140760885328
5508,FIDS158,a,15,IDS,58.59033471352537,151.67202107510036,575.4624824290183,993.1657391330207
5509,FIDS158,a,15,IDS,61.53,135.06638221928569,580.3805883414952,1199.364588236979
5510,FIDS158,o,15,IDS,62.85,100.00000000000142,431.74042240181745,919.6623918340536
5511,FIDS158,o,15,IDS,64.54,88.83337265096714,398.0091904116025,887.9245925671313
5512,FIDS158,æ,15,IDS,68.94318604963479,124.01719121010046,461.16184730693135,1322.9820772445537
5513,FIDS158,i,15,IDS,69.53360684846173,136.80246865445156,336.0244956018141,2278.855651673199
5514,FIDS158,i,15,IDS,72.25,111.05236715349065,240.25673899301455,2070.9277453869972
5515,FIDS158,e,15,IDS,79.42,148.16646670159628,504.77208799151947,1480.7575218018244
5516,FIDS158,a,15,IDS,79.78,127.48196509706133,560.5054639205856,1088.6727822660005
5517,FIDS158,e,15,IDS,85.39,115.05301539190782,549.8246765161667,1671.2132803264742
5518,FIDS158,a,15,IDS,85.76697030719785,173.02969280214597,629.7855559940253,1190.7619314698238
5519,FIDS158,a,15,IDS,88.03,159.9999999999966,558.5428282678199,1044.139027444131
5520,FIDS158,æ,15,IDS,93.1645069173684,108.67485827688483,609.5674852565862,1436.9196543819291
5521,FIDS158,i,15,IDS,93.54502718829524,80.54724789936074,409.4622146446186,2278.3646076814457
5522,FIDS158,e,15,IDS,97.29926550790888,93.3325253436692,512.8300573585818,2003.8098559818882
5523,FIDS158,e,15,IDS,98.45,93.61418636456165,451.1747277193854,1867.5294789279474
5524,FIDS158,i,15,IDS,101.03,59.50814937530424,356.6872457675067,2190.0293860105235
5525,FIDS158,i,15,IDS,101.386126586084,73.87341391599023,307.5788182729231,2184.1362138514555
5526,FIDS158,a,15,IDS,101.73,113.07485336939749,516.1459400572344,1106.955793812359
5527,FIDS158,i,15,IDS,109.08,120.00000000000455,309.54947762547386,2094.572083711641
5528,FIDS158,i,15,IDS,110.7235884824964,126.41151750359825,653.615440850073,1050.8485658399813
5529,FIDS158,a,15,IDS,112.59,88.13669413999037,609.4602258058029,962.9627687777688
5530,FIDS158,a,15,IDS,113.18,89.9999999999892,619.8679857585942,1079.121189378337
5531,FIDS158,o,15,IDS,114.7,60.000000000002274,413.4538707699402,942.1578158996574
5532,FIDS158,i,15,IDS,114.9670219313139,70.31902594380313,357.8404481484659,1565.4260831171057
5533,FIDS158,u,15,IDS,118.9106879021126,109.31209788739693,394.62884939056,1681.4909924932472
5534,FIDS158,o,15,IDS,128.7012378333711,116.34602474350686,433.3541831643218,955.7290677077073
5535,FIDS158,u,15,IDS,129.24,149.99999999997726,365.93354819674977,1725.169703787567
5536,FIDS158,o,15,IDS,134.06,109.99999999998522,450.1989213160184,812.1991673379678
5537,FIDS158,æ,15,IDS,139.87,94.82594010540879,575.1762530050025,1471.0311878929397
5538,FIDS158,o,15,IDS,140.321644844095,99.47678535468185,502.1025030496768,1098.6623244822504
5539,FIDS158,a,15,IDS,141.9319908291689,192.4659542731888,720.7684789850681,1479.5670569423596
5540,FIDS158,e,15,IDS,143.2397003612741,112.45201822700324,538.9115425254273,1265.8960737155317
5541,FIDS158,u,15,IDS,144.1654191673681,226.11943161109593,719.611386887259,1789.6087919762203
5542,FIDS158,o,15,IDS,149.77,69.99999999999318,498.3302296575791,1159.7034928551095
5543,FIDS158,a,15,IDS,150.71,99.99999999999432,791.0787906006697,1324.6354252069805
5544,FIDS158,e,15,IDS,151.5428943859674,135.13571094489407,536.1368530646902,1637.5429073107912
5545,FIDS158,o,15,IDS,152.8268061386757,92.80404245620844,423.6590591454185,976.9151220942797
5546,FIDS158,i,18,IDS,11.26072122926942,59.27877073058063,332.3957722113737,1708.4164603372906
5547,FIDS158,u,18,IDS,13.31,279.9999999999994,296.2695015076385,742.3257155752588
5548,FIDS158,u,18,IDS,14.41390162763341,136.09837236659138,322.9683167519545,539.6672858894898
5549,FIDS158,u,18,IDS,14.71,219.99999999999886,307.91612390655564,653.2961359899705
5550,FIDS158,i,18,IDS,15.75,80.00000000000007,286.71705476364326,1897.4247353487535
5551,FIDS158,æ,18,IDS,19.44120958930985,98.7904106901496,559.091096359498,1394.4987439846022
5552,FIDS158,æ,18,IDS,28.35930111216967,70.69888783032852,540.2238480241488,1506.6300093639393
5553,FIDS158,u,18,IDS,31.72966599899177,110.33400100822988,355.87816585697647,736.9947189763129
5554,FIDS158,æ,18,IDS,33.24941737169454,92.95159121470675,657.2863933565477,1296.0486093766876
5555,FIDS158,u,18,IDS,33.69978309894687,130.21690105313155,404.0364253341717,705.8636169956316
5556,FIDS158,e,18,IDS,34.89,39.99999999999915,426.1102991768106,1786.6014398671693
5557,FIDS158,æ,18,IDS,35.0,116.77113682220863,522.8572704242654,1465.4848135142631
5558,FIDS158,u,18,IDS,35.80469251389085,125.30748610915055,318.5036062248613,824.7664313764213
5559,FIDS158,u,18,IDS,43.4,89.49815210981171,356.3664013389452,1136.2604947322072
5560,FIDS158,æ,18,IDS,44.71,164.54024300035996,533.250383034268,1429.122782152721
5561,FIDS158,u,18,IDS,45.64508803399503,126.2238810657621,299.81919314887256,744.9833805088167
5562,FIDS158,e,18,IDS,50.9200625,129.93749999999693,564.874877022309,1721.0009988671454
5563,FIDS158,a,18,IDS,52.4,109.99999999999943,615.3527635986773,1037.9433176449609
5564,FIDS158,e,18,IDS,53.55,109.99999999999943,590.3165523256523,1481.5422120779472
5565,FIDS158,a,18,IDS,57.2,89.9999999999963,590.8901076884961,1085.01082474293
5566,FIDS158,o,18,IDS,57.97620912550117,76.60987001101205,504.2191693233954,1058.6078712948138
5567,FIDS158,o,18,IDS,59.94,60.000000000002274,514.5955585149243,1093.4336745197797
5568,FIDS158,æ,18,IDS,63.57185185467154,143.00509068720402,609.3924195602683,962.9638983216405
5569,FIDS158,i,18,IDS,64.17055347145823,121.11655639836272,348.90324735141144,2160.4835995055346
5570,FIDS158,i,18,IDS,66.88742928650646,77.33948782063749,327.9630898307457,2414.273736917159
5571,FIDS158,e,18,IDS,71.01541218395079,121.11655639834851,517.2798169076455,1738.5801187570914
5572,FIDS158,a,18,IDS,71.39384535447387,106.15464552613219,610.1541675904945,988.2873059636369
5573,FIDS158,e,18,IDS,72.67665623185466,75.8802522013724,613.0108859560142,1743.7172700497902
5574,FIDS158,a,18,IDS,73.04,128.60851189630296,641.3466291179794,1146.9807501174648
5575,FIDS158,a,18,IDS,74.767625,129.80267136455836,502.16623028409236,1341.1412594020521
5576,FIDS158,a,18,IDS,77.48,59.295231244320235,536.7682505549797,1078.1121190479946
5577,FIDS158,æ,18,IDS,80.46695642387675,119.65732077909763,629.2301582117698,1279.4694007191843
5578,FIDS158,i,18,IDS,81.0833297205005,102.14649334801607,355.9034242275465,2322.0482499522896
5579,FIDS158,e,18,IDS,83.05,107.98772173272653,538.8099864474808,1897.5620301173813
5580,FIDS158,e,18,IDS,84.43697632152447,83.02367847552716,394.78915031047586,1904.757034509029
5581,FIDS158,i,18,IDS,86.45,49.99999999999716,408.24086563684307,2123.0340484643493
5582,FIDS158,i,18,IDS,86.89993215039114,60.06784960885625,342.0210066356351,2255.9839617934294
5583,FIDS158,a,18,IDS,87.22826016472402,91.73983527597329,584.7254449260892,1035.5273949760358
5584,FIDS158,i,18,IDS,94.8895590302362,145.92356192572709,318.65097343688217,2213.5776669175075
5585,FIDS158,i,18,IDS,97.19,95.43874405696329,330.5572687040704,2079.516338482892
5586,FIDS158,æ,18,IDS,99.24,63.0751637065714,582.3138529006484,1169.2997921714148
5587,FIDS158,a,18,IDS,99.47672420239816,93.39107963248239,660.7078858805748,1115.8822254232896
5588,FIDS158,a,18,IDS,101.05,100.00000000000853,653.2211923481734,1107.9881452560298
5589,FIDS158,o,18,IDS,103.7053456341313,44.65436586869487,507.82309572195595,1094.505857147617
5590,FIDS158,u,18,IDS,107.1606680193963,132.79044135239815,299.469348816594,631.7801290033492
5591,FIDS158,o,18,IDS,117.1520602789791,97.93972102089299,409.46949516627683,860.9434158515681
5592,FIDS158,u,18,IDS,117.6,130.00000000000966,299.5680704841602,758.870366307072
5593,FIDS158,o,18,IDS,122.03,109.99999999999943,412.0242712220047,722.8973704632256
5594,FIDS158,æ,18,IDS,124.5711796304696,248.82036953039233,759.3574512472402,1331.7349806158022
5595,FIDS158,o,18,IDS,125.27,118.15546466030469,345.57258700714374,712.3619623486002
5596,FIDS158,a,18,IDS,128.1603861397896,151.76050440268796,574.5780955163406,926.3393239491064
5597,FIDS158,e,18,IDS,129.5,80.0000000000125,472.5434272604643,1471.1446689098507
5598,FIDS158,u,18,IDS,129.8988645193241,91.13548067591637,335.5893802509629,705.0093823075546
5599,FIDS158,o,18,IDS,131.58,93.22125177320117,484.68294021835266,1014.9655664862223
5600,FIDS158,a,18,IDS,132.3324678106244,96.30955087089887,572.4456960241812,1039.154159826441
5601,FIDS158,e,18,IDS,133.12,99.99999999999432,572.005914038421,1626.035088732045
5602,FIDS158,o,18,IDS,134.1681328751106,91.8671248894043,496.19382680509517,1008.1936745243137
5603,FIDS158,æ,9,IDS,3.4,46.70405412474521,640.9846131041329,1663.5163757257355
5604,FIDS158,o,9,IDS,3.784753030200495,96.67056694727717,460.7126763499009,839.306122965174
5605,FIDS158,o,9,IDS,4.791134995640411,81.33264231286486,508.224460391699,1179.097810892585
5606,FIDS158,i,9,IDS,6.804686729805351,120.33911362617732,308.82581222883516,2052.269197257925
5607,FIDS158,u,9,IDS,9.28,160.00000000000014,372.89034063979693,722.7779913219892
5608,FIDS158,u,9,IDS,9.6,269.99999999999955,379.5398956985865,920.8044610450634
5609,FIDS158,i,9,IDS,10.26,88.58919452898029,333.752565265944,2084.9310744168843
5610,FIDS158,æ,9,IDS,14.6,88.90647280624009,538.390317374229,1476.246551964153
5611,FIDS158,æ,9,IDS,15.72,72.50325210425856,499.65719222895933,1408.3533903085636
5612,FIDS158,u,9,IDS,17.49239560145519,124.48873823397122,450.5609491331834,1937.654872360322
5613,FIDS158,e,9,IDS,25.34,80.00000000000185,551.3333640877595,1818.8200848133013
5614,FIDS158,æ,9,IDS,25.47,102.36273071395274,649.4604177999586,1408.7068973158903
5615,FIDS158,u,9,IDS,26.54339596973234,90.1994190970683,387.0333029757174,618.2032916424467
5616,FIDS158,u,9,IDS,27.55641575735989,51.870307597489784,397.3652582708419,1202.3824029964835
5617,FIDS158,æ,9,IDS,39.6,115.57371350048129,543.447257289955,1539.2477544803892
5618,FIDS158,u,9,IDS,40.98,127.08150402569629,291.77648770949753,1014.761516155068
5619,FIDS158,u,9,IDS,42.62,108.25035811551942,292.9448713422499,697.5759464895435
5621,FIDS158,a,9,IDS,52.68,104.6362722579417,618.1033199122268,1094.9215287791403
5622,FIDS158,e,9,IDS,54.1,79.9999999999983,491.7724292541584,1373.8958750624756
5623,FIDS158,a,9,IDS,55.66,100.07981862603543,507.518974002806,1001.8758370633182
5624,FIDS158,o,9,IDS,56.54,60.000000000002274,406.2597309156548,746.5177005624998
5625,FIDS158,o,9,IDS,57.58,66.67872762854898,437.12133547421826,976.1826368617651
5626,FIDS158,æ,9,IDS,64.14604123951288,100.42091550874943,646.8419062067561,1358.52656262034
5627,FIDS158,i,9,IDS,64.78652265344819,88.80196660692263,288.593505266771,2150.6273865381618
5628,FIDS158,i,9,IDS,70.97697402576676,79.67279246975068,277.30959811308514,1906.2429514112775
5629,FIDS158,e,9,IDS,78.93187193573564,60.584519273888304,438.22943181175646,1301.80709322733
5630,FIDS158,a,9,IDS,79.24071319245913,126.14858807711471,484.25902203930843,1072.6311301755586
5631,FIDS158,e,9,IDS,82.06016837796068,58.92466943075192,496.1184503620385,1287.9945308597153
5632,FIDS158,a,9,IDS,82.36253425929192,133.61791237115028,519.2144567956,1094.0774786249187
5633,FIDS158,a,9,IDS,84.81700466267212,42.995337327880634,459.5939026693999,947.4608914567374
5634,FIDS158,æ,9,IDS,87.56854836343376,107.890239802785,579.9052270141316,1123.8430662044807
5635,FIDS158,i,9,IDS,88.01337341385963,119.50918870464022,314.56736193810264,1357.4679382059724
5636,FIDS158,e,9,IDS,91.12551657139794,114.48342860205685,501.5443636885378,1842.249754251723
5637,FIDS158,e,9,IDS,98.52953964605204,170.96453384135657,525.0491310273641,1590.3130740707797
5638,FIDS158,i,9,IDS,99.93799055527076,52.28527005827743,461.8083569751824,1283.7660191810896
5639,FIDS158,i,9,IDS,100.2665388298056,59.754594352298795,747.8453428792667,1568.3519227361671
5640,FIDS158,a,9,IDS,100.5536928526653,66.30714733469745,679.2762139801148,1246.5430150715506
5641,FIDS158,i,9,IDS,109.9372439118315,122.75608816850081,387.73672520284634,2234.0477323424006
5642,FIDS158,i,9,IDS,111.6567907798279,73.20922017210307,398.3264648561542,2103.1483951661016
5643,FIDS158,a,9,IDS,115.6,87.14156876641255,508.61358572965935,934.6399270442704
5644,FIDS158,u,9,IDS,125.1232170450256,107.89023980279921,330.267512399464,778.3050951824348
5645,FIDS158,o,9,IDS,140.0780301495817,82.99249215599502,509.7723733730326,971.477771131001
5646,FIDS158,o,9,IDS,152.0241346150707,54.77504482300333,395.94394954318756,1106.650314073485
5647,FIDS158,u,9,IDS,152.31,95.90007898830777,425.47264338299277,1742.1228435144271
5648,FIDS158,o,9,IDS,159.448741731511,106.23038942358676,531.3007690340552,1450.5232039696944
5649,FIDS158,o,9,IDS,163.9623254192162,69.71369341098921,512.6431222449605,929.5920733985997
5650,FIDS158,e,9,IDS,174.77,60.000000000002274,428.0394959900378,1577.2993033529215
5651,FIDS158,u,9,IDS,175.0512374486903,118.76255130968616,373.9782376695596,660.4365229067794
5652,FIDS158,u,9,IDS,176.564584965504,79.67279246969383,477.42600015890747,1797.1275349130624
5653,FIDS158,a,9,IDS,177.08,90.84568099038393,526.3106270314407,1128.4312435152451
5654,FIDS158,e,9,IDS,178.38,79.29438421140844,520.608035530702,1611.2097980913827
5655,FIDS158,o,9,IDS,179.6009074963746,117.84933886150384,399.2880448016011,725.0889399696849
5656,FIDS159,o,12,IDS,3.174863245979245,126.34888541539402,390.96991923204655,980.678872722399
5657,FIDS159,e,12,IDS,4.404375344936801,73.80776474760609,561.1825286336382,2091.3224212454247
5658,FIDS159,o,12,IDS,5.017620984797863,113.83909478020638,458.38200768549484,1037.1596212335894
5659,FIDS159,i,12,IDS,6.355675594385242,94.32440561475808,309.8022256789205,1631.019443726023
5660,FIDS159,u,12,IDS,8.52,167.08699145608108,249.47257834782133,1007.3450791829671
5661,FIDS159,u,12,IDS,9.62,80.00000000000007,324.52789534176827,981.410999508917
5662,FIDS159,u,12,IDS,9.86427122659258,161.37629919392003,313.85633976201046,621.4501609579999
5663,FIDS159,i,12,IDS,10.36463608284065,95.36391715935011,355.98465299899175,2311.262596615649
5664,FIDS159,æ,12,IDS,13.4,107.5599167605592,667.0383293060992,1543.1634160097424
5665,FIDS159,æ,12,IDS,17.63,100.00000000000142,664.1977878652294,1484.6871367178196
5666,FIDS159,u,12,IDS,20.23,99.99999999999787,318.09945842762073,1008.0403084525749
5667,FIDS159,e,12,IDS,22.01748774458013,57.54503692185864,633.775886060717,1543.7417708452044
5668,FIDS159,æ,12,IDS,22.09,63.844462503670485,737.312073888773,1513.8365167355053
5669,FIDS159,u,12,IDS,27.05724114858091,98.82734601798049,303.4876693922934,861.434046325882
5670,FIDS159,æ,12,IDS,38.57,140.00000000000057,719.853792544703,1461.0251610362998
5671,FIDS159,u,12,IDS,40.82843891848771,96.3253878909498,368.370461990644,1138.3250442613619
5672,FIDS159,u,12,IDS,42.74685456970415,133.1454302958548,349.10284499850985,694.0120940755346
5673,FIDS159,e,12,IDS,54.58696717923147,83.0328207685298,593.3869817436705,1455.904460893512
5674,FIDS159,a,12,IDS,57.43712220676313,102.87779323687118,732.2465440031586,1181.0422045645375
5675,FIDS159,e,12,IDS,60.12862908643996,75.05874381111965,592.7154235185789,1796.8813547487648
5676,FIDS159,a,12,IDS,73.81,109.99999999999943,530.1947360749382,1071.7848963550214
5677,FIDS159,o,12,IDS,74.4830222295234,76.97777047660281,451.25477288947405,1072.3892252755957
5678,FIDS159,o,12,IDS,76.5276126790875,146.24647128025003,545.9204956427011,1341.6309524761518
5679,FIDS159,æ,12,IDS,93.14749454658836,94.2904880622848,645.5147733395058,1592.0903508473448
5680,FIDS159,i,12,IDS,93.53235368153638,115.45774048440194,401.117821407713,2267.849708957747
5681,FIDS159,i,12,IDS,96.49,90.00000000000341,316.9970673898376,2201.4791396394894
5682,FIDS159,e,12,IDS,102.79,79.9999999999983,458.50530469909205,1946.046982508255
5683,FIDS159,e,12,IDS,104.4883211935248,71.67880647520519,456.8425162343673,1796.7806904367685
5684,FIDS159,a,12,IDS,104.75,129.99999999999545,717.5866035847699,1101.118635255479
5685,FIDS159,a,12,IDS,106.59,99.99999999999432,579.6381059810634,1123.372697981234
5686,FIDS159,æ,12,IDS,111.3318480938876,98.1519061124061,669.5807818492985,1432.6566313613453
5687,FIDS159,i,12,IDS,111.7279658633501,62.03413664991331,301.4288283532019,2198.0426283365914
5688,FIDS159,e,12,IDS,116.58,129.99999999999545,427.15448223938586,2123.544152571618
5689,FIDS159,e,12,IDS,117.9546745669577,105.32543304229591,473.2297495297426,1981.9122894484299
5690,FIDS159,i,12,IDS,121.626534318089,51.95598321799366,242.48518029242575,1906.6030839129126
5691,FIDS159,i,12,IDS,121.87861705148,61.38294851999149,364.82743121918134,2059.9238570420052
5692,FIDS159,a,12,IDS,122.2,142.3723090922948,594.3413940293193,1089.6086123751743
5693,FIDS159,i,12,IDS,129.68,99.99999999999432,329.80450806609485,2279.839209801725
5694,FIDS159,i,12,IDS,132.41,99.99999999999432,390.89433914650044,2216.5280767377985
5695,FIDS159,æ,12,IDS,139.27,61.779666888298834,585.4546225888336,1490.4157899674883
5696,FIDS159,a,12,IDS,139.47,99.99999999999432,576.4844436602962,1013.3297037080678
5697,FIDS159,a,12,IDS,142.2,93.55501780589748,537.4632972557017,1314.2091609501554
5698,FIDS159,o,12,IDS,145.3,79.99999999998408,446.5052306579471,1021.0392027877358
5699,FIDS159,i,12,IDS,145.57,40.000000000020464,405.1285422725703,1578.2915659075366
5700,FIDS159,u,12,IDS,150.8477586447364,86.59330536332277,358.3123021701176,720.0840949123442
5701,FIDS159,o,12,IDS,171.4033744858303,113.53344480968985,469.38863152796574,1066.8935779065198
5702,FIDS159,u,12,IDS,171.73,130.00000000002387,175.4090005227203,554.6876378015843
5703,FIDS159,o,12,IDS,177.12,109.99999999998522,469.0290440686406,743.8394825011583
5704,FIDS159,e,12,IDS,180.7481350710343,496.46828408288,484.2918946776016,1589.9429350584367
5705,FIDS159,o,12,IDS,181.79,90.00000000000341,499.84331876078403,1158.0215006373905
5706,FIDS159,a,12,IDS,189.227536881673,355.99469982690835,653.0373426021291,1051.2767247102577
5707,FIDS159,e,12,IDS,192.68,69.99999999999318,487.24566986594533,2086.8302999058446
5708,FIDS159,u,12,IDS,192.9955506957959,111.6091491348925,518.4791118736631,1555.7212895582288
5709,FIDS159,o,12,IDS,195.64,90.00000000000341,476.85377770752405,1171.799366959468
5710,FIDS159,a,12,IDS,196.26,177.5192505619998,651.4782255372799,1039.8626896526694
5711,FIDS159,e,12,IDS,197.98,82.44196209230381,535.6261011925783,2046.2489281407693
5712,FIDS159,o,12,IDS,199.137446819948,115.45774048440194,520.426576709744,920.6222421362097
5713,FIDS160,æ,12,IDS,3.921578247125235,148.4217528747651,831.296790474475,1495.7059013750168
5714,FIDS160,e,12,IDS,5.78168555311773,198.31444688227063,423.8356444139728,2171.1821139540525
5715,FIDS160,o,12,IDS,6.649094785910001,160.9052140899987,420.91573229739623,903.8741874605488
5716,FIDS160,i,12,IDS,8.28,110.00000000000121,261.0433275066865,2109.617416985449
5717,FIDS160,u,12,IDS,9.74,279.9999999999994,302.9067911225187,615.6538622633071
5718,FIDS160,u,12,IDS,11.0,189.9999999999995,320.2514572106554,1383.2495259946336
5719,FIDS160,u,12,IDS,11.36922735362905,250.7726463709492,297.42021917655313,988.8060911400743
5720,FIDS160,i,12,IDS,11.99,99.99999999999964,328.84513922739274,2106.3221666478266
5721,FIDS160,æ,12,IDS,14.78,169.99999999999994,704.0677758266327,1340.1727971985647
5722,FIDS160,æ,12,IDS,16.31385260959146,114.74627827232808,690.8251847860366,1370.6235836794208
5723,FIDS160,æ,12,IDS,18.27,170.0000000000017,739.6172569540686,1409.9424261753986
5724,FIDS160,u,12,IDS,18.99293321555843,126.82483387994026,293.06856586375284,781.774593419445
5725,FIDS160,e,12,IDS,25.47,89.99999999999986,523.8325973765902,1853.0162429501688
5726,FIDS160,æ,12,IDS,25.73185201602834,267.74131596875964,742.568563351502,1361.1495236876615
5727,FIDS160,u,12,IDS,26.59242598228902,255.66276036114033,286.2717865808173,1483.8287078169114
5728,FIDS160,æ,12,IDS,37.31998473147328,210.0152685267176,707.8075869997971,1474.5925711819539
5729,FIDS160,u,12,IDS,39.63,218.1393763287076,368.1494765084468,712.3708033739298
5730,FIDS160,u,12,IDS,41.45,289.99999999999915,286.8865575133018,1054.8069259095241
5731,FIDS160,e,12,IDS,45.61845148840987,231.5485115901339,508.53057619097876,1577.8181201163143
5732,FIDS160,a,12,IDS,48.54423452763769,265.7654723623111,689.8965019530294,1179.5586715300153
5733,FIDS160,e,12,IDS,50.48,90.00000000000341,556.5273690851823,1951.0803156098252
5734,FIDS160,a,12,IDS,52.18,130.00000000000256,760.2775644376833,1151.3013065115529
5736,FIDS160,o,12,IDS,54.53,100.00000000000142,440.39113587547797,897.4525915826181
5737,FIDS160,æ,12,IDS,58.42,140.00000000000057,702.7363259699913,1500.3102085397086
5738,FIDS160,i,12,IDS,58.89363127254159,76.36872745840861,301.1759867957115,2075.036296461351
5739,FIDS160,i,12,IDS,63.67,102.7981557608868,297.36432701841153,2296.1210248119182
5740,FIDS160,e,12,IDS,68.71705828056118,132.9417194388185,558.9363715844986,2092.297742534278
5741,FIDS160,a,12,IDS,69.06934948578322,130.6505142167822,796.9883865076948,1206.4935659612745
5742,FIDS160,e,12,IDS,70.88530020735523,124.69979264477615,505.53360873778547,1919.0343107154767
5743,FIDS160,a,12,IDS,71.34,219.99999999999886,643.2927432948519,1135.2578013856642
5744,FIDS160,a,12,IDS,74.98,149.99999999999147,636.0101585633618,1213.3422100668686
5745,FIDS160,æ,12,IDS,76.75632293348333,93.67706651666197,585.3508597640835,1557.5648144109314
5746,FIDS160,i,12,IDS,77.08,79.9999999999983,358.65458749815616,1900.5367598113473
5747,FIDS160,e,12,IDS,80.83,180.00000000000682,435.81596656284887,1927.7600138340517
5748,FIDS160,i,12,IDS,84.94,64.09724422596241,320.7599624937427,2134.558940189597
5749,FIDS160,i,12,IDS,85.24566835637822,62.405870639338445,315.9330059446802,1925.7063603189893
5750,FIDS160,a,12,IDS,85.49,116.01193200534965,708.8082543176937,1226.136016595527
5751,FIDS160,i,12,IDS,97.69272707664388,203.3223527281649,273.21713357551414,2250.3564506799257
5752,FIDS160,i,12,IDS,100.3727911081296,181.17833411419326,276.64354263612177,2282.089755153116
5753,FIDS160,æ,12,IDS,102.24,240.0000000000091,1075.2833446300538,1827.1768195019226
5754,FIDS160,a,12,IDS,103.13,106.41169749270318,602.8153368524138,1096.2797942137518
5755,FIDS160,a,12,IDS,104.196656868298,116.75937087349553,653.9132288883471,1106.5938417116179
5756,FIDS160,o,12,IDS,106.83,79.9999999999983,455.7528464249136,845.8839948961387
5757,FIDS160,i,12,IDS,107.11,79.9999999999983,498.1302257809639,1815.0316434511324
5758,FIDS160,u,12,IDS,112.0404641021056,124.8117412786911,338.0290326044071,1749.8741352554491
5759,FIDS160,o,12,IDS,126.086977242121,233.02275787899873,403.56695458939345,680.6393919943039
5760,FIDS160,u,12,IDS,126.65,199.99999999998863,274.47442988369835,1152.6927952865171
5761,FIDS160,o,12,IDS,131.75,169.9999999999875,524.668139178435,948.0084240797954
5762,FIDS160,æ,12,IDS,135.9945890082312,245.4109917688072,899.8956747956715,1514.382121604293
5763,FIDS160,o,12,IDS,136.73,120.00000000000455,552.2226526427304,859.9508328917257
5764,FIDS160,a,12,IDS,138.68,139.99999999998636,700.5098012509702,1203.7202079282229
5765,FIDS160,e,12,IDS,139.84,210.00000000000796,470.82494345620574,1791.4130804300175
5766,FIDS160,u,12,IDS,140.34,130.27565606509484,379.70602837482954,1156.261654424594
5767,FIDS160,o,12,IDS,145.48,225.70394572520058,502.2896893851293,806.9174480953599
5768,FIDS160,a,12,IDS,146.5,110.00000000001364,615.5669403998172,1112.939524861896
5769,FIDS160,e,12,IDS,147.6,99.99999999999432,537.8603050065046,1674.7091775189976
5771,FIDS160,æ,18,IDS,5.625522747646784,94.47725235321602,807.0927299862118,1367.8143298041293
5773,FIDS160,e,18,IDS,7.015402426042116,54.597573957884116,441.41176990230525,1640.6573821714737
5774,FIDS160,o,18,IDS,7.583552779022842,141.08723666517253,497.05328729242336,863.8414114244924
5775,FIDS160,i,18,IDS,8.68,128.31311631554598,304.1845514030349,1982.7216165489453
5776,FIDS160,u,18,IDS,11.05325176490358,192.54258180188089,318.74033296697485,616.562424633081
5777,FIDS160,u,18,IDS,14.6248592279247,195.1407720753,312.12568846605666,1478.0496969706335
5778,FIDS160,u,18,IDS,15.07965808493949,305.41237113401996,233.33107043425994,492.3491519622597
5779,FIDS160,i,18,IDS,15.78633754482304,92.95159121469965,317.6475367779589,1845.189343963261
5780,FIDS160,æ,18,IDS,19.21,169.99999999999815,674.7369871674439,1438.4664170183817
5781,FIDS160,æ,18,IDS,21.97,120.000000000001,892.7288773548134,1413.3203469776745
5782,FIDS160,æ,18,IDS,24.26235138390875,107.6486160912502,896.4100340776106,1416.5148538262317
5783,FIDS160,u,18,IDS,24.81,140.00000000000057,289.02246679404965,634.8269446751755
5784,FIDS160,e,18,IDS,30.68895140558702,90.4618164500306,486.8571918788374,1733.0942416008677
5785,FIDS160,æ,18,IDS,30.87318004818495,315.3714701927406,728.2055250289255,1375.9256172320477
5786,FIDS160,u,18,IDS,31.79086256163184,252.2971761541868,368.03613282290246,2657.6948095209277
5787,FIDS160,æ,18,IDS,40.49,189.99999999999773,874.7752823149525,1434.0652205921808
5788,FIDS160,u,18,IDS,42.22,209.73008180173025,320.4693530610551,871.7454885200391
5789,FIDS160,u,18,IDS,43.91066758180165,339.332418198353,278.68959684822323,631.2042047560469
5790,FIDS160,e,18,IDS,48.15885477364364,192.54258180188089,528.1610090208103,2060.318560066287
5791,FIDS160,a,18,IDS,50.02,316.8759805014503,647.8875559065854,1041.3628568314
5792,FIDS160,e,18,IDS,52.51283393097197,107.16606902802539,486.55310598399814,1871.5882051531673
5793,FIDS160,a,18,IDS,55.19,150.00000000000568,707.2577507985745,1053.0270881647398
5794,FIDS160,o,18,IDS,56.57,116.49904751144646,427.43917126773,883.2730307152618
5795,FIDS160,o,18,IDS,58.75,109.99999999999943,384.4844060212022,1103.1906696902345
5796,FIDS160,æ,18,IDS,66.95935567010162,142.74708650829382,703.2379247374092,1392.621123011615
5797,FIDS160,i,18,IDS,68.00267298856862,177.3270114313874,261.86913268166904,2261.5295507743062
5798,FIDS160,i,18,IDS,70.45795621357975,62.474647019271856,308.7509591523712,1797.2018866615358
5799,FIDS160,i,18,IDS,71.44286460667696,87.1353933230381,285.8632910009738,2234.098852649003
5800,FIDS160,i,18,IDS,72.47898616091268,79.67279246975068,306.03308668250634,1920.5202322743878
5801,FIDS160,e,18,IDS,78.58736076871158,142.63923128842748,479.8247414448356,1987.4291743827634
5802,FIDS160,a,18,IDS,78.94920803451167,80.79196548833067,698.7835714172533,1117.336550716317
5803,FIDS160,e,18,IDS,80.14629174136954,123.70825863045809,451.77722588413985,2036.149033832414
5805,FIDS160,a,18,IDS,82.6,120.00000000000455,668.3265820362401,1163.4201180137118
5806,FIDS160,a,18,IDS,86.55,87.33009300524941,392.9398084227946,1235.7301651140992
5807,FIDS160,æ,18,IDS,91.16,156.17492155718082,663.3795890802463,1429.8458902996442
5808,FIDS160,i,18,IDS,91.6394266864608,84.65234199910299,295.8684817458664,2158.121293178651
5809,FIDS160,e,18,IDS,93.87848274316173,111.20993948901514,369.42666724259857,1958.139802719468
5810,FIDS160,e,18,IDS,95.40091648923963,86.31219184222516,470.4595766502033,1993.4918887876966
5811,FIDS160,i,18,IDS,99.35,50.00000000001137,312.34758212473116,2018.588390127839
5812,FIDS160,i,18,IDS,99.74577011429544,74.69324294038415,327.4274244788626,2099.9173060791736
5814,FIDS160,i,18,IDS,109.5364942850704,226.69921421039874,269.9254939532191,2283.508157915394
5815,FIDS160,i,18,IDS,112.0558734914366,131.12813760649544,311.7099309816664,2203.2239793730623
5816,FIDS160,æ,18,IDS,113.668100351589,211.8996484109914,786.6606665181245,1438.441374244266
5817,FIDS160,a,18,IDS,114.51,111.4815427588951,698.3385211476578,1138.6566305599672
5818,FIDS160,a,18,IDS,115.9735404569228,129.468287763288,695.5576180968596,1096.654588751729
5819,FIDS160,u,18,IDS,120.2627772061382,66.3939937248017,520.5792430044492,1030.3938914855473
5820,FIDS160,u,18,IDS,128.121964229894,102.91069027340427,406.74382764790937,1729.104043654666
5823,FIDS160,o,18,IDS,148.04,159.9999999999966,404.1804031538427,765.316770629568
5824,FIDS160,æ,18,IDS,150.7021974493071,287.80255069290206,903.072103462669,1386.3702380786958
5825,FIDS160,o,18,IDS,151.8,122.43319000648967,716.7396284391735,1105.62700719832
5826,FIDS160,a,18,IDS,162.533913047696,187.56303227260673,727.2909491894009,1131.4498873641771
5827,FIDS160,e,18,IDS,164.2649979031424,95.00209685762684,467.6058800384264,1629.205783037458
5828,FIDS160,u,18,IDS,165.05,89.99999999997499,485.8298976810794,2466.700440631945
5829,FIDS160,o,18,IDS,166.6,159.9999999999966,551.6744128050073,824.7716928463287
5830,FIDS160,a,18,IDS,167.4164377003193,136.1076871359046,630.278942338953,1163.8630172729813
5831,FIDS160,e,18,IDS,168.38,129.99999999999545,517.8163011400422,1582.994949547893
5832,FIDS160,o,18,IDS,169.9681729087465,107.89023980279921,520.249412030776,1246.733340190205
5833,FIDS160,æ,9,IDS,3.25,120.00000000000011,759.9228454201295,1433.8799109241163
5834,FIDS160,o,9,IDS,3.713955209084383,156.04479091561706,414.7761738922668,861.7695925259834
5835,FIDS160,e,9,IDS,4.75,59.43286747334042,434.47482985604375,1774.7835910855777
5836,FIDS160,o,9,IDS,5.56,160.00000000000014,421.68741981988046,907.0904285927624
5837,FIDS160,i,9,IDS,8.55,149.99999999999858,335.40844582790913,2335.8364166513766
5838,FIDS160,u,9,IDS,10.47,172.8086884295692,306.31747877284096,1615.0102195160625
5839,FIDS160,u,9,IDS,13.38417099791632,111.35004782927105,365.1627240410077,745.6160468272788
5840,FIDS160,u,9,IDS,13.62640618968527,203.59381031473055,378.2212347548631,1504.8802782131027
5841,FIDS160,i,9,IDS,14.21653202901931,83.46797098069025,316.76318154154933,1421.1311418164642
5842,FIDS160,æ,9,IDS,19.64,144.55487007634105,749.2234075751268,1354.454160703735
5843,FIDS160,æ,9,IDS,21.73,138.10864244705812,892.9607043562148,1460.3324934704838
5844,FIDS160,u,9,IDS,22.32616893523481,153.83106476518904,289.64121965977625,625.297165680322
5845,FIDS160,e,9,IDS,28.22,60.000000000002274,364.6753961905529,1833.6366332397834
5846,FIDS160,æ,9,IDS,28.41981031426155,220.74658604750041,913.807825009812,1466.215142212042
5847,FIDS160,u,9,IDS,29.26023428900868,159.76571099132286,316.40544473762014,627.078765072298
5848,FIDS160,æ,9,IDS,41.91302556689183,187.5369226598309,861.4994151483002,1479.5389801315955
5849,FIDS160,u,9,IDS,44.31,199.99999999999574,305.1786713559025,1040.925197973766
5850,FIDS160,u,9,IDS,47.3,136.11768689489168,314.9908558857183,695.3969684605223
5851,FIDS160,e,9,IDS,55.3,170.0000000000017,566.7882230512902,1817.5375888895294
5852,FIDS160,a,9,IDS,56.40013597813687,189.86402186313,613.3477951340071,1103.2240287852787
5853,FIDS160,e,9,IDS,58.88806623999282,141.93376000718416,648.8366774144806,1675.7331239600435
5854,FIDS160,a,9,IDS,60.49,149.99999999999858,639.255151287661,1164.8260895342337
5855,FIDS160,o,9,IDS,61.24,159.9999999999966,347.03658659865795,838.9066122056275
5856,FIDS160,o,9,IDS,63.50057397605125,101.58249977406797,451.00922585939287,868.0424089060845
5857,FIDS160,æ,9,IDS,70.1,200.00000000000284,809.754760540259,1411.865498850165
5858,FIDS160,i,9,IDS,70.91211026612324,80.09389405263789,382.80588725456295,1870.232935427983
5859,FIDS160,i,9,IDS,73.84,129.99999999999545,355.8393326658454,2177.7866337523433
5860,FIDS160,e,9,IDS,79.46926681006676,150.73318993324847,504.45250923929217,1976.6071251215649
5861,FIDS160,e,9,IDS,80.97010148594536,119.8985140546398,472.5846067892626,1688.8877062117494
5862,FIDS160,a,9,IDS,81.26,140.00000000000057,837.2182389144873,1097.846287551978
5863,FIDS160,a,9,IDS,83.04,129.99999999999545,668.3433666511661,1177.562230082248
5864,FIDS160,æ,9,IDS,88.41,109.99999999999943,709.4392240980471,1465.9157274320705
5865,FIDS160,i,9,IDS,88.79191627853574,84.00091327470705,338.47645212770084,2218.0376161290296
5866,FIDS160,e,9,IDS,90.6956227140907,146.5132208279698,445.76225043202953,2034.7899705670425
5867,FIDS160,e,9,IDS,94.17,99.99999999999432,500.463549383067,1667.1780834010744
5868,FIDS160,i,9,IDS,97.4,49.99999999999716,348.47932859928665,2074.521167544937
5869,FIDS160,i,9,IDS,97.7,71.56264666591028,455.81815415967134,1988.0782690103633
5870,FIDS160,a,9,IDS,97.95,109.99999999999943,783.9124188066789,1280.924769141621
5871,FIDS160,i,9,IDS,108.1797638350661,164.0948073273023,300.7559568979845,2547.7968706284173
5872,FIDS160,i,9,IDS,111.87,140.00000000000057,349.7099901360611,2344.698934221068
5873,FIDS160,æ,9,IDS,113.97,170.0000000000017,779.5948321807005,1373.3918488294935
5874,FIDS160,a,9,IDS,114.37,99.99999999999432,621.5932056317419,1071.5883920528283
5875,FIDS160,a,9,IDS,116.18,179.9999999999926,622.0817994515708,1089.2391837510463
5876,FIDS160,o,9,IDS,118.65,69.99999999999318,443.704601831576,936.1813961288403
5877,FIDS160,u,9,IDS,122.18,69.99999999999318,321.9158607993284,825.4152735328006
5878,FIDS160,o,9,IDS,137.2377366656302,154.3272592720939,401.18984210946513,739.7287285687829
5879,FIDS160,u,9,IDS,137.69,180.00000000000682,305.97186901241486,1130.4143919891378
5880,FIDS160,o,9,IDS,141.86,209.99999999997954,400.65165241298627,821.3515283355086
5881,FIDS160,æ,9,IDS,144.6732053350366,234.42115332477442,898.6493645653164,1457.600770633865
5882,FIDS160,o,9,IDS,145.4,120.00000000000455,412.952971007299,1065.9145057036155
5883,FIDS160,a,9,IDS,149.0896719713867,201.21148993709426,965.7063844730783,1556.8273636496624
5884,FIDS160,e,9,IDS,150.7,200.00000000001705,447.2390824340828,1869.8994780174457
5885,FIDS160,u,9,IDS,151.19,110.00000000001364,382.94057663960274,1643.8507108253546
5886,FIDS160,o,9,IDS,152.87,150.00000000000568,504.29706104853864,746.5052171002208
5887,FIDS160,a,9,IDS,153.69,150.00000000000568,678.0414896655946,1097.932219001107
5888,FIDS160,e,9,IDS,154.65,150.00000000000568,482.1775848344644,1492.8148095092627
5889,FIDS160,o,9,IDS,156.02,158.30594323477953,374.80722239626846,837.2708926069865
5890,FIDS163,e,9,IDS,2.24,64.98306468158077,591.7871728354637,1597.4241943960185
5891,FIDS163,o,9,IDS,2.753473450299576,99.18284290777012,470.1546165045394,918.4247200029209
5892,FIDS163,e,9,IDS,4.06,40.000000000000036,378.6069343556544,1850.6925256826648
5893,FIDS163,o,9,IDS,4.954025870224874,138.33396510820427,432.38280590174514,874.8928829027717
5894,FIDS163,i,9,IDS,6.350301278505498,169.69872149450183,308.20775829358683,2307.3550982800125
5895,FIDS163,u,9,IDS,9.43,251.45985974534392,338.48004849647083,807.6073632815666
5896,FIDS163,u,9,IDS,11.16,140.00000000000057,323.3406496746357,1033.044105525281
5897,FIDS163,u,9,IDS,11.52347598283136,195.75561100217874,385.959032384973,767.5632984189612
5898,FIDS163,i,9,IDS,12.12,90.00000000000163,318.9743871237953,1853.6168430275316
5899,FIDS163,æ,9,IDS,14.96535334964028,96.57276809440951,687.3193706215765,1497.573241033634
5900,FIDS163,æ,9,IDS,16.75920027524401,91.35261846768117,694.645808298139,1599.014091560326
5901,FIDS163,æ,9,IDS,18.13,109.99999999999943,547.2950322635904,1297.1741397663584
5902,FIDS163,u,9,IDS,19.05667445326175,307.98882797676083,444.8898220274902,1390.1898743021516
5904,FIDS163,u,9,IDS,24.00570930420219,274.2906957978129,310.48294014890433,1365.4007703163381
5905,FIDS163,æ,9,IDS,33.43,127.54642990088172,614.5276344471706,1300.7134628780072
5906,FIDS163,u,9,IDS,35.18,79.9999999999983,319.6230922514585,788.642730769013
5907,FIDS163,u,9,IDS,36.8,200.00000000000284,429.09095697169516,1252.8613516411424
5908,FIDS163,e,9,IDS,40.81398347783259,86.01652216740518,445.71267981791743,1872.2356174226845
5909,FIDS163,a,9,IDS,42.07013001275268,95.26773068773053,473.85069261765926,1363.122354008481
5910,FIDS163,e,9,IDS,43.79,90.00000000000341,476.08812083831697,1493.7387642104036
5911,FIDS163,a,9,IDS,45.36700863142075,129.19870326143013,595.7918632298935,1155.9086482758876
5912,FIDS163,o,9,IDS,46.67773364913995,58.726683300655225,418.12904417526795,1281.7290995260241
5913,FIDS163,o,9,IDS,49.20778496239374,73.08209477414351,391.19528699641427,991.8082014913756
5914,FIDS163,æ,9,IDS,54.50764178744993,95.26773068772343,519.0078096142083,1360.903294910151
5915,FIDS163,i,9,IDS,55.18777695517799,138.3339651082025,300.0460629204134,2193.175288023604
5916,FIDS163,i,9,IDS,57.79836790336528,84.8274314342703,344.50344399696786,1979.3039135205688
5917,FIDS163,e,9,IDS,62.41,80.0000000000054,428.86255570280275,1860.7920739102492
5918,FIDS163,a,9,IDS,62.72649846151617,133.50153848382718,572.2340830443105,1138.4099318690198
5919,FIDS163,e,9,IDS,64.27,100.00000000000853,360.2680495682168,2089.6239429248753
5920,FIDS163,a,9,IDS,64.69512690733292,84.8730926670811,694.8751260496173,1158.3983951136754
5921,FIDS163,a,9,IDS,66.34849468472973,91.50531527026828,754.9466383407404,1288.9682803445107
5922,FIDS163,æ,9,IDS,69.77,119.4850964467804,1149.7694331217342,2000.4986838294117
5923,FIDS163,i,9,IDS,70.2411235219719,82.2173566209159,332.9410468349041,2002.685111831475
5924,FIDS163,e,9,IDS,72.53363433292706,107.01306734786442,427.61365555478693,1917.856146230055
5925,FIDS163,e,9,IDS,73.84,60.000000000002274,419.5854171463136,1555.2057667614397
5926,FIDS163,i,9,IDS,75.79,69.99999999999318,280.52048823941107,1877.8756927819943
5927,FIDS163,a,9,IDS,76.12316791125545,96.83208874454863,612.5808787549411,1139.801761132356
5928,FIDS163,i,9,IDS,87.36,140.00000000000057,291.2647560415942,2154.771704534176
5929,FIDS163,i,9,IDS,89.601891427335,138.10857266499,243.3996462969643,2111.016026049175
5930,FIDS163,a,9,IDS,92.97,112.3602474992964,599.2975038581283,1096.503166534661
5931,FIDS163,u,9,IDS,96.44,84.09801830930519,366.56757874183506,929.3699826230551
5932,FIDS163,i,9,IDS,96.73,49.99999999999716,387.7487485234616,1503.2726947666504
5933,FIDS163,u,9,IDS,100.7968193214598,93.1806785402074,311.9185672286999,706.15835710441
5934,FIDS163,o,9,IDS,118.5441857381875,205.81426181250606,331.409121908224,753.5156020554559
5935,FIDS163,u,9,IDS,119.23,229.99999999998977,366.04889548431856,1172.3387114174502
5936,FIDS163,o,9,IDS,124.3675969364534,202.28079803560206,331.0344973557622,861.1934141675989
5937,FIDS163,e,9,IDS,126.7287624496829,490.6940649120912,551.0468389419314,1329.5819912334946
5938,FIDS163,o,9,IDS,127.62,99.99999999999432,637.4522787843846,1051.2984947467571
5939,FIDS163,a,9,IDS,130.7844274704784,315.8190524169129,982.241524405696,1804.9102770668585
5940,FIDS163,e,9,IDS,132.2462576353743,144.85915214160627,367.8988244374404,1599.4403622218608
5941,FIDS163,u,9,IDS,132.66,105.54662151679395,309.79083134515975,536.6004700431631
5942,FIDS163,u,9,IDS,135.3380347023464,181.4001995286958,452.86525110000645,929.6369188495069
5943,FIDS163,a,9,IDS,136.22,140.00000000001478,668.4945255906002,1199.8363274996148
5944,FIDS163,e,9,IDS,137.3843596200021,105.64037999790798,447.0247106722679,1508.0105883015158
5945,FIDS163,o,9,IDS,138.9383114662098,285.8031920632129,348.75827737273505,631.5103702612389
5946,FIDS164,æ,9,IDS,5.097095271998024,192.90472800197645,623.3636712948214,1414.615980681367
5947,FIDS164,o,9,IDS,5.806495821751064,183.50417824893663,474.649975447217,1013.8288712013527
5948,FIDS164,e,9,IDS,7.95,104.08071485993898,475.55981840924323,1581.6506920594175
5949,FIDS164,o,9,IDS,9.024224596663425,205.77540333657572,459.52484627073943,974.1826758328275
5950,FIDS164,i,9,IDS,11.07,140.00000000000057,328.37877236651997,2124.3934212576614
5951,FIDS164,u,9,IDS,12.66504614250712,194.9538574928802,283.9649966094183,693.2519579991884
5952,FIDS164,u,9,IDS,14.01,150.00000000000034,283.7079354095563,821.5059278010847
5953,FIDS164,u,9,IDS,14.33,209.9999999999991,301.21766788707714,716.0249706302477
5954,FIDS164,i,9,IDS,14.95,130.0000000000008,334.05675446384447,1988.525150983289
5955,FIDS164,æ,9,IDS,19.62,169.99999999999815,624.806094050836,1370.6502695640424
5956,FIDS164,æ,9,IDS,24.47194996929306,118.05003070693942,637.6605805251386,1387.1162996479825
5957,FIDS164,æ,9,IDS,28.76,204.38913721071827,717.776256556455,1415.6468372826716
5958,FIDS164,u,9,IDS,29.29628265740581,187.83613528166043,255.59901249753608,709.0499586271669
5959,FIDS164,e,9,IDS,33.67,79.9999999999983,560.934203741333,1524.2527091922066
5960,FIDS164,æ,9,IDS,33.83340615379347,246.1929928448896,708.5207743525557,1373.6974527746615
5961,FIDS164,u,9,IDS,35.38,159.9999999999966,325.3837868679175,725.4070009546359
5962,FIDS164,æ,9,IDS,50.98,200.00000000000284,800.5070794942108,1421.9762783027684
5963,FIDS164,u,9,IDS,53.57,240.000000000002,350.9698771691353,806.4771590603752
5964,FIDS164,u,9,IDS,55.83,210.00000000000085,391.1202132491613,942.4065979152776
5965,FIDS164,e,9,IDS,62.69,219.99999999999886,509.7420005401044,1571.303989530588
5966,FIDS164,a,9,IDS,64.78,219.99999999999886,655.5407367898563,1151.5231794355086
5967,FIDS164,e,9,IDS,68.47,112.1040288734747,655.3943412028766,1773.8391889352076
5968,FIDS164,a,9,IDS,73.74,160.0000000000108,673.7641476634727,1165.2042077391259
5969,FIDS164,o,9,IDS,74.95,239.99999999999488,476.34216937622483,849.1218525370513
5970,FIDS164,o,9,IDS,78.74411975027805,135.88024972195,409.24991903099675,970.0647698711808
5971,FIDS164,æ,9,IDS,90.97,150.00000000000568,768.059374457262,1457.0446562528937
5972,FIDS164,i,9,IDS,91.51570761066624,144.29238933375643,259.16090519709434,1842.3818214135933
5973,FIDS164,i,9,IDS,95.83491096488868,175.089035111327,297.99354801744755,1997.8618938653226
5974,FIDS164,e,9,IDS,100.13,140.00000000000057,801.4260297439735,1396.0340407173758
5976,FIDS164,e,9,IDS,102.67,108.25623489289171,649.8333818335276,1335.2800069043933
5977,FIDS164,a,9,IDS,103.02,230.00000000000398,677.3197639431094,1191.4414514045968
5978,FIDS164,a,9,IDS,104.9027605981732,167.23940182679087,758.6767085397385,1206.5981121845405
5979,FIDS164,æ,9,IDS,109.01,119.99999999999034,635.8241171678137,1436.9323255921975
5980,FIDS164,i,9,IDS,109.5255971175061,104.4028824939005,290.5853889278263,1904.8794836963368
5981,FIDS164,e,9,IDS,114.54,140.00000000000057,371.2008519492569,1695.8321966315752
5982,FIDS164,e,9,IDS,116.3586232550754,85.71163454600139,483.4459756252047,1666.4593301457248
5983,FIDS164,i,9,IDS,120.82,60.000000000002274,287.5585267677469,1851.676557348391
5984,FIDS164,i,9,IDS,121.193883969986,96.11603001400226,307.1607239970996,1994.02442454763
5985,FIDS164,a,9,IDS,121.58,129.99999999999545,630.8616305180079,1207.194153125937
5986,FIDS164,i,9,IDS,133.7767342821887,134.9502331150063,297.7788378819057,1948.9913020514707
5987,FIDS164,i,9,IDS,138.12,142.78025581378984,305.0457930613226,1830.0574157200738
5988,FIDS164,a,9,IDS,144.1740843930518,115.91560694819236,675.3393092519556,1164.3510514668021
5989,FIDS164,o,9,IDS,147.27,90.00000000000341,483.60008400535594,1189.9367242395492
5990,FIDS164,i,9,IDS,147.62,60.000000000002274,415.77118200764914,1908.7219911562872
5991,FIDS164,u,9,IDS,156.7344448439683,155.55515603168146,366.21949762587053,1208.1567681174972
5992,FIDS164,o,9,IDS,180.2514165373859,279.2598124107144,348.65527769787155,1015.3452813434606
5993,FIDS164,u,9,IDS,181.05,269.9999999999818,261.4944894602216,744.9552444177124
5994,FIDS164,o,9,IDS,188.54,200.00000000001705,433.1551934034935,871.2768442080474
5995,FIDS164,a,9,IDS,198.59,538.8477339060955,506.50430760515815,1166.5404647551134
5996,FIDS164,e,9,IDS,201.02,149.99999999997726,527.1841640054755,1602.0417405103833
5997,FIDS164,u,9,IDS,201.45,170.00000000001592,303.5849636476907,782.7553447925878
5998,FIDS164,o,9,IDS,205.28,150.00000000000568,391.3947237824238,1051.1658922975191
6001,FIDS164,o,9,IDS,210.35,610.0000000000136,386.24235791637864,871.325089056421
6002,FIDS165,æ,12,IDS,2.42,140.0000000000001,946.3978903211196,1950.6212002417797
6003,FIDS165,o,12,IDS,3.055478953362782,164.52104663721823,451.44950313400034,950.4060870813266
6004,FIDS165,e,12,IDS,4.240333171050375,269.66682894962446,455.16568136111266,2416.4873902006534
6005,FIDS165,i,12,IDS,6.45,139.9999999999997,293.8312929964534,2489.419609526487
6006,FIDS165,u,12,IDS,8.66,310.0000000000005,270.54620659951894,815.1084914887023
6007,FIDS165,u,12,IDS,9.678544684400272,221.4553155997283,242.36566319351738,544.3505059702511
6008,FIDS165,u,12,IDS,10.23095719606381,319.0428039361901,293.87836880462777,1219.207024810094
6009,FIDS165,i,12,IDS,11.15,119.99999999999922,257.628766861796,2211.7729449070066
6010,FIDS165,æ,12,IDS,15.26,161.6712918460408,870.5353890617248,1785.1290124270784
6011,FIDS165,æ,12,IDS,18.90573405916478,144.26594083522204,758.6027385024698,1548.37620060676
6012,FIDS165,u,12,IDS,20.06436164996261,274.33999734642,345.837406542807,1773.416565465244
6013,FIDS165,e,12,IDS,24.10893631559366,128.77183548913962,639.0665767664927,2325.5836317083485
6014,FIDS165,æ,12,IDS,24.43179903355918,308.2009664408183,1244.8903076126771,1774.5889988937017
6015,FIDS165,u,12,IDS,25.16831487824514,156.76571276938844,293.81035651987247,1241.1010641838564
6016,FIDS165,æ,12,IDS,33.34,139.99999999999346,829.0054160781697,1317.1943301975516
6017,FIDS165,u,12,IDS,35.88173906401203,218.26093598797058,383.35415339657953,1869.0410805850497
6018,FIDS165,u,12,IDS,37.3132767301886,186.7232698114023,366.5498013415557,1969.5296207690012
6019,FIDS165,e,12,IDS,40.59,250.0,460.02611699657393,2385.657716502073
6020,FIDS165,a,12,IDS,41.81,320.0000000000003,709.8556852637912,1129.854284746194
6021,FIDS165,e,12,IDS,44.31,140.00000000000057,653.6490145365185,1784.8437669157065
6022,FIDS165,a,12,IDS,47.21,229.99999999999687,816.9896859467257,1234.4499386640134
6023,FIDS165,o,12,IDS,48.64,89.9999999999963,368.61188590445073,919.0383087976875
6024,FIDS165,o,12,IDS,49.93,90.00000000000341,405.5906686165663,939.9290615145003
6026,FIDS165,i,12,IDS,54.55,151.20791550393164,251.7784732319226,2275.7861010338165
6027,FIDS165,i,12,IDS,57.03,109.99999999999943,241.86866654440624,2094.993294193589
6028,FIDS165,e,12,IDS,61.17,81.48956561265663,830.2179837774214,1914.0072880772589
6030,FIDS165,e,12,IDS,62.96,109.72037081764796,647.8436069583682,1726.8732468145597
6031,FIDS165,a,12,IDS,63.56,280.00000000000114,908.6736987190302,1228.2954411741925
6032,FIDS165,a,12,IDS,65.12,129.99999999999545,900.3507075892497,1320.146906060584
6033,FIDS165,æ,12,IDS,66.81047253589762,111.97550912098109,820.6946135623557,1603.7885298917363
6034,FIDS165,i,12,IDS,67.56,129.99999999999545,315.72229703344226,2411.710612982993
6035,FIDS165,e,12,IDS,69.75211034100676,136.23686943053315,501.55009817213636,2065.5609016073004
6037,FIDS165,i,12,IDS,72.51,46.61669933018686,347.33261012391245,2151.6070890925866
6038,FIDS165,i,12,IDS,72.86,99.99999999999432,301.33985683707743,2285.65296450765
6039,FIDS165,a,12,IDS,73.29,124.4796497021099,905.8021594851025,1316.6427228888163
6040,FIDS165,i,12,IDS,87.58345578071366,76.54421928633326,252.86019106361564,1637.9901146164677
6041,FIDS165,i,12,IDS,90.22353337613669,173.56203913753632,329.54252118657865,2340.613824870067
6043,FIDS165,a,12,IDS,93.74,93.3101188195451,786.4421474858547,1146.2543381833016
6044,FIDS165,i,12,IDS,96.17,49.99999999999716,212.72496074828032,1756.7397664122277
6045,FIDS165,u,12,IDS,99.88,150.00000000000568,320.1690089588414,711.0093887540872
6046,FIDS165,o,12,IDS,114.5029341859579,153.03319579869878,409.0179800679307,873.7741620517714
6048,FIDS165,o,12,IDS,118.69,109.99999999999943,402.3880064326861,823.6820491931757
6049,FIDS165,æ,12,IDS,120.7115328211963,408.71060829159944,981.6539875795524,1765.5511788031063
6050,FIDS165,o,12,IDS,121.67,99.99999999999432,728.079051752675,931.2570655071195
6052,FIDS165,e,12,IDS,129.14,170.00000000001592,410.32802330880486,2253.7071956371246
6054,FIDS165,u,12,IDS,131.45,200.00000000001705,416.44216299041364,721.7096268584551
6055,FIDS165,a,12,IDS,132.43,148.70078328920044,708.307712273391,1150.9878646744123
6058,FIDS165,æ,18,IDS,2.78,140.0000000000001,880.1308681868605,1505.961913169194
6059,FIDS165,o,18,IDS,3.595990425799196,227.64075660413408,365.35669463094666,716.9282652771568
6060,FIDS165,e,18,IDS,4.406812639778154,95.43401221425273,580.600393581064,2176.1281609967446
6061,FIDS165,o,18,IDS,5.808693709322354,145.92356192572709,429.8682955452877,980.2162239340413
6062,FIDS165,i,18,IDS,6.77,140.00000000000057,332.38490583344947,2484.4114334947135
6063,FIDS165,u,18,IDS,9.15,330.00000000000006,346.5954229017692,1130.2023941771627
6064,FIDS165,u,18,IDS,10.16628520410606,243.71479589393985,334.20939906807183,1031.849194926741
6065,FIDS165,u,18,IDS,10.67118072836907,258.8192716309301,340.9691540997177,726.9485218161773
6066,FIDS165,i,18,IDS,11.37,122.93189336478072,332.9646416394811,2341.611121058963
6067,FIDS165,æ,18,IDS,15.08,109.99999999999943,931.4849561280489,2026.1620896015484
6068,FIDS165,æ,18,IDS,16.65,170.0000000000017,776.4952522073438,1557.5469591760611
6069,FIDS165,æ,18,IDS,18.59441763674871,135.58236325129158,809.9426674814827,1836.9289225579018
6070,FIDS165,u,18,IDS,19.62064503972058,172.1898030723601,400.40877612599,2022.5219251518013
6071,FIDS165,e,18,IDS,21.73,84.67952897692044,648.2536560253253,2276.899916168825
6072,FIDS165,æ,18,IDS,21.96,102.74958425065961,961.0079647002403,1156.8036518418912
6073,FIDS165,u,18,IDS,23.02077389213256,321.0318362365996,376.85425269466964,1424.584776642146
6074,FIDS165,æ,18,IDS,31.93544656515268,275.7955320396164,1079.7668645898327,1873.224000258796
6075,FIDS165,u,18,IDS,33.87,214.54601899547043,408.1290624767168,513.5170591804754
6076,FIDS165,u,18,IDS,36.14,229.99999999999687,284.64429379411564,695.8873442821939
6077,FIDS165,e,18,IDS,40.97,359.99999999999943,408.01616233705204,2357.4105575309227
6078,FIDS165,a,18,IDS,42.51,331.0233950479642,819.0275121233047,1275.795427612788
6079,FIDS165,e,18,IDS,44.74,123.61962309390151,650.5852976697659,1689.24943361773
6080,FIDS165,a,18,IDS,45.97,190.20215533684848,793.4764547400927,1196.580055425838
6081,FIDS165,o,18,IDS,47.58536686239791,128.41273449464552,430.18078755131813,984.039886626781
6082,FIDS165,o,18,IDS,49.69,110.75163250929876,492.4653441653341,1065.2686807840637
6083,FIDS165,æ,18,IDS,55.95263922934917,130.29821268490593,876.6524166883582,1349.622796908112
6084,FIDS165,i,18,IDS,56.71920713834742,215.96687165008177,326.71288473171717,2194.0044769234923
6085,FIDS165,i,18,IDS,61.07598875923163,148.84203316424305,299.39658354625675,2507.147025886759
6086,FIDS165,a,18,IDS,66.9,243.5797156345103,994.8415000242435,1284.036498071114
6087,FIDS165,e,18,IDS,68.6093504746912,89.01337277470134,547.8226732688219,2195.8756339070337
6088,FIDS165,a,18,IDS,69.5722027625094,272.8770608011075,685.2778614368045,1090.981578061236
6089,FIDS165,a,18,IDS,71.2770716145025,202.92838549750059,929.5742734451443,1286.0857579966578
6090,FIDS165,i,18,IDS,74.93771312483923,122.57579201759938,354.1186344881294,2580.1526485328686
6091,FIDS165,e,18,IDS,77.61215457744964,337.8454225503589,361.9255753791048,2126.13443272102
6092,FIDS165,e,18,IDS,79.83406354776682,195.9364522331839,409.31658573541586,2239.3352279987316
6093,FIDS165,i,18,IDS,81.94,82.34581470777869,321.90407486939176,2384.761178561466
6094,FIDS165,a,18,IDS,82.38112166445175,215.96687165008177,890.163486439101,1277.5844990955245
6095,FIDS165,i,18,IDS,91.08,150.00000000000568,322.3337981826459,2389.141372018671
6096,FIDS165,i,18,IDS,93.9226112503588,145.9235619257413,290.0982876991186,2493.0769616401735
6097,FIDS165,æ,18,IDS,96.0212085154297,109.55008964589297,548.3596858431466,1485.3258348255154
6098,FIDS165,a,18,IDS,96.45,142.1759995929932,927.0999126744903,1212.4450011451656
6099,FIDS165,a,18,IDS,97.89,110.34931176992302,944.7926412619718,1255.4307763599274
6100,FIDS165,a,18,IDS,101.4857773916056,74.22260839440753,922.322284567855,1353.231418654228
6101,FIDS165,o,18,IDS,103.9868710743079,43.77706857769681,511.7533334064113,1079.8960639126224
6102,FIDS165,i,18,IDS,104.2670443132053,62.95568679469454,259.51987661457343,1834.7251285202642
6103,FIDS165,u,18,IDS,108.8038390571154,277.2547676589028,364.2310655382417,1066.7164320354193
6104,FIDS165,o,18,IDS,122.1489382761639,318.11336499809784,324.3114689387831,1072.4528667023928
6105,FIDS165,u,18,IDS,122.8446861615247,250.98852651228754,317.38844133679265,1264.5991064300724
6106,FIDS165,o,18,IDS,127.9459564704353,233.47769908119176,346.6100867683981,1007.0393652851478
6107,FIDS165,e,18,IDS,130.1424763336872,167.8120962145897,936.09891441925,2054.4930196555183
6108,FIDS165,o,18,IDS,131.1570875107667,82.9124892333084,678.0025456989458,1319.347229234411
6109,FIDS165,a,18,IDS,135.3989228575445,545.1453477940049,940.6559124256603,1220.1825701117227
6111,FIDS165,u,18,IDS,139.2081868763766,280.1732388973903,359.50353371522124,1431.177597758496
6112,FIDS165,o,18,IDS,141.0973729496683,182.62705033168913,341.88754598657357,1009.0721863262075
6113,FIDS165,e,18,IDS,144.43,144.9260100631875,369.5371668962485,2061.117386994596
6115,FIDS166,æ,12,IDS,1.637545637243587,118.61429758453701,837.9508175937265,1524.0157400747598
6116,FIDS166,o,12,IDS,2.172080199085592,127.91980091440803,546.5077126480849,853.697845115043
6117,FIDS166,e,12,IDS,3.151703881149817,83.18405285149399,468.4372466553583,1393.8516606979122
6118,FIDS166,o,12,IDS,3.797150513460481,112.45251589183391,458.2984215567957,923.0741351441271
6119,FIDS166,i,12,IDS,5.16,89.99999999999986,330.222918614054,2203.079686785783
6120,FIDS166,u,12,IDS,8.110622590327072,109.37740967292875,307.7836201147726,586.69064391656
6121,FIDS166,u,12,IDS,8.394064548191421,195.93545180857853,272.40901296172444,619.5953092254892
6122,FIDS166,i,12,IDS,8.94,110.00000000000121,475.95660197044884,1844.6587855806058
6123,FIDS166,æ,12,IDS,14.12199253076179,115.53340673818902,694.6374417516079,1273.1906194455144
6124,FIDS166,æ,12,IDS,16.02403136117001,155.58498774074891,748.2321971019564,1396.0907137108156
6125,FIDS166,u,12,IDS,16.42,128.78168200337825,375.4584629542286,896.7207883717879
6126,FIDS166,e,12,IDS,20.7,80.67655615869995,798.5367575372028,1507.6073527424394
6127,FIDS166,æ,12,IDS,20.98,119.54875875609972,386.0137616647247,1446.8499926179597
6128,FIDS166,u,12,IDS,22.16686287577571,133.13712422429091,330.7807320959553,763.0797172962439
6129,FIDS166,æ,12,IDS,31.48,106.13754549073917,711.9470503737457,1467.3155698805504
6130,FIDS166,u,12,IDS,33.27788897445615,112.11102554385377,375.92368588601886,1456.3992173089428
6131,FIDS166,u,12,IDS,34.82,219.99999999999886,299.36294913936194,604.1227613157645
6132,FIDS166,e,12,IDS,38.29839229820183,89.34583454418998,535.4641608712022,1656.6127229958297
6133,FIDS166,a,12,IDS,39.74,87.52838203578506,666.5155248576324,1135.7307964441525
6134,FIDS166,a,12,IDS,43.58,149.99999999999858,725.3513406663924,1069.8788742631014
6135,FIDS166,o,12,IDS,44.38,108.78091495307984,337.0850804841111,956.0336634366928
6136,FIDS166,o,12,IDS,45.78,79.9999999999983,483.7930011271094,913.5288330794465
6138,FIDS166,i,12,IDS,54.06,159.9999999999966,298.4907180121479,2505.262471715617
6139,FIDS166,i,12,IDS,56.44110226775006,72.40093488926647,337.2613680506854,2252.902708502854
6140,FIDS166,e,12,IDS,60.56224857505076,83.1840528514931,569.1740139210767,1449.8368406315
6141,FIDS166,a,12,IDS,60.81488162445159,127.8569701235952,595.602734366753,1036.3762414442235
6142,FIDS166,e,12,IDS,62.07506307950649,67.7795986197296,510.4973379088982,1648.350053756154
6143,FIDS166,a,12,IDS,62.46,189.99999999999773,612.2532858570382,1319.1535851699382
6144,FIDS166,a,12,IDS,64.23,129.99999999999545,764.9651477221737,1157.2297666515733
6145,FIDS166,i,12,IDS,69.48174705793146,128.2529420685421,280.9742125196437,1589.5467650576534
6146,FIDS166,e,12,IDS,73.11127922217638,158.7207778236177,421.4758000095459,1941.0254815406824
6147,FIDS166,i,12,IDS,79.19747446571128,62.525534288724316,304.28877357939837,1437.0540339729446
6148,FIDS166,a,12,IDS,79.81,109.94336918074055,702.3526253338875,1173.1310463078923
6149,FIDS166,i,12,IDS,87.11883071909145,251.16928090855595,297.5296376954125,2093.288284288513
6150,FIDS166,i,12,IDS,89.37,69.44409029955523,302.3850243976409,2382.1505558248473
6151,FIDS166,æ,12,IDS,91.56,79.9999999999983,1020.0803984482775,1642.2486188035414
6152,FIDS166,a,12,IDS,91.82,70.00000000000739,749.6270682713688,1247.9877347784127
6153,FIDS166,o,12,IDS,98.76017880238012,60.07737150387982,618.4107613581708,1555.3017744682184
6154,FIDS166,i,12,IDS,99.01435229720414,56.99648065750296,302.79805134174615,1857.7722207618403
6155,FIDS166,u,12,IDS,105.1595928329311,109.37162504549747,392.60991430793496,1184.800102479015
6156,FIDS166,o,12,IDS,121.1144793978035,147.88276062489558,351.7856217416464,845.1070495589107
6157,FIDS166,u,12,IDS,121.5548986323078,132.47830639309655,434.18946861902043,1974.6241775099472
6158,FIDS166,o,12,IDS,127.11,109.99999999999943,688.65639286835,1732.47730535961
6159,FIDS166,e,12,IDS,129.4156205986245,392.8135829097812,584.1283097674836,1477.2916928046966
6160,FIDS166,o,12,IDS,130.12,109.99999999998522,553.9722600456141,1848.2064780296287
6161,FIDS166,a,12,IDS,133.2944750130928,165.52498690720086,451.49423654239047,1091.5059690713515
6162,FIDS166,e,12,IDS,134.81,129.99999999999545,533.5554708056123,2035.9677035081913
6164,FIDS166,o,12,IDS,136.97,80.0000000000125,759.383926338038,1533.3453372727238
6165,FIDS166,a,12,IDS,137.6413131760682,104.75028877601744,563.2381530230823,1181.9258472134297
6166,FIDS166,e,12,IDS,138.6875362209159,60.07737150392245,630.7928563810555,1749.674496265594
6167,FIDS166,o,12,IDS,139.8880337164125,131.96628358750218,390.64730877373256,757.4718562043759
6168,FIDS166,æ,15,IDS,3.05,107.84260397338619,864.4931848828653,1476.373790833677
6169,FIDS166,o,15,IDS,4.908658358160693,81.34164183930714,412.18310668997736,877.4235113132921
6170,FIDS166,i,15,IDS,6.12,121.92111347135892,320.8958187860617,2553.6409459828888
6172,FIDS166,u,15,IDS,9.182001497968722,117.99850203127882,332.32888903155657,595.7166293366844
6173,FIDS166,u,15,IDS,9.453747107806295,166.25289219370387,306.03806903815547,587.8764380398288
6174,FIDS166,i,15,IDS,9.943256219544226,76.74378045577335,350.8318869206018,1613.3486642813236
6175,FIDS166,æ,15,IDS,15.79447491855846,82.93534845692996,622.2927524063605,1182.543008522608
6176,FIDS166,æ,15,IDS,17.35,103.39066290505983,592.0441112950288,1368.3212293381662
6177,FIDS166,u,15,IDS,17.7,160.00000000000014,319.80125451270163,667.722416313187
6178,FIDS166,e,15,IDS,20.10211875460856,48.436459419939126,524.6514502475579,1816.744013684055
6179,FIDS166,æ,15,IDS,20.2,69.0515522522901,711.9912632044095,1486.9604318295364
6180,FIDS166,u,15,IDS,23.17072364128357,159.2763587164292,350.51890756829306,883.2249197700643
6181,FIDS166,æ,15,IDS,29.56,100.72775673424061,401.3166332744717,1403.5752112829525
6182,FIDS166,u,15,IDS,30.93,115.15831116070885,279.378714708126,693.8078965621492
6184,FIDS166,e,15,IDS,35.02,87.76511145704546,587.0629614278708,1666.1581907238392
6186,FIDS166,a,15,IDS,39.23,130.26871910531668,703.3253163753443,1042.0453321917262
6187,FIDS166,o,15,IDS,39.93,109.99999999999943,480.9117909520569,1116.5315061844328
6188,FIDS166,o,15,IDS,41.27401027003508,81.30405688348219,351.9699203160662,1332.5593570244425
6189,FIDS166,i,15,IDS,54.15571445633841,134.28554366159062,338.424633515446,2312.302933208516
6190,FIDS166,i,15,IDS,55.85,100.00000000000142,289.49728050100396,2277.375765830172
6191,FIDS166,e,15,IDS,58.87,58.345699019035635,733.4598238896499,1558.7856458458227
6192,FIDS166,a,15,IDS,59.07532661066107,115.03659112235454,795.4286433964834,1163.4842801708503
6193,FIDS166,e,15,IDS,59.93,71.11519936628241,534.1620507949926,1792.659019283627
6194,FIDS166,a,15,IDS,60.27298355574835,79.57418333275967,843.191950187944,1469.6925589844798
6195,FIDS166,a,15,IDS,61.48,80.0000000000054,834.7143102925108,1164.9574297897418
6196,FIDS166,i,15,IDS,66.02895365579496,89.95342463703082,362.0674018634662,2133.0714729260667
6197,FIDS166,e,15,IDS,67.63,190.44970041774434,595.8066686496057,1868.4126373976824
6198,FIDS166,e,15,IDS,69.09,107.23492832615023,613.8198289607132,1992.479833964364
6199,FIDS166,i,15,IDS,70.65,55.30431352154608,295.4121381098278,2190.191620351442
6200,FIDS166,a,15,IDS,71.39742647445122,89.08848786168733,557.9364835681188,1084.9662191398977
6201,FIDS166,i,15,IDS,89.27,272.31774877093073,276.2428343024912,2132.847752347673
6203,FIDS166,æ,15,IDS,92.507173827615,99.3189712963698,696.9566237833262,1366.6727875392426
6204,FIDS166,a,15,IDS,92.71,70.00000000000739,679.6243125545416,1251.9807938703127
6205,FIDS166,o,15,IDS,95.46929400128226,50.705998717731404,444.2534052341185,1194.4868149092285
6206,FIDS166,i,15,IDS,95.67,60.000000000002274,378.32214459977416,1745.4563856475245
6207,FIDS166,o,15,IDS,119.83,95.92107782999904,466.5566692403836,1062.367705129523
6209,FIDS166,o,15,IDS,123.42,149.99999999999147,515.6682742654917,943.963943821092
6211,FIDS166,o,15,IDS,126.8,65.68437471420907,519.5512283788717,1206.750415034155
6212,FIDS166,e,15,IDS,129.9580582231308,71.94177686920966,735.2912145695483,1888.8911918212686
6213,FIDS166,u,15,IDS,130.2451978724521,88.05237116300191,407.95253062491054,710.6777967123382
6214,FIDS166,o,15,IDS,131.59,90.00000000000341,480.7094307460723,1073.2783611574848
6215,FIDS166,a,15,IDS,132.2,112.02234981911374,671.4927624351157,1112.8248572811221
6216,FIDS166,e,15,IDS,132.9965210082875,73.4789917125056,554.3526323938389,1798.6880737148267
6218,FIDS166,æ,9,IDS,4.256420080984346,88.09013122648679,845.7323001907062,1434.7446491919115
6219,FIDS166,o,9,IDS,4.667055615778582,92.9443842214175,506.06583226975096,1153.918782679386
6220,FIDS166,e,9,IDS,5.88,120.00000000000011,422.6829094741106,1938.3578788238158
6221,FIDS166,o,9,IDS,6.517606887108457,121.97095092898103,302.48626487749294,1161.5933814564671
6222,FIDS166,i,9,IDS,7.91,80.00000000000007,307.39906159064066,1944.9586469849864
6223,FIDS166,u,9,IDS,10.78,200.00000000000108,260.8704262537376,571.4497479167618
6224,FIDS166,i,9,IDS,11.28,100.00000000000142,271.62464923506485,2022.3911030112104
6225,FIDS166,æ,9,IDS,14.13,88.31855316783965,683.8157359277316,1347.0675427274214
6227,FIDS166,æ,9,IDS,17.44,79.9999999999983,728.74244020708,1448.8209404524894
6228,FIDS166,u,9,IDS,17.9,120.000000000001,353.79115107460893,1562.4174270525898
6229,FIDS166,e,9,IDS,26.45,114.94081719338922,722.8217820165466,1811.4642089676338
6230,FIDS166,æ,9,IDS,26.62,179.3960895346487,767.6030777172516,1470.5771567034826
6231,FIDS166,u,9,IDS,27.99904076995666,110.95923004333841,267.82669454622044,928.3111221410867
6233,FIDS166,u,9,IDS,39.28,109.99999999999943,387.54791521200053,1527.7548508175762
6235,FIDS166,e,9,IDS,45.07141391066019,98.58608933981117,423.81373568373255,1628.1177553785355
6236,FIDS166,e,9,IDS,48.11878094104985,61.219058950150895,476.24536631514013,1799.0351207693593
6237,FIDS166,a,9,IDS,49.84,96.03029591629308,659.1025991343134,1314.0326524303205
6238,FIDS166,o,9,IDS,52.48,110.00000000000654,427.68961890699956,845.7422365424627
6239,FIDS166,æ,9,IDS,62.73,120.00000000000455,718.853735877818,1319.8009984696562
6240,FIDS166,i,9,IDS,63.24519709727947,114.80290272052684,350.79631401832546,2320.2518449819104
6241,FIDS166,i,9,IDS,65.52242316097967,77.57683902032397,361.4026021395832,2331.605410725588
6242,FIDS166,e,9,IDS,70.66,110.53094000607189,574.7122608947316,1691.3951610919903
6243,FIDS166,a,9,IDS,70.90198852045175,96.22152795508043,813.9158266429317,1202.646349855399
6244,FIDS166,e,9,IDS,72.36482475859913,59.630242676391276,623.7932683673032,1825.5832707023264
6245,FIDS166,a,9,IDS,75.43,69.99999999999318,755.6929628366396,1341.707198627696
6246,FIDS166,i,9,IDS,80.54699943179186,73.00056820814405,322.2860995158559,2395.72689048597
6247,FIDS166,e,9,IDS,83.91071460504787,99.28539495213329,307.9021814788249,1910.792624234743
6248,FIDS166,e,9,IDS,85.06226826412336,92.15582959079427,424.26994775150956,1916.5853116069063
6249,FIDS166,i,9,IDS,86.93,49.99999999999716,366.4229270517269,2312.548971930655
6250,FIDS166,a,9,IDS,87.24,79.9999999999983,807.7882922062869,1298.9610864482079
6251,FIDS166,i,9,IDS,107.73,159.9999999999966,314.6531595541109,2147.479119885758
6252,FIDS166,i,9,IDS,109.68,79.9999999999983,312.7384504892416,1688.8431455297455
6253,FIDS166,e,9,IDS,113.0843472802975,74.53780334550686,779.9863362778317,1830.5766856902785
6254,FIDS166,o,9,IDS,120.09,60.000000000002274,505.9175748889518,1209.6847835076667
6255,FIDS166,i,9,IDS,120.3023457865304,58.27500988830536,360.71435186836743,1774.7595940973818
6256,FIDS166,u,9,IDS,123.0930605115633,106.93948843670853,354.70467875321657,675.0331812467133
6257,FIDS166,o,9,IDS,145.1237190409496,101.64245910740988,401.29806791816145,1056.9587236516618
6258,FIDS166,u,9,IDS,145.55,99.99999999999432,434.03037295746566,1204.5742929115963
6259,FIDS166,o,9,IDS,151.655377477474,84.62252252601843,539.5420296396438,1628.7007496528054
6260,FIDS166,e,9,IDS,157.87,109.99999999998522,473.69017205915077,1913.7083704878073
6261,FIDS166,o,9,IDS,161.9,150.00000000000568,595.9837060220037,1700.0512367517822
6262,FIDS166,o,9,IDS,164.4310035225168,118.99647748322195,459.5681423775545,1027.4440410977613
6264,FIDS167,o,12,IDS,2.23445003697755,53.94511990138984,498.8979172384816,1275.3317606706714
6265,FIDS167,e,12,IDS,3.644080737896416,49.79549529358973,467.47810340042236,1854.4730001166517
6266,FIDS167,o,12,IDS,4.184784738344645,59.754594352309454,447.2290464886669,1343.4902357539593
6267,FIDS167,i,12,IDS,5.597184316491048,70.54361833258582,399.91569492589804,2315.1911701145377
6268,FIDS167,u,12,IDS,7.335431143866662,154.3660354101286,450.6763690410338,1855.8736374508603
6269,FIDS167,u,12,IDS,8.633530562847726,124.48873823397477,336.5071510707932,680.4653824277069
6270,FIDS167,u,12,IDS,8.97213993084414,107.86006915586022,344.56567164809576,1393.735068768355
6271,FIDS167,i,12,IDS,9.405418312155172,41.496246077990406,441.9533031878681,2121.882172687521
6272,FIDS167,æ,12,IDS,16.45,108.78759722922027,683.779648151788,1464.6503843742767
6273,FIDS167,æ,12,IDS,18.23,86.01834166259792,774.3392261190485,1362.16240440756
6274,FIDS167,u,12,IDS,20.6170226558715,106.7776468714392,400.6100768559435,1325.4797487358935
6275,FIDS167,æ,12,IDS,26.85756017779906,134.44783729269005,841.8561626698399,1567.7510319724156
6276,FIDS167,u,12,IDS,28.13180112916617,240.15297789065926,344.940118463975,719.1455817083025
6277,FIDS167,æ,15,IDS,2.640360841650515,99.59099058718124,720.5535854384457,1464.8630052047731
6278,FIDS167,o,15,IDS,3.112181073609277,68.05384356790611,519.1680435665982,1188.5396684845332
6279,FIDS167,e,15,IDS,5.384199106261914,73.03339309726641,602.5655792037476,2175.1385884384695
6280,FIDS167,o,15,IDS,5.967282304163894,78.01294262662495,506.34389739510766,1174.1504138598732
6281,FIDS167,i,15,IDS,7.109881003485454,99.59099058718036,346.27401808046375,2298.468907494348
6282,FIDS167,u,15,IDS,8.599362296802402,77.18301770506564,255.97589669480513,669.3413039458567
6283,FIDS167,u,15,IDS,16.80318369415562,86.81630584437983,283.46984797857704,656.5573547860223
6284,FIDS167,u,15,IDS,17.06863413889373,151.36586110626737,327.8285558229267,918.8344005320623
6285,FIDS167,i,15,IDS,17.58984085673326,78.0129426266285,306.6070445178141,1951.9008316473823
6286,FIDS167,æ,15,IDS,20.05,101.00782187243951,725.3642223645479,1455.8761045526867
6287,FIDS167,æ,15,IDS,22.25,77.17886774364047,691.7301204904254,1393.2913577698691
6288,FIDS167,æ,15,IDS,23.63646112611871,81.3326423128693,619.9032293538752,1347.3136009610453
6289,FIDS167,u,15,IDS,23.97174344066377,68.25655933623054,354.6596700137465,627.6222263789128
6290,FIDS167,e,15,IDS,35.20435347611652,56.43489466606866,605.9523499927736,1943.5585122199905
6291,FIDS167,æ,15,IDS,35.31307364084086,105.40046503809464,802.1275822368286,1601.0526057425243
6292,FIDS167,u,15,IDS,36.56337507437337,298.7729717615508,329.2577374431492,1333.834665877431
6293,FIDS167,æ,15,IDS,45.15,138.39827991932907,673.072961389306,1180.1172810144976
6294,FIDS167,u,15,IDS,53.61,86.05883917469725,386.4999988533507,1065.5163142546257
6295,FIDS167,u,15,IDS,54.62658732976185,106.23038995966994,289.68911877201884,753.2715648158488
6296,FIDS167,e,15,IDS,57.75406925174838,105.93074825161608,655.069634583933,1990.831700499877
6297,FIDS167,a,15,IDS,58.93,82.91819983396209,636.7588091320882,1015.1063282879325
6298,FIDS167,e,15,IDS,62.97333963221264,87.14211676376493,684.1580167421673,1940.3277858720544
6299,FIDS167,a,15,IDS,64.65,144.47234119967334,650.0662581445156,1040.4035230599666
6300,FIDS167,o,15,IDS,65.51,167.73446433613515,523.788050216725,941.9020450966128
6301,FIDS167,o,15,IDS,67.5324029937094,88.80196660690842,595.8672535275344,905.3365871112513
6302,FIDS167,æ,15,IDS,89.4522405669517,147.72663603766034,779.8979812785263,1511.6443356749326
6303,FIDS167,i,15,IDS,89.94256861491232,69.71369341103184,401.24788368705185,2238.518192850743
6304,FIDS167,i,15,IDS,92.9297635176709,63.074294038557355,358.27449783838756,2178.3797913788694
6305,FIDS167,e,15,IDS,99.52632691798676,76.35309278352054,799.6159036181999,1792.0135274502045
6306,FIDS167,a,15,IDS,99.7353425805359,225.73957866430305,684.2897963763354,1268.2682024765343
6307,FIDS167,e,15,IDS,101.4661151427116,78.8428675482038,653.1932097111081,1828.972312920909
6308,FIDS167,a,15,IDS,101.87,249.97989478599436,405.78962113058975,1349.3174533411743
6309,FIDS167,æ,15,IDS,111.65,123.41608776569046,630.1264179373788,1412.547155580477
6310,FIDS167,i,15,IDS,112.0076322328466,40.25135869559904,371.31421681555764,2311.749041951744
6311,FIDS167,æ,15,IDS,114.55,180.00000000000682,618.1766763078698,1878.2615502717115
6312,FIDS167,æ,15,IDS,115.98,229.17639459789996,675.1047209923827,1961.8251874825457
6313,FIDS167,i,15,IDS,120.84,48.933540202796166,358.2517514309453,2221.923585816709
6314,FIDS167,a,15,IDS,121.0941986278219,150.21641080230097,631.588406106636,1236.684892402116
6315,FIDS167,i,15,IDS,163.1450573066921,160.17550986097717,331.1877845309133,2445.4972188044785
6316,FIDS167,i,15,IDS,165.9996891982212,121.16903854769134,613.2312023743045,1808.0253544335653
6317,FIDS167,æ,15,IDS,167.6013837225597,70.12865587179817,785.5217627135177,1711.224336701443
6318,FIDS167,a,15,IDS,167.8531100714504,102.4920509300955,654.6467689366232,1027.42122544473
6319,FIDS167,a,15,IDS,169.1265344767726,109.135127185084,640.4620391274577,1174.9293394011097
6320,FIDS167,o,15,IDS,205.2753291425041,75.52316786200208,572.2558809702797,1011.8942199150736
6321,FIDS167,u,15,IDS,205.66,127.259935180291,273.4970679628658,626.9652421979999
6322,FIDS167,o,15,IDS,209.51,116.06494150521485,622.5380616071504,1093.5039565528489
6323,FIDS167,æ,15,IDS,211.2628703449698,197.12965503020996,719.8326643378639,928.069906382359
6324,FIDS167,o,15,IDS,211.849446210559,92.95159121469965,580.4043459322249,909.9486101587595
6325,FIDS167,a,15,IDS,214.3858788868572,131.9580625280139,707.9174264062249,1208.3866625054554
6326,FIDS167,e,15,IDS,215.67,45.840341581310895,569.5570107535616,1863.952241465951
6327,FIDS167,u,15,IDS,215.9203383749538,69.71369341101763,555.6786801662303,1104.7713316131944
6328,FIDS167,o,15,IDS,217.502191216553,57.80878344700113,594.7377799219215,1139.7592233932974
6329,FIDS167,a,15,IDS,218.1559329542898,95.44136597941133,599.47121990001,1028.200167191496
6330,FIDS167,e,15,IDS,219.05,69.99999999999318,599.8474760112899,1928.1752373538238
6331,FIDS167,o,15,IDS,220.7496302286627,85.48226692067828,499.4612123004589,1012.1469749834788
6332,FIDS167,æ,18,IDS,4.39,110.00000000000031,680.501467870117,1407.155674841791
6333,FIDS167,o,18,IDS,4.892535438144238,87.46456185576257,413.5850672939118,706.5198068325778
6335,FIDS167,i,18,IDS,9.661517677050572,106.23038995965928,341.2047118316164,2181.1988968636774
6336,FIDS167,u,18,IDS,12.14289360152394,117.10639847605897,238.8227872249661,635.7759009991751
6337,FIDS167,u,18,IDS,14.86056525941282,89.43474058717982,304.9923636163998,632.6621629516533
6338,FIDS167,u,18,IDS,15.09293688368445,177.06311631554962,299.5330895754376,660.8488200225281
6339,FIDS167,i,18,IDS,15.58,86.80412371134061,346.3944731375351,2223.6838087514325
6340,FIDS167,æ,18,IDS,16.30792903966831,53.115194979831415,1096.1061354917738,2312.559436559591
6341,FIDS167,æ,18,IDS,20.46626596817576,89.63189152845885,774.3164705950526,1201.0045197675704
6342,FIDS167,æ,18,IDS,23.65952123487234,146.06678619453106,690.4850955442963,1380.8631603340127
6343,FIDS167,u,18,IDS,24.04523377969529,78.0129426266285,315.15015506060394,656.3962022032251
6344,FIDS167,e,18,IDS,33.19168499271643,63.52609536079967,533.3945029114913,2040.5783054710419
6345,FIDS167,æ,18,IDS,33.33092174193202,68.05384356790967,766.5082317000454,1537.4449935716168
6346,FIDS167,u,18,IDS,34.87694524596602,190.88273195877292,288.88249596030874,668.3049756322018
6347,FIDS167,æ,18,IDS,43.03,84.32590486293634,533.7014702540324,1475.5396758475808
6348,FIDS167,u,18,IDS,44.59687436967688,146.06678619452396,302.8322081752496,587.4712972749569
6349,FIDS167,u,18,IDS,45.60376155591617,106.23844408382865,302.67476096692207,998.5368625444893
6350,FIDS167,e,18,IDS,48.52950379594294,130.49620405706008,510.00441135455225,1632.3061861016176
6351,FIDS167,a,18,IDS,49.71,97.59209715313233,700.7815538873438,1072.8032991290734
6352,FIDS167,æ,18,IDS,50.8,80.0000000000054,664.8150442427157,938.1175362216644
6353,FIDS167,e,18,IDS,51.03,89.9999999999963,656.9524207753251,1927.1821697107182
6354,FIDS167,e,18,IDS,51.51448754762368,105.5124523763169,505.575088074658,1489.9907963696398
6355,FIDS167,a,18,IDS,54.33,104.87624663743844,576.991051188377,1044.1710014239138
6356,FIDS167,o,18,IDS,54.83669731902649,143.3026809735054,447.05728015045594,1045.7986818012535
6357,FIDS167,o,18,IDS,56.4603819055347,106.23038995966994,471.9721531511502,896.4066089827626
6358,FIDS167,æ,18,IDS,72.39111490082739,102.91069027341848,596.4925479756417,1534.8694277032484
6359,FIDS167,i,18,IDS,72.93736672175972,58.09474450919083,362.5154156632921,2375.852083193652
6360,FIDS167,e,18,IDS,82.59,99.99999999999432,1337.697810233266,2340.618238563926
6361,FIDS167,a,18,IDS,82.86318193915024,126.14858807708629,658.5796718794836,1179.9610666514213
6362,FIDS167,e,18,IDS,84.33628403742445,64.73414388166532,699.5726777155724,1919.848661348336
6363,FIDS167,a,18,IDS,84.72624152565841,229.88920327208007,592.4443366122213,1066.0557475603664
6364,FIDS167,a,18,IDS,86.4500095248739,79.99047512609536,484.44428349763155,1362.638732222745
6365,FIDS167,æ,18,IDS,91.06,109.99999999999943,655.6050773165659,1511.0931657815954
6366,FIDS167,i,18,IDS,91.39797834490952,51.455345136702135,401.5825743377883,2138.520851929443
6367,FIDS167,e,18,IDS,95.68,75.03585835615922,579.2659590484735,1816.8573751603105
6368,FIDS167,i,18,IDS,98.0367747086474,49.79549529359417,351.28104216305354,2179.0211727280885
6369,FIDS167,a,18,IDS,98.27776662650936,92.23337349064309,604.8698008786532,1161.34089204835
6370,FIDS167,i,18,IDS,108.3224963581314,59.754594352298795,388.4260397142566,2360.2839365962004
6371,FIDS167,i,18,IDS,110.326222265796,63.77773420399535,376.2690731228032,2305.7688127399106
6372,FIDS167,a,18,IDS,119.4895389539399,109.55008964590718,660.9170664617351,1219.3508174388937
6373,FIDS167,a,18,IDS,125.35,109.99999999999943,621.6299364717963,1069.9481328322838
6374,FIDS167,u,18,IDS,131.0228769262371,127.12307376290255,285.9719879211369,746.2317586983957
6375,FIDS167,o,18,IDS,152.6566951411673,139.42738682212052,453.30179034052173,871.4139599036176
6376,FIDS167,u,18,IDS,153.06,73.29041794909585,372.29750958946266,648.9882263328152
6377,FIDS167,o,18,IDS,157.97,99.99999999999432,490.44458471241893,975.256148527498
6378,FIDS167,o,18,IDS,162.06,95.38491033080732,536.7064496028162,994.2635799445771
6379,FIDS167,e,18,IDS,166.8224300974676,331.96996862392325,483.1728500192854,1390.9372255528347
6380,FIDS167,o,18,IDS,170.4258439253483,195.86228148810392,224.75273224119422,836.7935338276222
6381,FIDS167,a,18,IDS,173.06,250.0,542.3862577780591,894.0673409309861
6382,FIDS167,e,18,IDS,176.0328434491056,79.67279246969383,453.0465996452765,1013.2916492232752
6383,FIDS167,u,18,IDS,176.3123256039689,66.3939937248017,329.01169236338535,716.8709831035407
6384,FIDS167,o,18,IDS,178.12,48.18466380780251,369.6276758567653,1574.4918674776725
6385,FIDS167,a,18,IDS,178.69,129.99999999999545,629.5499962316487,1112.531680392823
6386,FIDS167,e,18,IDS,179.9394052487475,90.59475125249605,565.5216965670163,1752.400062034997
6387,FIDS167,o,18,IDS,182.2130898352562,126.9101647438049,540.7213829096971,1054.6795277795934
6390,FIDS167,e,6,IDS,4.96,139.9759976322468,632.4804130609176,1844.5873503702235
6391,FIDS167,o,6,IDS,5.576279694236034,113.60765288156128,508.2559681189951,1257.4310376609214
6392,FIDS167,i,6,IDS,7.4,152.50887213917963,368.8568580546679,2377.0126897779082
6393,FIDS167,u,6,IDS,10.17588832925127,164.11167074872958,413.6443330410082,801.0130969759343
6394,FIDS167,u,6,IDS,11.63415737927402,155.84262072597886,318.04079872184985,500.99176059655485
6395,FIDS167,u,6,IDS,11.9229038793628,172.08456025354124,356.90718937314267,921.0135540706781
6396,FIDS167,i,6,IDS,12.46,95.73990525361964,397.92905699972584,2139.232670899025
6397,FIDS167,æ,6,IDS,15.93247592362614,85.81018528360929,605.258693218666,1337.0578817287028
6398,FIDS167,æ,6,IDS,18.73400083857713,97.64607290892968,760.6190945957565,1408.2726144857927
6399,FIDS167,æ,6,IDS,20.31977162917283,110.22837082716919,719.8040282395349,1488.4918883684613
6400,FIDS167,u,6,IDS,20.72074893342658,126.24946800346848,279.4661293373607,610.0630617959902
6401,FIDS167,e,6,IDS,25.2619831290394,52.190533739800316,465.1709730235515,1998.7601123498114
6402,FIDS167,æ,6,IDS,25.43610966835271,95.91773768394063,751.6728244492258,1595.86482986724
6403,FIDS167,u,6,IDS,26.58,143.12012693190113,318.3501739322533,717.0880297195163
6404,FIDS167,æ,6,IDS,34.0157695382997,116.13569219576192,734.5432798664715,1391.9441441189028
6405,FIDS167,u,6,IDS,35.71,149.99999999999858,447.7959248628048,1181.468628125621
6406,FIDS167,e,6,IDS,42.37660870867044,193.39129132956145,499.0045383194452,2231.4915754093354
6407,FIDS167,a,6,IDS,43.85037977719938,174.6032500556538,713.4689851895148,1026.1153952430964
6408,FIDS167,a,6,IDS,47.73,130.00000000000256,666.3830145246156,955.139981529923
6409,FIDS167,o,6,IDS,48.79027920627507,159.72079372492942,430.7246700024858,897.5301991597984
6410,FIDS167,o,6,IDS,52.72369731110874,138.44281365360445,723.189814850175,1333.4250842189103
6411,FIDS167,æ,6,IDS,58.93217449850783,170.47062875256103,689.4273796447732,1631.0031921785423
6412,FIDS167,i,6,IDS,59.42,164.84695826758156,358.6757468306232,2267.583586045411
6413,FIDS167,i,6,IDS,61.5,90.00000000000341,368.74581571112975,2143.8964702533926
6414,FIDS167,e,6,IDS,66.17,80.54960531224253,673.0410435103321,1243.998686281323
6415,FIDS167,a,6,IDS,66.41187360465148,98.12639534852963,665.1482789862114,1346.2024267281254
6416,FIDS167,e,6,IDS,67.63463124155435,89.88451334225545,967.4243638257653,1916.9547946346174
6417,FIDS167,a,6,IDS,67.96317463515018,141.5422796309258,737.7349145897537,1277.3711553302146
6418,FIDS167,a,6,IDS,69.42,121.27995406996206,597.7106175284305,1300.4070876335581
6419,FIDS167,æ,6,IDS,73.27,125.32574236230687,686.1301772850835,1548.9716184875633
6420,FIDS167,i,6,IDS,73.67,89.92850977442401,576.7480159876542,2206.435853707549
6421,FIDS167,e,6,IDS,76.0,120.00000000000455,507.9405806739988,1908.4015115750078
6422,FIDS167,e,6,IDS,77.32,100.00000000000853,525.2030060391056,1922.8128577290017
6423,FIDS167,i,6,IDS,79.08,42.70644164097348,301.4755378169084,2251.943182505953
6424,FIDS167,i,6,IDS,79.31177386625745,61.989319546384536,313.9061326378269,2074.3423518069367
6425,FIDS167,a,6,IDS,79.59657084248066,132.24388169895462,617.3868502792822,1063.397418059775
6426,FIDS167,i,6,IDS,87.84951100034581,150.48899965418627,377.12427174541557,2553.9747966828513
6427,FIDS167,i,6,IDS,89.93462831560322,95.37168439678112,466.0832436788278,1872.8369469193474
6428,FIDS167,æ,6,IDS,91.31,69.99999999999318,710.6589242371526,1573.8913252590132
6429,FIDS167,a,6,IDS,91.56353888902896,116.74655181234073,587.7852180115998,1121.5485367283814
6430,FIDS167,a,6,IDS,92.9441020221584,97.11660062266958,634.4392966210128,1141.529947877831
6431,FIDS167,o,6,IDS,95.68740442337844,42.5955766215651,423.8705178756407,1351.7368111941641
6432,FIDS167,i,6,IDS,95.89,40.00000000000625,433.72311121665587,1817.4786272177769
6433,FIDS167,u,6,IDS,100.4,140.00000000000057,318.9239217781372,743.6408398715325
6434,FIDS167,o,6,IDS,118.58,149.404590434699,426.994551751577,1039.8376272843861
6435,FIDS167,u,6,IDS,119.0009679727832,99.15969448559281,297.58931729032196,1016.458817434771
6436,FIDS167,o,6,IDS,122.98,140.00000000000057,481.9992044092818,1072.4458974576005
6437,FIDS167,e,6,IDS,124.8149892596665,285.53213231379004,681.2624020295139,1511.265185776006
6438,FIDS167,o,6,IDS,125.55,109.99999999999943,636.4810938473295,1304.175128351981
6439,FIDS167,a,6,IDS,128.9007378887978,140.9740234854837,633.869409969616,1058.398530548136
6440,FIDS167,e,6,IDS,130.2953063081617,74.69369183829144,527.8155429397206,1862.0742759064456
6441,FIDS167,u,6,IDS,130.5655329749351,57.34536548558822,529.8892318163527,1417.0101894978366
6442,FIDS167,o,6,IDS,132.11,54.603119689886626,595.1096929003713,1302.4665102867482
6443,FIDS167,a,6,IDS,132.8,145.59118280769212,643.5585089283695,1274.607247426467
6444,FIDS167,e,6,IDS,133.89,97.13138110632258,522.5523743172713,1509.711751215704
6445,FIDS167,o,9,IDS,5.445139538149622,88.04957457328833,512.4738873793681,1191.2851760955925
6446,FIDS167,e,9,IDS,6.78,47.32518402021402,523.5077310936589,1926.5194929580546
6447,FIDS167,o,9,IDS,7.323429492029174,86.57050797082633,507.80140494902656,1220.7880953876247
6448,FIDS167,i,9,IDS,11.81,109.99999999999943,298.05340747840694,2232.843662060419
6449,FIDS167,u,9,IDS,16.32635317787892,72.24580477807763,302.08188780504446,862.3700018752041
6450,FIDS167,u,9,IDS,16.55889436200837,139.97624675753073,332.60674162748296,694.4896431112577
6451,FIDS167,æ,9,IDS,20.22,85.15857777014091,781.4705486597704,1611.007672485824
6452,FIDS167,æ,9,IDS,21.67,69.99999999999673,699.0996379936527,1379.5218444326918
6454,FIDS167,u,9,IDS,24.01482165983748,123.04363626266834,348.43701918277117,721.8372813911524
6455,FIDS167,æ,9,IDS,31.65,92.90693481906231,704.1414123423796,1428.5940649692177
6456,FIDS167,u,9,IDS,33.0500328003567,279.96719964329486,306.79636034411044,700.2260356337159
6457,FIDS167,æ,9,IDS,44.0129393913049,97.08030017055336,645.9588682081035,1400.9924697876597
6458,FIDS167,u,9,IDS,46.32,79.9999999999983,319.13223026029567,745.5717142772762
6459,FIDS167,u,9,IDS,53.12,120.00000000000455,412.0428004754156,1701.81458556053
6460,FIDS167,e,9,IDS,58.48,100.00000000000142,627.050777968381,1904.0249295188778
6461,FIDS167,a,9,IDS,60.14,69.54152318930795,704.4437877155657,1298.580398241443
6462,FIDS167,e,9,IDS,61.61428773066459,86.92073387362598,646.8060038237859,1823.9526199017992
6463,FIDS167,a,9,IDS,62.92,83.49366258019586,557.084672794992,1154.7277174887063
6464,FIDS167,o,9,IDS,65.53,49.99999999999716,538.4108674009719,1049.2087308324737
6465,FIDS167,æ,9,IDS,82.0207324233994,117.17376200363105,661.183235053721,1448.5421885244355
6466,FIDS167,i,9,IDS,82.39028044202625,54.08019784782425,315.6874910406984,1995.1486579180141
6467,FIDS167,i,9,IDS,84.89,60.000000000002274,264.0342800426488,2107.190630888926
6468,FIDS167,e,9,IDS,90.54,79.9999999999983,565.5808679326007,1651.327179414944
6469,FIDS167,a,9,IDS,90.88249730272815,117.17376200364527,658.589652411582,1109.7502910372284
6470,FIDS167,e,9,IDS,93.12,60.000000000002274,628.789392756787,2104.4496331681985
6471,FIDS167,a,9,IDS,93.49,190.00000000001194,320.59896617320396,1199.5194337620603
6472,FIDS167,a,9,IDS,95.57,105.95283735705152,669.6246960723483,1257.9838894629697
6473,FIDS167,æ,9,IDS,101.2071788020794,112.82119792059575,763.8336000276927,1368.505174879468
6474,FIDS167,i,9,IDS,101.5248999644354,75.10003556458855,449.5454290590417,1956.334202969601
6475,FIDS167,e,9,IDS,103.3008161647286,109.18383527139497,541.1577962760551,1777.3024640996705
6476,FIDS167,e,9,IDS,104.34,49.99999999999716,507.83006265086874,1723.019520978056
6477,FIDS167,i,9,IDS,107.6527401622922,51.82685627089256,282.76679008110034,2087.013669858551
6478,FIDS167,i,9,IDS,107.89,60.000000000002274,287.2020408212982,2066.600563009871
6479,FIDS167,a,9,IDS,108.22,79.9999999999983,665.4072225974635,1142.3790793230753
6480,FIDS167,i,9,IDS,121.49,130.00000000000966,292.22606938925594,2185.4506428920945
6481,FIDS167,æ,9,IDS,126.3978699028411,102.13009715890564,757.9847594814403,1568.1325234036171
6482,FIDS167,a,9,IDS,126.69,140.00000000000057,666.8478599718599,1220.5959254762893
6483,FIDS167,a,9,IDS,129.06,109.99999999998522,583.840250201896,1093.0759134137263
6484,FIDS167,u,9,IDS,156.3357085034534,164.29149654661046,368.5625965999731,1953.4991349396287
6485,FIDS167,o,9,IDS,179.5189002068231,101.09979317689977,504.66628402878774,1187.807386804326
6486,FIDS167,u,9,IDS,180.19,110.00000000001364,405.1693033968114,2498.3905724583938
6487,FIDS167,o,9,IDS,184.09,109.99999999998522,497.8237813891718,812.6747860860335
6488,FIDS167,æ,9,IDS,186.9244182030797,215.5817969202758,648.4111791445571,1470.7746428894595
6489,FIDS167,a,9,IDS,189.69,140.00000000001478,606.5683670288304,1092.713658447445
6490,FIDS167,e,9,IDS,191.43,60.000000000002274,529.1277026714289,1821.3250263729296
6491,FIDS167,u,9,IDS,191.67,90.79062281702477,572.0185204523108,1597.7000423077432
6492,FIDS167,o,9,IDS,197.68,49.99999999998295,480.79560114289325,1228.0312254207936
6493,FIDS167,a,9,IDS,198.3,109.19660469917858,581.8081192006582,1153.9243759752303
6494,FIDS167,e,9,IDS,199.44,80.0000000000125,531.9950064765542,1570.0497801635238
6495,FIDS168,æ,9,IDS,1.967951075352635,70.488312557762,610.7324873536738,1408.0452385970484
6496,FIDS168,o,9,IDS,2.503610255397736,136.38974460226416,443.23398130939955,940.8551296348897
6497,FIDS168,e,9,IDS,3.78,70.00000000000028,468.48921147482963,1736.9238175932703
6498,FIDS168,o,9,IDS,4.610733745261578,159.26625473842114,434.941109540313,885.0819565857208
6499,FIDS168,i,9,IDS,5.97,110.00000000000031,355.20384024334646,1974.145467657409
6500,FIDS168,u,9,IDS,7.64,160.00000000000014,319.4279355079623,612.6443269897575
6501,FIDS168,u,9,IDS,9.04,120.000000000001,370.4806491886811,984.198373331077
6502,FIDS168,u,9,IDS,9.360710094564752,139.28990543524833,351.4104734769586,1174.6027549534488
6503,FIDS168,i,9,IDS,9.91,89.99999999999986,380.87762552799563,2140.6818443542843
6504,FIDS168,æ,9,IDS,13.38,137.23023615391838,652.427127899029,1379.2867169008816
6505,FIDS168,æ,9,IDS,15.3,109.99999999999943,702.5127835689138,1512.0314356037213
6506,FIDS168,æ,9,IDS,17.37,89.99999999999986,505.2093611043636,1519.0471332102725
6507,FIDS168,u,9,IDS,17.92,159.9999999999966,309.17417850714816,510.8786558349536
6508,FIDS168,e,9,IDS,20.94,99.46781760863033,482.3166108595278,1727.4470851181716
6509,FIDS168,æ,9,IDS,21.15353072338392,126.46927661608132,940.0225951510038,1608.4277010486417
6510,FIDS168,u,9,IDS,21.75146345391967,128.53654608032983,339.70797502720643,444.2985495237386
6511,FIDS168,æ,9,IDS,31.4,160.00000000000014,782.5507583048771,1528.6581407410777
6512,FIDS168,u,9,IDS,33.04,170.0000000000017,376.85890871330537,880.7557257862093
6513,FIDS168,u,9,IDS,34.33,210.00000000000085,324.41460008392215,711.7916552956237
6514,FIDS168,e,9,IDS,37.1,159.9999999999966,657.886358773484,1527.0684836291848
6515,FIDS168,a,9,IDS,38.31,119.99999999999744,741.728715593075,1161.6720512606512
6516,FIDS168,e,9,IDS,40.22,130.00000000000256,607.3151550738529,1808.4846235926852
6517,FIDS168,a,9,IDS,41.69,130.00000000000256,594.9141674438245,1053.543618259821
6518,FIDS168,o,9,IDS,42.75,109.99999999999943,471.10643532911575,1027.7633522027531
6519,FIDS168,o,9,IDS,45.26,109.99999999999943,479.490362725356,1203.2931679791147
6520,FIDS168,æ,9,IDS,49.76,110.47150631976876,734.2075587001143,1397.0522672234044
6521,FIDS168,i,9,IDS,50.28509823593238,134.9017640676209,361.68341715811636,2215.38625860257
6522,FIDS168,i,9,IDS,52.54,90.00000000000341,348.0128282983538,2149.468610677346
6523,FIDS168,e,9,IDS,57.36697039631378,133.02960368621797,400.93225015921854,1843.5821179226261
6524,FIDS168,a,9,IDS,57.72892910800456,161.48231604141472,671.8395805863597,1170.5852665702473
6525,FIDS168,e,9,IDS,59.31,129.2799641490774,499.1254813286181,1747.9611165589681
6526,FIDS168,a,9,IDS,59.74,119.99999999999744,558.8517816183087,1126.319790932004
6527,FIDS168,æ,9,IDS,62.48431263816052,117.90772282389383,771.2985315238466,1503.5205144883007
6528,FIDS168,i,9,IDS,63.01449444782238,95.50555217762025,358.17676938716454,2162.875711867179
6529,FIDS168,e,9,IDS,65.38434710267421,124.31575123822824,450.8078077261997,1847.182506940653
6530,FIDS168,e,9,IDS,66.64597739661762,134.02260338237681,422.272224332467,1799.984369446826
6531,FIDS168,i,9,IDS,68.75,49.99999999999716,349.07261680757347,2200.349442925913
6532,FIDS168,i,9,IDS,69.08,70.00000000000739,359.94308558890987,1971.954705926069
6533,FIDS168,a,9,IDS,69.39016548867028,119.83451132972789,710.4641377651542,1191.686299443191
6534,FIDS168,i,9,IDS,76.89,170.0000000000017,329.5673871482214,2422.173930536519
6535,FIDS168,i,9,IDS,79.18,129.99999999999545,290.4215458838289,1958.9884617479759
6536,FIDS168,æ,9,IDS,80.96,170.0000000000017,675.3446351540026,1443.6581020505423
6537,FIDS168,a,9,IDS,81.47,86.88222337187312,539.1535485105466,1051.1478773188137
6538,FIDS168,a,9,IDS,82.57,100.00000000000853,502.8062870859676,989.4494186337749
6539,FIDS168,o,9,IDS,85.0,49.99999999999716,412.14727106120495,991.4555550469327
6540,FIDS168,i,9,IDS,85.2,49.99999999999716,400.2081032141227,1471.9907703932092
6541,FIDS168,u,9,IDS,88.99332241360501,119.18932850676356,341.92383121232126,509.32578401356005
6542,FIDS168,o,9,IDS,100.1154577402231,164.54225977689418,416.87061044920216,944.4857818592345
6543,FIDS168,u,9,IDS,100.55,159.9999999999966,331.18866819699184,589.6274726175159
6544,FIDS168,o,9,IDS,104.69,150.00000000000568,594.5516213742516,1330.10159752477
6545,FIDS168,e,9,IDS,109.1607731749266,139.69501943269336,693.3581972345457,1560.7771847243973
6546,FIDS168,o,9,IDS,110.23,109.99999999999943,552.7811604482273,1108.025927329684
6547,FIDS168,a,9,IDS,112.59,269.999999999996,661.0944469168788,1054.0561880698672
6548,FIDS168,e,9,IDS,114.41,159.9999999999966,507.4959841190354,1762.4794594423736
6549,FIDS168,u,9,IDS,114.9397229013916,150.27709860839877,288.2012517231684,516.0380985607363
6550,FIDS168,o,9,IDS,117.17,120.00000000000455,469.50744687615156,877.0958787412156
6551,FIDS168,a,9,IDS,117.98,149.99999999999147,540.4876992500858,1052.879879781585
6552,FIDS168,e,9,IDS,119.07,130.00000000000966,601.239421347269,1691.1754560121783
6553,FIDS168,o,9,IDS,120.317652234043,138.41341374980232,362.92812785365436,753.9888436283064
6554,FIDS169,æ,12,IDS,2.912070413531601,52.241279781929165,621.818340329969,1490.0269735752775
6555,FIDS169,o,12,IDS,3.361620373760308,98.3796262396921,438.3702115242055,1094.1107789994794
6556,FIDS169,e,12,IDS,4.553136096051263,96.86390394873712,476.2585182474779,1939.5787432539787
6557,FIDS169,o,12,IDS,5.279350159276397,92.10962487866503,488.5498859891431,1181.5444118805933
6558,FIDS169,i,12,IDS,7.283793067351186,116.20693264881422,345.32608994573155,2197.7629697499824
6559,FIDS169,u,12,IDS,9.78,180.00000000000148,372.9879306500576,1011.1673337427067
6560,FIDS169,u,12,IDS,10.91,107.43290730347965,479.57650560614286,1015.7025403394464
6561,FIDS169,u,12,IDS,11.26,179.99999999999972,460.32272310756554,694.8081347164789
6562,FIDS169,i,12,IDS,12.2,80.00000000000007,442.64908997310914,1924.3908934755
6563,FIDS169,æ,12,IDS,15.8,125.43238844712867,662.4029318130902,1471.061274671233
6564,FIDS169,æ,12,IDS,18.48,126.30574892439839,602.0217265726692,1435.9879723138515
6565,FIDS169,æ,12,IDS,19.81386504213433,90.73485435807882,573.981600668391,1559.2292036627127
6566,FIDS169,u,12,IDS,20.24004390351322,133.35274049597956,306.1189351049728,624.523093561593
6567,FIDS169,e,12,IDS,24.02,80.00000000000185,1682.236386329974,2175.7829380035937
6568,FIDS169,æ,12,IDS,24.22,121.6823121889199,617.6232771283691,1583.0195810164846
6569,FIDS169,u,12,IDS,24.85511468401165,170.47154455156033,337.0563742397105,1783.9437650041245
6570,FIDS169,æ,12,IDS,32.53,111.9544805957915,563.046575838695,1434.6808743541326
6571,FIDS169,u,12,IDS,34.3,179.99999999999972,455.19431637781526,1173.9766599912284
6572,FIDS169,e,12,IDS,38.891363027052,148.6369729479975,448.27573594803994,1703.4793580246437
6573,FIDS169,a,12,IDS,39.87926677625662,160.73322374337806,552.7895324391156,1193.2786842368562
6574,FIDS169,e,12,IDS,43.52941045455621,134.72751101654978,538.1101289165982,1780.4807943839944
6575,FIDS169,a,12,IDS,45.76,109.99999999999943,692.1709135040487,1212.2503888534734
6576,FIDS169,o,12,IDS,46.51728170470833,93.48439539923703,509.81298294976887,1224.0113944025356
6577,FIDS169,o,12,IDS,48.22149799594894,108.50200405106136,460.5192867633949,965.4152296091555
6578,FIDS169,æ,12,IDS,55.35157819100484,93.48439539923703,534.112134014162,1696.4948818391329
6579,FIDS169,i,12,IDS,57.08,70.33216434154355,360.04761381788734,2025.45009088645
6580,FIDS169,i,12,IDS,59.10253379263442,87.46620736557986,402.9496625617921,2079.2471798998004
6581,FIDS169,a,12,IDS,64.56,112.44086182333035,590.3150368961767,1275.3388050064655
6582,FIDS169,e,12,IDS,65.73,99.99999999999432,455.1919070323012,1845.6693560717024
6583,FIDS169,a,12,IDS,66.15,109.99999999999943,510.66404626318604,1119.836835418798
6584,FIDS169,a,12,IDS,67.13,100.00000000000853,764.0896036780254,1160.6504001565572
6585,FIDS169,æ,12,IDS,70.26184323410361,116.85549424905162,570.5846227923987,1600.7414120272633
6586,FIDS169,i,12,IDS,70.6988880681429,93.48439539924414,289.0505857068027,2105.6948016798283
6587,FIDS169,e,12,IDS,72.40668828306012,98.98347748155345,507.0803339494895,1844.2992005443957
6588,FIDS169,e,12,IDS,74.76,71.78135868963409,284.1632071909916,1544.3769456538016
6589,FIDS169,i,12,IDS,77.16,260.0000000000051,402.3811856943489,2177.057035061579
6590,FIDS169,i,12,IDS,77.89,90.00000000000341,346.7520518257356,1978.4324403108594
6591,FIDS169,a,12,IDS,78.15228785133753,87.71214866246169,594.3860408539459,1335.3193613832445
6592,FIDS169,i,12,IDS,85.5,99.99999999999432,371.94340674921375,2161.9838367554253
6593,FIDS169,i,12,IDS,87.39,79.9999999999983,335.5193849418742,2040.9776368522557
6594,FIDS169,a,12,IDS,89.16466946005097,110.04750928339035,650.9681152429126,1865.0887192755956
6595,FIDS169,o,12,IDS,91.42,54.56383812084198,429.39190141453696,1176.5299529781735
6596,FIDS169,i,12,IDS,91.6716638547478,70.62750595800082,468.03071471141095,1497.8205389877596
6597,FIDS169,u,12,IDS,94.96,140.00000000000057,505.2018896126443,2375.790893111935
6598,FIDS169,o,12,IDS,107.3136656833598,131.40001108469335,489.77112793812785,2113.1418558989226
6599,FIDS169,u,12,IDS,107.9166375374965,106.7625090063018,774.5299623472656,2190.074851209242
6600,FIDS169,o,12,IDS,111.7656579704377,154.3420295623008,535.616880748068,1596.5146689576595
6601,FIDS169,a,12,IDS,116.28,170.0000000000017,547.1582163621999,970.9528160758916
6602,FIDS169,e,12,IDS,117.85,120.00000000000455,575.1846816282268,1769.810091642246
6603,FIDS169,u,12,IDS,118.27,131.00978992081025,487.4407626488441,801.4567621888065
6604,FIDS169,o,12,IDS,120.69,120.00000000000455,578.5509917581473,1379.6714367870775
6605,FIDS169,a,12,IDS,121.7,118.98009462770176,612.692835527702,1256.368969027734
6606,FIDS169,e,12,IDS,124.03,79.9999999999983,598.9893927218935,1752.9366260240479
6607,FIDS169,o,12,IDS,125.7111814259765,142.37561917059338,456.26173933314965,666.8248633873442
6608,FIDS169,o,9,IDS,6.301122606952366,128.8773930476337,502.30472437288176,1163.7452835860283
6609,FIDS169,o,9,IDS,7.843943107400844,123.1605981278765,484.562027990714,982.6569968197665
6610,FIDS169,i,9,IDS,9.41,109.99999999999943,372.4920284157868,2286.6823461388603
6611,FIDS169,u,9,IDS,11.24,189.21652649324903,354.4636214901061,688.8435918392192
6612,FIDS169,u,9,IDS,12.44,99.99999999999964,419.39490370649264,1004.2134913601158
6613,FIDS169,u,9,IDS,12.69,160.00000000000014,421.688946770632,1166.2873375828603
6614,FIDS169,i,9,IDS,13.18,80.00000000000007,456.6042891455715,2018.8488606333112
6615,FIDS169,æ,9,IDS,16.48,179.99999999999972,558.3148670508846,916.6047859085998
6616,FIDS169,æ,9,IDS,18.02,125.42047885587948,699.1181227013441,937.9256220753005
6617,FIDS169,æ,9,IDS,19.2,109.99166922740145,690.4222668713281,1705.8413381441596
6618,FIDS169,u,9,IDS,19.65,190.00000000000128,309.4043813780761,837.8416406355856
6619,FIDS169,e,9,IDS,23.52,120.000000000001,835.4295209994684,1847.456714949491
6620,FIDS169,e,9,IDS,23.75,129.999999999999,694.2391088891295,1828.7743010604509
6621,FIDS169,u,9,IDS,24.86,160.00000000000014,239.7659073800181,1827.3667414543393
6622,FIDS169,æ,9,IDS,30.97,109.99999999999943,696.7694520177185,1369.1953573710334
6623,FIDS169,u,9,IDS,32.28,159.9999999999966,336.53770509818304,652.2754085222218
6624,FIDS169,u,9,IDS,33.45,129.99999999999545,391.23390265905124,688.0161997269595
6625,FIDS169,e,9,IDS,37.34,149.99999999999858,587.7091824837546,1242.8385153073386
6626,FIDS169,a,9,IDS,39.15,140.00000000000057,647.7522214233677,1082.6840848952954
6627,FIDS169,e,9,IDS,41.61,79.9999999999983,655.1053131848282,1862.199407267852
6628,FIDS169,a,9,IDS,43.84,149.99999999999858,567.5472681367244,1026.15358014846
6629,FIDS169,o,9,IDS,44.72,170.0000000000017,489.08396981307567,1073.0104422759214
6630,FIDS169,æ,9,IDS,53.32,157.98025096513157,694.4901771267876,1072.1638932118844
6631,FIDS169,i,9,IDS,53.78,89.9999999999963,404.98713364628463,1934.8779031608308
6632,FIDS169,e,9,IDS,60.88,75.9143553560051,616.0004079009858,1658.4394554852809
6633,FIDS169,a,9,IDS,61.09,99.99999999999432,599.7605922842546,1249.7764946290758
6634,FIDS169,e,9,IDS,62.32199465169492,158.00534830507473,462.30709684234057,1375.0417265275034
6635,FIDS169,a,9,IDS,62.9,130.00000000000256,553.2571810675087,1008.9782757657642
6636,FIDS169,a,9,IDS,65.02,109.99999999999943,524.207907708454,959.6970231710106
6637,FIDS169,æ,9,IDS,68.3,140.00000000000057,561.6242867034584,1016.272642010239
6638,FIDS169,i,9,IDS,68.75,99.99999999999432,384.9363689223079,2208.9121863773544
6639,FIDS169,e,9,IDS,70.5,90.00000000000341,414.03332179370807,1592.5436969493305
6640,FIDS169,e,9,IDS,73.83,74.63532860087696,489.98448433110923,1615.3166412508695
6641,FIDS169,i,9,IDS,76.25,49.99999999999716,341.3650619188655,2079.258649317901
6642,FIDS169,i,9,IDS,76.56,99.99999999999432,318.33634949453824,2135.0253645654284
6643,FIDS169,a,9,IDS,76.94,100.00000000000853,536.5130418532179,1125.8346875356012
6644,FIDS169,i,9,IDS,87.1,120.00000000000455,380.5131589142316,2308.981808671868
6645,FIDS169,e,9,IDS,91.34,60.000000000002274,607.4863961355891,1692.3927372054616
6646,FIDS169,a,9,IDS,91.57,80.0000000000125,603.5194684575566,922.1346766603588
6647,FIDS169,u,9,IDS,93.44,90.00000000000341,331.0846155529388,1072.2470766638023
6648,FIDS169,i,9,IDS,93.63,40.00000000000625,463.4567911202131,1376.2076982155022
6649,FIDS169,u,9,IDS,97.65,239.99999999999488,288.3924653264138,693.0535023015716
6650,FIDS169,o,9,IDS,111.39,170.0000000000017,473.56004591647746,1080.5622557654635
6651,FIDS169,u,9,IDS,112.01,124.92368786568875,360.6989507253612,1872.202449708632
6652,FIDS169,o,9,IDS,116.19,141.82943943070825,464.4276503694635,849.3801170711836
6653,FIDS169,o,9,IDS,120.0706553673736,139.34463262638985,523.4315335018157,1659.6967542295388
6654,FIDS169,a,9,IDS,123.55,180.00000000000682,484.85509160495246,982.7236872867871
6655,FIDS169,e,9,IDS,124.89,90.00000000000341,606.2424939043053,1814.3363251388191
6656,FIDS169,u,9,IDS,125.18,99.99999999999432,406.7317684937807,628.0351968698359
6657,FIDS169,o,9,IDS,127.79,99.99999999999432,484.7634054270051,1199.997971327893
6658,FIDS169,a,9,IDS,128.5,90.00000000000341,530.328155733862,953.1542321241362
6659,FIDS169,e,9,IDS,129.7,90.00000000000341,572.2591777007628,1776.3704746675012
6660,FIDS169,o,9,IDS,131.2555809472281,184.41905277188653,391.5626404225142,1053.7735840867276
