index,spkid,IPA,AgeMonth,Register,time_start,duration(ms),F1,F2
0,MADS101,æ,12,ADS,3.26489272612333,112.84774106292383,899.1849227996694,1692.0325387671205
1,MADS101,o,12,ADS,3.830474856926795,91.35293324141492,492.15075412931856,1150.9224945862577
2,MADS101,e,12,ADS,4.860157739860236,99.84226013976371,613.951168562532,2064.2771244889173
3,MADS101,o,12,ADS,5.679328930329384,107.47403910754727,487.9407129589399,1017.8053739998328
4,MADS101,i,12,ADS,6.64,100.00000000000054,363.175843399445,2484.202193681426
5,MADS101,u,12,ADS,8.32,230.00000000000043,305.26602382330424,674.4143308952505
6,MADS101,u,12,ADS,9.46,169.99999999999994,307.0048146750364,615.3430045082113
7,MADS101,u,12,ADS,9.97,229.99999999999864,339.59959170122755,690.7667043977483
8,MADS101,i,12,ADS,10.78,89.99999999999986,353.287805765627,2372.4738647389768
9,MADS101,æ,12,ADS,14.17,136.56794793879,784.9676505535464,1541.1990509030147
10,MADS101,æ,12,ADS,15.6,120.000000000001,871.5519235293798,1511.2544235878372
11,MADS101,æ,12,ADS,17.43,146.05609907588857,819.8398297241525,1533.6977798864789
12,MADS101,u,12,ADS,18.01,209.9999999999973,398.90640492221877,846.1660006327877
13,MADS101,e,12,ADS,20.2605095876986,93.09828042448132,594.157101892009,821.0857411301389
14,MADS101,æ,12,ADS,20.4,100.00000000000142,958.3517016090593,1562.6475220604252
15,MADS101,u,12,ADS,21.21140934900351,108.59065099649001,356.9117935934593,887.3537489930355
17,MADS101,u,12,ADS,29.23,120.000000000001,366.77057109870253,765.795025624491
18,MADS101,u,12,ADS,30.5,191.94389304259118,539.7275994682444,2343.3945179380216
19,MADS101,e,12,ADS,33.83,109.99999999999943,574.0830679225985,1840.6659246551267
20,MADS101,a,12,ADS,34.75,109.99999999999943,702.5823438303945,1218.0399162242516
21,MADS101,e,12,ADS,36.23245174575612,97.54825424387548,646.8973161242413,1825.293682742778
22,MADS101,a,12,ADS,37.32,127.72296436988029,722.282721728652,1208.3713553528303
23,MADS101,o,12,ADS,38.19,90.00000000000341,459.3526188513773,1047.5357260934745
24,MADS101,o,12,ADS,40.46,87.57643154177686,507.9412526520677,1175.5875221387914
25,MADS101,æ,12,ADS,43.93151022686796,150.263891211452,638.3958550009613,1421.1374186622627
26,MADS101,i,12,ADS,44.64133651686998,111.06461524325084,355.73070346783675,2529.902521141104
27,MADS101,i,12,ADS,46.98487176513526,95.1282348647382,319.3347311144524,2441.06558584385
28,MADS101,e,12,ADS,51.16,106.56056783115275,569.4790620370212,2097.869290067049
29,MADS101,a,12,ADS,51.45439043184546,150.263891211452,746.6629591155041,1353.1779185301566
30,MADS101,e,12,ADS,52.21,93.80174142265219,631.8044814780533,2041.6450399316968
31,MADS101,a,12,ADS,52.55,130.00000000000256,688.3177509375454,1192.702899164241
32,MADS101,a,12,ADS,54.17,129.99999999999545,720.6143732830961,1186.6274861141633
33,MADS101,æ,12,ADS,56.49413998947463,125.76434373131917,733.5293111385688,1582.6980765213234
35,MADS101,e,12,ADS,59.07592422391118,94.07577608882178,526.7476009874883,2172.5460946252497
36,MADS101,e,12,ADS,60.0615499036255,88.45009637450119,505.63436945080787,2074.2919577609027
37,MADS101,i,12,ADS,61.58234247775766,87.65752224233836,335.9397820377505,1796.775330766844
38,MADS101,i,12,ADS,61.97,79.46718304543765,400.61628782278456,2191.218812045173
39,MADS101,a,12,ADS,62.27,117.56093827120395,718.9685177237083,1287.8688931751096
40,MADS101,i,12,ADS,67.46,120.00000000000455,362.9446608126324,2351.3348897124197
41,MADS101,i,12,ADS,69.62,99.99999999999432,347.20206216617083,2373.750907992411
42,MADS101,æ,12,ADS,71.20082873820691,161.69701336885112,852.4020968730006,1106.682717441357
43,MADS101,a,12,ADS,71.66,81.45208593506936,676.8074624219319,1253.812192321333
44,MADS101,a,12,ADS,72.65,69.99999999999318,625.1805271543934,1255.4897899524458
45,MADS101,o,12,ADS,74.56,149.99999999999147,494.90984164139184,1084.6293195351866
46,MADS101,i,12,ADS,74.92,69.82171853798036,567.5909484822032,1944.8010151599544
48,MADS101,o,12,ADS,89.89925852549523,140.7414745047788,442.4997167064075,939.8584841021625
49,MADS101,u,12,ADS,90.31465331429062,132.29755639270024,346.2851095429211,781.4777234508825
50,MADS101,o,12,ADS,94.32,130.00000000000966,448.62839876328144,977.2373106442102
51,MADS101,æ,12,ADS,95.81193584443022,138.06415556977925,945.2348955005504,1453.9994158882448
52,MADS101,o,12,ADS,96.38,90.00000000000341,508.03188642443814,1050.6219427144542
53,MADS101,a,12,ADS,98.68,219.99999999999886,703.3724823004084,1229.5991443169742
54,MADS101,e,12,ADS,99.86,79.9999999999983,569.7820696847311,2096.2684142447024
56,MADS101,o,12,ADS,101.59,67.66330284840194,472.2521020115205,1258.5089780948585
57,MADS101,a,12,ADS,102.34,159.9999999999966,794.5940596483088,1247.4584610103843
58,MADS101,o,12,ADS,104.5406151476138,159.38485238619648,487.60253788537955,1010.7053849350484
59,MADS101,æ,15,ADS,3.23,109.99999999999987,988.2451204888636,1552.8159853437871
60,MADS101,o,15,ADS,3.825213775870107,114.78622412989293,492.44407194901055,1101.8095792844192
61,MADS101,e,15,ADS,4.498851248316345,69.8731810131994,602.9619409668853,1429.5603618709602
62,MADS101,o,15,ADS,5.178637010706538,102.97100359839905,541.7236014611865,1123.7126792120034
63,MADS101,i,15,ADS,6.21,89.99999999999986,414.844799460277,2421.190226398555
64,MADS101,u,15,ADS,7.7,269.99999999999955,387.7078022420609,779.3520861637719
65,MADS101,u,15,ADS,8.64,89.99999999999986,409.3268861668056,1241.7295856797443
66,MADS101,u,15,ADS,8.907480547313972,145.26266579059842,569.6530250747726,833.0369796629661
67,MADS101,i,15,ADS,9.51,80.00000000000007,438.53348087771997,2265.8403674634083
70,MADS101,æ,15,ADS,15.56215778947483,86.422092305801,659.009399262234,1720.7458146920546
71,MADS101,u,15,ADS,15.99,104.00966080929841,434.6731486899446,766.2274394781216
72,MADS101,e,15,ADS,18.07,83.02483569157104,604.610158402673,1696.7332397543714
73,MADS101,æ,15,ADS,18.26886721473977,121.13278526022953,928.1738058540457,1643.6530434061272
74,MADS101,u,15,ADS,18.71592509962992,102.97100359839817,373.7928533630432,735.4436949243369
76,MADS101,u,15,ADS,25.96,129.999999999999,410.4253626472719,792.460469175674
77,MADS101,u,15,ADS,26.98,179.99999999999972,480.3699159332101,1565.8222701485306
78,MADS101,e,15,ADS,29.28755857490868,112.44142509131905,640.0206238673337,1801.6665931330067
79,MADS101,a,15,ADS,30.26,125.95143719827817,657.778741810811,1232.5053506102356
80,MADS101,e,15,ADS,31.7,80.00000000000185,570.6244924170007,1885.9907136340084
81,MADS101,a,15,ADS,32.46,104.27586491153562,689.9545516597157,1234.881609177929
82,MADS101,o,15,ADS,33.19,103.32384588567578,473.95719099388515,1132.2902694220993
83,MADS101,o,15,ADS,34.52,84.49222735586659,501.5098955937433,1293.9962457894023
84,MADS101,æ,15,ADS,37.22,146.84944113851373,746.7316593214895,1532.0427720422374
85,MADS101,i,15,ADS,37.82927607350965,102.97100359839106,458.17895544042557,2570.449536182591
86,MADS101,i,15,ADS,39.75382391013967,106.17608986032678,360.79161522796375,2270.5773822555307
87,MADS101,e,15,ADS,42.97,79.13954141645263,495.330521268056,1868.433997774746
88,MADS101,a,15,ADS,43.22,131.80402668569968,692.3100305107843,1180.6996545254647
89,MADS101,e,15,ADS,44.07550955712956,82.74455646301249,574.8081207200662,1723.0693070777056
91,MADS101,a,15,ADS,45.46,130.00000000000256,766.7837379691194,1279.3278444496761
92,MADS101,æ,15,ADS,47.47,160.0000000000037,735.3778945723881,1531.3407219735457
93,MADS101,i,15,ADS,48.25030443246747,84.58332438438987,361.1208071903843,2319.3916426873375
94,MADS101,e,15,ADS,50.0,102.8294225210118,557.4630287848943,1945.779905514661
96,MADS101,i,15,ADS,52.41,50.00000000000426,399.6801546910301,2409.9932541708436
97,MADS101,i,15,ADS,52.7585012880366,61.498711963402286,387.8661445775345,2157.463547657161
98,MADS101,a,15,ADS,53.02,109.99999999999943,737.5331840694347,1328.530401551248
99,MADS101,i,15,ADS,57.55,125.83731508238571,385.31517965429845,2634.8751251599647
100,MADS101,i,15,ADS,59.44,119.20003567990278,383.167675557449,2508.1074901094016
101,MADS101,æ,15,ADS,61.00386625365062,176.13374634937884,1000.3154749617516,1521.7015628375016
102,MADS101,a,15,ADS,61.5,100.00000000000142,692.7038967079628,1282.9159993972905
103,MADS101,a,15,ADS,62.5,109.99999999999943,631.3312654994413,1175.3021322332615
104,MADS101,o,15,ADS,64.4727582913009,107.24170869909244,602.8788013475918,1127.6638214161703
105,MADS101,i,15,ADS,64.77,53.0568892926766,508.001714095723,1749.8441593434657
106,MADS101,u,15,ADS,67.92468009353881,105.31990646119027,373.31326423714216,793.0244658727763
107,MADS101,o,15,ADS,75.04081446631915,156.29527331898885,436.3739291172772,914.7968034929929
108,MADS101,u,15,ADS,75.53,99.99999999999432,401.85057462110575,730.4366670935013
109,MADS101,o,15,ADS,78.88352456964557,137.90759410500186,457.4415008321634,913.2037311107133
110,MADS101,æ,15,ADS,80.82,180.00000000000682,869.9150207679007,1635.9483985638988
111,MADS101,o,15,ADS,81.65,126.88224789742719,527.4882729182589,1173.7712866967804
112,MADS101,a,15,ADS,85.91,159.9999999999966,714.4649191154814,1323.9713018178911
113,MADS101,e,15,ADS,86.49,100.00000000000853,523.6799256788427,1871.3991382210884
114,MADS101,u,15,ADS,86.87,102.6678795923317,374.60707018937933,763.6774726005042
115,MADS101,o,15,ADS,87.91594563237459,104.05436762540887,461.19106153725136,1069.4933491796533
116,MADS101,a,15,ADS,88.67,123.93381498210942,775.7910656315413,1326.8566606744803
117,MADS101,o,15,ADS,90.26500138796231,154.45650539760436,465.47854155943406,997.8604210682672
118,MADS101,æ,6,ADS,2.87937906927689,130.51379950140475,878.7888574845331,1594.113639492441
119,MADS101,o,6,ADS,3.43,126.72916795506906,613.6330922117598,1204.4033762020683
120,MADS101,e,6,ADS,4.24,160.00000000000014,625.068914027584,2078.0022208564587
121,MADS101,o,6,ADS,5.16,120.83290241259715,559.1335083185979,1148.6716242554805
122,MADS101,i,6,ADS,6.24,104.8646508770581,369.76056187147736,2373.959275486655
123,MADS101,u,6,ADS,7.83,209.81767248274787,346.42684907007117,701.8576115252448
124,MADS101,u,6,ADS,8.62,138.56607796247465,393.4016816055103,941.0829878245919
125,MADS101,u,6,ADS,8.940294153217595,199.70584678240579,480.7798630588061,753.7276589905508
127,MADS101,æ,6,ADS,12.72,168.2742514607689,938.8780924279292,1588.1532087625112
129,MADS101,æ,6,ADS,15.69026116598573,163.5552677296097,756.5022322931637,1549.0253678352858
130,MADS101,u,6,ADS,16.32,207.31662177027133,346.7476340980737,1110.7516291555994
131,MADS101,e,6,ADS,18.56167600854305,99.12440468460915,548.5904443529629,859.6999786833861
132,MADS101,æ,6,ADS,18.71531883580419,140.42623996986947,663.3659634341757,1442.7795702303506
133,MADS101,u,6,ADS,19.32557615993129,107.3847717416605,453.11485067460615,874.6559204181798
134,MADS101,u,6,ADS,27.04789787820217,229.638204186017,423.67896633351364,876.249496947604
135,MADS101,e,6,ADS,30.89,160.00000000000014,527.8381772976435,1648.8178728148432
136,MADS101,a,6,ADS,32.08901220200337,117.29721221013278,720.6971107643575,1299.2687920596306
138,MADS101,a,6,ADS,34.6,135.74506060886904,724.9654023963895,1302.3675958559575
139,MADS101,o,6,ADS,35.39001436728545,109.98563271454742,450.3707767470931,1012.9053732669065
140,MADS101,o,6,ADS,37.1,93.71092976741835,573.6006657650515,1230.0366209672368
141,MADS101,æ,6,ADS,40.36,181.26445484571718,780.2936459520013,1495.067238795496
142,MADS101,i,6,ADS,41.11,149.99999999999858,381.13615522113594,2435.7464453993402
144,MADS101,e,6,ADS,47.64,93.27060805368603,602.4461348174732,1972.5324481565094
145,MADS101,a,6,ADS,47.87,102.82125270817488,701.7322996480705,1249.2119073710364
146,MADS101,e,6,ADS,49.60254518794468,110.6889185644917,589.6225899692299,2058.0751133687886
147,MADS101,a,6,ADS,49.97,138.8035766591429,855.35138419587,1316.5749475918954
150,MADS101,i,6,ADS,53.97430992959613,100.77647809601586,358.76100119343016,2287.2867161797903
151,MADS101,e,6,ADS,55.84,129.85862257223602,541.9210563148972,2032.723521192238
152,MADS101,e,6,ADS,56.86,112.51119529086395,513.1248113986478,1983.5885416285462
153,MADS101,i,6,ADS,58.33,157.55898507034516,365.7969424381228,2557.490693801949
154,MADS101,i,6,ADS,58.76977023414471,56.17049598794921,436.97231421793583,2158.8129644664655
155,MADS101,a,6,ADS,59.02,114.87845806636443,693.3786535798494,1340.8266729562997
156,MADS101,i,6,ADS,64.43575808325225,87.5598908047408,345.11299623279496,2001.3899648475153
157,MADS101,i,6,ADS,66.2,69.99999999999318,368.2999177979275,2310.8724010451224
161,MADS101,o,6,ADS,70.99751126137903,152.48873862097412,450.9413083058876,1098.393990136272
162,MADS101,i,6,ADS,71.33792746464079,79.299523747693,546.6939850940279,1895.8075040012818
163,MADS101,u,6,ADS,74.77,130.00000000000966,372.39949495754604,1087.6740879382485
164,MADS101,o,6,ADS,83.21,137.29410628752703,440.03591896721855,1127.4773553861037
165,MADS101,u,6,ADS,83.66284012786687,140.42623996986947,383.10282359233594,882.6015682253824
166,MADS101,o,6,ADS,87.22940288284506,158.5990474953718,481.1454964823138,1035.8429270859483
167,MADS101,æ,6,ADS,89.11592212167315,143.7303867926829,828.5723485661853,1660.6524438965807
168,MADS101,o,6,ADS,89.76,119.18003774464125,605.5305743572179,1342.8025373880669
169,MADS101,a,6,ADS,93.1252405509093,175.1197816094816,603.549396496277,1180.7184364857628
170,MADS101,e,6,ADS,94.9,140.00000000000057,471.3284143269292,1613.679001668992
171,MADS101,u,6,ADS,95.31,131.46964672175443,536.6118365729783,1854.7406667406979
172,MADS101,o,6,ADS,96.76,109.99999999999943,438.9548398964292,1146.2603036116273
173,MADS101,a,6,ADS,97.46302828473924,151.99075384974492,743.3445883543646,1253.701992627882
176,MADS102,æ,15,ADS,2.59,97.99618639650198,851.3921459569204,1657.8467595484324
177,MADS102,o,15,ADS,3.13,147.89843680654792,512.5516488023321,958.8568634977162
178,MADS102,e,15,ADS,4.11,59.99999999999961,496.63770746348024,2137.266108510933
179,MADS102,o,15,ADS,4.83,124.94388578816817,492.6801391243209,1226.2172419906396
180,MADS102,i,15,ADS,6.215816775878538,114.18322412146242,287.636549043925,2550.596762492434
181,MADS102,u,15,ADS,7.779438775582956,140.561224417044,416.11917805060983,914.9551169936481
182,MADS102,u,15,ADS,8.639359413816175,230.64058618382433,323.5303760500757,912.47805330057
183,MADS102,u,15,ADS,9.1,210.00000000000085,377.24111373912945,1049.83451172553
184,MADS102,i,15,ADS,9.67,99.99999999999964,354.92866699697777,2632.890751290109
186,MADS102,æ,15,ADS,13.64,129.999999999999,883.6950223450629,1634.6655070951365
187,MADS102,æ,15,ADS,15.40991742286897,95.46727240936015,746.1857812636671,1698.1755161696256
188,MADS102,u,15,ADS,15.83,152.25997092220035,345.59147738446586,762.1985715506252
189,MADS102,e,15,ADS,17.64,79.9999999999983,579.6326560958889,2183.4043268925457
190,MADS102,æ,15,ADS,17.83,160.00000000000014,1006.3001691745928,1711.188605258767
191,MADS102,u,15,ADS,18.9,120.000000000001,351.16704413431313,694.0044887207947
192,MADS102,æ,15,ADS,25.85,125.7910140852303,844.2969546348941,1776.7218456915991
193,MADS102,u,15,ADS,27.5,113.3723040376502,376.2955967182344,864.2580532873128
194,MADS102,u,15,ADS,28.64452005137501,148.18800493392814,472.4125828962908,736.869249905445
195,MADS102,e,15,ADS,32.22,179.99999999999972,497.0704245354665,2318.0318950313545
196,MADS102,a,15,ADS,33.32,104.31703605956244,723.0752119128065,1977.8944426795981
197,MADS102,e,15,ADS,34.96,149.99999999999858,436.1824715072409,2278.774983188112
198,MADS102,a,15,ADS,36.54,190.77012880060806,665.691957430478,1465.9828189626276
199,MADS102,o,15,ADS,37.39,122.21587323239902,495.0936672448878,1456.1925147441632
200,MADS102,o,15,ADS,38.88,123.87079110057897,494.50949368998965,1210.7412204205941
201,MADS102,æ,15,ADS,42.88932976880612,135.36404296847593,611.687759543375,1725.5032296588683
202,MADS102,i,15,ADS,43.43005542983924,71.24423314131434,354.61558074818504,2538.131475136847
203,MADS102,i,15,ADS,45.68,79.9999999999983,316.97748919776046,2487.0199601906343
205,MADS102,a,15,ADS,49.49,91.65383362260826,693.6832928763606,1473.6618554156194
206,MADS102,e,15,ADS,50.63309715315053,102.5916957234898,616.9376395935253,2106.928026244961
207,MADS102,a,15,ADS,51.0,119.99999999999744,879.1163270539867,1546.0064625311165
208,MADS102,a,15,ADS,52.27613703218928,103.86296781071991,956.6758036248086,1574.108173737654
209,MADS102,æ,15,ADS,54.86,98.0941681014329,650.2714998175119,1713.0461673812283
210,MADS102,i,15,ADS,55.2881000861282,71.89991387179617,352.5511502419718,2407.5170010858747
211,MADS102,e,15,ADS,56.77267986828234,117.32013171766198,599.8569794064438,2346.2573008634295
212,MADS102,e,15,ADS,57.97,92.4830631592144,515.274540557628,2039.6828890742645
213,MADS102,i,15,ADS,59.93,39.99999999999915,325.76865910607967,2479.478204921419
214,MADS102,i,15,ADS,60.27495877117973,58.42027117587634,360.76288337361905,2238.013482465608
215,MADS102,a,15,ADS,60.55,105.37450128139625,586.1740233334348,1532.4318997065177
216,MADS102,i,15,ADS,66.0,150.00000000000568,281.49279459227637,2478.42324990983
217,MADS102,i,15,ADS,67.64304616581448,166.95383418552012,236.10810182461125,2266.6013787065062
218,MADS102,e,15,ADS,69.07,140.77963241565783,771.8045173198077,1767.812479411447
219,MADS102,a,15,ADS,69.52,95.44687665830054,576.3168547132276,1383.2842107927281
220,MADS102,a,15,ADS,70.68732048059596,82.64331044391326,619.4456557516437,1223.2098123774747
221,MADS102,o,15,ADS,72.67,79.9999999999983,603.9532971277324,1234.453020099858
222,MADS102,i,15,ADS,72.9396929591755,49.87096319891293,400.77016354581815,1874.847644960037
223,MADS102,u,15,ADS,76.18,121.20617976397341,541.4493929505946,1319.857364509877
224,MADS102,o,15,ADS,86.16577475457834,105.44146504913954,612.6492018208045,1505.6196968947631
225,MADS102,u,15,ADS,86.58,102.92246256535975,327.186143104406,829.113673589236
226,MADS102,o,15,ADS,90.60572634081552,186.65989083021373,538.6183148718258,1401.1506127941354
227,MADS102,e,15,ADS,92.39063041264208,108.29123437480348,591.4110678943746,1890.059095958638
228,MADS102,o,15,ADS,92.93,110.37781889083931,587.6111951698322,1064.2291079974416
229,MADS102,a,15,ADS,95.25,166.8992629553543,644.1672870614337,1342.6997756910619
230,MADS102,e,15,ADS,96.31,79.9999999999983,517.7537510974843,2216.3525910048606
231,MADS102,u,15,ADS,96.67,106.33014434583288,348.28487194990345,878.4832681415752
232,MADS102,o,15,ADS,98.0292495250812,90.75047491880639,305.6964094906132,1244.509855320251
234,MADS102,e,15,ADS,99.88,87.39605427103925,541.3926625782669,2068.176463519566
235,MADS102,o,15,ADS,100.8045754876451,152.46265892240274,454.96970632711043,1146.3892082308398
236,MADS102,æ,18,ADS,2.9,57.55735936799411,768.0544660469441,1724.682368670027
237,MADS102,o,18,ADS,3.329870013446881,89.63189152846196,527.4921979922094,1075.072977892652
238,MADS102,e,18,ADS,4.33,50.15393189285078,522.2776247793417,2094.1203023127887
239,MADS102,o,18,ADS,4.943676112169422,96.27129090094044,526.1858957675371,1056.852115227818
240,MADS102,i,18,ADS,6.11,119.70038659792425,305.5355666048155,2637.3434788700924
241,MADS102,u,18,ADS,7.64,150.00000000000034,331.8185884741196,810.1948409972458
242,MADS102,u,18,ADS,8.756321436575519,183.67856342448084,341.12193314508585,863.72008332978
243,MADS102,u,18,ADS,9.154999089533836,155.00091046616404,340.9614774501331,862.8719574341404
244,MADS102,i,18,ADS,9.719433409905871,70.56659009412769,332.2724677776157,2248.6290857872023
245,MADS102,æ,18,ADS,12.51,78.98027790231943,738.8280087308226,1730.6575654493454
246,MADS102,æ,18,ADS,14.09736013839091,82.6398616090902,849.3619571818105,1836.6513592141564
247,MADS102,æ,18,ADS,16.12,101.2206549754282,605.5566715974902,1551.0516422757717
248,MADS102,u,18,ADS,16.56,130.00000000000256,365.9464818696497,728.9797309187867
249,MADS102,e,18,ADS,19.10315210387731,46.84789612268858,518.5295352828107,1997.1802159482697
250,MADS102,æ,18,ADS,19.25,83.8712320709405,824.1429842057696,1610.2916540838305
251,MADS102,u,18,ADS,20.05265968175719,98.76106566562726,634.2257097212108,1652.996275606138
252,MADS102,æ,18,ADS,26.71,145.36936911720844,563.203796541193,1717.805428631988
254,MADS102,u,18,ADS,28.93,109.99999999999943,423.7107934513913,1680.1247099030816
255,MADS102,e,18,ADS,31.91,89.99999999999986,492.7042727927937,2134.4049163388986
256,MADS102,e,18,ADS,34.52427078664288,155.72921335711953,590.1068566794048,2447.6956458548307
257,MADS102,a,18,ADS,36.17,140.00000000000057,739.2121688602424,1391.8380480502929
258,MADS102,o,18,ADS,37.08,79.9999999999983,479.10093972644705,1175.7137976848132
259,MADS102,o,18,ADS,38.55,120.00000000000455,566.6278688015115,1693.1757052561964
260,MADS102,æ,18,ADS,42.28,129.99999999999545,889.3286090366012,1811.535218885692
261,MADS102,i,18,ADS,42.83405185454924,142.74708650830092,255.95586411615622,2342.8491755660752
262,MADS102,i,18,ADS,45.32128123599245,91.29174137159168,454.4811622894842,2163.458396587407
263,MADS102,e,18,ADS,48.96223932653465,117.84933886149673,527.7457433919927,2413.5065715541837
264,MADS102,a,18,ADS,49.27,99.99999999999432,723.6807838119764,1414.7275679879806
265,MADS102,e,18,ADS,50.42184096257223,98.1590374277701,556.9667856127295,2320.7273528978512
266,MADS102,a,18,ADS,50.84,113.4157888832874,1026.7869489929365,1499.0711459897573
267,MADS102,a,18,ADS,52.4,90.00000000000341,387.70620688379944,1263.2429217255853
268,MADS102,æ,18,ADS,54.84,105.33925369708896,737.9690406575488,1803.1778577896096
269,MADS102,i,18,ADS,55.29,87.32308942096978,306.4932560806461,2568.004515135439
270,MADS102,e,18,ADS,57.06594632451725,104.0536754827528,484.92718375574196,2322.4399617011554
271,MADS102,e,18,ADS,58.20063634580811,59.36365419189116,473.1076699803461,2144.5850596166893
272,MADS102,i,18,ADS,60.1845083482733,66.39399372478039,333.85568472932084,2477.2396154152534
273,MADS102,a,18,ADS,60.51,115.97517929076417,631.4645082805658,1358.3594213747845
274,MADS102,i,18,ADS,66.9,134.51100963555973,298.47001086550847,2527.814849135246
275,MADS102,i,18,ADS,68.95,90.00000000000341,318.58751386558856,2463.3448704278653
276,MADS102,æ,18,ADS,70.21949448117438,70.50551882562672,1331.8519320264484,2154.4936797531973
277,MADS102,a,18,ADS,70.61341172680261,76.58827319738748,469.49346952334594,1187.2579103531914
278,MADS102,a,18,ADS,71.66441478036599,85.58521963401233,770.2793421414538,1862.9010312818866
279,MADS102,o,18,ADS,73.43697206969802,43.027930301988704,457.4564993715251,1304.9549294120677
281,MADS102,o,18,ADS,87.43129020058034,78.70979941966993,415.8964414744438,1422.1314026626385
282,MADS102,u,18,ADS,87.84,137.59917077305772,432.7138877588865,1312.0259756485761
283,MADS102,o,18,ADS,92.0557439208849,129.46828776334485,549.2466555204924,1106.9544695233792
284,MADS102,e,18,ADS,94.1009632731932,96.27129090091557,1152.955294789798,1790.1158900798791
285,MADS102,o,18,ADS,94.7661579728794,122.82888839084194,309.41455501345445,1191.8703504383452
287,MADS102,e,18,ADS,98.9,79.9999999999983,448.04754504286757,2226.9036079622915
288,MADS102,u,18,ADS,99.22,90.00000000000341,341.39520876012256,831.8528857368747
289,MADS102,e,18,ADS,102.8,49.99999999999716,584.8159143788264,2082.9139478258985
290,MADS102,o,18,ADS,103.8552920495262,116.18948901839588,448.8067480129049,1413.4407317290015
291,MADS102,æ,6,ADS,3.38,83.04901685203791,789.8536771146889,1602.4612764787253
292,MADS102,o,6,ADS,3.83,120.00000000000011,596.2085209037044,1147.0299809429023
293,MADS102,e,6,ADS,4.38,77.21874804080909,594.1682366164675,1778.459846812354
294,MADS102,o,6,ADS,5.0,120.00000000000011,606.7733378999708,1304.2535491243098
295,MADS102,i,6,ADS,5.74,99.68471417978719,358.41138516519675,2233.059687500755
296,MADS102,u,6,ADS,7.07,120.00000000000011,347.1083544472788,716.3909127959644
297,MADS102,u,6,ADS,7.753986757689485,126.01324231051514,297.00805793274134,857.684316309509
298,MADS102,u,6,ADS,8.1,220.66157284017152,299.32444080026863,853.3004748456707
299,MADS102,i,6,ADS,8.62,111.31306465573765,365.4254484857924,2313.697287096825
300,MADS102,æ,6,ADS,11.31651317434113,145.17062680264914,807.687282157862,1710.882352015954
301,MADS102,æ,6,ADS,12.52953359336916,112.06153647923855,785.136787929399,1572.2529408965274
302,MADS102,æ,6,ADS,14.17741965591307,109.51468337744075,711.6680222897925,1696.6593980984583
303,MADS102,u,6,ADS,14.59568132273004,141.35034714994887,391.40709455698135,769.1642406031178
304,MADS102,e,6,ADS,16.17,139.99999999999702,626.1513922115802,2158.2090862048854
305,MADS102,æ,6,ADS,16.34,173.6440142100406,812.0655342752708,1695.0450427424523
306,MADS102,u,6,ADS,17.20617128451783,113.8287154821711,388.6785030244822,824.20784060373
307,MADS102,æ,6,ADS,23.25,120.85914538502962,782.8415356015497,1774.8847504817588
308,MADS102,u,6,ADS,24.56,52.26364343491241,394.98614395166624,835.1787602470401
309,MADS102,u,6,ADS,25.41,129.999999999999,354.6880959845811,717.8776373495282
310,MADS102,e,6,ADS,28.26257667625748,118.42866923374018,626.5474261998907,1954.448961267067
311,MADS102,a,6,ADS,29.25,93.3697972114409,755.2595575219697,1420.0514453254902
312,MADS102,e,6,ADS,30.67,101.9376139396293,518.3677770633466,1958.7825231065167
313,MADS102,a,6,ADS,31.82,111.03694415735887,710.5783930877118,1350.5804474400015
314,MADS102,o,6,ADS,32.66,110.00000000000654,525.477243640617,900.0124210736712
315,MADS102,o,6,ADS,34.28,100.00000000000142,553.254290487771,1459.1859685358409
316,MADS102,æ,6,ADS,37.51,145.92508698741113,781.2107401729875,1640.7575712695932
317,MADS102,i,6,ADS,38.55,109.21786725206317,369.9182043664707,2361.6120658709688
318,MADS102,i,6,ADS,40.35102762218541,118.42866923373663,367.7101446781301,2396.719648735249
319,MADS102,e,6,ADS,43.26638351915199,94.2335647666468,597.2480853647063,2097.3362045390527
320,MADS102,a,6,ADS,43.51,102.65667792248934,791.1520192852811,1443.4627821386023
321,MADS102,e,6,ADS,44.57616530881525,118.42866923374373,581.7952458333439,2073.5388525601734
322,MADS102,a,6,ADS,44.94800586167817,133.7097878445377,850.8352666396505,1467.5745914687636
323,MADS102,a,6,ADS,46.15,112.77115739978427,709.6501268528074,1307.2672766377943
324,MADS102,æ,6,ADS,48.33,120.16424092381328,748.5937557623251,1795.7153291483946
325,MADS102,i,6,ADS,49.03,84.82442172337556,378.5164663371777,2478.168036603296
326,MADS102,e,6,ADS,50.92,98.77942114344762,547.0031069565276,2096.6452864408384
327,MADS102,e,6,ADS,52.19,78.98770490439233,509.65099894168145,2028.0266956529977
328,MADS102,i,6,ADS,53.58,55.94444197954829,334.2875050225706,2341.774668556789
329,MADS102,i,6,ADS,53.88935632560874,59.851047892308884,382.59263888103726,2197.7998959238816
330,MADS102,a,6,ADS,54.13,89.67174457234961,685.2035023929627,1604.8499851533722
331,MADS102,i,6,ADS,61.48363827206873,154.08461265894857,330.1427142679254,2370.591364026606
332,MADS102,i,6,ADS,63.14680545322341,126.06922853915137,305.99027706029176,2466.2312746887874
333,MADS102,æ,6,ADS,64.62756471130508,98.05384441933995,768.8106741552355,1802.311809966585
334,MADS102,a,6,ADS,64.92,90.21986623405098,696.2230408307688,1285.12669606593
335,MADS102,a,6,ADS,65.95,85.03165048549022,560.4452429749547,1153.53283723729
336,MADS102,o,6,ADS,67.53,39.99999999999204,518.4930868682762,1259.6066360595746
337,MADS102,i,6,ADS,67.7463609301216,43.63906987840949,380.343746493091,1791.8906543671274
338,MADS102,u,6,ADS,70.97,116.47487403793377,416.80134226295286,808.8417687824091
339,MADS102,o,6,ADS,80.31,113.16532686922187,490.0002522616039,1166.4275395871102
340,MADS102,u,6,ADS,80.71192522762956,117.15524268282707,398.1360414293006,840.9067056897941
341,MADS102,o,6,ADS,84.21,119.88560716578434,665.7898551765599,1080.3853398494073
342,MADS102,æ,6,ADS,86.20076190056636,109.51468337742654,770.5838505846032,1677.5491195467976
343,MADS102,o,6,ADS,86.8,120.00000000000455,592.6920937381967,1511.2668583557177
344,MADS102,a,6,ADS,89.11,137.07166905595614,800.3912642727313,1448.006519585943
345,MADS102,e,6,ADS,90.36895275023674,110.7881099283361,492.87107459601634,2125.0507625451132
346,MADS102,u,6,ADS,90.73,79.9999999999983,316.5231036596491,863.7361964873802
347,MADS102,o,6,ADS,92.37808516386784,112.06153647925987,557.6394634878211,1127.0453123122513
348,MADS102,a,6,ADS,93.06,96.41861829557286,696.2446642623969,1409.5654787900335
349,MADS102,e,6,ADS,94.08,78.56721938766498,634.6667823677828,2033.101076786781
350,MADS102,o,6,ADS,95.16,107.37572446127785,486.1612203023011,1157.0753104827315
351,MADS102,æ,9,ADS,3.26,69.04403618469024,710.3098803086759,1669.8019299230714
352,MADS102,o,9,ADS,3.704994887862045,135.00511213795497,599.3665062705497,1064.1772036551642
353,MADS102,e,9,ADS,4.65,69.9999999999994,573.4689052821718,1970.636789465425
354,MADS102,o,9,ADS,5.38,120.00000000000011,543.2676756048763,1153.786406485014
355,MADS102,u,9,ADS,7.66,160.00000000000014,323.6411289302159,627.4635266984743
356,MADS102,u,9,ADS,8.79,140.00000000000057,363.3038479044661,855.0485324091075
357,MADS102,u,9,ADS,9.15,189.9999999999995,316.09538645046825,967.486455777411
358,MADS102,i,9,ADS,9.77,99.99999999999964,342.09863558725135,2456.5457881531743
359,MADS102,æ,9,ADS,12.85,114.26717966043043,872.4032268846494,1698.3735914109784
360,MADS102,æ,9,ADS,14.19,140.00000000000057,925.258465652048,1501.38398361579
361,MADS102,æ,9,ADS,16.0930329835196,91.69532967741034,1006.9201565346917,1683.6473255807941
362,MADS102,u,9,ADS,16.5,160.00000000000014,295.0380421126344,771.7468787708017
363,MADS102,e,9,ADS,18.96680482992262,123.19517007738057,595.4531191917642,2049.11198452484
364,MADS102,æ,9,ADS,19.13,130.00000000000256,1005.9650282714609,1670.813116594205
365,MADS102,u,9,ADS,20.04577558037246,97.42628778224116,344.11075398330803,1012.9421817550046
366,MADS102,æ,9,ADS,26.36,106.53829766406986,728.0796528842197,1710.9587805402118
367,MADS102,u,9,ADS,27.46777030285921,178.8058928709404,401.5768779601981,1059.2328646126941
368,MADS102,u,9,ADS,28.48,99.99999999999787,332.0006690025789,986.7208755226322
369,MADS102,e,9,ADS,31.17,130.02801274495823,624.3314337572496,2007.7495533116144
370,MADS102,a,9,ADS,32.07829204248826,111.1805872338536,732.1206789297815,1352.4675875367996
371,MADS102,e,9,ADS,33.75,100.00000000000142,620.9719604308616,1815.2686469171967
372,MADS102,a,9,ADS,35.25,130.00000000000256,724.0040867649362,1298.0238222895182
373,MADS102,o,9,ADS,36.1,100.00000000000142,502.6839218281994,1146.8141839189007
374,MADS102,o,9,ADS,37.76,80.0000000000054,518.0892866898516,1200.9558853797535
375,MADS102,æ,9,ADS,41.31,129.99999999999545,913.5301900863972,1693.5025761601692
376,MADS102,i,9,ADS,42.14428092351235,105.71907648765233,292.1509814834168,2601.2046485733576
377,MADS102,i,9,ADS,44.13245129774334,97.54870225665968,310.3174229294793,2309.0112940408544
378,MADS102,e,9,ADS,47.32,101.21189431941247,533.6412949693696,2305.6851109877216
379,MADS102,a,9,ADS,47.61,90.00000000000341,819.0616058782598,1348.604736397541
380,MADS102,e,9,ADS,48.68,82.25598299321746,597.2260780024164,1973.5276941739464
381,MADS102,a,9,ADS,49.04,130.00000000000256,902.3907964797954,1347.3933243837496
382,MADS102,a,9,ADS,50.57,130.00000000000256,959.3423229640584,1249.3843815929358
383,MADS102,æ,9,ADS,52.76,121.73578248778938,758.2247918256857,1720.393759834508
384,MADS102,i,9,ADS,53.25013521917877,59.86478082122915,385.9847317465811,2441.7778672362197
385,MADS102,e,9,ADS,55.14,109.99999999999943,576.1968540811955,1988.9092549989791
386,MADS102,e,9,ADS,56.48003555403699,79.08722184676265,558.9007435909629,2129.1591857109597
387,MADS102,i,9,ADS,57.94,50.00000000000426,367.6017583657104,2118.633561592398
388,MADS102,i,9,ADS,58.26,65.0667963416609,291.15338346360863,2211.71941712063
389,MADS102,a,9,ADS,58.55,80.0000000000054,764.9070943083868,1384.6092809519348
390,MADS102,i,9,ADS,65.22,170.0000000000017,279.71042414262274,2568.055292302616
391,MADS102,i,9,ADS,67.33,109.99999999999943,322.0535171319703,2544.6895485304995
392,MADS102,æ,9,ADS,68.88,138.29210845977968,922.9524790168039,1695.9961986532264
393,MADS102,a,9,ADS,69.27,100.00000000000853,674.3484413518413,1321.9961115045223
394,MADS102,a,9,ADS,70.44,100.00000000000853,695.9526918617947,1224.2437668406926
395,MADS102,o,9,ADS,72.34,49.99999999999716,506.67913905696633,1259.7614197965604
396,MADS102,i,9,ADS,72.57,60.000000000002274,353.9975300527269,1845.6223407956352
397,MADS102,u,9,ADS,75.99,90.00000000000341,403.5037898684759,1146.5788667447464
398,MADS102,o,9,ADS,86.32800923670118,131.9907632988162,481.5364444923576,1128.5581372539182
399,MADS102,u,9,ADS,87.29,99.99999999999432,388.199511877941,941.96587887549
400,MADS102,o,9,ADS,91.13,120.00000000000455,600.6180196312249,1077.5161001471488
401,MADS102,æ,9,ADS,92.8,122.18396746015969,755.1576672376866,1670.03284525129
402,MADS102,o,9,ADS,93.37,99.99999999999432,542.0104477195998,1047.0924093494218
403,MADS102,a,9,ADS,95.87,170.0000000000017,773.4720778000641,1283.7753573022435
404,MADS102,e,9,ADS,97.35,120.00000000000455,652.6048123150513,1996.2281417862187
405,MADS102,u,9,ADS,97.79,79.9999999999983,366.77675439897735,2167.360299835724
406,MADS102,o,9,ADS,99.85414806680971,95.85193319028917,506.57626302291754,1152.5656503612604
407,MADS102,a,9,ADS,100.61,129.99999999999545,763.8111958277666,1334.5136287679604
408,MADS102,e,9,ADS,101.68,69.99999999999318,652.6026474878277,1856.193503816729
409,MADS102,o,9,ADS,102.880835379091,119.16462090900382,455.7332155891871,875.6336724391463
410,MADS103,o,12,ADS,3.156521546532953,93.47845346704719,540.5684904950095,1166.4143419646978
411,MADS103,e,12,ADS,4.173192542171859,106.8074578281415,439.17867941700706,2272.1085256496567
412,MADS103,o,12,ADS,4.870530680740765,89.46931925923529,517.5657733087502,1226.871678683927
413,MADS103,i,12,ADS,5.92,99.99999999999964,396.40018229794185,2692.5216342222866
414,MADS103,u,12,ADS,7.501529177921281,188.47082207871946,438.1185448548026,794.1140121492926
415,MADS103,u,12,ADS,8.748482828855913,121.51717114408633,437.5412814818343,702.1294634932171
416,MADS103,u,12,ADS,9.11,210.00000000000085,405.6435571629301,828.0590113639483
417,MADS103,i,12,ADS,9.87,90.00000000000163,380.10565035060495,2547.255718601286
418,MADS103,æ,12,ADS,12.56,125.3979715570388,825.8432445137968,1718.7466240174338
419,MADS103,æ,12,ADS,14.19,123.53800123717029,737.7543103751883,1631.1790840178155
420,MADS103,æ,12,ADS,15.75282804612075,128.33586110036953,625.1212539141383,1659.6773477832744
421,MADS103,u,12,ADS,16.35089818645286,139.10181354713913,346.82300015225655,890.3700628540767
422,MADS103,e,12,ADS,19.22340665188394,54.117531789319884,665.5681765891356,1902.3987977218032
423,MADS103,æ,12,ADS,19.35792737376024,136.06693707027873,714.2051332573276,1753.612859674304
424,MADS103,u,12,ADS,20.20050141803971,89.4985819602887,357.20520444878264,922.6537426936578
425,MADS103,æ,12,ADS,26.4,120.000000000001,828.3138474776355,1751.6905113044113
426,MADS103,u,12,ADS,27.98619743738516,111.32749396658781,437.14954869384195,732.251645864141
427,MADS103,u,12,ADS,29.04,140.00000000000057,452.8189724633475,718.591401924673
428,MADS103,e,12,ADS,31.73,106.00748618666955,623.4048030840772,2087.8906900912325
429,MADS103,a,12,ADS,32.56570782130556,89.68048125085915,666.7956626471653,1534.9646825783848
430,MADS103,e,12,ADS,33.79647546004892,93.52453995108334,360.052363536175,2033.048677587212
431,MADS103,a,12,ADS,35.0,136.92096895756123,659.8043773507658,1404.982653904392
432,MADS103,o,12,ADS,35.71,88.17420111191865,552.6745478331084,1341.3990782410071
433,MADS103,o,12,ADS,37.57,97.4203924456063,502.193581834957,1178.4787763826637
434,MADS103,æ,12,ADS,41.78152491689411,118.47508310589205,756.6100651244294,1678.8859322679448
435,MADS103,i,12,ADS,42.44247283714265,117.52716285734977,428.9175573878745,2609.1489252628044
436,MADS103,i,12,ADS,44.86442052118032,115.57947881967578,430.2955932319787,2641.243298069953
437,MADS103,e,12,ADS,48.03,79.9999999999983,644.7113155162461,2133.6249830814318
438,MADS103,a,12,ADS,48.28,116.51545573663213,557.0507995267691,1295.4251714097477
439,MADS103,e,12,ADS,49.13682901720516,81.79864661833847,589.6300628885202,1967.5752952243085
440,MADS103,a,12,ADS,49.40793310314022,132.0668968597758,719.8634344464261,1437.7118816544967
441,MADS103,a,12,ADS,50.88041916148364,119.58083851636303,592.2827802946977,1367.3745977377655
442,MADS103,æ,12,ADS,52.74328883012551,94.65271965836308,788.5593715077358,1750.1027544107994
443,MADS103,i,12,ADS,53.30600767538031,82.96719871289326,473.3201546703217,2526.7880664464283
444,MADS103,e,12,ADS,55.21586746205205,148.40611600754983,583.9264944962217,2264.5419248481494
446,MADS103,i,12,ADS,57.85,51.57023303080166,405.204939145955,2492.369306313871
447,MADS103,i,12,ADS,58.17,59.99999999999517,401.6575754566272,2332.3880032992147
448,MADS103,a,12,ADS,58.46,127.51031253029055,663.8624012320922,1482.7716012318601
449,MADS103,i,12,ADS,65.6285015675272,181.1255746548852,435.38637965638225,2692.510041606104
450,MADS103,i,12,ADS,67.35783265667007,132.1673433299253,395.27936833786623,2672.399371889748
451,MADS103,æ,12,ADS,68.94,100.00000000000853,620.7931025160183,1809.2663847549543
452,MADS103,a,12,ADS,69.2,90.00000000000341,731.1889010056507,1254.4467587559423
453,MADS103,a,12,ADS,70.18,94.63550596383641,680.0434850864577,1446.4494407784869
454,MADS103,o,12,ADS,72.35025526862222,49.07918797100308,577.6365446217453,1420.074377121165
455,MADS103,i,12,ADS,72.57,40.00000000000625,538.0219002473837,1967.9549743374118
456,MADS103,u,12,ADS,75.59252408157315,98.15837594200616,370.0393637069357,927.0367986876997
457,MADS103,o,12,ADS,84.90709326320906,102.90673679094198,539.0742766530017,1031.3911081619194
458,MADS103,u,12,ADS,85.36,120.00000000000455,422.4814380982355,825.1724566779778
459,MADS103,o,12,ADS,89.01,102.70826415869294,524.2258573744747,986.5544467199912
460,MADS103,æ,12,ADS,90.31273565878656,183.4626788439948,704.3625342305758,1569.2649120314456
461,MADS103,o,12,ADS,90.97854872052017,113.34955317113327,446.16929812540536,1033.5491599201187
462,MADS103,a,12,ADS,93.4567220786715,153.27792132849538,715.0299765257437,1336.3882004893444
463,MADS103,e,12,ADS,94.65,159.9999999999966,555.368314811106,1991.8042995705578
464,MADS103,u,12,ADS,95.19,140.00000000000057,390.2692510284637,866.2799814803271
465,MADS103,o,12,ADS,96.45,90.00000000000341,534.7947753328851,1425.533423488963
466,MADS103,a,12,ADS,97.29031505786791,121.52941783296001,713.2192331530309,1321.8907617315635
467,MADS103,e,12,ADS,98.23,89.9999999999892,575.0184087275433,1804.5128593730417
468,MADS103,o,12,ADS,99.52617567676089,133.82432323911075,478.4053255863084,957.9419054289585
469,MADS103,æ,18,ADS,4.522419038547646,117.58096145235353,830.6507905769583,1633.3455798887198
470,MADS103,o,18,ADS,5.134903630658807,124.48873823397565,494.4831385199442,967.0728016555146
471,MADS103,e,18,ADS,6.41831899932756,132.7879874495741,381.3259181071603,2230.9281352804355
472,MADS103,o,18,ADS,7.29,76.92514567448683,522.539903715495,1265.1974927785927
473,MADS103,i,18,ADS,8.499237029358937,144.40693635141244,328.35106286169093,2661.7260019533314
474,MADS103,u,18,ADS,10.15980403966824,132.78798744956964,344.1857437517652,755.8921120380467
475,MADS103,u,18,ADS,11.41441225907659,109.55008964588941,378.67612791003256,806.7466451234316
476,MADS103,u,18,ADS,11.85303549417296,159.3455849394889,401.04843474304295,804.879364606334
477,MADS103,i,18,ADS,12.5422960555804,92.9515912147103,342.11567025329737,2651.380225466287
478,MADS103,æ,18,ADS,15.52,132.29283393096125,855.0923484256731,1653.4145198921813
479,MADS103,æ,18,ADS,17.25999243612731,131.1281376064528,1000.6731920318545,1714.67172371407
480,MADS103,æ,18,ADS,18.97,137.99893545498065,896.7688781202302,1585.9123248344154
481,MADS103,u,18,ADS,19.62836382227704,41.636177722960355,353.8425396940289,918.5819574468911
482,MADS103,e,18,ADS,22.57247465567522,131.74806558773966,538.9530769209204,1984.2582711270964
483,MADS103,æ,18,ADS,22.76863288666141,191.3671133385897,1026.4041713303238,1581.4112222916121
484,MADS103,u,18,ADS,23.67,55.03714574203755,302.4879764535726,913.5333231231838
485,MADS103,u,18,ADS,31.47,148.01434410563274,364.73617149687277,1171.8397130425365
486,MADS103,u,18,ADS,33.14,179.99999999999972,339.134137446379,756.6008230243664
487,MADS103,e,18,ADS,35.82189808894603,98.10191105397337,719.7956850070867,1524.2723453022109
489,MADS103,e,18,ADS,37.8882142126909,91.49171221370977,787.878707079337,1527.2679110894444
490,MADS103,a,18,ADS,38.86,160.0000000000037,767.2597682595207,1258.345268580002
491,MADS103,o,18,ADS,39.85702595239544,102.97404760456175,538.1229730313171,1044.0927996760445
492,MADS103,o,18,ADS,42.02,66.99931992761776,499.31558018911426,1111.7733276956378
493,MADS103,æ,18,ADS,46.2940666834151,155.93331658489973,840.1587867624686,1636.692464940405
494,MADS103,i,18,ADS,47.08428712271531,149.31447433278322,369.7287352203783,2711.60872638345
495,MADS103,i,18,ADS,49.70705691242821,73.19336977096924,373.68037668582934,2622.0875404301682
496,MADS103,e,18,ADS,53.24977101250449,100.22898749551246,556.9042492021307,1946.30967903565
497,MADS103,a,18,ADS,53.51127638620895,68.7236137910503,749.8297905854135,1392.0734672428916
498,MADS103,e,18,ADS,54.54,81.67214334149975,625.9398827031487,2155.3555514383866
500,MADS103,a,18,ADS,56.38,113.54886485190718,892.9060703546749,1361.5007395433581
501,MADS103,æ,18,ADS,58.31569947026506,114.1816568427032,818.9232619110065,1690.636843165124
502,MADS103,i,18,ADS,58.86081493689351,111.9858557495661,364.10073448273755,2584.362626922219
503,MADS103,e,18,ADS,60.59,119.99999999999744,506.68828171121896,2427.151161005596
504,MADS103,e,18,ADS,61.79963890474207,200.36109525793222,575.1637142307114,2371.783633108574
505,MADS103,i,18,ADS,63.30233760914032,76.12110456180687,365.0681805892963,2291.1907320405453
506,MADS103,i,18,ADS,63.66336378963628,60.60354480207053,431.0019541702635,2349.407433618921
507,MADS103,a,18,ADS,64.00070213517631,104.66651877248978,696.188132865597,1226.015889830504
508,MADS103,i,18,ADS,70.51274437107595,185.17922552054245,348.87026844754877,2708.775515777757
509,MADS103,i,18,ADS,72.4449083822761,120.45434049892378,344.7119842264973,2561.1991401235246
510,MADS103,æ,18,ADS,73.802684133733,97.31586626701016,835.9747534878113,1814.2503299325244
511,MADS103,a,18,ADS,74.1,99.54318658436989,717.9875725083734,1295.5547996011624
512,MADS103,a,18,ADS,75.1,101.38673262143527,857.541521524099,1536.9726037180753
513,MADS103,o,18,ADS,77.34283134278802,57.168657211988716,577.1429270738413,1112.2622480002474
514,MADS103,i,18,ADS,77.60733002742126,64.99334919007538,530.904811406985,1709.2831667219466
515,MADS103,u,18,ADS,80.85083315837441,90.99068886609984,410.37032376328995,918.2505560500659
516,MADS103,o,18,ADS,89.61330857362691,135.18616631533575,492.7010495348722,1008.4579307845979
517,MADS103,u,18,ADS,90.17,100.82100866877397,352.4314048523873,786.6208145429531
518,MADS103,o,18,ADS,93.35072622053636,138.65247827216365,480.7195315259292,1005.9084752542482
519,MADS103,æ,18,ADS,94.70182907841188,225.31027719224994,760.4907723180601,1378.1551893046214
520,MADS103,o,18,ADS,95.4,113.33087215783166,555.2179505697517,1065.3202986088468
522,MADS103,e,18,ADS,98.97,77.11819137404063,600.871324469853,2003.3802649195811
524,MADS103,o,18,ADS,100.3183052693575,74.52570707130235,543.7831880622425,1234.6590720409213
525,MADS103,a,18,ADS,101.0116909331985,121.32091848820892,811.7424525987809,1444.6289910226758
526,MADS103,e,18,ADS,101.9,100.56419158809149,705.2457859209683,1345.0291865927031
527,MADS103,o,18,ADS,103.2644862037962,126.52038642330865,513.5189775804761,967.7979183422897
528,MADS103,æ,6,ADS,2.513799200525509,60.25615961335795,912.273340931885,1618.127214641679
529,MADS103,o,6,ADS,2.926624061758181,133.37593824181891,499.58294118822647,1169.4355619625915
530,MADS103,e,6,ADS,3.952774457015123,109.37037720484133,589.5633646483686,2054.8515345795195
531,MADS103,o,6,ADS,4.734487424777619,155.51257522238072,595.2683136987893,1089.8972886024687
532,MADS103,i,6,ADS,5.88,107.79804446094587,412.9216982750548,2363.5138671496425
533,MADS103,u,6,ADS,7.43,151.96190712432588,402.5237654397135,609.5015967001424
534,MADS103,u,6,ADS,8.46342487192758,166.57512807242014,385.53045620923405,963.8062224072561
535,MADS103,u,6,ADS,8.85995241240463,220.0475875953707,342.8402035343201,1014.7546601718631
536,MADS103,i,6,ADS,9.64,88.07760480252291,373.1832468196928,2391.148232491165
537,MADS103,æ,6,ADS,12.5959072918487,104.50947155129953,762.9098401110839,1834.809562801026
540,MADS103,u,6,ADS,16.44,137.54658289121835,428.2266009790067,741.5449351289558
541,MADS103,e,6,ADS,19.4,107.75207868311298,598.3853735606781,2144.349211312035
542,MADS103,æ,6,ADS,19.5620321918144,202.53773556451904,937.9204565143992,1675.5419142149417
543,MADS103,u,6,ADS,20.72,130.00000000000256,335.14639760575676,818.7581369046569
544,MADS103,æ,6,ADS,26.79311844475771,132.0546035880703,856.3642236561891,1571.9075752009126
545,MADS103,u,6,ADS,28.14,140.00000000000057,382.4957184984681,700.0181438178831
546,MADS103,u,6,ADS,29.19,179.99999999999972,391.34299592094777,832.9631300020286
547,MADS103,e,6,ADS,32.21898423786224,129.62415076129474,819.1437959819997,1658.8436739733024
548,MADS103,a,6,ADS,33.21,94.7124850658625,713.2632031473755,1301.7740490413312
549,MADS103,e,6,ADS,34.64,109.59408445133789,853.7135485545864,1808.60227079187
550,MADS103,a,6,ADS,35.52680987627321,116.66173568515603,886.3153365823814,1310.3408858760977
551,MADS103,o,6,ADS,36.3,100.00000000000142,552.582278314301,1154.5612177925937
552,MADS103,o,6,ADS,37.87049515891127,80.20494328355454,448.5429295961117,1103.6211290480076
553,MADS103,æ,6,ADS,43.09,119.99999999999744,864.2190648547354,1532.5312825631288
554,MADS103,i,6,ADS,43.5647295899975,108.56022626258977,400.7385121302733,2429.543968634331
555,MADS103,i,6,ADS,45.95901958838478,109.37037720484,333.0843606267142,2594.0866473159076
556,MADS103,e,6,ADS,49.44870020899883,111.29979100117282,671.0005242385598,1799.2694464876713
557,MADS103,a,6,ADS,49.7,121.7928084342006,670.8137598350581,1327.8773931959947
558,MADS103,e,6,ADS,50.5942665671701,65.73343282989441,603.9373036822908,1733.0036226622842
559,MADS103,a,6,ADS,50.87,125.82169453570202,852.4633078916565,1262.2858806739266
560,MADS103,a,6,ADS,52.28,135.5349922355913,628.9793042211052,1209.2665006868015
562,MADS103,i,6,ADS,54.42618880132182,103.69932060903864,346.13939372211337,2425.047280587145
563,MADS103,e,6,ADS,56.67,139.14250032564723,632.3609373204886,2062.09080961427
564,MADS103,e,6,ADS,57.83,174.66429073071055,514.0831797079193,1877.4224718238186
565,MADS103,i,6,ADS,59.29,60.00456916978436,393.0948593066128,2097.748276199451
566,MADS103,i,6,ADS,59.60551222321835,55.09026407354867,455.4540776866173,2328.424292098708
567,MADS103,a,6,ADS,59.9,100.00000000000142,662.1690406781489,1272.6113563693498
568,MADS103,i,6,ADS,66.29,183.18569317474953,387.75252059633897,2623.4689522153867
569,MADS103,i,6,ADS,68.07,122.32147704021656,390.5477261250667,2555.2145809849644
570,MADS103,æ,6,ADS,69.3568372279288,87.65135538249069,735.4804458239897,1720.6899373707276
571,MADS103,a,6,ADS,69.60003756422485,85.87599987936301,726.3177337966126,1252.771188590907
572,MADS103,a,6,ADS,70.44796260554196,98.02826401322307,652.9542679943333,1281.70424286453
573,MADS103,o,6,ADS,72.43696845670608,53.46996218902689,577.8111452490115,1377.5901873087746
574,MADS103,i,6,ADS,72.66,58.09083366963819,556.727741465464,1815.6884572079887
575,MADS103,u,6,ADS,75.65,98.74923249347489,353.9689534433251,913.9509321422186
576,MADS103,o,6,ADS,84.40121689368924,138.7831063107683,566.9502969549859,1119.0453655584179
577,MADS103,u,6,ADS,84.90382058512651,89.9267545906497,388.396262112177,784.1111586379036
578,MADS103,o,6,ADS,88.35,133.91056261188794,498.32996095836114,925.6226238869956
579,MADS103,æ,6,ADS,89.80305208471252,102.07901872450975,818.0947906547909,1808.5602185347132
580,MADS103,o,6,ADS,90.38,88.3830567842665,545.4806390211666,1032.6360342646915
581,MADS103,a,6,ADS,92.76933901557705,172.56215070099756,798.1995076255749,1220.6910288492281
582,MADS103,e,6,ADS,93.93,105.24250681555714,656.4361735038733,1770.3165014327537
583,MADS103,u,6,ADS,94.27643555628153,215.50015064065065,344.7671759076303,1061.7955123191155
584,MADS103,o,6,ADS,95.69571987417667,125.57339605000095,619.2556808570085,1131.7222534973994
585,MADS103,a,6,ADS,96.50238083991424,136.10535829936055,746.4734397226243,1233.2235504987125
586,MADS103,e,6,ADS,97.58,128.11285771503833,713.8286210959253,1902.266830960147
587,MADS103,o,6,ADS,98.6663198583223,161.22003750936642,497.06883135003966,1010.2314588042929
588,MADS103,æ,9,ADS,2.412404319936457,57.41445812296719,737.5068755088084,1826.0379527121484
589,MADS103,o,9,ADS,2.812359273979496,107.64072602050412,535.9284947783361,1296.8493572309724
590,MADS103,e,9,ADS,3.84,80.00000000000007,459.4018146472912,2147.7870512867403
591,MADS103,o,9,ADS,4.633804223233137,136.19577676686222,580.2103186003268,1023.6063269645111
592,MADS103,i,9,ADS,5.65,119.99999999999922,446.91455543081867,2562.117515423921
593,MADS103,u,9,ADS,7.27,200.00000000000017,357.96610562663204,867.9888661379086
594,MADS103,u,9,ADS,8.294531525741391,135.46847425860875,399.791910555835,934.000573937026
595,MADS103,u,9,ADS,8.655561423429877,201.4371666348147,464.2605990918001,995.9792671107052
596,MADS103,i,9,ADS,9.28,89.99999999999986,359.1946250398701,2532.9272888715186
597,MADS103,æ,9,ADS,12.19,140.00000000000057,861.8981295174144,1712.220777514134
599,MADS103,æ,9,ADS,15.5777082019285,143.04958210298935,769.1325072051744,1554.960508571442
600,MADS103,u,9,ADS,16.16539561358321,147.91521414730013,368.43242851948486,951.2488105974752
601,MADS103,e,9,ADS,19.89,77.7875633604701,479.4132375343599,1619.7046229974067
602,MADS103,æ,9,ADS,20.07188510934255,188.11489065745235,955.4298420174684,1372.840514779559
603,MADS103,u,9,ADS,20.77047708159907,162.5121102802609,366.20432196862663,700.395278659156
604,MADS103,æ,9,ADS,26.96,160.00000000000014,763.4703005363007,1617.454174276523
605,MADS103,u,9,ADS,28.52742654982867,119.6945482902585,468.33818665451656,920.9586068774892
606,MADS103,u,9,ADS,29.64252149532118,187.47850467881833,347.3879020142669,714.6338188529619
607,MADS103,e,9,ADS,32.26,170.0000000000017,807.5238057468598,1865.6659828700635
608,MADS103,a,9,ADS,33.4,97.37159139329066,879.9210888496564,1525.1445514214965
609,MADS103,e,9,ADS,34.78,109.99999999999943,813.093119692498,1448.6151458707689
610,MADS103,a,9,ADS,35.75,140.00000000000057,852.2866537235744,1391.5874182308935
611,MADS103,o,9,ADS,36.58,90.00000000000341,582.030856380723,1083.256647496551
612,MADS103,o,9,ADS,38.31,109.99999999999943,464.4171369674975,1025.265204378212
613,MADS103,æ,9,ADS,42.6,126.85241628567212,797.5133817279343,1654.3102209918527
614,MADS103,i,9,ADS,43.41179363905172,118.20636094827819,404.2751372431438,2550.489289830673
615,MADS103,i,9,ADS,45.89263833509854,137.36166490146218,413.0954620956756,2358.5062387327566
616,MADS103,e,9,ADS,49.10227377208531,87.58137679773625,860.226178816885,2233.2803672408436
617,MADS103,e,9,ADS,50.24,92.22948383245466,650.7744532965933,1534.366716240989
618,MADS103,a,9,ADS,50.53,159.9999999999966,897.5864114442669,1313.2936409945048
619,MADS103,a,9,ADS,52.03,109.99999999999943,807.7151384092132,1364.1854942700404
620,MADS103,æ,9,ADS,53.98652973013714,93.47026986285556,822.8951153224768,1745.2580244017897
621,MADS103,i,9,ADS,54.60446499976567,95.53500023433514,418.10497985886997,2637.260999865493
622,MADS103,e,9,ADS,56.68877660920477,211.2233907952259,625.4233595728602,2145.7043418995495
623,MADS103,e,9,ADS,58.02742832986952,232.57167013047564,591.8317358770736,2238.383437979686
624,MADS103,i,9,ADS,59.77,49.99999999999716,380.4513484457632,2256.034319655609
625,MADS103,i,9,ADS,60.1,68.73771876414025,450.8595574773959,2543.7799470077325
626,MADS103,a,9,ADS,60.44,142.49780209857477,764.706829498597,1353.9307744628152
627,MADS103,i,9,ADS,68.22,200.00000000000284,333.86580017754835,1682.9348581618233
628,MADS103,i,9,ADS,70.2556654396574,134.3345603425945,390.8782010636375,2747.651360711584
629,MADS103,æ,9,ADS,71.8467417288766,103.25827112340846,789.3887147883377,1331.9450905020417
630,MADS103,a,9,ADS,72.13,125.01603240794168,801.991153851704,1284.0149749729903
631,MADS103,a,9,ADS,73.03612028032641,83.87971967358965,740.6238555782029,1382.5024161133506
632,MADS103,o,9,ADS,75.37264811898622,47.35188101378185,589.5058063348448,1557.623941838963
633,MADS103,i,9,ADS,75.61,53.61291523651346,518.6321919218083,1671.4116228201808
634,MADS103,u,9,ADS,79.14277738771199,107.22261228801244,365.83096016637995,967.3144906905375
635,MADS103,o,9,ADS,88.3982654565348,121.73454346519463,573.7704673127275,1100.296778468934
636,MADS103,u,9,ADS,88.92,170.0000000000017,373.03441072986806,847.6952343846663
637,MADS103,o,9,ADS,92.47,150.00000000000568,530.6820335473755,821.9308309402182
638,MADS103,æ,9,ADS,93.888960526876,211.0394731239893,834.5920093212101,1632.1166847925365
639,MADS103,o,9,ADS,94.62,129.99999999999545,540.4666917314901,1042.8246194230837
640,MADS103,a,9,ADS,97.15,159.9999999999966,770.3441206572618,1234.315981644476
641,MADS103,e,9,ADS,98.31,140.00000000000057,672.1298868022861,1813.6218505959496
642,MADS103,u,9,ADS,98.87,106.83522348031715,391.37743220680267,809.627975870391
643,MADS103,o,9,ADS,100.2,90.00000000000341,556.2746312882748,1314.0167820657273
644,MADS103,a,9,ADS,100.9769824533147,143.0175466853001,730.0002430571978,1260.9409042809987
645,MADS103,e,9,ADS,102.04,129.99999999999545,624.9762226719743,1793.3761193048447
646,MADS103,o,9,ADS,103.3183710537765,171.62894622349256,505.65001989726795,925.3047997325526
647,MADS104,æ,6,ADS,3.09,103.23266624295924,1001.1807212199693,1609.2123817521617
649,MADS104,e,6,ADS,4.767605741828325,143.03100112114376,454.46186739977117,2292.6576771696746
650,MADS104,o,6,ADS,5.5,103.01879290005101,588.8423359081464,1165.313084527389
651,MADS104,i,6,ADS,6.759373952303211,158.28764124073214,325.10433682553,2508.8612245654776
652,MADS104,u,6,ADS,9.535468080548355,160.19472125567978,349.77758730122,1315.893175063216
653,MADS104,u,6,ADS,9.907752710565484,122.05312095670529,507.73503272252435,916.6580971611496
654,MADS104,i,6,ADS,10.58418207071641,111.56418087449005,304.6043374759468,2390.4844365135496
656,MADS104,æ,6,ADS,16.76776245087264,111.56418087448827,974.9760919646781,1606.6217531093178
657,MADS104,æ,6,ADS,19.07218293218956,159.24118124820197,1007.8037081872471,1591.636347159174
658,MADS104,u,6,ADS,20.5,113.88127786824143,358.9159008433221,751.6711248978218
659,MADS104,e,6,ADS,24.23,108.1592081604903,542.773807285017,2057.920029885598
660,MADS104,æ,6,ADS,24.43,113.92589533960162,1472.2422964854504,1575.8517754225497
661,MADS104,u,6,ADS,25.7,197.08117448541174,336.5518606688488,797.9597609066391
662,MADS104,u,6,ADS,35.17934291592233,224.31061392105534,281.31769470407625,964.3192499535238
663,MADS104,u,6,ADS,36.4,130.00000000000256,407.83913729947557,942.2841708726852
664,MADS104,e,6,ADS,39.66,192.94526287252012,495.9937232922854,2372.9038554794106
665,MADS104,a,6,ADS,40.96,106.64643600291868,871.452414910331,1316.9939090053415
667,MADS104,a,6,ADS,44.24,196.02441841103513,813.6278100900499,1088.1908449727675
668,MADS104,o,6,ADS,45.61,97.86573956131406,529.880134904893,1064.322730311916
669,MADS104,o,6,ADS,47.59,93.5755288616491,523.0220719476124,1320.2342865905243
670,MADS104,æ,6,ADS,53.65,116.16152081391817,911.984016691804,1840.746908359029
672,MADS104,i,6,ADS,55.91,110.00000000000654,298.8109740368892,2773.1647765656844
673,MADS104,e,6,ADS,60.01,90.00000000000341,619.343818635739,2743.5851168866598
674,MADS104,a,6,ADS,60.32,149.10981637135023,923.8797068095275,1272.2678036476027
675,MADS104,e,6,ADS,61.48917833955345,91.71322628654366,508.33818822573704,2440.710818943273
676,MADS104,a,6,ADS,61.82500807481969,131.49245696503442,581.9769354154289,1314.5033066181827
677,MADS104,a,6,ADS,63.31,109.99999999999943,941.8908724407341,1326.9484184782473
678,MADS104,æ,6,ADS,65.49,171.59021102243344,919.225472316898,1668.3440426217244
679,MADS104,i,6,ADS,66.03286417293809,121.54764929542239,389.48640540775216,2739.639349960656
680,MADS104,e,6,ADS,68.29956429368917,127.07254244520527,583.7376180503614,1972.7866595068901
681,MADS104,e,6,ADS,69.59137493384958,90.60824765658992,535.8132810848205,2265.317854191367
682,MADS104,i,6,ADS,70.96,72.99337548562335,304.10674111153276,2562.859426093055
683,MADS104,i,6,ADS,71.34,99.62551131027908,330.0649788904335,2691.3578019250936
684,MADS104,a,6,ADS,71.7089867077974,111.60284162579615,821.7109630239266,1295.1496487455854
685,MADS104,i,6,ADS,81.0308025396454,119.84694023851716,313.8344601210048,2373.9274589338106
686,MADS104,i,6,ADS,82.81011935575523,124.54682024787189,328.30673900929605,2096.0606168780528
687,MADS104,æ,6,ADS,84.31,148.33613318882044,764.8903950428368,1546.5293021817288
688,MADS104,a,6,ADS,84.71917947370794,99.87245019875957,841.5613821591746,1448.9622746676832
689,MADS104,a,6,ADS,85.88561222014786,130.4216702595653,773.0031192526262,1247.0494926824501
690,MADS104,o,6,ADS,88.4315987394379,108.40126056210408,724.852690788985,1162.1452457315627
691,MADS104,i,6,ADS,88.7,58.240400087967714,398.6621693859434,2166.813934651259
692,MADS104,u,6,ADS,92.94,120.00000000000455,386.80565915016405,1280.8880658465305
693,MADS104,o,6,ADS,105.6032945071879,170.37065033910892,331.6007189421314,960.9250696262941
694,MADS104,u,6,ADS,106.1,130.00000000000966,287.49772697672057,771.9955782541217
695,MADS104,o,6,ADS,110.0312277276157,288.7722723842927,433.45191635363034,926.616861440659
696,MADS104,æ,6,ADS,112.2614633354675,212.669570423202,857.904269128712,1491.6507765335168
697,MADS104,o,6,ADS,113.0,150.00000000000568,595.6005867978104,1111.581975178465
698,MADS104,a,6,ADS,116.0202933240715,109.70667592849281,618.9327930297616,1163.8021855362224
699,MADS104,e,6,ADS,118.1,150.00000000000568,455.8654054824366,1575.6317823545492
700,MADS104,u,6,ADS,118.55,86.41687871239867,349.4347412556216,651.9895342856211
701,MADS104,o,6,ADS,120.29,140.51051883069476,559.6829798998642,1123.764902197944
702,MADS104,a,6,ADS,121.0484568177359,178.59544035540864,754.292855522706,1214.4535732895677
703,MADS104,e,6,ADS,122.32,128.0765562594013,692.3608709858268,1915.1662151844175
704,MADS104,o,6,ADS,124.07,220.00000000001307,422.85013273577005,823.8398264327107
705,MADS105,æ,15,ADS,3.46,129.9999999999999,1047.9897718957184,1754.424664145597
707,MADS105,e,15,ADS,4.968594169258969,61.40583074103123,463.5803328444771,2201.2737185189267
708,MADS105,o,15,ADS,5.779570643967578,136.69673062038345,584.1288016166908,1130.3215089747353
709,MADS105,i,15,ADS,6.95,120.00000000000011,404.73750775307025,2505.86793924299
710,MADS105,u,15,ADS,8.85,110.00000000000121,469.74979284362087,1912.428058331958
711,MADS105,u,15,ADS,9.89217897056577,107.82102943423055,374.818315728344,749.2380921737118
712,MADS105,u,15,ADS,10.25295569282637,117.04430717362868,344.80394208543515,938.6879148468712
713,MADS105,i,15,ADS,10.73,99.99999999999964,426.75931354562994,2608.405306991654
714,MADS105,æ,15,ADS,13.86,133.2706305042297,953.1454499785747,1867.9014914920328
715,MADS105,æ,15,ADS,15.47126783879146,139.66839867734038,874.3668685063236,1681.8789535099027
717,MADS105,u,15,ADS,17.77,190.00000000000128,355.0281435419638,689.0894718700108
718,MADS105,e,15,ADS,20.19022896415859,129.77103584141148,584.8413664108581,2468.137449180047
719,MADS105,æ,15,ADS,20.45916492331391,145.61173479128087,1020.175626858257,1784.8777444641084
720,MADS105,u,15,ADS,21.44215782606084,117.38088825011062,428.52846641924026,1458.677671455671
721,MADS105,æ,15,ADS,28.56,119.81328739700103,982.8363100894803,1864.138764558831
722,MADS105,u,15,ADS,30.74,138.68330167418108,397.94211288051935,759.6237683107382
723,MADS105,u,15,ADS,32.15,120.00000000000455,437.7749032181782,1037.5150323829191
724,MADS105,e,15,ADS,35.38377338584743,146.22661415257454,683.868913612591,2130.3962657830457
725,MADS105,a,15,ADS,36.70724385517251,112.75614482749319,933.9988797816011,1415.6405740144792
726,MADS105,e,15,ADS,38.76684516264296,104.00838199377205,572.150377802722,2204.930862222035
727,MADS105,a,15,ADS,39.63,151.18105331834641,954.7689442918709,1394.2855699360894
728,MADS105,o,15,ADS,40.57,109.57047534928677,434.9320052353755,1064.858729888676
729,MADS105,o,15,ADS,41.99,136.95674866216478,554.1905705348242,1105.1775055058893
730,MADS105,æ,15,ADS,45.93617398678933,145.61173479127376,814.6425113568444,1718.4795596116141
731,MADS105,i,15,ADS,46.44847609365265,59.43336113929831,428.8387330977559,2226.153780652166
732,MADS105,i,15,ADS,50.70492937435303,105.07062564697378,355.7834454419908,2600.0541804726727
733,MADS105,e,15,ADS,54.39,65.445304294947,650.1252481740513,2143.3090151064844
734,MADS105,a,15,ADS,54.65751873216857,136.69673062037901,848.4231643104032,1316.7353102413917
735,MADS105,e,15,ADS,55.67804921931602,89.15004170894036,605.1337537243529,2163.6273536812428
736,MADS105,a,15,ADS,56.03,149.99999999999858,693.9171343266803,1325.5692710272024
737,MADS105,a,15,ADS,57.6239436732449,124.81005839252646,557.2105047693126,1315.0484873716723
738,MADS105,æ,15,ADS,60.35,170.0000000000017,793.7593943928779,1823.5890277651072
739,MADS105,i,15,ADS,61.05778506736699,132.21493263300488,435.76377442255,2869.7059939527926
740,MADS105,e,15,ADS,63.04,90.00000000000341,471.40659291940165,2489.837838706379
741,MADS105,e,15,ADS,64.24,96.28656884768816,590.0556363454862,2122.7519508356313
742,MADS105,i,15,ADS,66.15,39.99999999999204,442.19525964755417,2793.0328671249986
743,MADS105,i,15,ADS,66.47,60.000000000002274,420.48992380880975,2477.2370858515383
744,MADS105,a,15,ADS,66.83,104.06246940985397,829.4426457476746,1453.973800151251
745,MADS105,i,15,ADS,74.01,140.00000000000057,367.6195631433984,2682.492284635947
746,MADS105,i,15,ADS,75.94,130.13883830724637,394.8148980087673,2474.4082799406638
747,MADS105,æ,15,ADS,77.15,140.00000000000057,899.7674851305762,1695.165651263858
748,MADS105,a,15,ADS,77.52,112.74748549266178,651.9443410555671,1168.7270595306545
749,MADS105,a,15,ADS,78.7882890232968,81.71097670320648,713.1117074825933,1418.9728324606856
750,MADS105,o,15,ADS,80.96,60.000000000002274,439.2258104499426,1363.9560249419237
751,MADS105,i,15,ADS,81.20420955094247,47.54668891143865,433.37744453806346,1613.042144364575
752,MADS105,u,15,ADS,84.99,109.99999999999943,350.15406744845296,677.248428208046
753,MADS105,o,15,ADS,93.7482251414312,161.7748585687906,437.80279470217613,1080.719743437679
754,MADS105,u,15,ADS,94.41,200.00000000000284,448.7912219150446,1132.0564277822066
755,MADS105,o,15,ADS,98.26,129.99999999999545,463.0301835665659,1054.5436274428425
756,MADS105,e,15,ADS,100.45,172.4131591105902,658.8669037160249,1682.5609370023935
757,MADS105,o,15,ADS,101.1044366920831,129.26756047789922,510.4975046046873,1095.9678558571384
758,MADS105,a,15,ADS,103.5,150.00000000000568,759.0169912982988,1352.7189360054103
759,MADS105,e,15,ADS,104.86,79.9999999999983,627.4742935601921,2118.2604325533734
760,MADS105,u,15,ADS,105.18,134.91021862608932,353.7875354794835,723.1564448890078
761,MADS105,o,15,ADS,106.3033439367707,136.6560632292959,591.492273219952,1195.6036927391538
762,MADS105,a,15,ADS,107.14,124.84075464959687,692.3476356024912,1413.1587701177498
763,MADS105,e,15,ADS,107.97,110.41520477400013,583.419546873144,2174.142449939041
764,MADS105,o,15,ADS,109.25,89.13024277210013,521.8039782661348,1328.251081450048
765,MADS105,æ,6,ADS,9.66,94.4489718072603,950.5706188697316,1426.0212372607305
766,MADS105,o,6,ADS,10.17,150.00000000000034,574.3562415258668,1165.9426245132427
767,MADS105,e,6,ADS,11.15,96.52051663364958,608.4131652051396,2045.3608685376364
768,MADS105,o,6,ADS,11.89,129.999999999999,578.4416856788299,1139.5476201865265
769,MADS105,i,6,ADS,13.04,154.53122294228018,394.830524495107,2872.46886200585
770,MADS105,u,6,ADS,14.69,130.0000000000008,349.0840106667149,765.0234631289072
771,MADS105,u,6,ADS,15.5,169.70632454530943,354.71450777948064,662.4038027176699
772,MADS105,u,6,ADS,15.87,220.00000000000063,367.62453899629946,789.6278506886745
773,MADS105,i,6,ADS,16.97,117.59598927763193,333.66056483399035,2597.088403271596
774,MADS105,æ,6,ADS,19.96,160.00000000000014,983.6248171599345,1781.5948416100523
775,MADS105,æ,6,ADS,21.43733959200696,132.6604079930398,976.551428991873,1536.6106933120695
776,MADS105,æ,6,ADS,23.18687332182913,105.7283383505414,924.5688670527097,1648.7599608949056
777,MADS105,u,6,ADS,23.56460496723913,153.78667396442935,424.8152280317101,585.2790709628836
778,MADS105,e,6,ADS,25.25560591137466,123.88370958245076,660.9246320972599,1905.256443295777
779,MADS105,æ,6,ADS,25.48,124.95395155637823,1118.8054735283931,1672.2799214854008
780,MADS105,u,6,ADS,26.14945299782806,140.54700217193883,360.0473538910401,611.2844762887497
781,MADS105,æ,6,ADS,31.96,119.99999999999744,1016.9634604754866,1699.9690044702681
782,MADS105,u,6,ADS,33.24,136.707532897006,365.9620367787419,717.4235003240223
783,MADS105,u,6,ADS,34.31,109.99999999999943,365.64453722178575,735.659250578777
784,MADS105,e,6,ADS,36.83,158.89699996198914,735.1305103518665,2102.2295190407713
785,MADS105,a,6,ADS,37.9,120.00000000000455,847.4335082827606,1346.146060520006
786,MADS105,e,6,ADS,39.34035356271617,119.6464372838335,596.8295952526105,2013.541788215154
787,MADS105,a,6,ADS,40.67,181.853621851765,954.0773515002786,1364.206338107775
788,MADS105,o,6,ADS,41.77695888778993,105.72833835055206,523.6810541644303,1153.6862837525075
789,MADS105,o,6,ADS,43.35294811455405,123.88370958244366,546.848795488313,1086.6040494312895
790,MADS105,æ,6,ADS,47.35,149.99999999999858,713.543035107534,1738.3295545990711
791,MADS105,i,6,ADS,47.85,164.82519603864176,432.6417776647454,2720.505630016719
792,MADS105,i,6,ADS,49.72274940434154,112.13611643239574,373.1033307262709,2642.034814049401
793,MADS105,e,6,ADS,53.3,60.2837583274507,448.57143008449,1794.4220771877192
794,MADS105,a,6,ADS,53.56853654598761,136.69926574614522,829.3137138535373,1270.6222424601056
795,MADS105,e,6,ADS,54.54,79.9999999999983,507.32685720630656,1833.0485501273608
796,MADS105,a,6,ADS,54.89034954882229,167.6701931417739,1077.7050788115446,1331.6547848142445
797,MADS105,a,6,ADS,56.37,157.2537033767034,1017.8443075376613,1351.4004552461824
798,MADS105,æ,6,ADS,58.4,165.5088243621492,832.753178402854,1714.5517815215833
799,MADS105,i,6,ADS,58.89,129.1068797534578,415.92843367587585,2803.9898784667625
800,MADS105,e,6,ADS,60.52,134.81996325614887,477.48646837189233,2210.9215347065397
802,MADS105,i,6,ADS,62.86,85.19642748664324,343.0697183118484,2584.6626722495375
803,MADS105,i,6,ADS,63.20577940281525,66.21370684579375,429.3677131092044,2682.254476553412
804,MADS105,a,6,ADS,63.53089360846771,113.20407944603517,866.2963018508175,1365.5018655606061
805,MADS105,i,6,ADS,70.41796037433798,142.03908081435657,390.6071614165023,2673.980222905551
806,MADS105,i,6,ADS,72.30263297473994,144.17500684164963,396.73805461147094,2831.4187956629953
807,MADS105,æ,6,ADS,73.55778087458879,122.21912541122038,910.6720905464658,1685.064766720555
808,MADS105,a,6,ADS,73.8653552492003,94.64475079968793,851.6455121122485,1346.6907279597697
809,MADS105,a,6,ADS,74.63,91.74053146814742,733.5575944937659,1317.6310778208976
810,MADS105,o,6,ADS,76.6660138805704,59.80592876395008,441.1941570079233,1221.9838854960976
811,MADS105,i,6,ADS,76.92,51.451302471974714,413.96993718616915,2043.0210118527884
812,MADS105,u,6,ADS,79.84,136.09189613036676,373.8157374527059,528.3366049446379
813,MADS105,o,6,ADS,86.76383810173193,136.161898268071,435.39672219762434,1001.3272904004358
814,MADS105,u,6,ADS,87.19562447402772,134.3755259722741,345.72204039088905,777.4589322644068
815,MADS105,o,6,ADS,90.27,150.00000000000568,466.5246411301265,969.0744038499683
816,MADS105,æ,6,ADS,92.05,130.00000000000966,947.0851032260332,1801.2302948893314
817,MADS105,o,6,ADS,92.61,109.99999999999943,483.5232180537348,1206.3519057070741
818,MADS105,a,6,ADS,94.69,181.2613841408819,752.9388503196496,1329.8874852689225
819,MADS105,e,6,ADS,95.89,129.99999999999545,663.9036774001601,1904.4801637950059
820,MADS105,u,6,ADS,96.33,120.00000000000455,353.0496635022523,692.9498987236926
821,MADS105,o,6,ADS,97.80015764917354,99.84235082646364,703.29335853376,1264.3344053981693
822,MADS105,a,6,ADS,98.57,151.93591803252104,760.0533924201561,1409.9279704857438
823,MADS105,e,6,ADS,99.49,120.00000000000455,669.5051442872273,1853.853399944132
824,MADS105,o,6,ADS,100.74,109.99999999999943,587.370709221267,1295.1490153558593
825,MADS106,æ,15,ADS,3.696776100983552,84.05502903224883,932.3465743980677,1587.513153269261
826,MADS106,o,15,ADS,4.128074856509685,99.21249328396709,609.5678331074793,1008.7368950867738
827,MADS106,e,15,ADS,5.439012751738899,110.98724826110117,641.4134240317587,2112.582811888826
828,MADS106,o,15,ADS,6.055340363823998,134.65963617600264,674.5375483898397,1091.1690113019665
829,MADS106,i,15,ADS,7.194946281869674,95.05371813032593,334.5214238181608,2477.0411490066
830,MADS106,u,15,ADS,8.58,179.99999999999972,442.66124394052446,785.1285588516606
831,MADS106,u,15,ADS,9.433368229201228,86.63177079877116,356.50501808557755,783.5833113194539
832,MADS106,u,15,ADS,9.72,229.99999999999864,441.73018080667737,929.608435714515
833,MADS106,i,15,ADS,10.48208445079039,84.0550290322497,408.1943890857591,2226.3055075470193
834,MADS106,æ,15,ADS,13.37,150.00000000000034,814.1057298885968,1371.3276837925434
835,MADS106,æ,15,ADS,14.80329503639111,121.25971401373903,864.9914343179063,1518.6723636604793
836,MADS106,æ,15,ADS,16.39691841095755,123.08158904244948,782.54254545113,1573.8063521046724
837,MADS106,u,15,ADS,16.77093950499125,139.06049500874929,393.8612799024166,777.7446026841092
838,MADS106,e,15,ADS,19.78599743122659,104.72429846640807,806.2257510487536,2096.9020437303075
839,MADS106,æ,15,ADS,19.98993422297697,160.0657770230285,981.8399040540547,1569.7794342807238
840,MADS106,u,15,ADS,20.76953156820898,110.23610364885172,367.9382754344078,874.0042971758271
841,MADS106,æ,15,ADS,26.16090930320545,133.66127567422836,855.677202584485,1618.7085288610103
842,MADS106,u,15,ADS,27.5780797245921,71.65346737174971,271.5929497972098,935.5490236814371
843,MADS106,u,15,ADS,28.64,120.000000000001,476.1407653393621,865.1090941474807
844,MADS106,e,15,ADS,31.02913900863673,130.86099136327078,601.9233802956277,2228.1317571896143
845,MADS106,a,15,ADS,31.97,100.96547374784848,752.5255893090342,1215.0536686418834
846,MADS106,e,15,ADS,33.31,129.99999999999545,648.1496793320223,2027.0759377350475
847,MADS106,a,15,ADS,34.34,129.99999999999545,835.0134366745535,1161.4702690818708
848,MADS106,o,15,ADS,35.13534154930748,104.65845069251856,559.8670221301783,1106.957189951097
849,MADS106,o,15,ADS,37.62,80.0000000000054,577.1068761807439,1092.0220320763588
850,MADS106,æ,15,ADS,41.10308630881636,136.41717826545374,817.9515467620138,1615.9444539544627
851,MADS106,i,15,ADS,41.8022212750335,118.50381142251365,353.49624089348043,2485.8542042372806
852,MADS106,i,15,ADS,43.46175330352536,78.24669647463622,364.96533344013017,2482.1353421411322
853,MADS106,e,15,ADS,46.72837257769518,89.56683421468625,638.6583207057631,2124.6431932535174
854,MADS106,a,15,ADS,46.9764038109051,140.55103215229536,723.0258793528426,1182.9579857449523
855,MADS106,e,15,ADS,47.90921430274069,101.9683958751898,628.5327789328136,1978.8368658127602
856,MADS106,a,15,ADS,48.21925334425309,140.74665574690925,828.0312291174288,1166.8383817146976
857,MADS106,a,15,ADS,49.54384047604304,126.15952395696439,827.4486191276436,1331.073182821814
858,MADS106,æ,15,ADS,51.46250253545131,129.52742178741516,858.976701825897,1589.9783418543598
859,MADS106,i,15,ADS,51.90086896666563,70.27551607615123,412.3202814496533,2299.986965710532
860,MADS106,e,15,ADS,53.47,120.00000000000455,682.9588761969156,1994.6900140551916
861,MADS106,e,15,ADS,54.6879410916751,82.05890832490326,638.6727944835606,1896.8923832094965
862,MADS106,i,15,ADS,56.03,79.9999999999983,364.17003461985297,2549.661227192642
863,MADS106,a,15,ADS,56.35,119.61722442158162,745.8329758797743,1107.9264636336156
864,MADS106,i,15,ADS,62.84091634809519,159.08365190480822,351.7291543283296,2577.3331481262526
865,MADS106,i,15,ADS,64.45463279746042,95.36720253957753,391.1373702607999,2444.291391937125
866,MADS106,æ,15,ADS,65.55945419298342,132.28332437861923,942.0160165474404,1696.0466796296184
867,MADS106,a,15,ADS,65.86,79.9999999999983,789.2925650881108,1183.6025176430908
868,MADS106,a,15,ADS,66.76,69.99999999999318,750.294185501952,1133.6652245057867
869,MADS106,o,15,ADS,68.30563369736456,64.36630263544885,526.7282400003776,1311.2324808262897
870,MADS106,i,15,ADS,68.5,69.99999999999318,493.7579175797657,1927.0525959745705
871,MADS106,u,15,ADS,71.43352580891766,93.70068810152077,422.4141996208972,934.471904530099
872,MADS106,o,15,ADS,79.32924254677167,95.0786393971299,592.2070110279795,1189.9127698272887
873,MADS106,u,15,ADS,79.57,178.7836763752466,489.2485210468978,735.3229077387163
874,MADS106,o,15,ADS,82.39,129.08737757348376,653.655093810992,1007.038030635489
875,MADS106,æ,15,ADS,83.92507636767297,134.92363232703042,882.2317671609455,1537.7174413070363
876,MADS106,o,15,ADS,84.44,100.00000000000853,628.082584713655,1018.3511605068298
877,MADS106,a,15,ADS,86.59,140.00000000000057,730.1665312793727,1087.205593984639
878,MADS106,e,15,ADS,87.61711930752716,122.88069247283318,646.0325256043429,2035.9768704489363
879,MADS106,u,15,ADS,88.0,101.1911397605445,421.21160658410935,909.8107810000108
880,MADS106,o,15,ADS,89.24532174087925,134.67825912074716,659.8211561308349,952.4338059163514
881,MADS106,a,15,ADS,89.98,119.99999999999034,733.2705111689877,1121.4595270182674
882,MADS106,e,15,ADS,90.76,99.99999999999432,761.2349074019999,1920.4841886687327
883,MADS106,o,15,ADS,91.76728601326202,159.84235029081617,576.865068717032,1036.877285497966
884,MADS106,æ,18,ADS,1.81,99.99999999999987,989.901011799984,1566.1133109109562
885,MADS106,o,18,ADS,2.346414047938631,115.69767644031393,597.2929439294288,1087.9683442620121
886,MADS106,e,18,ADS,3.432963231893477,103.30149682171009,636.1971618792284,1949.2271975813624
887,MADS106,o,18,ADS,4.088948325833861,111.05167416613959,552.0056977020351,1222.1795320736705
888,MADS106,i,18,ADS,4.852032849577149,111.56561656744657,397.01043838845055,2465.426591452616
889,MADS106,u,18,ADS,6.823523046951057,186.47695304894273,387.4970783728337,716.2380558869686
890,MADS106,u,18,ADS,7.416828188461476,67.4903112568499,373.1660537018712,805.6884654964521
891,MADS106,u,18,ADS,7.726398552034932,139.11268238656848,387.4635024734851,675.7871376844217
892,MADS106,i,18,ADS,8.3,89.53273004353157,409.2927338621408,2132.362617220559
893,MADS106,æ,18,ADS,11.47,149.99999999999858,843.876854403302,1560.2834261082028
894,MADS106,æ,18,ADS,12.56,139.9999999999988,893.1225292356949,1626.481005682689
895,MADS106,æ,18,ADS,14.07232897243388,117.67102756611969,860.7800188243367,1771.5829196289328
896,MADS106,u,18,ADS,14.52380812976243,166.19187023756865,437.2958445202034,888.4348922288177
897,MADS106,e,18,ADS,16.30433662034963,79.67279246975068,839.9790996870244,1812.8595515423717
898,MADS106,æ,18,ADS,16.46,156.8112673689086,912.9316228121185,1654.5738400697846
900,MADS106,u,18,ADS,23.81,126.45940721656146,413.5487566828716,1240.885544007208
901,MADS106,u,18,ADS,24.7506177162708,139.38228372920136,462.3210116414821,883.203864772674
902,MADS106,e,18,ADS,26.85011724002698,129.88275997302168,591.2719212389691,1956.8523560230196
903,MADS106,a,18,ADS,27.87030143433447,117.84933886150029,768.8767552996768,1275.8328952532522
905,MADS106,a,18,ADS,30.47,135.02913491720037,723.7241566078025,1286.9161161055251
906,MADS106,o,18,ADS,31.22,89.99999999999986,492.80038473518846,1067.078385324954
907,MADS106,o,18,ADS,33.12,80.0000000000054,538.331146324143,1070.9514367899887
908,MADS106,æ,18,ADS,36.03784919878968,132.1508012103223,813.1924613763118,1603.2514515059486
909,MADS106,i,18,ADS,36.51817318467045,111.8268153295503,340.31224079515187,2546.44833977898
910,MADS106,i,18,ADS,38.07593427835037,111.20993948901514,329.2509019332182,2508.4197095750296
911,MADS106,e,18,ADS,41.15752297176122,82.47702823878456,631.8862014961986,2062.772870779294
912,MADS106,a,18,ADS,41.4513163939934,97.93114074406617,807.3233809328226,1425.8642750226343
913,MADS106,e,18,ADS,42.43330022971725,76.69977028275099,666.0305742033206,1904.911520051049
914,MADS106,a,18,ADS,42.73373305132191,106.2669486780905,739.8627366460263,1326.3719017197407
915,MADS106,a,18,ADS,43.88,84.69436351370518,520.9414065514329,1678.1692731064745
916,MADS106,æ,18,ADS,45.36389021178795,96.10978821205407,833.0069304560121,1599.6362675960947
918,MADS106,e,18,ADS,47.48,120.00000000000455,634.2335318056329,1959.8459397494119
919,MADS106,e,18,ADS,48.39,123.2090430294619,661.6862016136851,1760.198583141996
920,MADS106,i,18,ADS,50.50724464925977,42.7553507402294,412.496889298588,2323.5825703543
921,MADS106,a,18,ADS,50.79316169878912,96.83830121088022,754.8336675498439,1423.020299513681
922,MADS106,i,18,ADS,55.48633600403318,143.66399596682555,368.6003769827539,2468.995222844868
923,MADS106,i,18,ADS,56.87930146234776,92.95159121470675,360.60372459942147,2231.2083310794333
924,MADS106,æ,18,ADS,57.77636505654048,73.63494345952404,851.2960910998521,1734.3449907080112
925,MADS106,a,18,ADS,58.03079448677622,71.37354325414691,801.7675284925145,1361.2691877409547
926,MADS106,a,18,ADS,58.92268027229839,69.71369341102474,786.3001969475404,1304.1340787040797
927,MADS106,o,18,ADS,60.53288155535523,79.67279246975068,647.2993566321957,1211.6457592962156
928,MADS106,u,18,ADS,70.81361448061269,71.37354325415401,374.60711810796516,900.8690237964595
929,MADS106,o,18,ADS,74.67734823229343,112.65176770658059,527.7510733024984,1070.1487461254014
930,MADS106,æ,18,ADS,75.93444905216148,185.55094783852155,899.4510759037242,1629.9667503485364
931,MADS106,o,18,ADS,76.52,90.00000000000341,370.3469493841999,1059.588726820924
932,MADS106,a,18,ADS,78.23,149.99999999999147,716.0018844994277,1268.638153699833
933,MADS106,e,18,ADS,79.4,89.9999999999892,614.561969722287,2037.046970703349
934,MADS106,u,18,ADS,79.7431364158435,126.86358415651,408.7820998665918,922.2289496535059
935,MADS106,o,18,ADS,81.58543232267067,122.5844428950893,500.0922231374298,1008.8740141305713
936,MADS106,a,18,ADS,82.33862736721055,91.29174137159168,716.7556744900705,1204.7851261239402
938,MADS106,o,18,ADS,84.50259503865828,127.40496134171053,550.3217612447897,1138.415724078475
939,MADS106,æ,6,ADS,3.303326344240252,78.83193534351696,931.8085098162776,1717.1757771248165
940,MADS106,o,6,ADS,3.678160820132727,111.83917986727288,540.703787183423,1223.6049560367999
941,MADS106,e,6,ADS,4.51,97.10942260679633,640.4353993475105,2095.7767834307347
942,MADS106,o,6,ADS,5.052739179010669,116.2729497862438,565.0306598728876,1214.4802887495484
943,MADS106,i,6,ADS,5.91,116.74658207616595,389.7984846653912,2557.6162061314462
945,MADS106,u,6,ADS,7.97,120.00000000000011,338.1214826954102,650.6407306472879
946,MADS106,u,6,ADS,8.24,199.9999999999993,367.53494069638964,999.5367680838044
947,MADS106,i,6,ADS,8.99,92.22944952745493,415.6112014473071,2346.2828557664134
949,MADS106,æ,6,ADS,12.68526581085681,143.23479321494048,919.1861919035507,1661.4310556939708
950,MADS106,æ,6,ADS,13.97575870788552,121.89000050054943,894.7526735675573,1743.790056137977
951,MADS106,u,6,ADS,14.37874120835129,102.74608022369058,464.0873101600348,2324.633350380074
952,MADS106,e,6,ADS,16.45,40.169677161060235,673.3619375530927,1976.0769648299279
953,MADS106,æ,6,ADS,16.5200594459534,143.8445123131693,968.5029936888503,1717.1453580295924
954,MADS106,u,6,ADS,17.16,123.92512943058875,418.5025494829136,634.5836840320775
956,MADS106,u,6,ADS,23.49,125.53371645810074,319.0948932134586,756.9117627448443
957,MADS106,u,6,ADS,24.38838266935514,151.61733064486071,471.40489677369095,1050.4282707281461
958,MADS106,e,6,ADS,26.57,137.26966954843078,666.426759586514,2089.4261595438447
959,MADS106,a,6,ADS,27.32,96.84107459911928,685.780570186167,1218.4227584520859
960,MADS106,e,6,ADS,28.39,101.22209700402962,695.9744310966346,1760.7822676356222
961,MADS106,a,6,ADS,29.73467181906252,95.32818093747863,835.5774494493278,1359.395702849737
962,MADS106,o,6,ADS,30.4,80.00000000000185,535.679941822237,1024.6515424305262
963,MADS106,o,6,ADS,31.82,133.60652497701864,595.4677614799193,1074.6721998041276
964,MADS106,æ,6,ADS,36.64075565717329,167.5392879116231,1040.8242268916829,1710.4187152776242
965,MADS106,i,6,ADS,37.21380414646239,186.1958535376118,373.40538931616607,2330.1624280409933
966,MADS106,i,6,ADS,39.04811854482454,101.66218926676152,371.17317374730027,2467.6850710470885
967,MADS106,e,6,ADS,41.95784245466828,97.59570169608622,642.9238679530512,2235.538945333098
968,MADS106,a,6,ADS,42.23505195704847,106.54197435155766,885.4236655054467,1546.8354395201018
969,MADS106,e,6,ADS,43.05023403066036,92.71591661129008,651.9890742982316,2089.7630796320495
971,MADS106,a,6,ADS,44.34816080283926,117.11484203531342,917.2600834314422,1546.5518774795466
972,MADS106,æ,6,ADS,46.19,100.64377058128571,818.8327448881976,1631.2467721415271
973,MADS106,i,6,ADS,46.59474762423435,106.54197435157187,401.1610371234971,2448.3814188297124
974,MADS106,e,6,ADS,48.18,147.64973320883712,597.3614676261423,2086.418232622291
975,MADS106,e,6,ADS,48.98,116.45302352519593,615.9958305969683,1905.577794103564
976,MADS106,i,6,ADS,50.12,62.164677821542114,384.04061176955145,2364.6010022681407
977,MADS106,i,6,ADS,50.41,65.7650804239509,378.95268230707,2295.682712521684
978,MADS106,a,6,ADS,50.70236965368182,154.52652768547637,775.7177774560902,1363.0882293751977
979,MADS106,i,6,ADS,56.35114300367751,138.85699632249526,392.8166366635909,2589.082970565564
980,MADS106,i,6,ADS,57.80671066033224,100.84889175263356,378.98321087250315,2094.581329104365
981,MADS106,æ,6,ADS,58.86569456327507,114.30543672492632,942.7111395982529,1815.9674964629808
982,MADS106,a,6,ADS,59.13,68.22912160630779,757.1107944351858,1410.8712581718867
983,MADS106,a,6,ADS,59.85,84.60463630687087,606.1776691365064,1322.489941114696
984,MADS106,o,6,ADS,61.74292822253339,57.071777466603635,744.9571305419566,1365.1588547100189
985,MADS106,i,6,ADS,61.95,55.62331959869482,495.9175425264655,1931.3154493799855
986,MADS106,u,6,ADS,64.75,114.79089196338066,354.3329010879132,799.4750659958764
987,MADS106,o,6,ADS,73.4484309581078,142.3270649734576,567.3772079067958,1129.40099017448
988,MADS106,u,6,ADS,73.7677375646503,132.26243534970195,349.4063887574267,698.5843725087816
989,MADS106,o,6,ADS,76.20454576272984,135.45423727016725,468.2847833854195,956.558795348903
990,MADS106,æ,6,ADS,77.89414873688257,144.76695751586988,858.3871418676177,1675.0320687524122
991,MADS106,o,6,ADS,78.38996172898213,114.67494949290824,585.1980150317388,1102.915414942855
992,MADS106,a,6,ADS,80.39,157.13441546559181,804.3056533979794,1241.566661999518
993,MADS106,e,6,ADS,81.51,132.7097648811133,642.0310149458237,2080.6174144852425
994,MADS106,u,6,ADS,81.91667996053137,124.43451966251473,407.7059974632489,882.0292244145496
995,MADS106,o,6,ADS,83.18365283552994,132.56749480386532,624.9561082187394,1109.721069374744
996,MADS106,a,6,ADS,83.93956831555971,141.51376745932964,730.8657509072334,1209.8870301121458
997,MADS106,e,6,ADS,85.09,95.56205511016458,619.8268919043298,1578.5695814369549
998,MADS106,o,6,ADS,85.95,124.72643585505239,504.0395584801176,1097.8110604995786
999,MADS107,æ,6,ADS,2.32,139.7002489322743,942.789990540556,1570.1870867063978
1000,MADS107,o,6,ADS,2.716853355187901,153.14664481209928,537.7595207915956,1086.2922067560457
1001,MADS107,e,6,ADS,3.64,179.99999999999972,624.0929727594367,2127.9681360901914
1002,MADS107,o,6,ADS,4.29714694307632,142.85305692368055,527.5354593948974,1156.2012604953575
1003,MADS107,i,6,ADS,5.15,131.21029652161909,362.9049370777356,2530.369136054187
1004,MADS107,u,6,ADS,6.61,239.99999999999932,338.6776514486981,880.6853410911167
1005,MADS107,u,6,ADS,7.488496650931458,140.5138883728263,446.0868901274074,781.835688814166
1006,MADS107,u,6,ADS,7.778616502807117,168.61666604739156,390.46014260537504,800.0018309578328
1007,MADS107,i,6,ADS,8.264067543174008,101.66593099916277,349.86159503452,2377.759848045116
1008,MADS107,æ,6,ADS,11.29,140.4352879559312,870.2171161736087,1780.0080258448115
1009,MADS107,æ,6,ADS,12.56928639205557,120.71360794442931,940.6365959087373,1442.7472990497176
1010,MADS107,æ,6,ADS,14.35,146.88555206959995,889.9626079631865,1559.2558857790236
1011,MADS107,u,6,ADS,14.79,119.53113056847009,403.16243748224264,651.421212460445
1012,MADS107,e,6,ADS,17.57,130.52760445762956,560.3590546149547,2229.504212221357
1013,MADS107,æ,6,ADS,17.76169247351404,148.77941121828187,1012.8053314150715,1682.9663489004254
1014,MADS107,u,6,ADS,18.34636156994705,149.6059635028395,371.86172148345105,637.3373225094111
1015,MADS107,æ,6,ADS,23.65,151.04427795820285,948.6409814147537,1656.7652192054163
1016,MADS107,u,6,ADS,24.45,118.4079142097012,403.9582490006399,811.4666317796998
1017,MADS107,u,6,ADS,25.38,135.2552269033218,370.06908687489545,961.4628802258372
1018,MADS107,e,6,ADS,27.61,107.45513992335987,660.6954513100646,1963.1254861795696
1019,MADS107,a,6,ADS,28.44,101.10378632550976,831.5629952656952,1236.5226786081016
1020,MADS107,e,6,ADS,29.78,109.08321238881769,686.6740354759927,2090.7110045432128
1021,MADS107,a,6,ADS,31.18,130.5887128693506,727.8022934492723,1210.5339488695533
1022,MADS107,o,6,ADS,31.97,90.00000000000341,538.741308095497,1024.8099975866605
1023,MADS107,o,6,ADS,33.31,99.99999999999432,522.2103209699145,1063.26490704464
1024,MADS107,æ,6,ADS,36.71,135.5052593356092,867.9090313032841,1663.047538069172
1025,MADS107,i,6,ADS,37.16965677352037,107.45179699097918,358.770300845299,2595.344227297518
1026,MADS107,i,6,ADS,38.82444070976649,107.45179699098628,356.4276705726926,2609.0965734473584
1027,MADS107,e,6,ADS,42.11909356222947,110.90643777052378,531.0906910242068,2251.2209079162303
1028,MADS107,a,6,ADS,42.41,106.66521109611438,865.1540895966154,1164.6721294652305
1029,MADS107,e,6,ADS,42.94,90.00000000000341,451.54112184997234,2054.549939373899
1030,MADS107,a,6,ADS,43.27,129.9368587076586,838.5386397973583,1078.3110536322524
1031,MADS107,a,6,ADS,44.51390664248257,142.99354522646013,821.7494420894748,1137.0514279586935
1032,MADS107,æ,6,ADS,46.1,133.09809308204024,879.235177909389,1622.1854286870698
1033,MADS107,i,6,ADS,46.55069545584487,109.30454415512969,349.474269971922,2579.6240419766245
1034,MADS107,e,6,ADS,48.27,169.43606451161486,651.6842859145067,1802.6993419986013
1035,MADS107,e,6,ADS,49.32434492573196,125.65507426804601,621.2618313707509,1940.2042333833099
1036,MADS107,i,6,ADS,50.41601368878436,71.0834964709619,350.42620969756814,2522.597954398235
1037,MADS107,i,6,ADS,50.72514424320457,47.24060790154283,327.97294866944384,2379.902864215846
1038,MADS107,a,6,ADS,50.99,143.6729512410011,766.4391605313812,1270.206060027727
1039,MADS107,i,6,ADS,56.85,140.00000000000057,300.89773555809825,2603.6770636616247
1040,MADS107,i,6,ADS,58.43,124.8716374672938,353.7008835220096,2206.358503401706
1041,MADS107,æ,6,ADS,59.37,102.77902622831903,897.8236289351992,1674.0321669457676
1042,MADS107,a,6,ADS,59.63325729711266,91.74730358461147,718.125370556443,1199.3797155104521
1043,MADS107,a,6,ADS,60.51,93.24807377359434,647.844843470547,1094.8654218919178
1044,MADS107,o,6,ADS,62.21,92.67113037191876,653.660699869771,1287.5566543051846
1045,MADS107,i,6,ADS,62.44,44.607978733878895,487.1526633001909,1501.3652127591408
1046,MADS107,u,6,ADS,65.36,136.32569451729637,336.0830169304732,551.555183282532
1047,MADS107,o,6,ADS,73.46322898609401,132.2483655273743,535.368771336088,916.6466499177579
1048,MADS107,u,6,ADS,73.86,125.03243602057523,375.32896237887024,680.8170256270793
1049,MADS107,o,6,ADS,77.08,128.55941611871913,595.2559210127642,1017.3275823345815
1050,MADS107,æ,6,ADS,78.46,127.1318706838116,923.7783620276214,1613.8987494862492
1051,MADS107,o,6,ADS,79.01,110.49116163370343,566.8517292850361,1075.3323064477995
1052,MADS107,a,6,ADS,80.88,153.9859629426985,707.8877297732706,1160.4446388162091
1053,MADS107,e,6,ADS,81.83,112.03828813029304,612.587569618091,1814.9354479414806
1054,MADS107,u,6,ADS,82.2,94.35084684403705,369.23844282298927,760.8507190458236
1055,MADS107,o,6,ADS,83.3925684643317,105.79869242188522,555.1377667672559,1132.277069265347
1056,MADS107,a,6,ADS,84.09389266960775,100.01282643005993,646.5215689749501,1130.077728220848
1057,MADS107,e,6,ADS,84.83,109.99999999999943,628.6050505169408,1924.6376560988383
1058,MADS107,o,6,ADS,85.75,151.45105683888005,515.2872160254615,1089.2244219126485
1059,MADS107,æ,9,ADS,2.05,129.45575999146496,973.3277468731761,1513.3528122424766
1060,MADS107,o,9,ADS,2.447857320967553,152.14267903244715,554.0181389156869,1059.4547725086477
1061,MADS107,e,9,ADS,3.35,159.9999999999997,575.7849936342117,2167.668206679646
1062,MADS107,o,9,ADS,4.09,140.00000000000057,586.9139018751645,936.8791716555985
1063,MADS107,i,9,ADS,5.126275539960893,113.72446003910764,372.3867500661969,2477.2902440052444
1064,MADS107,u,9,ADS,6.58,150.00000000000034,361.57957225100705,1245.1962920380902
1065,MADS107,u,9,ADS,7.44,119.99999999999922,385.5506262931966,723.626079541804
1066,MADS107,u,9,ADS,7.72,131.75532856406846,446.0414441082711,854.6859945557426
1067,MADS107,i,9,ADS,8.21,119.99999999999922,371.0197599051115,2426.211478083344
1068,MADS107,æ,9,ADS,11.27,120.000000000001,922.3637590593297,1742.8360157954342
1069,MADS107,æ,9,ADS,12.47,119.99999999999922,873.1068658316678,1536.5682563971104
1070,MADS107,æ,9,ADS,13.94,140.00000000000057,869.0210462211144,1555.5166170356126
1071,MADS107,u,9,ADS,14.4,170.36202745983962,340.5585045643598,723.0165118357002
1072,MADS107,e,9,ADS,16.75,70.00000000000028,593.1213843036738,1778.9521692720643
1073,MADS107,æ,9,ADS,16.87,189.99999999999773,989.721166607729,1722.3417821051157
1074,MADS107,u,9,ADS,17.5505752098782,129.4247901217993,376.2066807246554,796.6594931179404
1075,MADS107,æ,9,ADS,23.12,140.00000000000057,905.7954373167338,1788.8732479800901
1076,MADS107,u,9,ADS,24.27,111.7807803508093,394.37355422458586,737.1053800219005
1077,MADS107,u,9,ADS,25.23,190.00000000000128,364.50993951121404,701.342173735638
1078,MADS107,e,9,ADS,27.48,109.99999999999943,631.2734110813393,1898.9092371280146
1079,MADS107,a,9,ADS,28.42,133.22271020985,637.7539994709463,1191.168631472108
1080,MADS107,e,9,ADS,29.81,100.00000000000142,604.1851529772262,2009.0859470324342
1081,MADS107,a,9,ADS,30.71,129.999999999999,763.5527228906434,1151.9237013097934
1082,MADS107,o,9,ADS,31.58,110.00000000000298,524.3384820873096,953.0586054556542
1083,MADS107,o,9,ADS,32.88,109.99999999999943,490.21206875095373,1014.2270322146829
1084,MADS107,æ,9,ADS,37.15467451452147,125.32548547853395,939.3845941141684,1666.301612932414
1085,MADS107,i,9,ADS,37.79321863677805,86.78136322195229,349.34005861447156,2600.180653400096
1086,MADS107,i,9,ADS,39.4142582066394,85.74179336059728,364.25034536253924,2595.5711689124355
1087,MADS107,e,9,ADS,42.61,90.00000000000341,457.79276806361946,2150.435699971347
1088,MADS107,a,9,ADS,42.89,109.99999999999943,777.5543527057714,1195.9955005013367
1089,MADS107,e,9,ADS,43.61953485375139,102.86047845789881,561.0726028260277,2143.290075789395
1090,MADS107,a,9,ADS,43.97,140.00000000000057,891.2220349852759,1100.7653426112752
1091,MADS107,a,9,ADS,45.19,140.00000000000057,717.4829411951212,1167.8491105169358
1092,MADS107,æ,9,ADS,46.66478602080982,115.21397919018028,837.1364222302593,1695.8196075598828
1093,MADS107,i,9,ADS,47.19194597290657,88.39572367476478,366.7584072580664,2575.25466594165
1094,MADS107,e,9,ADS,48.74,129.99999999999545,682.4899330168088,1858.0775238891583
1095,MADS107,e,9,ADS,49.83,114.0931137598642,595.3632745389477,2029.3920438345049
1096,MADS107,i,9,ADS,50.89,39.99999999999915,397.77928772794445,2275.581037827304
1097,MADS107,i,9,ADS,51.16,70.65728261051163,360.36307472042614,2402.4646879685506
1098,MADS107,a,9,ADS,51.44,100.00000000000142,753.3949969317283,1245.6838634815554
1099,MADS107,i,9,ADS,56.7592499354828,149.46913275914397,309.84812581339213,2251.892766560117
1100,MADS107,i,9,ADS,58.39,119.99999999999744,361.44806586720296,2607.225457601249
1101,MADS107,æ,9,ADS,59.52483757622929,110.89645333742482,802.5686769024027,1689.2641665104284
1102,MADS107,a,9,ADS,59.81,79.9999999999983,688.4917222421814,1218.876036511563
1103,MADS107,a,9,ADS,60.55,109.99999999999943,700.4389125348356,1188.97910509257
1104,MADS107,u,9,ADS,62.41,91.33705136892445,642.9569580194083,856.2426869422939
1105,MADS107,u,9,ADS,65.42858482183684,83.57413874705344,413.616551323854,1701.0684837489785
1106,MADS107,o,9,ADS,73.23227337750933,144.64754783142553,497.88316397088727,890.0135038325997
1107,MADS107,u,9,ADS,73.66,120.00000000000455,352.4992472558962,693.5020742726394
1108,MADS107,o,9,ADS,76.54,129.99999999999545,500.32483752071914,1044.909612126942
1109,MADS107,æ,9,ADS,78.04,129.99999999999545,1093.0964429885223,1684.1329999068457
1110,MADS107,o,9,ADS,78.64,90.00000000000341,507.65688426358133,1012.313114408481
1111,MADS107,a,9,ADS,80.52,130.00000000000966,717.7823200986021,1191.0755611796549
1112,MADS107,e,9,ADS,81.59,109.99999999999943,676.1874777443261,1941.4671459787019
1113,MADS107,u,9,ADS,82.05,90.00000000000341,381.38631530154316,747.6210859539178
1114,MADS107,o,9,ADS,83.27,109.99999999999943,605.3445518138913,1004.2441512437018
1115,MADS107,a,9,ADS,83.96,109.99999999999943,632.1477563890999,1251.3130018473828
1116,MADS107,e,9,ADS,84.71,109.99999999999943,601.5209662211211,1937.8334838830394
1117,MADS107,o,9,ADS,85.67205143551315,127.948564486843,508.7159484703941,1051.2207871661012
1118,MADS108,æ,15,ADS,3.060639427498424,149.3605725015761,1017.9241495588574,1493.8088288620406
1119,MADS108,o,15,ADS,3.649949761787473,121.85978293290889,553.9181028285294,1293.8155307649176
1120,MADS108,e,15,ADS,4.76,140.00000000000057,592.0441243814803,2182.3510379746185
1121,MADS108,o,15,ADS,5.503570896279643,91.70890880517834,651.6462305834086,1385.805284253131
1122,MADS108,i,15,ADS,6.25,99.99999999999964,394.7208073210645,2184.246765240466
1123,MADS108,u,15,ADS,7.84,160.00000000000014,323.13108478488164,636.6143562619168
1124,MADS108,u,15,ADS,8.803732917730946,167.08609412450494,320.95809195649474,1020.4247030975986
1125,MADS108,u,15,ADS,9.09,146.43909480444427,469.5347604054158,1183.4762477227544
1126,MADS108,i,15,ADS,9.58,109.99999999999943,433.221052919107,2609.037693673043
1127,MADS108,æ,15,ADS,12.4,123.44438660869983,1030.418715570011,1822.3786942802967
1128,MADS108,æ,15,ADS,13.89,99.99999999999964,872.5815534058881,1635.4802874429993
1129,MADS108,æ,15,ADS,15.24313352553343,139.44779284075003,868.1735041520359,1638.7988474581807
1130,MADS108,u,15,ADS,15.87,162.999703757821,360.2242622301209,1460.544551404125
1131,MADS108,e,15,ADS,17.98,99.99999999999787,533.4432959069666,1429.2535691382955
1132,MADS108,æ,15,ADS,18.18,131.50153310282064,1031.7516278373032,1642.41580120736
1133,MADS108,u,15,ADS,19.0317717570172,108.04063229102923,354.60948490302377,689.6746060432304
1134,MADS108,æ,15,ADS,24.9,129.89139091340007,1256.0507780186747,2000.9535198766432
1135,MADS108,u,15,ADS,25.76,129.999999999999,373.99781538989373,861.7107662590191
1136,MADS108,u,15,ADS,26.76030279172412,129.69720827588205,376.4284964779234,738.7941921182323
1137,MADS108,e,15,ADS,29.03029160909476,149.70839090523924,557.8374523926136,1905.9384622217879
1138,MADS108,a,15,ADS,29.92,103.88862509328689,705.1697598987722,1428.253974598652
1139,MADS108,e,15,ADS,31.13651997873315,113.48002126684875,453.1166094936352,1556.5426117143986
1140,MADS108,a,15,ADS,32.2,164.06726220117918,841.0448379126067,1340.4625697872557
1141,MADS108,o,15,ADS,33.07,89.68956267594308,547.0563009506845,1387.3238379524828
1142,MADS108,o,15,ADS,34.82,89.53912524363261,589.2248456520754,1350.128115177367
1143,MADS108,æ,15,ADS,38.33516079829052,135.67893357478056,882.6950507817746,1695.0150490058948
1144,MADS108,i,15,ADS,38.90017681573784,104.27177302506152,357.2623820056285,2605.110316601486
1145,MADS108,i,15,ADS,40.72727205352383,112.7279464761699,411.5136932571588,2759.9565131378777
1146,MADS108,e,15,ADS,44.07948546618591,75.3771853193328,570.5902827682261,1436.0999578245328
1147,MADS108,a,15,ADS,44.31315474067583,105.52805944705312,916.3350637571727,1503.8102376534277
1148,MADS108,e,15,ADS,45.05044421782975,86.6837631172217,646.7898241592374,2029.8609073595662
1149,MADS108,a,15,ADS,45.38,113.26924184676557,916.7543337354416,1331.844794978772
1150,MADS108,a,15,ADS,46.61196959018461,96.73405449313321,671.7263247070701,1294.065828012203
1151,MADS108,æ,15,ADS,48.82881972052565,129.39750146483675,883.1875928735618,1647.3172322578762
1152,MADS108,i,15,ADS,49.27251960294944,67.83946678739028,407.8489937525472,2511.0104979157627
1153,MADS108,e,15,ADS,50.4740160820531,86.68376311723591,636.1655293037556,2132.600518658012
1154,MADS108,e,15,ADS,51.44,89.80844496494456,652.6145592852191,2035.2497689139104
1155,MADS108,i,15,ADS,52.6,49.99999999999716,384.62140617669655,2333.791358720047
1156,MADS108,i,15,ADS,52.94852370198712,60.30174825546197,329.74723564862586,2149.6277633050177
1157,MADS108,a,15,ADS,53.22,113.34711318070845,938.5082358728978,1473.9903465390719
1158,MADS108,i,15,ADS,58.53258735577727,134.42264715281027,373.7649650155446,2772.4318503724867
1159,MADS108,i,15,ADS,60.1,119.99999999999744,398.6052932266856,2744.913096353242
1160,MADS108,æ,15,ADS,61.29172157488437,103.01548660307702,844.7648467277702,1732.2011163437144
1161,MADS108,a,15,ADS,61.57,60.000000000002274,609.1427610005885,1271.086347697988
1162,MADS108,a,15,ADS,62.19,90.83709310431232,749.3236054433828,1272.4801489749545
1163,MADS108,o,15,ADS,63.87,59.61498524467146,437.0984076768873,1173.981787524106
1164,MADS108,u,15,ADS,66.84331588106497,100.50291375908671,349.0173204347046,597.3684611597671
1165,MADS108,o,15,ADS,74.91229376542162,167.7062345783753,524.5678028340701,1094.4273624777895
1166,MADS108,u,15,ADS,75.43,129.99999999999545,364.51777473817987,848.4561939855436
1167,MADS108,o,15,ADS,78.35,109.99999999999943,458.12966090621416,1051.1433793308886
1168,MADS108,æ,15,ADS,79.88289664992543,117.10335007457218,893.019621648442,1565.5679760088458
1169,MADS108,o,15,ADS,80.41,102.78957773334696,488.15444463837315,1018.8726189349165
1170,MADS108,a,15,ADS,82.17,149.80934152639236,812.1386728678917,1308.277314553067
1171,MADS108,e,15,ADS,83.07,100.00000000000853,602.368137653622,1791.987162534119
1172,MADS108,u,15,ADS,83.42,122.51880795948011,364.19998709325455,779.6529454510246
1173,MADS108,o,15,ADS,84.53,90.00000000000341,552.8283829845582,1221.9018010799582
1174,MADS108,a,15,ADS,85.21,143.00132928011067,762.7275450701002,1467.4361705338608
1175,MADS108,e,15,ADS,85.98,89.9999999999892,643.7600425077928,2002.5474940664312
1176,MADS108,o,15,ADS,87.02619231134757,145.72922495069918,615.073083281776,1262.0641283364655
1177,MADS108,æ,6,ADS,2.27,100.00000000000009,1137.0012843890954,1617.3322622741973
1178,MADS108,o,6,ADS,2.75,128.91742361961713,704.7068509656438,1182.9301920423527
1179,MADS108,e,6,ADS,3.95,154.9916522697048,558.1967746610169,1566.6425195249174
1180,MADS108,o,6,ADS,4.71,123.62612648172444,596.0131299238592,1317.4861170799184
1181,MADS108,i,6,ADS,5.51,110.00000000000031,437.2775436443692,2671.6522362899773
1182,MADS108,u,6,ADS,7.01,150.00000000000034,371.5735841048531,872.994179342
1183,MADS108,u,6,ADS,8.01,140.00000000000057,305.2166188354848,1052.881237993784
1184,MADS108,u,6,ADS,8.291175948917772,133.58998880938344,404.45058447228024,1177.9236334342777
1185,MADS108,i,6,ADS,8.73,99.99999999999964,375.9277861222628,1854.002530839791
1186,MADS108,æ,6,ADS,11.56,106.63017577491907,1025.0274254604324,1599.1688119118069
1187,MADS108,æ,6,ADS,13.31,100.64463178519034,936.2495081711187,1397.3912641260304
1188,MADS108,æ,6,ADS,14.89391413377592,96.08586622407955,859.7273768662056,1434.4422402013347
1189,MADS108,u,6,ADS,15.61,186.46302965145088,362.8616571113329,1791.4075404583095
1190,MADS108,e,6,ADS,17.76,111.49185394616978,577.5504819733026,1595.1012608713936
1191,MADS108,æ,6,ADS,17.91,151.82803269227918,1064.0076418256276,1647.8654280133483
1192,MADS108,u,6,ADS,18.68,111.50941659662195,379.44840732162226,779.6849159504344
1193,MADS108,æ,6,ADS,24.78948597316214,130.04335193834038,1095.9519679838577,1565.597094652392
1194,MADS108,u,6,ADS,26.22796366690977,132.03633309023033,409.3122743843193,978.6714180190314
1195,MADS108,u,6,ADS,27.17,129.999999999999,367.1800343666958,657.303421554833
1196,MADS108,e,6,ADS,29.74,130.00000000000256,884.4258685697981,1647.2756422489242
1197,MADS108,a,6,ADS,30.68,134.9159007807188,938.3087703315463,1320.0503242245425
1198,MADS108,e,6,ADS,31.71,104.92712280444039,865.6945366452643,1796.3273850619066
1199,MADS108,a,6,ADS,32.85,129.99999999999545,831.6647249973187,1301.6769045618698
1200,MADS108,o,6,ADS,33.58271503960398,117.03901674449924,595.4786288539498,1117.424222899326
1201,MADS108,o,6,ADS,35.16,110.00000000000654,544.9231181601573,1127.8710649014333
1202,MADS108,æ,6,ADS,38.72,149.99999999999858,1077.824162330806,1648.2453933598254
1203,MADS108,i,6,ADS,39.20856228609786,126.49671506730442,391.94555236591157,2431.2099924850863
1204,MADS108,i,6,ADS,41.07512902933134,117.03901674449924,402.9854111629539,2594.760843610172
1205,MADS108,e,6,ADS,44.48066354019731,79.33645980268977,708.6206518172371,1805.5912520821214
1206,MADS108,a,6,ADS,44.71,111.14067981768727,896.1604035168696,1367.6301377852192
1207,MADS108,e,6,ADS,45.66,90.00000000000341,697.8118033601995,2165.3762191732912
1208,MADS108,a,6,ADS,45.99125922746409,108.76353071206779,702.8856690086743,1129.5407591528553
1209,MADS108,a,6,ADS,47.55,134.70104336443,928.7462713940614,1218.3258103175979
1210,MADS108,æ,6,ADS,49.47,160.0000000000037,1030.2196765583487,1709.4878193178708
1211,MADS108,i,6,ADS,50.1,106.86454337540141,416.608946319282,2512.3728507781657
1212,MADS108,e,6,ADS,51.57,119.34759484370261,609.6087988801203,1914.462580042372
1213,MADS108,e,6,ADS,52.66,100.1623393060811,753.4151684448082,2123.7382174873233
1214,MADS108,i,6,ADS,53.91,77.81251280920287,404.52640370064364,2343.735647431565
1215,MADS108,i,6,ADS,54.23016603233064,76.84379887266601,423.5469101582249,1931.002917575732
1216,MADS108,a,6,ADS,54.57,159.845054777648,926.5103169345127,1446.4030363153192
1217,MADS108,i,6,ADS,60.69616335327638,115.85680445415392,371.12521100987607,2532.1757536025575
1218,MADS108,i,6,ADS,62.64889933491516,101.10066508484294,406.0906922901996,2789.8210589621503
1219,MADS108,æ,6,ADS,63.9243660205902,163.14529606809458,1044.5520961107427,1472.4303066776597
1220,MADS108,a,6,ADS,64.28848740601755,82.7548603243855,764.3696412980012,1261.45631797177
1221,MADS108,a,6,ADS,65.3625822405655,87.41775943450136,918.6194209949458,1344.2572985126687
1222,MADS108,o,6,ADS,66.81,70.66391953439677,475.30378734012714,1128.8601276307347
1223,MADS108,i,6,ADS,67.08,40.00000000000625,426.0735822216331,1820.3293251800978
1224,MADS108,u,6,ADS,70.52,120.00000000000455,304.14320879149534,754.4675691226383
1225,MADS108,o,6,ADS,78.61,103.33186008467976,648.481220352643,1245.3097634827777
1226,MADS108,u,6,ADS,79.05,149.57065440344763,388.91183843789685,1123.5714294793734
1227,MADS108,o,6,ADS,82.16,130.00000000000966,446.6103444436223,1042.9145773585392
1228,MADS108,æ,6,ADS,83.47949147518582,120.50852481416996,828.996808149765,1567.7967704263126
1229,MADS108,o,6,ADS,84.03,114.86971366187504,480.85187339076873,1028.2229589915053
1230,MADS108,a,6,ADS,86.14605984308803,172.10775625569852,755.5396013173228,1240.4603925566262
1231,MADS108,e,6,ADS,87.15,109.99999999999943,911.3983648722682,2023.9319358770344
1232,MADS108,u,6,ADS,87.51,111.73072872902878,326.8826894961635,886.2217564879089
1233,MADS108,o,6,ADS,88.78,98.57554884555952,693.9530983569499,1303.827211390171
1234,MADS108,a,6,ADS,89.44254512019474,135.82558061260386,1033.3989560087512,1431.0711041445545
1235,MADS108,e,6,ADS,90.25,90.00000000000341,804.7350975035465,1996.0739246425896
1236,MADS108,o,6,ADS,91.29,179.9999999999926,626.6020058776652,1197.7410175134073
1237,MADS108,æ,9,ADS,3.83581748165864,84.18251834135981,1006.431245247767,1624.4983768818313
1238,MADS108,o,9,ADS,4.298061084192772,121.93891580722749,543.88942169709,1240.9881965740221
1239,MADS108,e,9,ADS,5.14,120.00000000000011,422.61219281425707,1810.2366886713553
1240,MADS108,o,9,ADS,5.871730733861792,103.19199689599844,592.5401546137325,1344.392328092714
1241,MADS108,i,9,ADS,7.14,120.00000000000011,343.2268697844959,2583.516711899222
1242,MADS108,u,9,ADS,8.589383466088542,162.56273483616113,328.7748150171444,945.2777029797617
1243,MADS108,u,9,ADS,9.24,129.999999999999,321.2062927014297,1051.1339003234702
1244,MADS108,u,9,ADS,9.52574707403999,124.25292596001114,313.67946967928754,1097.4387493521222
1245,MADS108,i,9,ADS,10.01,99.99999999999964,379.501758257024,2115.6494060590016
1246,MADS108,æ,9,ADS,12.79,110.00000000000121,915.1788488363928,1703.0874973822388
1247,MADS108,æ,9,ADS,14.27,115.32111124911992,915.3369449428301,1527.837107871028
1248,MADS108,æ,9,ADS,16.06683535174794,113.16464825205941,737.1265775580747,1463.5677256947693
1249,MADS108,u,9,ADS,16.46,135.51763721510923,404.66475312823974,1920.2998702213993
1250,MADS108,e,9,ADS,18.83,100.07662871400314,623.4303583932561,2156.246833926142
1251,MADS108,æ,9,ADS,19.01,108.08396552451782,916.1856855513838,1617.413425667221
1252,MADS108,u,9,ADS,19.39048369319756,91.88328490740005,321.95034254457295,979.1005200155822
1253,MADS108,æ,9,ADS,25.24,100.00000000000142,875.5862042033528,1595.8169414990477
1254,MADS108,u,9,ADS,26.41,140.00000000000057,329.00745580579735,1001.1105170702056
1255,MADS108,u,9,ADS,27.32,184.65724650899062,271.96412659114725,1002.8043494321392
1256,MADS108,e,9,ADS,29.58,120.000000000001,774.631319011478,1854.1276332653779
1257,MADS108,a,9,ADS,30.41,130.9407553666091,843.9057812803892,1385.9743762569951
1258,MADS108,e,9,ADS,31.772143406784,111.67353088745102,794.8843316803589,1693.3947669154206
1259,MADS108,a,9,ADS,32.43,109.99999999999943,918.7126666786594,1294.2663289133652
1260,MADS108,o,9,ADS,33.18,100.00000000000142,514.3672844207139,1230.644758537384
1261,MADS108,o,9,ADS,34.61,79.9999999999983,495.41979939950335,1289.5731989423211
1262,MADS108,æ,9,ADS,38.16681392481934,133.18607518066017,928.1765166581836,1676.2227828754014
1263,MADS108,i,9,ADS,38.60361292537912,96.38707462088547,473.3614748064272,2597.7306968205744
1264,MADS108,i,9,ADS,40.2942041960487,96.12405190310369,352.431972345558,2694.3841737797297
1265,MADS108,e,9,ADS,43.66,80.0000000000054,749.0915252342163,2147.465039153173
1266,MADS108,a,9,ADS,43.89,111.14663063818853,747.171131262673,1210.4073496324197
1267,MADS108,e,9,ADS,45.61136924185802,107.43276389172962,828.5948179751565,2090.5976680503563
1268,MADS108,a,9,ADS,45.92,119.99999999999744,794.6683815797618,1279.9967741167507
1269,MADS108,a,9,ADS,46.98,130.00000000000256,664.29971456312,1194.1822180521551
1271,MADS108,i,9,ADS,49.28658941701473,83.41058298526605,414.3133312689445,2248.1113565089972
1272,MADS108,e,9,ADS,51.11,93.96154574957194,666.0960136377078,1673.6403079407612
1273,MADS108,e,9,ADS,52.04,81.54779189530359,731.8635516601774,1743.0218155243813
1274,MADS108,i,9,ADS,53.06,49.99999999999716,362.73497879620817,2147.743613054845
1275,MADS108,i,9,ADS,53.3981800826222,45.234847954404245,394.60459340836184,2108.327987049723
1276,MADS108,a,9,ADS,53.65,111.47245525604887,755.7395143795047,1315.1899329207774
1277,MADS108,i,9,ADS,59.89826871831433,141.35889985753636,387.3442271383063,2738.6903679730594
1278,MADS108,i,9,ADS,61.9,130.00000000000256,385.51815711664926,2655.5262557276046
1279,MADS108,æ,9,ADS,63.23,107.83691870395984,944.2699389694635,1777.693320422257
1280,MADS108,a,9,ADS,63.52867143351163,111.32856648836764,574.2028505529543,1166.4329309471896
1281,MADS108,a,9,ADS,64.5,69.99999999999318,889.6835904308492,1367.143642583911
1282,MADS108,o,9,ADS,66.29,49.99999999999716,421.40107315897706,1150.2614923286553
1283,MADS108,i,9,ADS,66.49,40.00000000000625,438.4812879303016,1856.0058820919646
1284,MADS108,u,9,ADS,69.61862446826173,91.37553173826518,349.10695351422714,841.1052942238081
1285,MADS108,o,9,ADS,77.04156412338352,137.11813286180075,548.5649877416308,1149.4957835230803
1286,MADS108,u,9,ADS,77.56497607450969,74.92021692449669,298.91554198505486,823.957703109945
1287,MADS108,o,9,ADS,80.88579167690513,128.63659887035794,369.0477575708587,1029.822000182271
1288,MADS108,æ,9,ADS,82.27773164722196,142.2683527780464,1098.0106529175146,1815.4455302092504
1289,MADS108,o,9,ADS,82.94,120.85995243268144,372.5731937623644,1100.3577329722689
1290,MADS108,a,9,ADS,85.31,149.99999999999147,906.6163731752395,1343.3591354323012
1291,MADS108,e,9,ADS,86.35,100.00000000000853,732.8045154061911,1976.010244415899
1293,MADS108,o,9,ADS,87.87760337063234,92.39662936765569,499.9074716272255,1123.5653691073896
1294,MADS108,a,9,ADS,88.58,120.00000000000455,734.9200693019314,1280.2369952388474
1295,MADS108,e,9,ADS,89.33,79.9999999999983,658.4474940638083,1991.9397087283783
1296,MADS108,o,9,ADS,90.33899578929268,151.0042107073133,511.2870525540115,1127.6509132450935
1297,MADS109,æ,12,ADS,2.91,64.41761844767369,694.3111620743227,1669.7693471326675
1298,MADS109,o,12,ADS,3.380715875329518,129.28412467048167,574.8893875794195,1059.7787972822462
1299,MADS109,e,12,ADS,4.39,129.9999999999999,610.314632248334,1674.8084158980603
1300,MADS109,o,12,ADS,5.143134450732227,116.86554926777237,564.7310233016643,1191.610515750256
1301,MADS109,i,12,ADS,6.19,99.99999999999964,361.8670773230266,2522.8941592739147
1303,MADS109,u,12,ADS,8.71,79.9999999999983,330.83832434027414,737.6995685725783
1304,MADS109,u,12,ADS,9.0,140.00000000000057,414.06744614909337,797.173349399914
1305,MADS109,i,12,ADS,9.53,110.00000000000121,357.60429431671184,2006.8024562522562
1306,MADS109,æ,12,ADS,13.87,100.00000000000142,802.8115647461807,1504.4216414187501
1309,MADS109,e,12,ADS,17.72,100.00000000000142,627.0878810661528,1864.6430063597336
1310,MADS109,æ,12,ADS,17.89882991548981,131.17008451019174,743.7129915401664,1689.9301325646973
1311,MADS109,u,12,ADS,18.6,111.46254793238697,422.95366690988493,1050.9284793721006
1312,MADS109,u,12,ADS,25.75,149.99999999999858,387.65179673186856,825.32126331934
1313,MADS109,u,12,ADS,26.69816457389604,141.8354261039596,355.5827394717501,751.3550918233426
1314,MADS109,e,12,ADS,29.08780804230374,122.19195769625912,650.4721957761991,1602.0503912018921
1315,MADS109,a,12,ADS,30.19,79.9999999999983,667.063480196922,1260.0471009084151
1317,MADS109,a,12,ADS,32.56,127.74856606657892,731.9013316726728,1305.0166936594014
1318,MADS109,o,12,ADS,33.42275012167487,76.89825765841363,640.0628847248495,1352.529725037984
1319,MADS109,o,12,ADS,35.14,89.9999999999963,564.4047518978584,1134.4260503455023
1320,MADS109,æ,12,ADS,38.16019323051935,89.8067694806528,743.306508549141,1626.5219853531328
1321,MADS109,i,12,ADS,38.80358342901961,96.41657098038792,373.33370111992696,1906.4019124204444
1322,MADS109,i,12,ADS,40.57821217548751,101.78782451249191,346.58785728873244,1926.7180149874182
1323,MADS109,e,12,ADS,43.87,100.25472303209426,603.5826043169511,1809.6182579058132
1324,MADS109,a,12,ADS,44.14,114.89304988717208,750.2238975610655,1332.5984151419063
1325,MADS109,e,12,ADS,45.35288339605469,89.52334473666923,631.7913097873392,1848.8414785154073
1326,MADS109,a,12,ADS,45.65,130.00000000000256,716.1876665034451,1323.68392856325
1327,MADS109,a,12,ADS,46.87265403640837,167.3459635916288,663.6637270449733,1130.4146082236907
1328,MADS109,æ,12,ADS,48.55210643185876,107.88710775958776,674.3495499232472,1670.6257962898844
1329,MADS109,i,12,ADS,49.12421526030254,91.81881511453582,414.9645517617315,1797.3791140616472
1331,MADS109,e,12,ADS,51.82505287193224,82.63693360308366,589.5194211088852,1873.6500040117696
1333,MADS109,i,12,ADS,53.21,79.9999999999983,407.27938811223646,2154.8004529637305
1334,MADS109,a,12,ADS,53.56,108.10603823048126,710.5816128105698,1377.8482858795905
1335,MADS109,i,12,ADS,59.23,140.00000000000057,336.78444120692274,1911.8762200776587
1336,MADS109,i,12,ADS,60.82,89.9999999999963,374.8722998034684,2470.230328040657
1337,MADS109,æ,12,ADS,61.87,80.0000000000054,676.0529950922081,1580.473674535752
1338,MADS109,a,12,ADS,62.13,70.00000000000028,711.3762263790884,1252.4959244726824
1339,MADS109,a,12,ADS,63.02,129.99999999999545,712.9094248988085,1227.1707814390522
1341,MADS109,o,12,ADS,75.23181745722816,78.18254277184167,519.667818821438,1111.495953977006
1342,MADS109,u,12,ADS,75.61,90.00000000000341,351.43108943567887,902.0209517006796
1343,MADS109,o,12,ADS,78.56,90.00000000000341,573.6058235717734,1123.2716714427747
1344,MADS109,æ,12,ADS,80.03,109.99999999999943,729.7231336002342,1552.7007459590234
1345,MADS109,o,12,ADS,80.54,89.9999999999892,586.673474475308,1022.1819085643235
1346,MADS109,a,12,ADS,82.48,119.99999999999034,706.8026849333382,1193.773969712539
1347,MADS109,e,12,ADS,83.25,90.00000000000341,605.9368119404232,1578.2002252674283
1348,MADS109,u,12,ADS,83.6,80.17738131989915,433.9411251038934,1113.6335244636387
1349,MADS109,o,12,ADS,84.81,60.000000000002274,554.8892408053009,1353.6736483342015
1352,MADS109,o,12,ADS,87.54835869294347,111.64130705653008,568.423387764519,1133.219852396245
1353,MADS109,æ,15,ADS,3.66,76.27262359442088,777.330297509705,1629.7714492815405
1354,MADS109,o,15,ADS,4.108827992745884,127.12354279997484,538.0594657457381,1022.9851399745722
1355,MADS109,e,15,ADS,4.92,91.02751472259652,672.6159876999989,1658.9929681368328
1357,MADS109,u,15,ADS,8.01,217.47295205110362,450.47848460912047,858.6321694672049
1358,MADS109,u,15,ADS,8.769964581569736,90.03541843026319,463.639311156782,976.3388420046364
1359,MADS109,u,15,ADS,9.03,223.0377628075466,426.7948976273977,848.1918098941698
1360,MADS109,i,15,ADS,9.74957880581768,90.4211941823192,390.8198433614253,2395.590634460176
1364,MADS109,u,15,ADS,15.21,138.2033021180593,465.58608628740205,1279.3676216780134
1366,MADS109,æ,15,ADS,17.28,140.00000000000057,793.644104885466,1645.8122314876564
1367,MADS109,u,15,ADS,17.94190602839556,89.64110397134917,390.18669105033877,788.1881318365135
1368,MADS109,u,15,ADS,24.87,146.7455710233594,374.741708543423,820.1932093581333
1370,MADS109,e,15,ADS,27.87,99.99999999999787,716.0095804237124,1690.8700049022345
1371,MADS109,e,15,ADS,30.29,89.99999999999986,797.6693415225723,1798.2895821611294
1373,MADS109,o,15,ADS,31.6,92.09548754059682,524.6409100572465,1256.648603384632
1375,MADS109,i,15,ADS,37.27648607142245,83.51392857755258,400.60151487672687,2302.20197288952
1376,MADS109,i,15,ADS,38.97,109.99999999999943,305.88838315611855,2207.1761922614273
1377,MADS109,e,15,ADS,42.35,85.19277622115595,633.3687968178144,1891.5552809839412
1379,MADS109,a,15,ADS,43.85,140.00000000000057,767.6061237307348,1197.1932316637694
1380,MADS109,a,15,ADS,45.14,102.36898978033793,661.2486634140665,1183.5245389113907
1381,MADS109,æ,15,ADS,46.73,101.73556106009585,689.6732377271902,1713.3466985714867
1382,MADS109,i,15,ADS,47.14482473909436,77.68895677516952,362.04998240218464,2619.1478068899073
1388,MADS109,i,15,ADS,57.41,90.00000000000341,406.98783969491865,2346.293509152624
1389,MADS109,i,15,ADS,59.0,79.9999999999983,398.3164826900208,2486.6579624832975
1391,MADS109,a,15,ADS,60.13,82.99214412770795,599.5810801399326,1219.7600218389011
1393,MADS109,o,15,ADS,62.68,39.99999999999915,658.5803984916877,1431.9731222941557
1394,MADS109,i,15,ADS,62.88925975579042,50.74024420957812,447.2998881899465,1592.6371185655125
1397,MADS109,u,15,ADS,72.9,111.75269523148756,396.365898760717,872.8151644289067
1398,MADS109,o,15,ADS,76.02,100.00000000000853,551.9976566192777,983.9752538465195
1399,MADS109,æ,15,ADS,77.30531957528429,114.68042471571493,740.5062031247107,1669.9387025036417
1400,MADS109,o,15,ADS,77.86,105.05091154244894,473.0924340085936,982.0095111448821
1401,MADS109,a,15,ADS,79.56,116.50322863721385,599.4982584367481,1125.7410264500054
1403,MADS109,u,15,ADS,80.87,96.38973797054007,414.91293101073717,1095.2286178473669
1404,MADS109,o,15,ADS,82.08,79.9999999999983,660.2184939538965,1485.9512986801942
1406,MADS109,e,15,ADS,83.65,109.58465820738184,610.1004970081478,1822.8906429480894
1408,MADS109,æ,6,ADS,2.969066457431208,86.3243251944592,809.8895157809958,1610.0874020286794
1409,MADS109,o,6,ADS,3.39,129.9999999999999,469.55543066945705,1079.4021803954342
1410,MADS109,e,6,ADS,4.14,137.23082782307915,580.9408503117312,1667.4112324443577
1411,MADS109,o,6,ADS,4.808895030434098,106.59746217194498,513.3727289676287,1217.0110055550222
1412,MADS109,i,6,ADS,5.69,89.38532539763067,329.3089603959872,2147.532509444802
1414,MADS109,u,6,ADS,7.733909403618088,86.09059638191229,382.4200054297871,957.9755397886972
1415,MADS109,u,6,ADS,8.0,169.99999999999994,344.64544943257266,691.2604900639268
1416,MADS109,i,6,ADS,8.59,70.00000000000028,369.1501296604164,2361.6888608642394
1417,MADS109,æ,6,ADS,11.45,130.0000000000008,959.744702120964,1710.205725503784
1421,MADS109,e,6,ADS,19.58,97.7387073513718,690.0761425093146,1965.200419011463
1422,MADS109,æ,6,ADS,19.74,176.43854595726083,871.3993725122715,1592.2750360460002
1423,MADS109,u,6,ADS,20.36728431866201,97.44185192405297,393.16599020375395,844.3852612005492
1425,MADS109,u,6,ADS,27.43,135.53372775320938,321.50746755851077,614.920502961784
1427,MADS109,e,6,ADS,31.26,127.73095082502905,767.1726697354194,1757.9637020574817
1429,MADS109,e,6,ADS,33.64,100.00000000000142,649.9934432871341,1552.368917501688
1430,MADS109,a,6,ADS,34.39942773050422,80.57226949577512,649.8803630934925,1303.9716871896653
1431,MADS109,o,6,ADS,35.02,93.2660870066897,523.6253226728397,1083.4561399393303
1432,MADS109,o,6,ADS,36.8,70.00000000000028,548.9915382938688,1084.0355343323754
1433,MADS109,æ,6,ADS,40.74,129.99999999999545,667.8443041619776,1572.1462964093353
1434,MADS109,i,6,ADS,41.37,143.47602757275268,354.89489120322924,2296.7463484474624
1435,MADS109,i,6,ADS,43.21086788025857,116.72810191318206,261.039575708828,2331.199071064433
1436,MADS109,e,6,ADS,46.54248235953198,80.18713087948726,691.045896438503,1988.865089742669
1437,MADS109,a,6,ADS,46.78,165.44806787575084,569.8049312678322,1186.9337372051302
1438,MADS109,e,6,ADS,47.76274167401716,67.25832598284143,672.3151234874756,1914.851883787475
1439,MADS109,a,6,ADS,48.09,114.27840734093309,659.0487018132067,1164.7925590016296
1440,MADS109,a,6,ADS,49.32,109.99999999999943,739.6352296247838,1212.3023592224333
1442,MADS109,i,6,ADS,51.61958369583496,107.59285915475658,366.42490164960884,2055.5486329544187
1443,MADS109,e,6,ADS,53.33,89.58728453627174,612.3261741133042,1954.3368063770254
1444,MADS109,e,6,ADS,54.33,93.13008520058474,607.0956796309699,1933.3169548524695
1445,MADS109,i,6,ADS,55.41,60.000000000002274,326.38438694142144,2464.8917182057785
1446,MADS109,i,6,ADS,55.71054505245716,59.8865914163369,337.72328180847114,2149.862944755665
1447,MADS109,a,6,ADS,56.1,103.84816141201014,627.5157204810648,1294.8011375123615
1448,MADS109,i,6,ADS,61.97,90.00000000000341,346.82952758586146,2405.4994097185026
1450,MADS109,æ,6,ADS,64.59,86.72863611528214,686.6730313476329,1664.6485231464603
1451,MADS109,a,6,ADS,64.86,79.74994160993276,715.9809220343373,1198.4951545948093
1454,MADS109,i,6,ADS,67.72,51.53868511116855,400.773668694986,1884.1467916142126
1455,MADS109,u,6,ADS,70.6,107.52452574568849,329.7657195945301,860.1171985265812
1456,MADS109,o,6,ADS,78.66,108.0486130014151,580.9444919881291,1128.0813815316174
1458,MADS109,o,6,ADS,81.97,103.69038028557043,612.0212735892189,933.760066228067
1459,MADS109,æ,6,ADS,83.5216442612121,111.03200672177138,718.7538533600944,1706.1295576233506
1460,MADS109,o,6,ADS,84.07,103.61270820071411,572.8795761189436,974.2162659155108
1461,MADS109,a,6,ADS,85.76,140.00000000000057,712.1942990313701,1180.4932998517709
1462,MADS109,e,6,ADS,86.93,89.9999999999892,602.9449932667754,1935.4905240538624
1463,MADS109,u,6,ADS,87.25,98.12519848784973,298.26673550807976,798.5355818780366
1464,MADS109,o,6,ADS,88.25,138.45715890042243,543.6075232073749,1071.3125308676197
1466,MADS109,e,6,ADS,89.88,100.00000000000853,747.7156621687009,1890.7024881184384
1467,MADS109,o,6,ADS,90.85,109.99999999999943,484.49023997534334,1099.6905954229844
1468,MADS110,æ,12,ADS,3.19,69.99999999999984,999.9096173380599,1789.8945161095937
1469,MADS110,o,12,ADS,3.586755703716642,93.24429628335818,653.428221970597,1157.3694721944967
1470,MADS110,e,12,ADS,4.49,59.99999999999961,619.9278445044934,1886.0321242686548
1471,MADS110,o,12,ADS,5.048660100656877,81.33989934312247,647.4702775948747,1314.931903078433
1472,MADS110,i,12,ADS,6.09,81.02961400473774,406.1251275783396,2587.0160531615434
1473,MADS110,u,12,ADS,7.27,140.00000000000057,489.4748830961139,799.8802671783144
1474,MADS110,u,12,ADS,8.77,99.99999999999964,429.246203022077,754.4764152779381
1475,MADS110,u,12,ADS,8.99,272.90395840165615,543.2678220336542,978.312766847822
1476,MADS110,i,12,ADS,9.62,70.00000000000028,460.47678890284215,2408.3825046841907
1477,MADS110,æ,12,ADS,12.88,80.00000000000007,884.581502155707,1591.8685793753139
1478,MADS110,u,12,ADS,14.44192059951583,112.14189367816907,436.9292613597126,783.5415118506312
1479,MADS110,e,12,ADS,20.27173758159952,55.95323172568811,873.1015728620316,1990.8240277296309
1480,MADS110,æ,12,ADS,20.38664153960763,82.93068273630055,1021.0241846213245,1723.963746580658
1481,MADS110,u,12,ADS,20.78530831565318,74.69168434682061,407.0149732159711,648.2649652808933
1482,MADS110,æ,12,ADS,25.63,100.00000000000142,929.2440882339331,1772.8007979195565
1483,MADS110,u,12,ADS,26.70485437259132,134.88725505300891,445.938692404243,901.0543622937803
1484,MADS110,u,12,ADS,27.64,149.99999999999858,470.36085374990057,902.1955091822995
1485,MADS110,e,12,ADS,29.60672390414005,73.27609585994921,700.4730826296368,1803.1634693285048
1486,MADS110,a,12,ADS,30.34,70.00000000000028,857.0061749369613,1335.4546884143879
1487,MADS110,e,12,ADS,31.47,60.000000000002274,911.0411289986489,1846.9561746793743
1488,MADS110,a,12,ADS,32.15,70.00000000000028,816.4755914951287,1374.2036661873929
1489,MADS110,o,12,ADS,32.72564583285506,57.95156143017266,675.3416290678783,1512.4112681536676
1490,MADS110,o,12,ADS,34.31,59.99999999999517,581.0350196609634,1270.4522267589518
1491,MADS110,æ,12,ADS,37.46446742149917,63.94655054364051,776.2256435271934,1731.6651145363219
1492,MADS110,i,12,ADS,37.77979918851845,60.20081148155043,387.60557868803505,2635.6104640441445
1493,MADS110,i,12,ADS,39.52150083140176,68.4991685982439,403.2737029704854,2528.044041723299
1494,MADS110,e,12,ADS,42.30072826633212,68.94237480486964,750.1623642486638,2051.3450188653
1495,MADS110,a,12,ADS,42.5,109.99999999999943,879.2020369006204,1302.6397401313034
1496,MADS110,e,12,ADS,43.29270670657169,57.951561430179765,662.6289227763125,1966.9592448452995
1497,MADS110,a,12,ADS,43.56,109.99999999999943,1012.467887463783,1464.9115313938955
1498,MADS110,a,12,ADS,44.74,100.00000000000142,1046.7148182300953,1350.5959410549133
1500,MADS110,i,12,ADS,46.58430354755851,65.69645244148603,384.3260507716958,2543.476225620368
1501,MADS110,e,12,ADS,47.93,60.000000000002274,703.6948521588486,1845.9751555466132
1502,MADS110,e,12,ADS,48.9,39.99999999999915,630.8898680868301,1749.528344962465
1503,MADS110,i,12,ADS,50.12132207699177,48.67792300823481,505.3297139881235,2205.306217130456
1504,MADS110,a,12,ADS,50.34,89.9999999999963,862.014383202736,1349.155077593691
1505,MADS110,i,12,ADS,55.54983249899804,114.9039580081066,714.6395785294683,1826.057293687262
1506,MADS110,i,12,ADS,56.86744255204975,100.91565007670056,383.0779603981772,2540.8375055601655
1507,MADS110,æ,12,ADS,58.26826992912965,56.952396577941045,842.6938251377505,1743.5409467881866
1508,MADS110,a,12,ADS,58.44112544856794,98.9173203722089,844.9930129973056,1316.3602370424992
1509,MADS110,a,12,ADS,59.37,83.83117049698541,757.5216457405893,1133.0273930828569
1510,MADS110,u,12,ADS,63.39456531729977,78.9340233273208,457.4346464253047,834.4738491554313
1511,MADS110,o,12,ADS,71.17462915639167,85.37084360833092,614.0610934250992,1157.7695589056834
1512,MADS110,u,12,ADS,71.67111795893757,70.94070450935419,531.5792555840302,1000.753505532624
1513,MADS110,o,12,ADS,74.70283580932121,69.94153965712258,679.4302936965241,990.9430702048666
1514,MADS110,æ,12,ADS,75.73759773104078,77.93485847507498,895.5380996195322,1710.3514761976821
1515,MADS110,o,12,ADS,76.1,90.00000000000341,748.1126248764327,1160.3122869596823
1516,MADS110,a,12,ADS,78.04890781785036,121.09218214963846,919.3611375840981,1314.4379772117827
1517,MADS110,u,12,ADS,79.3599280432263,96.91899066770304,562.3928116464579,1156.302313173647
1518,MADS110,o,12,ADS,80.51,109.99999999999943,667.3009998623168,1178.025619376295
1519,MADS110,a,12,ADS,81.45845912846478,110.90729859914461,799.586806861332,1380.242801924385
1520,MADS110,o,12,ADS,82.74,70.00000000000739,573.3348683313553,1265.8588684960841
1521,MADS110,æ,18,ADS,2.9,101.80868824114731,1038.1754317165035,1631.708117946245
1522,MADS110,o,18,ADS,3.198886918222578,41.113081777422344,501.024998963882,1073.2669712732957
1523,MADS110,o,18,ADS,3.438718126965702,94.59691851117391,513.9266205836863,1194.6226715085877
1525,MADS110,i,18,ADS,6.078833276574726,98.73052641141112,428.7055815916569,2636.5527028832184
1526,MADS110,u,18,ADS,7.566139623487128,123.86037651287208,409.64340412750994,731.8260326474337
1527,MADS110,u,18,ADS,8.667078734311875,72.92126568812485,412.85220507120823,835.7809398669359
1528,MADS110,u,18,ADS,8.906819811743524,251.46725123263104,440.5723874531516,876.17962202761
1529,MADS110,i,18,ADS,9.460465108135285,69.53489186471451,412.7325549662822,2420.7588545387557
1530,MADS110,æ,18,ADS,12.37,100.02430244281157,916.7985479935305,1770.9326084651345
1532,MADS110,æ,18,ADS,15.41084918478261,73.86331801883017,893.3488197780997,1743.5865866334539
1533,MADS110,u,18,ADS,15.92,111.45261373823878,501.63795038507106,854.2159287001372
1534,MADS110,e,18,ADS,18.28546643881672,94.5335611832796,725.8942048485646,1977.2771365215574
1535,MADS110,æ,18,ADS,18.42,86.22646795162936,1080.303581619278,1812.9816084392464
1536,MADS110,u,18,ADS,18.94078349114752,78.84286754817893,481.1527739709895,1024.400942936486
1537,MADS110,æ,18,ADS,23.95225858639635,101.25084043029986,895.9586918398788,1844.3205236395338
1538,MADS110,u,18,ADS,25.01882570876301,101.1742912369904,361.8912142253333,814.2138904739554
1539,MADS110,u,18,ADS,25.86044304684011,189.55695315989018,491.157410292504,834.8151283631729
1540,MADS110,e,18,ADS,28.14658561183341,90.4618164500306,621.2253717954972,1655.0674133902694
1541,MADS110,a,18,ADS,28.95583587796969,91.29174137158103,729.917870286842,1346.2736794258642
1542,MADS110,e,18,ADS,30.14267817122385,80.5027173913011,854.8040987103062,1974.6668353767218
1543,MADS110,a,18,ADS,31.21185896178863,90.4618164500306,834.4007241391315,1365.4236274452824
1544,MADS110,o,18,ADS,31.73044290676846,109.55709323154039,516.4606783662293,1033.9716241322815
1545,MADS110,o,18,ADS,33.29135302274778,78.0129426266356,668.8095118302032,1265.281441223875
1546,MADS110,æ,18,ADS,36.74294136597935,73.86331801882307,791.1482427676003,1679.9586075806933
1547,MADS110,i,18,ADS,37.12043807429399,86.31219184220384,448.4634677591146,2651.7626758191163
1548,MADS110,i,18,ADS,38.64059845640956,80.50271739130466,418.7903466086646,2771.373497472019
1549,MADS110,e,18,ADS,41.88127388222743,75.52316786193813,660.6558456895245,2041.7125188902532
1550,MADS110,e,18,ADS,43.32151648644072,81.33264231285864,596.9091671134959,2123.362919449836
1551,MADS110,a,18,ADS,43.59,119.99999999999744,918.6436019087049,1282.296318390063
1552,MADS110,a,18,ADS,45.09,109.99999999999943,999.7351815770829,1336.0102471382675
1553,MADS110,æ,18,ADS,46.87,90.00000000000341,737.2776589153013,1636.9705011707365
1554,MADS110,i,18,ADS,47.22,76.5014987668593,451.9309550868577,2423.5865457176114
1555,MADS110,e,18,ADS,48.8,93.72380658839319,663.3290408361087,1882.6341097370587
1556,MADS110,e,18,ADS,49.78,69.57096033107035,650.3444393208229,2032.0932273270507
1557,MADS110,i,18,ADS,50.82387261744126,46.830011884381406,390.83865872520664,2491.7289859178563
1558,MADS110,i,18,ADS,51.07306294822884,78.84286754818248,408.0381954758849,2575.2774514756306
1559,MADS110,a,18,ADS,51.31,91.78192234357851,778.1887574505064,1376.014605938378
1560,MADS110,i,18,ADS,55.32,78.88474899058195,404.5319936012052,2590.0636905431184
1561,MADS110,i,18,ADS,57.02992947388967,93.06077711787708,386.8182405123737,2234.4356356485487
1562,MADS110,æ,18,ADS,58.21,63.912693297936585,842.1583732052864,1797.1299659296596
1563,MADS110,a,18,ADS,58.434606398475,101.2508404302892,759.7356779559065,1251.4765073040603
1564,MADS110,a,18,ADS,59.26,72.31832698235507,717.6138160438409,1238.2066761640701
1565,MADS110,u,18,ADS,63.66262760533264,112.86978933214442,401.40492579182643,596.8531416426652
1566,MADS110,o,18,ADS,69.1922923436784,121.99896346929506,559.0562496599937,1077.5082052591001
1567,MADS110,u,18,ADS,69.81,130.7654919302763,407.10060402040006,1053.0009198833918
1568,MADS110,o,18,ADS,72.75,105.77949910181417,596.2897326903009,1068.7438185559433
1569,MADS110,æ,18,ADS,74.16281988698115,82.64119744303855,964.4269871608799,1643.9066622706414
1570,MADS110,a,18,ADS,76.50986362702086,86.09490153617116,713.7605753911625,1312.7312293814175
1571,MADS110,e,18,ADS,77.45,71.76857256961,620.047240119397,2048.244013905333
1572,MADS110,o,18,ADS,78.75920347338791,70.79652661208513,563.2315969557379,1034.414483963084
1573,MADS110,a,18,ADS,79.29593660450452,84.06339549547681,705.9425822017242,1268.008247081262
1574,MADS110,e,18,ADS,80.07,79.61057881476563,671.7831670967428,2035.342822337723
1575,MADS110,o,18,ADS,81.15063479734039,59.3652026596061,615.0455230541077,1238.339399301587
1576,MADS110,æ,6,ADS,1.84,99.99999999999987,1026.1921402248263,1655.4253385116695
1577,MADS110,o,6,ADS,2.3,100.00000000000009,609.0160920668076,1160.7679797550284
1578,MADS110,e,6,ADS,3.32,80.00000000000007,597.3918345701228,2173.0399287878963
1579,MADS110,i,6,ADS,5.027110853600938,133.40467645155485,364.25437231815454,2803.021320410872
1580,MADS110,u,6,ADS,6.49,183.11413782422648,612.636434698695,1080.6153811804213
1582,MADS110,u,6,ADS,7.726082525574467,293.9174744255322,400.0414150696809,995.4737904587093
1583,MADS110,i,6,ADS,8.34,54.99812352972455,411.44586071737507,2496.5297524261355
1584,MADS110,æ,6,ADS,10.8267501842042,103.24981579579884,1078.9114809165294,1691.3524712794676
1585,MADS110,æ,6,ADS,12.2,89.99999999999986,964.8166621166658,1530.713474417879
1586,MADS110,u,6,ADS,13.95627080894238,195.2414816535608,495.68112878683655,981.3300909298472
1587,MADS110,e,6,ADS,16.93,102.95386243452143,746.4988244832914,2228.880995139696
1588,MADS110,æ,6,ADS,17.05,99.99999999999787,1094.0444366978682,1778.99765155358
1589,MADS110,u,6,ADS,17.64,120.000000000001,421.473902184706,2239.4471451661925
1590,MADS110,æ,6,ADS,23.11,133.90786998930082,1010.513701786514,1627.9585392572753
1591,MADS110,u,6,ADS,24.09,73.29807000250099,373.3972482150007,901.9725828653383
1592,MADS110,u,6,ADS,24.94,169.99999999999815,436.83675326928187,905.2289029580772
1593,MADS110,e,6,ADS,27.03392317696625,86.07682303374986,821.2384514002761,2031.0984989139195
1594,MADS110,a,6,ADS,27.86,87.35168341162947,859.2868325662793,1331.9036488868198
1595,MADS110,e,6,ADS,29.11,70.00000000000028,950.7408988044803,1771.5485856461976
1596,MADS110,a,6,ADS,29.95,89.26120194514198,901.4906183131895,1293.4842059910352
1597,MADS110,o,6,ADS,30.74802793552009,83.4365306211815,404.0736874959512,1752.2453814162234
1598,MADS110,o,6,ADS,31.78,91.42724773408872,823.9465558657182,1225.4543222530783
1599,MADS110,æ,6,ADS,34.74,100.00000000000142,887.1515812229777,1583.0985988893553
1600,MADS110,i,6,ADS,35.22,60.000000000002274,396.9868171851293,2393.138387031492
1601,MADS110,i,6,ADS,37.09666580826371,83.33419173629153,381.0198978918516,2517.043169629012
1602,MADS110,e,6,ADS,39.79,115.36928270923141,737.546691826384,2103.614564188744
1603,MADS110,a,6,ADS,39.99,141.26718717204056,887.3075557319497,1313.7658040831834
1604,MADS110,e,6,ADS,40.79,60.000000000002274,691.4645712604267,2232.0833662328923
1605,MADS110,a,6,ADS,41.03,79.9999999999983,957.9729528098608,1327.0728731200245
1606,MADS110,a,6,ADS,42.13,99.99999999999432,792.412358809212,1353.9025640797352
1607,MADS110,æ,6,ADS,44.27185064884637,97.62074082678396,903.3845979108132,1633.8183368833654
1608,MADS110,i,6,ADS,44.63,73.21751215787486,399.7538951429924,2283.689146495701
1609,MADS110,e,6,ADS,45.86,67.43719555716154,654.8228048158803,1984.3497812442133
1610,MADS110,i,6,ADS,47.79,75.41310992650807,382.3895640030295,2536.7100064234705
1611,MADS110,i,6,ADS,48.12072889362732,50.06191837271956,387.8240418148853,2207.0774794442395
1612,MADS110,a,6,ADS,48.30820212023431,150.18575511811605,906.3507575720915,1406.116495844213
1613,MADS110,i,6,ADS,52.8,124.20569147674598,409.46575845304324,2692.4213640888606
1614,MADS110,i,6,ADS,54.11,108.01082045846755,368.2621781276895,2581.221697812214
1615,MADS110,a,6,ADS,55.87,84.5443915358004,813.320845746003,1308.7333257693444
1616,MADS110,a,6,ADS,56.93,60.000000000002274,703.3788035446031,1176.0135189673467
1617,MADS110,u,6,ADS,61.75641712619797,92.61454898951627,396.07957380527023,992.3672118995772
1618,MADS110,o,6,ADS,68.99050877835472,98.45510613300235,547.820027445303,1137.38280393639
1619,MADS110,u,6,ADS,69.41,71.34115681387243,409.1363373392553,813.5143652342425
1620,MADS110,o,6,ADS,72.61,80.93056684204214,629.4292372635248,1032.3613973720821
1621,MADS110,æ,6,ADS,74.03540329631807,124.59670368193088,1037.5681547426743,1754.316951957877
1622,MADS110,o,6,ADS,74.49,100.00000000000853,580.7673860283633,1112.6768791741504
1623,MADS110,e,6,ADS,78.07,60.000000000002274,687.35735567324,2131.9490258361852
1624,MADS110,o,6,ADS,79.26,59.99999999998806,527.7232658798831,1206.9661739589305
1625,MADS110,a,6,ADS,79.84,99.99999999999432,837.0944038805947,1297.5829166739961
1626,MADS110,e,6,ADS,80.54,99.99999999999432,735.4482778606955,2038.2309160620848
1627,MADS110,o,6,ADS,81.43,79.9999999999983,608.7787435098448,1201.2393315129277
1628,MADS111,æ,18,ADS,2.04,98.04528229087018,878.9522268326022,1448.199019647163
1629,MADS111,o,18,ADS,2.556734512586141,129.87197011389685,673.1598838904916,1321.6620068829952
1630,MADS111,e,18,ADS,3.242463861205493,137.53613879450688,623.6248431023238,1747.5092713799093
1631,MADS111,o,18,ADS,4.126950522827333,143.04947717266626,585.7108388452626,1220.5793555769242
1632,MADS111,i,18,ADS,5.171687830505833,122.57579201761004,350.5151493996782,2159.4319619862695
1633,MADS111,u,18,ADS,6.689371358453762,120.62864154623742,402.3295617095024,843.332980801378
1634,MADS111,u,18,ADS,7.578103898473382,121.89610152661778,450.56328455875183,1028.3802721847399
1635,MADS111,u,18,ADS,7.947290510145471,102.70948985452932,447.05636960582535,1039.0718569518658
1636,MADS111,i,18,ADS,8.440954571149977,109.045428850024,467.06266177061826,1985.6095472824602
1638,MADS111,æ,18,ADS,12.59913114352033,124.0350276368698,999.2366582496192,1644.5078158462004
1639,MADS111,æ,18,ADS,14.27348002458611,66.51997541388965,734.9298666923399,1401.582909100146
1640,MADS111,e,18,ADS,16.87015215232589,128.41273449464907,740.2218800902236,1347.2321631431425
1641,MADS111,æ,18,ADS,17.09633367331077,199.91527983825108,830.7147456333618,1356.652172448194
1642,MADS111,u,18,ADS,17.60219105181623,131.33120573315793,446.1573192697878,1076.628853856946
1644,MADS111,u,18,ADS,24.71965182481114,143.00509068721823,487.83834342119036,997.6565921290203
1646,MADS111,e,18,ADS,28.08,150.00000000000213,697.3148348836486,1858.7751528376054
1647,MADS111,a,18,ADS,29.2102925425323,132.7904413524088,779.919557062224,1408.064303478076
1648,MADS111,a,18,ADS,31.11,114.15217774958109,958.3339244119853,1413.9958650072758
1649,MADS111,o,18,ADS,31.84,100.00000000000142,653.6366747748576,1204.5192642537388
1651,MADS111,æ,18,ADS,36.16934993302848,141.08723666517164,708.8163715285493,1268.8829562422509
1652,MADS111,i,18,ADS,36.78584190754218,122.57579201759938,490.85229952975163,2763.1426951346425
1653,MADS111,i,18,ADS,38.97660793333647,99.2280221095001,408.266596422838,2196.388966886023
1654,MADS111,e,18,ADS,42.01904974337175,43.777068577718126,629.3662181938284,1845.8359843975952
1655,MADS111,a,18,ADS,42.21769566394266,141.54585506795314,902.7366692682547,1415.4423870049573
1656,MADS111,e,18,ADS,43.24359635217242,64.20636724732276,746.3932290811981,1328.7965825986366
1657,MADS111,a,18,ADS,43.56475992294292,157.68573509637207,721.9853730776473,1367.7845192049147
1658,MADS111,a,18,ADS,44.64,183.7341777613517,792.4763937246008,1296.7135073469824
1659,MADS111,æ,18,ADS,46.22,130.4626932184192,880.5723479485972,1535.7544994080959
1660,MADS111,i,18,ADS,46.8086626776652,72.96178096287065,428.4007490355119,2501.290471325636
1661,MADS111,e,18,ADS,48.41306082055132,119.65732077909763,710.1283800319758,2030.600700331585
1662,MADS111,e,18,ADS,49.48,90.14371021920198,687.0599844019197,1962.557390890458
1663,MADS111,i,18,ADS,50.64975528360641,50.244716393592626,474.81758927223245,2444.3523004165477
1664,MADS111,i,18,ADS,51.03353425147107,56.46574852893593,467.7394926402078,2473.6377933281215
1665,MADS111,a,18,ADS,51.30582921073361,53.991717912509785,649.3294613482393,1521.3025132333764
1666,MADS111,i,18,ADS,55.8318956621975,137.7675369789344,357.026593884225,2177.729547641174
1667,MADS111,i,18,ADS,57.58006898693969,91.29174137158458,401.73461627019054,2127.9200919473806
1668,MADS111,æ,18,ADS,58.59897384046784,112.86978933213732,866.7122702646585,1487.5185066534223
1669,MADS111,a,18,ADS,59.04010344458196,89.89655541804353,726.9718938294604,1487.1739769230678
1670,MADS111,a,18,ADS,59.9,112.74169536631007,770.9008271208113,1530.8419675152381
1671,MADS111,o,18,ADS,61.70613997528555,59.7545943523059,861.8782301362925,1333.6649519721348
1672,MADS111,i,18,ADS,61.96,58.19174579205111,478.49586970590565,1827.134643459179
1673,MADS111,u,18,ADS,65.05210142754899,91.29174137157747,437.1156726288036,933.5658575048789
1674,MADS111,o,18,ADS,71.90771417551868,91.29174137159168,628.8989418870673,1305.094974061269
1675,MADS111,u,18,ADS,72.38,144.75936265448297,446.1768942433569,774.4128454458416
1676,MADS111,o,18,ADS,75.34,140.00000000000057,598.4306041607607,1041.6666428848569
1677,MADS111,æ,18,ADS,76.87466072242644,115.339277573554,813.3773110328392,1845.7361636027892
1678,MADS111,o,18,ADS,77.49300594490444,126.99405509556527,730.7364505973081,1193.9197911875713
1679,MADS111,a,18,ADS,79.43419235234501,167.644834155098,842.977010608251,1388.0856691574088
1680,MADS111,e,18,ADS,80.45,119.0059168900035,699.1772166012196,1564.0323924233414
1681,MADS111,u,18,ADS,80.88,132.40419680931836,499.4077898970208,1013.6157376766741
1682,MADS111,o,18,ADS,82.06928578017995,79.67279246975068,684.3631312269389,1355.3419021262707
1683,MADS111,a,18,ADS,82.86117156570214,137.7675369789273,849.4596705860479,1425.0133103625699
1685,MADS111,o,18,ADS,84.56724899734705,96.271290900944,594.0814987036164,1286.768198267296
1686,MADS111,æ,6,ADS,3.83,98.23205172430471,892.3301496217629,1710.63529877527
1687,MADS111,o,6,ADS,4.37,160.00000000000014,658.5128459662787,1238.476087711115
1688,MADS111,e,6,ADS,5.29,160.00000000000014,698.0891355899404,1704.13133783655
1689,MADS111,o,6,ADS,6.16,169.99999999999994,576.2995160593282,1189.6633172908962
1690,MADS111,i,6,ADS,6.883377512721143,156.62248727885685,356.2031357162339,2241.498755066397
1691,MADS111,u,6,ADS,8.49,211.4227335832055,585.2810302586553,1125.256605534812
1692,MADS111,u,6,ADS,9.71,194.44890722147966,542.1369272249573,1181.7136513127195
1693,MADS111,u,6,ADS,10.16,180.8512561087099,531.285206884639,1111.0815575601182
1694,MADS111,i,6,ADS,10.71,109.56039949611984,409.55450326388603,2294.7298660346323
1696,MADS111,æ,6,ADS,14.95,169.99999999999994,941.3486069804135,1433.3917621901526
1697,MADS111,æ,6,ADS,16.35,139.99999999999702,817.1395029808419,1485.5876442158542
1698,MADS111,e,6,ADS,18.91,141.2638614104793,803.1332905871509,1892.0669550026987
1699,MADS111,æ,6,ADS,19.14,179.99999999999972,1030.7560383185128,1794.712402226099
1700,MADS111,u,6,ADS,19.75,160.00000000000014,412.35127235024555,997.8115280603175
1702,MADS111,u,6,ADS,26.64,137.20655252538805,511.0188017186742,1373.8388318153222
1704,MADS111,e,6,ADS,30.01244171553647,167.55828446352794,797.2537707312713,1964.8225822201848
1705,MADS111,a,6,ADS,31.15,140.00000000000057,878.3799411669311,1430.4146768584792
1706,MADS111,e,6,ADS,32.18958790142434,120.41209857566315,802.663863804827,1989.7817254538036
1707,MADS111,a,6,ADS,33.09,143.81583313505786,898.1928164373398,1347.573156406607
1708,MADS111,o,6,ADS,33.97,120.00000000000455,571.0739653268524,1142.7423981052889
1709,MADS111,o,6,ADS,35.78,117.10135014915579,606.0539324616886,1186.5279477908916
1710,MADS111,æ,6,ADS,39.69,133.82879162989525,991.1554072728578,1931.0064641147999
1711,MADS111,i,6,ADS,40.25,124.69733038918207,414.09647291691556,2727.490129270437
1712,MADS111,i,6,ADS,42.54,149.99999999999858,306.64236862726926,2565.3735437852492
1713,MADS111,e,6,ADS,45.63,80.04023712084063,789.907979763481,1926.1487714436128
1714,MADS111,a,6,ADS,45.86,130.84010915073918,824.2847115703113,1433.7460776876799
1715,MADS111,e,6,ADS,46.77,128.41616119503385,862.7013634941306,1876.9783101259904
1716,MADS111,a,6,ADS,47.14,149.99999999999858,1032.309125496095,1374.2554698882075
1717,MADS111,a,6,ADS,48.48,190.00000000000483,874.0417529601356,1381.5623595572847
1718,MADS111,æ,6,ADS,49.94,151.55503468896114,910.9679415586916,1586.3912528115866
1719,MADS111,i,6,ADS,50.51,116.32676549749021,445.8763099132764,2699.9995553924446
1720,MADS111,e,6,ADS,52.19,120.00000000000455,739.4502358775408,1736.8579406661142
1721,MADS111,e,6,ADS,53.3,105.45948488147161,665.7659300794303,2074.116275566347
1722,MADS111,i,6,ADS,54.44,72.03628166217158,473.9297521973403,2660.142326578046
1723,MADS111,i,6,ADS,54.76421960622405,67.96430023653954,450.4007690816891,2333.7078596396564
1724,MADS111,a,6,ADS,55.05,127.3710102935226,765.501225822984,1393.7619035146718
1725,MADS111,i,6,ADS,60.46,130.00000000000256,357.88503353972794,2488.1581519884385
1726,MADS111,i,6,ADS,62.17693208606852,103.06791393148274,445.13085213608906,2204.245049075179
1727,MADS111,æ,6,ADS,63.16023149274039,129.76850725961242,937.180497129715,1429.944766423975
1728,MADS111,a,6,ADS,63.52,119.99999999999744,754.5704798405689,1170.2444558478956
1729,MADS111,a,6,ADS,64.3,79.9999999999983,780.4769075527919,1399.579998405861
1730,MADS111,o,6,ADS,65.92,99.63774689539662,794.1054041131863,1256.1323762056134
1731,MADS111,i,6,ADS,66.28,75.8821796445801,539.8292496669421,2602.276133539442
1732,MADS111,u,6,ADS,69.54,149.99999999999147,411.28006223172696,796.4966940919186
1733,MADS111,o,6,ADS,76.54,171.82529849249306,640.268511450407,1225.872567170216
1734,MADS111,u,6,ADS,77.11,92.09417886528115,356.2116341748956,689.571213537609
1735,MADS111,o,6,ADS,79.98,140.00000000000057,743.5283435731483,1244.7248653513275
1736,MADS111,æ,6,ADS,81.42,120.00000000000455,777.495248761139,1271.328695428615
1737,MADS111,o,6,ADS,82.04372260763762,146.27739236237858,748.598767802282,1194.184852717317
1738,MADS111,a,6,ADS,84.1676862136999,178.8534216750861,833.6994252634212,1208.3792772298455
1739,MADS111,e,6,ADS,85.21,90.00000000000341,634.4663741944366,1930.350097337886
1740,MADS111,u,6,ADS,85.66,98.71905988157437,490.56393319862326,900.2987675621855
1741,MADS111,o,6,ADS,87.06,120.00000000000455,715.6170014057665,1190.9884087131354
1742,MADS111,a,6,ADS,87.87,157.10670917925995,740.8082442748379,1372.8037869081497
1743,MADS111,e,6,ADS,88.82,137.1051743564209,742.2243762092421,1685.178927190584
1744,MADS111,o,6,ADS,89.72,120.00000000000455,555.9208151003604,1192.998146245797
1745,MADS112,æ,12,ADS,2.7,79.17541346288593,832.349750239239,1941.7267993852086
1746,MADS112,o,12,ADS,3.125099388757646,94.90061124235405,590.0572101961272,1148.0739924873812
1747,MADS112,e,12,ADS,4.164313588527025,85.68641147297473,544.2232318412536,2033.1448090526314
1748,MADS112,o,12,ADS,6.048950422931743,89.27070330187448,665.7828896763774,1281.2926803791545
1749,MADS112,i,12,ADS,6.810563389493263,139.4366105067375,387.61373627902793,2563.570510067357
1750,MADS112,u,12,ADS,8.10126897473285,148.78450550312294,459.43238899290685,764.5496191020645
1751,MADS112,u,12,ADS,9.512952353182255,137.6256675903882,355.5480012811736,863.938187118062
1752,MADS112,u,12,ADS,9.804941945232136,215.058054767864,344.8987652632178,806.8487533340597
1753,MADS112,i,12,ADS,10.44894284645536,71.05715354463982,388.37955815820226,2384.1384820697244
1754,MADS112,æ,12,ADS,13.4,113.07750655926974,814.0205783128347,1865.7326016954357
1755,MADS112,æ,12,ADS,14.92855305692086,96.7099285770292,791.3826547731726,1563.6566772402373
1756,MADS112,æ,12,ADS,16.67657114197265,93.42885802734813,913.4981689576998,1752.708876212669
1757,MADS112,u,12,ADS,17.34238180409912,106.00896017097128,363.55015055783326,753.8861588227488
1758,MADS112,e,12,ADS,20.45244897118986,67.55102881013997,678.1972394391864,1815.664338485482
1759,MADS112,æ,12,ADS,20.55,140.00000000000057,910.2697868488381,1782.3009004926996
1760,MADS112,u,12,ADS,21.56833276246328,111.66723753671803,412.0314976531054,792.2739394568315
1761,MADS112,æ,12,ADS,28.96,99.99999999999787,778.3988340125625,1251.8154192322102
1762,MADS112,u,12,ADS,30.31545379217073,98.56973489582188,463.83608828279984,945.5297188204835
1763,MADS112,u,12,ADS,31.56246729632924,127.53270367076297,476.81550966592357,717.9340015689239
1764,MADS112,e,12,ADS,34.61,100.00000000000142,666.1709344122054,1967.2764177678823
1765,MADS112,a,12,ADS,35.74,98.06146271086646,1100.379753209243,1633.4066837016533
1766,MADS112,e,12,ADS,37.32,89.9999999999963,640.3641139461996,1517.2876961324466
1767,MADS112,a,12,ADS,38.69,140.00000000000057,1010.8673808146849,1552.5392220911745
1768,MADS112,o,12,ADS,39.53,96.37746196283103,585.6611155219945,1334.9682780945036
1769,MADS112,o,12,ADS,41.29,90.00000000000341,520.8562679250776,1057.6099875225582
1770,MADS112,æ,12,ADS,44.48302935182728,76.97064817272548,857.1596488782583,1759.0124898034064
1771,MADS112,i,12,ADS,44.92938286833665,80.61713166334528,434.16661558177714,2692.7745275982215
1772,MADS112,i,12,ADS,47.06203588821872,81.83147802670732,421.87709320783483,1946.1783522588146
1773,MADS112,e,12,ADS,50.99134328293254,106.00896017096773,788.3486542557916,2274.7703747489413
1774,MADS112,a,12,ADS,51.25,124.46338460308226,666.2900037604454,1377.4216346816943
1775,MADS112,e,12,ADS,52.43964231356091,180.35768643908767,819.863750086766,2221.770040328914
1776,MADS112,a,12,ADS,52.85437912265086,95.62087734914115,1033.8459095863825,1472.4465699229186
1777,MADS112,a,12,ADS,54.68,109.99999999999943,852.8886716617419,1274.5677760730036
1778,MADS112,æ,12,ADS,57.03634776283556,93.65223716444149,890.5999864911711,1728.4937952235418
1779,MADS112,i,12,ADS,58.04551482440592,89.27070330187092,459.374480585272,2578.3522070489867
1780,MADS112,e,12,ADS,59.79804176250895,91.95823749104903,588.5133366860018,2131.989785575811
1781,MADS112,e,12,ADS,60.96,62.95526866578882,688.0203303204795,1637.4915310008746
1782,MADS112,i,12,ADS,62.86804607866764,61.95392133236055,414.381912977572,2563.150994271228
1783,MADS112,a,12,ADS,63.16,94.88579297576649,777.0424557608482,1461.0794826887402
1784,MADS112,i,12,ADS,70.25863379762498,156.22373077826524,345.1965085640574,2481.0689591345504
1785,MADS112,i,12,ADS,72.73012545229271,89.8745477072822,402.9129066177335,2330.6092900264534
1786,MADS112,æ,12,ADS,74.62407022989835,185.92977010165157,730.1165044063539,1192.1176469587215
1787,MADS112,a,12,ADS,74.99,61.825683219822736,704.8181801202207,1244.4670516228489
1788,MADS112,a,12,ADS,76.23468032518359,85.31967481640379,834.8749039092212,1318.8198283253664
1789,MADS112,o,12,ADS,78.19,53.00764719821416,632.3010065231572,1235.3270758425842
1790,MADS112,u,12,ADS,82.0445510568985,105.4489431015071,381.25854716585417,897.7673196462702
1791,MADS112,o,12,ADS,91.61607420075178,102.28934753340013,600.6496804751497,1237.6652908251144
1792,MADS112,u,12,ADS,91.98,104.7453930866169,429.97037698326056,818.4403171546255
1793,MADS112,o,12,ADS,95.35,80.0000000000125,573.2669026229929,1130.3658250036606
1794,MADS112,æ,12,ADS,96.89425800311686,165.74199688314195,901.2053012379318,1474.7052811656
1795,MADS112,o,12,ADS,97.43,89.9999999999892,761.1495419798463,1426.1886780855907
1796,MADS112,a,12,ADS,99.54,89.9999999999892,779.0696727019953,1275.239280638366
1797,MADS112,e,12,ADS,101.09,69.99999999999318,628.950152819383,2023.1996922463056
1798,MADS112,u,12,ADS,101.45,122.71345953659818,437.35149660018806,971.6677282406654
1799,MADS112,o,12,ADS,103.2980599839969,71.9400160031114,619.3717935628287,1327.9502747626714
1800,MADS112,a,12,ADS,103.92,91.44528160520338,657.8386087471101,1260.9543996568855
1801,MADS112,e,12,ADS,104.99,79.9999999999983,732.2689752996478,1765.7183173603341
1802,MADS112,o,12,ADS,106.1631228087158,86.87719128420213,573.0097840211286,1188.0888416435528
1803,MADS112,æ,18,ADS,2.45,99.1758180188258,827.499971134494,1730.1999056505815
1804,MADS112,o,18,ADS,2.724603667077544,48.96557037203087,650.168747647923,1185.1707023538313
1805,MADS112,o,18,ADS,3.018710779919319,109.55008964589919,645.152512875235,1312.8491830300873
1806,MADS112,e,18,ADS,3.972520100291346,167.64483415508823,694.2618884068263,2127.856051781859
1807,MADS112,o,18,ADS,4.729209085051543,100.42091550874055,624.1030010559496,1405.2387630902113
1808,MADS112,i,18,ADS,5.933900717167182,129.46828776333507,392.4970588313786,2502.0040540305176
1809,MADS112,u,18,ADS,7.63,216.52201927385929,348.55897104047176,1188.7902499250536
1810,MADS112,u,18,ADS,8.782439068803228,107.56093119677246,403.0663816135977,1006.1936226739665
1811,MADS112,u,18,ADS,9.082871890407889,212.46077991931855,406.9196004548344,989.5981583707824
1812,MADS112,i,18,ADS,9.732885757507852,144.40693635141423,451.15674917330546,2625.0889773919816
1813,MADS112,æ,18,ADS,13.05369733303456,129.4682877633413,841.7547265776567,1896.0886158353112
1814,MADS112,æ,18,ADS,14.57357715150163,79.67279246975068,832.2369076730153,1814.1007115404352
1815,MADS112,æ,18,ADS,16.33731454504715,95.44136597937936,822.2627089510112,1723.1023830740533
1816,MADS112,u,18,ADS,16.94,129.81461508300995,343.4802375857829,801.9861479833646
1817,MADS112,e,18,ADS,19.31868486665184,71.37354325415046,737.6453588611797,1929.8343533730472
1818,MADS112,æ,18,ADS,19.47139105221885,144.39958258629204,990.6407978843889,1806.1427718297405
1819,MADS112,u,18,ADS,20.52972062696113,86.31219184222161,441.1707984617032,901.9063329627737
1820,MADS112,æ,18,ADS,27.3935372310625,154.36603541013127,910.004778661737,1847.8589464361803
1821,MADS112,u,18,ADS,28.88634580905444,136.10768713580867,431.44633877635766,908.0162383666792
1822,MADS112,u,18,ADS,29.92124033505176,168.75966494824013,420.7746841958642,838.4937333264047
1823,MADS112,e,18,ADS,32.81581807894252,121.16903854774108,766.1849143818794,1912.17448000194
1824,MADS112,a,18,ADS,33.9256103525866,83.822417077549,999.9127811426528,1582.2601516480784
1825,MADS112,e,18,ADS,35.46868303580035,82.16256723441973,857.9257450501801,1995.8644973260818
1826,MADS112,a,18,ADS,37.06294226652637,87.97204168534734,827.2683731247423,1377.3061141680334
1827,MADS112,o,18,ADS,38.06265434911262,90.46181645002349,603.8248990454613,1171.9436526591464
1828,MADS112,o,18,ADS,39.79306174770061,76.35309278350633,606.5310403746786,1320.4567202961894
1829,MADS112,æ,18,ADS,44.14817429532478,90.46181645002349,817.0193362456541,1830.9057949864023
1830,MADS112,i,18,ADS,44.64580561255919,70.54361833259293,395.9537208224415,2508.8043794810355
1831,MADS112,i,18,ADS,46.97967761502439,90.46181645001639,361.39958680893625,2739.3487526002227
1832,MADS112,e,18,ADS,51.87700910874891,98.76106566563436,686.9152078793984,2332.6076504508455
1833,MADS112,a,18,ADS,52.16416313160863,125.42784905871684,734.5389999870691,1415.2072219362976
1834,MADS112,e,18,ADS,54.07103280888331,77.18301770506741,686.836243276952,2284.9270452523106
1835,MADS112,a,18,ADS,54.42655436592052,138.5974619004955,1074.441224353302,1427.5921141571844
1836,MADS112,a,18,ADS,55.81,99.99999999999432,910.7243045223289,1287.1812517248813
1837,MADS112,æ,18,ADS,58.21,85.17599019197775,852.203268113171,1771.0507564311793
1838,MADS112,i,18,ADS,58.6853498892283,60.58451927387409,439.18215957022284,2605.2067302035316
1839,MADS112,e,18,ADS,61.31617820332498,108.72016472433899,698.0033954525315,2129.9448192556297
1840,MADS112,u,18,ADS,61.64514216287227,95.44136597939001,441.2687586085131,967.4084958487657
1841,MADS112,e,18,ADS,62.76,93.79082098520541,659.4991604819048,2065.550729943366
1842,MADS112,i,18,ADS,64.21361412051449,49.79549529359417,474.568828803028,2500.470908289125
1843,MADS112,i,18,ADS,64.50316259933567,58.09474450919083,371.04431188585187,2363.4001261956623
1844,MADS112,a,18,ADS,64.81656249007972,89.63189152846951,800.3996704526678,1468.6683593023806
1845,MADS112,i,18,ADS,71.37522501529232,111.20993948902935,342.1746342887257,2676.7930221389392
1846,MADS112,i,18,ADS,73.35,120.66357983728437,440.65592791998404,2909.4621944992077
1847,MADS112,æ,18,ADS,75.09928723514874,74.69324294039836,841.5196130159813,1787.8492512434711
1848,MADS112,a,18,ADS,75.36600682557905,110.38001456746827,809.4650405374935,1333.34539665616
1849,MADS112,a,18,ADS,76.42457757375992,111.68684866652256,760.1316588605838,1362.194970064572
1850,MADS112,o,18,ADS,78.23156998887637,64.73414388167953,396.45358097633056,1206.1429762565851
1851,MADS112,i,18,ADS,78.4553713601785,41.08128361721697,476.0569186781356,1919.2381581640561
1852,MADS112,u,18,ADS,82.47838188656786,131.12813760646702,378.1972125594704,831.0833723063902
1853,MADS112,o,18,ADS,91.0223806190408,99.59098820675649,685.633025906134,1303.4895745715326
1854,MADS112,u,18,ADS,91.4499011317189,110.38001192915203,435.70184577486833,837.064789634138
1855,MADS112,æ,18,ADS,96.82375322311324,147.72663250667506,851.8573409346034,1858.237947704901
1856,MADS112,o,18,ADS,97.37130112172342,120.33911074983905,754.1945724843004,1206.1819417112342
1857,MADS112,a,18,ADS,99.84661697566877,140.25730839119888,763.0084518629006,1322.8500939331473
1858,MADS112,e,18,ADS,101.3430093538746,112.86978663429181,641.5484512074322,1936.3299581457472
1859,MADS112,u,18,ADS,101.7667892538373,97.1012135016025,400.67751365221346,881.2133622742831
1860,MADS112,o,18,ADS,103.7458338191828,65.56406723609598,605.1670164101074,1342.4734595259597
1861,MADS112,a,18,ADS,104.4667149326471,121.99896055321346,735.5515976796695,1324.0568902379762
1862,MADS112,e,18,ADS,105.6438145322166,101.25083801020196,681.4323956857929,2059.921736945259
1863,MADS112,o,18,ADS,106.6638657207792,79.67279056539667,576.5764055713988,1203.4552026414967
1864,MADS112,æ,6,ADS,6.21,107.20231911122191,954.092177791752,1710.2468933782015
1865,MADS112,o,6,ADS,6.68,147.2785622293511,633.9379873522147,1274.739175319464
1866,MADS112,e,6,ADS,7.67,149.4778928291103,699.7934253027383,1924.8176352548378
1867,MADS112,o,6,ADS,8.42,121.80779207508863,531.8333234372092,1229.7874144730565
1868,MADS112,i,6,ADS,9.049792035742197,120.20796425780311,406.9216173288353,1960.081414781604
1869,MADS112,u,6,ADS,10.59,154.47570066953097,377.27953587314295,851.8990538566891
1870,MADS112,u,6,ADS,11.72,139.9999999999988,374.482825044606,824.6644078864141
1871,MADS112,u,6,ADS,11.98,220.13279466649038,457.22679541529453,874.1807314376459
1872,MADS112,i,6,ADS,12.58,80.24497396822028,424.25311777372,2414.7899140281233
1873,MADS112,æ,6,ADS,15.25,147.87342147774928,843.0407441147323,1862.975638520709
1874,MADS112,æ,6,ADS,16.95327141292389,116.81888599276036,885.2589648199925,1834.6022426524182
1875,MADS112,æ,6,ADS,18.78702896193996,92.97103806003904,849.1851032757394,1748.2912734530937
1876,MADS112,u,6,ADS,19.2610851681742,135.2155609522505,383.421744755297,1401.622630374143
1877,MADS112,e,6,ADS,21.52,122.90079310031032,649.4867388078109,1592.2299076206425
1878,MADS112,æ,6,ADS,21.69,129.999999999999,970.0063493833653,1854.3704208374213
1879,MADS112,u,6,ADS,22.33,145.1711799645814,413.7824361083273,790.322188418841
1880,MADS112,æ,6,ADS,28.28,134.67546858570856,752.1516977728012,1530.413604149983
1881,MADS112,u,6,ADS,29.51,149.99999999999858,392.1818933365769,710.0138344471284
1882,MADS112,u,6,ADS,30.48,157.29475334072873,320.3995859037188,687.5846986354198
1883,MADS112,e,6,ADS,32.92,109.99999999999943,601.1828684132726,1386.063880334614
1884,MADS112,a,6,ADS,33.87,99.20897894415504,999.1779309153783,1370.5508248249694
1885,MADS112,e,6,ADS,35.07,89.9999999999963,736.580130962175,1772.519133018987
1886,MADS112,a,6,ADS,35.95,109.99999999999943,1044.2310754774683,1407.05953562833
1887,MADS112,o,6,ADS,37.2,79.9999999999983,649.0132706622061,1252.9538920815216
1888,MADS112,o,6,ADS,38.64,79.9999999999983,679.3621777634611,1154.3209367117274
1889,MADS112,æ,6,ADS,41.3,109.99999999999943,807.2379781702883,1739.0594624362056
1890,MADS112,i,6,ADS,41.74,109.99999999999943,427.2545865277997,2021.0786120768898
1891,MADS112,i,6,ADS,43.42,100.00000000000142,391.01303655986965,2724.6286917214525
1892,MADS112,e,6,ADS,47.84038181516852,89.61818483147965,678.5023889119745,1811.3150543727902
1893,MADS112,a,6,ADS,48.07,137.39548061035123,647.6473624897363,1389.925998551647
1894,MADS112,e,6,ADS,49.33448469639681,85.51530360319504,850.7003436299483,2316.0392712578514
1895,MADS112,a,6,ADS,49.65,100.00000000000142,903.2988570329595,1217.3095300747457
1896,MADS112,a,6,ADS,51.17,89.9999999999963,1132.124175428562,1596.73018572404
1897,MADS112,æ,6,ADS,52.69,120.00000000000455,867.3451824512488,1900.944848165826
1898,MADS112,i,6,ADS,53.11,90.00000000000341,402.6834741976766,1746.6547949048233
1899,MADS112,e,6,ADS,54.99,97.67790401701149,646.3232741174006,2337.2486754716556
1900,MADS112,e,6,ADS,56.0,83.76819209303221,601.6477317103393,1892.0077876336954
1901,MADS112,i,6,ADS,57.35,64.32789636547653,430.0023871679983,2475.535704420319
1902,MADS112,i,6,ADS,57.64,86.15153692883837,402.59729602739935,2573.9868536915956
1903,MADS112,a,6,ADS,57.94,109.99999999999943,733.0126342608594,1420.5218400913332
1904,MADS112,i,6,ADS,63.51,90.00000000000341,450.2865913367858,2702.784597845941
1905,MADS112,i,6,ADS,65.06497512126614,105.02487873385746,434.17493894342675,2712.414985647621
1906,MADS112,æ,6,ADS,66.43188861331892,98.11138668108299,762.0869795988654,1643.920009376706
1907,MADS112,a,6,ADS,66.69,113.50144750062441,675.5188498472387,1333.0995591565747
1908,MADS112,a,6,ADS,67.82,107.36720760372975,804.9190362631248,1261.020044138818
1909,MADS112,o,6,ADS,69.59868864359547,60.70902736631467,614.8411934614209,1284.5937743149038
1910,MADS112,i,6,ADS,69.83,54.756939215536704,443.7814380879593,2059.1756420981774
1911,MADS112,u,6,ADS,73.04,129.99999999999545,386.7782933260433,851.2748110688345
1912,MADS112,o,6,ADS,80.6804863276386,81.86520356973404,637.3085863083527,1312.9585102269834
1913,MADS112,u,6,ADS,81.05,100.00000000000853,404.188983654174,931.2171356705265
1914,MADS112,o,6,ADS,84.39,99.99999999999432,606.6168092766354,1011.91187109406
1915,MADS112,æ,6,ADS,86.4927034909729,120.49822098465768,948.6857024447694,1759.157402689978
1916,MADS112,o,6,ADS,87.01,119.99999999999034,395.8908104348358,1269.7410845001798
1917,MADS112,a,6,ADS,89.19468636196561,128.7767247164311,674.4274331203262,1339.4071058456123
1918,MADS112,e,6,ADS,90.89,105.15898304088012,673.9728156516034,1837.9217542953284
1919,MADS112,u,6,ADS,91.2861031716567,119.57838723670022,400.03107495878146,824.7096809691695
1920,MADS112,u,6,ADS,92.9,80.0623081504881,543.9752069176182,1202.7952727737597
1921,MADS112,a,6,ADS,93.56,120.00000000000455,799.594563513555,1301.905921680449
1922,MADS112,e,6,ADS,94.51,97.10152069645517,673.0264100566144,1648.57777344313
1923,MADS112,o,6,ADS,95.51,109.99999999999943,639.3578009584799,1350.0924217819595
1924,MADS112,æ,9,ADS,2.866800832097902,66.83192045265196,920.6993323416098,1836.228905492042
1925,MADS112,o,9,ADS,3.332279295601458,87.72070439854174,658.3512049567071,1267.260102058075
1926,MADS112,e,9,ADS,4.16,139.9999999999997,672.0571235110153,2056.3224047684726
1927,MADS112,o,9,ADS,4.86,129.9999999999999,596.1816007084808,1225.5113268568825
1928,MADS112,i,9,ADS,6.53,139.9999999999997,449.18304386291567,2714.4827681234915
1929,MADS112,u,9,ADS,7.962661799841626,187.33820015837478,408.1883702974575,884.6117592861194
1930,MADS112,u,9,ADS,8.706811555635383,163.1884443646161,460.7383285092418,752.8962566480395
1931,MADS112,u,9,ADS,9.03,190.00000000000128,494.3115371690851,1007.5053028086273
1932,MADS112,i,9,ADS,9.74,80.00000000000007,414.98372089832463,2542.993161135702
1933,MADS112,i,9,ADS,12.23805770556284,68.00441028516069,377.1581750688004,2783.466264751569
1934,MADS112,æ,9,ADS,12.56,129.999999999999,955.776881766446,1663.6922900322631
1935,MADS112,æ,9,ADS,14.0,109.99999999999943,871.0418533976077,1597.6937451053395
1936,MADS112,æ,9,ADS,15.80246114792638,107.53885207362046,962.1067556559487,1730.7348112862244
1937,MADS112,u,9,ADS,16.92969322708173,107.86906459024692,396.28246489607795,964.5488712216752
1938,MADS112,e,9,ADS,18.36,120.000000000001,754.6693013822305,2175.710208276927
1939,MADS112,æ,9,ADS,18.54422890221561,134.836330737798,1076.859443018637,1813.6293647046323
1940,MADS112,u,9,ADS,19.35,139.99999999999702,373.73159713033476,799.1444094717571
1941,MADS112,æ,9,ADS,24.93,149.99999999999858,990.3345895944178,1853.3632701029023
1942,MADS112,u,9,ADS,26.22339141798822,126.60858201178016,479.3395741534923,859.352183692055
1943,MADS112,u,9,ADS,27.18,149.99999999999858,506.80778310638306,956.0773616255452
1944,MADS112,e,9,ADS,30.07881757892279,111.18242107720988,952.954121821383,2088.2784605238758
1945,MADS112,a,9,ADS,31.08,80.00000000000185,803.7821062991884,1363.3345183636097
1946,MADS112,e,9,ADS,32.57,79.9999999999983,955.1557228054779,2044.1985673448235
1947,MADS112,a,9,ADS,33.88,129.99999999999545,1042.250017092259,1560.2800602541215
1948,MADS112,o,9,ADS,34.83007572828612,103.17910526023155,723.6764097259817,1280.7006999384694
1949,MADS112,o,9,ADS,36.65,89.40255685818954,771.4375285368658,1297.4000973252787
1950,MADS112,æ,9,ADS,40.10756915295169,122.43084704830665,877.0206073903746,1426.574147415292
1951,MADS112,i,9,ADS,40.55340456055052,96.59543944948012,473.1836559346481,2656.7840323761798
1952,MADS112,i,9,ADS,42.70828369485488,93.79918660022213,435.61971400582433,2623.4500430150465
1953,MADS112,e,9,ADS,46.60939865337895,90.60134662104957,741.3973763130762,2386.213227373503
1954,MADS112,a,9,ADS,46.86,90.00000000000341,826.9102724039902,1361.6885307943778
1955,MADS112,e,9,ADS,48.22862428784285,94.97167643272064,739.2059855667192,2310.947076629667
1956,MADS112,a,9,ADS,48.55163180901749,85.5917577726899,953.2001502500233,1210.5560929789035
1957,MADS112,a,9,ADS,49.9,109.99999999999943,1155.4141384723564,1430.4079290931556
1958,MADS112,æ,9,ADS,51.79,111.07114840986299,888.6405084989675,1722.2829565532809
1959,MADS112,i,9,ADS,52.31876680002865,81.2331999713507,454.82576097812614,2690.4406726157963
1960,MADS112,e,9,ADS,54.23,97.7169584852362,641.8079018538153,2319.2821917247115
1961,MADS112,e,9,ADS,55.38,85.39797901698876,790.6272335672886,2201.21919141657
1962,MADS112,i,9,ADS,56.91,50.00000000000426,399.7871285353496,2232.013111800668
1963,MADS112,i,9,ADS,57.25118805619341,70.34938995015949,437.556308205108,2610.274959046425
1964,MADS112,a,9,ADS,57.58,114.67848412723924,844.2801875369764,1477.932588210756
1965,MADS112,i,9,ADS,63.43,109.99999999999943,435.41280227803577,2621.4950358259084
1966,MADS112,i,9,ADS,65.39,140.00000000000057,405.9416217959169,2902.451362389677
1967,MADS112,æ,9,ADS,67.04,169.9999999999875,912.1951867627268,1434.202732442859
1968,MADS112,a,9,ADS,67.48,99.99999999999432,782.3623374754833,1277.6713927085875
1969,MADS112,a,9,ADS,68.39,125.29173933722859,822.2964791011452,1308.6233113894416
1970,MADS112,o,9,ADS,70.38791695061597,55.10702212762908,736.8838429803726,1353.5020211097249
1971,MADS112,i,9,ADS,70.61,40.55467309656535,456.47388418772437,1876.9552561067244
1972,MADS112,u,9,ADS,73.94,129.99999999999545,390.83096631974286,754.4990216405511
1973,MADS112,o,9,ADS,83.03819861228534,111.80138771466375,645.6810283448476,1275.2787426965397
1974,MADS112,u,9,ADS,83.43,119.99999999999034,438.68556966753454,855.3229545798931
1975,MADS112,o,9,ADS,87.09980863012711,80.19136987289244,819.6547403008311,1068.4899896388713
1976,MADS112,æ,9,ADS,88.89927324574748,129.95388392603502,896.0926899100025,1684.6651317375283
1977,MADS112,o,9,ADS,89.55199439692251,108.00560307748697,699.5700755463064,1042.3636784659466
1978,MADS112,a,9,ADS,91.86,120.00000000000455,820.1088182683784,1339.1391164072381
1979,MADS112,e,9,ADS,93.64,90.00000000000341,699.2564890152814,1819.8853178984962
1980,MADS112,u,9,ADS,94.07775130842604,118.24632681555158,362.1334958242479,860.0470573087401
1981,MADS112,o,9,ADS,95.62997247134288,70.02752865712125,675.9345687625436,1286.940602721826
1982,MADS112,a,9,ADS,96.35712079909712,112.8792009028814,754.666082356555,1361.8645517106993
1983,MADS112,e,9,ADS,97.3,90.00000000000341,773.7191242960382,1913.2983140262404
1984,MADS112,o,9,ADS,98.51417116023124,125.82883976875792,634.032542271193,1303.9146218090498
1985,MADS113,æ,6,ADS,3.85,69.99999999999984,874.8910064264876,1591.2716837430303
1986,MADS113,o,6,ADS,4.33,150.00000000000034,556.4177413494501,1198.915990943009
1987,MADS113,e,6,ADS,5.13,94.41833454822745,613.6561039128039,2293.6860143541403
1988,MADS113,o,6,ADS,5.85,120.00000000000011,438.99399052766785,1093.391201282196
1989,MADS113,i,6,ADS,6.9,103.68407917253464,405.8238650483918,2788.6206361449554
1990,MADS113,u,6,ADS,8.65,149.82174151367468,388.40592224381135,872.0498311634337
1991,MADS113,u,6,ADS,9.29,171.44758861222797,324.3262549157646,940.1893959260547
1992,MADS113,u,6,ADS,9.68,148.63224576534506,615.351320711888,1124.4630620429748
1993,MADS113,i,6,ADS,10.19,110.00000000000121,307.8601686898056,1885.7846537247594
1994,MADS113,æ,6,ADS,13.73,90.20340601055032,741.8458188482475,1299.9401360060356
1995,MADS113,æ,6,ADS,15.6789911000838,151.00889991619937,1017.3751057987855,1456.1544020520957
1996,MADS113,æ,6,ADS,17.46433655377566,105.66344622434087,1007.9099648900989,1761.3085871290345
1997,MADS113,e,6,ADS,19.89,163.60876740850117,458.91313644655713,1472.8482840539266
1998,MADS113,æ,6,ADS,20.15,166.1363103303124,949.8655908191374,1601.3099542334571
1999,MADS113,u,6,ADS,20.85,129.999999999999,374.2864471166112,1022.199717093739
2000,MADS113,æ,6,ADS,27.4475612054989,152.43879450110143,963.2890423024947,1704.876998796269
2001,MADS113,u,6,ADS,29.11,106.12954416606968,422.9628029953266,897.7810455197626
2002,MADS113,u,6,ADS,30.17,189.99999999999773,511.7635901922313,1195.329219783169
2003,MADS113,e,6,ADS,32.97030832627183,114.18484208867596,566.0117221166649,1783.3066572694788
2005,MADS113,e,6,ADS,35.66,120.00000000000455,885.5788432360093,1919.0630944007853
2006,MADS113,a,6,ADS,36.75,130.00000000000256,889.9993492650636,1271.972593590837
2007,MADS113,o,6,ADS,37.61,90.00000000000341,547.2453965022851,1129.8214481265684
2008,MADS113,o,6,ADS,39.66,100.00000000000142,444.97727842351185,1058.5593989403822
2009,MADS113,æ,6,ADS,43.27,109.99999999999943,896.4006867326698,1198.0696452318577
2010,MADS113,i,6,ADS,44.18555524899588,84.44475100412063,374.4398973107983,2711.2370437767486
2011,MADS113,i,6,ADS,46.23514846289681,144.8515371031931,308.50810973936035,1787.6681874973945
2012,MADS113,e,6,ADS,49.96,100.00000000000142,450.75432354253405,2523.871876745805
2013,MADS113,a,6,ADS,50.31,125.34266264626126,905.6659586466263,1357.6152966194293
2014,MADS113,e,6,ADS,51.25797945471607,82.02054528393177,514.2800972469233,2471.6837495632253
2015,MADS113,a,6,ADS,51.57,119.99999999999744,945.8811730202189,1397.7861887086797
2016,MADS113,a,6,ADS,52.83,79.9999999999983,1029.3283041771124,1603.2439771681488
2017,MADS113,æ,6,ADS,55.17,119.99999999999744,898.3564759456846,1557.139329793717
2018,MADS113,i,6,ADS,55.89,79.9999999999983,356.23450947928654,2547.1392390628234
2019,MADS113,e,6,ADS,57.41,119.70842736052134,666.8863188708207,2395.6347330583135
2020,MADS113,e,6,ADS,58.35,113.13513223680616,513.2122471045067,2315.282930570497
2021,MADS113,i,6,ADS,59.31,72.6329042908489,301.7992863683608,2396.2076581509255
2022,MADS113,i,6,ADS,59.62856948725106,41.96536931463868,400.55931495104153,2423.1196550298023
2023,MADS113,a,6,ADS,59.91,157.71541206906647,917.2670443501278,1440.3491182092785
2024,MADS113,i,6,ADS,65.50065720074667,109.34279925332646,348.1733361098459,2172.248977228386
2025,MADS113,i,6,ADS,67.38,79.97417762619818,371.91067449616935,2249.2633044845115
2026,MADS113,æ,6,ADS,68.33459393233252,95.40606766748283,821.0872174159688,1362.4581234439715
2027,MADS113,a,6,ADS,68.62,89.9999999999892,683.3604568948052,1196.0329758745631
2028,MADS113,a,6,ADS,69.27,70.00000000000739,726.3960184333002,1303.5503218497056
2029,MADS113,o,6,ADS,71.29,80.30696324300379,657.782429118685,1188.3183505497989
2030,MADS113,u,6,ADS,74.57,158.5620864219237,442.5803869646153,1767.6203030668148
2031,MADS113,o,6,ADS,81.94,138.87065109518915,510.1526849783622,1036.1434543263488
2032,MADS113,u,6,ADS,82.38,75.79952803027368,407.0775991975043,888.4814897108321
2033,MADS113,o,6,ADS,85.1,109.99999999999943,629.6008638998387,1469.0465351571002
2034,MADS113,æ,6,ADS,86.75036745936477,129.6325406352281,974.4434048208791,1942.1616103986034
2035,MADS113,o,6,ADS,87.38,100.00000000000853,599.1790671822448,1149.211580509754
2036,MADS113,a,6,ADS,89.07,160.0000000000108,870.9767511327477,1430.1532338334684
2037,MADS113,e,6,ADS,90.65,179.9999999999926,633.3843448543112,2475.110314706507
2038,MADS113,u,6,ADS,91.55,100.98960660062062,776.9885295165909,1513.2169809225195
2039,MADS113,o,6,ADS,92.5,140.00000000000057,384.12572716140477,1317.8968762730121
2040,MADS113,a,6,ADS,93.28922650338984,140.7734966101657,633.2300076248763,1242.8326787398714
2041,MADS113,e,6,ADS,94.12,149.99999999999147,622.8407346649185,2275.028999446721
2042,MADS113,o,6,ADS,95.36,70.00000000000739,495.245500162344,1315.8064476283832
2043,MADS114,æ,12,ADS,2.35,67.77066042300773,887.5314569995472,1738.2309454557615
2044,MADS114,o,12,ADS,2.824174456157412,117.38093282792094,647.1736553894134,1220.3538082526704
2045,MADS114,e,12,ADS,3.673365970610438,94.12621972050329,626.3345163124869,1905.167308928406
2046,MADS114,o,12,ADS,4.486580698851052,121.81040199123939,528.571280732682,1094.4593664908061
2047,MADS114,i,12,ADS,5.58,99.99999999999964,357.82479990463634,1830.6025276184073
2048,MADS114,u,12,ADS,7.21,129.9999999999999,352.0884142327837,694.7588330277397
2049,MADS114,u,12,ADS,8.2,120.000000000001,407.9363527951217,848.5235558700081
2050,MADS114,u,12,ADS,8.541128375785451,218.87162421454855,427.46050266773034,705.8742577192269
2051,MADS114,i,12,ADS,9.27,80.00000000000007,470.14321213779976,1960.2030376454259
2052,MADS114,æ,12,ADS,12.26,130.0000000000008,820.017434433428,1644.5077831009664
2053,MADS114,æ,12,ADS,13.5,109.99999999999943,756.6866253834085,1574.1439932009225
2054,MADS114,æ,12,ADS,15.15,99.99999999999964,739.7481510713694,1713.973620593263
2055,MADS114,u,12,ADS,15.68803910494868,138.42091135367872,544.3536508748305,2022.1250122126357
2056,MADS114,e,12,ADS,17.76000659926643,59.99340073357118,525.6414870365866,1749.8654890925477
2057,MADS114,æ,12,ADS,17.94493693683495,155.06306316505203,856.9574637634312,1680.4897159354919
2058,MADS114,u,12,ADS,18.67205025702861,101.87779075630132,387.5901618545378,668.4475242463695
2059,MADS114,æ,12,ADS,25.22000372961747,109.99627038252768,749.6589674543112,1561.2126239841332
2060,MADS114,u,12,ADS,26.67160305028171,97.44832159298866,468.93454694326385,959.563252001301
2062,MADS114,e,12,ADS,30.83870050247842,131.299497521578,722.5695510054019,1690.6448094241193
2063,MADS114,a,12,ADS,31.93,117.2146036964179,831.6406602880128,1354.4369411298092
2064,MADS114,e,12,ADS,33.47667202691364,123.32797308636145,785.6597775401511,1600.2284198112939
2065,MADS114,a,12,ADS,34.74921803516825,68.6567720314244,715.4899377345077,1369.4869490441338
2066,MADS114,o,12,ADS,35.59267186896601,80.83781223055553,616.0785034709172,1381.9055689869504
2067,MADS114,o,12,ADS,37.54185549013572,71.978873903916,555.1300987547462,1437.794486999071
2068,MADS114,æ,12,ADS,41.58643141308296,98.55568888382038,846.6331912203503,1781.8017258955483
2069,MADS114,i,12,ADS,42.14897944519392,101.02055480607675,364.0722882808531,2196.1783411736556
2070,MADS114,i,12,ADS,44.08158875521949,98.41124478050745,364.2020714384647,1985.7369321027286
2071,MADS114,e,12,ADS,47.71589774765398,88.58938326634558,643.2018761315039,1664.8605018936414
2072,MADS114,a,12,ADS,48.00049114139714,99.50885860286007,744.3268919737827,1334.2243193017403
2073,MADS114,e,12,ADS,49.36830693488139,111.6930651186081,780.7319963929408,1842.628937453424
2074,MADS114,a,12,ADS,49.76,140.00000000000057,661.8814953556495,1109.0693380370888
2075,MADS114,a,12,ADS,51.04,170.0000000000017,934.2128143975706,1312.6935407044007
2076,MADS114,æ,12,ADS,53.21402538194855,115.97461805144604,777.4744108691066,1599.978659771335
2077,MADS114,i,12,ADS,53.74922397212393,90.77602787607475,382.22241963576175,1902.2306265055724
2078,MADS114,e,12,ADS,55.47304025050071,126.95974949929223,507.2889427993975,1748.005857426928
2079,MADS114,e,12,ADS,56.75481068726587,111.67945039101568,563.2771383184688,1978.7679564233524
2080,MADS114,i,12,ADS,58.27,49.99999999999716,443.3032515134436,2291.9844028050534
2081,MADS114,i,12,ADS,58.63936531716536,60.634682834646014,369.995129919532,2240.2628629977016
2082,MADS114,a,12,ADS,58.95889507789717,111.1049221028324,781.2278143158607,1310.5840080385528
2083,MADS114,i,12,ADS,65.0082292791266,131.77670760869375,386.8920852335787,2764.8945413792167
2084,MADS114,i,12,ADS,67.09633864633776,114.05883095544311,360.5194572195527,2173.703639027936
2085,MADS114,æ,12,ADS,68.51660239089331,117.3809328279134,773.1658568265179,1588.43840754522
2086,MADS114,a,12,ADS,68.82,70.00000000000739,741.9557106344995,1274.0355573630497
2087,MADS114,a,12,ADS,70.10716365581719,72.83634418281792,690.1578514359658,1247.4488520896743
2088,MADS114,o,12,ADS,72.28,99.99999999999432,515.0980485668324,1130.5364238846446
2089,MADS114,u,12,ADS,76.3565911479819,126.23987115456714,387.99659347425586,821.84003835745
2090,MADS114,o,12,ADS,85.83731833515604,112.68166484396147,608.208735909152,1276.756494725699
2091,MADS114,u,12,ADS,86.32,110.00000000001364,397.9312500655875,1030.0850192239973
2092,MADS114,o,12,ADS,89.98,99.99999999999432,525.1694037775441,1015.9255448499277
2093,MADS114,æ,12,ADS,91.85,90.20785474744741,673.7170184859451,1541.4192250181645
2094,MADS114,o,12,ADS,92.45,119.99999999999034,601.8722938104324,1029.7466487566403
2095,MADS114,a,12,ADS,94.93,152.94346796959246,744.8558347735261,1343.6948420212366
2096,MADS114,e,12,ADS,96.25,109.99999999999943,593.7960639050783,1700.4584070214198
2097,MADS114,u,12,ADS,96.6169313031454,100.77042346547671,459.3651170881153,1255.0909635029188
2098,MADS114,o,12,ADS,98.13,120.00000000000455,560.2888951805743,1308.3560826380417
2099,MADS114,a,12,ADS,99.06,140.00000000000057,699.0541210237177,1341.0309769906685
2100,MADS114,e,12,ADS,100.0,99.99999999999432,637.518678645388,1745.0254429118816
2101,MADS114,o,12,ADS,101.224389998539,135.61000146100355,519.4559834524357,1048.7176238522275
2102,MADS114,æ,15,ADS,2.13,86.0514075381511,737.887562906149,1829.3999759163144
2103,MADS114,o,15,ADS,2.603880526391019,126.11947360898101,527.2906517845203,1030.924037226014
2104,MADS114,e,15,ADS,3.566154635575205,144.76813945305088,653.2614955611796,2068.5755875616665
2105,MADS114,o,15,ADS,4.37036093482086,117.00438668123337,577.0724538007643,1400.1080464620163
2106,MADS114,i,15,ADS,5.367339734969821,102.66026503017844,426.3757217742196,1609.641459980825
2107,MADS114,u,15,ADS,6.92,169.99999999999994,470.04685648111825,1559.9702905759837
2108,MADS114,u,15,ADS,7.68,120.00000000000011,347.6038907826305,731.2751129045462
2109,MADS114,u,15,ADS,8.01624637215232,220.1268969765593,344.92117783557995,735.0804802374012
2110,MADS114,i,15,ADS,8.83,99.99999999999964,404.3398147522781,2210.743133151429
2111,MADS114,æ,15,ADS,11.81516784620609,143.77657685405865,711.214741793901,1861.7688818212273
2112,MADS114,æ,15,ADS,13.15,130.08508189551014,694.731812247669,1701.7985821760126
2113,MADS114,æ,15,ADS,14.59336720016021,117.00438668123958,549.525736564382,1731.0423548813005
2114,MADS114,u,15,ADS,15.14414798172531,153.69220284399,449.851687490124,1217.3936058640193
2115,MADS114,e,15,ADS,17.47,80.294631356292,500.1760209273981,1630.620290942303
2116,MADS114,æ,15,ADS,17.67,169.99999999999815,777.032440477756,1739.7609777815187
2117,MADS114,u,15,ADS,18.36926085377334,100.73914622665825,334.4745395158956,728.214948649651
2118,MADS114,æ,15,ADS,24.14,130.4077274500699,667.4663989804108,1676.6701857603014
2119,MADS114,u,15,ADS,25.58,100.00000000000142,223.1897436689501,709.4448148874499
2120,MADS114,u,15,ADS,26.55,169.99999999999815,478.7805442390184,1695.7484988977767
2121,MADS114,e,15,ADS,29.36960749016817,110.39250983182924,641.6541100637006,1660.405788976966
2122,MADS114,a,15,ADS,30.48,111.31582601526802,676.6811673279124,1494.116383638405
2123,MADS114,e,15,ADS,32.12496649971643,136.4409087954641,576.5004835360063,1774.371428983032
2124,MADS114,a,15,ADS,32.89676685187649,113.03813628525461,694.9224226462427,1317.0419419050372
2125,MADS114,o,15,ADS,33.61,108.48588142673066,594.9173099671063,1361.007709048537
2126,MADS114,o,15,ADS,35.23,112.74370370584563,519.1403825965457,1262.8998792847606
2127,MADS114,æ,15,ADS,38.55524747601909,130.8862630671399,753.6748234846239,1714.4539055598777
2128,MADS114,i,15,ADS,39.1096935161319,100.14782249834298,373.533700805571,1968.6048309698385
2129,MADS114,i,15,ADS,40.96475839234951,95.24160765049317,339.129949054761,2240.8699580169377
2130,MADS114,e,15,ADS,44.37,86.50271454623493,516.3619517037008,1443.708522127606
2131,MADS114,a,15,ADS,44.62,117.97319905074488,658.1691474492104,1312.1107216986536
2132,MADS114,e,15,ADS,46.03,90.3490805637972,655.6835478240174,1852.5282394009162
2133,MADS114,a,15,ADS,46.36,132.85584814099138,485.92264846990827,1184.129132538685
2134,MADS114,a,15,ADS,47.55,160.0000000000037,864.8539949590645,1301.1743797172921
2135,MADS114,æ,15,ADS,49.36027605820846,131.87782566613038,698.9422433249207,1564.9586846896264
2136,MADS114,i,15,ADS,49.89547305224183,74.52694775816582,351.1297661978387,1929.825480555184
2137,MADS114,e,15,ADS,51.69205551291488,137.94448708512164,589.8440489273322,1383.5974873510374
2138,MADS114,e,15,ADS,52.94,150.00000000000568,593.7703768772586,2061.2868295643
2139,MADS114,i,15,ADS,54.14822405382309,61.77594617690829,442.9634479356996,2071.2429775159153
2140,MADS114,i,15,ADS,54.51,80.0000000000054,348.1305102663669,2181.969801060587
2141,MADS114,a,15,ADS,54.87,132.9458631922904,695.1565763186568,1329.5688386223405
2142,MADS114,i,15,ADS,60.23,158.11038428614665,362.1569421309881,2709.849875280051
2143,MADS114,i,15,ADS,62.34848299886462,111.51700113538254,350.642348447016,1887.5341215850844
2144,MADS114,e,15,ADS,63.41513261719909,97.17313470137157,672.4585813107847,1761.8395018757742
2145,MADS114,a,15,ADS,63.69723949002919,74.3671949245126,606.6717138923848,1334.9702377054552
2146,MADS114,a,15,ADS,64.84,79.9999999999983,651.1455528395601,1413.9767139560588
2147,MADS114,o,15,ADS,66.8,90.00000000000341,576.1114478885463,1226.5711704219896
2148,MADS114,i,15,ADS,67.1004733046594,49.526695340603055,422.5113539491874,1609.9766905371832
2149,MADS114,u,15,ADS,70.83075507871881,119.24492128119368,387.3414559213645,810.6543736133697
2150,MADS114,o,15,ADS,79.40936632500026,147.42333453008882,600.3250385535091,1291.4096944690284
2151,MADS114,u,15,ADS,80.01,115.68680085196092,422.54679473727435,874.1473069385984
2152,MADS114,o,15,ADS,83.44986350580334,152.81687115923148,456.7178607873742,1108.6632187679086
2153,MADS114,æ,15,ADS,84.95,140.00000000000057,718.1246042123701,1638.7714994310422
2154,MADS114,o,15,ADS,85.66,153.8765419374215,397.9964214021744,1013.1780460718858
2155,MADS114,a,15,ADS,88.21,160.0000000000108,647.6202456306801,1186.8534258445266
2156,MADS114,e,15,ADS,89.53,99.99999999999432,525.2512339424954,1936.4560238321253
2157,MADS114,u,15,ADS,89.9,129.88265540924715,353.91116214882135,800.2267420079072
2158,MADS114,o,15,ADS,91.4,89.9999999999892,477.0163556317487,1111.2908365506576
2159,MADS114,a,15,ADS,92.19,129.99999999999545,623.4138432490782,1369.2970266379298
2160,MADS114,e,15,ADS,93.08,109.99999999999943,504.74673740660955,1727.3908451618138
2161,MADS114,o,15,ADS,94.22902822844354,125.84918801350398,558.792336778069,1304.579471633173
2162,MADS114,æ,18,ADS,3.74,88.49923477934895,790.5783345467613,1679.1506084595462
2163,MADS114,o,18,ADS,4.232061118301728,136.10768702745003,503.39041445459975,997.2207249738296
2164,MADS114,e,18,ADS,5.183963151982306,151.04633560363467,574.1301676226399,1901.9727724866625
2165,MADS114,o,18,ADS,5.977180738835147,124.48873813486384,608.4129713922185,1235.3864551728457
2166,MADS114,i,18,ADS,7.14,118.5510601759816,375.27309877622315,1505.5743950717572
2167,MADS114,u,18,ADS,8.733561845081141,215.78047943376433,312.39976986070565,1232.291528768631
2168,MADS114,u,18,ADS,9.522389584773398,96.2712908242942,366.32199728192967,811.7772680246483
2169,MADS114,u,18,ADS,9.832781505189658,219.1001791173619,400.83216523209165,763.6347743531741
2170,MADS114,i,18,ADS,10.3919364524756,89.63189145710082,484.0060186032301,1297.2690559966882
2171,MADS114,æ,18,ADS,13.34,139.98385227639076,752.3963343897826,1672.6387213805012
2172,MADS114,æ,18,ADS,14.57305622478709,91.29174137158991,652.8287603599689,1722.3818623061122
2173,MADS114,æ,18,ADS,15.95152776221427,68.05384356790078,685.6529301733332,1803.5284182617827
2174,MADS114,u,18,ADS,16.34419143601525,152.61086676378,390.55509535838314,1123.7922797853505
2175,MADS114,e,18,ADS,18.5917393405424,86.31219184222161,624.3139834427627,1706.687278284374
2176,MADS114,æ,18,ADS,18.81467741483644,189.2228821156401,729.1064408190913,1522.64018071405
2177,MADS114,u,18,ADS,19.49426679459889,84.65234199909943,384.4542727625761,752.1868827159703
2178,MADS114,æ,18,ADS,25.91,149.91532664738116,855.5853912408704,1751.7391737744817
2180,MADS114,u,18,ADS,28.34,160.00000000000014,269.02425324659936,747.318990943658
2181,MADS114,e,18,ADS,31.15152145898719,117.84933886150029,647.7112890609691,1579.313813354453
2182,MADS114,a,18,ADS,32.30944937808178,112.03986441058333,894.5364317428441,1293.0839594903641
2183,MADS114,e,18,ADS,33.72541965486342,131.9580625280139,465.79481210108213,1686.3504556926316
2184,MADS114,a,18,ADS,34.90933458930981,112.97897523532185,768.5966221947186,1381.7854620001146
2185,MADS114,o,18,ADS,35.62,90.00000000000341,572.4665978546363,1177.2513904545774
2186,MADS114,o,18,ADS,37.17256765463916,85.48226692065697,542.9416381137645,1360.9640090400742
2187,MADS114,æ,18,ADS,40.46642978204822,117.84933886148963,767.6867649504861,1753.7045411877818
2188,MADS114,i,18,ADS,41.03061911698768,138.59746190048838,397.17032574346393,2087.4827669015813
2189,MADS114,i,18,ADS,43.11251954000416,112.03986441058333,351.41185942833863,1849.5436243809
2190,MADS114,e,18,ADS,46.66146760141142,64.73414388168663,558.5191740867915,1599.956794465482
2191,MADS114,a,18,ADS,46.88886702991882,188.50214309726,676.5098906616495,1394.7093457463284
2192,MADS114,e,18,ADS,48.35878242660186,85.48226692064986,541.3885833380705,1543.4985448779223
2193,MADS114,a,18,ADS,48.70434488458033,130.29821268489172,716.7638152184416,1610.7219040954406
2194,MADS114,a,18,ADS,49.88,161.30826983350488,538.2703719892183,1252.961849027102
2195,MADS114,æ,18,ADS,51.87877598330272,111.22401669728532,752.381132918242,1683.407377606715
2196,MADS114,i,18,ADS,52.44092503361644,102.91069027343269,445.90347241673715,2199.3753414429493
2197,MADS114,e,18,ADS,54.36,175.88588357153867,616.1372888502414,1866.4535873460459
2198,MADS114,e,18,ADS,55.58,126.12967839443456,522.6893977285927,1988.4037616554594
2199,MADS114,i,18,ADS,56.98570715206087,64.2928479391287,437.94059009824906,2149.5813055325834
2200,MADS114,i,18,ADS,57.38230403966731,48.96557037202598,352.18028829646767,1930.9891209134266
2201,MADS114,a,18,ADS,57.71355326927286,147.72663603766034,652.8308797672744,1236.5368382371328
2202,MADS114,i,18,ADS,64.44828342111025,127.80843792022267,339.2060985061589,1516.3313924634938
2203,MADS114,i,18,ADS,66.31583013502772,116.50317962795498,345.6064764985949,1892.7542416183608
2204,MADS114,æ,18,ADS,67.82133698453461,87.97204168534734,763.0681090765493,1726.9840793219755
2205,MADS114,a,18,ADS,68.11851881163008,87.97204168534734,741.2663936667277,1294.0825118839114
2206,MADS114,o,18,ADS,71.14,63.8342531360081,609.9056415138355,1231.7889061417138
2207,MADS114,i,18,ADS,71.41,40.22663603606702,464.4842543238996,1724.972367255039
2208,MADS114,u,18,ADS,74.7688601664035,93.78151613627494,373.60895931995003,868.6468305311778
2209,MADS114,o,18,ADS,83.58207502240946,137.7675369789415,611.1471257855871,1291.8206699928776
2210,MADS114,u,18,ADS,84.15037104997558,111.20993948902935,480.48126525964597,724.9615548597866
2211,MADS114,o,18,ADS,87.97,116.96744733096409,495.3307895618417,1035.0269081064105
2212,MADS114,æ,18,ADS,89.39,132.25151277246994,693.5269456080703,1769.5514779926664
2213,MADS114,o,18,ADS,90.05694153406338,119.5091887046118,564.5982458981234,1129.087879428533
2214,MADS114,a,18,ADS,92.31656698229284,142.7470865082796,715.9837403859269,1327.8282282034684
2215,MADS114,e,18,ADS,93.833816674135,109.55008964590718,524.6042564220436,1813.4760423413643
2216,MADS114,u,18,ADS,94.20894273868008,91.29174137156326,373.54763130213496,904.4727828972493
2217,MADS114,o,18,ADS,95.43670789443976,106.23038995967704,546.0587316063695,1154.8097876174606
2218,MADS114,a,18,ADS,96.33403938816454,129.46828776334485,642.5503974171017,1318.812560895194
2219,MADS114,e,18,ADS,97.3672740643187,141.08723666517164,550.6755991409283,1480.0571410539765
2220,MADS114,o,18,ADS,98.47315693634924,104.57054011651223,616.7934105465629,1246.081388745527
2221,MADS114,æ,6,ADS,2.5,80.00000000000007,961.8496475379043,1653.9227019577704
2222,MADS114,o,6,ADS,3.030126502921575,149.873497078425,557.7979968932182,1121.6488981341856
2223,MADS114,e,6,ADS,4.04,137.23559235019778,577.5830850995479,1561.425005980512
2224,MADS114,o,6,ADS,4.89,160.00000000000014,471.57931347033804,1131.6130218083913
2225,MADS114,i,6,ADS,6.08,113.03887068267571,393.5234213684585,2719.7863770099157
2226,MADS114,u,6,ADS,7.57,179.99999999999972,367.87928953635566,1020.5418499828396
2227,MADS114,u,6,ADS,8.3,179.99999999999972,297.3841927110893,767.0302337443484
2228,MADS114,u,6,ADS,8.7,265.18063629195154,375.3845846041058,971.1259738467963
2229,MADS114,i,6,ADS,9.36,100.00000000000142,485.2145116127905,2083.6996462807574
2230,MADS114,æ,6,ADS,12.43,146.8310885971995,904.829311833158,1808.7408435446596
2231,MADS114,æ,6,ADS,13.77,150.00000000000034,864.9865781273124,1587.2155719104296
2232,MADS114,æ,6,ADS,15.19,99.99999999999964,779.0370290142675,1632.8493473471035
2233,MADS114,u,6,ADS,15.81913182547797,240.35324317233096,420.2709795338808,1681.147473648969
2234,MADS114,e,6,ADS,18.91,183.44594325172991,434.08374117371346,1677.2102066982943
2235,MADS114,æ,6,ADS,19.21,172.10547549299804,817.5076615865125,1720.7172274226223
2236,MADS114,u,6,ADS,20.02,160.00000000000014,382.64550597506803,703.0895071514859
2237,MADS114,æ,6,ADS,26.73,140.00000000000057,791.1011734284439,1585.6802377639183
2238,MADS114,u,6,ADS,28.11,129.999999999999,361.8791240014009,762.6504277020341
2239,MADS114,u,6,ADS,29.19,201.843514927198,367.4141533333946,834.853579541057
2240,MADS114,e,6,ADS,31.9,160.0000000000037,709.1074776373766,1811.4744798627255
2241,MADS114,a,6,ADS,33.02,129.99999999999545,886.2934759119923,1324.6433036384574
2242,MADS114,e,6,ADS,34.47117500867649,139.027856344768,586.0639893953069,1539.1406822678148
2243,MADS114,a,6,ADS,35.49,119.99999999999744,922.765146938702,1344.3951378440427
2244,MADS114,o,6,ADS,36.32,89.9999999999963,547.2545372566431,1206.7527271525423
2245,MADS114,o,6,ADS,38.12,90.00000000000341,460.0164470650773,1172.180559689632
2246,MADS114,æ,6,ADS,43.63,149.99999999999858,831.2850855740826,1415.2395652549435
2247,MADS114,i,6,ADS,44.24,169.9999999999946,436.25127160696553,2759.6103859488007
2248,MADS114,i,6,ADS,46.51,130.00000000000256,335.742368276423,2198.916031495672
2249,MADS114,e,6,ADS,50.55054045585263,89.459544147374,680.2814343480993,1817.3135479455568
2250,MADS114,a,6,ADS,50.84,171.46440659646345,743.404557850743,1225.7538651759467
2251,MADS114,æ,6,ADS,52.3,90.00000000000341,908.8333764663465,1981.9416187266909
2252,MADS114,a,6,ADS,52.63810178019737,143.74066503443572,780.2363576559982,1308.7838405520065
2253,MADS114,a,6,ADS,53.93,179.99999999999972,700.0724498559101,1251.2592525276564
2254,MADS114,æ,6,ADS,56.25,149.99999999999858,910.9170046686922,1679.702847219608
2255,MADS114,i,6,ADS,56.83,120.00000000000455,383.8708871596596,2472.6587024122105
2256,MADS114,e,6,ADS,58.8,169.67158637044122,541.0139731878652,2213.5615412078096
2257,MADS114,e,6,ADS,60.07,135.9311993609822,587.6949220264362,1767.7699993834249
2258,MADS114,i,6,ADS,61.53,82.53664714320763,374.67192250826497,2202.4149376843548
2259,MADS114,i,6,ADS,61.94,70.00000000000028,372.29023892927273,2468.2812038257216
2260,MADS114,a,6,ADS,62.27,111.70074349137593,927.8940248950098,1403.4219523696686
2261,MADS114,i,6,ADS,68.95,140.00000000000057,357.1295970524284,2825.108357618017
2262,MADS114,i,6,ADS,71.07,130.00000000000966,344.4109930403559,1615.1635550152287
2263,MADS114,æ,6,ADS,72.29,109.99999999999943,730.4435837580238,1611.7908050536948
2264,MADS114,a,6,ADS,72.6,80.0000000000125,665.4108134623776,1186.2988933595557
2265,MADS114,a,6,ADS,73.8,71.26103392900518,744.1321475474546,1293.781695462814
2266,MADS114,o,6,ADS,75.88,124.40205222861778,471.9672758869088,1094.7123649285109
2267,MADS114,i,6,ADS,76.2235476562975,58.91010862066537,480.5173786637773,1750.1248694925184
2268,MADS114,u,6,ADS,80.05,150.00000000000568,369.1082816940048,936.3691027232576
2269,MADS114,o,6,ADS,90.13,109.99999999999943,505.75936519754623,1230.1626201449187
2270,MADS114,u,6,ADS,90.67,149.99999999999147,354.2191606978863,1217.1273879347104
2271,MADS114,o,6,ADS,94.7311207958573,89.54336510340966,581.5246012831669,1067.3698397727414
2272,MADS114,æ,6,ADS,96.4,129.99999999999545,902.4347801241166,1708.5116253045492
2273,MADS114,o,6,ADS,97.1554909983669,134.50900163310564,629.602593531117,1185.9837706358758
2274,MADS114,a,6,ADS,99.8,170.0000000000017,795.0281371767759,1230.7946843810994
2275,MADS114,e,6,ADS,101.2,119.40406079129673,475.48965609103607,1170.4157163516586
2276,MADS114,u,6,ADS,101.65,133.34648707179042,303.9702329579964,837.1264869328309
2277,MADS114,o,6,ADS,103.37,134.80114453869874,428.1584665970857,1096.4970397733055
2278,MADS114,a,6,ADS,104.32,155.65105999350237,673.069942834239,1222.9205141971026
2279,MADS114,e,6,ADS,105.35,121.78200282170337,547.3168332269984,1766.1670733362778
2280,MADS114,o,6,ADS,106.8,140.00000000000057,524.7918286080475,1167.196803785159
2281,MADS114,æ,9,ADS,2.34,69.11582550667194,847.6059592900754,1834.3304708247722
2282,MADS114,o,9,ADS,2.867538580815344,122.46141918465625,579.5815452416571,1129.572976927114
2283,MADS114,e,9,ADS,3.75,80.00000000000007,539.4495470599275,1948.1225668161348
2284,MADS114,o,9,ADS,4.534698803052812,105.30119694718732,553.9285110517416,1242.1128736705978
2285,MADS114,i,9,ADS,5.548750820513642,101.24917948635837,337.44979338877226,1919.401567949262
2286,MADS114,u,9,ADS,6.99,149.99999999999946,233.25266743783854,760.1055726691762
2287,MADS114,u,9,ADS,7.805765096076994,134.23490392300596,341.691954206353,786.7707945805496
2288,MADS114,u,9,ADS,8.144062391989328,205.93760801067162,363.48707141322245,722.9791935965469
2289,MADS114,i,9,ADS,8.75,89.99999999999986,461.4706925851573,1766.4358683728374
2290,MADS114,æ,9,ADS,11.74,141.99612191917942,808.1997078091417,1746.5096396699
2291,MADS114,æ,9,ADS,12.93532928765291,106.71123520248926,676.8991548717553,1681.3901906012686
2292,MADS114,æ,9,ADS,14.3996489500485,110.35104995150036,697.1513688118074,1711.5607097537988
2293,MADS114,u,9,ADS,14.91734668191287,170.95575435500976,379.88160831600345,1632.8776504718983
2294,MADS114,e,9,ADS,17.19,105.96911251817787,516.3538381874745,1966.2993099474645
2296,MADS114,u,9,ADS,17.9311047757597,117.60013675377223,349.7669112662098,743.8446973746268
2297,MADS114,æ,9,ADS,24.06,140.00000000000057,883.2157744915257,1741.4991930783
2298,MADS114,u,9,ADS,25.59,129.999999999999,331.139150806705,716.3980576660838
2299,MADS114,u,9,ADS,26.63,130.00000000000256,360.4528525436465,980.6360428804859
2300,MADS114,e,9,ADS,29.2,129.999999999999,664.2978559544449,1713.285304916342
2301,MADS114,a,9,ADS,30.3,101.3055794248281,747.0709259459572,1321.3475847820325
2302,MADS114,e,9,ADS,31.73863631892611,131.36368107389274,706.60506735571,1932.9862167250214
2303,MADS114,a,9,ADS,32.6,149.99999999999858,595.7023339524521,1160.636535165509
2304,MADS114,o,9,ADS,33.54,117.20851296561108,410.7862086391003,1104.7564999907047
2305,MADS114,o,9,ADS,35.14,89.9999999999963,472.25082184810174,1161.5540829300342
2306,MADS114,æ,9,ADS,38.99035461220632,119.64538779368183,880.4587933978625,1738.909737507772
2307,MADS114,i,9,ADS,39.6660456508316,93.95434916839918,376.45524235043945,2092.2598638849463
2308,MADS114,i,9,ADS,41.74639328162036,93.60671837964674,323.3155161562196,2188.9559311881944
2309,MADS114,e,9,ADS,45.72544664401229,84.93343209994464,574.0468016531765,1694.4983643459116
2310,MADS114,a,9,ADS,46.0,109.99999999999943,726.1845372174896,1249.06641381731
2311,MADS114,e,9,ADS,46.8,116.02052063624058,544.9035906333719,1763.7309376025419
2312,MADS114,a,9,ADS,47.18,140.00000000000057,663.6604834095808,1174.7494427381137
2313,MADS114,a,9,ADS,48.73365605281614,156.34394718386346,790.8067841951168,1205.0081094579562
2314,MADS114,æ,9,ADS,50.87175541317082,118.24458682918504,803.7577108754052,1735.9510516800644
2315,MADS114,i,9,ADS,51.48044500988708,69.55499011291977,365.45386421601756,1709.8111527174772
2316,MADS114,e,9,ADS,53.36363983967449,126.36016032551112,480.0921215280718,1746.282899277333
2317,MADS114,e,9,ADS,54.56354453132985,83.8445419448135,606.2395006143116,1911.6520533108946
2318,MADS114,i,9,ADS,56.06,70.00000000000028,428.12657589915216,2063.7179751741573
2319,MADS114,i,9,ADS,56.42054231447111,69.45768552888865,415.15862287827093,2105.049887974806
2320,MADS114,a,9,ADS,56.74,100.00000000000142,641.5590932135171,1139.5612826876873
2321,MADS114,i,9,ADS,62.62,109.99999999999943,321.96011796381197,2202.979918010056
2322,MADS114,i,9,ADS,64.53093145559647,119.06854440353243,347.7166336680732,1721.6000404980987
2323,MADS114,æ,9,ADS,65.77,109.99999999999943,791.2145285042765,1622.6060795252372
2324,MADS114,a,9,ADS,66.09,79.9999999999983,647.4759201881574,1217.9943526303184
2325,MADS114,a,9,ADS,67.12,70.93932282448634,684.737966228857,1345.727428805957
2326,MADS114,o,9,ADS,68.99,60.000000000002274,509.94690945274084,1130.9784642202621
2327,MADS114,i,9,ADS,69.25897903933966,41.02096066033312,475.5001603154949,1686.3982191568043
2328,MADS114,u,9,ADS,73.0204571274269,109.54287257310114,332.19311565150537,810.4558142808885
2329,MADS114,o,9,ADS,82.69250579977482,87.49420022517995,516.780190038694,1214.6223742537109
2330,MADS114,u,9,ADS,83.18,119.99999999999034,409.8080069258099,1032.4274804677289
2331,MADS114,o,9,ADS,86.63,150.00000000000568,429.09898337334533,913.4456893478996
2332,MADS114,e,9,ADS,88.18044221823445,108.88901551274444,865.1812702653955,1781.6464931930736
2333,MADS114,o,9,ADS,88.83334464241896,130.9282699082388,413.2764610680648,1050.1757154975476
2334,MADS114,a,9,ADS,91.06,149.99999999999147,567.4555892715568,1191.163125602747
2335,MADS114,e,9,ADS,92.47,90.00000000000341,601.7042893599521,1948.416315141661
2336,MADS114,u,9,ADS,92.83,96.3790809179983,329.33083420698875,917.4389652230251
2337,MADS114,o,9,ADS,94.27,90.00000000000341,472.9863275617932,1220.928692930346
2338,MADS114,a,9,ADS,95.14,109.99999999999943,527.5575278904948,1156.2578646233717
2339,MADS114,e,9,ADS,96.19,120.00000000000455,509.43867453247327,1857.3328224359047
2340,MADS114,o,9,ADS,97.47,140.00000000000057,480.954080972419,1108.1321965098489
2341,MADS115,æ,12,ADS,2.94058607998232,118.78334075584584,835.3003362649878,1547.5182391969363
2343,MADS115,e,12,ADS,4.4,129.9999999999999,614.9587911027779,1989.8488296618773
2344,MADS115,i,12,ADS,6.63,89.99999999999986,352.4537573935346,2137.216198280508
2346,MADS115,u,12,ADS,8.98,160.00000000000014,419.62679458143805,870.7790851268555
2347,MADS115,u,12,ADS,9.38899613271199,131.00386728801004,311.32377799638937,850.5530398886111
2348,MADS115,i,12,ADS,9.98,109.99999999999943,444.39232533075375,2221.729563357945
2349,MADS115,æ,12,ADS,13.13,140.39633667125884,718.5956060606077,1528.3239822963612
2350,MADS115,æ,12,ADS,14.8,139.9999999999988,816.5527889488878,1510.404424694972
2351,MADS115,æ,12,ADS,17.09,123.98458646343968,720.7274040148048,1531.0575589841653
2352,MADS115,u,12,ADS,17.58,120.000000000001,421.0134860902207,691.9697943663489
2353,MADS115,e,12,ADS,20.45,129.999999999999,517.0896467764944,1814.2546420315489
2354,MADS115,æ,12,ADS,20.71888577675494,141.11422324505796,824.7275282390153,1601.7344544297969
2355,MADS115,u,12,ADS,21.3449704421854,128.6121890276597,426.7405307904683,731.1410742394902
2356,MADS115,æ,12,ADS,28.49,160.00000000000014,840.7655270123181,1566.8398153735575
2358,MADS115,u,12,ADS,31.26,89.99999999999986,402.9376447536249,742.5058454740885
2359,MADS115,e,12,ADS,34.03,140.00000000000057,556.1391701616977,2033.0410493578677
2360,MADS115,a,12,ADS,35.2,129.99999999999545,700.586122988053,1216.94183808529
2361,MADS115,a,12,ADS,37.94,109.99999999999943,637.687186033857,1217.6989842593534
2362,MADS115,o,12,ADS,38.79,130.00000000000256,475.9747044179468,1066.1940442759583
2363,MADS115,o,12,ADS,40.93,79.9999999999983,572.6427822654923,1084.678654238953
2364,MADS115,æ,12,ADS,46.13,109.99999999999943,664.9215327557309,1500.1293104149563
2365,MADS115,i,12,ADS,46.75491939111711,105.0806088828864,350.43725684275273,2281.39496339567
2366,MADS115,i,12,ADS,49.07,109.99999999999943,348.86730166143093,2421.5391000682134
2368,MADS115,a,12,ADS,53.18,109.99999999999943,615.8614902805384,1230.9648703617609
2369,MADS115,e,12,ADS,54.1680576793675,116.64826446695287,585.4344159731116,1602.7110490295113
2370,MADS115,a,12,ADS,54.54,179.99999999999972,745.7937786659259,1257.539504083334
2371,MADS115,a,12,ADS,56.12062491949475,129.37508050524826,707.7991188247094,1231.7960939814586
2372,MADS115,æ,12,ADS,58.29194802972762,108.05197027237767,713.6003882075671,1519.2304168905775
2373,MADS115,i,12,ADS,58.75725130918146,86.73845306516625,350.7386835625073,2163.093748281183
2374,MADS115,e,12,ADS,61.07042275044447,139.0806230182804,573.6585818849646,2014.1115713342726
2375,MADS115,e,12,ADS,62.27,89.9999999999963,541.7879957851718,1746.9997278469548
2376,MADS115,i,12,ADS,63.26,50.00000000000426,967.604211541284,2580.713365915253
2377,MADS115,a,12,ADS,63.97,99.99999999999432,714.7434809769247,1339.8694409569525
2378,MADS115,i,12,ADS,71.19376907662466,201.89122696201878,399.8717411664082,2316.9594999297146
2383,MADS115,o,12,ADS,78.24,70.00000000000739,472.29494604511876,1113.2562396496924
2384,MADS115,i,12,ADS,78.52,49.99999999999716,432.5133581534213,1571.1508539646923
2386,MADS115,o,12,ADS,91.46,140.00000000000057,452.78031174848024,1025.2104601348565
2387,MADS115,u,12,ADS,91.97269769757652,147.3023024234834,351.7221065858571,772.1891552865795
2388,MADS115,o,12,ADS,95.69,130.3042399588037,478.2891706213432,1098.3954409820096
2389,MADS115,æ,12,ADS,97.83633434244268,200.39573639193975,854.0209808885577,1398.9763547370098
2391,MADS115,a,12,ADS,101.3280787279119,191.92127208809495,700.2489108051938,1266.8916558706992
2392,MADS115,e,12,ADS,102.5,79.9999999999983,568.3255330842142,1795.0430907651844
2393,MADS115,u,12,ADS,102.9,89.9999999999892,385.0426543308361,817.472635464745
2394,MADS115,o,12,ADS,104.04,140.00000000000057,476.98323595214623,1129.082876994134
2395,MADS115,a,12,ADS,104.86,129.99999999999545,650.1107246802566,1275.1691236244935
2397,MADS115,o,12,ADS,107.3311779432849,98.82205671510746,516.5508264656823,1135.1159347626724
2398,MADS115,æ,15,ADS,2.21,146.26081510781307,823.877271358829,1516.8254721519133
2399,MADS115,o,15,ADS,2.864232010208947,127.10751538966925,542.4854578594445,1251.0168968492405
2401,MADS115,o,15,ADS,4.944159755065836,155.84024493416405,612.5094123681065,1415.4036127902098
2402,MADS115,i,15,ADS,6.44,119.99999999999922,340.8651690114268,2117.0403533753633
2403,MADS115,u,15,ADS,9.13,209.9999999999991,428.92476154604753,625.9589226505773
2404,MADS115,u,15,ADS,10.24,169.99999999999994,362.8828589984596,774.0218090128207
2405,MADS115,u,15,ADS,10.64,233.0437055487593,318.9437863797088,799.3087356054732
2406,MADS115,i,15,ADS,11.34549178209491,104.50821790508869,355.96529444538197,1849.3343670547715
2407,MADS115,æ,15,ADS,14.21,159.1065747225091,756.2614231327785,1536.098011410082
2408,MADS115,æ,15,ADS,16.12,155.03937069521,594.2679462318478,1561.4096751026266
2409,MADS115,æ,15,ADS,17.56173918807878,121.58110167708003,660.2455370855539,1415.643019932891
2411,MADS115,e,15,ADS,20.71,160.00000000000014,658.8916036106039,2187.413918900108
2412,MADS115,æ,15,ADS,20.99,230.00000000000043,1081.6476190388385,1675.6273313706783
2413,MADS115,u,15,ADS,21.9399751025025,140.02489749749714,304.05583508048244,975.0419022907206
2414,MADS115,æ,15,ADS,28.91,132.9774473519585,935.6483580769534,1591.6079135283949
2415,MADS115,u,15,ADS,30.27417532956685,125.82467043314693,374.5548514357123,751.4766087594048
2416,MADS115,u,15,ADS,31.52,129.999999999999,375.69003239106706,991.7829936074004
2417,MADS115,e,15,ADS,34.93,149.99999999999858,554.0093260765266,1933.3329432126013
2418,MADS115,a,15,ADS,36.33005626123197,127.10751538967457,792.4398442951222,1402.8302482355791
2419,MADS115,e,15,ADS,38.05931798452671,120.68201547329238,688.0753023265438,1824.4435000348867
2420,MADS115,a,15,ADS,39.77,175.40928527495936,698.1626839249358,1312.8259065274447
2421,MADS115,o,15,ADS,40.84,121.38852021301005,605.5199388354355,1213.8432859353388
2422,MADS115,o,15,ADS,43.7,130.26372888792537,442.924016280785,957.9062293129875
2423,MADS115,æ,15,ADS,48.09,119.99999999999744,701.5495929550784,1711.0454159185085
2424,MADS115,i,15,ADS,48.63399665444562,128.94965329386565,432.6764225293886,2017.5578120498412
2425,MADS115,i,15,ADS,50.99,109.99999999999943,351.6022507744777,2509.0781894017937
2426,MADS115,æ,15,ADS,55.21088106793052,101.31758473090002,715.4667354786818,1522.486092892358
2427,MADS115,a,15,ADS,55.49,118.78285523732046,684.7664397438438,1217.8776064315218
2428,MADS115,æ,15,ADS,57.32,112.13093303541655,565.2954332954703,1734.7757178491227
2429,MADS115,a,15,ADS,57.71070572073715,119.29427926284575,946.3820732133236,1196.7161526075618
2430,MADS115,a,15,ADS,59.28,159.9999999999966,713.5317480487851,1252.7705084937816
2431,MADS115,æ,15,ADS,61.51326014650807,146.73985349192975,802.3047598000638,1502.9141351353487
2432,MADS115,i,15,ADS,62.09505417916645,110.52827425188383,363.0319943860251,2364.611931355354
2433,MADS115,æ,15,ADS,64.29,169.9999999999875,749.9954706912799,1734.0015983144376
2435,MADS115,i,15,ADS,66.95,39.99999999999204,335.14009043527057,2518.3616199239423
2436,MADS115,i,15,ADS,67.28385755861933,75.52765407211837,333.9095105917035,1814.950022050376
2437,MADS115,a,15,ADS,67.58,138.60210401007578,788.470137774662,1339.4590294837017
2438,MADS115,i,15,ADS,75.06948586721892,180.5141327810844,310.6135718213742,2444.9014743323505
2439,MADS115,i,15,ADS,77.13,116.90959960904479,372.4569453616224,2382.5994898232198
2440,MADS115,æ,15,ADS,78.73,149.99999999999147,801.4519909241868,1596.3120814406172
2441,MADS115,a,15,ADS,79.09,69.99999999999318,720.8732335831505,1220.0013567027777
2442,MADS115,a,15,ADS,80.05,120.00000000000455,621.9999059549214,1166.2897631842077
2443,MADS115,o,15,ADS,82.13,79.9999999999983,411.13994532709097,1149.6743105096969
2444,MADS115,i,15,ADS,82.42,55.99215735773555,449.83544606828406,1552.3785683606538
2445,MADS115,u,15,ADS,86.03315706488442,134.4760670064602,372.8869714970959,777.0482746507369
2446,MADS115,o,15,ADS,95.75597088191032,138.16034281488498,561.8329286373692,1182.8983651998578
2447,MADS115,u,15,ADS,96.21323304631927,154.7395839526473,416.82312479738624,618.1508781891029
2448,MADS115,o,15,ADS,99.93,149.99999999999147,518.0652203753853,1141.483895214928
2449,MADS115,æ,15,ADS,101.76,125.01483136838942,800.5628767402052,1702.8895743586788
2450,MADS115,a,15,ADS,104.94,173.84044059819814,751.3600971234101,1224.241832163092
2451,MADS115,e,15,ADS,105.97,90.00000000000341,583.2363482084305,1723.115729400194
2452,MADS115,u,15,ADS,106.35,116.68305640840515,357.953007748006,686.7145949838
2453,MADS115,o,15,ADS,107.78,150.00000000000568,518.6383593926749,1244.7801433364239
2454,MADS115,a,15,ADS,108.61,145.04702721839635,658.7879691944229,1261.3811569473096
2455,MADS115,e,15,ADS,109.6,109.99999999999943,529.5789568366605,1758.8379894713953
2456,MADS115,o,15,ADS,110.8280550293625,143.68675652740137,492.3729334353149,1299.2779100916937
2457,MADS115,æ,18,ADS,2.54,174.31308830112079,675.3804276246423,1546.0154211776182
2458,MADS115,o,18,ADS,3.214146262886509,134.44783729269315,515.3443620195649,1055.9106256306964
2459,MADS115,e,18,ADS,4.222483784206528,192.54258180188265,541.6073838164317,1878.7035749426063
2460,MADS115,o,18,ADS,5.125780448944957,168.99819836187112,423.97271584971224,1068.0718678651483
2461,MADS115,i,18,ADS,6.259894968407187,101.3989190171225,356.4606937573957,2202.6754929141753
2462,MADS115,u,18,ADS,7.772476098897259,186.78748239996335,338.8742283964932,798.7005756599573
2463,MADS115,u,18,ADS,8.848714885970896,154.76677113139738,396.2782995217854,823.8689794580068
2464,MADS115,u,18,ADS,9.23,169.99999999999994,356.45317047845714,883.3235775178168
2465,MADS115,i,18,ADS,9.921395816236911,101.39891901712872,431.32535324784766,1903.700501738853
2466,MADS115,æ,18,ADS,12.88,149.11731174799849,848.7719339353828,1540.084178659921
2467,MADS115,æ,18,ADS,14.55,144.52963917525886,674.4670431873291,1491.3408663428722
2468,MADS115,æ,18,ADS,16.09,98.98812191844186,652.7166707706958,1524.9962948762593
2469,MADS115,u,18,ADS,16.61640141752579,81.3326423128693,476.09233677924533,1597.173611854433
2470,MADS115,e,18,ADS,18.82727325374744,174.33498357329924,650.1608727013694,1818.1795320666074
2471,MADS115,æ,18,ADS,19.07,149.99999999999858,912.794258638792,1556.7880870523013
2472,MADS115,u,18,ADS,19.5197124011487,151.20891432378158,309.33773399520885,862.9101381611301
2473,MADS115,u,18,ADS,27.36492267427109,154.76677113139203,372.75241438474745,571.7354315795401
2474,MADS115,u,18,ADS,28.42712003880759,202.8799611924086,395.63619566787844,998.9393951321547
2475,MADS115,e,18,ADS,31.29135897917189,118.64102082811101,562.8677845870196,1934.1688021799944
2476,MADS115,a,18,ADS,32.18,119.99999999999744,522.3608996872456,1308.8015179559932
2477,MADS115,a,18,ADS,34.66,204.26943851380486,625.9893129690988,1204.4447631504024
2478,MADS115,o,18,ADS,35.68,170.73290045981082,491.38556890215335,1004.5336160966626
2479,MADS115,o,18,ADS,37.61,151.9802415295004,431.8326428966658,924.3996121021136
2480,MADS115,æ,18,ADS,41.08952508377244,132.90560513842564,760.2631935530999,1664.7565408027433
2481,MADS115,i,18,ADS,41.61379493774889,120.96713145902527,337.27516660126963,2200.724222742049
2482,MADS115,i,18,ADS,43.79371645672654,103.17784742093039,351.0463011123866,2366.8814847204435
2483,MADS115,æ,18,ADS,47.5895272128088,147.65105751616403,609.4912218847564,1659.053279582695
2484,MADS115,a,18,ADS,47.9327263789834,113.85141784378305,607.1266279172874,1278.208543066652
2485,MADS115,e,18,ADS,49.14098587732554,138.75641549710593,673.1304990877661,1611.4590507877397
2486,MADS115,a,18,ADS,51.03615662606506,151.20891432378158,595.0860864428722,1340.508429232755
2487,MADS115,æ,18,ADS,52.91154253051758,138.75641549712014,778.5411268204514,1448.4767874461236
2488,MADS115,i,18,ADS,53.44938093379685,119.18820305520939,374.48248092858245,2236.462458315076
2489,MADS115,e,18,ADS,55.43,117.41575726649955,784.1114256015821,1701.444972676559
2490,MADS115,e,18,ADS,56.64,93.50296639274802,612.9468518182771,1645.4550549769956
2491,MADS115,i,18,ADS,57.93,49.99999999999716,337.6679444162441,2120.2628545554585
2492,MADS115,i,18,ADS,58.29430141191203,64.04142253713019,332.01155146481943,2108.135425570584
2493,MADS115,a,18,ADS,58.62,93.42448537041292,639.6261109614528,1370.7851311188892
2494,MADS115,i,18,ADS,64.47,213.88510481573064,429.789891018993,2433.326878855658
2495,MADS115,i,18,ADS,66.85110813134062,133.41963028570092,336.54450009570166,2170.006412967392
2496,MADS115,æ,18,ADS,68.1964988723637,144.97578628967744,573.5549216787456,1486.627883548957
2497,MADS115,a,18,ADS,68.55301569140782,151.75464319236198,564.0389203548426,1230.419373357058
2498,MADS115,a,18,ADS,69.56579134961125,102.28838321903311,618.5004504463516,1270.938299953434
2499,MADS115,i,18,ADS,71.42386084326002,46.13915673998292,398.4048449504128,1747.3759796070187
2500,MADS115,u,18,ADS,75.41750890498484,141.4248081028262,343.504517611063,669.3947818612987
2501,MADS115,o,18,ADS,84.40267425455298,135.19855868949548,482.6477811443243,1086.4779814556657
2502,MADS115,u,18,ADS,84.9532805899983,128.97230927616476,344.81645502059257,975.6131820031447
2503,MADS115,o,18,ADS,88.45,137.1119807037644,419.174135581315,993.394036685836
2504,MADS115,æ,18,ADS,90.55642915498284,239.0330849394786,629.0243692727877,1581.822006391731
2505,MADS115,o,18,ADS,91.23733373643024,156.54569953521502,424.61174478157795,1129.1858910293652
2506,MADS115,a,18,ADS,93.65571279673956,150.3194501218701,591.9311701485253,1238.4630013886303
2507,MADS115,e,18,ADS,95.03325362220012,86.74637779988359,456.6698429949553,1896.5389169248128
2508,MADS115,u,18,ADS,95.44599300635024,81.83070657524638,410.4081175413085,819.269476671955
2509,MADS115,o,18,ADS,96.67160683075942,55.60496974452178,351.5330364692989,1168.1629660163862
2510,MADS115,a,18,ADS,97.4263922291098,129.86177347808336,718.0580187191388,1171.960741852441
2511,MADS115,e,18,ADS,98.42,125.86731748844215,540.7770485744252,1766.280218055893
2512,MADS115,o,18,ADS,99.85015262827092,129.84737172908467,512.1296868489716,1159.9548620613643
2513,MADS115,æ,6,ADS,3.28,191.94197432277215,925.8897169238378,1532.8616501100219
2514,MADS115,o,6,ADS,3.87,179.99999999999972,560.4578034234969,1208.4890661778345
2515,MADS115,e,6,ADS,5.16,158.37784026017766,602.2864100909202,1982.0369919715704
2516,MADS115,o,6,ADS,6.04,169.99999999999994,554.3625535663205,1150.3209915190512
2517,MADS115,i,6,ADS,7.3,129.9999999999999,346.5228092166136,2256.193354885849
2518,MADS115,u,6,ADS,9.06,189.9999999999995,401.0651198668532,1054.4054674044453
2519,MADS115,u,6,ADS,10.3,268.15044861800885,361.43764887277194,807.0334405630954
2520,MADS115,u,6,ADS,10.78,311.4954335651312,420.8300020569369,947.0492193304075
2521,MADS115,i,6,ADS,11.55,119.53837579175897,364.51129577546715,2084.772043257107
2522,MADS115,æ,6,ADS,15.1,177.14221383246985,924.6733300208974,1579.9435316408162
2523,MADS115,æ,6,ADS,17.46,129.999999999999,785.6026782500488,1265.0568252158844
2524,MADS115,æ,6,ADS,19.29,125.78360941802202,910.9468112175904,1484.0561889350852
2525,MADS115,u,6,ADS,19.92,248.7768083913373,573.4228472447479,1405.677718018328
2526,MADS115,e,6,ADS,23.13,138.7187839791224,573.3121174363779,1889.0811251510186
2527,MADS115,æ,6,ADS,23.35,208.00667252137828,696.6900929441639,1349.8721447451162
2528,MADS115,u,6,ADS,24.24,190.00000000000128,334.6340873287769,1370.3303868374546
2529,MADS115,æ,6,ADS,32.08,170.0000000000017,1000.9591417484947,1624.3972026660192
2530,MADS115,u,6,ADS,33.69,190.00000000000483,460.6397359367698,870.3838997696053
2531,MADS115,u,6,ADS,34.93,130.00000000000256,386.1897628857887,846.4792303859449
2532,MADS115,e,6,ADS,38.34,179.99999999999972,824.8966085405269,2043.6835363335865
2533,MADS115,a,6,ADS,39.84,209.99999999999375,679.241118354648,1267.9644050872214
2534,MADS115,e,6,ADS,41.27,116.21910586620743,734.3644307158768,1604.3274310812578
2535,MADS115,a,6,ADS,42.67,129.99999999999545,756.6213664768266,1240.9183784614327
2536,MADS115,o,6,ADS,43.5,109.74220519548084,449.50186246335534,1059.493901759124
2537,MADS115,o,6,ADS,45.25,119.99999999999744,580.8785831095234,1112.1437549389248
2538,MADS115,æ,6,ADS,49.39,213.20377255167244,816.9259494895741,1384.2804169559959
2539,MADS115,i,6,ADS,49.94,150.00000000000568,360.7133157030418,2474.740135934684
2540,MADS115,i,6,ADS,52.15,91.67964862797362,344.4097284736585,2362.6685881741755
2541,MADS115,e,6,ADS,56.17,93.75858475824117,797.1429090410716,1807.9127345285901
2542,MADS115,a,6,ADS,56.44,103.10910308340482,680.0308505127541,1290.1304375407367
2543,MADS115,e,6,ADS,57.72,139.32796968346395,651.5548200074381,1841.3047021237803
2544,MADS115,a,6,ADS,58.12,66.35777587321456,797.2835689190628,1303.986127599724
2545,MADS115,a,6,ADS,59.57,130.00000000000256,749.1391718334941,1310.9790035187557
2546,MADS115,æ,6,ADS,62.29,160.0000000000037,893.0578448910095,1480.4222904455603
2547,MADS115,i,6,ADS,62.88,137.68758929325742,458.69103854740877,2476.486530058728
2548,MADS115,æ,6,ADS,65.01,189.99999999999773,761.1779683770818,1840.2397567755743
2551,MADS115,a,6,ADS,68.65,185.58122287397794,584.7911330400433,1321.4364424540413
2552,MADS115,i,6,ADS,75.9,189.99999999999773,386.06461671507134,2510.2322655296466
2554,MADS115,æ,6,ADS,80.17,245.75166856783426,971.2024333529138,1761.017484653574
2555,MADS115,a,6,ADS,80.62664474761962,123.35525238037803,766.2838975983159,1247.2705661017935
2557,MADS115,o,6,ADS,84.35,180.00000000000682,598.5212397956054,1079.5224967178488
2558,MADS115,i,6,ADS,84.86,49.99999999999716,516.2752208069593,1740.0210504448733
2559,MADS115,e,6,ADS,86.11598748700725,121.45674709789489,396.96998180724734,2276.7403012313616
2560,MADS115,u,6,ADS,88.66,120.00000000000455,371.07577979731195,941.9016634013788
2561,MADS115,o,6,ADS,98.42,213.28972929519807,343.8276341015444,1004.3760635078318
2562,MADS115,u,6,ADS,99.4,209.99999999999375,346.808845201255,1272.5741323591612
2563,MADS115,o,6,ADS,103.55,269.999999999996,390.255423059842,1116.698795618498
2564,MADS115,e,6,ADS,104.8225954534048,131.39411731499706,732.4661254168583,1502.807526175163
2565,MADS115,o,6,ADS,106.15,99.99999999999432,451.06274793407,1106.4482281227304
2566,MADS115,a,6,ADS,109.17,149.99999999999147,660.8541261563335,1291.4253688582626
2567,MADS115,e,6,ADS,110.77,79.9999999999983,600.9727723942242,1570.9245711351484
2569,MADS115,o,6,ADS,112.8382074754986,161.7925245013936,474.6134057184042,1101.7785998637441
2570,MADS115,a,6,ADS,114.0367917067776,163.2082932223966,740.4669512891511,1306.421102498323
2571,MADS115,e,6,ADS,115.32,123.60514382500298,538.9981762598154,1892.0262897859095
2572,MADS115,o,6,ADS,116.73,159.9999999999966,417.6045135730522,1068.3221067736006
2573,MADS115,æ,9,ADS,3.28,180.00000000000017,1320.111691480767,2191.821816799618
2574,MADS115,o,9,ADS,3.986312918519435,133.68708148056507,561.7514274462742,1124.9935627513273
2575,MADS115,o,9,ADS,5.865861560202831,155.29381910435447,479.9509080984858,1024.8298881146222
2576,MADS115,i,9,ADS,7.23,149.99999999999946,373.2733030857278,2175.205538155502
2577,MADS115,u,9,ADS,9.57,140.00000000000057,311.78393684413385,2081.7947636854674
2578,MADS115,u,9,ADS,10.74,161.01188291453994,328.98058782915115,755.863791814193
2579,MADS115,u,9,ADS,11.12130178441388,158.69821558611898,340.72339309715414,829.1340672638825
2580,MADS115,i,9,ADS,11.71,129.999999999999,409.84130995461936,2193.3602433164647
2582,MADS115,æ,9,ADS,16.67,99.99999999999787,678.96342241995,1438.0047812418645
2583,MADS115,æ,9,ADS,17.84,129.999999999999,840.4696675157479,1557.9106922213534
2584,MADS115,u,9,ADS,18.72,220.00000000000242,308.66670646688743,826.3047915413827
2585,MADS115,e,9,ADS,21.67,69.27349973252817,774.718379801147,2275.0580784740055
2586,MADS115,æ,9,ADS,21.89,300.0000000000007,862.2293706191371,1572.6439651431472
2587,MADS115,u,9,ADS,22.93093796698367,159.99969241055112,397.13258581542107,1017.379717828096
2588,MADS115,æ,9,ADS,31.08,260.0000000000016,859.5326279759827,1612.327719468492
2589,MADS115,o,9,ADS,32.45,140.00000000000057,514.0738273258853,1070.256226495997
2590,MADS115,u,9,ADS,34.16,150.00000000000568,627.3280722709214,1960.1783673069315
2591,MADS115,e,9,ADS,37.8,140.00000000000057,628.196071517062,2055.3315167697538
2592,MADS115,a,9,ADS,38.79,136.4122880396934,700.8053013593997,1340.5518314726974
2593,MADS115,e,9,ADS,41.00817123277093,109.41155436897532,721.5802270910773,1990.9906853606906
2594,MADS115,a,9,ADS,42.66,117.52594993368604,694.6360852666174,1269.4578926792756
2595,MADS115,o,9,ADS,43.50291486169698,107.08513830302024,574.425382497645,1080.7873604977274
2596,MADS115,o,9,ADS,45.51,120.00000000000455,442.8975911638768,1084.375926101687
2597,MADS115,æ,9,ADS,49.28962089759309,120.37910240690763,822.8526588627723,1525.627061306948
2598,MADS115,i,9,ADS,49.86955448421994,120.44551578006235,394.77912558021376,2406.416291118337
2599,MADS115,i,9,ADS,52.07,109.99999999999943,389.61456220467676,2439.403906911075
2600,MADS115,æ,9,ADS,56.39166865034431,88.33134965568945,704.5163120809042,1471.934735854314
2601,MADS115,a,9,ADS,56.68813866863444,125.88211094066537,634.8378740733543,1239.116750847433
2602,MADS115,æ,9,ADS,57.85,129.99999999999545,682.6648572221264,1582.4820111736071
2603,MADS115,a,9,ADS,58.23,130.00000000000256,899.585513033976,1311.447003797392
2604,MADS115,a,9,ADS,59.91293860725136,191.76433722734743,492.9161586850775,1466.3094336945026
2605,MADS115,æ,9,ADS,62.77017672987269,142.3526675123341,846.150817210821,1556.782973923331
2606,MADS115,i,9,ADS,63.29253449305791,97.64687110349968,360.6948091599307,2421.64764752132
2607,MADS115,æ,9,ADS,64.93,149.99999999999147,738.4572154433514,1835.3805896503914
2608,MADS115,æ,9,ADS,66.26,149.99999999999147,572.1183354392771,1635.0911093159
2609,MADS115,a,9,ADS,68.46,100.00000000000853,799.3619783544526,1189.2937963378768
2610,MADS115,i,9,ADS,75.40855613864281,184.70552726805067,419.5044137196909,2405.6750490658233
2612,MADS115,æ,9,ADS,79.44,140.00000000000057,873.3817269557102,1404.9635884110505
2614,MADS115,a,9,ADS,80.6,120.00000000000455,672.9512085730795,1237.1626680547827
2615,MADS115,i,9,ADS,82.89591650602758,42.35285975573788,412.685624697418,1675.7067137525303
2617,MADS115,o,9,ADS,96.91487391070828,175.12608929172302,498.85599900169757,1161.47966813825
2618,MADS115,o,9,ADS,97.92,99.99999999999432,514.5430337911188,1064.3700740973031
2619,MADS115,o,9,ADS,102.0164043316214,168.23497069640325,347.4727174158742,963.2275167210972
2620,MADS115,æ,9,ADS,103.67,100.28423604190095,772.1650317197603,1465.8105222546994
2621,MADS115,a,9,ADS,107.1319812478938,218.0187521061896,699.9312056861985,1229.9099921923469
2622,MADS115,e,9,ADS,108.45,109.99999999999943,580.1067675777841,1797.4235708089652
2623,MADS115,o,9,ADS,110.31,149.99999999999147,456.8002546146481,1009.8911052841531
2624,MADS115,a,9,ADS,111.27,150.00000000000568,662.6879859330783,1252.6882062537748
2625,MADS115,e,9,ADS,112.38,130.00000000000966,754.7730309173338,1897.2584997737756
2626,MADS115,o,9,ADS,114.0028663859695,147.1336140305084,481.9642312866851,978.1432201612853
2627,MADS116,æ,18,ADS,1.9,115.16703552218699,908.8869970093341,1580.5228921019407
2628,MADS116,o,18,ADS,2.41175201703272,118.24798296727978,592.5917878507887,1236.3161608246191
2629,MADS116,e,18,ADS,3.453381261205734,44.322613177946835,597.915551809576,1795.5036710493778
2630,MADS116,o,18,ADS,4.135875343175702,116.52056602980653,633.6975371353589,1111.244112112384
2631,MADS116,i,18,ADS,5.304191260925585,64.73414388166887,386.91647597988486,2156.5656619872507
2632,MADS116,u,18,ADS,6.437843140688019,122.15685931198017,431.1843218756352,846.624229849157
2633,MADS116,u,18,ADS,7.363148497030464,136.85150296953628,388.1668366069581,906.2684717815703
2634,MADS116,u,18,ADS,7.700694545607333,150.6910438144331,447.7642115179557,834.4283918926941
2635,MADS116,æ,18,ADS,12.25701220024656,67.22391864635036,739.2433975225375,1513.900117601891
2636,MADS116,æ,18,ADS,13.85848141248325,121.16903854772865,765.5805157800221,1600.186277374638
2637,MADS116,u,18,ADS,14.3,169.99999999999994,424.65418937008434,822.4634739042494
2638,MADS116,e,18,ADS,16.69030367548194,90.46181645001994,659.4088070351979,1525.9617403180744
2639,MADS116,æ,18,ADS,16.86,133.74446716728983,931.5630962914432,1583.5449342991144
2640,MADS116,u,18,ADS,17.60340374271638,128.63836284176955,409.0152736562181,895.2298377400631
2641,MADS116,u,18,ADS,25.5330595865083,119.50918870461891,452.5482006923758,770.7389076839245
2643,MADS116,e,18,ADS,29.18279464085618,125.31866315552875,793.1025635263186,1614.3730900046276
2644,MADS116,a,18,ADS,30.15,102.09652342006237,769.8000865536612,1384.6000267108316
2645,MADS116,e,18,ADS,31.69474829112514,85.25170887486055,723.8999266623201,1698.945385189138
2646,MADS116,a,18,ADS,32.64,132.6778210444317,777.1881931742686,1275.0559753834675
2647,MADS116,o,18,ADS,33.34,85.07227700584963,600.9010991693713,1327.4836671103435
2648,MADS116,o,18,ADS,34.77,79.9999999999983,592.012999635022,1205.0142935033234
2649,MADS116,æ,18,ADS,38.24115051406301,94.67676700469951,777.4051053860384,1595.1426798624534
2650,MADS116,i,18,ADS,38.79543788169521,109.96505210667351,375.71872295288136,2386.3105288321885
2651,MADS116,i,18,ADS,41.06156034639703,88.43965360296835,361.9218255320943,2414.5275181269812
2652,MADS116,e,18,ADS,45.4039929018652,114.52963917524528,625.3989049449017,1853.7562384748373
2653,MADS116,a,18,ADS,45.67298585625783,117.01941393993565,740.7247764377996,1402.806416144273
2655,MADS116,a,18,ADS,48.20835809684487,76.35309278349922,485.5941230856483,1284.9073152115848
2656,MADS116,æ,18,ADS,50.35,99.36192080262884,802.7145699817014,1647.7854844795181
2657,MADS116,i,18,ADS,50.84263910872282,74.69324294039126,394.417830162209,2283.987768650696
2658,MADS116,e,18,ADS,52.58313860446457,136.8613955354263,615.8114451217708,1991.371656165148
2659,MADS116,e,18,ADS,53.65,60.000000000002274,557.7062110656292,1760.1417404294846
2660,MADS116,i,18,ADS,55.48437193593014,65.5640688032264,451.765788524148,2226.313025688088
2661,MADS116,a,18,ADS,55.75896986006729,101.03013993271048,723.286148826466,1375.478649164839
2662,MADS116,i,18,ADS,62.54095089435648,136.10768713581933,412.64729032913505,2593.8838272826165
2663,MADS116,i,18,ADS,64.28107240657064,71.37354325415401,382.87703032454056,2259.3554639465665
2664,MADS116,æ,18,ADS,65.73,69.99999999999318,681.263535620737,1689.3253621621554
2665,MADS116,a,18,ADS,65.97234944041189,127.65055958810478,703.7138972578373,1212.3209682865436
2666,MADS116,a,18,ADS,66.59,98.86452613575614,622.6007461978932,1314.5133035718234
2667,MADS116,i,18,ADS,68.78,39.99999999999204,498.05145629543534,1801.02370626933
2669,MADS116,o,18,ADS,79.51573406333829,131.1281376064528,603.0448678507474,1168.2714489164305
2670,MADS116,u,18,ADS,79.9,134.32991441402464,449.256413255039,923.0768605209195
2671,MADS116,o,18,ADS,83.21509113415837,170.13460891976706,639.0617430649082,943.2671473118033
2672,MADS116,æ,18,ADS,85.00570226705833,131.9580625280139,779.8044824151937,1523.5748030429636
2673,MADS116,o,18,ADS,85.69,103.08656782031278,513.3925865632617,1120.9247760942826
2674,MADS116,a,18,ADS,87.9024579259556,152.70618556701265,676.1029068600799,1283.3486990505032
2675,MADS116,e,18,ADS,90.05648365712985,143.51634287015713,701.4367593775335,1749.617623990709
2676,MADS116,u,18,ADS,90.68,61.67800663679657,471.5459395179921,851.8837175243547
2677,MADS116,o,18,ADS,92.36581453453896,74.1854654610421,686.4637374631956,1138.3731811810962
2678,MADS116,a,18,ADS,93.1059360467532,138.59746190047417,670.7445148843569,1222.9128773418627
2679,MADS116,e,18,ADS,94.02,90.00000000000341,665.5858057200725,1821.122811634096
2681,MADS116,æ,6,ADS,4.14,90.65810084614156,938.3374371071221,1599.530643552913
2682,MADS116,o,6,ADS,4.66,169.99999999999994,570.8193316180872,1076.2324638042699
2683,MADS116,e,6,ADS,6.02,112.26975052471033,600.8432579296649,1947.687886112274
2684,MADS116,o,6,ADS,6.82,160.00000000000014,552.6173864769154,1114.604557981377
2685,MADS116,i,6,ADS,8.16,90.64735632071574,368.95228738880024,2429.8954282289415
2686,MADS116,u,6,ADS,10.06,229.99999999999864,399.9386254984574,903.5758498343928
2687,MADS116,u,6,ADS,11.29,200.00000000000108,423.69219033776056,995.3061068755615
2688,MADS116,u,6,ADS,11.7,250.0,466.5838045448185,893.2421089878735
2689,MADS116,i,6,ADS,12.61,120.000000000001,359.7467091456019,2510.2117686240454
2690,MADS116,æ,6,ADS,16.32,169.99999999999815,873.4107855835922,1565.1792614702695
2691,MADS116,æ,6,ADS,18.23514920200881,104.85079799119035,784.1153277706505,1629.0369788225184
2692,MADS116,æ,6,ADS,20.62035024155414,106.11799103342179,797.4497678171405,1739.479743082044
2693,MADS116,u,6,ADS,21.12990698318609,186.89437226782246,443.6666771070913,945.4018766096049
2694,MADS116,e,6,ADS,24.39,121.23720729938015,572.6298940756122,2192.817322638282
2695,MADS116,æ,6,ADS,24.6,201.0818693757379,989.6619771182952,1567.004979120496
2696,MADS116,u,6,ADS,25.64,120.48705280865946,375.2758070435176,1054.0481394558049
2697,MADS116,æ,6,ADS,33.68,179.99999999999972,883.0316925923555,1692.874847110443
2698,MADS116,u,6,ADS,35.23,155.56559836650052,418.68068467590433,725.9210583220582
2699,MADS116,u,6,ADS,36.52,239.99999999999488,373.6758951153946,760.467248612484
2700,MADS116,e,6,ADS,39.92,140.00000000000057,663.1546768241232,1846.1000353118177
2701,MADS116,a,6,ADS,41.03,100.00000000000142,855.480390373749,1472.402212183207
2702,MADS116,e,6,ADS,42.83,120.00000000000455,735.9687266628441,2013.5996959259282
2703,MADS116,a,6,ADS,44.6,119.99999999999744,807.4243728252123,1323.5697039387237
2704,MADS116,o,6,ADS,45.38,126.16780783087478,539.9466553421546,1151.2387285897898
2705,MADS116,o,6,ADS,47.57,131.96944548077738,539.4138765017552,1124.5235484675954
2706,MADS116,æ,6,ADS,52.93,141.65380664550042,651.2190780653962,1809.1204340998995
2707,MADS116,i,6,ADS,53.48341803624854,128.29189960756082,374.02118509274743,2470.0015784377024
2708,MADS116,i,6,ADS,56.53943314284562,121.95649715781087,376.86629605674733,2362.319497442274
2710,MADS116,a,6,ADS,61.96,145.23194359811953,851.5189727338803,1393.6252391099922
2711,MADS116,e,6,ADS,63.2149471866212,88.85088177343903,620.6527366660066,2064.9844389576597
2712,MADS116,a,6,ADS,63.56,159.9999999999966,828.2557655650014,1359.2851143648156
2713,MADS116,a,6,ADS,65.06,164.19019890508935,625.2494491038456,1286.1574590593398
2714,MADS116,æ,6,ADS,67.47882385290092,100.36858867000831,739.4962911042616,1744.2903575094256
2715,MADS116,i,6,ADS,68.0300283972362,97.07781527099257,385.35556233136316,2430.825252398698
2716,MADS116,e,6,ADS,69.97758859118738,132.41140881261515,587.5152969023153,2079.1978523349153
2717,MADS116,e,6,ADS,71.25,79.9999999999983,606.3190608970286,1951.4573408120405
2718,MADS116,i,6,ADS,73.44,62.45860590260577,385.7316722657293,2131.216126801033
2719,MADS116,i,6,ADS,73.77394741132147,76.05258867852172,436.4550198909439,2194.480989232647
2720,MADS116,a,6,ADS,74.06,102.06684341686412,725.8476128649986,1533.8339260314444
2721,MADS116,i,6,ADS,81.03,122.53458586735633,399.2628709257605,2309.582815792812
2722,MADS116,i,6,ADS,82.92311979512709,108.59552216754764,368.53480517470814,2231.967468025734
2723,MADS116,æ,6,ADS,84.65,76.88129896092732,703.4779070044582,1696.3915934410275
2724,MADS116,a,6,ADS,84.96875314378866,141.5032561577192,722.516716513911,1337.6202913742427
2725,MADS116,a,6,ADS,86.25,120.00000000000455,653.5821740473871,1232.7334199942768
2726,MADS116,o,6,ADS,88.6,55.597833911178896,463.54453366413117,1202.5804080258458
2727,MADS116,i,6,ADS,88.85,83.66818612807947,524.2799947330724,1943.107703670105
2728,MADS116,u,6,ADS,92.44,120.00000000000455,378.0360888041112,1115.6411270107806
2729,MADS116,o,6,ADS,104.0585385654791,72.3358171909041,585.6906349352332,1399.468551710544
2730,MADS116,u,6,ADS,104.42,118.8009583041918,397.1146527010128,896.017213793153
2731,MADS116,o,6,ADS,107.95,145.30104820649115,627.0362941243985,1031.6321381020368
2732,MADS116,æ,6,ADS,109.7165242765166,103.47572348339895,742.7803216474638,1698.780344542543
2733,MADS116,o,6,ADS,110.28,129.99999999999545,676.4576749473576,1121.7312923811116
2734,MADS116,a,6,ADS,112.99,150.00000000000568,793.6519651309887,1351.3383443418206
2735,MADS116,e,6,ADS,114.48,129.99999999999545,588.0370834631613,1781.0865655015393
2736,MADS116,u,6,ADS,114.89,92.74553412099351,420.33905646517417,822.0194778011308
2737,MADS116,o,6,ADS,116.48,99.99999999999432,626.4783155410804,1254.799238385115
2738,MADS116,a,6,ADS,117.2582169308855,130.44163755741067,711.940507848166,1374.9135969101046
2739,MADS116,e,6,ADS,118.41,100.00000000000853,704.2834380136411,1816.2655218318682
2740,MADS116,o,6,ADS,119.732963564104,129.2558044888068,614.2576642825857,1144.6184086185197
2741,MADS116,æ,9,ADS,4.11,76.46414685873194,977.8111602976759,1738.7703633252645
2742,MADS116,o,9,ADS,4.546360945308257,133.6390546917423,634.5841271860122,1312.380619297935
2743,MADS116,e,9,ADS,5.52,70.00000000000028,585.4110627223296,1869.4306515207963
2744,MADS116,o,9,ADS,6.267581666510278,129.85966954364335,593.9624485704701,1094.553542990638
2745,MADS116,i,9,ADS,7.36,59.99999999999961,387.0626032789923,2200.0108527447746
2747,MADS116,u,9,ADS,9.57,149.65259097083106,430.5127894587349,769.7248456669523
2748,MADS116,u,9,ADS,9.87,130.0000000000008,424.71899439025935,942.2301284611247
2749,MADS116,i,9,ADS,10.38,80.00000000000007,393.6018169879407,2324.0206677696915
2751,MADS116,æ,9,ADS,14.67308487087719,113.16342631661058,779.1276092618378,1635.5737451904263
2752,MADS116,æ,9,ADS,16.58227697917053,94.61204495321951,762.9703106106947,1633.4992186821842
2753,MADS116,u,9,ADS,17.02194471748258,118.05528251742103,444.4546104072067,880.5435324823216
2754,MADS116,e,9,ADS,18.69924771976139,105.74287377124847,544.2721617447589,1946.9858417128335
2755,MADS116,æ,9,ADS,18.9107334673039,179.2665326961007,990.8390755407091,1667.1450688637276
2756,MADS116,u,9,ADS,19.75667645747391,93.32354252608965,410.7251545663535,1059.852965953207
2757,MADS116,æ,9,ADS,25.8,179.99999999999972,856.9493137791491,1640.3696576873317
2758,MADS116,u,9,ADS,26.91,96.3266165015888,448.51680292395287,844.907028686516
2759,MADS116,u,9,ADS,27.85,176.65259148735757,466.634706831595,809.9657423841709
2760,MADS116,e,9,ADS,30.34349402224487,133.56994581631199,706.0928403592933,1805.4382065552672
2761,MADS116,a,9,ADS,31.65713579557342,94.61204495323017,720.3296771338244,1363.63751438831
2762,MADS116,a,9,ADS,34.52,99.99999999999432,763.9969870323227,1383.9028063200449
2763,MADS116,o,9,ADS,35.22,116.88510085527781,546.6658761927082,1241.840652558762
2764,MADS116,o,9,ADS,37.53,90.01502662162153,568.8670329440467,1222.245861115311
2765,MADS116,æ,9,ADS,40.21541059461392,104.58940538607919,748.7066891602124,1693.48202324509
2766,MADS116,i,9,ADS,40.77195203551525,98.04796448474917,391.92106087264665,2288.8241857556313
2767,MADS116,i,9,ADS,43.06466045013773,85.33954986226888,387.1113295458783,2452.3405143612317
2768,MADS116,e,9,ADS,47.85288344950933,87.11655049066991,602.6430115479296,1788.2062074855683
2769,MADS116,a,9,ADS,48.09405140723324,95.94859276676004,778.2161714080412,1458.394425880556
2770,MADS116,e,9,ADS,49.14546843584433,76.06066358984975,652.7533413823612,2040.3269976175425
2771,MADS116,a,9,ADS,49.45,119.99999999999744,823.1731091326253,1394.8746260855291
2772,MADS116,a,9,ADS,50.67,109.99999999999943,697.0258256699577,1388.4005234018712
2773,MADS116,æ,9,ADS,52.61789488660425,100.17745936224287,729.0006009025789,1710.5150036281896
2774,MADS116,i,9,ADS,53.11692704527911,73.07295472088526,394.35190668305177,2342.8393389368243
2775,MADS116,e,9,ADS,54.89570804190797,94.29195809202895,607.8374308690721,2079.5976530385924
2776,MADS116,e,9,ADS,57.11843932752156,86.03859011580539,641.2258644419012,1976.2701837445106
2777,MADS116,i,9,ADS,58.46,49.99999999999716,399.21197596890016,2220.2187251364157
2778,MADS116,i,9,ADS,58.76050631861648,79.49368138352497,403.9987192251944,2276.0961205585772
2779,MADS116,a,9,ADS,59.11902595837992,100.37835513508497,672.1128666918656,1475.0984947079905
2780,MADS116,i,9,ADS,65.87722315930483,102.77684069517079,401.8115482077119,2383.7587048379837
2781,MADS116,i,9,ADS,68.05858034508846,80.66117823355512,358.6076698089788,2323.5674650778406
2782,MADS116,æ,9,ADS,69.61,90.00000000000341,720.1901445498208,1608.8024297676955
2783,MADS116,a,9,ADS,69.90584889804185,114.15110195814293,754.8804134987258,1448.2533281715403
2784,MADS116,a,9,ADS,71.21,109.99999999999943,695.3957524790625,1345.7572742106156
2785,MADS116,o,9,ADS,73.06501351466066,74.9864853393376,665.9835512989847,1214.7380641107727
2786,MADS116,i,9,ADS,73.3776160678017,51.08541288124968,541.1178999243342,1836.3512089083597
2787,MADS116,u,9,ADS,76.84322051174753,108.44447295843906,405.6779777236124,921.3989488032487
2788,MADS116,o,9,ADS,85.73923926790982,110.76073209017068,549.8130467349955,1234.7668841437112
2789,MADS116,u,9,ADS,86.67,106.7999720389139,405.5614945731098,770.5166734153769
2790,MADS116,o,9,ADS,89.9,140.00000000000057,621.9098052762531,1029.6025437727958
2791,MADS116,æ,9,ADS,91.5,128.07351095800357,808.4699337392727,1661.6752434519337
2792,MADS116,o,9,ADS,92.06079711041664,101.27459044879572,599.5963181329406,1110.8082833945414
2793,MADS116,a,9,ADS,94.28,159.9999999999966,701.7267262989509,1359.1249448981844
2794,MADS116,e,9,ADS,96.18,103.2550875178515,631.6319502576077,1895.6292847988911
2795,MADS116,u,9,ADS,96.61,70.00000000000739,454.8822962907427,840.6757567124383
2796,MADS116,o,9,ADS,98.31730967484825,95.89717856655966,607.3636781698502,1213.7146521551613
2797,MADS116,a,9,ADS,99.06,140.00000000000057,692.1952768604555,1390.9632207827174
2798,MADS116,o,9,ADS,101.2525008701415,97.49912985849107,558.8624103214083,1158.5359467174599
2799,MADS117,æ,12,ADS,3.0,140.0000000000001,997.5021527774956,1592.4030984117758
2800,MADS117,o,12,ADS,3.677189630672752,132.810369327248,534.4491653933901,881.6589552993978
2801,MADS117,e,12,ADS,4.372233914011479,158.80707074617817,505.151942299054,2352.5894110358627
2802,MADS117,o,12,ADS,5.261296513575392,152.25832556076924,465.6916155507055,827.1736483498123
2803,MADS117,i,12,ADS,6.37,99.99999999999964,372.51868836003433,2510.9010214843834
2804,MADS117,u,12,ADS,8.91,199.9999999999993,420.4896992526439,774.0678582041713
2805,MADS117,u,12,ADS,10.08583351410287,148.9839529680701,423.41108489337273,825.1511214102436
2806,MADS117,u,12,ADS,10.43946575411498,300.53424588501974,378.26871731548806,817.3893677498627
2807,MADS117,i,12,ADS,11.14007177481834,99.92822518166022,410.3334138288686,2415.7690521430045
2808,MADS117,æ,12,ADS,14.31,160.00000000000014,860.7910623798282,1805.31130891547
2809,MADS117,æ,12,ADS,15.46,149.99999999999858,813.0035057827904,1706.139980424316
2810,MADS117,æ,12,ADS,17.15325298692736,106.747013072642,745.1307037909307,1686.5213834621302
2811,MADS117,u,12,ADS,17.72436461565369,209.55984593310717,458.65451119233086,1394.0374903633128
2812,MADS117,e,12,ADS,20.12924229736898,90.75770263102001,489.6103160993013,2296.8499131409853
2813,MADS117,æ,12,ADS,20.35026244737655,199.73672815498844,884.2507274617515,1722.976043816755
2814,MADS117,u,12,ADS,21.00208970853454,129.33771741183975,415.71914865340074,765.445049656648
2815,MADS117,u,12,ADS,28.13,150.00000000000213,436.11087712316447,773.024342422897
2816,MADS117,u,12,ADS,29.17,149.99999999999858,428.008947711777,890.4097462110078
2817,MADS117,e,12,ADS,31.95,140.00000000000412,650.1081785386889,2081.520596887041
2818,MADS117,a,12,ADS,33.46,84.54960587840787,689.0368259996707,1468.4578939285775
2819,MADS117,e,12,ADS,35.32565930868341,114.34069131658475,696.025760004365,2169.0478652644642
2820,MADS117,a,12,ADS,36.47183059741923,118.1694025807758,860.7624821781405,1400.6115604721335
2821,MADS117,o,12,ADS,37.32,79.9999999999983,487.66935402543413,1270.839284727059
2822,MADS117,o,12,ADS,38.71,133.6042436473761,546.891632249306,969.1080699868135
2823,MADS117,æ,12,ADS,42.24,119.99999999999744,630.7554792548602,1709.1320252752344
2824,MADS117,i,12,ADS,42.81850431007366,91.49568992633306,381.0964794178267,2625.9783787265683
2825,MADS117,i,12,ADS,44.63101042142486,118.98957857513892,348.99410846778346,2683.1955134697146
2826,MADS117,e,12,ADS,48.0,85.70830887690306,406.98627892137665,2267.7891818100707
2827,MADS117,a,12,ADS,48.3,109.87119555467473,678.3457000851505,1317.6607904070545
2828,MADS117,e,12,ADS,49.1766618070174,93.31961889207463,551.5709715224357,2042.7023088087165
2829,MADS117,a,12,ADS,49.54,189.99999999999773,974.8624038146319,1518.6902022545714
2830,MADS117,a,12,ADS,51.03,140.00000000000057,788.1998174277276,1267.5207904226859
2831,MADS117,æ,12,ADS,53.06317729365546,88.40806000303303,689.3248776204086,1854.4462540772824
2832,MADS117,i,12,ADS,53.52158945663412,78.41054336588371,365.9645243207104,2473.5559828263054
2833,MADS117,e,12,ADS,55.18791596391441,72.08403608558456,513.2671076786585,2330.5352327098417
2834,MADS117,i,12,ADS,57.64,39.99999999999915,382.74295028762117,2417.9873506969275
2835,MADS117,i,12,ADS,57.87,60.000000000002274,433.16363314828186,2283.4055119281093
2836,MADS117,a,12,ADS,58.12,100.00000000000142,745.740266957008,1374.2842465089188
2837,MADS117,i,12,ADS,63.98324832501967,112.96585444830498,349.4587843440013,2387.337326160419
2838,MADS117,i,12,ADS,65.77938257340732,99.86836407749422,310.4488987384567,2413.305267229992
2839,MADS117,æ,12,ADS,66.97596980798482,111.32866815195541,813.4087046669616,1752.5583378521876
2840,MADS117,a,12,ADS,67.26,112.16889170209754,659.1064918470117,1434.7261249659532
2841,MADS117,a,12,ADS,68.31707598012201,94.9568051884313,619.7369828908297,1321.3851811386112
2842,MADS117,o,12,ADS,70.17,290.94390181194285,612.4596720768259,904.4011913146346
2843,MADS117,o,12,ADS,82.6,130.00000000000966,505.5122038890703,983.8289225488184
2844,MADS117,u,12,ADS,83.03,79.9999999999983,360.10639302240065,673.2418059517125
2845,MADS117,o,12,ADS,86.47,120.00084443080539,488.05424929564606,884.0245247868568
2846,MADS117,e,12,ADS,87.93,119.99999999999034,766.8959352547862,1800.700154895366
2847,MADS117,o,12,ADS,88.55,60.000000000002274,455.9021596974536,1071.7971369685777
2849,MADS117,e,12,ADS,91.94,79.9999999999983,579.2068287372829,2189.147232679711
2851,MADS117,o,12,ADS,93.57,100.00000000000853,560.3989334179361,1285.7899375423024
2852,MADS117,a,12,ADS,94.27058180556132,112.96585444831919,629.1374769153128,1263.3137309983833
2853,MADS117,o,12,ADS,96.2057436947886,112.96585444831919,403.08294064093985,1041.1300998834004
2854,MADS117,æ,15,ADS,4.51,111.34634568700541,744.6959486149225,1762.7943006224523
2855,MADS117,o,15,ADS,5.016036089519494,133.9639104805066,505.11268530858314,1081.9754819439227
2856,MADS117,e,15,ADS,6.3,97.78614170705512,697.3436248172791,2102.2910773442836
2857,MADS117,o,15,ADS,6.946647722431972,133.35227756802848,576.5011363874378,963.2930741951992
2858,MADS117,i,15,ADS,7.89,80.00000000000007,413.5226170020467,2545.588092476837
2859,MADS117,u,15,ADS,9.7134739170436,145.9140653763651,526.9118207284995,2445.2443625646893
2860,MADS117,u,15,ADS,10.75081966248318,149.18033751682103,374.83712826818,796.6788393685736
2861,MADS117,u,15,ADS,11.05262712669664,282.6263428461093,356.3996293173084,763.150198940277
2862,MADS117,i,15,ADS,11.80012163189991,79.87836810009163,407.38411807598555,2464.3474668685735
2863,MADS117,æ,15,ADS,14.67,130.0000000000008,787.0966249274583,1909.9703437839926
2864,MADS117,æ,15,ADS,16.62,98.94483394360876,696.5059776340431,1781.8227007821417
2865,MADS117,æ,15,ADS,18.05184550376545,107.79237262038066,722.8133432771027,1670.6424388042813
2866,MADS117,u,15,ADS,18.70052073438607,184.0357581323495,393.96210019051466,798.191603611531
2867,MADS117,e,15,ADS,21.46,70.07899942426832,522.8519491035877,2152.892715768759
2868,MADS117,æ,15,ADS,21.6102660083248,144.5995242468392,845.4113021430034,1859.488513531542
2869,MADS117,u,15,ADS,22.48519138725347,114.80861274653265,379.380307625721,853.61664431309
2871,MADS117,u,15,ADS,30.14,126.41074917365813,439.5189241413385,657.791424931302
2872,MADS117,u,15,ADS,31.45,160.00000000000014,367.8015484667357,723.5589005055768
2873,MADS117,e,15,ADS,34.22,149.99999999999858,504.57616549023606,2156.2229231659776
2874,MADS117,a,15,ADS,35.37,105.74156684630509,581.0218799734585,1392.6748165237464
2875,MADS117,e,15,ADS,36.97,97.07317989803244,606.8814161229484,2079.1657493125917
2876,MADS117,a,15,ADS,38.03143406613422,109.98089293552482,608.7106500932871,1417.0073047042672
2877,MADS117,o,15,ADS,38.78,100.00000000000142,546.5676397986005,1338.443242459385
2878,MADS117,o,15,ADS,40.61438219642067,104.74370755763118,463.72616713838187,1087.5248521024128
2879,MADS117,æ,15,ADS,44.11,108.16136343843397,742.312931579616,1737.6690571134145
2880,MADS117,i,15,ADS,44.60473448838547,113.90878196893084,385.033438122791,2503.8486940299304
2881,MADS117,i,15,ADS,46.32,109.98640613576782,348.3127844792695,2582.1585018258106
2882,MADS117,e,15,ADS,49.4300314772102,96.88792949079783,587.019462076627,2158.0197541436323
2883,MADS117,a,15,ADS,49.65,100.00000000000142,711.4638747758667,1460.4532082378807
2884,MADS117,e,15,ADS,50.60622503797177,104.74370755763829,545.847517621244,1934.9921621667365
2885,MADS117,a,15,ADS,50.93,119.99999999999744,781.1507779728352,1471.2109399950036
2886,MADS117,a,15,ADS,52.51,123.60970378151848,660.5502867055129,1517.1328630651037
2887,MADS117,æ,15,ADS,54.14,110.45572502852963,653.5776582675448,1767.0695024772483
2888,MADS117,i,15,ADS,54.76019381744871,77.24848432376064,418.1429512646099,2499.3742498498514
2889,MADS117,e,15,ADS,56.96248934136305,87.72285507951949,580.7235002250324,2171.761509052682
2890,MADS117,e,15,ADS,58.0,100.21219712386653,560.7333024996584,2106.5586905728796
2891,MADS117,i,15,ADS,59.68239055026734,57.60944973265936,399.34777592801595,2425.141621544218
2892,MADS117,i,15,ADS,59.98,72.92141575246092,442.05490602957735,2250.5102322874845
2893,MADS117,a,15,ADS,60.21,119.18294443572108,651.2330166961174,1385.1186772274943
2894,MADS117,i,15,ADS,65.93,129.99999999999545,374.8672972081605,2620.4737993500507
2895,MADS117,i,15,ADS,67.66232068990726,108.6715965910372,394.83029176375067,2516.4400879742393
2896,MADS117,æ,15,ADS,69.22544000548471,104.55999451528442,779.429043923323,1817.4491139371532
2897,MADS117,a,15,ADS,69.49,109.99999999999943,828.3675277597956,1184.3682614493987
2898,MADS117,a,15,ADS,72.45,84.79790267954002,606.6093143309166,1285.7612633135902
2899,MADS117,o,15,ADS,74.6843689429462,55.63105705380167,442.4252238284878,1271.052511152758
2900,MADS117,i,15,ADS,74.90257769151107,47.42230848893314,379.21291315541697,1724.6198758133985
2901,MADS117,u,15,ADS,78.38,122.69048827120344,381.60875116969265,825.6355848938196
2902,MADS117,o,15,ADS,88.27,150.00000000000568,523.305793659334,1055.7342587372523
2903,MADS117,u,15,ADS,88.78,99.99999999999432,382.7086609749732,616.0319859653937
2904,MADS117,o,15,ADS,92.3,170.0000000000017,481.3563153243324,708.7073936704842
2905,MADS117,e,15,ADS,94.06001638219712,121.76456003575709,723.2207105035768,1806.7209367706744
2906,MADS117,o,15,ADS,94.61,95.64796116342222,555.5006980328353,1296.5626287252162
2907,MADS117,a,15,ADS,96.77,120.00000000000455,689.4656938944674,1273.0410619274762
2908,MADS117,e,15,ADS,98.2,99.99999999999432,621.5850286782402,2132.4916070601016
2909,MADS117,o,15,ADS,100.06,79.9999999999983,598.3015898134963,1496.7536033889985
2910,MADS117,a,15,ADS,100.69,109.99999999999943,700.6641657835052,1174.8199426592935
2911,MADS117,e,15,ADS,101.5,99.99999999999432,667.5299250282927,1768.2387533217202
2912,MADS117,o,15,ADS,102.596147763964,143.85223603599684,461.12352255533835,921.288788798711
2913,MADS117,æ,18,ADS,3.032960800929996,70.60640547968688,917.0957193741477,1589.1215103662903
2914,MADS117,o,18,ADS,3.501476846145145,144.40693635141199,559.1546506577805,1235.0087118307633
2915,MADS117,e,18,ADS,4.66344881079104,81.33264231286397,493.2635051840974,1953.5511422672032
2916,MADS117,o,18,ADS,5.346861623150967,133.1383768490335,482.4466414598664,1155.7745439992386
2917,MADS117,i,18,ADS,6.467452480670013,106.9044500784404,336.52057853628673,2251.4469348184334
2918,MADS117,u,18,ADS,7.847573397579467,212.4266024205337,359.5893832672058,848.6398673433687
2919,MADS117,u,18,ADS,8.87,161.03639063191721,385.44423511184306,782.7777765817618
2920,MADS117,u,18,ADS,9.193715542357602,270.5555244285058,355.74896410023587,762.2655039407065
2921,MADS117,i,18,ADS,9.783180608471453,89.63189152846418,361.6945579525102,2350.9297052454094
2922,MADS117,æ,18,ADS,12.35,108.79104101294068,773.3614573081579,1861.4879420532018
2923,MADS117,æ,18,ADS,13.57372016472432,87.81985376513113,722.8195250479116,1587.5793171552473
2924,MADS117,æ,18,ADS,14.84479668590318,72.19611441058049,647.1813716675745,1821.8305442901058
2925,MADS117,u,18,ADS,15.26,183.16520058269958,405.3076088682386,714.1454403799822
2926,MADS117,e,18,ADS,16.91560086701771,74.6932429403806,739.7806793143195,2090.860914134191
2927,MADS117,æ,18,ADS,17.04474576983415,185.25423016584952,931.8845743271559,1430.8686728537684
2928,MADS117,u,18,ADS,17.8021736622889,84.65234199909943,317.5883410998763,894.1941066499389
2929,MADS117,æ,18,ADS,24.85449252017041,106.23038995965928,734.1891395630779,1768.7981136749634
2930,MADS117,u,18,ADS,25.92,129.999999999999,399.80516036084845,720.8626866849503
2931,MADS117,u,18,ADS,26.79,170.0000000000017,338.31031996985485,864.0538662889559
2932,MADS117,e,18,ADS,29.37006625392212,131.12813760645992,754.3075737762082,2051.3964711153635
2933,MADS117,a,18,ADS,30.54957222097726,74.6932429403877,719.6135072371698,1409.7245825911339
2934,MADS117,e,18,ADS,31.75,97.46007956087155,686.6920752981212,1627.2212838215437
2935,MADS117,a,18,ADS,33.23,107.14351748101336,740.5019906685457,1402.6961603384727
2936,MADS117,o,18,ADS,33.97,84.39320932320271,531.7496428823388,1266.1911563356682
2937,MADS117,o,18,ADS,35.24,117.54608359477459,542.7661221944685,1342.1544077462688
2938,MADS117,æ,18,ADS,37.58321856790661,116.78143209338998,783.4712877338499,1752.5928943043666
2939,MADS117,i,18,ADS,38.0834607519048,106.53924809519566,369.8609745378421,2386.3153293342684
2940,MADS117,i,18,ADS,40.16734662146993,144.4069363514089,327.85472868120706,2737.662668455542
2941,MADS117,e,18,ADS,43.54002255154595,56.43489466606866,690.0800329997894,2051.678274448459
2942,MADS117,a,18,ADS,43.75912273083775,122.82888839085615,769.7143365667463,1336.9420641316192
2943,MADS117,e,18,ADS,44.71674137158175,69.71369341103184,627.1557152655383,2077.632907853945
2944,MADS117,a,18,ADS,45.02,119.58412707252819,969.2349016374811,1355.1079214982526
2945,MADS117,a,18,ADS,46.57966270730554,101.25084043031052,811.1425375155156,1424.0447819225496
2946,MADS117,æ,18,ADS,48.23051840542289,92.95159121470675,662.3980025259087,1741.1438913357142
2947,MADS117,e,18,ADS,50.49944181420806,91.29174137158458,582.8334341993491,2057.137889999293
2948,MADS117,e,18,ADS,51.40701919091861,51.45534513670924,524.3918667745074,1915.6669281448499
2950,MADS117,i,18,ADS,52.90546209659254,43.15609592111258,331.41646237620887,2017.3015334843828
2951,MADS117,a,18,ADS,53.15609942290361,93.90057709639166,740.3479256457828,1469.6901383010775
2952,MADS117,i,18,ADS,58.63,99.99999999999432,349.46187686132845,2355.0188229311193
2953,MADS117,æ,18,ADS,61.44613501607083,100.83587796952997,844.3272183187745,1536.9494212058994
2954,MADS117,a,18,ADS,61.69,120.00000000000455,735.5372185807678,1407.8668688027542
2955,MADS117,a,18,ADS,62.51681715037961,79.67279246974357,637.7394086556285,1258.5238764286328
2956,MADS117,o,18,ADS,64.45896458986853,41.49624607799751,473.4460181110415,1195.3587207725918
2957,MADS117,i,18,ADS,64.64320792245482,41.49624607799751,437.8494935309661,1629.1311265468746
2958,MADS117,u,18,ADS,68.13053703496024,86.31219184222516,364.04202035728804,1058.163872606286
2959,MADS117,o,18,ADS,76.49154513110503,94.61144105782182,488.40595749175884,1267.7950708749593
2960,MADS117,u,18,ADS,76.91,120.00000000000455,357.4909078929977,803.5588018895845
2961,MADS117,o,18,ADS,80.05901753697668,140.9824630233203,458.54935816267357,981.9467826718997
2962,MADS117,æ,18,ADS,81.72,105.05406768032799,737.7502867067711,1721.1421683422564
2963,MADS117,o,18,ADS,82.22,83.09082249880362,505.24392171857284,1274.4039777757112
2964,MADS117,a,18,ADS,84.36461830456955,116.18948901838166,724.1421066171306,1305.4229357929682
2965,MADS117,e,18,ADS,85.33,109.99999999999943,628.8687916575782,2028.2831836096789
2967,MADS117,o,18,ADS,86.92,59.142340876036315,494.3712676873264,1455.6934458022604
2968,MADS117,a,18,ADS,87.63,137.99389287066788,706.5645713132756,1315.7639252358438
2969,MADS117,e,18,ADS,88.4,115.93890071462454,673.9113177515947,2083.6046059039236
2970,MADS117,o,18,ADS,89.31038351635782,99.59099058717413,513.1868457783787,1168.8883472143325
2971,MADS117,æ,6,ADS,3.15,100.00000000000009,1069.7015886189401,1844.103266025323
2972,MADS117,o,6,ADS,3.64,169.99999999999994,545.4346059840404,1092.5455712088315
2973,MADS117,e,6,ADS,4.77,122.11061384729938,558.5816770586587,1903.186213410553
2974,MADS117,o,6,ADS,5.45,149.99999999999946,440.9901340965276,1085.9798102435343
2975,MADS117,i,6,ADS,6.64,105.59603000804341,365.829615281147,2457.493975403454
2976,MADS117,u,6,ADS,8.21,252.92637126928065,432.3047713391412,930.9957659689253
2977,MADS117,u,6,ADS,9.19,169.99999999999994,430.38029425887316,811.9228849893935
2978,MADS117,u,6,ADS,9.51,377.8731578613801,444.8611575926747,729.0147764158861
2979,MADS117,i,6,ADS,10.29,97.1056846691809,373.95196075264,2301.695673026485
2980,MADS117,æ,6,ADS,14.31,150.00000000000034,728.0373633089832,1645.1330406739255
2981,MADS117,æ,6,ADS,16.04,121.97412428838916,649.9079976206842,1774.2246342544313
2982,MADS117,u,6,ADS,16.48565332165727,179.31280771433933,388.44834573666816,2006.1977689202772
2983,MADS117,e,6,ADS,18.26,70.49673313702698,571.1320339081873,1945.2419692602016
2984,MADS117,æ,6,ADS,18.43,197.3321242857793,1050.6943049788874,1697.1402952484132
2985,MADS117,u,6,ADS,19.03,146.23914512253933,420.7406332760528,917.3845556488862
2986,MADS117,æ,6,ADS,25.49,166.23505720574272,786.0200901521142,1802.1860099231315
2987,MADS117,u,6,ADS,26.68,136.20557261726063,437.33591689945916,808.3903689804325
2988,MADS117,u,6,ADS,27.5,190.00000000000128,365.33981833189785,720.3017800399065
2989,MADS117,e,6,ADS,30.18,149.99999999999858,650.0181603727225,2040.396396171316
2990,MADS117,a,6,ADS,31.33,80.00000000000185,740.0989713836439,1443.0631742679154
2991,MADS117,e,6,ADS,32.52,129.99999999999545,665.7251141542708,1925.7435631201492
2992,MADS117,a,6,ADS,33.79,109.99999999999943,696.4771093369399,1414.682645259553
2993,MADS117,o,6,ADS,34.51,120.00000000000455,511.69579640649954,1143.649776621255
2994,MADS117,o,6,ADS,35.9162021138419,113.79788615810327,539.0258259781217,918.9187748744574
2995,MADS117,æ,6,ADS,38.09,98.56980967560958,665.8309133382353,1808.1284603198292
2996,MADS117,i,6,ADS,38.54113755997881,128.8624400211944,320.643254834546,2345.048380402764
2997,MADS117,i,6,ADS,40.32,169.045175344408,285.63834598299707,2441.0707948878257
2998,MADS117,e,6,ADS,44.51078350393308,110.25314528382069,652.4337066234026,2211.4611418965014
2999,MADS117,a,6,ADS,44.78,147.56462456642083,536.7673676720489,1359.935343812735
3000,MADS117,e,6,ADS,45.92205279407579,122.36887553478937,653.9366915471371,2157.8804080696527
3001,MADS117,a,6,ADS,46.3,190.00000000000483,938.699835759784,1366.9163742545657
3002,MADS117,a,6,ADS,47.67,140.00000000000057,900.0704841348385,1582.2297444742865
3003,MADS117,æ,6,ADS,49.53,118.6422569141996,627.7383680474637,1692.4671194177442
3004,MADS117,i,6,ADS,49.94,109.99999999999943,385.4696742258395,2225.0672775231756
3005,MADS117,e,6,ADS,51.42,129.18982138566548,596.8802244150743,2145.7912090567415
3006,MADS117,e,6,ADS,52.38,127.41129689477049,603.8947062899832,2030.0756921495258
3007,MADS117,i,6,ADS,54.02,71.22711513734714,304.87924458425084,2080.3117479544653
3008,MADS117,a,6,ADS,54.3,130.4675621644904,653.6097394041227,1521.7504973813823
3009,MADS117,i,6,ADS,60.11,130.00000000000256,307.655470511057,2585.721623143391
3010,MADS117,i,6,ADS,61.89009078044514,140.54247091123528,340.77739669876934,2161.8999900587696
3011,MADS117,æ,6,ADS,63.02301223368368,119.94572948459847,667.1343062354384,1741.9904420067926
3012,MADS117,a,6,ADS,63.31621290575713,133.7870942428694,616.522772427046,1218.8991239732227
3013,MADS117,a,6,ADS,64.34087366983616,106.61842620852724,613.3732081798433,1252.2765353452423
3014,MADS117,o,6,ADS,65.9,117.74714889568827,624.4633523414154,1272.2296277668977
3015,MADS117,u,6,ADS,69.3,150.00000000000568,393.93596978802293,939.1309789746543
3016,MADS117,o,6,ADS,77.47,188.69417004690092,592.6016432898791,1120.5497186562948
3017,MADS117,u,6,ADS,78.05,114.62050785888778,356.79921295262426,759.9868976914294
3018,MADS117,o,6,ADS,81.2269620222184,143.03797778160288,500.1057461652992,1163.137748468891
3019,MADS117,æ,6,ADS,82.99958600456573,138.11932486103728,736.2014701440793,1766.600279712584
3020,MADS117,o,6,ADS,83.56,79.9999999999983,569.0658941834707,1277.3205828573346
3021,MADS117,a,6,ADS,85.32718290101765,219.29471754253882,731.5035794235837,1239.6770095012032
3022,MADS117,e,6,ADS,86.5,99.99999999999432,538.7120137972441,1972.7856860685408
3023,MADS117,u,6,ADS,86.85,165.78568284982964,402.5870285459722,1736.033832557828
3024,MADS117,o,6,ADS,88.21,67.79000064761931,502.39268817610844,1552.498183361072
3025,MADS117,a,6,ADS,88.89904923795929,134.48460578575805,688.3596455885297,1340.311293923788
3026,MADS117,e,6,ADS,89.86,140.00000000000057,654.7152763656326,1847.5530516774606
3027,MADS117,o,6,ADS,90.85,114.3989400066232,456.59523850963075,1150.872407404758
3028,MADS118,æ,18,ADS,3.36,92.92455737329198,843.5229568700939,1610.9786778461091
3029,MADS118,o,18,ADS,3.927427162707221,137.76753697893352,501.3145657694994,1098.764900331645
3030,MADS118,e,18,ADS,5.07,147.05954655617947,492.17153369711286,1594.9904939972673
3031,MADS118,o,18,ADS,5.899080569251364,137.76753697893352,454.9483012381331,1143.3016002020352
3032,MADS118,i,18,ADS,7.137703804347727,142.296195652273,326.39528401969034,2580.6650600250405
3033,MADS118,u,18,ADS,8.79,191.3819475570602,319.0045917381623,545.0512031679359
3034,MADS118,u,18,ADS,9.703202179515827,137.7675369789344,344.5968181500195,645.5494069131885
3035,MADS118,u,18,ADS,10.0822753249663,235.69867772300057,310.08942211720284,850.2620800820868
3036,MADS118,i,18,ADS,10.73,119.99999999999922,347.11093422771205,2615.133468860381
3038,MADS118,æ,18,ADS,15.64463469296279,144.40693635141065,742.6087843621142,1632.290067730398
3039,MADS118,æ,18,ADS,17.17103933213806,84.65234199911009,708.0976785155498,1810.6775232900998
3040,MADS118,u,18,ADS,17.67,143.40122142537837,372.3607420133864,784.5967098922374
3041,MADS118,e,18,ADS,18.92801210219638,49.79549529359062,597.872408392202,1904.6245078576176
3042,MADS118,æ,18,ADS,19.1072758852533,144.40693635141955,848.2227060748509,1645.9159830155302
3043,MADS118,u,18,ADS,20.07845879090101,119.50918870461891,410.7329957042894,962.730082427939
3044,MADS118,æ,18,ADS,26.61373235096383,101.25084043029986,812.6329506916197,1818.3962402846087
3045,MADS118,u,18,ADS,27.89638124719871,116.18948901837811,430.1310616640077,793.8527143889271
3046,MADS118,u,18,ADS,28.93,164.3738794264209,470.36822141934186,1766.3391811167078
3047,MADS118,e,18,ADS,31.42762242268059,102.37757731941244,496.91105740724856,1927.434141433163
3048,MADS118,a,18,ADS,32.24,119.7674809504079,628.6445959486955,1352.5683296532084
3049,MADS118,e,18,ADS,33.63523546055589,129.46828776333774,686.0642817234633,2043.7386239569566
3050,MADS118,a,18,ADS,34.563057765576,101.25084043030341,742.2158638566256,1398.4158911019076
3051,MADS118,o,18,ADS,35.29,90.00000000000341,471.5029468240199,1107.954973058031
3052,MADS118,o,18,ADS,36.68,79.9999999999983,547.9217695664338,1272.8277879756677
3053,MADS118,æ,18,ADS,38.99,96.81771066767908,650.5751392514469,1764.324172210612
3054,MADS118,i,18,ADS,39.53248935454933,82.99249215598081,414.8162684006425,2191.4527011942573
3055,MADS118,i,18,ADS,41.45867562191814,107.8902398027779,346.50709008253074,2551.5903442021995
3056,MADS118,e,18,ADS,44.82494046951997,65.05953048002766,555.1957812378218,2113.3349301741696
3057,MADS118,a,18,ADS,45.11375434222279,119.50918870461891,667.7351446524475,1321.0020115396135
3058,MADS118,e,18,ADS,46.14627073061358,79.67279246974357,577.2815477387799,2185.2968069449503
3059,MADS118,a,18,ADS,46.47,162.60673464763897,459.8955686396602,1332.9452733461592
3060,MADS118,a,18,ADS,47.75,138.21366539610125,624.8956674130321,1397.287571297667
3061,MADS118,æ,18,ADS,49.75,76.01888166674797,582.3383667884991,1795.3859574044675
3062,MADS118,i,18,ADS,50.21650647131264,79.67279246973646,366.52806459279554,2342.7611727168187
3063,MADS118,e,18,ADS,51.83086928507321,92.95159121470675,540.5549125849418,1960.62377705375
3064,MADS118,e,18,ADS,53.06475515463838,58.09474450919083,531.7940963247235,1662.8382075296374
3065,MADS118,i,18,ADS,54.46395100291262,63.07429403855025,410.1640134913671,2238.445026173172
3066,MADS118,i,18,ADS,54.80588007059528,69.71369341103184,419.9549921816741,2517.2984183682997
3067,MADS118,a,18,ADS,55.12,107.7003025540435,675.3915173130373,1478.5608596907725
3068,MADS118,i,18,ADS,60.14580008964478,194.19991035522344,337.1124066987604,2636.707551033809
3069,MADS118,i,18,ADS,62.03999691842105,89.63189152846951,368.05980675118235,2437.8648579422106
3070,MADS118,æ,18,ADS,63.37422415592075,65.77584407924775,681.7957190371916,1790.8147035369577
3071,MADS118,a,18,ADS,63.63570624159444,139.42738682205658,664.4814307347297,1289.6563854624765
3072,MADS118,a,18,ADS,64.60482028798616,109.55008964589297,666.7728851782334,1368.3431142674901
3073,MADS118,o,18,ADS,66.56274820708065,61.41444419543518,536.918463233055,1350.4573537151532
3074,MADS118,i,18,ADS,66.79678703496053,44.81594576422765,532.4836298990393,1340.2550309584542
3075,MADS118,u,18,ADS,69.88381191169731,79.67279246975068,368.9648687773756,1037.3842311678745
3076,MADS118,o,18,ADS,77.23257759972918,97.93114074405196,480.6121732209441,1227.6281702445983
3077,MADS118,u,18,ADS,77.58612561631368,111.20993948901514,421.9255398077328,935.856216875527
3078,MADS118,o,18,ADS,80.72246988457887,102.91069027341848,414.32369409567593,1168.4822402308325
3079,MADS118,æ,18,ADS,82.43444461564104,162.6652846257315,785.0757483563152,1744.247089876427
3080,MADS118,o,18,ADS,83.08,111.33614410361758,410.89476791059803,1112.0988098740168
3081,MADS118,a,18,ADS,85.18,169.9999999999875,618.2438762176383,1333.2768594366717
3082,MADS118,e,18,ADS,86.72,79.66746974217642,496.29769172126794,1851.8198065773518
3083,MADS118,u,18,ADS,87.49,150.31628193398205,433.56519331320436,1218.819324371167
3084,MADS118,o,18,ADS,88.73930762550182,100.69237449818047,530.5933897748578,1289.8953881355772
3085,MADS118,a,18,ADS,89.53395674585143,131.1281376064528,574.9626790778136,1267.8421077628261
3086,MADS118,e,18,ADS,90.31,100.961032045916,471.1683431384821,1907.485579165269
3087,MADS118,o,18,ADS,91.43676210219384,83.23789780615698,511.51700712006294,1274.403033914504
3088,MADS118,æ,6,ADS,1.94,84.72229700788203,861.7138913814381,1544.2159528032018
3089,MADS118,o,6,ADS,2.406829978733933,113.1700212660669,513.4471714331795,1099.750118680897
3090,MADS118,e,6,ADS,3.24,142.3356787143457,472.31145399951083,2030.0942158916998
3091,MADS118,o,6,ADS,4.641789998220204,118.21000177979535,472.99030239264584,1116.5472414292517
3092,MADS118,i,6,ADS,5.79,110.00000000000031,353.8712704789167,2422.330462599262
3093,MADS118,u,6,ADS,7.53,200.00000000000017,339.78676444267353,677.1426312075744
3094,MADS118,u,6,ADS,8.49,164.76620279215481,424.65316476936476,861.8913801788472
3095,MADS118,u,6,ADS,8.88,279.63940475147274,395.2450679794244,830.2965183747087
3096,MADS118,i,6,ADS,9.75,130.0000000000008,378.6634644799741,2329.7966580789566
3098,MADS118,æ,6,ADS,14.77383318231531,135.04207225660105,726.6365550699113,1418.204644450267
3099,MADS118,æ,6,ADS,16.56,120.000000000001,838.9626254843832,1577.3042266483185
3100,MADS118,u,6,ADS,17.11963989847984,268.5495755102707,444.34341833923355,1529.1582670643315
3101,MADS118,e,6,ADS,18.71138328752419,147.31862427992226,580.3150615560459,2117.373917660088
3102,MADS118,æ,6,ADS,18.94770691397323,191.8211253644877,928.9305394549464,1479.3669874898542
3103,MADS118,u,6,ADS,19.68,122.46184859737141,342.1442735678331,972.8480059016672
3105,MADS118,u,6,ADS,28.0,154.40193646760036,372.95959280815555,753.664764724623
3106,MADS118,u,6,ADS,29.21,140.00000000000057,368.7803353622189,986.0468367880269
3107,MADS118,e,6,ADS,31.99,120.000000000001,686.2865478780271,1825.1855141472688
3108,MADS118,a,6,ADS,33.05858925383161,127.13700902183689,848.2259484080278,1336.7519191425783
3109,MADS118,e,6,ADS,34.40137473593527,141.1803482682572,710.9529571021247,1951.4981272165053
3110,MADS118,a,6,ADS,35.65,149.99999999999858,722.8006032009913,1288.0657835195818
3111,MADS118,o,6,ADS,36.53,109.99999999999943,520.2279727569405,1166.118849737561
3112,MADS118,o,6,ADS,38.3517003813177,102.81612319536038,562.8277638357317,1292.2350081007705
3113,MADS118,æ,6,ADS,41.02,119.99999999999744,753.3742330142508,1629.073847979656
3114,MADS118,i,6,ADS,41.61416258264936,135.83741735064336,357.8418789715603,2501.6378335195714
3115,MADS118,i,6,ADS,43.69084857889126,118.16181322452479,336.05190583994096,2397.5251378073044
3116,MADS118,e,6,ADS,47.54647658025713,104.35069219827398,611.6696940004273,1862.8086668661128
3117,MADS118,e,6,ADS,48.96968414891078,78.26301914870726,542.3106007349589,1965.247030927161
3119,MADS118,a,6,ADS,50.63,113.80903108192086,681.8774845197994,1318.8494764360107
3120,MADS118,æ,6,ADS,52.73,125.79011439090237,616.0012784845616,1779.6855189200194
3121,MADS118,i,6,ADS,53.23789779611695,101.28155419243967,397.1601443621555,2415.3457955930444
3122,MADS118,e,6,ADS,55.11137738329946,113.55810621577689,527.9506966527999,1821.9324582878328
3123,MADS118,e,6,ADS,56.45,76.23425455416566,386.48417098080705,1593.0275679757658
3124,MADS118,i,6,ADS,58.26932883047487,95.14327818077817,409.012581073291,2368.888484803249
3125,MADS118,a,6,ADS,58.61,132.67273803351287,680.0641089947239,1377.557714091246
3126,MADS118,i,6,ADS,64.14514934718119,184.85065281880964,304.44497079068867,2172.118971334526
3127,MADS118,i,6,ADS,66.25,128.28922545843113,360.33674261450165,2453.017493278129
3128,MADS118,æ,6,ADS,67.58,159.9999999999966,847.4158162856204,1685.3335049480588
3129,MADS118,a,6,ADS,67.97508195567579,118.16181322451769,652.8900535295091,1254.319596335874
3130,MADS118,a,6,ADS,69.23671414485915,133.5075032536679,807.2283307524558,1343.0342747755756
3131,MADS118,o,6,ADS,71.17,140.00000000000057,479.16859884017,1078.3800556167969
3132,MADS118,i,6,ADS,71.5,59.875803882079026,542.7517479406895,1811.0517490608115
3133,MADS118,u,6,ADS,75.37,99.99999999999432,420.2241687646467,813.0715984700637
3134,MADS118,o,6,ADS,84.03026627507172,154.99146929450092,410.4629756744317,1166.809993204359
3135,MADS118,u,6,ADS,84.57,130.00000000000966,360.7521617479276,520.8478989794427
3136,MADS118,o,6,ADS,88.16,150.00000000000568,422.3419798737209,1007.1207584024254
3137,MADS118,e,6,ADS,90.0519242010411,148.85319328286073,1005.0582292508102,1759.5179520009424
3138,MADS118,o,6,ADS,90.808931155919,142.7149172711779,478.12978408548247,1232.1694265642575
3139,MADS118,a,6,ADS,93.1723493374861,177.65066251389783,824.2297306259527,1283.9548083284485
3140,MADS118,e,6,ADS,94.79,108.45694640275383,548.1352706132456,1993.1203817561166
3141,MADS118,u,6,ADS,95.19,130.98121263099927,373.1465074917086,865.100892190639
3142,MADS118,o,6,ADS,96.88,160.0000000000108,808.1099755273414,1029.872012489309
3143,MADS118,a,6,ADS,97.7609677823859,158.06060730034233,672.4088091902934,1221.3907377260846
3144,MADS118,e,6,ADS,98.73,123.88528694435763,593.9034438968033,1962.6788013936325
3145,MADS118,o,6,ADS,99.92283963414468,148.8531932828181,504.63919191005385,1081.9102321922467
3146,MADS118,æ,9,ADS,5.260218022903913,102.64331899397305,836.0418364970157,1549.4494795746568
3147,MADS118,o,9,ADS,5.741979407214335,108.02059278566477,556.401618287065,1086.987392944176
3148,MADS118,e,9,ADS,6.697680617954804,92.31938204519619,434.0945481781667,2094.6144204455027
3149,MADS118,o,9,ADS,8.00526252587577,124.73747412423108,552.836490033278,1061.646973651298
3150,MADS118,i,9,ADS,9.16296265531003,127.03734468996863,329.5417450205586,2364.611096752373
3151,MADS118,u,9,ADS,10.98,240.00000000000023,315.8730354122609,642.486662286699
3152,MADS118,u,9,ADS,12.13,171.05097124964885,306.8432747827181,682.8627423227138
3153,MADS118,u,9,ADS,12.62,256.20389856153025,347.572998455174,738.2070213335772
3154,MADS118,i,9,ADS,13.35,150.00000000000034,346.8245950369666,2543.1851421558313
3155,MADS118,æ,9,ADS,18.38715954310846,172.8404568915387,839.9327872356765,1476.4279297805576
3156,MADS118,æ,9,ADS,20.51246564116779,125.82084263777915,746.2042472853543,1559.0856531262941
3158,MADS118,e,9,ADS,22.59,129.999999999999,540.2832492792483,2260.7522575664357
3159,MADS118,æ,9,ADS,22.87408355952801,175.9164404719904,943.4980965822411,1640.8641658324982
3160,MADS118,u,9,ADS,23.58546729326715,109.26546860649111,285.7976877589814,746.1145216207308
3162,MADS118,u,9,ADS,32.39630053540168,124.16530523464786,336.09645552683236,749.6398930301544
3163,MADS118,u,9,ADS,33.54,210.00000000000085,410.8027281797933,1129.176312177161
3164,MADS118,e,9,ADS,36.59,159.9999999999966,588.5062003122473,2137.9040941117382
3165,MADS118,a,9,ADS,37.99,159.9999999999966,695.3792104554554,1282.80237952552
3166,MADS118,e,9,ADS,39.61,160.0000000000037,646.050535119366,2226.0836152603933
3167,MADS118,a,9,ADS,40.92,159.9999999999966,881.1388530429817,1298.3264679694707
3168,MADS118,o,9,ADS,41.9,100.00000000000142,559.2307975316817,1108.5929794995309
3169,MADS118,o,9,ADS,43.79,90.00000000000341,537.3744052357791,1160.5526016073647
3170,MADS118,æ,9,ADS,46.53471083293489,135.2891670651104,814.1575490770416,1599.1284000995422
3171,MADS118,i,9,ADS,47.15719289651125,144.03175407219493,360.8993146142991,2714.569261519954
3172,MADS118,i,9,ADS,49.35205492101407,97.94507898592997,337.39084268260495,2457.511058416422
3173,MADS118,e,9,ADS,53.20118761911804,128.81238088196056,531.5866809416658,2123.176022055179
3175,MADS118,e,9,ADS,54.88280969313894,109.26546860649466,549.4833325645847,1959.6767036167646
3176,MADS118,a,9,ADS,55.28,164.03687279954227,474.5131649318438,1233.6833158832762
3177,MADS118,a,9,ADS,56.59,129.99999999999545,800.6947925303605,1280.9199228984608
3178,MADS118,æ,9,ADS,58.73,136.56162601457567,686.880667309527,1693.866247304053
3179,MADS118,i,9,ADS,59.33952461819111,110.4753818088895,351.51965982580094,2622.327590482329
3180,MADS118,e,9,ADS,61.27405785229166,135.94214770833446,573.9478209668007,2174.9307054453616
3181,MADS118,e,9,ADS,62.90755530933799,82.44469066201532,524.546968127686,2032.6333428010284
3182,MADS118,i,9,ADS,64.47,70.00000000000739,363.9534981016208,2330.22625267119
3183,MADS118,i,9,ADS,64.90667785767265,59.599346512626994,395.97078117274026,2516.8420413964704
3184,MADS118,a,9,ADS,65.25325259106897,100.98778159084532,743.8066035724227,1291.3489352902045
3185,MADS118,i,9,ADS,70.96,190.00000000001194,326.83705283047243,2698.3375961539255
3186,MADS118,i,9,ADS,73.11026822443377,99.73177556622659,361.4456750964659,2290.8320214980176
3187,MADS118,æ,9,ADS,74.48,109.99999999999943,745.4270365178502,1680.1155982374594
3188,MADS118,a,9,ADS,74.84,119.99999999999034,620.2484399206095,1275.6970664257583
3189,MADS118,a,9,ADS,75.76,128.6515400358752,686.0857665409999,1372.757116668639
3190,MADS118,o,9,ADS,77.88,79.9999999999983,444.3428395860994,1257.1844694474507
3191,MADS118,i,9,ADS,78.14,60.000000000002274,440.68310792928844,1831.911558989707
3192,MADS118,o,9,ADS,90.1655595632894,154.44043671058694,501.79583154429605,1071.6633858957355
3193,MADS118,u,9,ADS,90.76,149.99999999999147,310.4124540546268,704.6753495586767
3194,MADS118,o,9,ADS,94.36106228573416,148.93771426584124,443.49276924992773,1086.7172758437355
3195,MADS118,e,9,ADS,96.38495057385612,213.56432500360256,682.1906709964436,1641.136363528066
3196,MADS118,o,9,ADS,97.29,89.9999999999892,521.1789485542247,1117.8168812878596
3197,MADS118,a,9,ADS,99.66,170.0000000000017,580.1833278690758,1076.882957293269
3198,MADS118,e,9,ADS,101.0985925377326,71.40746226740191,524.3389471306033,1813.9129340511265
3200,MADS118,o,9,ADS,103.01,149.99999999999147,524.4721072832882,1100.4242392621127
3201,MADS118,a,9,ADS,103.92,140.00000000000057,728.7089171715369,1279.3220613432363
3202,MADS118,e,9,ADS,104.93,129.99999999999545,547.7234413953371,2030.4171092409533
3203,MADS118,o,9,ADS,106.6102502409412,119.7497590588057,502.6344162050795,1128.1566202438787
3204,MADS119,æ,12,ADS,2.65,120.00000000000011,742.5157657760421,1744.3230493984797
3205,MADS119,o,12,ADS,3.177643329199258,132.3566708007422,526.7948033237474,991.3254648430584
3206,MADS119,e,12,ADS,3.8,116.52251349260823,591.1785057772411,2030.890782149414
3207,MADS119,o,12,ADS,4.635579736642982,144.4202633570182,474.67561142474017,992.8491235432056
3208,MADS119,i,12,ADS,5.38,139.9999999999997,395.02528325452806,2496.301017267672
3210,MADS119,u,12,ADS,7.710755195975718,115.37071387902564,414.7095664313715,762.4094861502602
3211,MADS119,u,12,ADS,8.03316102654176,126.83897345823958,442.73824997793355,729.5324124527534
3212,MADS119,i,12,ADS,8.504092193815326,115.90780618467278,390.4692270259944,2355.557067307064
3213,MADS119,æ,12,ADS,11.02,120.000000000001,743.5299659159066,1618.1907914716978
3214,MADS119,æ,12,ADS,12.25,119.99999999999922,653.7298675278547,1559.661510855429
3215,MADS119,æ,12,ADS,13.55,129.999999999999,708.7354526101933,1598.0677941294537
3217,MADS119,e,12,ADS,16.45,100.00000000000142,660.1344839131656,2123.802508650737
3218,MADS119,æ,12,ADS,16.63948232531664,150.51767468336053,838.7947437789958,1741.7533666440404
3219,MADS119,u,12,ADS,17.2221016857173,87.89831428270034,391.0822122515857,760.3440970562638
3220,MADS119,æ,12,ADS,22.27,140.00000000000057,715.6011536462994,1744.2670233167782
3221,MADS119,u,12,ADS,23.41,109.99999999999943,415.42727753536536,755.5366491011428
3222,MADS119,u,12,ADS,24.29133213631081,128.66786368919136,376.1274326078893,749.2883774383599
3223,MADS119,e,12,ADS,26.39461726707316,125.3827329268411,733.3729844233551,1859.4450195932577
3224,MADS119,a,12,ADS,27.32679524801578,123.20475198421832,716.0915402393539,1253.3667979848983
3225,MADS119,a,12,ADS,29.38,103.73087561987049,767.7636239141077,1202.4582164698406
3226,MADS119,o,12,ADS,30.11890777872908,91.66440280800003,526.1597368272643,976.7136094450765
3227,MADS119,o,12,ADS,31.45693403925574,99.56650649833065,540.2571039835374,1029.4581272072794
3228,MADS119,æ,12,ADS,34.38176769929586,118.23230070414326,717.2924763092165,1729.357025089967
3229,MADS119,i,12,ADS,34.92329612050676,106.70387949323867,383.16725056278636,2461.0642480922443
3230,MADS119,i,12,ADS,36.55645740070004,96.40566502219627,432.94326386069184,2476.624456578963
3231,MADS119,e,12,ADS,39.92,70.00000000000028,691.5346289316004,1643.0824720870723
3232,MADS119,a,12,ADS,40.16,150.00000000000568,641.8297037766255,1176.3420335067608
3233,MADS119,e,12,ADS,41.06951126448655,104.30776871253755,676.8107290773926,1878.9425826225815
3235,MADS119,a,12,ADS,42.3373097167572,112.69028324280583,695.767365980368,1111.90297464359
3236,MADS119,æ,12,ADS,43.91503825019456,123.27281756937936,695.2675716147985,1690.5032534543548
3237,MADS119,i,12,ADS,44.40812952047204,91.87047952796235,403.0960446932573,2331.1916894372944
3238,MADS119,e,12,ADS,45.96701102597606,75.86019542729616,552.6907134092768,2069.774650322639
3239,MADS119,e,12,ADS,46.88,70.00000000000028,583.106695274793,1993.768258596525
3240,MADS119,i,12,ADS,47.8,50.00000000000426,403.08877815181654,2276.677026249597
3241,MADS119,i,12,ADS,48.16589450505605,64.10549494394502,421.6392417034431,2265.7793845589404
3242,MADS119,a,12,ADS,48.45,109.99999999999943,638.9529097072511,1265.8908931974534
3243,MADS119,i,12,ADS,53.56842077718628,121.5792228137147,396.74823549026985,2435.330037026145
3246,MADS119,a,12,ADS,56.21700065816399,82.99934183600755,640.0293901435888,1194.328009208654
3247,MADS119,a,12,ADS,57.02274498006108,112.20987240288594,675.7506904375853,1170.7539154131025
3248,MADS119,o,12,ADS,58.46,70.00000000000028,706.8748381880123,1186.2095665529475
3249,MADS119,i,12,ADS,58.73,65.62298540369227,507.34978263032724,1855.8027252117568
3250,MADS119,u,12,ADS,61.66040065739716,99.59934260283632,361.6791516157214,818.7951013685821
3251,MADS119,o,12,ADS,67.87178249731902,108.2175026809864,495.5080245939562,1027.701255339914
3252,MADS119,u,12,ADS,68.22,109.99999999999943,421.73425366520183,790.6792286281207
3253,MADS119,o,12,ADS,70.77391899216869,96.0810078313159,768.3572823571131,1571.0221703599298
3254,MADS119,e,12,ADS,72.15085028361865,85.34271985571706,688.8738238389303,1754.0779889699056
3255,MADS119,o,12,ADS,72.69,109.99999999999943,562.0744680951685,1040.712102388544
3256,MADS119,a,12,ADS,74.65,119.99999999999034,680.2967389045538,1193.0975762183307
3257,MADS119,e,12,ADS,75.98,119.99999999999034,627.8057780748723,1615.9522784528463
3258,MADS119,u,12,ADS,76.39,128.82528960237494,413.8316755433662,922.1133284368535
3259,MADS119,o,12,ADS,77.63280125100451,77.19874899548529,596.8044257259953,1123.7332233834688
3260,MADS119,a,12,ADS,78.38,120.00000000000455,609.7239908928021,1154.7223414836922
3261,MADS119,e,12,ADS,79.12,129.99999999999545,646.661090984315,1858.8260258106384
3262,MADS119,o,12,ADS,80.00877566100083,110.62945166482052,538.1866714772767,1021.1123921934498
3263,MADS119,æ,15,ADS,2.587423342378244,97.32851212851034,712.730301212122,1712.2065492703096
3264,MADS119,o,15,ADS,3.121437965720769,148.56203427923109,548.249321810564,1040.3021994890787
3265,MADS119,e,15,ADS,3.670396844000584,118.66078875941622,610.6685968788425,2040.5314562396572
3266,MADS119,o,15,ADS,4.467748989558977,122.2510104410226,527.9926040724645,1055.4161423738333
3267,MADS119,i,15,ADS,5.021437921697178,98.56207830282227,385.7834966823011,2055.9252416798754
3268,MADS119,u,15,ADS,6.59,160.00000000000014,348.67931648674664,767.9252783306592
3269,MADS119,u,15,ADS,7.46,110.00000000000031,413.8829149299305,769.1005600093505
3270,MADS119,u,15,ADS,7.73,99.99999999999964,394.1077362705305,683.9215047156958
3271,MADS119,i,15,ADS,8.18,70.00000000000028,427.7292624196223,2335.978673118569
3272,MADS119,æ,15,ADS,10.73795916150051,102.04083849948908,706.5382142722242,1754.9994833509563
3273,MADS119,æ,15,ADS,11.97,119.99999999999922,711.7895026600969,1400.3731362950202
3274,MADS119,æ,15,ADS,13.54,101.15659000862998,723.7772537145346,1454.260454045726
3275,MADS119,u,15,ADS,13.98993983170468,118.66078875942065,384.59808106207345,760.3973899881178
3276,MADS119,e,15,ADS,15.23,125.14852655622022,618.2374735566534,1995.6950698297198
3277,MADS119,æ,15,ADS,15.4,119.99999999999922,759.0723534550145,1740.4335484005428
3278,MADS119,u,15,ADS,16.08419126049381,110.66118502283118,417.5196602403185,847.2856593082169
3279,MADS119,u,15,ADS,22.17,119.99999999999744,343.0714822516779,745.5626531389385
3281,MADS119,e,15,ADS,25.11856797650443,141.4320234955717,637.7831531613612,2016.8943931873437
3283,MADS119,e,15,ADS,27.17,119.99999999999744,711.9807312585915,1944.4192915802364
3284,MADS119,a,15,ADS,28.05,120.000000000001,665.60125639199,1230.9537798283775
3285,MADS119,o,15,ADS,28.7,120.000000000001,494.55739610149857,1020.8829878965178
3286,MADS119,o,15,ADS,29.95,92.46712460776152,567.9310393582598,1147.1118407880717
3287,MADS119,æ,15,ADS,32.35,135.16517386111815,713.2238318146005,1723.0661018479339
3288,MADS119,i,15,ADS,32.87306510418722,96.93489581277959,396.2059211394963,2459.142860750753
3289,MADS119,i,15,ADS,34.61762941680722,130.6601943643031,435.038282433871,2355.4461720020477
3290,MADS119,e,15,ADS,38.05296349254731,82.66257194476623,743.2298285964092,2015.9180074835206
3291,MADS119,a,15,ADS,38.31,140.00000000000057,693.4105432089085,1303.4709176421575
3292,MADS119,e,15,ADS,38.95911076770404,93.3287102602236,660.5705387997393,1875.8672601158976
3293,MADS119,a,15,ADS,39.28,129.99999999999545,472.18761004566375,1065.907283334506
3294,MADS119,a,15,ADS,40.36,119.99999999999744,711.6638491839551,1179.7481829865205
3295,MADS119,æ,15,ADS,41.72,75.22735961025973,659.5937104715533,1581.0526187211663
3296,MADS119,i,15,ADS,42.18960808321451,80.39191678549429,409.28833627977065,2363.3630589167387
3297,MADS119,e,15,ADS,43.68,109.99999999999943,560.7552806376995,2047.4970856852583
3299,MADS119,i,15,ADS,45.67918864569102,70.81135430897945,412.4864871669163,2257.753037296952
3300,MADS119,i,15,ADS,46.03,60.000000000002274,428.85954516076595,2147.412850439104
3301,MADS119,a,15,ADS,46.32,109.99999999999943,627.5701891974992,1237.4995980301192
3302,MADS119,i,15,ADS,51.35,119.99999999999744,405.75654222183607,2485.98995240181
3303,MADS119,i,15,ADS,52.86,130.00000000000256,393.4064333347235,2442.2174530326806
3304,MADS119,æ,15,ADS,53.84,121.48599750575784,716.867845793133,1822.9784850254878
3305,MADS119,a,15,ADS,54.15922702847195,90.77297152804675,615.4946919657848,1081.735730231836
3306,MADS119,a,15,ADS,54.70717734000812,122.82265999187558,684.9820659512847,1260.627759861728
3307,MADS119,o,15,ADS,56.47,60.000000000002274,659.345007300934,1207.0838593444964
3308,MADS119,i,15,ADS,56.73,45.586446583314455,471.00243178126755,1879.075597688612
3309,MADS119,u,15,ADS,59.56472590349968,135.27409650032496,366.7252219755834,739.597222811048
3310,MADS119,o,15,ADS,65.71419984671617,111.99445231224558,571.0350806160151,1168.4914455138378
3311,MADS119,u,15,ADS,66.08734106527402,106.66138315453111,390.31610882020794,789.6087456466535
3312,MADS119,o,15,ADS,68.77,109.99999999999943,713.5224039386413,865.2224081623905
3313,MADS119,æ,15,ADS,70.08,122.83892247936024,646.4336712840051,1769.1381889325578
3314,MADS119,o,15,ADS,70.58,82.41058588896522,549.4377785680293,1032.7450372756748
3315,MADS119,a,15,ADS,72.57,168.87760267896113,682.1052085118938,1239.1188465616726
3316,MADS119,e,15,ADS,73.47,129.99999999999545,607.1706284304233,1933.662730913063
3317,MADS119,u,15,ADS,73.92,124.41397005186161,334.6483768250406,680.9747476111661
3318,MADS119,o,15,ADS,75.05,90.00000000000341,720.2211157624145,1271.3877914368104
3319,MADS119,a,15,ADS,75.86,125.23496828582381,626.585450557315,1205.2981602312557
3320,MADS119,o,15,ADS,77.4641543897631,141.32633267975336,568.1829098898527,1024.0261246140205
3321,MADS119,æ,18,ADS,1.88,136.32570876281312,755.5479949933086,1805.9813479054676
3322,MADS119,o,18,ADS,2.172978975235247,44.8159457642312,424.1611039008283,935.0186113180976
3323,MADS119,o,18,ADS,2.428595851075677,124.48873823397611,520.2472485421191,983.6164504243511
3324,MADS119,e,18,ADS,2.94357217895555,106.42782104444981,558.5122841308106,2139.7780327023006
3325,MADS119,o,18,ADS,3.83740328047953,132.59671952047026,495.9509204443276,987.7768644283517
3326,MADS119,i,18,ADS,4.569363304011575,149.38648588077098,415.90849943660794,2340.075338427011
3327,MADS119,u,18,ADS,6.06,200.00000000000017,364.8221251726511,779.8769636421848
3328,MADS119,u,18,ADS,6.94,119.99999999999922,380.0335491198243,1008.571541390912
3329,MADS119,u,18,ADS,7.196490573173382,129.46828776333507,396.0777184946168,733.2923746286644
3330,MADS119,i,18,ADS,7.685113808269751,104.88619173024904,409.3668777435513,2397.530765031078
3331,MADS119,æ,18,ADS,9.98,126.56271010751041,744.7542455000781,1828.7396619179992
3332,MADS119,æ,18,ADS,11.00682870629757,116.18948901837989,615.0902868547914,1468.634616675043
3333,MADS119,æ,18,ADS,12.26079959939485,134.44783729269005,728.5737772189073,1713.9983576249556
3334,MADS119,u,18,ADS,12.75,158.76841943071085,343.9826465507939,625.7444740930644
3335,MADS119,e,18,ADS,14.38837411754817,114.52963917526127,605.5868306341215,2112.9994042059034
3336,MADS119,æ,18,ADS,14.53942045327206,217.44032944867973,880.1819645634129,1785.7381056242025
3337,MADS119,u,18,ADS,15.05853449966382,99.59099058718124,443.12496753847,913.5792776788087
3339,MADS119,u,18,ADS,21.14,166.42011710001015,388.87632825623626,729.9038466293355
3340,MADS119,u,18,ADS,22.62987638671007,197.5221313312403,366.45082628548096,799.9367408508278
3341,MADS119,e,18,ADS,24.44763425874056,122.36574125943989,633.9751756709488,1841.6848506687986
3342,MADS119,a,18,ADS,25.34,109.56010477373113,706.7557589183912,1175.581131185199
3343,MADS119,e,18,ADS,26.49316288939947,111.2099394890187,742.4517527173076,1920.8450810131312
3344,MADS119,a,18,ADS,27.18,130.2318887271312,630.1930950139422,1036.6908945885027
3345,MADS119,o,18,ADS,27.88018776613637,146.06678619453106,426.62068854027797,867.3198881397363
3346,MADS119,o,18,ADS,29.15,89.16202095485204,485.4381826954914,924.6893586242109
3347,MADS119,æ,18,ADS,31.69229108303466,114.52963917525949,678.5835851175017,1517.54292415685
3348,MADS119,i,18,ADS,32.20684453440177,119.50918870462601,441.8883102909339,2438.6101537070895
3349,MADS119,i,18,ADS,33.91970872086517,90.29127913483137,367.296934824094,2471.9906757962917
3350,MADS119,e,18,ADS,37.20816513054677,69.71369341104605,659.3700568842252,1892.1402406084217
3351,MADS119,a,18,ADS,37.42726530983857,122.82888839086326,673.1148505122176,959.9460277899655
3352,MADS119,e,18,ADS,38.06752458258618,72.4754174138198,693.8217952963396,2069.7267310671023
3353,MADS119,a,18,ADS,39.37670334211101,117.84933886150384,656.9331249550366,1074.979806808662
3354,MADS119,æ,18,ADS,43.36465591382754,144.4069363514089,777.6791576733685,1815.5439834690678
3355,MADS119,i,18,ADS,43.90141479437437,92.95159121469965,434.5087204967437,2316.0911461172445
3356,MADS119,e,18,ADS,45.45393034233484,102.91069027341848,577.5332607434265,2052.408383050046
3357,MADS119,e,18,ADS,46.35,71.32738962302199,583.0165957393458,1941.508814563873
3358,MADS119,i,18,ADS,48.5948074714248,105.192528575202,448.00392495832534,2235.790278261542
3359,MADS119,a,18,ADS,48.82447858303393,79.67279246974357,458.2692916482363,1505.8375449066789
3360,MADS119,i,18,ADS,49.63639294318632,79.67279246975068,337.08410788960555,2104.650905029798
3361,MADS119,a,18,ADS,50.06662602252288,153.37397747711634,759.4427818009452,1574.7165765531852
3362,MADS119,i,18,ADS,54.9565377773411,129.46828776333064,460.1130108579388,2439.1003761156558
3363,MADS119,i,18,ADS,56.8,103.48407384483949,440.04893030437887,2350.2383421410777
3364,MADS119,æ,18,ADS,57.80678430356244,91.29174137158458,676.288657670215,1658.7035772353063
3365,MADS119,a,18,ADS,58.13067339477713,99.59099058717413,609.4870118960957,1011.1948096842907
3366,MADS119,a,18,ADS,58.67,100.00000000000142,570.3723179084146,1029.5603959225652
3367,MADS119,o,18,ADS,60.10142782104331,68.57217895669265,579.5588839136957,1072.2717337406511
3368,MADS119,u,18,ADS,63.19441148868102,101.25084043030341,345.8812050551419,722.4720124471147
3369,MADS119,o,18,ADS,70.691075680747,121.16903854774819,517.4239725435623,872.200478656285
3370,MADS119,u,18,ADS,71.1359154387031,136.10768713580512,397.4102060517863,665.0093314943689
3371,MADS119,o,18,ADS,73.56,124.49216998939505,488.38812571122315,867.2128105261119
3372,MADS119,æ,18,ADS,74.97610635645279,116.18948901838166,696.0132216777648,1718.678168086171
3373,MADS119,o,18,ADS,75.54,121.84271346757214,631.822376408785,979.574552764276
3374,MADS119,a,18,ADS,77.28972650997136,124.48873823397832,669.487197465159,1134.5191254354495
3375,MADS119,e,18,ADS,78.22,132.0442766679264,563.7503859026136,1976.3156398619878
3376,MADS119,u,18,ADS,78.64,100.46300705786848,381.1365864184862,692.6728291577351
3377,MADS119,o,18,ADS,79.53881702431465,81.18297568535127,516.9844551206975,1003.8232436374291
3378,MADS119,a,18,ADS,80.32248452207351,114.52963917525949,700.6797183034203,1045.617570837245
3379,MADS119,e,18,ADS,81.03,120.00000000000455,584.7468980340993,1829.3737747430723
3380,MADS119,o,18,ADS,81.8250377493258,127.80843792020846,528.2264482527573,942.2627930664082
3381,MADS119,æ,6,ADS,2.35,166.74535765471975,668.9551688154814,1765.1884525492292
3382,MADS119,o,6,ADS,2.93,139.9999999999997,500.6013158749978,1106.2833530913595
3383,MADS119,e,6,ADS,3.53,128.59996010671716,549.5334546217034,1890.9272631889012
3384,MADS119,o,6,ADS,4.281001801487913,138.0108430888738,511.14056292998043,1233.169480395156
3385,MADS119,i,6,ADS,4.94,109.99999999999943,398.98685893261256,2205.3061209816356
3386,MADS119,u,6,ADS,6.37,189.9999999999995,353.2679043174577,942.6616962750966
3387,MADS119,u,6,ADS,6.97,129.9999999999999,421.3347224836185,744.5452700019
3388,MADS119,u,6,ADS,7.28,168.6474177159214,485.5296001753681,890.2522412428228
3389,MADS119,i,6,ADS,7.83,97.11234828984416,415.095632597468,2197.3133818845686
3390,MADS119,æ,6,ADS,10.7,178.52691196000058,719.925976333222,1718.6927872469778
3391,MADS119,æ,6,ADS,11.79465595070032,115.34404929967934,685.5328686114644,1617.7915083909986
3392,MADS119,æ,6,ADS,13.53,116.53361111163996,639.4529689962911,1699.8118953895555
3393,MADS119,u,6,ADS,14.00103205120267,194.83883730194052,478.7517546617763,1582.8598111972437
3394,MADS119,e,6,ADS,15.31,154.72494610602007,556.3061434790587,1983.3762969894592
3395,MADS119,æ,6,ADS,15.53,210.00000000000085,858.5764795369159,1781.1115486885808
3396,MADS119,u,6,ADS,16.16,149.99999999999858,457.9959542639436,1586.8474850992134
3397,MADS119,æ,6,ADS,21.76,160.00000000000014,700.4049244486669,1763.9146477204818
3398,MADS119,u,6,ADS,22.94,160.00000000000014,387.4517014784628,887.6865500449077
3399,MADS119,u,6,ADS,23.94,276.5574022891677,401.6595153140303,951.4788197308
3400,MADS119,e,6,ADS,26.13382410543006,136.17589456993784,639.219798328378,1913.7781846905996
3401,MADS119,a,6,ADS,27.12,129.999999999999,691.9500481260823,1281.8939201167639
3402,MADS119,e,6,ADS,28.1,109.99999999999943,766.7376551103765,1883.3440046158323
3403,MADS119,a,6,ADS,29.13,120.000000000001,685.1592906632867,1295.5114372854866
3404,MADS119,o,6,ADS,29.95,160.00000000000014,480.97954467601477,972.7651490854333
3405,MADS119,o,6,ADS,31.29471727062401,85.24199131959165,559.3686183754863,1225.3929009590588
3406,MADS119,æ,6,ADS,34.47,90.00000000000341,714.556121264759,1730.1902431153133
3407,MADS119,i,6,ADS,34.94,130.00000000000256,328.2445756127223,2117.8030892933334
3408,MADS119,i,6,ADS,36.67496716818227,115.03283181772872,393.88915749092547,2273.492312096712
3409,MADS119,e,6,ADS,40.17049303850496,89.30113376339222,676.3272616886383,2029.7610675046353
3410,MADS119,a,6,ADS,40.39,130.00000000000256,692.2949997441629,1388.3544503610215
3411,MADS119,e,6,ADS,41.18,111.44533580468874,678.2768757937082,2047.6038565766169
3412,MADS119,a,6,ADS,41.54,130.00000000000256,777.1191435897639,1290.9534472284608
3413,MADS119,a,6,ADS,42.39,130.00000000000256,768.1540552750109,1289.1321971558777
3414,MADS119,æ,6,ADS,44.27,119.99999999999744,698.6359930832797,1791.0558136830496
3415,MADS119,i,6,ADS,44.90331011073106,102.83160857602525,437.8492916575391,2280.703086214942
3416,MADS119,e,6,ADS,46.33,115.2232151033914,580.7741878768484,1916.1751225093067
3417,MADS119,e,6,ADS,47.34,101.88215221623409,588.9730600850097,1922.6559743730984
3418,MADS119,i,6,ADS,48.28,79.9999999999983,349.329839129611,2139.866365289904
3419,MADS119,i,6,ADS,48.64695675901366,75.77065895074497,363.57325855269397,2095.6744084139627
3420,MADS119,a,6,ADS,48.92,100.00000000000142,655.8433138441166,1328.0633333807752
3421,MADS119,i,6,ADS,54.31,149.99999999999858,390.0812904914798,2319.1700739614125
3422,MADS119,i,6,ADS,55.74,119.99999999999744,375.3205215642083,2505.6095386145616
3423,MADS119,æ,6,ADS,56.63,109.99999999999943,653.3533574167426,1673.5035263396826
3424,MADS119,a,6,ADS,56.97,109.99999999999943,627.2939235909795,1231.1461038209864
3425,MADS119,a,6,ADS,57.57,123.35637114856723,649.8401144935384,1229.0760175251885
3426,MADS119,o,6,ADS,59.23,65.17679197044401,526.8793706239017,1216.9783233454104
3427,MADS119,i,6,ADS,59.46,50.3113414913301,513.3851468559344,1877.8152173538772
3428,MADS119,u,6,ADS,62.32,130.00000000000256,362.0701324943124,818.7690212858674
3429,MADS119,o,6,ADS,69.42951929418123,100.480705818768,567.9598897776922,1285.3794717576877
3430,MADS119,u,6,ADS,69.8,99.56303785328657,329.78295176111334,795.4012214058881
3431,MADS119,o,6,ADS,72.47,150.00000000000568,556.4763358011725,956.4724204857367
3432,MADS119,æ,6,ADS,73.95,129.99999999999545,705.4674261946188,1726.331584169845
3433,MADS119,o,6,ADS,74.58,90.00000000000341,523.7923112180188,1017.239108477628
3434,MADS119,a,6,ADS,76.51,140.00000000000057,613.8349915386034,1257.6962772993581
3435,MADS119,e,6,ADS,77.59,109.99999999999943,624.7525036466126,1906.9059268428975
3436,MADS119,u,6,ADS,78.0,194.78872113231205,360.4509850633232,631.8990717710635
3437,MADS119,o,6,ADS,79.56,99.99999999999432,559.2844826853875,1154.9684963011566
3438,MADS119,a,6,ADS,80.28,109.99999999999943,635.1473226397505,1152.5900054560334
3439,MADS119,e,6,ADS,81.11,109.99999999999943,596.197831415822,1766.3759361530435
3440,MADS119,o,6,ADS,82.058996456862,151.00354313798903,525.1070918344609,999.5040437078113
3441,MADS119,æ,9,ADS,3.37,119.83232589616489,774.4300217759812,1791.1946006221056
3442,MADS119,o,9,ADS,3.960745402425571,169.25459757442906,533.4635908965762,949.4612721279964
3443,MADS119,e,9,ADS,4.505890861230323,94.10913876967709,531.0363075806573,2040.597901812837
3444,MADS119,o,9,ADS,5.347866729210403,135.62604713570803,498.7034067753815,985.5796184057951
3445,MADS119,i,9,ADS,6.14,90.46483216763068,437.5127807489318,2433.4748887277683
3446,MADS119,u,9,ADS,7.57,229.99999999999955,374.33561511451643,968.1649916645262
3447,MADS119,u,9,ADS,8.446096363691534,143.90363630846537,393.04604720462623,914.9268784228495
3448,MADS119,u,9,ADS,8.769355438443561,159.08017558774822,465.70882009075785,906.947356817494
3449,MADS119,i,9,ADS,9.34,99.99999999999964,403.9275429562002,2274.832485975353
3450,MADS119,æ,9,ADS,12.01,150.00000000000034,794.6396939325932,1696.3380019832225
3451,MADS119,æ,9,ADS,13.53,117.60179406565108,739.7725060996271,1635.910386998409
3452,MADS119,æ,9,ADS,14.96,119.99999999999922,695.1274481528965,1688.9651714158492
3453,MADS119,u,9,ADS,15.41,121.1586610720694,407.1562675662431,808.0379464879306
3454,MADS119,e,9,ADS,17.75114842751565,108.85157248435107,580.1925893656979,1998.7874538850072
3455,MADS119,æ,9,ADS,17.96427507301462,157.04068615714206,932.062108680172,1778.2288008096116
3456,MADS119,u,9,ADS,18.62195640358277,113.19166339896825,389.7747833872848,839.4769737791906
3457,MADS119,æ,9,ADS,23.79,150.00000000000213,735.9683919450177,1730.4216803207448
3458,MADS119,u,9,ADS,24.66,140.00000000000057,452.34506653273536,1141.9263909987455
3459,MADS119,u,9,ADS,25.64174061627903,208.2593837209714,394.59353280713793,776.2244497603056
3460,MADS119,e,9,ADS,27.55283059059882,137.1694094011815,705.6333126262119,1893.781510424005
3461,MADS119,a,9,ADS,28.44,119.99999999999744,734.7927778105282,1221.5267432665564
3462,MADS119,e,9,ADS,29.39746960478864,112.53039521136188,770.860011080995,1710.1471572661933
3463,MADS119,a,9,ADS,30.15,110.00000000000298,678.4287663275924,1208.4357105356332
3464,MADS119,o,9,ADS,30.94,124.51806737741933,508.8389740372601,1136.0326785893421
3465,MADS119,o,9,ADS,32.23,110.00000000000654,421.9241458585735,1131.6116298590455
3466,MADS119,æ,9,ADS,35.0224916167878,128.48783412855624,660.0988779339324,1672.2193120611041
3467,MADS119,i,9,ADS,35.56424273417647,105.7572658235344,371.3649472289883,2377.5351025378677
3468,MADS119,i,9,ADS,37.17151721704411,98.48278295589097,345.19953228628657,2422.535723582717
3469,MADS119,e,9,ADS,39.98917650658329,81.57957722448828,695.9896334576209,1904.2930200893381
3470,MADS119,a,9,ADS,40.23391523825675,120.32987640611736,615.2800102200919,1370.4415511290827
3471,MADS119,e,9,ADS,41.21702125833576,104.01396096121829,674.8359143985275,1683.6868196604958
3472,MADS119,a,9,ADS,41.5799116691592,130.08833084079896,842.0455301937759,1370.553904352109
3473,MADS119,a,9,ADS,42.55,120.00000000000455,757.7965584686376,1255.6160040177829
3474,MADS119,æ,9,ADS,44.1,119.99999999999744,664.4403534231445,1645.987065102551
3475,MADS119,i,9,ADS,44.56174985786265,78.2501421373496,410.80158510921564,2202.411109496129
3476,MADS119,e,9,ADS,45.9,90.00000000000341,576.4117632679664,2089.554881428745
3477,MADS119,e,9,ADS,46.89,70.00000000000028,594.7305305507155,1927.6162842279557
3478,MADS119,i,9,ADS,47.94161101030837,78.3889896916321,391.91336698561315,2373.565610141478
3479,MADS119,i,9,ADS,48.2822057452206,67.79425477940038,433.55119602007335,2093.9784341215427
3480,MADS119,a,9,ADS,48.58027930395804,122.36936583673241,651.3746680231253,1346.3813604104644
3481,MADS119,i,9,ADS,53.41,121.55632060061095,393.8348086612652,2407.4681883916824
3482,MADS119,i,9,ADS,54.68521195879212,107.07319510714086,387.8763090206371,2323.476973879152
3483,MADS119,æ,9,ADS,55.59,119.99999999999744,661.2794795352406,1696.4173917138553
3484,MADS119,a,9,ADS,55.91,110.00000000000654,631.5849730740771,1182.0959387685873
3485,MADS119,a,9,ADS,56.41,90.00000000000341,617.5699845110197,1168.5155592496947
3486,MADS119,o,9,ADS,57.77,70.00000000000028,624.7830361875117,1208.2628512718961
3487,MADS119,i,9,ADS,58.02,55.33899209989812,484.18734235077966,1871.9506199845282
3489,MADS119,o,9,ADS,67.37052871604169,109.47128395831385,614.3016377694788,1130.0776975906804
3490,MADS119,u,9,ADS,67.78,99.99999999999432,360.2643079033546,813.4476195716074
3491,MADS119,o,9,ADS,70.26,129.99999999999545,566.7569601082259,977.2012642295455
3492,MADS119,e,9,ADS,71.68,124.71046500274952,700.2268005021925,1765.1146817837052
3493,MADS119,o,9,ADS,72.26,109.99999999999943,625.8765519486354,978.7659051213919
3494,MADS119,a,9,ADS,74.10689417199966,113.10582800034297,654.291969789888,1239.1433516618015
3495,MADS119,e,9,ADS,75.53,129.99999999999545,607.9847183658262,1867.290303365711
3496,MADS119,u,9,ADS,76.23,88.82326023959308,404.94563172728186,776.3796646590785
3497,MADS119,o,9,ADS,77.10986774366611,90.132256333888,493.05943672169604,1188.9254903382746
3498,MADS119,a,9,ADS,77.85932609861189,110.67390138811106,628.8983938228212,1233.0930256637869
3499,MADS119,e,9,ADS,78.677498307965,112.50169203501059,641.7748501159555,1860.8796080699342
3500,MADS119,o,9,ADS,79.55963517832394,110.36482167605755,556.348162004251,1140.8032677823373
3501,MADS120,æ,15,ADS,4.78,92.68451703557989,1027.5438568756085,1593.6525069821028
3502,MADS120,o,15,ADS,5.201780664280288,126.2549985484016,574.5292558094028,1147.7547933687488
3503,MADS120,e,15,ADS,6.16862500601381,74.26764620494275,613.7787157060058,1865.9485188997724
3504,MADS120,o,15,ADS,6.916756061772692,127.9053906862897,589.4879023935847,1227.6243458281062
3505,MADS120,i,15,ADS,7.99,99.99999999999964,369.4748309003887,1863.9689110640359
3506,MADS120,u,15,ADS,9.25,267.9287156696315,328.34052674119164,921.7540428428806
3507,MADS120,u,15,ADS,10.32,80.00000000000007,322.66220363489475,1113.0413193517113
3508,MADS120,u,15,ADS,10.53,230.00000000000043,478.1889749942059,883.4312172668015
3510,MADS120,æ,15,ADS,13.89,139.9999999999988,1044.7674034274553,1742.1106140226905
3512,MADS120,æ,15,ADS,16.98,109.99999999999943,892.3321578449686,1479.9662493816454
3513,MADS120,u,15,ADS,17.44,129.999999999999,480.07647727241385,1728.92699564378
3514,MADS120,e,15,ADS,21.28525883804704,74.74116195296077,631.5115670538006,1972.0836321082768
3515,MADS120,æ,15,ADS,21.43,170.0000000000017,1090.239310596558,1642.7528208088004
3516,MADS120,u,15,ADS,22.10970997657637,120.29002342363171,371.3796637231361,899.1237495580028
3517,MADS120,æ,15,ADS,28.68,149.99999999999858,1065.18169091754,1668.239382203972
3518,MADS120,u,15,ADS,30.14,155.14424416972972,380.32427642818783,854.4986682642889
3522,MADS120,e,15,ADS,36.67017515510978,99.8248448902217,816.637437999929,1902.6791581984073
3523,MADS120,a,15,ADS,37.91,165.74424117567332,881.7103630490004,1360.3566913977818
3524,MADS120,o,15,ADS,38.65,130.00000000000256,519.5835234349712,1106.155693052374
3525,MADS120,o,15,ADS,40.24502345896471,94.97654103529385,536.612603101708,1167.6824657033294
3526,MADS120,æ,15,ADS,44.55594076959466,124.0592304053365,915.4842942634403,1642.0129132292984
3527,MADS120,i,15,ADS,45.01251915588433,97.48084411567248,402.5810592186705,2505.7382938877254
3528,MADS120,i,15,ADS,47.13330521757411,106.69478242589037,407.37897353179113,2499.4543258919452
3529,MADS120,e,15,ADS,51.15830264392185,132.85656709994953,710.5357630542858,2082.561363106579
3530,MADS120,a,15,ADS,51.45665790415642,98.19833220430496,782.5187620449955,1326.7236003597898
3531,MADS120,e,15,ADS,52.48855675828635,88.29597937698708,765.4709329545095,1879.0733152462099
3534,MADS120,æ,15,ADS,56.66,110.00000000000654,942.0147375330923,1670.3142144803212
3535,MADS120,i,15,ADS,57.08,100.00000000000142,363.33084322197817,2402.967483941166
3536,MADS120,e,15,ADS,58.89,130.00000000000256,680.7632198675184,1983.3216949844907
3537,MADS120,e,15,ADS,59.89,79.9999999999983,551.3352915209252,1717.0400249100428
3538,MADS120,i,15,ADS,61.14,49.99999999999716,422.9238411908077,2326.2789304148923
3539,MADS120,i,15,ADS,61.41,90.00000000000341,445.7850245233321,2153.3834159978665
3540,MADS120,a,15,ADS,61.72,112.97007462726327,796.0211433490131,1459.3424740385642
3541,MADS120,i,15,ADS,67.86,156.11712544040302,448.47234637778496,2562.511061129046
3542,MADS120,i,15,ADS,69.95,109.99999999999943,405.89311271913635,2649.5605615351856
3543,MADS120,æ,15,ADS,71.60566187427263,124.33812572737679,1105.5701274856824,1686.7358113719908
3545,MADS120,a,15,ADS,73.14532237818048,97.37313613537424,665.5934392509305,1262.8432159794775
3546,MADS120,o,15,ADS,75.17951267730402,90.48732269597792,724.8890040752611,1161.8557539587698
3547,MADS120,i,15,ADS,75.45,48.41929713026616,468.9421402879392,1877.8772107795137
3548,MADS120,u,15,ADS,78.94578536194044,131.20617496205966,420.52071773707365,830.9493877582803
3549,MADS120,o,15,ADS,88.71243472172578,187.56527827422076,591.7434581761681,1062.6738863844091
3550,MADS120,u,15,ADS,89.28,109.87847990129751,418.8277482660586,900.3413654916719
3551,MADS120,o,15,ADS,92.58,140.00000000000057,524.6432299563854,1003.3581447848356
3552,MADS120,æ,15,ADS,94.18381677873182,76.183221268181,939.7348527163966,1647.7845017138125
3553,MADS120,o,15,ADS,94.69083938481812,119.16061518188314,590.138978955651,1093.0376631873105
3554,MADS120,a,15,ADS,97.38,170.0000000000017,748.1278167877141,1269.5901760246243
3555,MADS120,e,15,ADS,98.73,89.9999999999892,613.6016928030932,1832.502155612783
3556,MADS120,u,15,ADS,99.07,90.00000000000341,412.07834184354965,800.0470482344724
3557,MADS120,o,15,ADS,100.6930598640736,136.94013592639465,588.7274357378769,1194.8057739118267
3558,MADS120,a,15,ADS,101.4407390507322,125.42980247950197,681.0722092090793,1271.8678164276052
3560,MADS120,o,15,ADS,103.4241118030907,132.0313710310046,546.5001831824316,1111.7732044861286
3561,MADS120,æ,6,ADS,3.5,84.6240686803581,918.3836749812956,1719.6490789494596
3562,MADS120,o,6,ADS,3.898528008319764,141.47199168023582,611.6424741494873,1237.7072111035945
3563,MADS120,e,6,ADS,4.96,99.99999999999964,609.0914149565452,2058.6171122332994
3564,MADS120,o,6,ADS,5.624498605537005,125.50139446299457,590.5755575764579,1189.4981072141966
3565,MADS120,i,6,ADS,6.75,80.00000000000007,380.3920713143855,2390.717365440421
3566,MADS120,u,6,ADS,8.16,199.9999999999993,328.2915661469417,691.249872369
3567,MADS120,u,6,ADS,9.08,109.99999999999943,385.81694816051595,885.5759786834508
3568,MADS120,u,6,ADS,9.37,273.3480950895686,437.90220507273375,913.5037767412974
3569,MADS120,i,6,ADS,10.18,80.00000000000007,364.67686875474925,2415.366960494123
3570,MADS120,æ,6,ADS,12.9,179.99999999999972,970.8450562487021,1624.9657397687074
3571,MADS120,æ,6,ADS,15.28797635149045,142.02364850955007,917.2783176436988,1539.797097534588
3573,MADS120,u,6,ADS,17.52,150.00000000000213,378.4933619722734,724.1962793467441
3574,MADS120,e,6,ADS,20.93,120.000000000001,638.8762999379502,2087.7553586373574
3575,MADS120,æ,6,ADS,21.10738941199606,182.61058800393926,1039.393790418515,1861.853234172378
3576,MADS120,u,6,ADS,21.69595454515505,114.71015766336023,364.88309058680636,804.8443856814754
3578,MADS120,u,6,ADS,28.72,120.000000000001,387.6844811435173,694.4752958882955
3580,MADS120,e,6,ADS,32.31,169.9999999999946,816.811858267525,2094.807685306038
3581,MADS120,a,6,ADS,33.19,100.00000000000142,849.5274556833606,1314.6346489926896
3582,MADS120,e,6,ADS,34.42004394672956,109.95605327044444,808.6599593248786,2000.7211747060408
3583,MADS120,a,6,ADS,35.43,90.00000000000341,805.929772732849,1387.2179247684842
3584,MADS120,o,6,ADS,36.21,100.00000000000142,527.1369744654171,1205.3591198265678
3585,MADS120,o,6,ADS,38.0,70.00000000000028,565.5370912797335,1208.4357376087562
3586,MADS120,æ,6,ADS,41.98,100.00000000000142,932.9089236449645,1654.9941503115956
3587,MADS120,i,6,ADS,42.39701280357615,101.3273059359534,388.12275329941644,2413.5523598311347
3588,MADS120,i,6,ADS,44.25647058253338,146.2554510207852,363.643019125207,2639.153713594451
3589,MADS120,e,6,ADS,47.83778348416864,132.21651583135952,705.243345973246,2014.2686356032075
3590,MADS120,a,6,ADS,48.13985356601549,110.14643398451085,811.3427501808652,1417.2336702246728
3591,MADS120,e,6,ADS,48.96978788615323,110.21211384677088,614.9423265225105,2058.90034188895
3592,MADS120,a,6,ADS,49.32,149.99999999999858,915.8559792702499,1327.7512637157076
3593,MADS120,a,6,ADS,50.65,140.00000000000057,776.6148833045088,1267.802522397895
3594,MADS120,æ,6,ADS,52.99,114.29695566791054,905.1919921289499,1665.3069023061746
3595,MADS120,i,6,ADS,53.39967561165106,93.67996209173413,381.7714996951083,2350.59350838341
3596,MADS120,e,6,ADS,54.81,85.6044213706042,659.4593662738113,1832.415042328952
3597,MADS120,e,6,ADS,55.82,94.01941844925688,616.6846839129598,1848.0553103601019
3598,MADS120,i,6,ADS,56.97,50.00000000000426,431.5876106926059,2309.874945617854
3599,MADS120,i,6,ADS,57.25625980099743,75.517520461716,414.6220529411901,2313.7539488055336
3600,MADS120,a,6,ADS,57.54590294909741,124.09705090259138,819.750484360317,1475.2242362170712
3601,MADS120,i,6,ADS,64.71891189984864,141.08810015136442,356.48499914817046,2423.8807311747064
3602,MADS120,i,6,ADS,66.3,118.10512763099723,386.75045153964595,2577.6336521059025
3603,MADS120,æ,6,ADS,67.81666225364188,103.33774635812176,898.8771706423963,1622.935127713472
3604,MADS120,a,6,ADS,68.12,97.19188748310614,732.6681396096587,1225.5591309414226
3605,MADS120,a,6,ADS,69.05,90.00000000000341,764.2464531123859,1277.7582471484388
3606,MADS120,o,6,ADS,70.74406148765256,46.83998104587772,599.2398194379529,1281.6842360257638
3607,MADS120,i,6,ADS,70.94,60.24750643406662,491.1329205080041,1829.8456344040362
3608,MADS120,u,6,ADS,74.07,130.00000000000966,324.47958129726766,593.9265862186965
3609,MADS120,o,6,ADS,85.4933450328417,146.65496715829818,565.4494435950961,1048.8739098417182
3610,MADS120,u,6,ADS,85.99,100.00000000000853,440.30774726466063,881.0834569731927
3611,MADS120,o,6,ADS,89.71,160.0000000000108,630.196930704091,1028.58084143054
3612,MADS120,æ,6,ADS,91.39170364102505,110.88648574127546,907.6794610794691,1682.3839345105891
3613,MADS120,o,6,ADS,91.86,106.21034732240275,706.3888627503951,1114.920108255132
3615,MADS120,e,6,ADS,95.35,80.04419697699916,597.7542003507086,1852.607533411799
3617,MADS120,o,6,ADS,97.13,170.0000000000017,675.4984931794667,1082.1572488277568
3618,MADS120,a,6,ADS,97.93,119.99999999999034,715.764539941328,1258.8802731890873
3620,MADS120,o,6,ADS,100.2341077335945,155.8922664055018,555.8518663778788,1050.4214311384026
3621,MADS121,æ,18,ADS,2.150640683922777,87.9720416853429,871.8630136661823,1735.3044194250085
3622,MADS121,o,18,ADS,2.670950657909339,61.414444195428075,501.9025172726877,1210.3959554951616
3623,MADS121,o,18,ADS,4.632650599615063,63.074294038547585,562.5347395674268,1188.439947507468
3624,MADS121,i,18,ADS,5.206539690829764,64.7341438816671,404.5202595484938,2279.645653590273
3625,MADS121,u,18,ADS,7.681367192510616,108.63280748938386,410.56816200130214,883.6915663853459
3626,MADS121,u,18,ADS,8.028377641860681,241.62235813931864,502.82227544807483,794.3809422651718
3627,MADS121,i,18,ADS,8.66,82.55293461056468,470.55630653694544,2312.712876518413
3628,MADS121,æ,18,ADS,12.90800109406825,91.99890593174942,785.8538699831195,1612.3936572963821
3629,MADS121,æ,18,ADS,14.75425767743896,55.742322561039614,708.3446548107867,1715.903067683494
3631,MADS121,e,18,ADS,17.13156178714316,61.41444419543163,564.4101685830449,1746.810073161237
3632,MADS121,æ,18,ADS,17.28,176.3761220826474,941.9847045682633,1698.2099907040238
3633,MADS121,u,18,ADS,17.94997890670838,53.94511990138895,479.4351279165612,946.7806658290469
3634,MADS121,u,18,ADS,26.36,54.56394424770039,449.03463999712966,900.5335745515348
3635,MADS121,u,18,ADS,27.4,89.99999999999986,361.8712313627064,747.720156825574
3636,MADS121,e,18,ADS,29.79383696688335,102.0807653518574,650.5942498294099,1862.0674319975033
3637,MADS121,a,18,ADS,30.89760335527421,60.58451927387054,750.804487172131,1375.1527904559368
3638,MADS121,e,18,ADS,32.42552434198778,94.61144105782182,700.1606602785678,1938.2459318787048
3639,MADS121,a,18,ADS,33.27,114.06577520152439,833.6531168179744,1239.9587102648964
3640,MADS121,o,18,ADS,34.14572240339513,104.27759660486657,550.1599495180989,1014.2854836637313
3641,MADS121,o,18,ADS,35.9,70.00000000000028,568.3830930709695,1145.4457192339237
3642,MADS121,æ,18,ADS,39.15184745942355,78.15254057644694,724.4717411479818,1723.6660787624257
3643,MADS121,i,18,ADS,39.64483672993002,121.16903854772687,421.47119202456224,2379.1396370652383
3644,MADS121,i,18,ADS,41.63792517121186,101.25084043029631,365.55671469597524,2387.7994112651736
3645,MADS121,i,18,ADS,43.31990900693567,73.03339309726198,410.7789386079423,2262.829403584554
3646,MADS121,e,18,ADS,46.81237027710581,50.62542021513394,612.5229490419722,1952.3827614108234
3647,MADS121,a,18,ADS,47.02202955265487,97.93114074405906,660.7338533224021,1267.6308089139343
3648,MADS121,e,18,ADS,48.03915706975935,70.12865587180528,717.0690293856063,1807.9442699960662
3649,MADS121,a,18,ADS,49.61349201715121,116.18948901838166,894.0635717990041,1396.0316544143384
3650,MADS121,æ,18,ADS,51.66220178175678,97.10121582250508,779.8072597370103,1720.189054751354
3651,MADS121,i,18,ADS,52.17145204789301,90.4618164500306,428.533395927911,2280.025112643844
3652,MADS121,e,18,ADS,53.59585737341962,44.81594576422765,586.4643861316174,1876.2368266495394
3653,MADS121,u,18,ADS,53.87,118.31654251419366,401.4520795541529,817.8332622258907
3654,MADS121,e,18,ADS,54.9006700975343,48.13564545046489,484.68012408556484,1958.764012656114
3655,MADS121,i,18,ADS,56.19090990031327,49.090099686729616,407.79143414944303,2187.6612444722377
3656,MADS121,a,18,ADS,56.48252723839035,69.71369341103184,708.9786484448147,1342.0043759116147
3657,MADS121,i,18,ADS,57.32040396127243,59.59603872756958,371.97367529532397,2024.743059658779
3658,MADS121,i,18,ADS,57.61368114919264,61.41444419542097,390.2800549861723,1981.7441069296956
3659,MADS121,a,18,ADS,57.83610102817067,78.84286754818959,747.990236439679,1425.0264355048835
3660,MADS121,i,18,ADS,63.53287378157638,85.48226692067118,415.34674490291815,2566.216263811283
3661,MADS121,æ,18,ADS,67.17037535799983,131.1281376064528,806.1754230859686,1644.8059533153007
3662,MADS121,a,18,ADS,67.55933854715268,70.66145284731817,750.605588766976,1417.1220012011142
3663,MADS121,a,18,ADS,68.73431690607238,77.18301770506741,753.3468217681362,1394.805485404972
3664,MADS121,o,18,ADS,70.30971618050081,50.283819499185256,541.0337976436351,1124.6433139786366
3665,MADS121,o,18,ADS,82.15713460193804,73.03339309726198,589.3784116535533,1327.2139637545408
3666,MADS121,u,18,ADS,82.56118945779777,122.82888839085615,365.2662956188873,835.3603322000911
3667,MADS121,o,18,ADS,85.8842272108869,106.23038995966283,721.1487196272577,1047.0502398568697
3668,MADS121,æ,18,ADS,87.42327136149194,166.81490923353692,794.9882469306696,1847.609429692531
3669,MADS121,o,18,ADS,88.13492798968554,110.38001456746827,651.8216980424968,1131.2462484392097
3670,MADS121,a,18,ADS,90.34721687616458,122.82888839085615,728.5871092477759,1297.5222828246572
3671,MADS121,e,18,ADS,91.90973482481174,63.074294038543144,517.7995495883087,1880.2627105394756
3672,MADS121,u,18,ADS,92.16172027136037,59.754594352298795,398.8075190066159,1034.5799803692762
3673,MADS121,o,18,ADS,93.62781444157542,82.18555842456965,583.2286358756874,1194.709883401311
3674,MADS121,a,18,ADS,94.3708871247892,104.57054011651223,694.3063287414416,1281.7501236755745
3675,MADS121,e,18,ADS,95.2297283815126,90.46181645004481,592.8666799414154,1953.2089157409578
3676,MADS121,o,18,ADS,96.44956316692269,54.775044822946484,593.1471111199183,1199.8685784842546
3677,MADS121,æ,6,ADS,5.8,169.99999999999994,997.8247752558286,1650.5914097933055
3678,MADS121,o,6,ADS,6.366514447526309,103.48555247369084,553.9979079111014,1277.9929645757445
3679,MADS121,e,6,ADS,7.55,129.3861413824038,469.5370210088722,1937.8338943389624
3680,MADS121,o,6,ADS,8.316943510948143,133.05648905185663,556.4920126458254,1152.451350447576
3681,MADS121,i,6,ADS,9.42,109.99999999999943,428.658307040805,2446.7061920749793
3683,MADS121,u,6,ADS,12.14,109.33931944950892,491.50174828845127,993.359050041252
3684,MADS121,u,6,ADS,12.41,140.56387164488982,502.155641755946,935.7809215845195
3685,MADS121,i,6,ADS,12.89,87.35495099666934,462.62158085186627,1962.7520283613458
3686,MADS121,æ,6,ADS,17.35047345972936,64.01021734151868,808.5309154554926,1540.9248899281988
3687,MADS121,æ,6,ADS,19.04306988199721,54.22041939517186,736.4917565727341,1594.5699554426565
3689,MADS121,æ,6,ADS,23.69,199.9999999999993,1121.4401088359634,1808.6130989308933
3690,MADS121,u,6,ADS,24.6468854977899,111.4530843122914,511.06151050804607,1106.799265088478
3691,MADS121,u,6,ADS,31.76,99.99999999999787,291.3848807803808,780.6001788533588
3692,MADS121,u,6,ADS,32.70849879474945,141.50120525054888,384.92348013147233,917.1532387852386
3693,MADS121,e,6,ADS,35.55,120.00000000000455,658.770116317868,1882.938304109178
3695,MADS121,e,6,ADS,37.45421391287459,85.78608712540614,710.4037012613741,1845.3571991543358
3696,MADS121,a,6,ADS,38.17,89.9999999999963,713.6958136829847,1244.935184180524
3697,MADS121,o,6,ADS,38.86,100.00000000000142,519.7414105572018,1059.8506546088558
3698,MADS121,o,6,ADS,43.18,114.79033677319705,527.855342506024,1108.5052153150018
3699,MADS121,æ,6,ADS,46.89,119.99999999999744,841.5749002249001,1636.461939434376
3700,MADS121,i,6,ADS,48.11828142263733,102.0762653521956,336.5349018419509,2458.1735689922934
3701,MADS121,i,6,ADS,50.36,79.9999999999983,410.48734069597657,2325.0555840266634
3702,MADS121,e,6,ADS,53.44192707904835,54.25675365567173,648.537104702694,1874.1013184353112
3703,MADS121,a,6,ADS,53.66,70.00000000000028,691.293250396886,1352.9770866723427
3704,MADS121,e,6,ADS,54.81,59.99999999999517,616.7576937222055,1758.1876276166774
3706,MADS121,a,6,ADS,56.14,130.00000000000256,737.9628243391796,1393.3444319625148
3707,MADS121,æ,6,ADS,58.07,107.86537455715717,761.138215244609,1692.240530878233
3708,MADS121,i,6,ADS,58.48185853698212,68.14146301788071,415.5921898762551,2224.1553216552397
3709,MADS121,e,6,ADS,60.47651528318205,100.23705336385547,527.5737240676062,1953.090597058386
3710,MADS121,e,6,ADS,61.51,81.68006309109899,575.6536487107048,1907.6102023723504
3711,MADS121,i,6,ADS,63.16127279295102,98.72720704898086,325.9153376384814,2325.153823709749
3712,MADS121,a,6,ADS,63.45,119.99999999999744,726.656176969375,1404.1339353014441
3713,MADS121,i,6,ADS,70.07003354454142,128.74483918294288,318.9666521071123,2406.6661506895343
3714,MADS121,i,6,ADS,71.71,111.23255527384401,416.57467375604443,2528.213354890981
3715,MADS121,æ,6,ADS,73.13022799921818,90.12138742805575,710.1195062154311,1664.7030103832506
3716,MADS121,a,6,ADS,73.38,90.00000000000341,720.0232749090139,1371.4505891860483
3717,MADS121,a,6,ADS,74.3,90.00000000000341,745.213452879758,1339.610305605233
3718,MADS121,u,6,ADS,76.18,49.99999999999716,437.04742148586854,1120.5808118814261
3719,MADS121,i,6,ADS,76.43,49.74955248927415,493.88639324561996,1812.8266370078074
3720,MADS121,u,6,ADS,79.91,109.99999999999943,413.67911514181225,1037.1620301464625
3721,MADS121,o,6,ADS,88.78599394526262,109.43311330551353,562.4467387179618,1375.9691159382187
3722,MADS121,u,6,ADS,89.19,90.00000000000341,336.56028249341375,831.5451204473201
3723,MADS121,o,6,ADS,92.41,109.99999999999943,548.8444909407457,961.7014640013392
3724,MADS121,æ,6,ADS,94.0125577879357,167.44221206430154,836.354959826399,1823.427453013777
3725,MADS121,o,6,ADS,94.68,79.9999999999983,630.8912565341687,1302.8647254743341
3726,MADS121,a,6,ADS,96.54,119.99999999999034,744.1600378409992,1316.692013689039
3727,MADS121,e,6,ADS,97.77,70.00000000000739,575.2848945087753,1984.6969123957642
3728,MADS121,u,6,ADS,98.02343446597092,100.23705336385547,334.19366056581,635.5831960088213
3729,MADS121,u,6,ADS,99.20592070436388,48.73911769070105,331.2119906297915,1365.1016064713997
3730,MADS121,a,6,ADS,99.8792307070521,124.14680921209253,673.6682647305547,1413.4683005871714
3731,MADS121,e,6,ADS,100.72,90.00000000000341,607.8780197658182,2035.1839799940287
3732,MADS121,o,6,ADS,102.1420952662333,107.90473376670207,554.0946000327922,1145.9555096601678
3733,MADS122,æ,12,ADS,2.471836902579014,128.1630974209862,1085.8627631169625,1610.932663966993
3734,MADS122,o,12,ADS,3.06200019752311,97.99980247689,550.5183123781293,1213.1600464796363
3735,MADS122,e,12,ADS,4.131054025935901,78.94597406409875,615.9252541797956,2073.202331235662
3736,MADS122,o,12,ADS,4.860978198278178,79.02180172182227,564.7134595743164,1119.5314415054663
3737,MADS122,i,12,ADS,5.89,129.9999999999999,376.8744477286634,2333.6459253355047
3739,MADS122,u,12,ADS,8.287787423593185,152.2125764068143,366.73256966295185,807.7953551769938
3740,MADS122,u,12,ADS,8.665981107796222,109.34171141924587,439.23537795474766,928.5540619649777
3741,MADS122,i,12,ADS,9.05,99.99999999999964,363.26740111558695,2549.097647913971
3742,MADS122,æ,12,ADS,13.66,129.999999999999,773.8182424893323,1576.7086606969392
3743,MADS122,æ,12,ADS,15.66360179444391,119.63269602341065,938.2354729166478,1522.5872958954242
3744,MADS122,u,12,ADS,16.12,135.1063140020301,376.1067661081954,698.2700071281289
3745,MADS122,e,12,ADS,17.96166919485517,118.3308051448293,524.2053424059612,1887.5975788006217
3746,MADS122,æ,12,ADS,18.17263437924054,108.05533834372838,1054.3724297366552,1642.2796882617654
3747,MADS122,u,12,ADS,18.60411999806205,108.05533834373193,287.3509882410458,793.3252305139433
3748,MADS122,æ,12,ADS,25.11,129.999999999999,875.9365565048815,1670.626100195624
3749,MADS122,u,12,ADS,26.52,150.00000000000213,400.5272921833733,876.4282118650215
3751,MADS122,e,12,ADS,29.98,190.00000000000128,495.68784800686757,1945.5865275545325
3752,MADS122,a,12,ADS,30.96,129.999999999999,708.0355701014419,1237.5692199853336
3753,MADS122,a,12,ADS,33.83,160.0000000000037,880.088426277485,1258.9988780029103
3754,MADS122,o,12,ADS,34.89,89.9999999999963,554.4329294666869,1209.5677476406618
3755,MADS122,o,12,ADS,36.36920134183462,66.89139992707283,635.7822307052007,1472.7842820250216
3756,MADS122,æ,12,ADS,40.27692277643336,133.07722356663731,888.9275714382809,1494.8803338828382
3757,MADS122,i,12,ADS,40.83201998302523,87.9800169747682,362.05142087145606,2208.1343714505706
3758,MADS122,i,12,ADS,42.57557658958716,94.42341041284408,367.2849630722765,2616.4213990547987
3759,MADS122,e,12,ADS,46.02928610189747,150.71389810253066,498.73265448391976,2414.2991862822737
3760,MADS122,a,12,ADS,46.38,96.9439321786183,680.7503619479983,1249.4159409072086
3761,MADS122,e,12,ADS,47.58795807821579,136.35554600517708,556.2734675038766,2010.718817989641
3762,MADS122,a,12,ADS,48.01,120.00000000000455,795.9042995743245,1268.7660484449066
3763,MADS122,a,12,ADS,49.55,109.99999999999943,741.6257455008175,1317.8405336572634
3764,MADS122,æ,12,ADS,51.50846547019943,111.534529800565,720.180018854164,1434.6007969114685
3765,MADS122,i,12,ADS,51.94454594280089,65.45405719910491,439.6282324337602,2426.536387296789
3766,MADS122,e,12,ADS,54.03952194402057,144.07378445829977,619.0965484590467,2172.8231172045635
3767,MADS122,e,12,ADS,55.10304760892443,86.95239107557029,625.810344072926,2088.6843572996113
3768,MADS122,i,12,ADS,56.58,39.99999999999915,363.42127854062005,2394.5015604863606
3769,MADS122,i,12,ADS,56.88839656579555,51.60343420444491,440.6072752269175,2206.1664999832255
3770,MADS122,a,12,ADS,57.17,141.6133076417978,784.939963394673,1441.53301797421
3771,MADS122,i,12,ADS,62.86,179.99999999999972,330.65621612304307,2615.555095452526
3772,MADS122,i,12,ADS,64.86308060202627,136.91939797372754,343.76827523770186,2432.4190463295954
3773,MADS122,æ,12,ADS,66.54812823322705,161.871766772947,1035.9165640280216,1597.244302755327
3774,MADS122,a,12,ADS,67.18,145.02602240084173,706.0295577270895,1230.5795612635243
3775,MADS122,a,12,ADS,67.97,120.00000000000455,636.1504602816922,1166.3258710439554
3776,MADS122,o,12,ADS,69.99700334671672,162.9966532832725,594.0833766244896,1062.1197582887705
3777,MADS122,i,12,ADS,70.39,50.80205777130686,453.6842427626985,1898.9000228859654
3778,MADS122,u,12,ADS,73.00873870971073,111.26129028927778,336.72795969893593,789.650068525935
3779,MADS122,o,12,ADS,82.04410657036318,175.8934296368153,468.06435274150334,1054.61529135087
3780,MADS122,u,12,ADS,82.64410706207788,127.35093447653867,391.19045295851816,711.6308965524989
3781,MADS122,o,12,ADS,85.76998276109157,118.34632294788605,542.50052345102,912.9890719006831
3782,MADS122,æ,12,ADS,87.46571024374822,230.26078051817933,932.1899688278842,1434.6831155824184
3784,MADS122,a,12,ADS,90.37,159.9999999999966,686.3516192775177,1297.8296530549173
3785,MADS122,e,12,ADS,91.38,100.00000000000853,646.8084071245962,2123.908801762695
3786,MADS122,o,12,ADS,93.24,151.41661599670897,544.1023899302344,1071.8856969267745
3787,MADS122,a,12,ADS,94.05519134789505,154.808652104947,729.9812770340238,1270.2188503368375
3788,MADS122,e,12,ADS,94.97,120.00000000000455,590.1621280254388,1935.7057538123915
3790,MADS122,æ,15,ADS,2.215649775937106,76.21849250584577,1032.2551255552257,1640.4444076195994
3791,MADS122,o,15,ADS,2.713412224636399,116.58777536360088,549.5951091375041,1060.986377439619
3792,MADS122,i,15,ADS,5.68,92.87925481237468,399.23681688429645,2537.44281977439
3794,MADS122,u,15,ADS,7.6,160.00000000000014,387.0135186406639,750.3321722320776
3796,MADS122,i,15,ADS,8.86,89.99999999999986,367.12280510645587,2338.851864897517
3798,MADS122,æ,15,ADS,13.5,134.41448245093923,1032.7158029522507,1517.769272699069
3799,MADS122,æ,15,ADS,15.24,150.00000000000034,1010.4842857433265,1460.4165648950734
3800,MADS122,u,15,ADS,15.80032086629171,129.6791337082901,510.37318999867813,2092.416120831712
3801,MADS122,e,15,ADS,18.22,100.00000000000142,658.5197434278703,2414.7475423930546
3802,MADS122,æ,15,ADS,18.38427939727991,145.7206027200897,1065.1917963140552,1592.4417963044034
3803,MADS122,u,15,ADS,18.82358925502261,108.5285056333305,510.66428002555176,1607.089699657682
3804,MADS122,æ,15,ADS,25.19,149.99999999999858,976.7204809307112,1521.4838860270143
3805,MADS122,u,15,ADS,26.42,169.99999999999815,436.3456664902922,1146.9882482282562
3806,MADS122,u,15,ADS,27.69,160.00000000000014,427.11507714543376,928.8681919709851
3807,MADS122,e,15,ADS,32.15,200.00000000000284,645.9333835689087,2361.730494806401
3808,MADS122,a,15,ADS,33.23,125.22918648361525,790.3944786708356,1212.2157693024562
3809,MADS122,e,15,ADS,34.83809833964077,121.901660359228,785.9812934096444,2031.3570474156786
3810,MADS122,a,15,ADS,35.81147362413847,121.78389563435132,829.8917884159324,1245.891885656505
3811,MADS122,o,15,ADS,36.64,95.92260831470156,585.5548854929325,1309.031394947173
3812,MADS122,o,15,ADS,38.12,94.00918899239485,653.3179506551982,1291.9495470120694
3813,MADS122,æ,15,ADS,43.00262361317846,97.37638682154426,956.8773628555557,1504.384824910564
3814,MADS122,i,15,ADS,43.42430052308119,87.8169587567399,432.18187090742526,2347.691393182312
3815,MADS122,i,15,ADS,45.81070048217302,69.29951782698396,521.5957836927957,2449.4201762799153
3816,MADS122,e,15,ADS,48.86288936973976,87.11063026024135,576.7598598827004,2202.402219397024
3817,MADS122,a,15,ADS,49.11,134.37666240486834,835.6029419221074,1249.4302397416263
3818,MADS122,e,15,ADS,49.84,108.01290798558938,642.018513228167,2170.747716808304
3819,MADS122,a,15,ADS,50.2,119.99999999999744,889.4178073146165,1286.808490434629
3820,MADS122,a,15,ADS,51.43897848112248,131.02151887751745,738.3854251365872,1246.8897569154988
3821,MADS122,æ,15,ADS,53.23781077202334,112.18922797666409,925.5925475711979,1621.5852953521269
3822,MADS122,i,15,ADS,53.68645052626132,55.506945629261395,432.3711843856775,2340.1681676754692
3823,MADS122,e,15,ADS,59.35219750835909,78.70387813103719,648.0691389815784,2009.401528816443
3824,MADS122,e,15,ADS,60.09,90.12146779333818,643.7982124164099,1948.0081836951229
3825,MADS122,i,15,ADS,61.75,59.429989561131435,388.90459988691657,2530.2712142427254
3826,MADS122,i,15,ADS,62.30238323781797,77.61676218203206,385.91992139555646,2434.943847464913
3827,MADS122,a,15,ADS,62.62,111.23400643986514,751.1790010160762,1271.5662627474067
3828,MADS122,i,15,ADS,68.51,129.99999999999545,395.46662746265645,2401.5969507614477
3829,MADS122,i,15,ADS,69.93,89.9999999999892,364.9231647638754,2542.015894974087
3830,MADS122,æ,15,ADS,71.39,219.99999999999886,954.2301391982926,1521.0556422745672
3831,MADS122,a,15,ADS,71.87,96.79896634675345,787.1482256770357,1205.0320903215948
3832,MADS122,a,15,ADS,72.55,60.000000000002274,741.8374735237314,1196.2086477465907
3833,MADS122,o,15,ADS,74.52,343.22877331192103,590.6379212122806,1113.9179240376247
3834,MADS122,i,15,ADS,75.22,79.1020670701954,403.45737237439107,2381.81884310957
3835,MADS122,u,15,ADS,78.3882525756701,91.74742432990968,364.0438926632422,850.680341818194
3836,MADS122,o,15,ADS,86.71356493525623,116.81312438396674,503.7070471262949,1058.1375169878784
3837,MADS122,u,15,ADS,87.21,170.0000000000017,349.0185986760093,1000.2659489437755
3838,MADS122,o,15,ADS,90.29,119.99999999999034,572.9506875131724,818.8402125706746
3839,MADS122,æ,15,ADS,92.19648570852736,123.51429147263104,958.2469038569891,1620.000524693427
3840,MADS122,o,15,ADS,92.73,119.99999999999034,759.741251219365,1024.5435000231005
3841,MADS122,a,15,ADS,94.80630650832389,133.69349167611233,777.384220228507,1192.6714872279085
3842,MADS122,e,15,ADS,95.59,90.00000000000341,568.9144666282882,1883.9361335571766
3843,MADS122,u,15,ADS,95.93080963452614,77.87541625597783,528.8144493419985,1632.8169462003648
3844,MADS122,o,15,ADS,96.87622384663662,113.77615336337499,668.4164495836574,1138.3626233693487
3845,MADS122,a,15,ADS,97.69,159.9999999999966,820.2047209474831,1267.6387971948966
3846,MADS122,e,15,ADS,98.63851990015368,121.48009984632324,660.5065270081038,1853.2287146651095
3847,MADS122,o,15,ADS,99.64,150.00000000000568,536.1801025169259,1151.2675672781595
3848,MADS122,æ,18,ADS,1.28,119.99999999999989,967.7908428799144,1479.6709788515034
3849,MADS122,o,18,ADS,1.78953300089646,97.93114074406084,586.352084814261,1020.7407300878979
3850,MADS122,e,18,ADS,2.570675005602867,147.72663603765102,531.7481629726828,2238.0936089510265
3851,MADS122,o,18,ADS,3.365552442850738,89.63189152846196,575.6040566423665,1135.2099059271889
3852,MADS122,i,18,ADS,4.347945287987445,111.2099394890187,364.3909001535819,2218.531830906963
3853,MADS122,u,18,ADS,5.854895716606896,125.10428339310486,414.2050648450452,1182.2246756512861
3854,MADS122,u,18,ADS,6.526254552330784,143.74544766921548,339.89618593583026,866.1842664090755
3855,MADS122,u,18,ADS,6.856673857014782,114.63882507844136,367.7103197507314,1080.3600639973104
3856,MADS122,i,18,ADS,7.233257227700572,78.01294262662495,402.84215380819467,2391.768679994736
3857,MADS122,æ,18,ADS,12.55,109.99999999999943,917.025477846854,1495.9541548486663
3858,MADS122,æ,18,ADS,14.36403882787987,95.96117212013056,981.521429838735,1524.4398952049996
3859,MADS122,u,18,ADS,14.76,120.000000000001,367.0257910520387,852.3114077506971
3860,MADS122,e,18,ADS,17.85910038939949,69.71369341102829,552.553228739844,2118.4445679332707
3861,MADS122,æ,18,ADS,18.0,136.81350851648943,1054.6498773921728,1713.373174653379
3862,MADS122,u,18,ADS,18.47157503641877,98.76106566562015,346.43656709839826,790.2223853962595
3863,MADS122,æ,18,ADS,24.82,146.6646122816897,949.0169364271851,1396.333063047211
3864,MADS122,u,18,ADS,26.24,119.16279134939245,340.6210821249305,969.3662266049841
3865,MADS122,u,18,ADS,27.33,110.00000000000298,376.3708848638132,1218.163676249731
3866,MADS122,e,18,ADS,29.64,175.46573845834956,648.1584509634272,2127.2541257840185
3867,MADS122,a,18,ADS,30.46,134.8387074184707,851.5334007956435,1233.6997491472086
3868,MADS122,e,18,ADS,31.91102179122035,127.33924387361384,765.5418076556637,2093.2007726667907
3869,MADS122,a,18,ADS,33.32,130.00000000000256,781.578049173093,1231.4203069018006
3870,MADS122,o,18,ADS,34.29,79.9999999999983,578.7892828175994,1129.2790947841518
3871,MADS122,o,18,ADS,35.77,89.9999999999963,516.4787836181011,1002.3873467056245
3872,MADS122,æ,18,ADS,39.29,102.57001309003755,898.9594699947302,1536.8778870295107
3873,MADS122,i,18,ADS,39.7101946273289,79.80537267109611,386.56193627883664,2534.5309618085685
3874,MADS122,i,18,ADS,41.6185961873935,75.86167720130277,344.71872075725065,2523.601770440705
3875,MADS122,e,18,ADS,44.84391725225272,96.08274774727477,641.6565725571656,2352.4287249990593
3877,MADS122,e,18,ADS,45.92948178567293,79.47413802042291,683.5355572989844,2158.3628173915163
3879,MADS122,a,18,ADS,47.59564931357034,110.18005498284111,773.6220188237538,1178.98753556612
3880,MADS122,æ,18,ADS,49.61,103.7655032696776,888.7940067624972,1604.4047723646488
3881,MADS122,i,18,ADS,50.02082184340299,69.17815659701176,393.4502529905089,2421.464051013584
3882,MADS122,e,18,ADS,51.63,131.84457695903973,592.1767567728247,2254.7036169831845
3883,MADS122,e,18,ADS,52.63896576859373,67.73364035830554,627.0983533001286,1795.63618276562
3884,MADS122,i,18,ADS,53.91,54.19059865141662,345.62848219338383,2447.0436758524725
3885,MADS122,i,18,ADS,54.26416444853891,60.50871872008656,348.2754700196448,2548.03727707716
3886,MADS122,a,18,ADS,54.61906257390392,111.08317018761937,757.2341812558146,1188.2902670340313
3887,MADS122,i,18,ADS,61.19595278835739,139.0797415357241,359.6465119927709,2640.113366021242
3888,MADS122,i,18,ADS,63.31050598797159,129.4940120284096,319.6838765903381,2600.3138271743424
3889,MADS122,æ,18,ADS,64.59,109.99999999999943,912.3078522324957,1454.2426527589698
3890,MADS122,a,18,ADS,64.92130871024425,89.40840527296245,770.5363074425794,1197.6652714475083
3891,MADS122,a,18,ADS,65.95622201982422,74.05544679174625,752.6716865668706,1205.939403823878
3892,MADS122,o,18,ADS,67.96625964341455,133.7403565854487,342.3899377890995,889.4091873999962
3893,MADS122,i,18,ADS,68.14,44.54158512787387,575.5042570682663,2040.9224405769137
3894,MADS122,u,18,ADS,71.29442071186473,103.8582485494004,338.24688484815204,778.766312241327
3895,MADS122,o,18,ADS,81.25918378411258,100.81621588741996,585.0966768663836,1008.6333734593989
3896,MADS122,u,18,ADS,81.67,109.84640770300302,375.5765717212024,1149.5042445435174
3897,MADS122,o,18,ADS,84.65,152.6165204159895,352.2982682131195,845.3597861161597
3898,MADS122,æ,18,ADS,86.39763009953056,231.7871531287352,1006.1608818144048,1488.3132152380235
3899,MADS122,o,18,ADS,87.21181216956592,109.27693977806996,612.6186185265807,981.8841184428333
3901,MADS122,e,18,ADS,90.308879101931,101.1208980689986,638.9042624860853,2120.237617435469
3902,MADS122,o,18,ADS,91.53805231170554,91.94768829445366,576.5246188164994,1065.599953535286
3903,MADS122,a,18,ADS,92.33433082476697,159.85139124559566,713.5262676415834,1170.104961317539
3904,MADS122,e,18,ADS,93.15,109.99999999999943,629.9777809213847,2104.9994566347405
3905,MADS122,o,18,ADS,94.16179390530932,97.53644211595258,529.1064603631461,1071.0567219050133
3906,MADS122,æ,6,ADS,1.42,130.0000000000001,772.7594877887543,1594.4582392497368
3907,MADS122,o,6,ADS,2.021413473090983,108.58652690901671,555.8400290269126,950.5403657556533
3908,MADS122,e,6,ADS,2.98,180.00000000000017,660.8872580139978,2114.736286988866
3909,MADS122,o,6,ADS,3.775389618647927,109.0831471224738,583.575931273924,1078.6147587278651
3910,MADS122,i,6,ADS,4.808040323899534,151.95967610046603,416.858867086173,1695.9161521268456
3911,MADS122,u,6,ADS,6.43,180.0000000000006,410.5280525284672,765.2870736757596
3912,MADS122,u,6,ADS,7.84,140.00000000000057,396.29285924686826,719.7893905081613
3915,MADS122,æ,6,ADS,12.32,90.47639202018942,711.7144687895764,1565.8608827000928
3916,MADS122,æ,6,ADS,14.11,145.75988129552007,758.9441685462839,1633.5641073144243
3917,MADS122,æ,6,ADS,16.11180833476309,158.19166523690953,622.2255806765758,1279.990843084403
3918,MADS122,u,6,ADS,16.64164076364367,180.76635808866826,374.12071795776416,727.0094844674636
3919,MADS122,e,6,ADS,19.67,119.99999999999744,541.3284537038083,2079.8746681498615
3920,MADS122,æ,6,ADS,19.86,160.00000000000014,793.1662861776254,1789.4660825441244
3921,MADS122,u,6,ADS,20.59,126.9720679493318,297.26594336547316,644.2635203683978
3922,MADS122,u,6,ADS,29.67,159.9999999999966,384.4022914904184,605.8415828294659
3923,MADS122,e,6,ADS,34.07061802022182,158.62798919943089,652.1778465860903,2218.1685010990927
3924,MADS122,a,6,ADS,35.17,119.99999999999744,656.3029864050786,1230.1353789981065
3925,MADS122,æ,6,ADS,36.6043577032133,175.64229678669818,693.9901599947796,1471.5119583811402
3926,MADS122,e,6,ADS,37.21,119.99999999999744,657.6554162905111,2201.7223969451143
3927,MADS122,a,6,ADS,39.05896764112929,151.0323588707081,657.8361725910883,1131.506157149314
3928,MADS122,o,6,ADS,40.06,89.18410178295488,550.1087633907619,1014.8601807716462
3929,MADS122,o,6,ADS,41.95,123.48995076733615,570.6744131740813,1053.2592222474866
3930,MADS122,æ,6,ADS,45.89,140.00000000000057,748.7240399093024,1569.9905868731748
3931,MADS122,i,6,ADS,46.51647895664429,137.13309923967643,396.5337939223161,2725.1746821567167
3932,MADS122,i,6,ADS,49.1267420667463,121.11705760877811,374.80873324007126,2414.411735847576
3934,MADS122,a,6,ADS,54.69,150.00000000000568,640.9537639344874,1143.4780056290635
3935,MADS122,e,6,ADS,56.18381411848537,166.18588151462887,626.7928320518608,2478.0484897234
3937,MADS122,a,6,ADS,58.10268501124916,117.31498875084156,711.2605682550596,1332.8395399553265
3938,MADS122,æ,6,ADS,60.24,116.6499463894155,756.7137073057656,1534.66354822639
3939,MADS122,i,6,ADS,60.63415367439512,87.25637483644988,438.03859541846685,2596.477701282225
3940,MADS122,e,6,ADS,62.03,131.55203217169742,577.1364754202065,2056.6922690782294
3941,MADS122,e,6,ADS,63.05840756467551,126.32639341991592,587.8005801679476,2177.7810339246166
3942,MADS122,i,6,ADS,64.74305545419409,146.94454580590843,414.215601341282,2748.388333710884
3943,MADS122,i,6,ADS,65.45,119.99999999999034,391.7476932608795,2701.9696736623955
3944,MADS122,a,6,ADS,65.95,131.68981713963035,640.2057687663745,1131.1332505239322
3945,MADS122,i,6,ADS,73.48669822639775,183.30177360225264,320.55471087612,2633.569351587371
3946,MADS122,i,6,ADS,75.96053131907672,119.46868092327634,374.1556535653726,2517.395895405705
3947,MADS122,æ,6,ADS,77.30902519661811,144.55906875888047,917.65083306364,1550.7694317472813
3949,MADS122,a,6,ADS,78.91,90.00000000000341,651.6767204026461,1216.6060099685358
3950,MADS122,o,6,ADS,80.77275477334507,117.24522665492998,464.5762509760899,922.0846173844766
3951,MADS122,i,6,ADS,81.07,40.05926711579377,543.9534885287956,1828.8441429016784
3952,MADS122,u,6,ADS,84.53,135.76982578638308,366.9547941869842,1494.476459173885
3953,MADS122,o,6,ADS,96.05106574619262,179.72208548401625,484.254804035257,754.3024293921841
3954,MADS122,u,6,ADS,96.65,159.9999999999966,382.1981382935354,943.0210850093999
3955,MADS122,o,6,ADS,101.29,189.99999999999773,393.58175240655436,842.9749766793695
3956,MADS122,æ,6,ADS,103.6420655463468,237.934453653196,1128.2703166698625,1781.0508695458368
3957,MADS122,o,6,ADS,104.54,119.99999999999034,396.4746997514796,821.763167684123
3960,MADS122,u,6,ADS,111.4,79.9999999999983,422.8677774461588,694.9848700107381
3961,MADS122,o,6,ADS,113.6372726893625,222.72731063749518,663.9250527384644,1080.8772137872309
3962,MADS122,a,6,ADS,114.7443369582003,146.28177343300308,637.893767394466,1167.727868461224
3963,MADS122,o,6,ADS,116.8583647786873,161.63522131269303,476.05527444355505,947.0594463281725
3964,MADS122,æ,9,ADS,3.88,110.00000000000031,958.3338567446286,1626.0758390110973
3965,MADS122,o,9,ADS,4.437502952142239,92.49704785776115,587.7355613694294,1156.8122527845858
3966,MADS122,e,9,ADS,5.364180080715871,95.61169269350955,585.9548165186335,2094.6240320525194
3967,MADS122,o,9,ADS,6.131189074993034,79.43125239153126,547.1733727321802,1156.2935648359717
3968,MADS122,i,9,ADS,7.200709393950428,101.49548916695662,346.4387722136185,2150.1149400003032
3969,MADS122,u,9,ADS,9.34,140.00000000000057,371.46147634802134,812.4111959516516
3970,MADS122,u,9,ADS,9.63,199.9999999999993,493.50467260021003,910.4127269283682
3971,MADS122,i,9,ADS,10.3,89.99999999999986,402.1014102540349,2389.1358261690643
3972,MADS122,æ,9,ADS,14.93270910160457,87.29089839543036,743.3538675548814,1619.9465541023526
3973,MADS122,æ,9,ADS,16.59812493940112,125.03067506074927,780.9264311332928,1422.8164044555535
3974,MADS122,u,9,ADS,17.09480866815742,152.24348236158036,356.2897598964788,825.1408408933481
3975,MADS122,e,9,ADS,19.44,119.99999999999744,586.3507258032777,1858.8075440200491
3976,MADS122,æ,9,ADS,19.64041455214053,169.58544785946827,885.2441906143197,1718.1274473843525
3977,MADS122,u,9,ADS,20.41,100.00000000000142,456.7019042962975,1026.8694321868331
3978,MADS122,u,9,ADS,27.89,120.000000000001,328.59524074790335,841.4783718605631
3980,MADS122,e,9,ADS,31.35,129.999999999999,685.8541213990526,1885.6142685493776
3981,MADS122,a,9,ADS,32.24,102.48342179488645,779.7711191722873,1282.234966526297
3982,MADS122,a,9,ADS,34.78,109.99999999999943,706.3083127844384,1231.4086977727598
3983,MADS122,o,9,ADS,35.65986932009612,70.96308733792966,575.0534010221761,1377.3661697130417
3984,MADS122,o,9,ADS,37.25,94.68938352468115,574.4068585391366,1170.847983257972
3985,MADS122,æ,9,ADS,40.89334755204409,146.65244795590837,806.1177878872041,1563.6834346482458
3986,MADS122,i,9,ADS,41.46170134935937,88.29865064062403,351.80712768353493,2404.916212755831
3987,MADS122,i,9,ADS,43.48325744797043,132.46442969747108,291.25124368629696,2137.4058315414477
3988,MADS122,e,9,ADS,47.03824569035609,111.75430964390642,572.171721512381,2217.3176548386455
3989,MADS122,a,9,ADS,47.38,70.00000000000028,625.6750341305511,1232.2557806121163
3990,MADS122,e,9,ADS,48.35658475988901,123.4152401109867,546.8713407168118,2263.5307656851364
3991,MADS122,a,9,ADS,48.82,140.00000000000057,859.1036381951052,1312.191370439334
3992,MADS122,a,9,ADS,50.38,140.00000000000057,891.4244848527204,1337.7318414231845
3993,MADS122,æ,9,ADS,52.23,120.00000000000455,758.0473081248678,1661.4796569704868
3994,MADS122,i,9,ADS,52.66179514954743,77.2709173235171,367.93125888058194,2408.122669922856
3995,MADS122,e,9,ADS,54.78155447782854,88.44552217145463,621.905786714296,2160.46418275889
3996,MADS122,e,9,ADS,55.89933858250232,90.66141749768519,549.5612934938364,2173.8801818304514
3997,MADS122,i,9,ADS,57.43605550200954,124.57964221547968,303.312686007678,2286.553659701949
3998,MADS122,i,9,ADS,57.84,59.99999999999517,420.43742481517324,2018.6053754215347
3999,MADS122,a,9,ADS,58.13,114.45233069202487,742.38947811975,1269.6520626501476
4000,MADS122,i,9,ADS,65.91068519067984,69.31480932016143,388.7359021865758,2535.2629052537036
4001,MADS122,i,9,ADS,67.6,130.00000000000966,355.8952997422521,2375.216920729944
4002,MADS122,æ,9,ADS,69.31,159.9999999999966,908.121796414398,1616.9996894073324
4003,MADS122,a,9,ADS,69.71,94.0283109620168,710.4277845372544,1190.5321995432141
4004,MADS122,a,9,ADS,70.66995332498604,102.50223726590946,647.2436275690025,1040.3865974605649
4005,MADS122,u,9,ADS,72.33,79.9999999999983,532.1306493784001,1047.264360463185
4006,MADS122,i,9,ADS,72.58,49.99999999999716,472.0160215113403,1851.5627921361663
4007,MADS122,u,9,ADS,75.63236761351106,127.7335572082734,477.4150705879564,1308.162966257778
4008,MADS122,o,9,ADS,85.37137432492145,128.6256750785526,446.02311496178027,899.6066853570892
4009,MADS122,u,9,ADS,85.95,129.99999999999545,369.7825132628721,713.997501376475
4010,MADS122,o,9,ADS,89.21164137207862,98.35862792138528,432.70787787189175,956.2780670377629
4011,MADS122,æ,9,ADS,90.93022664154346,192.38881456062984,741.9447468283392,1578.498054981358
4013,MADS122,e,9,ADS,95.51,119.99999999999034,588.0253159239059,2150.6400144903128
4014,MADS122,o,9,ADS,97.392006863653,147.9931363470115,626.3603827988122,938.0538824950481
4017,MADS122,o,9,ADS,100.4707094543651,119.29054563489672,526.1381456258551,1070.480374716763
4018,MADS123,æ,15,ADS,3.918721674709745,166.5598812475797,1189.9705680104319,1709.1075378971038
4019,MADS123,o,15,ADS,4.543464364641635,146.5356353583651,512.5581224313469,871.4338431640317
4020,MADS123,e,15,ADS,5.43,80.00000000000007,424.8284676471861,2484.53591733172
4021,MADS123,o,15,ADS,6.097975742713218,92.02425728678243,508.6026346774057,1079.3930887172473
4022,MADS123,i,15,ADS,7.129581887680411,150.41811231958934,355.28453363218586,2359.5959593218245
4023,MADS123,u,15,ADS,8.79,221.34592079051885,422.64077663328766,1926.6919225430436
4024,MADS123,u,15,ADS,9.74,129.999999999999,380.62079707472975,763.8597664006146
4025,MADS123,u,15,ADS,10.05,199.9999999999993,404.9850826304376,693.9196985002286
4026,MADS123,i,15,ADS,10.66136385516051,128.63614483948993,407.39964075224833,2767.0272069256307
4027,MADS123,æ,15,ADS,14.67,130.0000000000008,922.2690984828473,1505.7363723006533
4028,MADS123,æ,15,ADS,16.15674861295596,134.0772488051023,1069.710538860903,1542.9994666088642
4029,MADS123,u,15,ADS,16.82698025929068,84.31662038259091,452.6541122486189,1015.4066986613013
4030,MADS123,e,15,ADS,18.69,91.40718379513757,420.21474244402174,1700.9356957219375
4031,MADS123,æ,15,ADS,18.87,119.43425539481822,1242.0156587345682,1679.2461279972063
4032,MADS123,u,15,ADS,19.67374526998665,134.0772488051094,362.3987132035857,1156.4976934544216
4033,MADS123,æ,15,ADS,26.1,129.999999999999,1236.5301065357967,1678.285169260345
4034,MADS123,u,15,ADS,27.72202226597566,136.84172816191165,362.89275940960476,927.0995543176737
4035,MADS123,u,15,ADS,28.67,129.999999999999,379.9299728869937,1047.8389347746495
4036,MADS123,e,15,ADS,30.98,129.999999999999,652.3196861247532,1494.9095331197252
4037,MADS123,a,15,ADS,31.85210788395001,111.9614139506524,879.9003057046689,1310.4268139895098
4039,MADS123,a,15,ADS,34.08,109.99999999999943,909.0059538875153,1232.341843074404
4040,MADS123,o,15,ADS,34.98,110.00000000000654,437.1572985831116,899.9563989662064
4041,MADS123,o,15,ADS,36.66,78.30049386815574,487.07777871383115,1186.6425307596899
4042,MADS123,æ,15,ADS,39.87271819851373,157.28180148627047,1130.664642475367,1685.3931477371127
4043,MADS123,i,15,ADS,40.48376344464609,106.23655535391663,318.47429581061937,2628.058730805124
4044,MADS123,i,15,ADS,42.30476178867521,76.65748091024227,319.9341051189448,2084.3189433582365
4045,MADS123,e,15,ADS,45.56391223755414,69.68861900930534,562.6221423986594,2320.5090271776808
4046,MADS123,a,15,ADS,45.8,115.83976355113634,941.9945915564701,1279.0841261278115
4047,MADS123,e,15,ADS,46.980850485394,109.17883644791004,659.5274690309078,2441.3978521058584
4048,MADS123,a,15,ADS,47.33,120.00000000000455,1017.7762410640261,1316.1467418941784
4049,MADS123,a,15,ADS,48.72,101.48131814712968,1014.4737374833378,1253.7980506348836
4050,MADS123,æ,15,ADS,50.7166514489118,133.3485510882042,1057.396991095271,1540.173138705511
4051,MADS123,i,15,ADS,51.3260801107584,63.9198892416033,339.75522828939734,2618.1463342286565
4052,MADS123,e,15,ADS,53.10200143511742,117.99856488257632,670.278948057849,1948.7572473661123
4053,MADS123,e,15,ADS,54.29759265073203,123.11656024976969,689.0752136451578,2445.9251654086643
4054,MADS123,i,15,ADS,55.7,59.99999999999517,394.536576303576,2490.846891858902
4055,MADS123,i,15,ADS,55.97106899478666,58.931005213338494,319.91718569153096,2441.519875141962
4056,MADS123,a,15,ADS,56.23,91.83504380015961,772.8422681964736,1297.8377597110016
4057,MADS123,i,15,ADS,62.26,140.00000000000057,312.7811265208641,2848.6680064175994
4058,MADS123,i,15,ADS,63.99,100.00000000000142,330.48882036815536,2560.631855151106
4059,MADS123,æ,15,ADS,65.28198991695483,166.0912086388464,1278.493008245925,1638.8630488598935
4060,MADS123,a,15,ADS,65.84,69.99999999999318,760.8840054730632,1259.6297875071114
4061,MADS123,a,15,ADS,66.97,79.9999999999983,729.841757642404,1177.9106914927056
4062,MADS123,o,15,ADS,68.96773562145529,56.91237219093637,505.28121543514453,1127.5335207362652
4063,MADS123,i,15,ADS,69.16,41.19249513645684,363.4691436200588,2255.237310570739
4064,MADS123,u,15,ADS,72.11418623452712,97.56406661301753,396.02910846132875,949.321017100024
4065,MADS123,o,15,ADS,80.94,129.99999999999545,424.41924500950313,797.048308816487
4066,MADS123,u,15,ADS,81.59217495677252,117.82504322746945,417.8468787499885,1808.4921446343028
4067,MADS123,o,15,ADS,85.12,99.99999999999432,560.1418534474093,1328.7879533829228
4068,MADS123,æ,15,ADS,87.02036909876205,149.63090123795553,983.4041435548671,1438.4983461491593
4069,MADS123,o,15,ADS,87.6,100.00000000000853,657.6250505939618,1336.8409552644518
4070,MADS123,a,15,ADS,89.87,164.3246470949009,924.9720877795211,1260.482773153079
4071,MADS123,e,15,ADS,90.83,70.00000000000739,643.8611563575487,2011.4982890498404
4072,MADS123,u,15,ADS,91.12,93.5935564256738,445.9684909410186,1236.8634655520875
4073,MADS123,o,15,ADS,92.48,119.99999999999034,799.6428412141432,1220.1457061462022
4074,MADS123,a,15,ADS,93.16,100.00000000000853,705.7162874108708,1134.6007429431452
4075,MADS123,e,15,ADS,93.99,90.00000000000341,638.8182204594572,1882.9545215771209
4076,MADS123,o,15,ADS,95.04,109.99999999999943,446.68931908071505,882.6247326185594
4077,MADS123,æ,6,ADS,2.39,114.10003078197795,1093.4068977786458,1643.0443815330032
4078,MADS123,o,6,ADS,2.910382830568276,124.28132339322184,478.78337875030707,1015.1392569249665
4079,MADS123,e,6,ADS,3.85,122.58091310486074,577.2899465589903,2306.3111864196317
4080,MADS123,o,6,ADS,4.573482552055792,106.51744794420814,496.85573469975634,1055.942509941203
4081,MADS123,i,6,ADS,5.73747733921719,85.09351871968462,398.81192773364546,2326.9650690500675
4082,MADS123,u,6,ADS,7.36,149.99999999999946,437.2018316556778,883.7953356291017
4083,MADS123,u,6,ADS,8.44,148.63857058855245,456.6644181052545,1199.0447760755076
4084,MADS123,u,6,ADS,8.79,221.71035794364082,490.99146477814395,1444.4415309276558
4085,MADS123,i,6,ADS,9.405503129839513,108.04637574275588,414.55768395316466,2542.193014888712
4086,MADS123,æ,6,ADS,12.41766119571609,137.15731635739024,1146.9462532643415,1792.0389661877523
4087,MADS123,æ,6,ADS,13.7334835005195,146.5164994805015,1099.1757106032342,1673.2297610270564
4088,MADS123,æ,6,ADS,15.40887271725651,145.55470307313988,1082.643653039925,1515.2066526681597
4089,MADS123,u,6,ADS,15.9587421510882,165.14860540990918,425.6404777726113,782.9993954544436
4090,MADS123,e,6,ADS,18.25,78.33847977887132,602.8665898740009,2105.2167945150477
4091,MADS123,æ,6,ADS,18.43,137.87899847574892,1294.9010713019318,1622.9639863802286
4092,MADS123,u,6,ADS,19.28,133.11502599022873,322.6643008553766,1883.4883989688828
4093,MADS123,æ,6,ADS,25.56,135.48995673660968,1229.8327381817996,1749.14230178773
4094,MADS123,u,6,ADS,27.16461293802142,205.38706197858048,373.1745965531603,750.6486022400974
4095,MADS123,u,6,ADS,28.21,169.99999999999815,403.10034331128105,889.6570319920169
4096,MADS123,e,6,ADS,31.13,179.99999999999972,817.8506895904495,1716.5583500715281
4097,MADS123,a,6,ADS,32.2,140.00000000000057,640.8290886475684,1170.2529083369348
4098,MADS123,e,6,ADS,33.6124957673175,87.50423268250529,860.3365730210236,2021.1874994784282
4099,MADS123,a,6,ADS,34.61,142.3798022345082,770.4388259154568,1143.2698391846047
4100,MADS123,o,6,ADS,35.38,119.99999999999744,443.8694045602463,990.1439760275841
4101,MADS123,o,6,ADS,36.88,79.9999999999983,481.6450335103969,1148.3880915661966
4102,MADS123,æ,6,ADS,40.92343167573265,116.56832426734809,985.5293295641335,1749.3836286256096
4103,MADS123,i,6,ADS,41.46641512534712,133.5848746528825,319.51935134423564,2627.919053995952
4104,MADS123,i,6,ADS,43.21149397303071,83.41404137653541,343.73116608919554,2009.9146670463217
4105,MADS123,e,6,ADS,46.67237843880137,75.57648044182486,566.0877783142071,1615.2632389401667
4106,MADS123,a,6,ADS,46.96,126.65530264150959,801.9933232315562,1237.2856656836282
4107,MADS123,e,6,ADS,48.24950955216982,100.49044783018246,683.3934143397485,2099.841275542286
4108,MADS123,a,6,ADS,49.87,80.0000000000054,948.8561695197898,1333.7779196044712
4109,MADS123,æ,6,ADS,51.93996083183039,150.03916816961294,1149.6522726843857,1699.1714269203774
4110,MADS123,i,6,ADS,52.57938150455921,89.0122991870328,378.49623740064203,2625.4226927662603
4111,MADS123,e,6,ADS,54.46372135467624,116.27864532376009,617.2197887922717,2178.1562319913223
4112,MADS123,u,6,ADS,54.8,86.13015699843629,392.4854920575569,882.5848651674967
4113,MADS123,e,6,ADS,55.69997191125224,90.0280887477578,646.5635103899564,2146.1314516702423
4114,MADS123,i,6,ADS,56.72,74.96672443352992,384.95002674929106,2625.5110555714923
4115,MADS123,i,6,ADS,57.02349615994217,57.66205544819769,382.6111889994461,2397.09813758112
4116,MADS123,a,6,ADS,57.34222824765549,104.687421056461,822.1538329410848,1146.3231620220745
4117,MADS123,i,6,ADS,64.14,135.94826737738686,330.2578638654654,2491.1086500044084
4118,MADS123,i,6,ADS,65.97439350038927,132.11888432792307,334.7518077741171,2511.518504774393
4119,MADS123,æ,6,ADS,67.48511745017913,164.8825498208737,1197.4353604266773,1545.9433387311267
4120,MADS123,a,6,ADS,67.97,70.00000000000739,755.6745149880222,1254.2308306047566
4121,MADS123,a,6,ADS,69.15,68.85837933087657,674.7372419202432,1188.0546195739644
4122,MADS123,o,6,ADS,71.24,50.268099362511975,476.1873087992842,1268.9732582860233
4123,MADS123,i,6,ADS,71.46700497132991,67.7389195071072,388.3833132332297,2614.5684823810852
4124,MADS123,u,6,ADS,74.7286505887767,128.75992964163174,460.22962576036014,1869.5270024740882
4125,MADS123,o,6,ADS,83.14415747838133,157.8708702562608,434.6625941772492,799.8370402250947
4126,MADS123,u,6,ADS,83.75,109.99999999999943,478.92723504201444,1191.3434534845114
4127,MADS123,o,6,ADS,87.44,109.99999999999943,358.3540583703382,976.7756831236825
4128,MADS123,o,6,ADS,89.61,74.70015323565349,491.82284747499205,1140.6330212975918
4129,MADS123,a,6,ADS,92.0533506910714,155.07174135098012,857.9002299263931,1282.4860301649871
4130,MADS123,o,6,ADS,94.73,119.99999999999034,627.1709273705926,1259.401179185618
4131,MADS123,a,6,ADS,95.44,116.49911038011851,781.3715876533378,1206.4696953676562
4132,MADS123,e,6,ADS,96.38,108.85585537208442,653.6285280697068,1937.2809844379049
4133,MADS123,o,6,ADS,97.55148971836694,168.51028163306125,449.272282213588,908.9221609637141
4134,MADS124,æ,6,ADS,2.13,102.34549235960122,900.5824061234297,1641.2861613282846
4135,MADS124,o,6,ADS,2.638289739876624,101.71026012337636,611.7594214140846,1160.3159624403456
4136,MADS124,e,6,ADS,3.695461796890529,108.18579182741095,610.9790209120157,1932.7639374745231
4137,MADS124,o,6,ADS,4.446663859818972,130.89883099559697,511.56983860158743,1181.894305355005
4138,MADS124,i,6,ADS,5.7,99.99999999999964,328.6738488320559,2236.1577035570685
4139,MADS124,u,6,ADS,7.134718865893134,195.28113410686564,389.845326427465,963.7783593024657
4140,MADS124,u,6,ADS,7.839646153777881,140.35384622211922,355.5040695864619,844.9526859585688
4141,MADS124,u,6,ADS,8.15,236.71219041613156,413.20951357241944,927.6985575714849
4142,MADS124,i,6,ADS,8.76,97.49297133729229,390.4598167371836,2204.230598284531
4143,MADS124,æ,6,ADS,11.5,99.99999999999964,942.7547656586846,1570.000003943999
4144,MADS124,æ,6,ADS,12.92,104.29698515475039,938.0286027945942,1481.9980440389909
4145,MADS124,æ,6,ADS,14.36682961954458,103.40409937094996,795.9757055821723,1533.9712569028097
4146,MADS124,e,6,ADS,16.69112809301179,124.32400386795806,610.8418901747813,1744.9586839625476
4147,MADS124,æ,6,ADS,16.89,160.00000000000014,898.6738893836354,1628.521181577932
4148,MADS124,u,6,ADS,17.73341804324569,86.58195675431202,410.30977410207623,926.6457956177255
4149,MADS124,æ,6,ADS,23.56,130.00000000000256,944.7532685847569,1642.273686570637
4150,MADS124,u,6,ADS,24.86,140.35484962780131,411.0866206772188,852.1089096677968
4151,MADS124,u,6,ADS,25.82438434027913,145.61565972086754,436.99416545948594,825.9326062688253
4152,MADS124,e,6,ADS,28.17,99.99999999999787,704.2393042930785,1809.2213240604037
4153,MADS124,a,6,ADS,29.23,79.9999999999983,796.9312925964468,1353.0315697781255
4154,MADS124,e,6,ADS,30.57,89.99999999999986,705.6012458032582,1899.5435109934624
4155,MADS124,a,6,ADS,31.72,109.99999999999943,765.7177650072931,1286.601835860094
4156,MADS124,o,6,ADS,32.47,79.9999999999983,558.5867641658951,1163.6004286773793
4157,MADS124,o,6,ADS,34.8,70.00000000000028,563.5662190443113,1179.8079300892448
4158,MADS124,æ,6,ADS,38.23702734459078,111.77206116975924,792.1976003589532,1657.299679407873
4159,MADS124,i,6,ADS,38.78963156766394,90.36843233606362,401.86713119533044,2140.5102056862884
4160,MADS124,i,6,ADS,40.62782822429421,92.17177570578627,399.202903738348,2364.3001480908893
4161,MADS124,e,6,ADS,43.95370804144117,93.84071445803244,575.9043565334777,2118.1385391713266
4162,MADS124,e,6,ADS,45.15559051593702,84.40948406298077,607.6929371932448,2039.7538863014531
4163,MADS124,a,6,ADS,45.5,119.99999999999744,751.0212323544379,1267.112297138901
4164,MADS124,a,6,ADS,46.88,89.9999999999963,638.2224993278729,1287.0677904657239
4165,MADS124,æ,6,ADS,48.5795265490238,110.4734509762011,815.9950438056608,1515.6636417190552
4166,MADS124,i,6,ADS,49.11548941024665,66.94369439043868,385.07731333339075,2092.763545999487
4167,MADS124,e,6,ADS,50.70217322466704,124.92171542501751,680.9332876839145,1958.3022232962937
4168,MADS124,e,6,ADS,51.7532724248538,84.87504110217259,603.0604180194503,1899.0942781937424
4169,MADS124,i,6,ADS,53.81271927836097,68.13911750455048,416.8173481190545,2065.609949487955
4170,MADS124,a,6,ADS,54.07546137831602,94.53862168398075,733.1481277453679,1333.8741456521964
4171,MADS124,i,6,ADS,59.91964611933275,110.3538806672546,348.35824521401145,2360.2249864083947
4172,MADS124,i,6,ADS,61.47285808655789,88.4613104445151,347.91767147888345,2146.055430292203
4173,MADS124,æ,6,ADS,62.42473716827309,95.26283172691308,763.6847659188996,1551.291897896674
4174,MADS124,a,6,ADS,62.71683135519802,93.16864480198461,743.5641501453252,1233.1409367213669
4175,MADS124,a,6,ADS,63.57,79.9999999999983,670.5557037381013,1276.7173914538
4176,MADS124,o,6,ADS,65.34,48.40142282465365,615.463438355152,1296.37826391225
4177,MADS124,i,6,ADS,65.58,40.00000000000625,430.91440721726997,1640.7697337027564
4178,MADS124,u,6,ADS,68.55330652811934,76.69347188065956,435.5475649714709,1004.7882424430991
4179,MADS124,o,6,ADS,75.54343866290942,76.5613370905811,633.8981382112388,1231.6662214517412
4180,MADS124,u,6,ADS,75.92613402135682,83.86597864318901,413.61527174419274,946.9787990666989
4181,MADS124,o,6,ADS,79.12812994328058,109.38121494152142,639.9284343762224,1112.367864370543
4182,MADS124,æ,6,ADS,80.37008825366328,109.91174633672074,845.9780162097026,1631.240354424425
4183,MADS124,o,6,ADS,80.94,70.00000000000739,476.0409600525789,1039.587889064097
4184,MADS124,a,6,ADS,82.85,120.00000000000455,736.7981442292885,1242.569446411407
4185,MADS124,e,6,ADS,83.61,90.00000000000341,639.8303747975799,1831.843502068872
4186,MADS124,u,6,ADS,83.94,100.00000000000853,411.1434157032245,927.3504333220662
4187,MADS124,o,6,ADS,85.31,120.00000000000455,605.3008252772544,1253.41234908138
4188,MADS124,a,6,ADS,86.10640004965838,99.22011847154977,680.781493856065,1272.7399966388691
4189,MADS124,e,6,ADS,86.88,79.9999999999983,637.6968470352987,1893.9648865921533
4190,MADS124,o,6,ADS,87.89077114557101,93.24300290096232,614.0511234864257,1285.7789356655642
4191,MADS125,æ,6,ADS,2.2,109.99999999999987,1037.1669996236808,1630.2942937030034
4192,MADS125,o,6,ADS,2.677001606379936,132.99839362006426,605.6348546705523,1173.4179824037042
4193,MADS125,e,6,ADS,3.579156522190179,117.60109496640413,517.8786493955063,1791.991960976321
4194,MADS125,o,6,ADS,4.237264521881091,112.73547811890872,662.059259575698,1272.7927244673451
4195,MADS125,i,6,ADS,5.42,99.99999999999964,405.0679659009916,2573.9748812873067
4196,MADS125,u,6,ADS,7.03,163.9141455498301,388.8223782228917,733.9370388330739
4197,MADS125,u,6,ADS,8.5,150.00000000000034,466.48324306546743,1385.6157146004707
4198,MADS125,u,6,ADS,8.86,253.22190178012426,726.3836794752729,1002.4499203827386
4199,MADS125,i,6,ADS,9.94,80.00000000000007,339.7617955886278,2406.517037783652
4200,MADS125,æ,6,ADS,15.13,129.999999999999,737.8988427880159,1485.567146149245
4202,MADS125,u,6,ADS,17.33,237.83874016390172,472.21828055149757,1875.0705769305548
4203,MADS125,e,6,ADS,19.12230819304591,147.4680397197794,714.1628222563141,1807.6755568545866
4204,MADS125,æ,6,ADS,19.33,175.9117647220414,877.0544940252678,1575.6112414166455
4205,MADS125,u,6,ADS,20.09588924193047,114.11075806952908,455.1009374583893,1038.0150283167695
4206,MADS125,æ,6,ADS,26.82621414783972,153.7858521602793,746.1289198515815,1611.896898726299
4207,MADS125,u,6,ADS,28.37,106.81610652853735,406.82148999445667,821.4911806007705
4208,MADS125,u,6,ADS,29.48542122695116,154.57877304883993,394.6115042572286,802.7981462952698
4209,MADS125,e,6,ADS,31.88,140.00000000000412,765.2507273498999,1815.5766394440332
4211,MADS125,e,6,ADS,34.12603049774989,93.96950225011125,727.3915937034693,1965.6920845748148
4212,MADS125,a,6,ADS,35.34,119.99999999999744,747.8206532739181,1217.688322238005
4213,MADS125,o,6,ADS,36.19310329988901,96.89670011098883,507.6716381653239,1038.0502476360966
4214,MADS125,o,6,ADS,37.75,100.00000000000142,608.3171461963753,1134.551078528388
4215,MADS125,æ,6,ADS,40.40643533438291,143.5646656170846,800.9459486557213,1588.0728777260942
4216,MADS125,i,6,ADS,40.91368470114133,96.31529885866996,407.614935909279,2536.185374313826
4217,MADS125,i,6,ADS,42.77168716738878,118.31283261122394,419.3698450680654,2136.011833840309
4218,MADS125,e,6,ADS,46.42628665942577,103.71334057423098,721.0800827723921,2202.251939097618
4220,MADS125,e,6,ADS,47.75021718725651,89.78281274349342,701.7217797628234,1990.7592341312795
4223,MADS125,æ,6,ADS,51.62366336077714,113.86772687223612,883.733629985674,1618.392210956621
4224,MADS125,i,6,ADS,52.10438543944832,95.61456055168094,376.85143862998575,2464.5037105935376
4225,MADS125,e,6,ADS,53.73641898552334,133.58101447665405,658.5439070927652,2012.5467530375697
4226,MADS125,i,6,ADS,56.33717173726924,82.82826273076438,429.13458571352436,2488.9927886886744
4227,MADS125,i,6,ADS,56.67970825990949,90.29174009051388,414.26519743211566,2219.321050057573
4228,MADS125,a,6,ADS,57.03732934194809,128.80119924892597,714.3473912476677,1172.6018686705424
4229,MADS125,i,6,ADS,62.29404622137838,145.9537786216174,334.1059264256438,2216.388557261932
4230,MADS125,i,6,ADS,63.91,130.00000000000966,414.63377620524744,2666.240488355564
4231,MADS125,æ,6,ADS,65.29,140.00000000000057,985.297766997892,1602.4031291463675
4232,MADS125,a,6,ADS,65.61627407994115,83.72592005885338,708.1974701330503,1143.6660115916327
4233,MADS125,a,6,ADS,66.5,95.8981063236024,667.6835562193243,1193.4086336791795
4234,MADS125,o,6,ADS,68.38,69.28307638196429,610.6055302405287,1102.8242116915915
4235,MADS125,i,6,ADS,68.66,40.00000000000625,513.0298262914067,1714.1291801294433
4237,MADS125,o,6,ADS,79.72889737656878,111.06770080159833,563.9606501834317,1102.6099940052138
4238,MADS125,u,6,ADS,80.13249484216738,77.46738795405861,433.96751962745464,992.1079559355034
4239,MADS125,o,6,ADS,83.56,109.99999999999943,578.9718552610967,940.8921764097926
4240,MADS125,æ,6,ADS,85.40473748373468,135.26251626532826,884.1166602595039,1558.6262910661305
4241,MADS125,o,6,ADS,86.02,77.08385472570001,616.8481944732273,999.0436796807002
4242,MADS125,a,6,ADS,87.94,120.00000000000455,669.2097118343431,1213.905582356228
4243,MADS125,e,6,ADS,89.2,90.00000000000341,592.3201328581735,2002.7758562127067
4244,MADS125,o,6,ADS,90.61468711151292,125.31288848707334,704.8862323456848,896.5783311069194
4245,MADS125,a,6,ADS,91.41594266092356,103.60096461327828,660.6721364171879,1193.0768843701107
4246,MADS125,e,6,ADS,92.31,60.000000000002274,679.1979913133348,1702.840937985008
4247,MADS125,o,6,ADS,93.52,140.00000000000057,508.1998656793162,1132.9154712752395
4248,MADS126,æ,6,ADS,3.98,91.5324132585753,837.9202525146084,1845.621687341929
4249,MADS126,o,6,ADS,4.484631666025082,145.36833397491833,494.72431738715443,844.4048939832976
4250,MADS126,e,6,ADS,5.703585493794792,126.0348962183775,714.3124203913432,2161.242777554804
4251,MADS126,o,6,ADS,6.750738141737882,149.26185826211835,456.0216089094965,872.7102535470735
4252,MADS126,i,6,ADS,7.62,96.10725183604885,358.6825330092426,2191.200347406162
4253,MADS126,u,6,ADS,9.056823609241638,153.17639075836274,382.98960133118675,907.3538106180168
4254,MADS126,u,6,ADS,10.01,150.00000000000034,324.6060092050682,943.7404059948767
4255,MADS126,u,6,ADS,10.51,189.9999999999995,475.2446989545769,771.6858135852648
4256,MADS126,i,6,ADS,11.5,86.44224625036045,407.49913625373154,2644.5927978805785
4257,MADS126,æ,6,ADS,14.62,164.30597840933103,766.6549137395627,1795.8929349188438
4258,MADS126,æ,6,ADS,16.1,119.99999999999744,759.7147692865394,1763.9514200922556
4259,MADS126,æ,6,ADS,17.8802206564464,139.77934355359878,767.7424528295685,1894.0494163002377
4260,MADS126,u,6,ADS,18.60945453553708,144.64407552578962,333.8377714803453,932.6959335268413
4261,MADS126,e,6,ADS,21.1,104.42991385197686,607.8958252696605,2041.6712562059295
4262,MADS126,e,6,ADS,21.32,128.04098842173062,834.122301664936,1884.031949021052
4263,MADS126,u,6,ADS,22.2291438597088,105.73397333756063,381.2195849695418,646.4848923823256
4264,MADS126,æ,6,ADS,29.17010498977136,171.71197270020855,708.3405833859827,1885.7451929026995
4265,MADS126,u,6,ADS,30.18,129.41305890159072,382.43672324013943,1356.0822596003134
4266,MADS126,u,6,ADS,31.0,129.999999999999,399.9520162284727,911.7673984232117
4267,MADS126,e,6,ADS,34.24621828778803,153.78171221196624,661.1659103336722,2226.2481214483014
4268,MADS126,a,6,ADS,35.45840514126413,161.59485873586732,787.4985383186257,1484.6759653039871
4270,MADS126,a,6,ADS,37.65,120.00000000000455,754.772651037277,1385.6531893672534
4271,MADS126,o,6,ADS,38.37980101394744,130.1989860525552,454.7226220536648,901.2696743455639
4272,MADS126,o,6,ADS,40.15921579553657,170.78420446343046,429.3570361448855,791.2353388102796
4273,MADS126,æ,6,ADS,43.61,149.99999999999858,732.3097503321554,1837.7311396607302
4274,MADS126,i,6,ADS,44.16929964492348,111.65507584448164,461.7262302944603,2576.9401661343336
4275,MADS126,i,6,ADS,45.95512457230058,82.04956330994406,341.9617899542467,2491.2082014173184
4276,MADS126,e,6,ADS,49.58078119845664,90.50828117695175,595.920805064539,2200.4616331113443
4277,MADS126,a,6,ADS,49.82,109.99999999999943,687.9647603981006,1360.6396974308536
4278,MADS126,e,6,ADS,50.65584601944663,94.15398055337221,511.0909416240715,1847.831617435258
4279,MADS126,a,6,ADS,50.97,120.00000000000455,591.2065444748356,1129.1228896080192
4280,MADS126,a,6,ADS,52.26,130.00000000000256,683.7379361979774,1240.093491247306
4281,MADS126,æ,6,ADS,54.1,142.05570474177165,785.5591654555734,1812.3927364106137
4282,MADS126,i,6,ADS,54.67835032425484,145.489947312484,407.9917576584878,2396.4392126612106
4283,MADS126,e,6,ADS,56.7,90.06050324186532,505.35081407035455,2269.1323874699524
4284,MADS126,e,6,ADS,57.72,95.66492444859875,531.4485609846702,2043.5833683448122
4285,MADS126,i,6,ADS,59.33018962202507,61.748640429129864,475.2909489086157,2387.3739875121287
4286,MADS126,i,6,ADS,59.68180625982747,82.04956330995117,373.2188835247184,2565.948382914314
4287,MADS126,a,6,ADS,60.03502862590526,104.97137409473822,778.1253221101451,1397.432393304205
4288,MADS126,i,6,ADS,65.84,149.99999999999147,370.97662357342955,2439.1953801579093
4289,MADS126,i,6,ADS,67.63,94.32345356115945,372.5211421877367,2617.543459484441
4290,MADS126,æ,6,ADS,68.63,102.34298150001564,753.988306661347,1892.5246961386829
4291,MADS126,a,6,ADS,68.94,90.00000000000341,678.0215775456024,1064.0475134072472
4292,MADS126,a,6,ADS,70.0,99.99999999999432,644.7444496420703,1113.6343638101378
4293,MADS126,u,6,ADS,72.40643412548556,123.56587451444057,491.97013325579996,1115.4909488446422
4294,MADS126,i,6,ADS,72.64,42.27913099053637,489.6453534946008,2007.1669446936899
4295,MADS126,u,6,ADS,75.41112686533438,100.6587426173553,411.1253362329495,914.7840215101428
4296,MADS126,o,6,ADS,84.37916639215071,90.50828117695175,495.21482340532873,1332.6349809513317
4297,MADS126,u,6,ADS,84.75,158.06087256878243,478.12552279896295,946.5041636311462
4298,MADS126,o,6,ADS,87.75,150.00000000000568,580.0387808285791,1050.2457237080262
4299,MADS126,æ,6,ADS,89.33988429867048,74.43671722964496,705.7718007725181,1887.5193202128594
4300,MADS126,o,6,ADS,89.87,119.99999999999034,477.39369300873335,1006.0496687178414
4301,MADS126,a,6,ADS,92.19685850896067,173.14149103933119,794.645889089587,1379.218527224216
4302,MADS126,e,6,ADS,93.63,90.00000000000341,694.8854823480445,2205.9799269405994
4303,MADS126,u,6,ADS,94.02,121.26289251962419,379.27597717346384,970.4425474280506
4304,MADS126,o,6,ADS,95.34,89.80282052900179,594.8687061891007,1314.8608545929226
4305,MADS126,a,6,ADS,96.11861486402512,125.1890244316769,787.923994014062,1153.6134273181788
4306,MADS126,e,6,ADS,96.93,109.99999999999943,631.8045887221366,2098.936743248598
4307,MADS126,o,6,ADS,97.93992180288042,150.07819711958348,455.567815827113,818.3573421075306
4308,MADS127,æ,15,ADS,3.452722232003524,75.03637949574315,917.9496428112309,1584.443202386875
4309,MADS127,o,15,ADS,3.952471502493707,124.039729370514,569.6444746873065,1162.1988091164735
4310,MADS127,e,15,ADS,4.932497696158208,94.17831304057512,567.4424398501882,1928.955586842985
4311,MADS127,o,15,ADS,5.69466233218915,135.33766781085,550.0003634839259,1118.3533192747063
4312,MADS127,i,15,ADS,6.812648558541288,127.35144145871224,375.4307184145199,2514.8041773543787
4313,MADS127,u,15,ADS,8.44,179.99999999999972,344.84787394893453,626.1114157705236
4314,MADS127,u,15,ADS,9.38,129.999999999999,359.5083180870025,915.4300045669706
4315,MADS127,u,15,ADS,9.714294836856052,197.45524424900827,362.9232964782329,944.7914355829375
4316,MADS127,i,15,ADS,10.32,119.99999999999922,375.5349321287001,2366.715055674527
4317,MADS127,æ,15,ADS,13.07,140.00000000000057,785.5251860180714,1551.5090424551893
4318,MADS127,æ,15,ADS,14.52,120.000000000001,788.8273185715233,1515.5016376150597
4319,MADS127,æ,15,ADS,16.35327598073373,146.72401926626932,887.7300562701693,1584.335112318
4320,MADS127,u,15,ADS,17.01,155.44637045484677,358.19881161111067,666.1175116662648
4321,MADS127,e,15,ADS,19.40351513278748,125.91348908632227,595.4330051235509,2008.2239880315549
4322,MADS127,æ,15,ADS,19.66007828879145,139.9217112085509,973.6608643678711,1566.922943964469
4323,MADS127,u,15,ADS,20.31248872823905,128.7751592928288,335.8283253596326,671.9639577287746
4324,MADS127,æ,15,ADS,27.08,140.00000000000057,879.5785311738657,1597.6527009263123
4325,MADS127,u,15,ADS,28.49,150.00000000000213,351.9424928205162,663.8145308156915
4326,MADS127,u,15,ADS,29.93,160.00000000000014,336.2128449691558,608.5402362896602
4327,MADS127,e,15,ADS,32.67443878108782,105.56121891217884,653.265425154984,1966.0808981489702
4328,MADS127,a,15,ADS,33.64110608944745,136.40627984351994,854.044198984239,1297.314066461073
4329,MADS127,e,15,ADS,35.21,100.00000000000142,738.8012338190803,1689.5403466145008
4330,MADS127,a,15,ADS,36.37,162.7531582958497,831.8107369607969,1296.9701125911256
4331,MADS127,o,15,ADS,37.21284258712917,97.29678702125,534.0290738998353,1132.077661453577
4332,MADS127,o,15,ADS,38.85,126.35241681648779,484.63981748012753,958.8303902534514
4333,MADS127,æ,15,ADS,42.29433797879845,122.09792881098025,868.2509195317417,1580.4266470077089
4334,MADS127,i,15,ADS,42.92633822270406,113.6617772959383,378.6166157452126,2395.593613760156
4335,MADS127,i,15,ADS,45.31707884595279,102.92115404720903,298.6587121063023,2550.283422040489
4336,MADS127,e,15,ADS,49.26,96.43453662982893,542.0143188880338,1971.1911683810517
4337,MADS127,a,15,ADS,49.49856415688637,111.43584311363242,841.8405884910654,1283.8844916661928
4338,MADS127,e,15,ADS,50.55341638784406,100.15845722776362,578.4749241050716,1862.3147165088556
4339,MADS127,a,15,ADS,50.87,160.0000000000037,828.5381650223072,1244.9316339434079
4340,MADS127,a,15,ADS,52.36,142.40792715069972,839.225573722805,1320.790270974532
4341,MADS127,æ,15,ADS,54.37457850227008,133.54460963700632,899.5634991557622,1544.1282446148807
4342,MADS127,i,15,ADS,55.01291074507405,83.62944925323035,426.22697358766715,2229.199058055339
4343,MADS127,e,15,ADS,56.67150884457904,138.31405998119095,619.846213513908,1978.6163537674804
4344,MADS127,e,15,ADS,57.93172704462777,115.42069832913171,635.5486877554481,1897.5598682334094
4345,MADS127,i,15,ADS,59.13,79.9999999999983,397.2376595214113,2295.3837883642477
4346,MADS127,i,15,ADS,59.47240510230387,77.59489769613026,393.6564007156614,2244.582921028621
4347,MADS127,a,15,ADS,59.78710610260433,103.97401750309143,736.3964659742594,1349.8810017480557
4348,MADS127,i,15,ADS,65.76204942172193,117.95057827806943,330.18366002953735,2477.3661180490376
4349,MADS127,i,15,ADS,67.51,129.99999999999545,381.4543813657041,2440.951393184321
4350,MADS127,æ,15,ADS,69.10075713831624,179.24286168376113,1056.8342735332676,1622.9697638090843
4351,MADS127,a,15,ADS,69.6,92.31641296811688,658.8271495941916,1117.2015718633754
4352,MADS127,a,15,ADS,70.72618306241132,105.88179764076244,768.1424132996324,1195.3166138594322
4353,MADS127,o,15,ADS,72.81,140.00000000000057,497.7026155901233,1042.4887001987358
4354,MADS127,i,15,ADS,73.27,52.84886333402028,404.68596716342563,1926.3554793840642
4355,MADS127,u,15,ADS,76.92063617455533,124.00570894864416,333.52181738901464,747.5825366615234
4356,MADS127,o,15,ADS,86.17902813129993,180.97186870006965,520.8202822952032,969.0433061177924
4357,MADS127,u,15,ADS,86.75892674812636,147.8529606695531,338.0805178339396,631.0679981045971
4358,MADS127,o,15,ADS,90.54,129.99999999999545,521.8744201171064,740.0862825090811
4359,MADS127,æ,15,ADS,92.20706024007772,182.9397599222773,1046.437023923775,1700.6576707524698
4360,MADS127,o,15,ADS,92.86,109.99999999999943,529.2060248055324,946.9992868330139
4361,MADS127,a,15,ADS,95.02,170.0000000000017,731.8678412496567,1233.8653775906675
4363,MADS127,u,15,ADS,96.88,131.0068942283209,354.32026433595394,751.9646579604312
4364,MADS127,o,15,ADS,98.24107911617064,88.92088382935981,521.6265251810864,1245.123319816404
4365,MADS127,a,15,ADS,98.93,139.99999999998636,679.1311319249633,1213.4064084220142
4366,MADS127,e,15,ADS,100.0087002878143,121.29971218568869,682.8869631411862,1804.989048130297
4367,MADS127,o,15,ADS,101.196044338535,129.72904936160035,569.9470583345297,1046.3112202132725
4368,MADS127,æ,18,ADS,4.371983891124634,54.668247581758145,695.9006746074078,1570.5156406067729
4369,MADS127,o,18,ADS,4.898401274955667,116.95341901867096,594.5526225962319,1057.9667667554634
4370,MADS127,e,18,ADS,6.017393637057936,83.23675058447222,595.7759504960754,1856.914232824601
4371,MADS127,o,18,ADS,6.873596333530442,161.6576216551513,514.0075326747398,985.6289100829783
4372,MADS127,i,18,ADS,7.976196653025328,111.0831701876176,365.01004801791487,2414.3067485845086
4373,MADS127,u,18,ADS,9.50015379984439,288.093750323986,330.26704053618334,783.8833390774116
4374,MADS127,u,18,ADS,10.44117653340052,94.82709650161958,478.5408360448406,898.2853346195722
4375,MADS127,u,18,ADS,10.73770083419226,202.2991658077391,414.44069560361254,825.2934348649795
4376,MADS127,i,18,ADS,11.44497964143438,127.33924387361029,387.7795818537372,2264.0450048532125
4377,MADS127,æ,18,ADS,14.55,165.91018558258952,852.8263890711526,1663.3275805368926
4378,MADS127,æ,18,ADS,16.1,144.81547479944723,835.8943737840252,1555.383288464375
4379,MADS127,æ,18,ADS,18.26,160.00000000000014,798.3068656880524,1494.317262532995
4380,MADS127,u,18,ADS,18.9040111239495,189.65419300325337,413.44911292635453,781.6728639585119
4381,MADS127,e,18,ADS,20.84590356743747,128.24235907838855,637.6212052077497,2110.2877879216694
4382,MADS127,æ,18,ADS,21.0768291220177,159.85139124559922,796.9981704897602,1303.7721333886275
4383,MADS127,u,18,ADS,21.81177583687067,118.3080918258419,340.1814357107106,774.3737330652368
4384,MADS127,æ,18,ADS,28.68469593636516,149.01400878827076,729.2504664213429,1651.4002064918002
4385,MADS127,u,18,ADS,30.15697288823877,48.768221057979844,357.76664365241976,863.6996240976437
4386,MADS127,u,18,ADS,31.23970467322857,203.2009210749095,384.55402955607815,717.4425118215181
4387,MADS127,e,18,ADS,33.75823114776051,131.76885223948887,705.6429340228699,1865.0946054715746
4388,MADS127,a,18,ADS,34.9708196201118,104.76136375418577,784.1457780562141,1366.0117301997198
4389,MADS127,e,18,ADS,36.89546999870191,144.53000129808657,762.7387237980288,1874.0171136684105
4390,MADS127,a,18,ADS,37.98058246556874,184.23550177458026,804.4265643332045,1208.649639213001
4391,MADS127,o,18,ADS,39.00781268332285,122.18731667715588,464.1006228265398,877.1039998389138
4392,MADS127,o,18,ADS,40.914354127374,104.76136375418577,510.4684418193534,871.0371358499323
4393,MADS127,æ,18,ADS,44.04429369074234,160.75450645036682,781.175369543641,1560.9435093958848
4394,MADS127,i,18,ADS,45.12489058158527,177.91369534115375,372.3147944555309,2483.4638617753803
4395,MADS127,i,18,ADS,47.56432672234952,125.67327765047764,319.30365905836743,2552.1420304448666
4396,MADS127,e,18,ADS,51.30151168768698,89.40840527296956,671.6138191876262,2081.2594491710174
4397,MADS127,a,18,ADS,51.5549322463797,137.27351112616049,803.764359556299,1346.9355848902069
4398,MADS127,e,18,ADS,52.53771066181286,75.86167720128856,621.2808383317583,2014.7105343066755
4399,MADS127,a,18,ADS,52.91,201.9028702154415,884.1766786936779,1425.25537302377
4400,MADS127,a,18,ADS,54.49,155.20910667266463,775.8741809892608,1326.0320294035641
4401,MADS127,æ,18,ADS,56.43800466536528,163.4638520647158,751.7399310146184,1554.1146195922347
4402,MADS127,i,18,ADS,57.12796137199326,94.82709650162491,390.07782709333986,2335.380797864673
4403,MADS127,e,18,ADS,58.97653769092475,198.6853450510324,650.1233150071519,1956.1745312487747
4404,MADS127,e,18,ADS,60.26203270713271,197.96729286728976,675.2414995687229,1878.0011138556463
4405,MADS127,i,18,ADS,61.57830926114957,61.69073885043019,408.2437619264368,2461.525638588823
4406,MADS127,i,18,ADS,61.90463636369896,70.4429859726261,309.9491175200467,2373.8328446441415
4407,MADS127,a,18,ADS,62.2434907978353,101.14890293507273,689.2771393271257,1299.9755027419992
4408,MADS127,i,18,ADS,68.27525140216243,115.59874621150357,353.6890037152053,2519.0861682180125
4409,MADS127,i,18,ADS,70.09,138.9672193193121,402.3799338573219,2558.3359076636825
4410,MADS127,æ,18,ADS,71.73793293340653,202.06706659347162,665.2424789505741,1563.3550388121414
4411,MADS127,a,18,ADS,72.2479780195511,97.53644211596679,728.3336065684622,1188.8504214317759
4412,MADS127,a,18,ADS,73.26434186444486,119.7333582731801,682.1961053755088,1194.6160534202259
4413,MADS127,o,18,ADS,75.3065311517759,103.46884822409663,583.739323400186,1108.0901391704438
4414,MADS127,i,18,ADS,75.64971492959131,43.34952982931384,420.95911303251273,1855.4561372054225
4415,MADS127,u,18,ADS,79.18601884543388,131.85481989749803,387.1265927057088,777.221530902754
4416,MADS127,o,18,ADS,88.09998991665965,169.7856584981423,493.45998296769136,938.0883360969186
4417,MADS127,u,18,ADS,88.60445035216799,157.14204563126088,290.19010787900993,665.9584343162073
4418,MADS127,o,18,ADS,91.96,152.5471890129637,660.2997234695691,1291.1635231552852
4419,MADS127,æ,18,ADS,93.6667650715544,203.2349284456103,773.3322744691039,1576.8228001916345
4420,MADS127,o,18,ADS,94.41280937267145,119.2112070306166,630.0320564223952,820.9068865814123
4421,MADS127,a,18,ADS,97.01516264952429,178.8168105459107,757.5691312920492,1228.4434140614464
4422,MADS127,e,18,ADS,98.59,129.99999999999545,692.7999494403808,1955.9646896923475
4423,MADS127,u,18,ADS,99.16,109.99999999999943,362.88567329447216,727.35929818854
4424,MADS127,o,18,ADS,100.7469900643975,123.00993560251072,647.2170537691402,1026.4523001365835
4425,MADS127,a,18,ADS,101.54,153.25281222629883,706.2586303194078,1204.6331506700342
4426,MADS127,e,18,ADS,102.76,119.99999999999034,702.3368503425725,1803.5888448524781
4427,MADS127,o,18,ADS,104.2512734083287,118.7265916713045,586.6822884279754,1482.31406850299
4428,MADS127,æ,6,ADS,4.429150792919395,100.8492070806053,899.8022322843304,1550.702361323564
4429,MADS127,o,6,ADS,4.920615619573144,139.38438042685596,580.3911112571751,1126.8455292148972
4430,MADS127,e,6,ADS,5.92,106.35595055192138,657.9520833181216,1940.1452765407896
4431,MADS127,o,6,ADS,6.683352546053619,136.6474539463809,657.5127234027224,1166.0090585665428
4432,MADS127,i,6,ADS,7.72,108.20791975181265,352.18587177397734,2407.9156522577787
4433,MADS127,u,6,ADS,9.36,230.00000000000043,350.4444022700742,655.6152605046691
4434,MADS127,u,6,ADS,10.24154281806715,134.35686707196837,307.81091453722667,878.2995149911977
4435,MADS127,u,6,ADS,10.62,260.0000000000016,382.17906450545274,830.892465364449
4436,MADS127,i,6,ADS,11.35,99.99999999999964,363.4360985300675,2165.903180287497
4437,MADS127,æ,6,ADS,13.94,120.000000000001,1105.3654450070828,1711.3824690603474
4438,MADS127,æ,6,ADS,15.4656012457133,154.39875428669936,849.30239155555,1452.8250027116528
4439,MADS127,æ,6,ADS,17.07445510780896,101.12882467782214,871.6949914005332,1589.8875268362256
4440,MADS127,u,6,ADS,17.60276541587659,197.23458412341088,448.9529352067246,856.9223828484676
4441,MADS127,e,6,ADS,21.62495417628759,153.13793451212732,583.0904857495182,2000.6707773526427
4442,MADS127,æ,6,ADS,21.88499972545913,145.0002745408696,1103.4804191016196,1548.8000301972877
4443,MADS127,u,6,ADS,22.48576702426526,134.23297573474002,337.36768911959877,830.4068864283504
4444,MADS127,æ,6,ADS,29.32,140.00000000000057,797.1927813688583,1600.0965188855585
4445,MADS127,u,6,ADS,30.66,138.81841226240965,346.14712457762107,647.3218230889526
4446,MADS127,u,6,ADS,31.83658961758257,153.41038241742666,323.0723580856042,821.7471989193238
4447,MADS127,e,6,ADS,34.5,130.00000000000256,724.2726982733573,1899.7580288564423
4448,MADS127,a,6,ADS,35.71,119.99999999999744,808.3632779075137,1340.9160246857994
4449,MADS127,e,6,ADS,37.19,90.00000000000341,718.0659158488661,1844.6322899784473
4450,MADS127,a,6,ADS,38.19,109.99999999999943,817.916188758483,1298.685728679282
4451,MADS127,o,6,ADS,39.04,111.76983982056043,518.7450180412241,994.4342531765382
4452,MADS127,o,6,ADS,40.83,109.99999999999943,416.060290291345,938.4056440334109
4453,MADS127,æ,6,ADS,45.74399680395271,135.69503959927687,888.3655477105699,1596.1644593772176
4454,MADS127,i,6,ADS,46.42275339936437,136.58777012296497,407.58058904840794,2453.902767802512
4455,MADS127,i,6,ADS,49.29272164201981,118.73315964936637,304.9949586092955,2012.0610471486088
4456,MADS127,e,6,ADS,53.29157149375595,91.7095415932252,668.0280227404115,1822.0488607399684
4457,MADS127,a,6,ADS,53.53,129.99999999999545,827.3686092819667,1398.2919434874505
4458,MADS127,e,6,ADS,54.63094548851299,108.08624544915091,633.10458881371,1899.400979267299
4459,MADS127,a,6,ADS,54.99,159.9999999999966,980.883937495996,1331.2132203700403
4460,MADS127,a,6,ADS,56.47,130.00000000000256,780.8709918501565,1351.8627809395773
4461,MADS127,æ,6,ADS,58.69017672273072,120.09582827683829,765.064212129396,1581.9934926283643
4462,MADS127,i,6,ADS,59.3127322691427,97.2677308572969,434.86036283926325,2329.3564475581607
4463,MADS127,e,6,ADS,61.00922160791042,180.7783920895787,744.7190134548296,1651.2297636106011
4464,MADS127,e,6,ADS,62.34746942242656,222.53057757343697,719.7117768699039,1869.3881490879548
4465,MADS127,i,6,ADS,63.7174820643489,70.96571670904694,363.9581824445894,2342.0922247573403
4466,MADS127,i,6,ADS,64.06030106506644,102.62734416384944,405.51311221503255,2471.4060413528523
4467,MADS127,a,6,ADS,64.4,137.5466373377634,785.4473770536724,1379.591776378339
4468,MADS127,i,6,ADS,71.34455741714696,143.02321367514992,321.47862918221495,2535.5190328452054
4469,MADS127,i,6,ADS,73.36543449220136,144.56550779864585,353.7144808837981,2529.565960104073
4470,MADS127,æ,6,ADS,74.73865367492732,171.3463250726761,902.1259954055155,1475.8632066704731
4471,MADS127,a,6,ADS,75.17,120.00000000000455,712.3077524477633,1182.3826534423242
4472,MADS127,a,6,ADS,76.18,99.99999999999432,704.2887909190779,1223.2433648820593
4473,MADS127,o,6,ADS,78.39146745364756,69.87393645198381,612.3627289485979,1024.8132091175198
4474,MADS127,i,6,ADS,78.65,41.707024339658005,389.3940046932429,1952.2194901879893
4475,MADS127,u,6,ADS,82.5261347255538,133.8652744461939,420.67419874249987,1276.7865745208123
4476,MADS127,o,6,ADS,91.54622471953157,163.77528046842826,503.746354099319,983.1226836423897
4477,MADS127,u,6,ADS,92.06,146.90622829562017,344.90087821275085,587.0324347557664
4478,MADS127,o,6,ADS,95.9,169.9999999999875,685.9195417905937,1965.1654470353446
4479,MADS127,æ,6,ADS,97.6604681157907,199.5318842092928,756.843497208288,1170.6025422063228
4480,MADS127,o,6,ADS,98.38,130.00000000000966,575.4100183335104,1167.8647060163091
4481,MADS127,a,6,ADS,100.94,159.9999999999966,772.6484248926135,1343.3293090675304
4482,MADS127,e,6,ADS,102.5984462412314,101.55375876860262,711.3626617565388,1925.1695128366052
4483,MADS127,u,6,ADS,103.05,151.47139871780269,440.56318451216407,1397.638449050976
4484,MADS127,o,6,ADS,104.6444163295418,145.5836704582083,701.9831245730248,1224.1486164858395
4485,MADS127,a,6,ADS,105.4298647020582,150.13529794180158,780.2418939421548,1283.7823999270458
4486,MADS127,e,6,ADS,106.39,120.00000000000455,687.8259352212228,1919.8586599308674
4487,MADS127,o,6,ADS,107.5381993428376,141.8006571624062,482.18205564660906,1014.9753008561385
4488,MADS128,æ,15,ADS,3.52,149.99999999999991,1022.6398810794938,1533.3564537905986
4489,MADS128,o,15,ADS,4.038556439782546,171.44356021745378,475.67420102204835,991.5012358006837
4490,MADS128,e,15,ADS,5.59,160.00000000000014,326.8296638476906,2031.0249396210806
4491,MADS128,o,15,ADS,6.364782354895751,145.21764510424885,502.76032234064877,1113.304391176462
4492,MADS128,i,15,ADS,7.745719006936508,114.2809930634927,321.0227294497526,1698.9382752326378
4493,MADS128,u,15,ADS,9.38,219.99999999999886,422.51118199929965,1639.3770523599155
4494,MADS128,u,15,ADS,10.87,130.0000000000008,341.2056675818097,1027.9646619103362
4495,MADS128,u,15,ADS,11.25418214485875,315.81785514125113,385.21556263228587,794.6431492533583
4496,MADS128,i,15,ADS,12.32314611251975,106.85388748025026,378.3151482575118,2086.308995628107
4497,MADS128,æ,15,ADS,16.47,122.94687876099175,1083.2975468819368,1858.5503876036669
4498,MADS128,æ,15,ADS,18.73,129.999999999999,961.1954849502041,1632.2643204799142
4499,MADS128,æ,15,ADS,21.1232177893445,110.28394982544754,1111.6104935730716,2005.4567763191312
4500,MADS128,u,15,ADS,21.60349561342815,103.98200983542694,473.9193989730999,1985.0463340369179
4501,MADS128,e,15,ADS,24.06,122.91280313328201,408.77686147428653,2346.1622676395623
4502,MADS128,æ,15,ADS,24.34994086774246,152.82204475812833,772.9368752481315,1485.196484056451
4503,MADS128,u,15,ADS,25.87193760452282,137.06719478306084,441.1409125037163,1337.4973109385983
4504,MADS128,æ,15,ADS,34.88,80.3496907647201,622.7031152327397,1211.7669892232254
4505,MADS128,u,15,ADS,36.93,141.52277143401903,310.70367427575513,1307.7649114221767
4506,MADS128,u,15,ADS,38.14,159.9999999999966,386.3031754585696,767.83178061517
4507,MADS128,e,15,ADS,42.36449008548291,165.42592473818019,488.1744648994515,2291.9130289778027
4508,MADS128,a,15,ADS,43.98946351203316,129.18976979553065,617.4454917433445,1211.6472465862512
4509,MADS128,e,15,ADS,45.88080225808747,100.83103984042197,631.1841299253025,1874.8317074586762
4510,MADS128,a,15,ADS,47.68,119.99999999999744,662.7345703017426,1177.7073642391751
4511,MADS128,o,15,ADS,48.74,87.63251698767505,495.20562977014833,1144.470373896357
4512,MADS128,o,15,ADS,51.17,118.77997695413711,491.2594996526081,1255.4215419683794
4513,MADS128,æ,15,ADS,55.6312697629313,148.7302370686976,1012.8686006348556,1795.948436953671
4514,MADS128,i,15,ADS,56.28357386164598,126.42613835401306,321.4921517772845,2616.326529722358
4515,MADS128,i,15,ADS,59.18,100.00000000000142,333.46562825913855,2248.3821215817366
4516,MADS128,e,15,ADS,64.8,134.5179737656963,500.9193869387419,2190.4938172079756
4517,MADS128,a,15,ADS,65.22,123.24710797744842,539.8318946235031,1152.5090638596207
4518,MADS128,e,15,ADS,67.21206725405997,86.65167486284986,476.0216739596343,2177.746262952971
4519,MADS128,a,15,ADS,67.57,124.21897304390939,765.0191914970795,1192.4553068648408
4520,MADS128,a,15,ADS,69.52,104.83648911042565,599.260238682957,1199.3572835078905
4521,MADS128,æ,15,ADS,72.63664174286312,144.94461977059814,917.8246340643784,1657.9574362778583
4522,MADS128,i,15,ADS,73.2741412664896,115.85873351040732,372.1509900836363,2517.274699447171
4523,MADS128,e,15,ADS,76.57,139.96869442244986,573.9655383061582,2088.4282959210377
4524,MADS128,e,15,ADS,77.97,109.99999999999943,479.91863989459677,2272.5575688712233
4525,MADS128,i,15,ADS,79.69,49.99999999999716,367.2592886095904,2450.0637835019857
4526,MADS128,i,15,ADS,80.06,90.00000000000341,379.35682542363304,2510.2231856526782
4527,MADS128,a,15,ADS,80.42,98.96762148193261,629.1956565491063,1131.2967516419803
4528,MADS128,i,15,ADS,89.34815824817059,171.84175182940464,273.6480944531244,2501.0526944820062
4529,MADS128,i,15,ADS,92.43,144.77297164279435,253.18015909172976,2548.9503421937798
4530,MADS128,a,15,ADS,94.95,95.75345154904369,650.6240849101537,1575.8106321821522
4531,MADS128,a,15,ADS,96.59,81.1069880540316,694.8175606415871,1586.394335537573
4532,MADS128,o,15,ADS,99.19,120.00000000000455,550.5886199699629,883.5806250444398
4533,MADS128,i,15,ADS,99.65,49.99999999999716,366.96783758546417,2125.24526837462
4534,MADS128,u,15,ADS,105.4531964649213,126.80353507869313,495.2188631117008,1602.7418925511138
4535,MADS128,o,15,ADS,122.4232825647972,138.64267978048872,446.80903390585826,1035.0238476626103
4536,MADS128,u,15,ADS,123.02,116.94887836260648,364.03709158626305,889.3304337312175
4537,MADS128,o,15,ADS,128.23,130.00000000002387,387.2474439982305,1031.0371527432303
4538,MADS128,æ,15,ADS,130.92,139.15034679922655,1076.4541130787352,1752.957836828227
4539,MADS128,o,15,ADS,131.803212685324,103.98200983539141,665.3410660902732,1814.5836533950246
4540,MADS128,a,15,ADS,135.2006210474013,186.63109239227538,739.2932515968287,1115.0250550621117
4541,MADS128,e,15,ADS,137.37,116.35041550130154,397.13422836757593,2217.3067979264715
4542,MADS128,u,15,ADS,137.83,89.99999999997499,422.04738808246884,1478.8777608920918
4543,MADS128,o,15,ADS,140.71,60.000000000002274,793.7547890659396,1401.1797260112323
4544,MADS128,a,15,ADS,141.47,128.66111242229294,737.6272256030296,1131.273223700889
4545,MADS128,e,15,ADS,142.77,99.99999999999432,623.744095959964,2121.799920633584
4546,MADS128,o,15,ADS,144.18,139.99999999998636,394.2415838384303,744.1703603799366
4547,MADS128,æ,18,ADS,3.4,196.23037200499692,982.1363866766922,1546.6109642698923
4548,MADS128,o,18,ADS,3.964595189725299,130.0485894879446,623.3843266500082,1131.7637937413308
4549,MADS128,e,18,ADS,5.136604288158749,183.39571184125168,522.2504024810398,1839.1404910089555
4550,MADS128,o,18,ADS,6.034991487767861,119.21120703061572,526.8578495621183,1105.641851199659
4551,MADS128,i,18,ADS,7.473016541938574,126.4361286688347,301.8763646430031,1963.4654020444045
4552,MADS128,u,18,ADS,9.318349393754476,191.6506062455241,397.27683148585555,692.3736901531604
4553,MADS128,u,18,ADS,10.83161975831389,142.69220235483004,342.8985787349985,1127.100412322852
4554,MADS128,u,18,ADS,11.27432192469842,265.6780753015795,329.32323799195797,667.1650533101006
4555,MADS128,i,18,ADS,12.28634016140622,140.88597194526997,306.2179358993456,1858.5616964174476
4556,MADS128,æ,18,ADS,16.21,179.9220464434086,675.9420723042601,1719.292898057163
4557,MADS128,æ,18,ADS,17.98,104.97578002204833,921.7203154632164,1577.4911623995938
4558,MADS128,æ,18,ADS,20.36953427575236,108.37382457327749,710.7892083931339,1557.1985105655774
4559,MADS128,u,18,ADS,20.87,227.58473270435786,411.59384121847353,703.5039449004147
4560,MADS128,e,18,ADS,23.60647345335977,132.75793510227274,482.51206869777235,2129.0994444797825
4561,MADS128,æ,18,ADS,23.81,120.000000000001,952.1187552931706,1432.417806302455
4562,MADS128,u,18,ADS,25.6522314005576,149.01400878827076,349.89485849192874,850.4731758373015
4563,MADS128,æ,18,ADS,35.12539728778225,81.28036842995812,916.5199189712191,1684.7589181733572
4564,MADS128,u,18,ADS,38.36,139.42090927999828,343.418343333516,766.6086409487192
4565,MADS128,u,18,ADS,39.81677358567601,203.2264143239928,324.3410214068042,943.7517667961629
4566,MADS128,e,18,ADS,43.96,149.99999999999858,597.1574384217762,2019.442984770416
4567,MADS128,a,18,ADS,45.33,123.88639575344484,681.5395328816119,1153.7577402445634
4568,MADS128,e,18,ADS,47.29544734061326,114.55265938673875,600.4299313007406,1710.5677129267383
4569,MADS128,a,18,ADS,49.36,139.41620066091076,762.6487767390485,1187.7808800967794
4570,MADS128,o,18,ADS,50.27778239640809,102.21760359191023,461.30223979031905,1038.051767987903
4571,MADS128,o,18,ADS,52.67,109.99999999999943,437.9241101294922,1092.872180580932
4572,MADS128,æ,18,ADS,58.56092446622999,99.07553377000511,828.7644739669455,1585.542457068112
4573,MADS128,i,18,ADS,59.12630516020261,110.18005498284111,401.1734838020578,2539.1557403996317
4574,MADS128,i,18,ADS,62.01618057620246,86.69905965863478,315.8226170950654,2587.519478943328
4575,MADS128,e,18,ADS,67.37165757330443,82.18348363473638,456.50032993206213,1860.631988659972
4576,MADS128,a,18,ADS,67.68,98.05941545424446,780.3119323327783,1240.5273092796035
4577,MADS128,e,18,ADS,69.53836626081142,101.63373918858554,591.7963448822653,2064.5394978201134
4578,MADS128,a,18,ADS,69.94,121.36565191146076,733.7081503365166,1165.5646962243488
4579,MADS128,a,18,ADS,72.37,125.82079130372392,747.73436929837,1168.2635357265272
4580,MADS128,æ,18,ADS,76.02991386168571,117.40497662106009,974.0432152664323,1569.433577339175
4581,MADS128,i,18,ADS,76.54627329170958,80.37725322517986,367.1872167867975,2614.3247159042166
4582,MADS128,e,18,ADS,79.26118856033396,168.81143966604384,464.5088253091998,2159.7123973974
4584,MADS128,i,18,ADS,82.57737656856223,88.5052900681842,307.2505811646467,2517.5462128397357
4585,MADS128,i,18,ADS,82.96294720561673,70.44298597263321,414.08158643534836,2400.3454510391084
4586,MADS128,a,18,ADS,83.96351598730266,135.46728071661107,588.7359808326015,1187.215068126955
4587,MADS128,i,18,ADS,92.47,161.90570022334327,334.6437205990575,2620.535022686092
4588,MADS128,i,18,ADS,95.29142275795002,140.88597194526642,316.7437948751368,2556.33546041286
4589,MADS128,æ,18,ADS,97.61198973340905,108.01026659095214,1040.6021046893457,1600.2018223384832
4590,MADS128,a,18,ADS,97.97,97.77034083019487,717.5770979692452,1079.395207475383
4591,MADS128,a,18,ADS,100.24,106.5814815945032,529.7010648618319,959.0007367302968
4592,MADS128,o,18,ADS,102.8511175379491,108.88246205090013,474.7353420057503,936.1851370152259
4593,MADS128,i,18,ADS,103.1726004007374,48.76822105801182,432.12815570625986,1263.3586420252514
4594,MADS128,u,18,ADS,107.890129214027,129.14547428320589,280.8462706476218,1158.2392687759616
4595,MADS128,o,18,ADS,123.3431937039575,140.88597194530905,350.4592694926657,936.1464817815072
4597,MADS128,o,18,ADS,129.5159436365683,97.53644211599521,272.2205574706907,879.6128734373121
4598,MADS128,æ,18,ADS,134.6347472691017,118.67926378300808,926.0595556366306,1635.7134463013767
4599,MADS128,o,18,ADS,135.22,80.0000000000125,377.6097842772071,1007.5109218697369
4600,MADS128,e,18,ADS,141.12,116.30437723218279,672.7028582031099,2064.413816095747
4601,MADS128,o,18,ADS,144.0484012741236,101.59872587641416,488.0252729176916,1084.6705695278279
4602,MADS128,o,18,ADS,148.0938844431888,100.24578773018789,424.5942910189469,982.4128982342958
4603,MADS128,æ,6,ADS,3.25,140.0000000000001,1022.1728841513178,1632.7464871606644
4604,MADS128,o,6,ADS,3.73,169.99999999999994,612.4559254519316,1071.0715712457188
4605,MADS128,e,6,ADS,5.08,250.0,473.79499684673175,2148.449344146549
4606,MADS128,o,6,ADS,6.302623757450155,137.3762425498457,498.5929118512671,1207.0838105176106
4607,MADS128,i,6,ADS,10.98387677041021,145.70291446326956,391.31372973791963,2645.052544646836
4608,MADS128,u,6,ADS,13.42,119.99999999999922,486.14616703781195,1487.6607579655024
4609,MADS128,u,6,ADS,14.88,139.9999999999988,313.7689678711072,861.4888635013018
4610,MADS128,u,6,ADS,15.27683553748023,353.1644625197714,317.36977403271845,757.8604282838099
4611,MADS128,i,6,ADS,17.02,70.00000000000028,417.9891289323123,2442.641020876317
4612,MADS128,æ,6,ADS,20.86,190.00000000000128,904.026290384614,1697.0391495207682
4613,MADS128,æ,6,ADS,23.05,79.9999999999983,854.7005015879884,1698.2599705662637
4614,MADS128,æ,6,ADS,25.63574877459234,114.13394966290014,835.4221282184985,1693.3578856542829
4615,MADS128,u,6,ADS,26.03189746942041,228.26789932580027,522.6600601082148,1844.3527361656
4616,MADS128,e,6,ADS,29.36,128.91662217552025,636.9580740194581,2227.249765765496
4617,MADS128,æ,6,ADS,29.62,201.60494353332936,819.3892942021439,1277.5070764665752
4618,MADS128,u,6,ADS,31.55331121923029,146.91710541713832,415.3589401218572,982.9683418054477
4619,MADS128,æ,6,ADS,40.72,148.13673085107837,956.3699742994689,1650.7147491219407
4620,MADS128,u,6,ADS,42.56,129.99999999999545,353.0915440201022,624.8658176646924
4621,MADS128,u,6,ADS,43.76,143.57320519800965,419.01840542294286,1088.0172017304124
4622,MADS128,e,6,ADS,47.3,140.00000000000057,638.3160256184531,2250.9335695503564
4623,MADS128,a,6,ADS,48.61,107.49085276898285,898.9431908098189,1301.921261305302
4624,MADS128,e,6,ADS,50.37699021648472,90.80047850562067,771.7949452303915,1760.1160309059073
4625,MADS128,a,6,ADS,53.83972750347928,140.2724965207156,661.5792643128051,1051.7260690138364
4626,MADS128,o,6,ADS,54.79,105.8345235240381,551.1778149135491,1309.395240454804
4627,MADS128,o,6,ADS,56.85,89.9999999999963,543.0651157452713,1167.8382303476465
4628,MADS128,æ,6,ADS,61.59077366843702,167.9452957356986,901.6242373384877,1556.1341801544577
4629,MADS128,i,6,ADS,62.27634187289498,121.82560312434987,363.46730697970963,2599.838642860685
4630,MADS128,i,6,ADS,64.80451799101965,93.9797509816458,334.33466025334997,2510.348622475969
4631,MADS128,e,6,ADS,70.39686053387967,93.13946612031998,509.74755539983397,2263.2595855720147
4632,MADS128,a,6,ADS,70.70655562680628,130.52743191894933,817.6815047357251,1496.9060293621528
4633,MADS128,e,6,ADS,72.34329201931449,96.70798068550823,662.3457595529453,1200.4110919989723
4634,MADS128,a,6,ADS,72.66,140.00000000000057,801.8056731446535,1299.6732840697453
4635,MADS128,a,6,ADS,74.48,117.63056689243001,738.9689525599889,1192.3231219356378
4636,MADS128,æ,6,ADS,78.81228117884012,128.78706616001523,861.1850090941047,1616.3896754674768
4637,MADS128,i,6,ADS,79.37341677679413,123.56596888326976,390.32339662522776,2672.2128304886246
4638,MADS128,e,6,ADS,81.80142653373179,118.57346626821652,579.3701297819769,2114.8796270325056
4639,MADS128,e,6,ADS,83.36002826404007,139.97173595993218,708.4375303695473,2082.668917937491
4640,MADS128,i,6,ADS,85.67,149.99999999999147,365.95989230782806,2197.980729751648
4641,MADS128,i,6,ADS,86.18063172205842,83.53755642812644,351.31413281283204,2167.0090642872738
4642,MADS128,a,6,ADS,86.5,126.71961034300239,555.0597018487139,1122.9869936024238
4643,MADS128,i,6,ADS,95.39,189.99999999999773,283.1256206100827,2328.6510104604577
4644,MADS128,i,6,ADS,98.26,129.99999999999545,272.72710936147115,2244.062731915362
4645,MADS128,æ,6,ADS,100.2043794484759,79.00307244989335,1094.8721047593422,1986.5229976845148
4646,MADS128,a,6,ADS,100.4889292500592,110.51322569140609,605.7611753756644,1148.766477707685
4647,MADS128,a,6,ADS,102.1148104164571,100.94121401729694,700.4280619760885,1199.44294430617
4648,MADS128,o,6,ADS,104.71,90.00000000000341,493.8844602091897,882.2273569075982
4649,MADS128,i,6,ADS,104.96,61.92911870350315,439.9830807162209,1869.3612742695889
4650,MADS128,u,6,ADS,109.480095032344,109.64304281191062,375.32335317113615,789.9049631693864
4651,MADS128,o,6,ADS,126.1012422489276,130.20493981790082,480.55294767527494,821.6496513545356
4652,MADS128,u,6,ADS,127.5,109.99999999999943,356.15925261339584,1472.525087528771
4653,MADS128,o,6,ADS,132.97,140.00000000001478,395.37876026749217,999.5235275784654
4654,MADS128,æ,6,ADS,135.53290376847,84.51494904099377,858.6593108342156,1514.8347967115444
4655,MADS128,o,6,ADS,135.97,69.99999999999318,694.4307677484484,1075.1120865437997
4656,MADS128,a,6,ADS,139.98,189.99999999999773,803.3769250690692,1131.664351581388
4657,MADS128,e,6,ADS,141.51,54.746949734806094,643.6129932962549,1702.1542111450083
4658,MADS128,u,6,ADS,141.8700827828999,141.5450557251745,366.7353029809833,725.4040972830752
4659,MADS128,o,6,ADS,144.6505677542786,219.43224572140707,632.1944689436796,928.4559232249707
4660,MADS128,a,6,ADS,146.03,120.00000000000455,739.9950974086632,1291.6271033228543
4661,MADS128,e,6,ADS,147.21,91.62399487399853,618.3931566018422,1732.1619180453213
4662,MADS128,o,6,ADS,149.1385077207394,153.7647727662943,423.0899375274152,983.5392226194831
4663,MADS129,æ,6,ADS,2.24,119.99999999999966,902.2602289408096,1575.8744906514416
4664,MADS129,o,6,ADS,2.807773463375867,142.18023732065177,551.4148532590352,1001.5787816069944
4665,MADS129,e,6,ADS,4.375874943179498,154.1250568205026,539.73237939804,2266.528785323306
4666,MADS129,o,6,ADS,5.188261881387102,141.73811861289832,519.315160497254,1090.8764655193522
4667,MADS129,i,6,ADS,6.270992883866075,103.55323643006997,371.8615918967398,2197.0749479760348
4668,MADS129,u,6,ADS,7.77,190.51162565953206,489.2743517913718,1012.3934719369161
4669,MADS129,u,6,ADS,8.55,139.9999999999988,335.81309218509614,764.2104741695159
4670,MADS129,u,6,ADS,8.8631705617055,136.82943829449988,456.23349738756485,1011.4108578974647
4671,MADS129,i,6,ADS,9.37103760045195,78.96239954804862,458.92680663889354,1991.176306109601
4672,MADS129,æ,6,ADS,12.35,119.39367290955971,795.8055422309902,1721.403532055043
4673,MADS129,æ,6,ADS,13.87,120.000000000001,1015.2316171382877,1583.2196879949806
4674,MADS129,æ,6,ADS,16.02,100.00000000000142,792.5651252301874,1566.967002453286
4675,MADS129,u,6,ADS,16.58309216367918,207.10647286013995,485.1136209339359,1705.4839884130874
4676,MADS129,e,6,ADS,18.95155619301461,96.97842776784071,514.4898307673815,1667.9600472083425
4677,MADS129,æ,6,ADS,19.08880532383859,199.7098131151418,929.9991403971211,1571.2380901339336
4678,MADS129,u,6,ADS,20.18732485549942,132.67514450058115,365.98885775729616,960.1100666530021
4679,MADS129,æ,6,ADS,28.06,131.2168752437728,704.2882830485706,1756.7236513036726
4680,MADS129,u,6,ADS,30.37,160.30775923967866,467.80314815728866,1534.5765306231428
4681,MADS129,e,6,ADS,33.70683117079697,163.16882920303044,488.61577019084064,2231.5116895081187
4683,MADS129,e,6,ADS,36.59,119.99999999999744,711.2886403621213,1946.3582047403672
4684,MADS129,a,6,ADS,37.83,120.00000000000455,722.8115383377858,1223.7007120227395
4685,MADS129,o,6,ADS,38.66016449984164,108.48434292673659,467.9134435561358,995.4334982168072
4686,MADS129,o,6,ADS,40.59282595011186,146.28949273453884,634.8208781771838,1082.5866898358445
4687,MADS129,æ,6,ADS,45.33515704452365,151.22059923122322,998.8473748326368,1687.5124187433905
4688,MADS129,i,6,ADS,45.91690079679475,147.93319490009793,325.3004193821175,2579.3512368037273
4689,MADS129,i,6,ADS,48.44985086575986,124.014491544159,256.4856587963873,2399.025723524029
4690,MADS129,e,6,ADS,52.37840455136705,126.47022404998154,704.1214445010012,2101.268876512596
4692,MADS129,e,6,ADS,53.72906862180685,99.45716648590519,967.6644661551288,1645.288401488589
4693,MADS129,a,6,ADS,54.02,129.99999999999545,897.2267162362415,1321.4832199220818
4694,MADS129,a,6,ADS,55.64,149.99999999999858,794.3212151980465,1318.5411390578913
4695,MADS129,æ,6,ADS,57.77,109.99999999999943,707.4914457032877,1669.2618988026843
4696,MADS129,i,6,ADS,58.3,109.99999999999943,404.63813204275215,2490.6872904323895
4697,MADS129,e,6,ADS,60.8,179.99999999999972,601.4135398183088,2223.131069391392
4698,MADS129,u,6,ADS,61.2,159.9999999999966,499.23029336840733,761.091519997939
4699,MADS129,e,6,ADS,62.24,122.05798015686042,643.4728088875777,2146.2429262176584
4700,MADS129,i,6,ADS,64.11,69.83140397164789,429.9915134414938,2507.788355648418
4701,MADS129,i,6,ADS,64.43380549126661,76.19450873339417,357.43052307512824,2506.276815615822
4702,MADS129,a,6,ADS,64.74,152.25503851861788,772.861909892522,1223.2858878652592
4703,MADS129,i,6,ADS,72.56,140.00000000000057,292.25195112664386,2610.9331162682647
4704,MADS129,i,6,ADS,74.72,99.99999999999432,403.9647227955488,2587.431184468242
4705,MADS129,æ,6,ADS,76.2447985429305,145.20145706950416,1049.0278115912542,1702.9264548479111
4706,MADS129,a,6,ADS,76.58963697138816,78.5834401864065,759.3371192795498,1206.4360592174028
4707,MADS129,a,6,ADS,77.9,79.9999999999983,745.854795725822,1247.5478819717566
4709,MADS129,i,6,ADS,79.6171221006267,52.8778993732999,373.34472079390025,1959.9575460828783
4710,MADS129,u,6,ADS,83.24452260405987,120.33089278541809,501.685114155494,1830.1511381021878
4711,MADS129,o,6,ADS,94.96,231.48509803370132,582.2041719493925,867.9656994558527
4712,MADS129,u,6,ADS,95.96,135.71707589278503,520.5827168732212,1160.8389453994268
4713,MADS129,o,6,ADS,100.49,120.00000000000455,593.42658399312,1065.0385737755391
4714,MADS129,æ,6,ADS,102.5158860272002,144.11397279980065,864.8088931002525,1694.9893326670917
4715,MADS129,o,6,ADS,103.19,129.99999999999545,500.67676393163947,1326.2472731630066
4716,MADS129,a,6,ADS,105.67,170.0000000000017,791.3177998929805,1249.0156334972903
4717,MADS129,e,6,ADS,107.3991743819892,150.71881980510682,717.6808659980784,2055.0448360951846
4718,MADS129,u,6,ADS,108.1242576154763,167.0127462705011,494.60660222635374,1514.2924328318732
4719,MADS129,o,6,ADS,110.0932665988687,116.73340113129882,687.5534641699334,1096.4544156918694
4721,MADS129,o,6,ADS,113.1873081781687,193.49037677679348,410.0857230008086,616.8912730888699
4722,MADS130,æ,15,ADS,3.27,108.4002037380909,911.6366895775756,1958.5816132466853
4723,MADS130,o,15,ADS,3.819635932163219,120.364067836781,505.77247162732687,1171.6322218700598
4724,MADS130,e,15,ADS,4.837636886164777,115.73396155413195,535.585227579458,2170.13836469766
4725,MADS130,o,15,ADS,5.68,129.9999999999999,509.7941962887392,991.5174064515363
4726,MADS130,i,15,ADS,6.91,109.99999999999943,334.25315084358306,2334.004024193856
4727,MADS130,u,15,ADS,8.52,268.70224752624415,420.0003748459482,812.0881234257444
4728,MADS130,u,15,ADS,9.8,179.99999999999972,470.4526464523169,1331.3598848623583
4729,MADS130,u,15,ADS,10.18159077775894,208.40922224106072,389.2374113475838,944.5906059154034
4730,MADS130,i,15,ADS,10.97,99.99999999999964,348.9656034449927,2728.090791433276
4731,MADS130,i,15,ADS,14.1464661009403,92.22550061343959,451.31015369555894,2759.8105889210437
4732,MADS130,æ,15,ADS,14.53,140.00000000000057,808.9349674342773,1842.8776844024444
4734,MADS130,æ,15,ADS,18.15926372400197,140.73627599803018,644.8516179831449,1694.210069499779
4735,MADS130,u,15,ADS,18.73,160.00000000000014,343.18768826985496,718.5546742991357
4736,MADS130,e,15,ADS,21.17,159.9999999999966,635.698751079749,2058.6739600262244
4737,MADS130,æ,15,ADS,21.41227815862421,146.4757950919484,908.7888397890624,1822.4404584138356
4738,MADS130,u,15,ADS,22.34887319979213,131.12680020786982,406.46821702923756,809.4868401271615
4739,MADS130,æ,15,ADS,29.66,120.000000000001,783.9396733864567,1871.783138061106
4740,MADS130,u,15,ADS,31.52,160.00000000000014,422.82362901429775,1169.4330292411237
4741,MADS130,u,15,ADS,32.55,160.0000000000037,438.1298746897509,771.5410810485309
4742,MADS130,e,15,ADS,35.66,130.00000000000256,562.8159833590431,1723.1882066468083
4743,MADS130,a,15,ADS,36.72,170.0000000000017,506.65390534442065,1244.6899766797867
4744,MADS130,e,15,ADS,38.44,100.00000000000142,572.730056801227,2029.2903942672208
4745,MADS130,a,15,ADS,39.92296527662684,130.200706748397,703.9867027734451,1441.338018648848
4746,MADS130,o,15,ADS,40.8,170.4297942304649,531.9854948951071,944.1747568766833
4747,MADS130,o,15,ADS,42.94,126.70045445383948,495.37443138086985,1186.839093752371
4748,MADS130,æ,15,ADS,46.11312752304034,146.47579509195197,788.6119727649993,1707.432488318691
4749,MADS130,i,15,ADS,46.71782944765857,132.17055234142805,391.30319326068224,2155.9712865879155
4750,MADS130,i,15,ADS,48.93198483340621,108.01516659378763,363.7894162093789,2611.7525278536777
4751,MADS130,e,15,ADS,53.15052779958457,70.5253828220549,573.5468591976826,2159.057227432878
4753,MADS130,e,15,ADS,54.36301826190602,96.98173809398014,564.3047461296497,2186.583383819191
4754,MADS130,a,15,ADS,54.77893718624118,121.06281375881878,657.1271732316663,1391.5764828605852
4755,MADS130,a,15,ADS,56.21,119.05774426493565,697.4251388538144,1399.623794242052
4756,MADS130,æ,15,ADS,58.9179435249668,142.0564750332005,568.9115496033753,1501.1446396363692
4757,MADS130,i,15,ADS,59.49708005087057,122.91994912942528,398.0172145187294,2657.4174963530822
4758,MADS130,e,15,ADS,61.52531851306288,104.68148693712465,596.7090070358759,2278.5430323257215
4759,MADS130,e,15,ADS,62.65927155212712,101.26721635985803,615.0574539893444,2041.3862871952579
4760,MADS130,i,15,ADS,64.1,70.00000000000739,404.3487820915275,2435.8367395734226
4761,MADS130,i,15,ADS,64.4840421453335,86.80047116560274,405.05133340076344,2508.8329072885754
4762,MADS130,a,15,ADS,64.81,184.3678053680975,711.2942484488524,1338.9639269314368
4763,MADS130,i,15,ADS,73.12,129.46545017274502,411.7564302508843,2730.356005381753
4764,MADS130,i,15,ADS,74.92,120.00000000000455,366.5389555869231,2695.1918132481173
4765,MADS130,æ,15,ADS,76.69388278002938,156.11721997061068,810.2861636792484,1919.9521561583838
4766,MADS130,a,15,ADS,77.22,137.54471581636096,686.0122317224374,1321.9841527354022
4767,MADS130,a,15,ADS,78.03,99.99999999999432,714.6819883660589,1325.8503363063273
4768,MADS130,o,15,ADS,80.51,79.9999999999983,578.3902605029248,1452.3614051529337
4769,MADS130,i,15,ADS,80.81440232420958,55.597675790423295,507.5947288093272,1832.8882443838327
4770,MADS130,u,15,ADS,86.84,147.54128555723867,408.73339363232003,973.8796428739678
4771,MADS130,o,15,ADS,98.91,130.00000000000966,521.7525241314673,970.6997790125598
4772,MADS130,u,15,ADS,99.37,131.7136425471972,452.85928809572243,798.7246352972005
4773,MADS130,o,15,ADS,103.32,129.8471592517103,642.1643839635594,818.8486355700718
4774,MADS130,æ,15,ADS,105.2040290145555,125.97098544449636,827.7342178765267,1851.3372060796473
4775,MADS130,o,15,ADS,105.86,140.00000000000057,486.2165976451234,1134.9260653554893
4776,MADS130,a,15,ADS,108.27,170.0000000000017,746.960872968258,1322.494813477281
4777,MADS130,e,15,ADS,109.4,99.99999999999432,686.9653522441845,2061.0904107270767
4778,MADS130,u,15,ADS,109.7808725189165,122.96733415129779,593.5965887656392,2078.4468600291484
4779,MADS130,u,15,ADS,111.26,147.37973622749223,540.9446598019796,1240.1794059292351
4780,MADS130,a,15,ADS,112.13,178.30751650730292,754.6266913094651,1331.1696681401522
4781,MADS130,e,15,ADS,113.17,109.99999999999943,658.2775824647724,2014.1892748824105
4782,MADS130,o,15,ADS,114.3806005848082,119.39941519179342,538.8185278948217,1050.8440567680113
4783,MADS130,æ,18,ADS,3.817595670081503,116.50186141628404,1035.3723346829013,1828.10488239084
4784,MADS130,o,18,ADS,4.436040523518189,100.24578773029091,543.4858845982129,1253.1199423899975
4785,MADS130,e,18,ADS,5.457161317296244,119.21120703061393,656.354081157015,2168.7282929135554
4786,MADS130,o,18,ADS,6.325251356883197,114.748643116803,564.092228552169,1253.6913162968235
4787,MADS130,i,18,ADS,7.468983436053649,111.96013527990712,381.23670975674776,2096.6837003887426
4788,MADS130,u,18,ADS,9.16,196.32155353066418,369.0112700760843,707.4383461253253
4789,MADS130,u,18,ADS,10.39822125217908,171.77874782091962,396.2607396101501,812.5657072345655
4790,MADS130,u,18,ADS,10.78716581748288,252.83418251711964,422.06971129896044,663.4758271803967
4791,MADS130,i,18,ADS,11.90188918398102,104.76136375418044,351.938271698186,2584.984550316316
4792,MADS130,æ,18,ADS,15.07,128.68251016024956,873.6526745130069,1869.9536202800207
4793,MADS130,æ,18,ADS,16.53822049944816,106.87010778849171,1014.5516487419319,1776.9655898363646
4794,MADS130,æ,18,ADS,18.33449334272808,125.50665727192012,961.6261290977319,1738.8083640490092
4795,MADS130,u,18,ADS,18.84,89.99999999999986,436.83521318776,716.9108740802043
4796,MADS130,e,18,ADS,20.98962433088141,90.31152047774071,611.4175187810292,2322.366674445145
4797,MADS130,æ,18,ADS,21.17596857669031,130.0485894879415,928.2690826598043,1693.1816099309945
4798,MADS130,u,18,ADS,22.40172122777219,102.05201813984033,462.3265568422842,1091.0061287432318
4799,MADS130,æ,18,ADS,28.40241259121542,120.11432223539131,732.5851037228375,1876.0250455274338
4800,MADS130,u,18,ADS,29.89,159.53182380564002,353.18172429214934,826.203630917287
4802,MADS130,e,18,ADS,34.07110953285959,134.5641655118257,734.7928391280213,1601.0047501881645
4803,MADS130,a,18,ADS,35.38128391806081,109.27693977806285,774.213322349584,1463.6580888232238
4804,MADS130,e,18,ADS,36.78,119.99999999999744,859.6412527071195,1899.7438806407492
4805,MADS130,a,18,ADS,38.16,139.09192435380646,743.1206396425533,1401.4963621802096
4806,MADS130,o,18,ADS,39.04,128.19410526493158,589.7094944774415,1383.2648252509425
4807,MADS130,o,18,ADS,41.26414395458902,130.95170469272688,470.94865367217426,1002.0833130413171
4808,MADS130,æ,18,ADS,44.84712152730891,129.14547428317036,846.8915109618265,1760.8411503712907
4809,MADS130,i,18,ADS,45.41055922926111,140.88597194526642,382.27574168436115,2578.7178509187747
4810,MADS130,i,18,ADS,47.47052123200497,89.47876799503263,369.9308056024528,2574.0382129370782
4811,MADS130,e,18,ADS,51.20084334471442,65.02429474397076,533.0355014017256,2105.636333390295
4812,MADS130,a,18,ADS,51.47265487123993,115.59874621149646,604.4156395288254,1423.8286799205757
4813,MADS130,e,18,ADS,52.66137979892585,58.62020107414878,685.0514164905187,2140.002242210051
4814,MADS130,a,18,ADS,53.04673805352301,72.24921638218973,784.513056143285,1510.9569772890502
4815,MADS130,a,18,ADS,54.77676049289837,99.3426725255091,997.4312845411459,1697.3665091604898
4816,MADS130,æ,18,ADS,56.9350252913521,120.11432223539487,742.6091656485053,1768.4552634830425
4817,MADS130,i,18,ADS,57.40962903949887,86.69905965863478,365.96839746353044,2354.286237879025
4818,MADS130,e,18,ADS,59.32240941397651,116.50186141628183,615.681350719298,2042.013342054201
4819,MADS130,e,18,ADS,60.50198690833474,68.01309166525726,551.1015661742032,2154.922147093448
4820,MADS130,i,18,ADS,61.76079275298307,49.20724701693047,429.56204814604,2301.0345860089474
4821,MADS130,i,18,ADS,62.09615100758023,83.8489924197674,376.1597713670743,2378.6747305627787
4822,MADS130,a,18,ADS,62.45022889374741,108.3738245732917,731.3138463497359,1588.0764190663724
4823,MADS130,i,18,ADS,68.48830404934746,129.14547428316325,415.718283492288,2644.8386364488956
4824,MADS130,i,18,ADS,70.24182796437796,93.92398129685375,360.20830546951447,2165.271236842052
4825,MADS130,æ,18,ADS,71.67482189453322,96.271290900944,712.1600139669974,1819.9119168303541
4826,MADS130,a,18,ADS,71.9602466677021,102.05201813984388,615.5671269085045,1567.9740682763138
4827,MADS130,a,18,ADS,72.93982416206032,108.3738245732917,816.7673348889927,1568.3691760452791
4828,MADS130,o,18,ADS,75.09,58.54713070165474,423.29159176124705,1304.7516816119246
4830,MADS130,o,18,ADS,87.63460400390179,97.53644211595258,587.7168968415921,1374.1709838113884
4831,MADS130,u,18,ADS,88.0212769134479,119.2112070306166,498.54226912571295,877.8688966019245
4832,MADS130,o,18,ADS,91.51341673004488,101.1489029350372,641.3745170288689,1602.5161126551282
4833,MADS130,æ,18,ADS,93.43767140963564,119.50918870459759,791.5331767724884,1555.2603213399486
4834,MADS130,o,18,ADS,94.05587795521863,94.12204478137198,577.1231148792458,1214.6133691565915
4835,MADS130,a,18,ADS,96.5259314671568,139.0797415357241,783.4272568926085,1445.7889692381627
4836,MADS130,e,18,ADS,97.47989307204402,111.08317018761227,647.8406660122878,1955.0522938627196
4837,MADS130,u,18,ADS,97.8902098886377,115.59874621150357,395.41118782586625,783.0206568631452
4838,MADS130,o,18,ADS,99.36617492217678,63.825077823224774,564.4353770323423,1549.506890463894
4839,MADS130,a,18,ADS,100.0448827066032,158.045160836096,606.0358383876528,1381.8978633197642
4841,MADS130,o,18,ADS,102.1188830128793,112.88940059721142,600.0923573398755,1259.463587732937
4842,MADS130,æ,6,ADS,4.22,106.16747330258391,984.4302658691786,1848.727465920181
4843,MADS130,o,6,ADS,4.789747172422582,140.3809886207821,589.4581467921965,1167.9719228677768
4844,MADS130,e,6,ADS,5.66889679475509,140.3809886207821,716.5080377135811,1985.30976529026
4845,MADS130,o,6,ADS,6.543006523377071,153.1428966772177,576.7459059496858,1009.3357671282743
4846,MADS130,i,6,ADS,7.71,120.00000000000011,376.1954034054071,2537.769521826492
4847,MADS130,u,6,ADS,9.25,160.00000000000014,412.4971123762926,815.9592426333169
4848,MADS130,u,6,ADS,10.18,179.99999999999972,405.7141808227581,745.703970080314
4849,MADS130,u,6,ADS,10.59,172.60764181228083,493.0891906240087,639.958094890677
4850,MADS130,i,6,ADS,11.15376690168202,119.76559868345937,414.6880108979307,2555.678902498629
4851,MADS130,æ,6,ADS,14.14354023408681,131.54582150479044,854.8138533596198,1886.7165699315524
4852,MADS130,æ,6,ADS,15.59730052110411,141.36267385589997,856.6110463627437,1781.6665877947516
4853,MADS130,æ,6,ADS,17.424433732993,137.43593291545153,795.370410535222,1851.367687066695
4854,MADS130,u,6,ADS,17.99970128076768,72.6447073981582,424.0664360403496,1965.9050506878016
4855,MADS130,e,6,ADS,20.41831167417973,138.4176181505694,633.15477898456,2146.3782298699475
4856,MADS130,æ,6,ADS,20.60974029502626,84.42493021949105,862.0660427071887,1763.9756779228226
4857,MADS130,u,6,ADS,21.25318492693494,104.05863492170297,434.71690656192504,801.5936844723453
4858,MADS130,æ,6,ADS,27.31,115.2810987455517,795.9488351577729,1639.815587369105
4859,MADS130,u,6,ADS,28.73,169.99999999999815,420.88198863050826,725.4956842108929
4860,MADS130,e,6,ADS,32.43874122482474,121.25877517526362,583.1918221191961,1903.0350441630198
4861,MADS130,a,6,ADS,33.59,109.99999999999943,581.7532532931491,1375.175185848033
4862,MADS130,e,6,ADS,34.92,100.00000000000142,576.7665604068994,1933.4745600682752
4863,MADS130,a,6,ADS,36.67,129.99999999999545,616.1520519183921,1420.915752627165
4864,MADS130,o,6,ADS,37.51,120.00000000000455,507.2173396908701,874.6892916721938
4865,MADS130,o,6,ADS,39.44,90.00000000000341,505.0219383799531,955.0542700810365
4866,MADS130,æ,6,ADS,43.65,109.99999999999943,733.9769898394679,1804.7374924094172
4867,MADS130,i,6,ADS,44.1783933314594,133.50919197501554,421.74453385860244,2601.5876541260677
4868,MADS130,i,6,ADS,46.40496606429382,95.03393570617646,392.2186619315099,2464.6602558258933
4869,MADS130,e,6,ADS,50.05156020587324,108.43979412675964,613.0456689201428,1985.195204073794
4870,MADS130,a,6,ADS,50.32310330655988,131.99799835950898,814.9979494437308,1521.0917467224347
4871,MADS130,e,6,ADS,51.47148670502699,103.39843204828725,610.9656808717941,2212.4096159935257
4872,MADS130,a,6,ADS,51.84,109.99999999999943,613.7591441846286,1667.3966005147995
4873,MADS130,a,6,ADS,53.28,129.99999999999545,704.5171663070685,1431.0838847674916
4874,MADS130,æ,6,ADS,55.19958366288467,145.1977981954684,843.0392495642146,1830.884689880976
4875,MADS130,i,6,ADS,55.71533462171677,107.06504311382758,402.1753373599468,2505.1205275475136
4876,MADS130,e,6,ADS,57.31772539836044,112.27460163956238,579.8931063163856,2217.4994721987046
4877,MADS130,e,6,ADS,58.44770059382751,90.9319544254501,560.5499886365268,2159.6168256461715
4878,MADS130,i,6,ADS,59.96,66.82159971770574,437.36409718417684,2466.3965070006616
4879,MADS130,i,6,ADS,60.31868384053485,81.31615946514614,442.2614600664469,2409.215678903287
4880,MADS130,a,6,ADS,60.64,119.99999999999744,853.8892606902965,1507.76439962902
4881,MADS130,i,6,ADS,66.88637367014206,93.6263298579405,460.5116799084598,2552.8622788010666
4882,MADS130,i,6,ADS,68.69076332962085,89.23667037915095,442.4159107146798,2637.8569193845924
4883,MADS130,e,6,ADS,69.98,98.94309177441585,862.7525318320864,1941.7519116107273
4884,MADS130,a,6,ADS,70.4,59.99999999998806,740.1429661713609,1407.7879929679793
4885,MADS130,a,6,ADS,71.37,108.84444815739869,785.5222843812553,1552.4602858059745
4886,MADS130,o,6,ADS,73.3,43.285600848619765,568.2364914786722,1540.00348419933
4887,MADS130,i,6,ADS,73.53101608740437,58.98391259563596,465.2204545803336,1729.7435143327957
4888,MADS130,u,6,ADS,77.0442496368212,135.75036317880063,431.61450363560783,1028.9302874112434
4889,MADS130,o,6,ADS,86.54245851201327,120.2648429497799,582.7262898200786,1485.7007851092367
4890,MADS130,u,6,ADS,87.03407920489494,55.920795105066645,422.1094984881162,1154.6925494227014
4891,MADS130,o,6,ADS,90.34,109.99999999999943,534.8573917638828,1281.2030872999567
4892,MADS130,e,6,ADS,91.90393075835078,147.3977648347784,831.2996959586948,1975.4205081134587
4894,MADS130,a,6,ADS,95.157169383605,142.8306163950026,659.3266144971996,1262.9712123960448
4895,MADS130,e,6,ADS,96.3,90.00000000000341,677.375924494273,2124.272096375975
4896,MADS130,u,6,ADS,96.65,107.44690246197308,524.5110178955608,1031.5708671970863
4897,MADS130,u,6,ADS,98.06139288014106,101.93178762206401,554.8231528070756,1495.2783266550762
4898,MADS130,o,6,ADS,100.6961113861049,131.26467614640092,534.194430194899,1221.342310910198
4899,MADS131,æ,12,ADS,1.63,80.00000000000007,1078.7878943138533,1728.4527745117805
4900,MADS131,o,12,ADS,2.040685421016692,99.31457898330808,586.5282177571904,1406.2962510578159
4901,MADS131,e,12,ADS,2.92,100.00000000000009,656.2834292393674,2120.2930652916184
4902,MADS131,o,12,ADS,3.55,110.00000000000031,556.2166673426193,1330.5829205445725
4903,MADS131,i,12,ADS,4.2,120.00000000000011,402.68735015630875,2545.1089778301825
4904,MADS131,u,12,ADS,5.78,179.99999999999972,370.03102527274575,722.4501709057672
4905,MADS131,u,12,ADS,6.47,100.00000000000054,471.22267313760614,945.4102125359359
4906,MADS131,u,12,ADS,6.74,149.99999999999946,420.9094057919785,908.6912557389794
4907,MADS131,i,12,ADS,7.277906520354902,92.09347964509806,379.3969442996022,2602.8882470685767
4908,MADS131,æ,12,ADS,9.89,107.4268962201117,795.7274264760632,1649.1697412587082
4909,MADS131,æ,12,ADS,10.99,119.99999999999922,841.6085745968246,1559.3598992916925
4910,MADS131,æ,12,ADS,12.38814346918563,121.85653081436953,815.9525163837153,1586.8424024861558
4911,MADS131,u,12,ADS,12.94,100.52503729685114,481.5527837360151,1652.9343134948176
4912,MADS131,e,12,ADS,14.56274552393407,107.25447606592908,615.7042253232943,2116.410551821027
4913,MADS131,æ,12,ADS,14.74,119.99999999999922,912.9423477744969,1746.4820271214292
4914,MADS131,u,12,ADS,15.22823076135306,71.76923864694018,345.5244159672515,958.8047513632621
4915,MADS131,æ,12,ADS,20.42,149.99999999999858,842.5647144779738,1673.6064334172931
4916,MADS131,u,12,ADS,21.59,71.08661262644844,402.255381621481,752.2186704454075
4917,MADS131,u,12,ADS,22.4,150.00000000000213,291.65605577263227,795.8350046017074
4918,MADS131,e,12,ADS,24.56560091863319,94.39908136680941,758.9977684682051,1966.4758141344832
4919,MADS131,a,12,ADS,25.35,99.99999999999787,772.0996751457684,1352.6889841702491
4920,MADS131,e,12,ADS,26.29190905776909,88.09094223090952,716.6191442846142,1885.8269344593004
4921,MADS131,a,12,ADS,26.99,100.00000000000142,775.683979543796,1354.3167378108806
4922,MADS131,o,12,ADS,27.8,99.99999999999787,542.1761746690377,1160.377869024538
4923,MADS131,o,12,ADS,29.1769814503921,73.01854960790166,538.293754521648,1185.2128932655642
4924,MADS131,æ,12,ADS,34.23979278929207,130.20721070792973,796.9122901302585,1590.0377063024955
4925,MADS131,i,12,ADS,34.76854953970186,81.45046029814296,400.4748113296336,2700.6446029127505
4926,MADS131,i,12,ADS,36.82749792760807,82.5020723919252,424.6573365179794,2575.4205586803546
4927,MADS131,e,12,ADS,39.6759980809009,64.04659230315701,631.1903276360594,2092.3944786077523
4928,MADS131,a,12,ADS,39.88,116.23104241666482,658.6295049139268,1350.7353398434047
4929,MADS131,e,12,ADS,40.71256251130258,99.79352754211845,625.7907784569761,2134.02516639355
4931,MADS131,a,12,ADS,42.24,100.00000000000142,813.2091034881979,1410.7770637654685
4933,MADS131,i,12,ADS,44.13803809851771,71.96190148228965,417.2525228335893,2572.358303764975
4934,MADS131,e,12,ADS,45.82,119.99999999999744,563.3961040361028,2189.0730781059224
4935,MADS131,e,12,ADS,46.81,88.99403126442706,577.7560639554879,2143.905162198697
4936,MADS131,i,12,ADS,47.97,70.00000000000028,364.7537929882041,2238.042831884797
4937,MADS131,i,12,ADS,48.27477392490025,65.22607509975131,338.1326381316979,2501.763586480986
4938,MADS131,a,12,ADS,48.56,79.9999999999983,718.4353209521662,1387.360941891773
4939,MADS131,i,12,ADS,53.62,140.00000000000057,344.3308028799193,2110.33172760702
4940,MADS131,i,12,ADS,55.22,109.99999999999943,405.68920170763425,2492.954473614107
4941,MADS131,æ,12,ADS,56.27146150135044,110.2197169868262,808.2594100935777,1663.90629824212
4942,MADS131,a,12,ADS,56.55,90.00000000000341,764.6993741396465,1398.984378496478
4943,MADS131,a,12,ADS,57.49,100.00000000000142,728.6888996102225,1312.8719354736772
4944,MADS131,o,12,ADS,58.91593846316367,74.06153683633221,642.648191320843,1269.7056190729277
4945,MADS131,i,12,ADS,59.14680408658202,53.19591341798002,525.9831579447425,1603.3683774602177
4946,MADS131,u,12,ADS,61.86730774679705,102.69225320294595,372.0541543561852,929.8528782249232
4947,MADS131,o,12,ADS,69.0885918002481,141.40819975190766,565.1016444144904,1220.504800369832
4948,MADS131,u,12,ADS,69.56,88.67387861177178,357.18122445469197,728.5347856537384
4949,MADS131,o,12,ADS,72.1,109.99999999999943,645.76989584446,1116.551761702564
4950,MADS131,e,12,ADS,73.44787390816327,102.77243881205322,776.8596443501651,1734.0538172703057
4951,MADS131,o,12,ADS,73.97,90.00000000000341,696.1585163564062,1285.4440340462152
4952,MADS131,a,12,ADS,75.7,159.9999999999966,772.4457819261121,1349.0740096914944
4953,MADS131,e,12,ADS,77.1,120.00000000000455,630.1283416486755,2066.8598345561795
4954,MADS131,u,12,ADS,77.65816369296287,111.70917262178648,341.00287290888656,693.2097341777783
4955,MADS131,o,12,ADS,78.77,109.99999999999943,585.0322518396518,1329.1807667270318
4956,MADS131,a,12,ADS,79.4900184423024,139.98155769759535,758.369323212002,1359.9990334347717
4957,MADS131,e,12,ADS,80.27,109.99999999999943,608.8778509374822,1876.8857082756506
4958,MADS131,o,12,ADS,81.1,120.00000000000455,548.7535568064018,1199.4223894295137
4959,MADS131,æ,15,ADS,1.957422018173953,90.18092384757792,1047.3138419736508,1838.8458429939255
4960,MADS131,o,15,ADS,2.408326637411843,101.67336258815673,662.9773991662086,1474.5011665065226
4961,MADS131,e,15,ADS,3.211574338933086,90.1809238475777,646.3981888364079,2016.1667761424808
4962,MADS131,o,15,ADS,3.863284866546036,116.715133453964,662.9788329145894,1364.5164845396282
4963,MADS131,i,15,ADS,4.53,114.23907222796271,375.51581814717133,2499.482084567642
4964,MADS131,u,15,ADS,6.18,220.00000000000063,423.0127493295304,905.3343248733299
4965,MADS131,u,15,ADS,7.69,89.99999999999986,433.0824218186731,960.8299862247741
4966,MADS131,u,15,ADS,7.97,123.5521108847708,427.6647080699146,1008.7124978316912
4967,MADS131,i,15,ADS,8.47,109.99999999999943,359.28225582823984,2526.344546897276
4968,MADS131,æ,15,ADS,11.24,134.55871725119906,904.8444934677888,1740.7183615866354
4969,MADS131,æ,15,ADS,12.57,122.74715540558034,838.362028302761,1661.7546924853652
4970,MADS131,æ,15,ADS,13.97777819177297,131.45016018460964,903.3345900749983,1678.6514270333612
4971,MADS131,u,15,ADS,14.46,101.56919118847973,460.31702870601475,1676.884728906985
4972,MADS131,e,15,ADS,15.99911627209116,110.88372790884016,546.2200420458117,1960.6772029193214
4973,MADS131,æ,15,ADS,16.19934849283748,123.80770901107852,1109.9035776464098,1667.6914654955415
4975,MADS131,æ,15,ADS,22.58,170.0000000000017,873.3961928056029,1637.0233833775
4976,MADS131,u,15,ADS,23.95,117.58699856143906,392.82892044880396,855.544945640607
4978,MADS131,e,15,ADS,27.53412664496621,125.87335503378938,684.5604140485322,1927.9915289021765
4979,MADS131,a,15,ADS,28.57,125.3860743539903,731.7996439897695,1362.4997520003387
4980,MADS131,e,15,ADS,29.87,89.99999999999986,687.1824686881826,1841.467813031442
4981,MADS131,a,15,ADS,30.64,111.62668736627879,756.6405783135906,1321.7744649550923
4982,MADS131,o,15,ADS,31.54640550738116,88.65243361287156,550.3026988702213,1423.7593593152662
4983,MADS131,o,15,ADS,32.87,113.80414983189979,573.1248488994178,1286.8041556873143
4984,MADS131,æ,15,ADS,35.26496150202881,143.67808206225163,801.0194988035133,1637.1795086291843
4985,MADS131,i,15,ADS,35.78378564946411,106.21435053589323,391.97323004640015,2614.0614223134703
4986,MADS131,i,15,ADS,37.5853661489305,111.57978713345074,390.992944159044,2824.7785475118685
4987,MADS131,e,15,ADS,40.85440961013362,79.48149220463563,632.7815276250866,2199.2359546718726
4988,MADS131,a,15,ADS,41.07,143.5807472681816,799.3210477620614,1291.1228761240664
4989,MADS131,e,15,ADS,41.84320238570379,111.57978713343653,648.4016199004394,2138.6743117144283
4990,MADS131,a,15,ADS,42.18,109.99999999999943,903.6008973303859,1356.9537216615613
4991,MADS131,a,15,ADS,43.63,119.99999999999744,739.4241492913839,1338.473493276135
4992,MADS131,æ,15,ADS,45.26907055142122,130.92944857877598,905.5958837395453,1697.3746867501231
4993,MADS131,i,15,ADS,45.82738270225482,92.61729774517846,396.26860425189545,2537.8171134686077
4994,MADS131,e,15,ADS,47.71642012403455,123.57987596545428,540.5626299573205,2256.563160695478
4995,MADS131,e,15,ADS,48.82,93.27211200793073,541.0792760414872,2194.467453570703
4996,MADS131,i,15,ADS,50.15187475370535,91.70941408228828,418.7551530104497,2499.701271562978
4997,MADS131,i,15,ADS,50.52514731589797,81.00998243936175,388.5448213385418,2621.0126118614007
4998,MADS131,a,15,ADS,50.84,128.48972019349958,749.175716168085,1357.395147722883
4999,MADS131,i,15,ADS,55.43,130.00000000000256,396.42225809939873,2546.4818791067496
5000,MADS131,i,15,ADS,57.15,97.57176704312087,422.11081554001,2517.542338444725
5002,MADS131,a,15,ADS,58.46563807781901,94.36192218099393,785.0703946417061,1349.378138591903
5003,MADS131,a,15,ADS,59.41,90.00000000000341,720.5067409979396,1268.8748305553963
5004,MADS131,o,15,ADS,61.2621373478048,97.86265219519663,525.0801844870853,1114.1023654723779
5005,MADS131,i,15,ADS,61.54362025968397,56.37974031603221,479.1075719034247,2183.2443379335054
5006,MADS131,u,15,ADS,64.71212837834229,99.3518652558123,353.14960896976385,791.3825126268067
5007,MADS131,o,15,ADS,71.92355336633015,137.56412112343241,544.1309698026001,1223.8239886581791
5008,MADS131,u,15,ADS,72.36,120.00000000000455,386.7925843054966,635.9994965041757
5009,MADS131,o,15,ADS,75.44495818872186,108.52280666402692,629.593668848501,1043.005070272593
5010,MADS131,æ,15,ADS,76.78207423133182,117.92576866818649,836.2663801291412,1723.1500171449939
5012,MADS131,a,15,ADS,79.47,151.11848518530735,849.7501767907783,1333.5086480600705
5013,MADS131,e,15,ADS,80.8,100.00000000000853,563.2424529583258,2105.478019196892
5014,MADS131,u,15,ADS,81.18,89.76972494994584,624.7834725763305,1901.5473495038873
5015,MADS131,o,15,ADS,82.47,109.99999999999943,567.8506889371679,1271.9988139570671
5016,MADS131,a,15,ADS,83.28,124.54906157138623,756.5504222197775,1366.404619089541
5017,MADS131,e,15,ADS,84.13,109.99999999999943,629.9509238002448,2006.1242357787387
5018,MADS131,o,15,ADS,85.1465184418842,134.5071406540086,523.247105757371,1139.9756133828428
5019,MADS131,æ,18,ADS,1.538397647375443,115.14860605450505,1084.6513037256755,1724.044896905384
5020,MADS131,o,18,ADS,2.077285486784766,92.99471597958187,589.5709358013422,1275.4271743178595
5021,MADS131,e,18,ADS,2.981274827163459,109.27693977806373,629.0670399441822,2126.5455783665047
5022,MADS131,o,18,ADS,3.702402876101988,102.95513334462302,561.1337670298415,1315.608083974039
5023,MADS131,i,18,ADS,4.498844300886774,110.18005498284111,320.166409254159,2199.5746134288215
5024,MADS131,u,18,ADS,5.88,207.75987578750232,396.9963686026223,794.9923749158909
5025,MADS131,u,18,ADS,6.931787213422234,98.21278657776666,509.5075781145443,945.7416759577321
5026,MADS131,u,18,ADS,7.214107458667827,168.88254329337204,386.97308122428433,996.0444935167418
5027,MADS131,i,18,ADS,7.742240791626775,98.43955732073528,365.5580093522417,2584.2037792332676
5028,MADS131,æ,18,ADS,10.38504360548,141.78908715005002,870.4129241289324,1714.4368550117988
5029,MADS131,æ,18,ADS,11.80291400744917,107.08599255083051,888.7062154684413,1660.361451653777
5030,MADS131,æ,18,ADS,13.31583114353776,90.31152047773894,898.1234011903576,1644.9910926254058
5031,MADS131,u,18,ADS,13.7910093431521,86.69905965863123,473.1562179804541,1087.736706309117
5032,MADS131,e,18,ADS,16.01438131235689,142.69220235483004,584.1223237312411,1841.481678048955
5033,MADS131,æ,18,ADS,16.22658723536709,160.75450645037748,1047.491931117166,1759.6800714833532
5035,MADS131,æ,18,ADS,22.21,138.54907914126002,855.1242175544041,1717.3831571047826
5036,MADS131,u,18,ADS,23.26,103.5677041036891,381.2099838385923,673.3367250184596
5037,MADS131,u,18,ADS,24.24900883470782,150.99116529217937,359.635344518206,710.0889913085741
5038,MADS131,e,18,ADS,26.48418684478948,105.81315521051948,700.275630640463,1981.0989200682213
5039,MADS131,a,18,ADS,27.41919973301294,100.69734533268004,758.8538914871741,1310.5134568674198
5040,MADS131,e,18,ADS,28.73,78.71795709482043,784.2943359867513,2001.8742057470768
5041,MADS131,a,18,ADS,29.35826356460166,121.4689950425587,707.2686689772229,1322.6276523599113
5042,MADS131,o,18,ADS,30.1790621571135,65.92740994875257,582.0424206657806,1321.1395365338235
5043,MADS131,o,18,ADS,31.59601274124142,83.98725875857949,561.8219875579946,1171.8930533093326
5044,MADS131,æ,18,ADS,34.64409748471229,144.9499903667686,883.8060757543592,1615.9018328123484
5045,MADS131,i,18,ADS,35.2249118030382,121.01743744017313,334.5933220037889,2540.2426834648363
5046,MADS131,i,18,ADS,37.52781179586717,92.11775088729013,334.32366202533757,2672.37282879183
5047,MADS131,e,18,ADS,40.67050558360076,67.73364035830554,616.4542271595694,2205.981180430246
5048,MADS131,a,18,ADS,40.88273765672344,123.7267830545008,840.6963332237851,1337.6314586208705
5049,MADS131,e,18,ADS,41.78037745517724,79.62254482276165,635.5192074250921,2187.901520054514
5051,MADS131,a,18,ADS,43.22240666027596,93.92398129685375,815.3301679874693,1386.544424826847
5052,MADS131,æ,18,ADS,45.03822504410518,113.79251580194705,866.1885769152784,1653.178409590983
5053,MADS131,i,18,ADS,45.51033182909494,89.40840527296245,342.83556269806786,2610.6254595699456
5054,MADS131,e,18,ADS,47.25496702347009,115.03297652991051,567.5784067671916,2197.7616151229913
5055,MADS131,e,18,ADS,48.22866765641205,100.24578773028736,585.6011296880865,2159.776974269364
5056,MADS131,i,18,ADS,49.32803080926845,82.18348363474348,353.9984471722212,2518.4365894468256
5057,MADS131,i,18,ADS,49.64939739077679,41.54329941975732,464.3266615729327,2180.852400243327
5058,MADS131,a,18,ADS,49.9419471617392,98.05283826079858,775.7474333618577,1379.054377595667
5059,MADS131,i,18,ADS,55.0794056502983,158.9482760408245,343.40377658600516,2507.2760433182784
5060,MADS131,i,18,ADS,56.72047785458832,95.73021170641027,280.967382890849,2412.6661313603404
5061,MADS131,e,18,ADS,58.07629075065134,141.08723666517164,942.0280210469854,1572.4653852116464
5062,MADS131,a,18,ADS,58.41626667239667,75.86167720130277,796.8307215542741,1319.9280119753594
5063,MADS131,a,18,ADS,59.33657448213734,102.95513334462214,795.8217100753661,1278.9812942913336
5064,MADS131,o,18,ADS,60.91376845972768,101.14890293506562,616.7626763059404,1047.835700959838
5065,MADS131,u,18,ADS,64.08113877616398,83.9897140442929,349.02397250936116,773.7152815197568
5066,MADS131,o,18,ADS,71.65387264331318,129.14547428316325,561.9713962538427,1140.0013931685457
5067,MADS131,u,18,ADS,72.11189165403673,101.14890293506562,394.6536200343417,745.2240628740564
5068,MADS131,o,18,ADS,75.21,122.76540517270007,570.0440754932382,1099.4288948846433
5069,MADS131,æ,18,ADS,76.7424369575082,147.72663603764613,882.3743065198439,1612.2799366382917
5071,MADS131,a,18,ADS,79.4030385547286,139.0797415357241,828.6231860738783,1277.3419307352883
5072,MADS131,e,18,ADS,80.68,159.46283625382307,668.6152455002316,2085.866304710577
5073,MADS131,u,18,ADS,81.14,99.15465284750269,328.8028008804472,692.7880745851204
5074,MADS131,o,18,ADS,82.39311625773473,96.88374226526264,688.1722666287311,1258.109172804201
5075,MADS131,a,18,ADS,83.15113526845825,117.40497662106009,727.7296589997156,1302.7043829476977
5077,MADS131,o,18,ADS,85.18581004546834,97.53644211596679,524.095316362896,1090.1384151473096
5078,MADS131,æ,6,ADS,1.808290596508949,88.96509503406102,984.9669972936119,1718.563477827528
5079,MADS131,o,6,ADS,2.231592258364561,118.40774163543921,625.4108323135828,1257.965758950616
5080,MADS131,e,6,ADS,3.1,140.0000000000001,655.5484679950171,2114.9093980977987
5081,MADS131,o,6,ADS,3.85488675402949,105.11324597050998,608.8890076146675,1263.6271894603456
5082,MADS131,i,6,ADS,4.754364903497744,135.6350965022557,365.2986532856771,2467.5595126685284
5083,MADS131,u,6,ADS,6.42,169.99999999999994,326.9694540917494,729.1534203691277
5084,MADS131,u,6,ADS,7.5,139.9999999999997,428.7447561272449,864.2162214026297
5085,MADS131,u,6,ADS,7.79,190.21603549494782,443.3165714993746,956.1153196144568
5086,MADS131,i,6,ADS,8.48,109.99999999999943,346.8053268628958,2603.927712190496
5087,MADS131,æ,6,ADS,11.22,149.99999999999858,848.2190033804593,1715.9590439324588
5088,MADS131,æ,6,ADS,12.68,120.000000000001,847.9504889172565,1651.51059439235
5089,MADS131,æ,6,ADS,14.30757739824902,132.42260175097977,888.0432206557616,1744.3547604198166
5091,MADS131,e,6,ADS,16.70958745224182,150.41254775817947,569.0315993068007,2242.888400709368
5092,MADS131,æ,6,ADS,16.94778431959108,162.2156804089201,1018.8495494126078,1805.36954916055
5093,MADS131,u,6,ADS,17.65191074509784,98.0892549021597,343.1037354091036,728.2935242687893
5095,MADS131,u,6,ADS,25.24,129.81468697488197,343.196774839095,672.5896219730337
5096,MADS131,u,6,ADS,26.26,160.00000000000014,541.0582717950725,1987.8010996713863
5097,MADS131,e,6,ADS,28.74,120.000000000001,714.3721565565796,1911.506467827541
5098,MADS131,a,6,ADS,29.9,100.00000000000142,831.7465736198628,1301.8384056459945
5099,MADS131,e,6,ADS,31.06,100.00000000000142,911.8929537703868,2005.19712366802
5100,MADS131,a,6,ADS,32.38,109.99999999999943,860.7484788585565,1312.718869242138
5101,MADS131,o,6,ADS,33.2,99.99999999999432,542.1035580648387,1159.908658312653
5102,MADS131,o,6,ADS,34.8,98.50253430598599,606.2669651318531,1241.8328134386907
5103,MADS131,æ,6,ADS,38.51,170.49274663308012,890.2877893727892,1596.8813512577487
5104,MADS131,i,6,ADS,39.11096901292692,99.03098707307834,358.7520097352478,2594.870605542041
5105,MADS131,i,6,ADS,41.03009244277121,110.48890834874925,325.33718154958075,2637.153244142771
5106,MADS131,e,6,ADS,44.49,94.48095662041567,696.9918555299773,2210.9390724611967
5107,MADS131,a,6,ADS,44.7,148.50639994731551,788.8332009259329,1371.203288342791
5108,MADS131,e,6,ADS,45.56242128175305,97.5746203599357,633.8342714154562,2066.6831028208194
5109,MADS131,a,6,ADS,45.88,99.99999999999432,862.3604961585454,1352.8693852371266
5110,MADS131,a,6,ADS,47.1,100.00000000000142,864.1313481639339,1415.1558168403265
5111,MADS131,æ,6,ADS,49.18,140.00000000000057,880.6361876887512,1601.970896542065
5112,MADS131,i,6,ADS,49.69531214990175,87.53017414641562,379.28978806582046,2491.0919651797817
5113,MADS131,e,6,ADS,51.26075733165079,159.24266834921497,620.0164799490238,2091.019451434352
5114,MADS131,e,6,ADS,52.43,95.12511690868308,664.9943986618844,1862.948159495846
5115,MADS131,i,6,ADS,53.84,59.99999999999517,402.60502592818705,2418.231722529037
5116,MADS131,i,6,ADS,54.12677080167472,63.22919832527418,368.47685283691203,2360.568822800199
5117,MADS131,a,6,ADS,54.42,145.85659329443956,757.51371564961,1375.6159035191477
5118,MADS131,i,6,ADS,59.59,121.74810144836812,352.75417841802846,2280.4181412863845
5119,MADS131,i,6,ADS,61.12,112.77623184556518,319.40280712200496,2545.7085474540163
5120,MADS131,æ,6,ADS,62.38995067560359,104.7492247981694,839.7759716469551,1660.9482068647717
5121,MADS131,a,6,ADS,62.64,119.99999999999744,792.5653184774035,1313.260478446307
5122,MADS131,a,6,ADS,63.59,121.84628869768943,799.3515856559987,1314.9782449789338
5123,MADS131,o,6,ADS,65.09,109.99999999999943,646.5369125250115,1185.0174854251038
5124,MADS131,i,6,ADS,65.38,40.00000000000625,481.5599677007584,1970.1835715029185
5125,MADS131,u,6,ADS,68.68609801299195,103.31430391052265,342.3765293950755,908.5851044514438
5126,MADS131,o,6,ADS,76.4316584287256,157.84129764107035,634.0785441151385,1263.5876506030029
5127,MADS131,u,6,ADS,76.96,107.88509935677837,386.68764023079575,694.2384457586877
5128,MADS131,o,6,ADS,80.18113068712942,128.86931287057735,769.4379440412993,1218.3917860951447
5129,MADS131,e,6,ADS,81.71406390970135,132.01272166344324,804.0515346167708,1747.0285807909613
5130,MADS131,o,6,ADS,82.25,91.12433760272154,694.352240333855,1040.7381428271294
5131,MADS131,a,6,ADS,84.09073061420928,147.79685142755739,781.267199330901,1225.5891225792354
5132,MADS131,e,6,ADS,85.92,79.9999999999983,632.9801560930555,2100.1694369472402
5133,MADS131,u,6,ADS,86.29,121.46815218153506,346.9647854975821,1027.1754123626106
5134,MADS131,o,6,ADS,87.75313117162294,126.86882837705582,572.0296321405043,1123.6419475278403
5135,MADS131,a,6,ADS,88.46,109.99999999999943,731.6431751694712,1341.7618022625763
5136,MADS131,e,6,ADS,89.34,119.99999999999034,685.5465109028795,1948.9133992912416
5137,MADS131,o,6,ADS,90.33153825054848,126.27303811284207,542.2842664260285,1155.2299505636984
5138,MADS131,æ,9,ADS,5.208261967014833,71.73803298516734,930.902395087331,1767.0256570907611
5139,MADS131,o,9,ADS,5.623400582364519,88.13712141270358,515.4239487300962,1377.4773748492821
5140,MADS131,e,9,ADS,6.350750601763394,99.24939823660583,631.8060325554596,2053.5959966262308
5141,MADS131,o,9,ADS,7.026760121812764,97.4847310630116,541.3051218077824,1433.178322294379
5142,MADS131,i,9,ADS,7.81,100.00000000000054,322.741575052014,2514.360122323625
5143,MADS131,u,9,ADS,9.29,150.00000000000034,364.7497572255185,771.5455590468713
5144,MADS131,u,9,ADS,10.39046968385139,109.53031614861075,368.98226396829057,1097.6105897148027
5145,MADS131,u,9,ADS,10.67879288934226,131.2071106577406,500.6366157253558,1006.6078044235717
5146,MADS131,i,9,ADS,11.19,80.00000000000007,388.3586582098137,2568.770790860785
5147,MADS131,æ,9,ADS,13.6,89.99999999999986,769.7181434576715,1724.743856123596
5148,MADS131,æ,9,ADS,14.82,115.32825753537956,773.5504992853215,1664.16611153939
5149,MADS131,æ,9,ADS,16.24277883805509,117.28631706018788,791.3404087639391,1764.2638475536555
5150,MADS131,u,9,ADS,16.70126171383582,111.19352136875094,400.4673544948952,741.6362021952058
5151,MADS131,e,9,ADS,18.35366560908535,116.33439091464837,643.739324082598,2113.214381715965
5152,MADS131,æ,9,ADS,18.51,152.87499042583974,872.318781149867,1585.5971560987905
5153,MADS131,u,9,ADS,18.99893940158442,121.85591382877092,446.1731930122643,1686.0249123557644
5155,MADS131,u,9,ADS,25.78,89.56068353760926,390.16018500294905,750.7461585345706
5156,MADS131,u,9,ADS,26.68,129.999999999999,175.06505580081355,794.7990104832204
5157,MADS131,e,9,ADS,28.68514746418549,94.85253581451047,622.2095338803197,1908.4719161233031
5158,MADS131,a,9,ADS,29.66,97.43899414425883,740.2861001474414,1476.9076314182478
5159,MADS131,e,9,ADS,30.71,89.99999999999986,543.6734206955256,1940.5576130867935
5160,MADS131,a,9,ADS,31.44039029783957,109.60970216043009,754.3171586753078,1321.222965248975
5161,MADS131,o,9,ADS,32.28633065734,77.68314506584062,573.456192029774,1377.2366745046875
5162,MADS131,o,9,ADS,33.55,105.43860554479068,580.9603638951992,1331.4302403898803
5163,MADS131,æ,9,ADS,36.60218735353597,124.90231167448229,809.8250081208521,1552.2989765600782
5164,MADS131,i,9,ADS,37.13637251378208,93.62748621791894,357.0509399587291,2620.526524780604
5165,MADS131,i,9,ADS,38.82833666277156,108.14712352302536,367.7292722085931,2657.6254926991846
5166,MADS131,e,9,ADS,41.95999794947646,65.49755368295962,560.8466773353767,2057.2544424992984
5168,MADS131,e,9,ADS,43.0617117862943,79.20634398869453,627.1851734726655,1759.6567894695436
5169,MADS131,a,9,ADS,43.36,100.00000000000142,782.068277643557,1331.357395844179
5170,MADS131,a,9,ADS,44.55,109.99999999999943,732.1312800279011,1467.2687287026397
5171,MADS131,æ,9,ADS,46.49498791885249,144.70389767166125,842.6211067609686,1635.624286385876
5172,MADS131,i,9,ADS,47.0127301517746,77.68314506585483,380.3567577434738,2234.886406365169
5173,MADS131,e,9,ADS,48.65121547848671,98.78452151328787,608.0307271247846,2267.035410641294
5174,MADS131,u,9,ADS,48.9948124542709,99.00792998587349,370.6959729279235,954.8299725019809
5175,MADS131,e,9,ADS,49.65,62.1152052147238,558.3090779322358,1887.940734488004
5176,MADS131,i,9,ADS,51.07,89.9999999999963,383.24706584817534,2371.5091952033404
5177,MADS131,i,9,ADS,51.42177373135797,62.45115583723759,383.31614403055914,2402.1463417983055
5178,MADS131,a,9,ADS,51.67919434932124,80.80565067875511,716.8005994797087,1351.8780373483014
5179,MADS131,i,9,ADS,56.77055002287701,119.44997712298999,378.68689565483476,2641.973814083849
5180,MADS131,i,9,ADS,58.29,109.99999999999943,390.4225815828969,2630.1595817134166
5181,MADS131,æ,9,ADS,59.5742849320967,99.0079299858806,753.7814492066052,1591.1440255035461
5183,MADS131,a,9,ADS,60.58109434785014,76.86524339148093,680.2823407140718,1349.3805279765327
5184,MADS131,o,9,ADS,62.06295675840339,67.04324159661468,596.124023511913,1348.2159362016112
5185,MADS131,i,9,ADS,62.283605221786,56.39477821400618,472.8575197313141,1921.3439450882108
5186,MADS131,u,9,ADS,65.65529249228777,91.33399508870355,350.1085391304527,887.2525134246353
5188,MADS131,u,9,ADS,73.33,77.64055917937185,378.22859185967314,815.9117665749935
5189,MADS131,o,9,ADS,76.2,140.00000000000057,499.4683538478319,968.2836595280285
5190,MADS131,æ,9,ADS,77.8564025696793,126.60157735068367,784.0673293904083,1699.8097388819547
5191,MADS131,o,9,ADS,78.36,90.00000000000341,514.9559929057524,1064.7675326533085
5192,MADS131,a,9,ADS,80.18,149.99999999999147,755.9518021049,1250.046375697243
5193,MADS131,e,9,ADS,81.44,109.99999999999943,604.0083643555084,1879.1255049003323
5194,MADS131,u,9,ADS,81.83,79.9999999999983,339.0546917166147,760.0908750525513
5195,MADS131,o,9,ADS,83.12186926502083,98.13073497916491,643.6766783816638,1390.6297898400849
5196,MADS131,a,9,ADS,83.83,123.83152656653351,655.1031943790036,1314.4051205177095
5197,MADS131,e,9,ADS,84.66,109.99999999999943,543.340432333096,1793.3454873577045
5199,MADS132,æ,15,ADS,1.757032079365003,100.01062884953905,756.3382369079416,1615.4193678278664
5200,MADS132,o,15,ADS,2.246979226966822,133.02077303317805,592.6072710901811,1396.7942891011353
5201,MADS132,e,15,ADS,3.392504955489716,77.49504451028422,546.0182438847238,2057.4274097802067
5202,MADS132,o,15,ADS,4.038070214398786,135.38024149144866,602.7639669394699,1339.0603427929414
5203,MADS132,i,15,ADS,5.27,100.00000000000054,347.0321649084524,2263.775059237037
5205,MADS132,u,15,ADS,7.964053544827729,95.94645517227107,382.50350078503357,759.2690139620556
5206,MADS132,u,15,ADS,8.268413453308643,141.58654669135728,370.70222000546573,787.6153557007113
5207,MADS132,i,15,ADS,8.76,80.00000000000007,391.5030753303918,2347.5188942826835
5208,MADS132,æ,15,ADS,11.28,120.000000000001,709.3815083998915,1655.3735494219825
5209,MADS132,æ,15,ADS,12.75873253948181,121.26746051819026,707.2393427436799,1443.84085863781
5210,MADS132,æ,15,ADS,14.68303021485195,117.08561426286934,719.6593881068372,1602.5203467710608
5211,MADS132,u,15,ADS,15.22,179.99999999999972,341.9244326893275,724.0395979815008
5212,MADS132,e,15,ADS,17.51065048114289,129.34951885711143,658.2065268837301,2115.475157477104
5213,MADS132,æ,15,ADS,17.69,148.73412944197995,606.332500778853,1630.3290540118273
5214,MADS132,u,15,ADS,18.37322885111761,152.45522690478097,324.7065983299193,665.8528431455682
5215,MADS132,æ,15,ADS,24.74,100.00000000000142,733.0047937835677,1606.227167792245
5216,MADS132,u,15,ADS,26.01,139.99999999999702,380.00326458089614,743.8281518757997
5217,MADS132,u,15,ADS,26.88,160.00000000000014,445.1851368799495,1054.630768835901
5218,MADS132,e,15,ADS,29.46674176691409,123.25823308590955,655.9370543215949,1929.4871663724196
5219,MADS132,a,15,ADS,30.32,104.32410473235976,741.3363109599379,1376.6731786204425
5220,MADS132,e,15,ADS,31.51,89.99999999999986,624.6442471752356,1853.4308960656626
5221,MADS132,a,15,ADS,32.58,117.63147987819877,609.7055307775674,1397.6639572678187
5222,MADS132,o,15,ADS,33.41,78.72793862288319,555.9506509459814,965.903579419648
5223,MADS132,o,15,ADS,35.16,84.74367125148063,635.4106572728996,1427.8468936413467
5224,MADS132,æ,15,ADS,38.45990613436254,117.08561426287645,738.6696678835307,1640.8397875493736
5225,MADS132,i,15,ADS,38.91853641859042,98.7909870342989,356.5051723101066,2417.7005780266027
5226,MADS132,i,15,ADS,41.02,119.99999999999744,362.10802693934636,2411.3715704579195
5227,MADS132,e,15,ADS,44.79,88.5947303480421,625.4527637354863,1990.3612271621253
5228,MADS132,a,15,ADS,45.03320442563187,153.67486872001024,700.6582994585725,1377.3306149728048
5229,MADS132,e,15,ADS,45.94,97.61010829819128,667.7631256340777,2016.2159471980433
5230,MADS132,a,15,ADS,46.23,130.00000000000256,754.9108137343203,1384.144637613024
5231,MADS132,æ,15,ADS,49.41614052777864,119.5248978933563,723.5728337768759,1585.0834478453785
5232,MADS132,i,15,ADS,49.83086370665795,70.73922528381615,434.3733277419425,2190.143839426322
5234,MADS132,i,15,ADS,54.81,77.21514625959003,407.7216775985481,2226.3052493064797
5235,MADS132,a,15,ADS,55.09,117.68658582868596,721.4954139939763,1554.6034371042067
5236,MADS132,i,15,ADS,59.88792093305506,130.5016742305014,340.3530369747426,2449.792238044246
5237,MADS132,i,15,ADS,61.63002456467279,99.97543532720954,345.97887317458924,2441.1869902033263
5238,MADS132,a,15,ADS,63.14,109.58759291399645,657.6396748670757,1239.8939553072737
5239,MADS132,a,15,ADS,64.06866222394953,84.15528525144111,607.5770120460531,1284.204997906944
5241,MADS132,i,15,ADS,65.81,71.45057656565257,520.1685734480557,1829.6835773658804
5242,MADS132,u,15,ADS,68.90724832395219,106.10883792573134,500.1027530824283,1334.926690782201
5243,MADS132,o,15,ADS,77.88015573641057,119.84426358942812,554.0207389917736,984.6495053076383
5244,MADS132,u,15,ADS,78.33,113.27185033958642,337.63091953869906,730.2983886271991
5245,MADS132,o,15,ADS,81.88,107.17751564918387,535.3143142923354,1472.213921825135
5246,MADS132,æ,15,ADS,83.17451038542703,109.7677633714369,704.2715250437003,1677.6502530602168
5247,MADS132,o,15,ADS,83.72,95.2802091218814,589.3618700463087,1670.1008120212177
5248,MADS132,a,15,ADS,85.67,163.0869378559794,693.2575069539207,1298.0051539929668
5249,MADS132,e,15,ADS,86.56001933626206,119.98066373794813,620.1199512066079,1913.4414770196493
5250,MADS132,u,15,ADS,86.96,112.38744982007631,355.0147730175528,770.5349397515813
5251,MADS132,o,15,ADS,88.37,89.9999999999892,676.4712485215016,996.4061256007788
5252,MADS132,a,15,ADS,89.0,120.00000000000455,653.9970293120267,1251.269495982845
5253,MADS132,e,15,ADS,89.66,100.00000000000853,658.6268487926827,1737.5838320475232
5254,MADS132,o,15,ADS,90.59109354600616,130.50167423051562,549.1753583276173,1384.7407116846284
5255,MADS132,o,18,ADS,3.545638831027037,117.40214173028419,598.1928937259553,1308.7707564556333
5256,MADS132,e,18,ADS,4.726119440590108,88.5052900681842,537.8046288738849,2003.3792852605889
5257,MADS132,o,18,ADS,5.439036576678689,110.18005498284111,550.4340778198194,1308.9903986480265
5258,MADS132,i,18,ADS,6.740863287419172,85.76979434136422,357.18845087307216,2449.012586937065
5260,MADS132,u,18,ADS,9.18708099018353,79.47413802041048,355.71046024894315,809.9441055588602
5261,MADS132,u,18,ADS,9.464639871674946,191.46042341280634,344.1775472247608,912.8666423315861
5262,MADS132,i,18,ADS,10.05,90.96697422434907,364.75449641148333,2356.196018945386
5263,MADS132,æ,18,ADS,12.77,150.92701792382002,704.996822511926,1670.550612727328
5264,MADS132,æ,18,ADS,14.20160678477378,98.43955732073972,713.732804948054,1533.306957211199
5265,MADS132,æ,18,ADS,15.92067998068171,137.27351112615872,718.1496389972261,1592.0180331951283
5266,MADS132,u,18,ADS,16.46914727349386,205.91026668924073,406.3204397478006,758.8862588176457
5267,MADS132,e,18,ADS,18.16122310903608,86.69905965863123,659.8195216751149,1895.997339332281
5268,MADS132,æ,18,ADS,18.32,190.34772932270982,747.4896699368729,1757.7092775048327
5269,MADS132,u,18,ADS,18.91497391684497,111.98912028316954,366.45659600269937,791.0199091920404
5270,MADS132,æ,18,ADS,25.15,120.68819160547051,715.9766768434889,1664.3449586293405
5271,MADS132,u,18,ADS,26.03,160.1672520762385,419.73621977809154,800.0581435332539
5272,MADS132,u,18,ADS,26.85730029085453,172.69970914547272,540.7151044600982,1208.6484396344595
5273,MADS132,e,18,ADS,28.92557372249578,124.4262775042202,600.9062212878374,1880.1389266400993
5275,MADS132,e,18,ADS,30.96839701667993,91.60298332006889,704.6316926228197,1799.2374622965895
5276,MADS132,a,18,ADS,32.01,116.2997461235733,571.4742981053453,1356.3107460232561
5277,MADS132,o,18,ADS,32.83,120.00000000000455,510.09072031959664,907.6920678321138
5278,MADS132,o,18,ADS,34.72,79.9999999999983,588.7110077157294,1166.8918056682671
5279,MADS132,æ,18,ADS,37.13648894187396,113.51105812604345,713.0923250547139,1609.789133669278
5280,MADS132,i,18,ADS,37.59655997073734,100.24578773029447,400.0757919321187,2273.6456919348575
5281,MADS132,i,18,ADS,39.75430420332746,95.69579667254402,343.55176661505175,2289.77034365133
5282,MADS132,e,18,ADS,43.13167118269231,49.67133626275455,677.1100682075753,1956.1238195300925
5283,MADS132,a,18,ADS,43.37524035013942,110.18005498284111,674.6928756954787,1356.3374917073966
5284,MADS132,e,18,ADS,44.57677071342385,73.03339309726908,668.500713924668,1973.7029487249802
5285,MADS132,a,18,ADS,44.9208615357263,109.27693977806996,667.5340943783827,1311.9498986923566
5286,MADS132,a,18,ADS,46.26570911255879,121.01743744015891,615.5822308602817,1366.4685881304663
5287,MADS132,æ,18,ADS,48.16523801742903,101.14890293505852,670.6286836104864,1636.3785645783462
5288,MADS132,i,18,ADS,48.61947881531956,81.28036842995812,442.9697201617219,2160.257176881321
5289,MADS132,e,18,ADS,50.21819189586192,101.14890293507273,536.0261063347006,2012.957551253402
5291,MADS132,i,18,ADS,52.94191175422311,68.08824577688455,384.94472779720456,2230.723404885401
5292,MADS132,a,18,ADS,53.21282016554383,69.53987076785495,679.1137150088558,1457.0080705089283
5293,MADS132,i,18,ADS,58.46894440006903,111.05559993097103,350.797130277675,2492.9942106957155
5295,MADS132,æ,18,ADS,61.64041928460456,65.5640688032264,675.7458248741035,1771.861637059892
5296,MADS132,a,18,ADS,61.8793242430343,80.71158674397338,693.2332203331191,1231.3074361822817
5297,MADS132,a,18,ADS,62.44502634558366,88.50529006817709,636.0448829131471,1191.773358935035
5298,MADS132,u,18,ADS,64.35900509373035,41.54329941975732,508.12401776038246,1303.9501604588413
5299,MADS132,i,18,ADS,64.5161471393616,65.02429474397786,489.7924373550289,1790.7392395942154
5300,MADS132,u,18,ADS,67.65703469668563,106.56759416373518,348.96013955553815,737.4471368305478
5301,MADS132,o,18,ADS,75.30320292871559,111.98628539239053,489.3296687015851,939.1806380982704
5302,MADS132,o,18,ADS,76.15851259382477,90.31152047774071,522.9979062084282,1175.5101934585723
5303,MADS132,u,18,ADS,76.54,83.91943790987,446.15982103154306,743.4762026557503
5304,MADS132,o,18,ADS,79.76,92.34677442130135,582.1341143578167,1062.7306250314296
5305,MADS132,æ,18,ADS,81.94650384071758,129.46828776333064,765.5746704865753,1637.5965969276133
5306,MADS132,o,18,ADS,82.46,68.03702982703896,532.065398621076,1326.2337280949912
5307,MADS132,a,18,ADS,84.61008533722973,158.9482760408174,581.31155741607,1263.141889890428
5308,MADS132,e,18,ADS,85.91,100.00000000000853,617.3314470216709,1888.956151068375
5310,MADS132,o,18,ADS,87.96420418405863,95.7958159413721,693.662005226299,1619.5424218876672
5311,MADS132,a,18,ADS,88.63261563222233,102.05201813984388,639.3309422255293,1398.3033470467276
5312,MADS132,e,18,ADS,89.35,109.99999999999943,616.7668325155349,1871.7540196927494
5313,MADS132,o,18,ADS,90.4216897039764,137.2735111261818,602.6640417839152,1174.3853426517771
5314,MADS132,æ,6,ADS,2.55,118.07417118464602,868.1239122959736,1720.8433148540137
5315,MADS132,o,6,ADS,3.050769535990212,129.2304640097881,614.7591136257868,1324.132275861139
5316,MADS132,e,6,ADS,4.2,104.12234961644006,581.4050742398023,2006.911722999865
5317,MADS132,o,6,ADS,4.851071919670412,128.92808032958845,598.4032337563938,1299.7608118211137
5318,MADS132,i,6,ADS,6.11,89.99999999999986,331.3329599553348,2053.054954475467
5319,MADS132,u,6,ADS,7.570865016746216,259.0813752887238,303.73516770214223,1090.2461897173393
5320,MADS132,u,6,ADS,8.809689047367742,150.70746667121782,470.6269104904343,1051.207522023641
5321,MADS132,u,6,ADS,9.09,310.0000000000005,460.0819754732705,1026.9056451622034
5322,MADS132,i,6,ADS,9.75,70.00000000000028,371.0375688609098,2296.708428414225
5323,MADS132,æ,6,ADS,12.5,95.3115954385595,813.9445971733186,1612.3365916849946
5324,MADS132,æ,6,ADS,14.18,109.99999999999943,793.5172516761517,1485.113303230543
5325,MADS132,æ,6,ADS,16.00857738616898,111.42261383102081,721.4224224757115,1566.8882506582436
5326,MADS132,u,6,ADS,16.4570481874744,174.41425918130093,353.51788419661375,797.4326155219777
5327,MADS132,e,6,ADS,18.07,118.54847330948104,614.7498283870985,1698.1894090793467
5328,MADS132,æ,6,ADS,18.2207219774303,125.30733183898946,904.5682374428856,1580.086127282758
5329,MADS132,u,6,ADS,18.93505043954751,116.84062022824904,404.65104491295585,737.0546253699506
5330,MADS132,æ,6,ADS,25.44,132.0304554659586,984.9496628267764,1580.4208437881664
5331,MADS132,u,6,ADS,26.58940085057184,132.84259043228985,401.6168069413519,674.9401501473207
5332,MADS132,u,6,ADS,27.43,129.999999999999,423.54348308040926,837.4007128860442
5333,MADS132,e,6,ADS,30.0,120.000000000001,676.0545532100515,1856.189830219079
5334,MADS132,a,6,ADS,30.84,100.00000000000142,800.6466307368421,1441.35916288
5335,MADS132,e,6,ADS,32.25094731402281,105.49264534328984,720.2121176214998,1837.9332198429506
5336,MADS132,a,6,ADS,33.54853735780995,101.46264219005019,712.1362012496298,1411.702512465722
5337,MADS132,o,6,ADS,34.22,60.000000000002274,576.1819102752673,1160.2673848125683
5338,MADS132,o,6,ADS,35.76,81.00942023209967,617.6783709582523,1224.9287862297192
5339,MADS132,æ,6,ADS,39.89,109.99999999999943,795.2778543735429,1627.195535226909
5340,MADS132,i,6,ADS,40.3233449336658,96.65506633420051,383.11372108078103,2207.722673919992
5341,MADS132,i,6,ADS,42.28837299724041,102.88788866814258,344.4196983199987,2394.566911891361
5342,MADS132,e,6,ADS,48.95,68.5026214442459,624.2956933435105,1907.7713501837868
5343,MADS132,a,6,ADS,49.17546733290315,104.53266709684783,693.3607357726961,1467.4068309886347
5344,MADS132,e,6,ADS,49.70792251885565,54.73641220105918,604.0100621671602,1874.0630359739084
5345,MADS132,a,6,ADS,50.0,109.99999999999943,824.8290724132726,1393.675354140881
5346,MADS132,a,6,ADS,51.03,89.9999999999963,868.4967257390945,1546.8997479900522
5347,MADS132,æ,6,ADS,52.69819703605509,81.80296394490938,652.4505313809179,1574.6676074595005
5348,MADS132,i,6,ADS,53.07732718527121,70.83535696607157,397.7287636849523,2199.4249274173026
5349,MADS132,e,6,ADS,54.72718409709975,142.81590290024582,616.9796973824168,1920.7630680951504
5351,MADS132,i,6,ADS,56.8380271984753,49.10178153328815,276.63221397467726,2001.8531727743414
5352,MADS132,i,6,ADS,57.1060746288128,53.92537118719787,376.7861334592437,2208.4158776706313
5353,MADS132,a,6,ADS,57.35484729561754,118.32724402285777,716.9101868631404,1476.3105009449125
5354,MADS132,i,6,ADS,62.27933885341799,98.20356306659761,391.52130986084535,2514.3645573647145
5355,MADS132,i,6,ADS,63.88488274558566,82.9095655398362,342.2040580078736,2407.563761497276
5356,MADS132,æ,6,ADS,65.06473078907584,69.22546248956962,699.9195467872912,1631.5951818461526
5357,MADS132,a,6,ADS,65.2889305800213,89.34914344582978,676.1581109572539,1294.8323497969504
5358,MADS132,a,6,ADS,66.33202400906531,73.25019868081029,650.2278498126632,1255.6006481896886
5359,MADS132,u,6,ADS,67.7833105796448,55.54135943930305,371.2760806215076,1040.3953871671392
5360,MADS132,i,6,ADS,67.94430002729496,40.24736191253453,458.3132589570452,1771.1114274293013
5361,MADS132,u,6,ADS,71.26324769292775,96.75230707225069,421.5319874702052,978.3261498354659
5362,MADS132,o,6,ADS,80.46847915002755,141.5208499724514,505.0996234161405,1197.7324157923438
5363,MADS132,u,6,ADS,80.93,69.99999999999318,476.89599504709633,1107.039666360732
5364,MADS132,o,6,ADS,84.15,89.9999999999892,590.8590156804762,1061.5403589727134
5365,MADS132,æ,6,ADS,85.95902144843119,69.22546248955541,729.4838678044922,1657.9623457127857
5366,MADS132,o,6,ADS,86.37068905414672,78.88482934858132,661.6972688542229,1164.8498400586714
5367,MADS132,a,6,ADS,88.35684870102165,113.15129897835163,708.295456296071,1246.5467007930922
5368,MADS132,e,6,ADS,89.53,99.99999999999432,611.5087490103526,1864.2754544940399
5369,MADS132,u,6,ADS,89.89,98.74209838163495,485.86768769352784,716.9578684193266
5370,MADS132,o,6,ADS,91.34,79.9999999999983,466.21626707094305,1257.9059522348202
5371,MADS132,a,6,ADS,91.96062340000982,89.37659999017455,630.6680546130762,1266.0223145169823
5372,MADS132,e,6,ADS,92.59,90.00000000000341,628.1887297123117,1737.2781470351836
5373,MADS132,o,6,ADS,93.83332335922032,103.83819373436154,597.5666413680922,1273.78065056616
5374,MADS133,æ,15,ADS,2.12,51.473650547063876,549.055651831479,1384.0608446361325
5375,MADS133,o,15,ADS,2.526104298202539,109.13807938164722,505.8799020351398,874.6482009673747
5376,MADS133,e,15,ADS,3.80376506661757,55.14874851978702,552.9744667115233,1925.0440229711514
5377,MADS133,o,15,ADS,4.39045781195247,89.54218804753023,521.5283491157201,1127.7353730752825
5378,MADS133,i,15,ADS,5.92,60.0000000000005,366.43892827246225,2418.093807096148
5379,MADS133,u,15,ADS,7.269169887381128,150.83011261887157,372.4719401435462,783.7217498876767
5380,MADS133,u,15,ADS,8.25,89.99999999999986,404.24881078362466,830.6645922544229
5381,MADS133,u,15,ADS,8.517947645392235,142.05235460776498,445.7317451144157,747.2743649417853
5382,MADS133,i,15,ADS,9.107749840930165,92.25015906983458,370.193748987185,2230.4491767443415
5383,MADS133,æ,15,ADS,11.90780698106532,143.3490606993395,804.7266925928665,1657.2615408658567
5384,MADS133,æ,15,ADS,13.24,109.99999999999943,780.5159491695666,1484.7067997613585
5385,MADS133,æ,15,ADS,14.85255835555213,103.77416664123906,771.3695694578117,1606.770315772352
5386,MADS133,u,15,ADS,15.29,120.000000000001,388.54256173648093,744.1980221936524
5387,MADS133,e,15,ADS,17.81808643832149,96.73862991979121,641.5773952732906,2138.536120473537
5388,MADS133,æ,15,ADS,18.00628704562,143.71295437999976,842.4336788179361,1592.8245835232246
5389,MADS133,u,15,ADS,18.71767188792934,72.32811207066092,364.82342837935295,808.6038010650385
5390,MADS133,æ,15,ADS,25.38,140.00000000000057,771.4433825729604,1642.5320976538233
5391,MADS133,u,15,ADS,26.76,99.99999999999787,506.7556526664761,940.1947591860526
5392,MADS133,u,15,ADS,27.68,116.65967204679006,442.5667469013921,870.2665015285844
5393,MADS133,e,15,ADS,30.35,99.99999999999787,535.4058737345819,1790.3875904983963
5394,MADS133,a,15,ADS,31.30172503274953,111.68914545286057,612.1236898395064,1147.947750425928
5395,MADS133,e,15,ADS,32.46,79.9999999999983,769.2436103769339,1794.652678717988
5396,MADS133,a,15,ADS,33.66,142.90946947154026,555.0343365497743,1145.4612267405782
5397,MADS133,o,15,ADS,34.43,114.05773559894783,545.3614852352699,1072.7970776808434
5398,MADS133,o,15,ADS,36.13,78.01419125354414,552.8446256270599,1163.9631278525005
5399,MADS133,æ,15,ADS,39.24584882005138,94.15117994862499,777.0621881702881,1612.66311844791
5400,MADS133,i,15,ADS,39.71964757954793,94.9797457394368,377.34792848570464,2559.773328541642
5401,MADS133,i,15,ADS,41.75604731600181,83.95268399819145,360.00014282140427,2478.352845742753
5402,MADS133,e,15,ADS,45.62847159959661,111.52840040339385,546.206752711948,2071.1087287969153
5403,MADS133,a,15,ADS,45.91,124.41571090126047,628.2510934408857,1295.2270774340366
5404,MADS133,e,15,ADS,46.66,88.98841968952098,583.8390632092601,1953.4323801194582
5405,MADS133,a,15,ADS,47.01,100.00000000000142,697.1040125966801,1292.2226151128314
5406,MADS133,a,15,ADS,48.44,110.63269423487299,685.0320965298525,1336.0114508552847
5407,MADS133,æ,15,ADS,50.48553934474342,110.80970336266915,793.6548561605116,1630.2204251413636
5408,MADS133,i,15,ADS,50.94754811149298,82.45188850702334,363.0965228797222,2430.5229795762802
5409,MADS133,e,15,ADS,52.75592536457083,64.07463542917213,520.8997040662922,1958.7174835010685
5410,MADS133,e,15,ADS,53.65691245278443,71.23480930457049,636.2546187511103,1866.3629175086871
5411,MADS133,i,15,ADS,55.13956623061389,54.525409591150265,391.26837638000427,2040.959212397283
5412,MADS133,a,15,ADS,55.39,110.9340098154803,658.4055455723285,1297.6989207410104
5413,MADS133,i,15,ADS,61.62599052049321,104.00947950678585,365.19502847207957,2507.83724275777
5414,MADS133,i,15,ADS,63.42,119.99999999999744,352.07451038681376,2371.9965087264636
5415,MADS133,æ,15,ADS,64.76743436499143,88.82365110818569,845.2628540865076,1656.362669445682
5416,MADS133,a,15,ADS,65.04,79.9999999999983,666.1847143784217,1220.5712031776234
5417,MADS133,a,15,ADS,66.26,79.9999999999983,731.0345099242962,1375.0327821616768
5418,MADS133,o,15,ADS,68.29,50.327030193301425,470.4226584344755,1207.901336745154
5419,MADS133,u,15,ADS,71.512359053214,87.64094678599577,332.21947574607333,818.4317809763777
5420,MADS133,o,15,ADS,80.10265224968764,187.3477503123695,525.4498925826474,1180.0852917683435
5421,MADS133,u,15,ADS,80.71,109.99999999999943,473.2803151534555,722.6346979343381
5422,MADS133,o,15,ADS,84.2,69.99999999999318,525.117571316832,1129.9762647986088
5423,MADS133,æ,15,ADS,85.79,109.99999999999943,784.6720649922206,1663.7686874038868
5424,MADS133,o,15,ADS,86.34,99.99999999999432,566.8466339021536,1150.9587619695274
5425,MADS133,a,15,ADS,88.56,149.99999999999147,652.3940026545629,1231.5547947547825
5426,MADS133,e,15,ADS,90.24,109.99999999999943,568.6876204131996,1851.9420171617214
5427,MADS133,u,15,ADS,90.71,109.99999999999943,362.46300435595174,737.8360684270838
5428,MADS133,o,15,ADS,91.97,70.00000000000739,440.83266716648023,1212.1267585773128
5429,MADS133,a,15,ADS,92.7,129.99999999999545,657.2849683008512,1191.371648803766
5430,MADS133,e,15,ADS,93.47,99.99999999999432,681.7633443894755,1725.4432258324607
5431,MADS133,o,15,ADS,94.3991952272796,90.80477272038934,496.0385985792003,1071.5451036671948
5432,MADS133,æ,18,ADS,2.193695839006636,49.67133626275589,683.8051365450457,1702.5761552178064
5433,MADS133,o,18,ADS,2.550400194781216,89.5998052187843,568.0117966079252,1004.2239174819179
5434,MADS133,e,18,ADS,3.73,107.11973477077485,554.9434007076641,2109.0669528861895
5435,MADS133,o,18,ADS,4.315910395204208,99.34267252551265,553.5915136046902,1028.1363649317573
5436,MADS133,i,18,ADS,5.682269825228083,80.37725322518784,340.4087252006113,2472.3416108878605
5437,MADS133,u,18,ADS,6.88,190.17325880458725,342.6965823978437,654.0702532454454
5438,MADS133,u,18,ADS,8.300653868367663,69.3461316323365,389.9079416618747,787.2827967477183
5439,MADS133,u,18,ADS,8.570516733091216,219.48326690878338,427.91030162115163,879.5410045003845
5440,MADS133,i,18,ADS,9.331573753166357,87.60217486340593,370.1269826050113,2234.572268006904
5441,MADS133,æ,18,ADS,12.07,138.52919278721032,883.1096080369992,1671.3131940201472
5442,MADS133,æ,18,ADS,13.4112590187325,79.47413802041048,807.6154783757826,1516.2293150908147
5443,MADS133,æ,18,ADS,14.99457847388056,94.82709650163024,681.2632447424858,1503.3643255830686
5444,MADS133,u,18,ADS,15.4,129.14990103261027,375.80605473105487,740.3712337639847
5445,MADS133,e,18,ADS,17.2510443035651,88.9556964349012,617.3475470428366,2059.1327056565888
5446,MADS133,æ,18,ADS,17.41,179.99999999999972,1014.1655767669952,1677.6520363613765
5447,MADS133,u,18,ADS,18.16860652212794,86.69905965863833,364.29870582719394,811.1518512596174
5448,MADS133,æ,18,ADS,24.37,123.86822844500855,898.9758940965265,1700.4118005446878
5449,MADS133,u,18,ADS,25.72,128.54104641069952,369.07341751942454,755.6392926832452
5450,MADS133,e,18,ADS,28.71117331971452,78.82668028548068,718.7667584870409,1795.9308115275337
5451,MADS133,a,18,ADS,29.57167636865307,79.47413802041225,841.3701904873964,1312.6372201492586
5452,MADS133,e,18,ADS,30.78655823200466,83.44176799534253,772.7593215237943,1817.2408921107713
5453,MADS133,a,18,ADS,32.19,96.16717259140017,728.5340958368567,1151.7990377581377
5454,MADS133,o,18,ADS,32.85362887510689,96.3711248931105,570.4163916245021,1176.3741705203095
5455,MADS133,o,18,ADS,34.11878993146166,79.47413802041581,569.4744585263777,1191.3638562534197
5456,MADS133,i,18,ADS,37.64,89.73792541716819,388.17086090411175,2513.9357950470826
5457,MADS133,i,18,ADS,39.34561019485032,74.38980514967852,335.3317497516705,2616.575612747466
5458,MADS133,e,18,ADS,42.81769524459739,80.37725322519407,639.7090448511238,2243.7243286964217
5459,MADS133,a,18,ADS,43.10940145574049,102.35453176458975,597.4699915355617,1267.3091620636424
5460,MADS133,e,18,ADS,44.04120397541296,48.79602458704113,631.873791561096,2251.87891518158
5461,MADS133,a,18,ADS,44.36,142.09524347418778,801.540861943693,1285.27626038631
5462,MADS133,a,18,ADS,45.84,118.30802378811711,816.6435479743617,1329.9517030751072
5463,MADS133,æ,18,ADS,48.13,82.84408014282008,728.777498380783,1557.518246051951
5464,MADS133,i,18,ADS,48.59081450137841,78.57102281563755,401.3364396827665,2157.4800399502437
5465,MADS133,e,18,ADS,50.29300328112903,100.24578773030157,567.5041150927423,1957.3774148460989
5466,MADS133,e,18,ADS,51.24121753105037,109.27693977806285,561.9205064492965,1785.4810946817242
5467,MADS133,i,18,ADS,52.45,42.16886207746029,344.07878546522375,2416.7006533308795
5468,MADS133,a,18,ADS,52.99745079169522,92.54920830478142,655.7419379703085,1270.5049825820292
5469,MADS133,i,18,ADS,58.32345081588605,120.11432223539487,323.4803342040522,2592.645266922386
5470,MADS133,i,18,ADS,60.36616349857172,107.47070936850633,323.35685554311914,2533.1268947068675
5471,MADS133,æ,18,ADS,61.94014630781587,69.71369341101763,743.512623654147,1580.5248438063231
5472,MADS133,a,18,ADS,62.19,101.06692005263085,708.0905096561718,1341.132990260592
5473,MADS133,a,18,ADS,63.50479988046904,88.5052900681913,615.6239406942893,1143.0253084706321
5474,MADS133,o,18,ADS,65.38,40.00000000000625,563.738280508243,1135.4597312690016
5475,MADS133,u,18,ADS,68.86234212628106,109.27693977806996,301.3064265726612,849.878408173297
5476,MADS133,o,18,ADS,77.89749429889768,89.38225516047282,409.14942216715343,947.3356580917017
5477,MADS133,u,18,ADS,78.21333316305792,126.66683694207848,345.8021831158006,804.0918773803857
5478,MADS133,o,18,ADS,82.02,108.33005277757479,666.2610797061493,1002.6970592727102
5479,MADS133,æ,18,ADS,83.5082330971874,96.271290900944,757.2922197072039,1582.2123887563314
5480,MADS133,o,18,ADS,83.96301238517654,108.3738245732917,674.8289031370559,1213.1754157161936
5481,MADS133,a,18,ADS,86.08796527739138,132.0347226086227,620.2474537670132,1170.8421942126092
5482,MADS133,e,18,ADS,87.25,109.99999999999943,548.0330309619334,1733.120963331131
5484,MADS133,o,18,ADS,88.80970148329865,61.41183392486482,529.6199120616616,1042.559481718704
5485,MADS133,a,18,ADS,89.60327065074573,109.27693977805575,702.0670908668872,1325.6024731231091
5486,MADS133,o,18,ADS,91.34037274007636,98.43955732071663,277.2770336683091,977.987824901458
5487,MADS133,æ,6,ADS,4.222294015191772,60.87103515616121,897.3345174987603,1678.7756805895565
5488,MADS133,o,6,ADS,4.616580205668448,113.220125390459,508.4719697544298,874.4787314835521
5489,MADS133,e,6,ADS,5.334639677734338,61.47974550772428,593.4778447884858,1849.8735887858456
5490,MADS133,o,6,ADS,5.919166882093837,110.83311790616347,594.3678077037117,1072.1062756130934
5491,MADS133,i,6,ADS,6.978169542825861,70.00169042958592,308.029712403203,2200.2592983043724
5492,MADS133,u,6,ADS,8.193741547492479,156.2584525075206,334.32146680250344,651.6440462774123
5493,MADS133,u,6,ADS,9.679548848150397,190.0151215809114,436.0511749290223,998.3557034881289
5494,MADS133,i,6,ADS,10.29,59.00779239753007,391.7737850127956,2149.959088361422
5495,MADS133,æ,6,ADS,12.78329046220727,126.70953779272942,956.0032183452691,1650.6444916047856
5497,MADS133,æ,6,ADS,15.65004995730686,90.08913203111923,638.0762631810472,1527.4314046869285
5498,MADS133,u,6,ADS,16.02,100.00000000000142,467.26024682008824,1453.1701964183796
5499,MADS133,e,6,ADS,17.6613716583249,104.08947011704228,608.2686330340955,1967.5383921471223
5500,MADS133,æ,6,ADS,17.84196722371388,136.35111874980055,938.0380084117445,1608.6937749431036
5501,MADS133,u,6,ADS,18.54641036733103,75.48008359363934,414.76140051426887,762.331031924497
5502,MADS133,æ,6,ADS,24.61,166.04678625911973,923.2667612753933,1644.9558094025963
5503,MADS133,u,6,ADS,26.03267650274752,142.05300428017864,384.97193518325287,725.1830960689176
5504,MADS133,u,6,ADS,26.91,120.000000000001,397.8258337650409,700.971769881313
5505,MADS133,e,6,ADS,28.79,120.000000000001,712.348898188418,1926.9535096438042
5506,MADS133,a,6,ADS,29.64021584347413,109.37545225102951,787.474393852436,1277.0051077756827
5507,MADS133,e,6,ADS,30.84,120.000000000001,816.7057801937164,1825.0377083257513
5508,MADS133,a,6,ADS,31.95628991099741,129.49640808966834,777.889268711088,1221.5033950496716
5509,MADS133,o,6,ADS,32.69,90.00000000000341,533.7247489048596,1145.2303097215859
5510,MADS133,o,6,ADS,34.34,109.99999999999943,524.7278122508006,856.7450932435868
5511,MADS133,æ,6,ADS,37.24968881831195,122.27350086552491,791.6704171406402,1580.6005666564902
5512,MADS133,i,6,ADS,37.67437734387731,105.2480766943873,369.03111080669197,2614.7513918421746
5513,MADS133,i,6,ADS,39.6347049182495,103.70031086064557,341.493222429118,2635.8985460885374
5514,MADS133,e,6,ADS,43.04790740570281,82.09259429719395,696.6911183910979,1930.070557127254
5515,MADS133,a,6,ADS,43.30429549572595,119.69389114264573,711.7530899622337,1298.1554035741685
5516,MADS133,e,6,ADS,44.14718323237842,60.87878946048164,624.5392094583165,1918.4938067065916
5517,MADS133,a,6,ADS,44.47,140.00000000000057,835.0614438871081,1286.714036505316
5518,MADS133,a,6,ADS,45.73,100.00000000000142,821.1388205129665,1355.104584615097
5519,MADS133,æ,6,ADS,47.35846768513281,111.43914002935418,830.0394951711557,1632.3029866029797
5520,MADS133,i,6,ADS,47.7791648793923,83.06343307745578,397.95251433653317,2385.923002876595
5521,MADS133,e,6,ADS,49.38,89.9999999999963,613.674007042368,1843.7930155803547
5523,MADS133,i,6,ADS,51.38,39.99999999999915,395.1796578075874,2474.678905625952
5524,MADS133,i,6,ADS,51.69007297509793,65.5220869617068,354.8612498187129,2523.2665089915436
5525,MADS133,a,6,ADS,51.97521769597516,104.78230402483746,740.376717862447,1294.369267045877
5526,MADS133,i,6,ADS,57.14159096952197,118.40903047802698,305.9030939211367,2571.4860197665357
5527,MADS133,i,6,ADS,59.21,79.9999999999983,390.25170790265537,2554.8594983724993
5528,MADS133,æ,6,ADS,60.49,114.24033710422066,798.6722307122062,1682.640074744713
5529,MADS133,a,6,ADS,60.8,60.000000000002274,622.0457507673398,1125.6450046965952
5530,MADS133,a,6,ADS,61.67,79.9999999999983,618.8948702284521,1227.9676038049065
5531,MADS133,o,6,ADS,63.06,49.99999999999716,568.0303385723988,1393.7469067441107
5532,MADS133,i,6,ADS,63.24,47.4069957255665,489.047836910925,1852.508895662822
5533,MADS133,u,6,ADS,65.91553325937768,84.46674062231807,459.1717466470324,1334.5596136553586
5534,MADS133,o,6,ADS,73.38012242779358,139.87757220641583,527.5891317035065,918.2997279765015
5535,MADS133,u,6,ADS,73.69,107.29161798900577,354.28098087591593,723.6518823102448
5536,MADS133,o,6,ADS,76.9,79.9999999999983,734.1031765605704,1277.671805657398
5537,MADS133,æ,6,ADS,78.3893562839289,90.64371607109933,733.7506793460766,1697.1873300361592
5538,MADS133,o,6,ADS,78.86,99.99999999999432,698.1331081015567,1209.291575996669
5539,MADS133,a,6,ADS,80.8,130.00000000000966,647.0073115853039,1311.2251595003347
5540,MADS133,e,6,ADS,82.01,118.73692241299239,616.0379805149688,1907.4128978927654
5541,MADS133,u,6,ADS,82.42,99.92909643584369,344.6554672764502,819.5037854773667
5542,MADS133,o,6,ADS,83.78,69.99999999999318,573.8570863992628,1403.5156486223568
5543,MADS133,a,6,ADS,84.35914447190493,110.85552809507249,677.9407553216236,1339.2510662503687
5544,MADS133,e,6,ADS,85.3,100.00000000000853,760.8211904334598,1815.0798657903695
5545,MADS133,o,6,ADS,86.35,99.08538882530138,511.14497962347866,1280.7250668465506
5546,MADS134,æ,6,ADS,1.67,93.16901583670712,965.9344234133144,1643.3301655126475
5547,MADS134,o,6,ADS,2.127894659884849,142.10534011515108,689.7412200876724,1165.686203838636
5548,MADS134,e,6,ADS,2.93,159.9999999999997,656.9339218052646,1780.786659673138
5549,MADS134,o,6,ADS,3.703452811407668,121.62260790662494,642.5473670671884,1325.4651076070002
5550,MADS134,i,6,ADS,4.841129837307529,128.8701626924711,363.8967870623501,2201.292677490964
5551,MADS134,u,6,ADS,6.46,150.00000000000034,363.14316299019896,726.8578022990254
5552,MADS134,u,6,ADS,7.52,170.00000000000082,467.69734709362604,921.7832269056212
5553,MADS134,u,6,ADS,7.88,158.36810918783596,525.5606819472018,1088.653621895268
5554,MADS134,i,6,ADS,8.35,110.00000000000121,430.7138808599936,2112.6652447513297
5555,MADS134,æ,6,ADS,11.47,109.99999999999943,815.6195601501472,1576.2468703490415
5556,MADS134,æ,6,ADS,12.49,119.99999999999922,734.843700261788,1513.931560373967
5557,MADS134,æ,6,ADS,14.12,80.00000000000007,734.3465421877712,1530.6822600549763
5558,MADS134,u,6,ADS,14.60561739635705,144.3826036429492,462.28832758622036,903.0478976778476
5559,MADS134,e,6,ADS,17.05,99.99999999999787,548.112297127549,2023.4624715813038
5560,MADS134,æ,6,ADS,17.25,139.25777722916166,832.8973907318504,1555.6713101221794
5561,MADS134,u,6,ADS,17.82429078872611,115.70921127389155,429.23923597494814,1173.8887124590551
5562,MADS134,æ,6,ADS,24.86,120.000000000001,841.9987302650683,1642.3734324031668
5563,MADS134,u,6,ADS,26.37,189.99999999999773,329.60702676044355,861.9613560567859
5564,MADS134,u,6,ADS,27.46,140.00000000000057,390.35735313286654,766.9623878506377
5565,MADS134,e,6,ADS,30.82,219.99999999999886,711.6670512572115,1779.8116879583258
5566,MADS134,a,6,ADS,32.13,119.99999999999744,883.9457123007724,1320.0700116188877
5567,MADS134,e,6,ADS,33.65,109.99999999999943,713.3768228501981,1697.4796496076583
5568,MADS134,a,6,ADS,34.88,109.99999999999943,824.7984919357614,1255.487236265464
5569,MADS134,o,6,ADS,35.78,109.99999999999943,570.6558241264162,1107.550784315286
5570,MADS134,o,6,ADS,37.6109489794427,105.16216175557958,555.4395094863693,1282.0242357614386
5571,MADS134,æ,6,ADS,40.71057729531343,129.42270468657568,808.128388004011,1594.6241528475966
5572,MADS134,i,6,ADS,41.25798068777458,112.01931222542072,403.0740949132675,2364.674008855297
5573,MADS134,i,6,ADS,43.27945833687531,100.54166312469448,361.5771469226715,2376.4344499363933
5574,MADS134,e,6,ADS,47.38322111814933,125.10670967473914,673.0311518763544,1782.6530175789349
5575,MADS134,a,6,ADS,47.66386045087068,124.20013931478024,784.754627132776,1403.9342542649968
5576,MADS134,e,6,ADS,48.57,89.9999999999963,636.7836580180942,1779.2576906303022
5577,MADS134,a,6,ADS,48.96,109.99999999999943,749.4106392743249,1270.3151989135763
5578,MADS134,a,6,ADS,50.33,95.6758741485828,792.5790608209016,1220.5001784350836
5579,MADS134,æ,6,ADS,53.10837201867604,81.62798132395466,718.0922682673963,1500.7012737273083
5580,MADS134,i,6,ADS,53.61224475033632,105.16216175557958,417.27560103258196,2217.3661904562287
5581,MADS134,e,6,ADS,55.45,159.9999999999966,661.6356121297492,1745.3611277177552
5582,MADS134,e,6,ADS,56.62,117.05522942038016,563.7869543815657,1946.426969810794
5583,MADS134,i,6,ADS,57.83,53.41576357589872,400.33259557136944,2247.1687883273594
5584,MADS134,i,6,ADS,58.15720001228439,56.20736231763601,410.00154950047903,2055.546393519058
5585,MADS134,a,6,ADS,58.39,100.57788907801779,796.4122667197043,1463.9709073136842
5586,MADS134,i,6,ADS,64.10490247353981,135.0975264601857,436.9820484417114,2407.686998831928
5587,MADS134,i,6,ADS,66.09,119.7769539957676,366.73040149058016,2393.6366204970186
5588,MADS134,æ,6,ADS,67.44,163.26428459937858,942.8412093029198,1529.2142618633488
5589,MADS134,a,6,ADS,67.94683152574086,103.16847425913522,712.2211757495938,1194.9359492061665
5590,MADS134,a,6,ADS,69.1,95.86688448305836,690.4303702496002,1226.4376968217873
5591,MADS134,o,6,ADS,71.07,70.00000000000739,657.2880397513597,1297.4157678429376
5592,MADS134,i,6,ADS,71.4,39.99999999999204,462.54404489267984,1615.4401116048314
5593,MADS134,u,6,ADS,74.23821055964457,105.83438357690511,396.65890563267453,853.220584090564
5594,MADS134,o,6,ADS,82.6518678834938,154.34180938298425,561.7332129619683,1187.7012575549356
5595,MADS134,u,6,ADS,83.14,159.9999999999966,367.41125662753205,854.3971194507828
5596,MADS134,o,6,ADS,86.63,90.00000000000341,666.9261171934451,1204.9142149022075
5597,MADS134,æ,6,ADS,88.51,149.38616857624254,905.6180713113988,1543.7369336813786
5598,MADS134,o,6,ADS,89.21,90.00000000000341,669.8825282048995,1199.7334586165446
5599,MADS134,a,6,ADS,91.70522028737912,174.77971262087522,790.9523291492228,1252.3052534735864
5600,MADS134,e,6,ADS,92.96,109.99999999999943,648.7727483354188,1681.4491315670646
5601,MADS134,u,6,ADS,93.37,125.80265600728069,353.63072444239015,819.0533670416609
5602,MADS134,o,6,ADS,94.62807298710054,111.92701289945717,603.0560149976238,1169.5903328530148
5603,MADS134,a,6,ADS,95.49,109.99999999999943,776.8424223062583,1307.630339113798
5604,MADS134,e,6,ADS,96.6,100.00000000000853,831.049425536308,1703.6845012935066
5605,MADS134,o,6,ADS,97.65063744985017,149.36255014983146,620.1741464218774,1134.217343573296
5606,MADS134,æ,9,ADS,5.143116238512107,73.51573468638418,755.4913185637301,1703.043259347426
5607,MADS134,o,9,ADS,5.584210646630413,115.24088140027811,626.6055749410248,1295.5611795560965
5608,MADS134,e,9,ADS,6.615367661284744,73.51573468638328,584.1272313643179,1791.4440029291727
5609,MADS134,o,9,ADS,7.302363586382974,112.2605137778585,578.3052019900581,1368.019693288324
5610,MADS134,i,9,ADS,8.42,169.99999999999994,369.3941382078897,2344.1021842705995
5611,MADS134,u,9,ADS,10.42,169.99999999999994,403.1022592096452,769.5474135578793
5612,MADS134,u,9,ADS,11.56,259.9999999999998,435.19362239087036,862.7707886302387
5613,MADS134,u,9,ADS,12.02499202143879,118.22124902270126,468.1708185858133,1116.1868494875491
5614,MADS134,i,9,ADS,12.43,80.00000000000007,487.0800300496632,2040.2279792561535
5615,MADS134,æ,9,ADS,15.39,130.03191710629025,721.9923499594656,1632.6587171351525
5617,MADS134,æ,9,ADS,18.02431369081936,115.68630918064216,784.7116772446838,1663.032356473846
5618,MADS134,u,9,ADS,18.53,145.5777036182404,372.23576011120866,788.5316555070593
5619,MADS134,e,9,ADS,21.37903606905697,71.52882293810237,538.4798696178742,1863.9442095555585
5620,MADS134,æ,9,ADS,21.53202827367458,116.23433727442034,901.6767806462726,1593.2445806286871
5621,MADS134,u,9,ADS,22.16182417663087,141.07073412792204,401.61875588027954,723.3893863420899
5622,MADS134,æ,9,ADS,29.09,140.00000000000057,761.2511759577635,1684.5862377225728
5623,MADS134,u,9,ADS,30.06,200.00000000000284,481.2760536873737,918.7222766870744
5624,MADS134,u,9,ADS,31.1,99.99999999999787,403.9272614287423,888.4340664626264
5625,MADS134,e,9,ADS,33.91105003118862,158.94996881137757,732.5200182600641,1818.5593645223767
5626,MADS134,a,9,ADS,34.85,129.9859296846151,863.3922327698536,1379.540561287929
5627,MADS134,e,9,ADS,36.88334701913078,126.65298086921695,715.8909743785034,1533.4706063025378
5628,MADS134,a,9,ADS,38.24,157.8365661391885,870.9240223507531,1342.733711109522
5629,MADS134,o,9,ADS,39.35349093435884,110.27360202957226,636.0449755762064,1237.2499635647157
5630,MADS134,o,9,ADS,40.35319015918047,116.80984081952772,601.1146828021143,1281.631351200877
5631,MADS134,æ,9,ADS,45.17,100.00000000000142,704.7841713085594,1735.1325688923012
5632,MADS134,i,9,ADS,45.6287255369498,111.27446305020072,432.0257706645764,2351.8950045010156
5633,MADS134,i,9,ADS,47.62977316165618,89.41102867262885,363.026311733635,2098.335107030916
5634,MADS134,e,9,ADS,51.78895949731654,124.1819842675369,736.6612919084323,1810.900896148712
5635,MADS134,a,9,ADS,52.11,109.99999999999943,749.5283277326662,1411.2592158339019
5636,MADS134,e,9,ADS,52.88947824377859,170.87441035212692,643.8952464967135,1738.4231266067695
5638,MADS134,a,9,ADS,54.73,80.0000000000054,817.0988686511375,1348.5553887067326
5639,MADS134,æ,9,ADS,57.11724059537899,74.50919056053351,681.2331483495709,1638.6268172127675
5640,MADS134,i,9,ADS,57.56532663233128,99.34558741403521,379.17186762468003,2221.984557907516
5641,MADS134,e,9,ADS,59.28778125517481,142.06419000207404,666.5653265064747,1899.248582501838
5642,MADS134,e,9,ADS,60.41150984550622,112.26051377786206,572.4153541384782,1822.412199483172
5643,MADS134,i,9,ADS,61.71011916885604,69.88083114396204,367.55481416411664,2320.468793704355
5644,MADS134,a,9,ADS,61.99403980885372,96.36521979160761,747.9089077431623,1426.670918244224
5645,MADS134,i,9,ADS,67.39984296426864,120.15703573135283,433.3737774085785,2367.8890620637517
5646,MADS134,i,9,ADS,69.6,118.92152683330437,356.06048350135956,1868.415711823052
5647,MADS134,æ,9,ADS,70.74481096314679,98.3521315398832,797.5246765427207,1690.3869188696303
5648,MADS134,a,9,ADS,71.08,103.91845951681944,718.9596058874074,1206.576623801353
5649,MADS134,a,9,ADS,71.73,108.97611643014216,718.7578598981688,1201.6809266147732
5650,MADS134,o,9,ADS,73.97853946474558,58.61389657428617,625.3953801047787,1200.237208508112
5651,MADS134,u,9,ADS,77.80635457908025,84.44374930192566,384.67667145031476,829.2314608247347
5652,MADS134,o,9,ADS,87.72074023888284,119.25976111716352,567.5439438558861,1242.1822742484183
5653,MADS134,u,9,ADS,88.13,100.00000000000853,426.98675987179564,1077.3117864092117
5654,MADS134,o,9,ADS,91.26,99.68355608810953,663.2252364422824,1110.4864453604782
5655,MADS134,æ,9,ADS,92.89726776592322,343.73573245255784,907.8956915649778,1613.4266893877368
5656,MADS134,o,9,ADS,93.73,89.56011443495981,526.6944435197768,1170.6026280384526
5657,MADS134,a,9,ADS,96.0606686404644,218.56029231088314,761.8420548385131,1296.7900927451049
5658,MADS134,e,9,ADS,96.88,90.00000000000341,674.97283117465,1808.5212793971937
5659,MADS134,u,9,ADS,97.24861150385075,100.33904328818721,394.06098437918445,785.5171297636099
5660,MADS134,o,9,ADS,98.53,90.00000000000341,644.6392035016452,1331.3848272359585
5661,MADS134,a,9,ADS,99.35436485327575,126.16889601584091,802.8253819492866,1443.7292908519971
5662,MADS134,e,9,ADS,100.26,89.9999999999892,720.1638399154243,1767.1311207208373
5663,MADS134,o,9,ADS,101.3228962339359,97.10376606410875,571.7785396319097,1148.0647427718352
5664,MADS135,æ,15,ADS,2.256080041363382,70.40251783403218,908.4119310400496,1640.2071222146478
5665,MADS135,o,15,ADS,2.818279857690217,131.7201423097831,542.0307963606153,968.5564874704797
5666,MADS135,e,15,ADS,3.612506070103457,107.49392989654316,619.8634489048391,2075.7960888006496
5667,MADS135,o,15,ADS,4.442413067106151,127.58693289384925,520.3696472964533,976.800700529615
5668,MADS135,i,15,ADS,5.31,120.00000000000011,375.5351476808377,2583.2078275757867
5669,MADS135,u,15,ADS,6.74,246.81612782051053,476.9444028701008,777.1135806681776
5670,MADS135,u,15,ADS,7.76,95.01653982184254,393.00402235525075,870.5502025928081
5671,MADS135,u,15,ADS,8.05,169.99999999999994,471.36398084117803,883.5834938276771
5672,MADS135,i,15,ADS,8.59,89.99999999999986,468.95069601994226,2149.406123236001
5673,MADS135,æ,15,ADS,12.02,140.00000000000057,892.4892807692736,1624.374158226518
5674,MADS135,æ,15,ADS,13.4,129.999999999999,787.5715620588538,1617.0159345025788
5675,MADS135,æ,15,ADS,15.21,149.99999999999858,847.560283771864,1710.7745807461065
5676,MADS135,u,15,ADS,15.81,179.99999999999972,491.9915533290756,976.2717264059663
5677,MADS135,e,15,ADS,17.61,93.98531241188124,637.7415685552025,2002.8055045642307
5678,MADS135,æ,15,ADS,17.82,160.00000000000014,974.6764956028428,1678.5534519769692
5679,MADS135,u,15,ADS,18.49275993151285,119.37818241421994,429.52608277882956,796.2436058820094
5680,MADS135,æ,15,ADS,24.81,160.00000000000014,912.7000343218207,1303.9314056429816
5681,MADS135,u,15,ADS,26.32,210.00000000000085,444.11821218256927,1089.932621624402
5682,MADS135,u,15,ADS,27.44,259.999999999998,414.01141860686016,742.7019584919486
5683,MADS135,e,15,ADS,30.19,149.99999999999858,574.4648453618306,1817.2713857028675
5684,MADS135,a,15,ADS,31.26795691322797,141.82536201348128,786.4658187333032,1266.2613519666115
5685,MADS135,e,15,ADS,32.87,120.00000000000455,642.0656761192012,1984.4220794508176
5686,MADS135,a,15,ADS,34.01,144.26337033944492,696.0362149921531,1176.2015690227652
5687,MADS135,o,15,ADS,34.92,156.92383591386516,561.6668777501422,1030.2946346024626
5688,MADS135,o,15,ADS,37.01,126.60844937246196,599.5759586996409,975.2722070933168
5689,MADS135,æ,15,ADS,40.80477033639033,175.22966360967018,933.3763383022541,1671.0578356098822
5690,MADS135,i,15,ADS,41.44961550760606,130.38449239393657,402.2661341123443,2548.6600514043043
5691,MADS135,i,15,ADS,44.10663614449231,203.3638555076891,372.5138713526614,2732.436505907199
5692,MADS135,e,15,ADS,47.8740244988298,107.13426626918476,575.1791170315931,1927.2321873032256
5693,MADS135,a,15,ADS,48.21,129.8346525597367,789.2978750335076,1339.8110318786894
5694,MADS135,e,15,ADS,49.14697514587827,89.78871839702407,579.9150178149567,2207.679292811713
5695,MADS135,a,15,ADS,49.56,149.99999999999858,951.9021043485566,1343.0191462160924
5696,MADS135,a,15,ADS,51.07,119.99999999999744,691.7064141381835,1281.819922038038
5697,MADS135,æ,15,ADS,53.01719336587988,172.8066341201142,793.9453564395758,1601.3826047509417
5698,MADS135,i,15,ADS,53.65406730496515,95.93269503484692,451.2208185195632,2459.85790425228
5699,MADS135,e,15,ADS,55.75,145.11519609484225,518.6647122429732,2198.697074438581
5701,MADS135,i,15,ADS,58.54556768446191,74.43231553808971,394.6713246620695,2466.745649619829
5702,MADS135,a,15,ADS,58.95,120.1412132797941,785.9051680570872,1315.16730458127
5703,MADS135,i,15,ADS,64.93,129.99999999999545,406.25351595827107,2527.5255220223025
5704,MADS135,i,15,ADS,66.78,99.99999999999432,368.15736016147156,2481.14836654031
5705,MADS135,æ,15,ADS,68.15071017708695,99.28982291305033,816.8277232115406,1787.6159589960512
5706,MADS135,a,15,ADS,68.48,109.99999999999943,706.2497537331186,1281.1343442850466
5707,MADS135,a,15,ADS,69.43242928738799,72.44317052486338,640.9567139848781,1238.9096585788348
5708,MADS135,o,15,ADS,71.41,90.00000000000341,500.9722134372662,988.172174589238
5709,MADS135,i,15,ADS,71.75,69.0010886470418,479.83595858946535,2161.4015807874694
5710,MADS135,u,15,ADS,75.37527811834404,124.7218816559581,334.0471491720425,710.0257171848459
5711,MADS135,o,15,ADS,83.42837953140258,161.62046859741963,381.491876968018,748.2986794947134
5712,MADS135,u,15,ADS,83.96,140.00000000000057,436.9909922870944,1016.969104592565
5713,MADS135,o,15,ADS,87.73137578390511,134.68307759553966,529.8355238237328,847.2441956371673
5714,MADS135,æ,15,ADS,89.44016436340057,149.835636599434,798.171806026501,1536.3108616659015
5715,MADS135,o,15,ADS,90.02844539517146,101.55460482853584,513.4164737147286,1008.2337294582201
5716,MADS135,a,15,ADS,92.50043592286124,209.5640771387508,794.8337190576165,1186.82903181139
5717,MADS135,e,15,ADS,93.79,137.77517215315527,626.1488507726334,2045.6921720490243
5719,MADS135,o,15,ADS,96.16148832114185,188.51167885814846,647.4697816139708,1027.4507334327152
5720,MADS135,a,15,ADS,97.46594113944634,134.05886055365102,729.394968764131,1289.5112210112484
5721,MADS135,e,15,ADS,98.33,140.00000000000057,625.813662787564,1949.257415531542
5722,MADS135,o,15,ADS,99.5258488481283,104.15115187169022,475.5840309590641,875.2690733254842
5723,MADS135,æ,18,ADS,4.7,99.27947108909495,997.1593542687339,1598.3512139719667
5724,MADS135,o,18,ADS,5.369644357911145,78.01294262662495,575.3611211817662,1041.5581429806716
5725,MADS135,e,18,ADS,6.121341887046061,94.61144105782182,579.0099500562467,2232.555545125682
5726,MADS135,o,18,ADS,6.88,87.03734311956879,487.5594205396049,1006.0675111456167
5727,MADS135,i,18,ADS,7.886355894217727,104.57054011653977,395.28735752850315,2105.2205256035854
5728,MADS135,u,18,ADS,9.31176182205279,215.78047960555935,468.89623435112617,842.9241048674372
5729,MADS135,u,18,ADS,10.31052933101742,107.89023980276902,402.6097651228359,724.7389720530888
5730,MADS135,u,18,ADS,10.66968427835045,150.31572164954986,420.7683454530197,936.7500460978739
5731,MADS135,i,18,ADS,11.18632045607345,106.23038995966105,395.45751569279804,2392.4165112686787
5732,MADS135,æ,18,ADS,14.52,171.39917637828006,1109.8839884568556,1728.344081936667
5733,MADS135,æ,18,ADS,16.15411376624831,135.8862337516875,908.9306185378373,1592.160211649101
5734,MADS135,æ,18,ADS,18.16554641976693,114.4535802330715,928.3604987204599,1718.8614278463338
5735,MADS135,u,18,ADS,18.7232698341551,207.48123038995914,446.7651486322044,880.4173965214901
5736,MADS135,e,18,ADS,20.71888432877637,127.80843792021201,719.158550953535,2166.8908929553727
5737,MADS135,æ,18,ADS,20.92,195.3978036755082,864.1807224938989,1385.831595347094
5738,MADS135,u,18,ADS,21.9,57.36455064996093,372.6387948432649,970.7527039778759
5739,MADS135,æ,18,ADS,28.32,157.69946212471098,928.6811290346903,1560.7936741965682
5740,MADS135,u,18,ADS,29.81,197.9654583146626,431.5900402836867,770.8388633294729
5741,MADS135,u,18,ADS,31.16318719184224,306.81280815775835,375.87999870684666,941.771092800391
5742,MADS135,e,18,ADS,34.16,167.85368108466514,654.3623274954465,1949.954111780615
5743,MADS135,a,18,ADS,35.32624537763326,144.406936351416,838.5066284693415,1200.8123224124245
5744,MADS135,e,18,ADS,36.98493416629299,157.68573509636497,737.8257030907985,1625.3403166622907
5745,MADS135,a,18,ADS,38.21,151.88130322703586,772.2620071163569,1273.1262162868347
5746,MADS135,o,18,ADS,39.04,95.77039444170765,584.8235621754112,1099.4755479908076
5747,MADS135,o,18,ADS,41.01103386934074,118.96613065925976,507.20781172593564,849.0362357936233
5748,MADS135,æ,18,ADS,44.04605193859204,159.34558493948003,970.1973240667514,1646.8199947849585
5749,MADS135,i,18,ADS,44.65721859592057,131.1281376064528,370.75675149094025,2513.2512240965316
5750,MADS135,i,18,ADS,47.04547050089582,144.406936351416,421.52110562334764,2709.70220899024
5751,MADS135,e,18,ADS,50.39534135477286,106.23038995966283,654.460010514835,1780.2625134008074
5752,MADS135,a,18,ADS,50.70075372590688,107.890239802785,835.6279608468034,1321.9108226988392
5753,MADS135,e,18,ADS,51.8531883124151,102.91069027341848,599.4802736935611,1392.1803176545013
5754,MADS135,a,18,ADS,52.25,150.74812303814156,1020.0970978296845,1350.3604099732431
5755,MADS135,a,18,ADS,53.58,138.63514119139353,664.219778710104,1191.2224938799131
5756,MADS135,æ,18,ADS,55.51506765463819,124.48873823397122,871.0782887393178,1627.597003146289
5757,MADS135,i,18,ADS,56.09510617436025,81.33264231287285,435.69559746648684,2632.875534229218
5758,MADS135,u,18,ADS,58.43,122.42057933549688,377.1788585927123,754.6446788342076
5759,MADS135,e,18,ADS,59.18205008964474,94.61144105782182,551.4718640631087,2174.1687593594806
5760,MADS135,i,18,ADS,60.77358401501446,59.754594352313006,344.66540359534815,2189.3265904911896
5761,MADS135,a,18,ADS,61.12050649932643,87.97204168534023,788.7535276367709,1286.995808178921
5762,MADS135,i,18,ADS,67.45382077927898,130.81116261582793,363.78730458870024,2382.638171590856
5763,MADS135,i,18,ADS,69.34020672305725,107.29454911185599,381.55607916315114,2085.365447366733
5764,MADS135,æ,18,ADS,70.59626956849442,103.73043150558203,902.2130802049082,1554.1150328710803
5765,MADS135,a,18,ADS,70.91901711303356,99.94560739185943,780.2601283086467,1265.3869118193536
5766,MADS135,a,18,ADS,71.98094629957998,91.86177149986463,804.9124311931032,1277.5794295141593
5767,MADS135,o,18,ADS,73.85145592034667,78.54407965334076,551.3432360757115,936.7461105259333
5768,MADS135,i,18,ADS,74.14961185463868,70.5498405119016,474.8159400231288,2173.152309946984
5769,MADS135,o,18,ADS,88.52570117899273,114.29882100726729,486.40421729823856,869.6782379347503
5770,MADS135,u,18,ADS,88.96,135.66564260106873,450.5548626221014,1192.314091142213
5771,MADS135,o,18,ADS,92.47918430733836,127.8715859278492,574.3241565460597,880.3723008631337
5772,MADS135,æ,18,ADS,93.96478303429784,115.21696570216022,920.2316223218572,1620.1652150024413
5773,MADS135,o,18,ADS,94.5865603205545,146.9788343997891,571.3741350392145,954.9930147066757
5774,MADS135,a,18,ADS,96.88,188.36455501907778,794.1679726669447,1176.6602285320714
5775,MADS135,e,18,ADS,98.14,104.20817200333943,609.8929180497727,1449.8443764447813
5776,MADS135,u,18,ADS,98.54658956809185,113.17370248782765,394.23729199493243,829.4568183831232
5777,MADS135,o,18,ADS,100.1724603813802,87.53961861980031,581.478478734295,959.7300220266484
5778,MADS135,a,18,ADS,100.98,154.80394022779365,756.8734001073535,1239.9590432459395
5779,MADS135,e,18,ADS,101.7196566614046,121.99243255180647,634.2541398797442,1767.59871083916
5780,MADS135,o,18,ADS,102.9425335053968,107.29454911189862,572.4119883641558,1027.6653609616449
5781,MADS135,æ,6,ADS,2.57,129.8437519834241,922.2537527655392,1571.6228989641834
5782,MADS135,o,6,ADS,3.247225935374563,182.7740646254372,552.1975482797193,878.7192800031185
5783,MADS135,e,6,ADS,4.117279162040131,172.72083795986947,595.4734214694694,2167.31765475751
5784,MADS135,o,6,ADS,5.015520844922444,144.4791550775557,513.2048418166808,959.5257348408843
5785,MADS135,i,6,ADS,5.75,129.9999999999999,343.7551666967871,2345.106359299933
5786,MADS135,u,6,ADS,7.62511106705919,194.88893294081055,438.66020093979233,876.9261741185016
5787,MADS135,u,6,ADS,8.73,151.75954061821528,502.08135797073066,819.7270078696573
5788,MADS135,i,6,ADS,9.66,109.99999999999943,363.26092284642476,2600.2082890814754
5789,MADS135,æ,6,ADS,13.05,169.99999999999994,922.3657793979074,1543.3698432274152
5790,MADS135,æ,6,ADS,14.76488910822178,157.75967093530062,897.4348854049631,1667.6973105176944
5791,MADS135,æ,6,ADS,16.81493567916926,138.16860068843084,917.1962353670475,1691.0362710745183
5792,MADS135,u,6,ADS,17.39756386919156,152.43613080843943,473.4274394178245,895.3589753118528
5793,MADS135,e,6,ADS,18.87864558182238,121.35441817762072,571.379967338489,1914.2681222853112
5794,MADS135,æ,6,ADS,19.12404951438839,165.95048561161008,1015.4462862520032,1811.9078754466213
5795,MADS135,u,6,ADS,19.73990856861583,140.09143138416746,465.27114477426807,1272.445431144208
5796,MADS135,æ,6,ADS,26.8,149.99999999999858,1029.8909812482948,1834.5086955816357
5797,MADS135,u,6,ADS,28.35310334248688,166.00854261817943,430.977293667281,713.9549463517804
5798,MADS135,u,6,ADS,29.39917021065858,160.82978934142034,440.5109156558045,767.7510007160773
5799,MADS135,e,6,ADS,32.27,159.9999999999966,688.4993873882274,2136.820602369583
5800,MADS135,a,6,ADS,33.31790586426668,150.54190821276592,725.6814008420833,1270.457251929842
5801,MADS135,e,6,ADS,34.99,149.99999999999858,731.6324506045388,1436.359253422937
5802,MADS135,a,6,ADS,36.21,179.99999999999972,778.1108865208215,1217.7604656232645
5803,MADS135,o,6,ADS,37.33,120.00000000000455,566.79198228444,977.5085912973123
5804,MADS135,o,6,ADS,39.46,140.00000000000057,457.7909108777991,872.7141574806072
5805,MADS135,æ,6,ADS,43.49071139598747,189.2886040125319,934.5704907239294,1621.5990095957286
5806,MADS135,i,6,ADS,44.17160092795974,128.3990720402599,425.27688662564225,2144.661300385609
5807,MADS135,i,6,ADS,46.63465598898836,116.51531252084624,415.0602122524408,2435.658982278952
5808,MADS135,e,6,ADS,50.15277999778697,127.2200022130292,647.544977127543,2013.8714064880771
5809,MADS135,a,6,ADS,50.4672682306972,145.38636341095668,869.6799300170339,1300.3030597777604
5810,MADS135,e,6,ADS,51.604355140349,112.39087667939884,692.4672332793123,1784.8044350805262
5811,MADS135,a,6,ADS,52.0083661027552,151.6338972447997,773.2589046144848,1285.2688607794885
5812,MADS135,a,6,ADS,53.5,159.9999999999966,852.0147768008385,1301.6020594655483
5813,MADS135,æ,6,ADS,55.55031875445558,138.16860068843084,946.2001735628818,1696.41731484765
5814,MADS135,i,6,ADS,56.08061930272036,114.45309460011543,442.02202731388974,2454.3966241506105
5815,MADS135,e,6,ADS,58.03,149.99999999999858,605.6052263053779,2094.605787979052
5816,MADS135,e,6,ADS,59.12,117.7329347323024,595.3444127183952,1953.5719109823694
5817,MADS135,i,6,ADS,60.46,70.00000000000028,457.1198192985621,2237.1781995546744
5818,MADS135,i,6,ADS,60.83420469993415,75.79530006584889,450.6683828913704,2264.82980537873
5819,MADS135,a,6,ADS,61.21487676020969,105.12323979030924,872.0289693862321,1211.745285786548
5820,MADS135,i,6,ADS,66.72,129.99999999999545,402.1599450864231,2285.4914763828383
5821,MADS135,i,6,ADS,68.57,140.00000000000057,371.05977798304684,2170.2611130218224
5822,MADS135,æ,6,ADS,70.17,129.99999999999545,947.8253406438361,1640.5506041936478
5823,MADS135,a,6,ADS,70.58193442476458,130.9508379658979,797.9465715815518,1176.020006790255
5824,MADS135,a,6,ADS,71.4361208753196,133.87912468039076,740.3968293244885,1199.648434537721
5825,MADS135,o,6,ADS,73.49,90.00000000000341,598.1342666197605,1006.0162720153523
5826,MADS135,i,6,ADS,73.79,49.99999999999716,575.304115297483,1778.4405963268139
5827,MADS135,u,6,ADS,77.14222467828041,127.77532171958228,406.88100971471533,1149.2207540183229
5828,MADS135,o,6,ADS,85.89506637899963,134.93362100037132,555.8306959176131,982.6117480393635
5829,MADS135,u,6,ADS,86.41,130.00000000000966,452.07349466255147,688.3602004998186
5830,MADS135,o,6,ADS,89.81,159.9999999999966,552.4947836176607,915.6516699577633
5831,MADS135,æ,6,ADS,91.71424365331312,135.75634668687542,880.8343127340279,1660.36167698045
5832,MADS135,o,6,ADS,92.37,159.9999999999966,545.7160507854877,831.4875734235478
5833,MADS135,a,6,ADS,95.18401867778816,165.98132221183448,864.7055914555096,1231.3257528813685
5834,MADS135,e,6,ADS,96.94,150.00000000000568,658.4104053946566,1765.6426279494528
5835,MADS135,u,6,ADS,97.64231833571996,114.45309460012254,365.01178839290463,835.6187557918433
5836,MADS135,o,6,ADS,99.0208965818225,99.10341817750634,567.1667114533647,987.1724258181489
5837,MADS135,a,6,ADS,99.82,150.00000000000568,814.8349954610184,1199.2573999365843
5838,MADS135,e,6,ADS,100.71,120.00000000000455,696.1999767843336,1870.8326252234092
5839,MADS135,o,6,ADS,101.8929298480801,127.07015191989512,553.1199150146933,1041.9830182110109
5840,MADS135,æ,9,ADS,4.755537905619363,114.01813076869783,885.0504838938122,1615.5584176596508
5841,MADS135,o,9,ADS,5.384508162666167,125.49183733383273,564.3971379450247,1026.3457119188704
5842,MADS135,e,9,ADS,6.193757738863027,106.24226113697245,621.2030759024793,1860.2208555278328
5844,MADS135,i,9,ADS,8.04,108.28417112297295,389.17123958919063,2602.72425672558
5845,MADS135,u,9,ADS,9.741937032197642,278.0629678023576,511.24258922905835,938.0491141260903
5846,MADS135,u,9,ADS,10.8,129.999999999999,476.76826243739356,714.7870141917732
5847,MADS135,u,9,ADS,11.17,140.00000000000057,425.71985026500556,736.3248397430984
5848,MADS135,i,9,ADS,11.75,109.99999999999943,373.2383244562944,2513.125198999276
5849,MADS135,æ,9,ADS,15.82,160.00000000000014,842.3884235242206,1731.3123563768524
5850,MADS135,æ,9,ADS,17.38,158.93754555630224,977.4706431130351,1622.2446110177173
5851,MADS135,æ,9,ADS,19.30240656950113,140.21148513447912,777.0676536684496,1547.0133303304513
5852,MADS135,u,9,ADS,19.82441052868925,154.07855509283053,483.5525267288666,762.7562927317041
5853,MADS135,e,9,ADS,22.21960903820613,120.39096179386988,604.8902259755309,2178.152105204634
5854,MADS135,æ,9,ADS,22.47,194.89606242443003,975.1795928461082,1495.911155377649
5855,MADS135,u,9,ADS,23.16425402038049,125.74597961950928,338.2120190515723,826.5585766349453
5856,MADS135,æ,9,ADS,29.41,157.76776452133845,914.6034697254314,1587.1728776415323
5857,MADS135,u,9,ADS,30.79293628306247,217.06371693753113,362.26001272409326,686.0638602241487
5858,MADS135,u,9,ADS,32.24,189.99999999999773,457.43479667336277,834.8315562735227
5859,MADS135,e,9,ADS,34.92,149.99999999999858,689.0576136281443,1817.79751728266
5860,MADS135,a,9,ADS,35.96105494824389,141.75227068540863,888.7692734032136,1243.4769122902264
5861,MADS135,e,9,ADS,37.42,119.99999999999744,680.7798203938582,1966.711165062293
5862,MADS135,a,9,ADS,38.57,170.0000000000017,851.5350355544273,1240.4729273743121
5863,MADS135,o,9,ADS,39.53178708640417,130.96677182889493,511.90044347140986,950.3171645960696
5864,MADS135,o,9,ADS,41.49,109.99999999999943,569.7635217065779,948.7973681079109
5865,MADS135,æ,9,ADS,44.63682670040389,193.1732995961113,921.3554864992375,1605.5855377237253
5866,MADS135,i,9,ADS,45.356660431598,163.3395684020016,410.58368169882596,2192.2876923630756
5867,MADS135,i,9,ADS,47.40003636073099,119.96363926901665,344.37099221907397,2483.6003699880416
5868,MADS135,e,9,ADS,50.86417482665806,138.67069958356382,673.6702116738383,1542.7156884399508
5869,MADS135,a,9,ADS,51.2,168.71407970516827,815.5603288014843,1285.7653421898153
5870,MADS135,e,9,ADS,52.27937603304417,100.1510608103402,710.1063270229496,1630.6560027955597
5871,MADS135,a,9,ADS,52.65,160.0000000000037,744.6808414349857,1279.5782044211319
5872,MADS135,a,9,ADS,53.99,119.99999999999744,885.8393111081244,1258.6247768942658
5873,MADS135,æ,9,ADS,55.88825518435215,121.74481564785111,823.0463964234403,1562.4211943524924
5874,MADS135,i,9,ADS,56.39363284505665,86.36715494334624,422.18338618039115,2376.2038061360377
5875,MADS135,e,9,ADS,58.27952630541834,100.473694581666,549.6299996802023,1768.974614090207
5876,MADS135,e,9,ADS,59.99,100.00000000000142,572.7601558662204,2018.0766896273706
5877,MADS135,i,9,ADS,61.25999413811777,80.0058618822348,308.91719668035955,1801.4484353319183
5878,MADS135,i,9,ADS,61.64519052584986,78.58006309733412,421.8058554982948,2298.939858280422
5879,MADS135,a,9,ADS,62.01274330431965,126.3444151761206,745.4417103010234,1209.8607075535797
5880,MADS135,i,9,ADS,67.21,103.79243555533435,380.20310234268317,2195.1310709072645
5881,MADS135,i,9,ADS,69.07,110.00000000001364,397.86529513215584,2466.7955921529265
5882,MADS135,æ,9,ADS,70.44,140.00000000000057,824.2718822969246,1544.2315462875206
5883,MADS135,a,9,ADS,71.21,100.00000000000853,754.1172180736089,1168.9476941163468
5884,MADS135,a,9,ADS,72.31,102.9483765705379,785.4779457143011,1191.495885553023
5885,MADS135,o,9,ADS,74.4,79.9999999999983,553.3087026587713,1079.4785861713137
5886,MADS135,i,9,ADS,74.67796823886702,62.03176113297104,459.0601705676369,2020.383303835007
5887,MADS135,u,9,ADS,78.15480561482707,152.53776954190812,283.6287120221101,703.2028467339517
5888,MADS135,o,9,ADS,86.07549188093442,134.50811906557192,481.22232817715474,913.381075775243
5889,MADS135,u,9,ADS,86.59,99.99999999999432,419.4092477046126,750.9996731470403
5890,MADS135,o,9,ADS,89.86,159.9999999999966,598.8052872578901,960.5257629544233
5891,MADS135,æ,9,ADS,91.6737263106866,136.27368931339845,861.8707977149273,1748.076770851009
5892,MADS135,o,9,ADS,92.28855002855592,126.3444151761206,605.3697184871901,903.0830543443408
5893,MADS135,a,9,ADS,94.89,189.99999999999773,781.939108742057,1151.6592647583516
5894,MADS135,e,9,ADS,97.71,124.02512395100018,645.0895633249881,2119.0167679616407
5895,MADS135,u,9,ADS,98.11,100.21339423920494,414.1843605011034,774.7611508276563
5896,MADS135,o,9,ADS,99.52092065238134,194.13897941699076,628.3272022729709,1076.409312139799
5897,MADS135,a,9,ADS,100.62,149.99999999999147,777.530248182581,1180.5593411833408
5898,MADS135,e,9,ADS,101.49,109.99999999999943,641.157748455494,1972.8097486539593
5899,MADS135,o,9,ADS,102.6,140.00000000000057,540.3660019371962,1037.7144692517825
5900,MADS136,æ,15,ADS,2.619345602928989,77.45629266610221,885.6140552701513,1594.6762088083806
5901,MADS136,o,15,ADS,2.959970506008569,90.02949399143078,596.7106446274909,1258.0091844016426
5902,MADS136,e,15,ADS,3.59,169.99999999999994,643.9715804775926,2023.8392571648574
5904,MADS136,i,15,ADS,4.78,80.00000000000007,334.60090971925547,2469.441601451411
5905,MADS136,u,15,ADS,6.85,150.00000000000034,322.2077059079388,739.6151438566499
5906,MADS136,u,15,ADS,7.41,99.99999999999964,263.72246426945935,814.740091700891
5907,MADS136,u,15,ADS,7.65,139.9999999999997,383.4664326469373,863.355372373681
5908,MADS136,i,15,ADS,8.07,49.999999999998934,418.19668933748795,2202.4952249491434
5910,MADS136,æ,15,ADS,11.77,77.53415662604013,882.8190698417733,1621.6425059288254
5913,MADS136,e,15,ADS,14.67855011574609,81.4498842539102,706.1920434709699,1923.9848241248037
5914,MADS136,æ,15,ADS,14.80538368715039,144.6163128496085,892.8786631441294,1592.4680734467163
5915,MADS136,u,15,ADS,15.43909180568885,82.98153873792025,380.98807650436106,840.1037433851394
5916,MADS136,æ,15,ADS,20.92,101.43698101325782,836.1712894764867,1859.6476277023953
5917,MADS136,u,15,ADS,22.42,64.45722350752803,378.28232416306076,1028.3002429854068
5918,MADS136,u,15,ADS,23.22374028961676,130.2068046863205,357.6786008664193,873.2855200840245
5919,MADS136,e,15,ADS,25.26,109.99999999999943,650.3960153480589,1910.1926119932489
5920,MADS136,a,15,ADS,26.17,95.5905830202397,700.2450302359716,1437.0430571029924
5921,MADS136,e,15,ADS,27.32688050409499,69.48860560979853,650.6760495218738,1715.7491647870386
5922,MADS136,a,15,ADS,28.07,79.9999999999983,717.2081548763575,1360.6666988155032
5923,MADS136,o,15,ADS,28.68,70.00000000000028,555.8322482421734,1279.9014193492496
5924,MADS136,o,15,ADS,29.78,76.97594334046798,472.11453087872883,1218.15881871039
5925,MADS136,æ,15,ADS,31.8600503815329,129.94961846709785,944.4587483418013,1728.098799713265
5926,MADS136,i,15,ADS,32.68328388417905,73.53648554823167,338.5158695820675,2386.8769312466648
5927,MADS136,i,15,ADS,34.38511453472751,74.8854652724944,371.65449588981943,2233.6090304728627
5928,MADS136,e,15,ADS,37.19919269137955,60.80730862044703,538.4057606735303,1940.856747090823
5929,MADS136,a,15,ADS,37.40765850820895,82.34149179105543,846.074365927596,1287.1959988544472
5930,MADS136,e,15,ADS,38.01,79.75438895272902,578.6404969748909,1936.3612130608262
5931,MADS136,a,15,ADS,38.33,100.00000000000142,889.27490883386,1340.5587810461643
5932,MADS136,a,15,ADS,39.4,90.65001131330064,968.6269144703285,1279.7234893834186
5933,MADS136,æ,15,ADS,42.48630106431174,134.92933128117102,889.9633233126434,1720.6048979412453
5934,MADS136,i,15,ADS,43.04892735912732,76.9097188302581,409.40263727471756,2351.920264990712
5935,MADS136,e,15,ADS,44.56252479113652,76.2350721738656,571.3607721240401,1965.9846549463707
5936,MADS136,e,15,ADS,45.45497395796531,62.74213904574566,623.9152379682178,1924.787801045837
5937,MADS136,i,15,ADS,46.77944771109609,60.55228890391362,358.9007441186726,2730.203529251383
5938,MADS136,a,15,ADS,47.05079893908681,74.88577886105219,803.2121010914212,1383.524739395536
5939,MADS136,i,15,ADS,51.11,179.01946387315348,325.7597494403779,2831.2283084246606
5940,MADS136,i,15,ADS,53.05,90.00000000000341,323.8364484588422,2403.9655105102433
5941,MADS136,æ,15,ADS,54.27872065936402,89.05335864557173,774.2369748221676,1662.4729339277242
5942,MADS136,a,15,ADS,54.51,80.0000000000054,668.3563309596532,1215.7520496756042
5943,MADS136,a,15,ADS,55.25,79.9999999999983,651.5299315667282,1175.440242193808
5944,MADS136,o,15,ADS,56.79080874565788,129.19125434212475,566.5834672887378,1093.6966587734414
5945,MADS136,o,15,ADS,65.41344681430124,106.5531856987576,499.30235101023516,1006.3884428400186
5946,MADS136,u,15,ADS,65.84,99.83578812880012,336.6596468902343,945.8446337070852
5947,MADS136,o,15,ADS,68.52,60.000000000002274,466.95278345752087,1101.5826420972444
5948,MADS136,æ,15,ADS,69.6665163669305,101.19699846087826,760.0433120346095,1640.4082888832713
5949,MADS136,a,15,ADS,72.01,126.39596501333017,772.9511063947551,1377.3532993504634
5950,MADS136,e,15,ADS,72.58158341527196,78.41658472803203,566.5210074665281,1822.2289235173153
5951,MADS136,o,15,ADS,74.08,70.00000000000739,495.83032786116127,1335.1940561806146
5952,MADS136,a,15,ADS,74.63,79.9999999999983,626.6647417856517,1228.000876194767
5953,MADS136,o,15,ADS,76.12376989601688,93.77588524040448,453.6551130562905,1110.9205905644417
5954,MADS136,æ,18,ADS,1.988743623129466,71.37354325414624,853.5048763388884,1696.8122788118762
5955,MADS136,o,18,ADS,2.488358425908488,124.48873823397611,559.1729428960575,1181.2258242361372
5956,MADS136,e,18,ADS,3.457187006141564,72.81299385843587,644.6930078214673,2189.9700660856747
5957,MADS136,o,18,ADS,4.162841561273791,147.15843872620837,584.7375855656373,1099.0101691519508
5958,MADS136,i,18,ADS,5.283367670641785,73.03339309726465,365.9282002800839,2393.2562341366156
5959,MADS136,u,18,ADS,6.74,139.9999999999997,435.152739017114,836.2099014634289
5960,MADS136,u,18,ADS,8.012292200000813,147.7077999991874,379.7833252735297,861.1312304719779
5961,MADS136,u,18,ADS,8.437636636352227,272.215374271628,395.9517553237621,896.3732873437451
5962,MADS136,i,18,ADS,9.18,95.87467422761975,411.19651365965126,2586.7217780722467
5963,MADS136,æ,18,ADS,13.16,160.70882931506958,782.3051886266414,1630.907510415522
5964,MADS136,æ,18,ADS,15.44252906127386,92.95159121470142,734.477393322465,1552.436845932741
5965,MADS136,æ,18,ADS,16.78429130354191,95.70869645808955,943.348202812585,1713.8549257062227
5966,MADS136,u,18,ADS,17.23,175.21255522277102,335.419938599603,722.9436455461304
5967,MADS136,e,18,ADS,18.74133410945856,88.66589054143859,614.9220576624132,2075.234207801538
5968,MADS136,æ,18,ADS,18.89570014486869,288.81387270282846,927.5566968240554,1571.028006376378
5969,MADS136,u,18,ADS,19.60487890439357,101.25084043029986,417.27324411986405,1304.6351256640414
5970,MADS136,æ,18,ADS,26.87548471456846,190.8827319587587,916.8216548519056,1678.6046071538278
5971,MADS136,u,18,ADS,28.7,140.68935934660232,441.50221898401134,693.3802971627408
5972,MADS136,u,18,ADS,29.67619739946315,133.80260053684978,328.95538517853043,596.7287002108155
5973,MADS136,e,18,ADS,32.27469821187912,125.30178812087911,662.1512635357353,1876.1654885652092
5974,MADS136,a,18,ADS,33.29942913411127,107.8902398027779,704.133285908483,1351.6794734060895
5975,MADS136,e,18,ADS,35.29,100.00000000000142,616.6206930826461,2125.685897224126
5976,MADS136,a,18,ADS,36.16,137.3923512783506,759.2888328678256,1187.5358729409174
5977,MADS136,o,18,ADS,37.45,99.99999999999432,494.9321145625009,866.4566326669694
5978,MADS136,o,18,ADS,39.55,100.00000000000142,460.896587279252,805.909283798705
5979,MADS136,æ,18,ADS,42.91735649291852,162.64350708147646,862.2206595927139,1745.07257895204
5980,MADS136,i,18,ADS,43.65641254961954,137.7675369789344,345.52111331203855,2797.1986633550555
5981,MADS136,i,18,ADS,45.33845787682704,87.97204168534023,435.35226722697433,2559.243134068056
5982,MADS136,i,18,ADS,47.52982497678213,112.86978933213732,419.3461718568568,2733.369614270569
5983,MADS136,e,18,ADS,51.57244291716742,197.5221313312474,506.76952784733777,2833.715604680495
5984,MADS136,a,18,ADS,51.94922883155559,184.24333258629133,630.892028313788,1224.3467638772872
5985,MADS136,e,18,ADS,53.42477777261334,132.78798744956788,548.01567464124,2291.549236607013
5986,MADS136,a,18,ADS,55.19,96.86722241157497,625.1758431499746,1256.9470855750615
5987,MADS136,æ,18,ADS,57.27633228852533,114.52963917525949,847.8556595081917,1647.658971179991
5988,MADS136,i,18,ADS,57.77491462268041,132.78798744957498,385.2260008338717,2528.9157057715074
5989,MADS136,e,18,ADS,61.42392977843998,114.5296391752666,640.6501751356144,2082.9441035225873
5990,MADS136,e,18,ADS,62.49,100.5659561629173,600.18034322236,2254.245328200218
5991,MADS136,i,18,ADS,64.33994683917497,114.52963917525949,399.0730927380004,3164.5523401025416
5992,MADS136,a,18,ADS,64.70843350434755,107.8902398027708,611.265830276856,1138.4043050342716
5993,MADS136,i,18,ADS,71.48733982438306,164.32513446885366,307.08746415005277,2737.660288004596
5994,MADS136,i,18,ADS,74.28098028830044,107.12946300760962,428.97228869055795,2817.131128818756
5995,MADS136,æ,18,ADS,76.39,200.00000000000284,771.3943413609965,1718.2564523075557
5996,MADS136,a,18,ADS,76.74057794946789,188.24139488418723,766.1845531862886,1406.5572915722048
5997,MADS136,a,18,ADS,77.7177197095535,121.11655639836272,648.1953757769372,1237.8344513306236
5998,MADS136,o,18,ADS,79.83164524404565,58.35475595435469,665.1687393216205,1360.1978098923162
5999,MADS136,i,18,ADS,80.05782676503053,71.50254534361977,451.51437358518245,1921.7781836961094
6000,MADS136,u,18,ADS,83.52598100208535,121.11655639834851,372.72124591262525,701.2262094027597
6001,MADS136,o,18,ADS,93.53096352195276,129.87197011392482,451.03086350251834,948.509311692094
6002,MADS136,u,18,ADS,93.89,151.69598869283618,400.3404770794214,763.4990724374209
6003,MADS136,o,18,ADS,98.26087800917524,109.12199082476093,592.5556274734497,955.8293157212091
6004,MADS136,æ,18,ADS,100.3407061311842,119.29386881578807,791.4227696186013,1540.88632281823
6005,MADS136,o,18,ADS,101.0186685926003,74.4210165820931,553.5132857614699,870.552482728825
6006,MADS136,a,18,ADS,104.7089279125658,161.97515373750093,746.8501653116548,1316.4077882135264
6007,MADS136,e,18,ADS,106.69,80.62223354819764,636.9493962442788,1915.6189685017748
6008,MADS136,u,18,ADS,107.0128553463449,81.71719467839011,449.6743112430013,1079.3017981429916
6009,MADS136,o,18,ADS,109.5681572955815,131.33120573320411,689.0741866858891,1021.9559379774288
6010,MADS136,a,18,ADS,110.47,156.16116743500186,706.6794341260429,1326.2564545965795
6011,MADS136,o,18,ADS,112.5807115748096,145.92356192569866,552.8188225079018,1031.6359946790476
6012,MADS136,æ,6,ADS,3.489249785916965,97.38199894774712,840.2200850487978,1787.3282672760724
6013,MADS136,o,6,ADS,3.948728231656331,191.27176834366867,533.8314302984393,1050.984421315833
6014,MADS136,e,6,ADS,4.78756237996748,112.43762003252033,657.4256183256454,1988.676444627254
6015,MADS136,o,6,ADS,5.485039044569394,158.37447075255983,554.6580286642665,937.0518393203868
6016,MADS136,i,6,ADS,6.37,70.00000000000028,365.3683665803835,2518.3459258978237
6017,MADS136,u,6,ADS,7.85,189.26647212779636,338.2464912179084,808.0364751633551
6018,MADS136,u,6,ADS,8.64,199.9999999999993,371.92682046777503,824.2653088445045
6019,MADS136,u,6,ADS,9.0258909731549,344.10902684509995,365.2338557513499,854.527583363998
6020,MADS136,i,6,ADS,9.92,70.00000000000028,392.4495316498187,2494.651275238722
6021,MADS136,æ,6,ADS,13.03158493779894,198.41506220106098,845.4745204160331,1741.4179056028743
6022,MADS136,æ,6,ADS,15.83,109.99999999999943,788.3862055667157,1719.017528699432
6023,MADS136,æ,6,ADS,17.34155064936564,126.69957660203934,708.1582892090154,1738.1606587220185
6024,MADS136,u,6,ADS,18.05,179.99999999999972,515.5475436099729,1615.6565475373568
6025,MADS136,e,6,ADS,20.71772581405661,122.27418594338957,644.7602092152453,2386.1257754359403
6026,MADS136,æ,6,ADS,20.90397419166162,186.02580833837834,917.3444591805361,1727.8737522420224
6027,MADS136,u,6,ADS,21.44649750478756,123.50249521244194,427.3161427269659,803.680995936767
6028,MADS136,æ,6,ADS,28.08,170.0000000000017,846.1584646824194,1613.2743613974856
6029,MADS136,u,6,ADS,29.51152647727686,138.47352272313884,454.31492383338065,867.8871171288702
6031,MADS136,e,6,ADS,34.23,130.00000000000256,719.6909971051998,2014.3609448709317
6032,MADS136,a,6,ADS,35.60574238217971,114.25761782028587,775.9194914082356,1314.2567707407425
6033,MADS136,e,6,ADS,37.57,109.99999999999943,693.321489983298,1540.8760936527567
6034,MADS136,a,6,ADS,38.42,119.99999999999744,796.4969355014896,1290.8335533398797
6035,MADS136,o,6,ADS,39.34,79.9999999999983,511.6488714843393,972.8876189156844
6036,MADS136,o,6,ADS,42.22,79.9999999999983,596.9511044698149,1151.7349541158933
6037,MADS136,æ,6,ADS,45.48,130.00000000000256,815.9058382431149,1718.2882783923005
6038,MADS136,i,6,ADS,46.05288913031109,147.11086968891607,405.4632874950186,2543.645532810775
6039,MADS136,i,6,ADS,49.53,117.18933902005801,375.97681067977396,2688.401168747804
6040,MADS136,e,6,ADS,53.67597103840986,114.02896159013665,639.1655315291104,2265.1245383677688
6041,MADS136,a,6,ADS,53.96,109.99999999999943,747.819878050761,1270.2438447041388
6042,MADS136,e,6,ADS,54.91412238008777,175.87761991223516,479.3502671456001,2245.3910592328234
6043,MADS136,a,6,ADS,55.36,149.99999999999858,757.4147371800851,1185.5898984982996
6044,MADS136,a,6,ADS,57.13444456570074,125.5554342992582,788.8193953597139,1226.9617600646143
6045,MADS136,æ,6,ADS,59.21542089355481,153.3064876884822,731.2839004370195,1875.9649774320083
6046,MADS136,i,6,ADS,59.67266095501723,98.82566974960127,395.3953724858297,2674.5369051791786
6047,MADS136,e,6,ADS,61.60146139006257,114.02961894184926,620.9767527658034,2108.160581929212
6048,MADS136,e,6,ADS,62.64,97.13148476375721,598.2144281985647,2052.176764904819
6049,MADS136,i,6,ADS,64.72,63.18088576512082,477.1158956013623,2424.3561891537593
6050,MADS136,i,6,ADS,65.0543179796935,81.08772902531314,317.3153409434546,2642.571595931751
6051,MADS136,a,6,ADS,65.39659959959673,119.09760200592245,724.4292534996673,1292.9558434404546
6052,MADS136,i,6,ADS,72.05,150.00000000000568,336.9656379844725,2198.446802473225
6053,MADS136,i,6,ADS,74.42,120.00000000000455,362.7460962756479,2515.8489057098045
6054,MADS136,æ,6,ADS,76.81,79.9999999999983,807.3968009995491,1473.3973331302257
6055,MADS136,a,6,ADS,77.0864494035615,152.03949192245148,669.686356590095,1226.4719839384145
6056,MADS136,a,6,ADS,77.94897369089477,89.9566993874572,663.5307042329283,1105.7203904474247
6057,MADS136,o,6,ADS,80.34980558288504,88.68970362142647,564.8973514097219,897.1029879829085
6058,MADS136,u,6,ADS,83.95787365844562,125.43258083603348,417.6620937904791,808.3564603149362
6059,MADS136,o,6,ADS,94.7609808454519,130.50056390009956,508.13978338881384,789.5405167059182
6060,MADS136,u,6,ADS,95.19817442342377,120.36459777191055,376.12090000129973,817.0307059642762
6061,MADS136,o,6,ADS,98.91,140.00000000000057,449.1204699814225,777.751727908427
6063,MADS136,a,6,ADS,103.79,199.99999999998863,774.0501957650006,1255.783698071678
6064,MADS136,e,6,ADS,107.8198654354088,89.94338592070505,575.1705923960908,1976.6467018050814
6065,MADS136,u,6,ADS,108.38,113.38435727130047,261.6390113853282,893.7332782711053
6066,MADS136,o,6,ADS,109.855003519522,134.9964804779944,605.8176785417986,1021.1278993454058
6067,MADS136,a,6,ADS,110.63,150.00000000000568,704.3880086372305,1156.5848274859347
6069,MADS136,o,6,ADS,113.0130157895278,126.98421047220165,573.340524873897,1137.6441740480336
6070,MADS136,æ,9,ADS,5.515343622027764,100.30390925457323,795.0379983111923,1795.1481538483959
6071,MADS136,o,9,ADS,5.994978679008725,176.89962177624795,538.8900634876677,1081.4471574091256
6072,MADS136,e,9,ADS,7.862633616225913,77.36638377408767,635.2871422658326,2306.053529932241
6073,MADS136,o,9,ADS,8.545701311698076,134.29868830192328,486.0123023647522,925.3278651567198
6074,MADS136,i,9,ADS,9.41014738789161,89.85261210838935,374.10117568534,2626.2390229107004
6075,MADS136,u,9,ADS,11.04,130.0000000000008,367.55233633454225,705.3755763771927
6076,MADS136,u,9,ADS,11.96,209.9999999999991,371.1441646084479,654.9259154946947
6077,MADS136,u,9,ADS,12.41492241667086,225.07758332914028,344.00280884906374,762.1510012003379
6078,MADS136,i,9,ADS,13.1,80.00000000000007,392.6547436956232,2459.7467216768587
6079,MADS136,æ,9,ADS,15.51,140.00000000000057,826.7308705576813,1715.1804316459038
6080,MADS136,æ,9,ADS,17.12802825971576,111.97174028423973,641.1639724726209,1687.2741720663
6081,MADS136,æ,9,ADS,19.17,109.99999999999943,782.0656659505548,1630.515522685641
6083,MADS136,e,9,ADS,22.13515004359662,76.59571252166941,678.4777278490369,2087.8218433753327
6084,MADS136,æ,9,ADS,22.31387337281386,326.1266271861416,703.1494393067666,1637.8856197765908
6085,MADS136,u,9,ADS,23.04369588616659,109.42244645953281,297.3780266992523,898.9582610350881
6086,MADS136,æ,9,ADS,30.2,199.9999999999993,893.097036622042,1700.7010736841962
6087,MADS136,u,9,ADS,31.23060910728157,80.24312740365147,420.94528641775656,1014.2772325671723
6088,MADS136,u,9,ADS,32.13,169.9999999999946,374.03100467183225,645.8927694677968
6089,MADS136,e,9,ADS,36.19,140.00000000000057,779.9964826817076,2064.072807295666
6090,MADS136,a,9,ADS,37.15,90.00000000000341,680.8186039726049,1123.0686379939968
6091,MADS136,e,9,ADS,39.08,109.99999999999943,545.0939426225281,2065.8348555767084
6092,MADS136,a,9,ADS,41.98217304502861,137.82695497138775,730.1255379203005,1112.455548025197
6093,MADS136,o,9,ADS,43.01,113.93291485051549,520.1754180281541,974.3563975490341
6094,MADS136,o,9,ADS,44.82,89.9999999999963,554.9515146108816,846.8126111496337
6095,MADS136,æ,9,ADS,47.49633625422248,123.66374577752026,808.8208677067479,1723.613935141121
6096,MADS136,i,9,ADS,48.09368969996799,118.54098366448795,321.43313139875215,2781.317821533837
6097,MADS136,i,9,ADS,50.53443857321011,118.54098366450216,391.54390286399456,2845.0020866033524
6098,MADS136,e,9,ADS,55.82,159.9999999999966,510.27631833153856,2583.2351003162507
6099,MADS136,a,9,ADS,56.2,99.61183367570925,763.0035390481709,1194.4154602013575
6100,MADS136,e,9,ADS,57.32603708432494,193.96291567506552,409.8171170492463,2559.961724972905
6101,MADS136,a,9,ADS,57.82,159.9999999999966,746.7289899325415,1186.663746205244
6102,MADS136,a,9,ADS,59.83,109.99999999999943,798.9828852163241,1270.6922177929578
6103,MADS136,æ,9,ADS,62.53,119.99999999999744,755.7748054363174,1261.6169002303575
6104,MADS136,i,9,ADS,63.21528195665839,94.71804334161504,391.9768793804955,2692.7476091787094
6105,MADS136,e,9,ADS,65.98,119.99999999999034,464.69012798080917,1426.444882009671
6106,MADS136,e,9,ADS,67.32,198.38441327257783,651.1243423581194,2286.3961784169346
6107,MADS136,i,9,ADS,69.28242756330893,57.57243669107481,400.5861596415303,2421.96365338517
6108,MADS136,i,9,ADS,69.67634837056326,123.65162943673624,288.7318419853112,2559.243555967241
6109,MADS136,i,9,ADS,77.43783720165638,151.3677176023549,347.2881080720197,2296.2907533895004
6110,MADS136,i,9,ADS,80.03,140.00000000000057,359.44964502308153,2932.507239879465
6111,MADS136,e,9,ADS,82.2982460006815,97.93385598963766,811.8666785820815,1544.0247507110257
6112,MADS136,a,9,ADS,82.52340841664865,104.05472198898735,765.8197085943958,1198.2152104719235
6113,MADS136,a,9,ADS,83.61962715793916,180.3728420608337,635.3175066885481,1118.2763464374439
6114,MADS136,o,9,ADS,85.80638717015063,73.61282984936679,291.8499490792034,1478.1913129558982
6115,MADS136,u,9,ADS,89.52564682251398,113.31262315806612,405.6746574914745,876.1923662408418
6116,MADS136,o,9,ADS,99.88406084094623,81.58508867380476,502.55755186550687,992.6504126964369
6117,MADS136,o,9,ADS,105.87,109.99999999999943,596.8451631359148,937.1892870693978
6118,MADS136,æ,9,ADS,108.031585959679,348.4140403209892,805.6650869939601,1955.8127332924605
6119,MADS136,o,9,ADS,108.9457504706064,134.2495293935997,588.5191016733238,1800.5714137895468
6120,MADS136,a,9,ADS,112.07,150.00000000000568,735.6372232106772,1240.5295358315527
6121,MADS136,e,9,ADS,114.53,129.99999999999545,678.4884101475989,2041.9813169375786
6122,MADS136,u,9,ADS,115.42,90.45536633379925,353.1346725748016,909.0904748857567
6123,MADS136,o,9,ADS,116.93,89.9999999999892,637.6481989920024,1057.7388899716111
6124,MADS136,a,9,ADS,117.65,129.99999999999545,703.8653776462596,1169.8503313446763
6125,MADS136,e,9,ADS,118.53,69.99999999999318,729.3099476245782,1881.7436893277772
6126,MADS136,o,9,ADS,120.0115834264462,101.98136084220266,607.2008901256946,1140.1369033909573
6127,MADS137,æ,15,ADS,2.769426973338201,91.21695439889122,851.0610876884613,1676.1902104430135
6128,MADS137,o,15,ADS,3.376019720090828,131.12437194840564,509.33982962241015,914.9331093565977
6129,MADS137,e,15,ADS,4.170753154442629,79.24684555737116,547.9290135775598,1948.4622132669576
6130,MADS137,o,15,ADS,4.92013086781059,119.8691321894101,517.6827544044748,862.6951111980987
6131,MADS137,i,15,ADS,5.741738275161437,118.2617248385629,369.43761569706777,2312.1745884932407
6132,MADS137,u,15,ADS,7.37,280.0000000000002,385.96698221069454,685.0373332857187
6133,MADS137,u,15,ADS,8.436142297110687,103.85770288931262,399.459840183108,599.245419113608
6134,MADS137,u,15,ADS,8.746607350947333,113.39264905266688,429.7788208486762,673.823005011229
6135,MADS137,i,15,ADS,9.28,89.99999999999986,358.28850011325034,2213.39154699872
6136,MADS137,æ,15,ADS,12.43,154.78752485084968,713.0816456002358,1640.8671738703208
6137,MADS137,æ,15,ADS,14.04,161.01061778886105,785.5774231310338,1407.3526050561204
6138,MADS137,æ,15,ADS,15.5,138.87239590416021,712.7909076363964,1542.2767299136467
6139,MADS137,u,15,ADS,16.57378010455519,147.08733896820902,402.6315778518126,911.767810183534
6140,MADS137,e,15,ADS,18.7,81.4514994270823,592.6830277710421,1876.7772200379177
6141,MADS137,e,15,ADS,18.89,149.99999999999858,770.3442745229022,1781.3800701566252
6142,MADS137,u,15,ADS,19.5849332646628,116.30161685857843,375.90021847589816,559.184579599302
6143,MADS137,æ,15,ADS,25.77,169.24519746823918,795.2096444133148,1724.410518883143
6144,MADS137,u,15,ADS,27.01,149.99999999999858,381.71667883996855,750.3512805128573
6145,MADS137,u,15,ADS,28.05644350747744,194.97624002763203,382.141060085592,695.51780798233
6146,MADS137,e,15,ADS,30.482524361324,137.4756386760012,629.5316235727887,1855.7416814748772
6147,MADS137,a,15,ADS,31.42869632224815,163.05030598801906,639.5282663724158,1097.896180551678
6148,MADS137,e,15,ADS,32.60530598221849,164.69401778151394,513.6556853912889,1922.3791590756334
6149,MADS137,a,15,ADS,33.5,128.15073608088312,749.3602262073721,1157.9098355631706
6150,MADS137,o,15,ADS,34.31607475399424,135.68521966834624,483.28860405010914,1045.6900695905713
6151,MADS137,o,15,ADS,35.79,119.99999999999744,440.2732121939057,909.3414350454321
6152,MADS137,æ,15,ADS,39.28,135.3350416139989,721.8171873709724,1640.5476950853047
6153,MADS137,i,15,ADS,39.84580380130406,74.19619869594385,388.53705174673917,2160.8016229146638
6154,MADS137,i,15,ADS,41.51,80.0000000000054,390.6155032694074,2164.3037157751005
6155,MADS137,e,15,ADS,44.81501099539197,85.5158947489656,537.6676681757212,1918.387744137366
6156,MADS137,a,15,ADS,45.12172800455825,168.75136563795223,687.8599852103121,1126.099526590895
6157,MADS137,e,15,ADS,45.73058105690885,75.25398737908517,560.615930877673,1809.3645627902624
6158,MADS137,a,15,ADS,46.12,150.00000000000568,599.8718631785036,1131.7359474301857
6159,MADS137,a,15,ADS,47.7,140.00000000000057,711.1063849016798,1092.3558979908148
6160,MADS137,æ,15,ADS,49.67240562725219,120.86246457852923,674.4671650853975,1699.5376917830274
6161,MADS137,i,15,ADS,50.20725979334254,82.74020665746207,389.3903083107756,2169.0840938298957
6162,MADS137,e,15,ADS,51.98967523442926,110.32476557074489,510.9667442664251,2033.1908252952646
6163,MADS137,e,15,ADS,53.19,94.47345230009319,519.8303336366588,1796.6964039314757
6164,MADS137,i,15,ADS,54.1161589443186,73.84105568139887,336.8639157078936,1996.415961039666
6165,MADS137,i,15,ADS,54.47760612612421,63.85186807921883,395.0348959597236,2035.4191880563358
6166,MADS137,a,15,ADS,54.76,112.12231347515456,721.2815253468116,1216.74277494491
6167,MADS137,i,15,ADS,59.72849448216995,131.12437194840965,376.95470154535894,2290.923118574499
6168,MADS137,i,15,ADS,61.61592716958025,124.07283041974893,369.5387260264216,2279.491525191931
6169,MADS137,æ,15,ADS,62.55,116.8808792985061,653.8496280602732,1538.1553963958347
6170,MADS137,a,15,ADS,62.91,110.00000000000654,648.6841648135404,998.0943353487716
6171,MADS137,a,15,ADS,64.84,109.99999999999943,591.229812344301,1023.1739724998365
6172,MADS137,o,15,ADS,66.51,39.99999999999204,457.85474718269387,972.488894455327
6173,MADS137,i,15,ADS,66.74,54.60594990513812,421.1059586363699,1689.2054623893853
6174,MADS137,u,15,ADS,69.80045153318093,111.74076913864894,356.13675768341943,694.976154118393
6175,MADS137,o,15,ADS,77.8902952104927,119.70478950730978,510.82439555783463,969.4517162695441
6176,MADS137,u,15,ADS,78.35,134.34562601548805,361.64108312008506,789.7386876468056
6177,MADS137,o,15,ADS,81.59488390630979,109.4603452786771,662.255479904531,1081.6933370002062
6178,MADS137,æ,15,ADS,83.26,99.31157230820986,648.664752549969,1722.3803582910227
6179,MADS137,o,15,ADS,83.88,130.00000000000966,618.5528553541615,1051.5531390510537
6180,MADS137,a,15,ADS,86.03,150.00000000000568,642.5187956070108,966.4698524720143
6181,MADS137,e,15,ADS,86.90438834669193,95.61165330806887,541.3725368419581,1876.1077157716845
6182,MADS137,u,15,ADS,87.58623794039936,84.37568281897256,353.9411566026758,2029.8123614355763
6183,MADS137,o,15,ADS,88.52,60.000000000002274,515.834428201937,1016.9211755647951
6184,MADS137,a,15,ADS,89.19,158.45411605106108,652.4732578827161,1053.1411995477763
6185,MADS137,e,15,ADS,90.12,140.00000000000057,653.2936936332876,1781.3674053814213
6186,MADS137,o,15,ADS,91.06373777987118,150.50797475818456,487.89742124836835,827.0086448325889
6187,MADS137,æ,18,ADS,2.36,81.19770121846015,873.206534891653,1661.1549653758038
6188,MADS137,o,18,ADS,2.955491692720521,112.86978862828212,322.83652424434024,892.3208235169034
6189,MADS137,e,18,ADS,3.728165564527401,71.37354280906116,572.4244713374347,1808.9692425383637
6190,MADS137,o,18,ADS,4.517931702367319,124.48873745766508,481.3976422865947,936.2943689705955
6191,MADS137,i,18,ADS,5.453235236621895,101.25083979890093,345.9644909147333,2242.9581214943146
6192,MADS137,u,18,ADS,7.2,200.00000000000017,380.84346414580176,688.9905956532468
6193,MADS137,u,18,ADS,8.273120251967876,106.87974803212441,342.23210334996696,1158.5977772449169
6194,MADS137,æ,18,ADS,11.82,151.39790688860978,699.600713443501,1608.521226175395
6195,MADS137,æ,18,ADS,13.3965067171183,90.0468534277099,757.9230483693216,1555.7726784657061
6196,MADS137,æ,18,ADS,14.61644403340624,91.29174080228886,740.3286991094126,1607.86177845678
6197,MADS137,u,18,ADS,15.15,115.66590094127882,330.15382504872576,719.3645174960088
6198,MADS137,e,18,ADS,16.52756996582252,112.43003417748199,520.8487821745223,1982.8728338095798
6199,MADS137,æ,18,ADS,16.67,172.42520170328746,767.5076756798547,1563.7368870246978
6200,MADS137,u,18,ADS,17.20703545215152,121.16903854774108,351.4548476679935,644.1442717780076
6201,MADS137,æ,18,ADS,23.03539663044956,159.34558493948714,756.7406808289269,1580.3775578003101
6202,MADS137,u,18,ADS,23.9170401619377,192.95983806230055,355.08854549704955,611.4469410328136
6203,MADS137,u,18,ADS,24.9,179.99999999999972,333.33601051419606,641.1570245321805
6204,MADS137,e,18,ADS,27.45352022973245,116.4797702675493,798.245650870023,1700.913747110728
6205,MADS137,a,18,ADS,28.34,119.58379427749932,755.2086561740417,1199.1399208120617
6206,MADS137,e,18,ADS,29.41861764961144,121.38235038855782,625.117399392525,1869.6011153011007
6207,MADS137,a,18,ADS,30.53,142.04177276250007,741.910383999799,1228.047464384981
6208,MADS137,o,18,ADS,31.27443622872397,129.46828776333064,470.4590763197218,1002.3654720675695
6209,MADS137,o,18,ADS,32.8,130.00000000000256,488.31484819400094,936.1953837777253
6210,MADS137,æ,18,ADS,35.43439252634816,240.67822725234578,825.2711880376779,1607.726231256815
6211,MADS137,i,18,ADS,36.79531454842341,98.76106566562015,353.20259465925636,2228.500352270442
6212,MADS137,i,18,ADS,38.89692866485093,120.33911362616578,392.37922968228673,2331.573717992404
6213,MADS137,a,18,ADS,40.68,97.97338974998127,677.7061177714546,1199.1408354985265
6214,MADS137,e,18,ADS,41.93402504819905,82.99249215598081,609.9377846281983,1715.4882234084223
6215,MADS137,a,18,ADS,42.19762944364951,149.3864858807683,724.0554866472905,1186.6822743809898
6216,MADS137,e,18,ADS,43.13443125617747,66.39399372478749,517.9679220175567,1745.9949436755705
6217,MADS137,a,18,ADS,43.45,149.99999999999858,801.8631216632473,1212.3560074320105
6218,MADS137,a,18,ADS,44.48717512103622,150.2164108023365,798.1826563670415,1104.9068424673317
6219,MADS137,æ,18,ADS,47.50080213806879,110.38001456746116,825.4631885027245,1620.9510697649446
6220,MADS137,i,18,ADS,48.01544096314721,91.29174137157747,380.3546934040145,1985.0868230741494
6221,MADS137,e,18,ADS,49.73183215543757,82.99249215598792,530.5784523589267,1840.373485976352
6222,MADS137,e,18,ADS,50.69,82.67160523584494,602.7868810905006,1703.6380320666206
6223,MADS137,i,18,ADS,52.08344592168579,41.496246077990406,346.58016136287165,1916.0014441861688
6224,MADS137,a,18,ADS,52.37443783954772,89.63189152846951,692.6365539870449,1244.4015539270138
6225,MADS137,i,18,ADS,57.46,189.99999999999773,329.0476590572403,2338.9429795059878
6226,MADS137,i,18,ADS,58.961899950148,150.2164108023294,346.1860340708948,2182.6650746441037
6227,MADS137,æ,18,ADS,60.44517475684896,66.3939937247946,604.7573410642694,1622.9771091554173
6228,MADS137,a,18,ADS,60.72699701984761,112.03986441058333,640.6085908308775,1113.9381685342023
6229,MADS137,a,18,ADS,61.85,89.9999999999963,582.6603830236503,1139.6022602418382
6230,MADS137,u,18,ADS,66.08299765277857,122.82888762490529,363.7864226340228,698.7691106347339
6231,MADS137,o,18,ADS,73.33774616632033,112.36113936563186,501.5692419279676,918.1241463901977
6232,MADS137,u,18,ADS,73.67920729114574,107.98343263709853,400.94616031487595,812.571204984127
6233,MADS137,o,18,ADS,76.9620217159661,129.87196627975095,612.9410520938023,941.9803624553374
6234,MADS137,æ,18,ADS,77.49439367845989,83.17642784209056,617.5773507361741,1504.8566853125817
6235,MADS137,o,18,ADS,78.14736620208316,103.6057259085652,527.3274982126875,984.1791741976265
6236,MADS137,a,18,ADS,79.92288084311457,138.6273797368176,688.7804453741579,1145.610460438343
6237,MADS137,e,18,ADS,81.29607959180532,80.25795668973501,554.2472992156904,1674.9655788532257
6238,MADS137,u,18,ADS,81.66906180221363,103.6057259085652,351.3081725097471,724.0563459506423
6239,MADS137,o,18,ADS,82.5853503634335,56.910187470904816,473.1672303942682,1103.6535904841137
6240,MADS137,a,18,ADS,83.3073411140923,125.49425955121762,682.4611769588297,1141.418202191701
6241,MADS137,e,18,ADS,84.05566240344727,112.36113936561765,622.8498154214207,1767.7764996946698
6242,MADS137,o,18,ADS,85.25926514890729,122.57578839886207,467.56491581927,885.4068358075963
6243,MADS137,æ,6,ADS,3.97,89.99999999999942,783.1120767208369,1621.423498986832
6244,MADS137,o,6,ADS,4.497594270378998,122.40572962100238,540.7639092758824,982.6171646787498
6245,MADS137,e,6,ADS,5.17220657098476,97.79342901523958,564.3968150353782,1838.4392886770258
6246,MADS137,o,6,ADS,5.932920008484277,137.0799915157237,518.4422733545736,1052.8097239432957
6247,MADS137,i,6,ADS,6.91,109.99999999999943,292.29546546652205,2290.625121228636
6248,MADS137,u,6,ADS,8.426246608469262,213.753391530739,383.36732784231447,678.2353510850548
6249,MADS137,u,6,ADS,9.56,89.99999999999986,435.32478199439765,1061.9348115535454
6250,MADS137,u,6,ADS,9.840565997149874,159.43400285012643,423.02177801182097,783.9883459273149
6251,MADS137,i,6,ADS,10.34,80.00000000000007,352.8518121946313,2145.521838237279
6252,MADS137,æ,6,ADS,13.38,129.999999999999,787.7277738038381,1636.0699996779094
6253,MADS137,æ,6,ADS,15.44,163.207350777391,761.0772421276545,1518.7947825682095
6254,MADS137,æ,6,ADS,17.07,117.698145676421,659.6124309131317,1516.8188257936624
6255,MADS137,u,6,ADS,17.56365792013245,204.81780607909172,459.33947630511545,1674.0660509482466
6256,MADS137,e,6,ADS,20.4183881928246,139.46475611306752,477.5578264384077,1995.830214556368
6257,MADS137,æ,6,ADS,20.61887802428502,159.00329682455805,759.05107529828,1594.633264513537
6258,MADS137,u,6,ADS,21.28563641856703,123.96867210050999,420.4781892726258,605.2834928350554
6259,MADS137,æ,6,ADS,27.74336061879187,146.63938120813214,792.6092798275158,1674.7795058640245
6260,MADS137,u,6,ADS,29.15,170.0000000000017,386.7975141438869,756.4765665994156
6261,MADS137,u,6,ADS,30.17,259.999999999998,368.0298413900585,680.1497453328728
6262,MADS137,e,6,ADS,32.78605479291053,143.94520708947312,730.7036412200898,1918.0142167522665
6263,MADS137,a,6,ADS,33.74,109.99999999999943,680.2939709470703,1172.122845501597
6264,MADS137,e,6,ADS,34.80081062598463,129.18937401536823,628.815792461126,2004.3350016356126
6265,MADS137,a,6,ADS,35.68,130.00000000000256,746.4722153187213,1214.7392043665222
6266,MADS137,o,6,ADS,36.5,140.00000000000057,480.66715354451884,954.6358615517566
6267,MADS137,o,6,ADS,37.85,140.00000000000057,476.3265283182993,975.442279358931
6268,MADS137,æ,6,ADS,41.59,149.99999999999858,781.7283893163542,1571.3468466412444
6269,MADS137,i,6,ADS,42.16004288918516,109.95711081483961,360.7027318743921,2293.1070847812925
6270,MADS137,i,6,ADS,44.2597913576444,88.26030459329814,371.8409943942653,2262.425670527318
6271,MADS137,e,6,ADS,47.70107737800021,77.48042006281253,489.44388127085637,1970.5065547504557
6272,MADS137,a,6,ADS,47.98178913451807,148.21086548193563,734.6129596141261,1236.2414210866652
6273,MADS137,e,6,ADS,48.84420083763155,94.32398964167987,521.670180071612,1959.8635681286146
6274,MADS137,a,6,ADS,49.24,169.9999999999946,661.7433041175957,1202.6252233578623
6275,MADS137,a,6,ADS,50.39,140.00000000000057,794.319605659879,1279.5294934882154
6276,MADS137,æ,6,ADS,52.44,130.00000000000256,738.826051252756,1570.5928408362718
6277,MADS137,i,6,ADS,52.9888759858371,71.4167350144308,357.4908769661793,2191.2055636241043
6278,MADS137,e,6,ADS,54.50655556127661,110.49381643740475,513.7553728372619,1905.1212535386303
6279,MADS137,e,6,ADS,55.61786553153016,82.1966195449022,543.9138809197291,1787.569862752373
6280,MADS137,i,6,ADS,56.57,58.59371466188179,343.4038413550347,2174.148822234142
6281,MADS137,i,6,ADS,56.91524883308131,62.65807883341523,346.4943965026002,2191.585767512215
6282,MADS137,a,6,ADS,57.23400462103441,122.62118653420373,665.3957291822522,1269.859264358173
6283,MADS137,i,6,ADS,62.64,143.17853409315973,304.12689239843985,2429.762333740915
6284,MADS137,i,6,ADS,64.61,109.69677581697113,294.3339810784605,2246.8005406911743
6285,MADS137,æ,6,ADS,65.98,69.3186862517905,655.9171544026558,1743.7620945404362
6286,MADS137,a,6,ADS,66.27,109.99999999999943,623.2349523700431,1159.7671974449079
6287,MADS137,a,6,ADS,67.08,109.99999999999943,581.7262295243265,1182.1141764545755
6288,MADS137,o,6,ADS,68.93,59.99999999998806,457.1909542600861,1084.303700063104
6289,MADS137,i,6,ADS,69.16,40.00000000000625,469.3541519105331,1658.0424906825976
6290,MADS137,u,6,ADS,71.96356180530901,136.43819469098162,326.82113178061064,633.4514594164447
6291,MADS137,o,6,ADS,80.72900128836976,130.9987116302409,505.1626414834646,951.841295243641
6292,MADS137,u,6,ADS,81.18,119.99999999999034,415.4875424613598,847.0161722778191
6293,MADS137,o,6,ADS,84.46,140.00000000000057,484.5149207621039,862.1398101179097
6294,MADS137,æ,6,ADS,86.28,96.60746007035925,643.4304609102583,1738.2781092802265
6295,MADS137,o,6,ADS,86.87,129.99999999999545,625.900130310531,1051.7991927405003
6296,MADS137,a,6,ADS,88.89,158.74379930801297,703.0223430955898,1260.596664823448
6297,MADS137,e,6,ADS,90.08,100.00000000000853,491.7113438200925,1823.2396267210095
6298,MADS137,u,6,ADS,90.38593409814682,94.06590185318464,361.3385125170756,709.7595314222258
6299,MADS137,o,6,ADS,91.98,60.000000000002274,483.57644181696867,1221.1315834223951
6300,MADS137,a,6,ADS,92.63,174.9083456910654,657.1510558388027,1229.779843916981
6301,MADS137,e,6,ADS,93.53,140.00000000000057,578.3160257722104,1860.9719358924287
6302,MADS137,o,6,ADS,94.48845860815317,151.54139184683402,535.6691025336288,866.6921248713586
6303,MADS137,æ,9,ADS,2.84,97.40322209292307,808.4492556006836,1733.5092846188481
6304,MADS137,o,9,ADS,3.386578964407398,111.93052478386578,603.9461317985252,1300.635958997696
6305,MADS137,e,9,ADS,4.24,99.99999999999964,520.9988651537515,1920.5478607066982
6306,MADS137,o,9,ADS,5.01915729203121,130.8427079687906,456.198700613799,943.9782299441803
6307,MADS137,i,9,ADS,5.993700801750403,116.29919824959688,381.90850065558647,2252.9299102114273
6308,MADS137,u,9,ADS,7.634846779964331,215.1532200356687,292.18574408825236,732.2589500300952
6309,MADS137,u,9,ADS,8.8,98.12263587732417,456.8878938519258,635.90144100938
6310,MADS137,u,9,ADS,9.06,121.58305578451589,457.64690273768065,854.4310313123945
6311,MADS137,i,9,ADS,9.507507544850943,82.49245514905645,377.79310177657163,2164.967259761399
6312,MADS137,æ,9,ADS,12.3,149.99999999999858,736.448401412412,1612.1739092791745
6313,MADS137,æ,9,ADS,13.84,129.05821562292095,786.2120050259244,1573.3159542611638
6314,MADS137,æ,9,ADS,15.51,122.61142130368974,663.4088179181997,1584.757339504339
6315,MADS137,u,9,ADS,16.05852887275399,149.7252474381625,396.68972241970425,591.268856912651
6316,MADS137,e,9,ADS,18.88,106.47173551495115,490.693955319768,2094.913040689745
6317,MADS137,e,9,ADS,19.10276318983585,143.91067472211816,665.1378744364969,1809.1211602933513
6318,MADS137,u,9,ADS,19.57196434879883,108.03565120117042,361.5221268436808,1382.5133031291427
6319,MADS137,æ,9,ADS,25.53,149.99999999999858,956.1610466087313,1709.6405824609778
6320,MADS137,u,9,ADS,26.9855358115494,144.46418845059839,364.9230632670561,907.5597478646943
6321,MADS137,u,9,ADS,27.98,179.99999999999972,363.71884235767834,601.1150428443357
6322,MADS137,e,9,ADS,30.2,140.00000000000057,650.9082286157017,1864.2376755318687
6323,MADS137,a,9,ADS,31.12,114.73179474569761,630.4432561199496,1203.1822374301903
6324,MADS137,e,9,ADS,32.33847816802321,91.52183197679165,657.3605434954355,1841.106766300133
6325,MADS137,a,9,ADS,33.44740510919117,132.59489080882503,664.4670764546688,1207.8518899075173
6326,MADS137,o,9,ADS,34.42134603912871,119.19874067892522,539.4223415942976,1240.6253658884405
6327,MADS137,o,9,ADS,35.83,109.99999999999943,464.6818510967284,1143.6895838903051
6328,MADS137,æ,9,ADS,39.9624880497186,122.10602703694207,730.9142443530751,1696.0363081020141
6329,MADS137,i,9,ADS,40.48349488758629,87.21859074068306,336.82604354907704,2299.7469209689984
6330,MADS137,i,9,ADS,42.94559224904,111.26509491439407,393.67212736313604,2233.4495488538314
6331,MADS137,e,9,ADS,45.89578813078386,81.40401802461383,570.0460754801994,1991.4544706416452
6332,MADS137,a,9,ADS,46.17488762115401,138.0961020060738,489.20665406357756,1268.3539179477723
6333,MADS137,e,9,ADS,47.17101871998662,71.22851577155132,513.7161716249282,1814.527283578111
6334,MADS137,a,9,ADS,47.51,140.00000000000057,837.2632080360308,1337.6979317273617
6335,MADS137,a,9,ADS,49.05,130.00000000000256,694.8063440596288,1234.6406750982633
6336,MADS137,æ,9,ADS,51.11,117.00294381453347,700.0049944985515,1664.0139037720949
6337,MADS137,i,9,ADS,51.59477466810438,55.2253318956204,362.0077748241847,2197.826809900044
6338,MADS137,e,9,ADS,53.11735591046493,82.64408953507285,515.1666559546543,1918.5511785760264
6339,MADS137,e,9,ADS,54.20096833780801,85.76494756166397,512.135546001655,1829.0168004214213
6340,MADS137,i,9,ADS,55.19,39.99999999999915,355.49363625502514,2027.9199400572334
6341,MADS137,i,9,ADS,55.51329679475157,77.04308848759212,319.31340934115457,1899.2140832581958
6342,MADS137,a,9,ADS,55.79,90.00000000000341,608.0034843740791,1260.497620504264
6343,MADS137,i,9,ADS,61.94969737008433,142.45703154310263,320.09527378557345,2401.995185476533
6344,MADS137,i,9,ADS,63.55,97.84384924747513,374.7874148319578,2290.649765426089
6345,MADS137,e,9,ADS,64.95639970228154,81.40401802462804,672.0022817551419,1735.7597052890806
6346,MADS137,a,9,ADS,65.21805547450357,91.94452549643017,608.6635157959489,1144.2908665071916
6347,MADS137,a,9,ADS,66.06662607814447,85.76494756165687,610.1900797304259,1162.3765694980045
6348,MADS137,o,9,ADS,67.53232960299567,47.67039700432463,474.1080464388029,1306.6400895156303
6349,MADS137,i,9,ADS,67.72421050262516,65.78949737485118,423.4346456093272,1658.805850578282
6350,MADS137,u,9,ADS,70.63336453334476,146.63546665524052,416.28701706713736,1509.402355461624
6351,MADS137,o,9,ADS,78.91607466281395,123.92533718605137,440.7670320436091,973.0090359427011
6352,MADS137,u,9,ADS,79.38560140963459,106.11595206782454,368.347229321537,613.4757045959042
6353,MADS137,o,9,ADS,82.6,130.00000000000966,488.90679065776607,908.1950915234287
6354,MADS137,e,9,ADS,84.31233215184419,82.85766120363292,597.4371324288966,1728.3869815879038
6355,MADS137,o,9,ADS,84.83,120.00000000000455,537.1739400968186,865.0353259499558
6356,MADS137,a,9,ADS,86.97003733763874,149.96266236126132,621.4539216146828,1213.6900488654205
6357,MADS137,e,9,ADS,87.97,109.99999999999943,510.38234600641414,1894.3648304681715
6358,MADS137,u,9,ADS,88.36,142.02012309699796,320.9613250127543,722.822012854792
6359,MADS137,o,9,ADS,89.62,60.000000000002274,418.87146196340564,1250.105368402205
6360,MADS137,a,9,ADS,90.25200370620888,138.0961020060738,552.6087561656077,1225.917092822356
6361,MADS137,e,9,ADS,91.09,129.99999999999545,591.417179737004,1885.4123545478421
6362,MADS137,o,9,ADS,92.04313766963072,116.86233036927263,484.98989180097584,1037.4241222579208
6363,MADS138,æ,15,ADS,2.07,84.11586341324507,784.3568162750771,1590.2526558173436
6364,MADS138,o,15,ADS,2.603108756375073,116.8912436249272,475.8227831500269,1007.6657719837496
6365,MADS138,e,15,ADS,3.29,85.59367207455182,588.6200818369963,1431.3325945045533
6366,MADS138,o,15,ADS,4.040677007436326,120.72920010751176,500.0833198208559,1074.5328184027403
6367,MADS138,i,15,ADS,4.930428426842286,89.57157315771357,448.55297349306255,2028.544261463505
6368,MADS138,u,15,ADS,6.17,110.00000000000031,321.93164764087436,657.4567882358376
6369,MADS138,u,15,ADS,7.14,100.00000000000054,409.5466900866691,928.898090769601
6370,MADS138,u,15,ADS,7.455002011625933,214.99798837406735,386.590603479399,643.2293942103013
6371,MADS138,i,15,ADS,8.042887521372291,77.11247862770776,413.89631287055533,2315.8777612685717
6372,MADS138,æ,15,ADS,10.57,76.85815669861995,728.7694934472427,1826.7800022776605
6373,MADS138,æ,15,ADS,11.8,102.43151039142973,756.2240009236237,1686.4725084641545
6374,MADS138,æ,15,ADS,12.90274943365144,108.75605629519924,733.1428393771259,1656.1920623755461
6375,MADS138,u,15,ADS,13.34,126.98642865785992,336.468520786266,780.2032303603474
6376,MADS138,e,15,ADS,15.12,74.17655037491144,608.2667242513398,2119.1856559651997
6377,MADS138,æ,15,ADS,15.28,140.00000000000057,783.4020286567743,1602.7913664545663
6378,MADS138,u,15,ADS,15.82,70.00000000000028,364.74535303209524,872.3452957516633
6380,MADS138,u,15,ADS,23.46,144.6463893414176,399.4521240167595,643.4673886460316
6381,MADS138,u,15,ADS,24.42,189.99999999999773,371.896621076721,790.2672128308302
6382,MADS138,e,15,ADS,26.7,109.99999999999943,680.6933635972339,1615.6037212971748
6383,MADS138,a,15,ADS,27.77,118.15340293179943,741.905453722046,1420.3297679286964
6384,MADS138,a,15,ADS,30.09,109.99999999999943,766.7644558941186,1246.8122831941428
6385,MADS138,o,15,ADS,31.21996712100641,107.75829431084105,401.40695502763725,810.2492813319448
6386,MADS138,o,15,ADS,32.76,89.95867517899114,473.0148744925149,1086.4890519424307
6387,MADS138,æ,15,ADS,36.41,120.00000000000455,662.4263927740876,1260.9336003258907
6388,MADS138,i,15,ADS,37.20888513022123,111.11486977876694,507.5625593406315,2462.5800317346384
6389,MADS138,i,15,ADS,39.26686282029772,95.78515049853564,478.4734655195023,2276.019129669273
6390,MADS138,e,15,ADS,42.90651558109152,89.79857859235807,660.1308046050123,2031.5615428757956
6391,MADS138,a,15,ADS,43.16,128.6584211012567,659.9233399213058,1181.72696259214
6392,MADS138,e,15,ADS,43.92134396251559,98.65603748441032,515.507904225934,1755.6067566800045
6393,MADS138,a,15,ADS,44.25758975124479,95.78515049852143,680.4440336962547,1268.671422290341
6394,MADS138,a,15,ADS,45.73,105.86931979396041,626.0228601350567,1211.301871516584
6395,MADS138,æ,15,ADS,47.39232944571074,129.7090579667497,615.8735908722845,1443.3959449711915
6396,MADS138,i,15,ADS,48.05933592510622,82.81424470185073,470.0185458236334,2450.7552768805417
6397,MADS138,e,15,ADS,49.88194104450208,93.78962652980505,568.308201646633,2181.0690081632515
6398,MADS138,e,15,ADS,50.99339413969228,76.82767279568026,602.0625296765016,1879.0185906411311
6399,MADS138,i,15,ADS,52.44,40.23631965335284,430.7722054763712,2064.0227217175225
6400,MADS138,i,15,ADS,52.74264772153992,87.35227846008087,479.61926964412,2259.052215289871
6401,MADS138,a,15,ADS,53.02,109.46815974014612,673.1992039480108,1389.7813672218326
6402,MADS138,i,15,ADS,58.22776830858786,113.74486621699731,454.4453534623547,2449.269259436761
6403,MADS138,i,15,ADS,60.28,98.62368199127047,406.4604059294261,2410.848971090185
6404,MADS138,æ,15,ADS,61.32,89.6737115099171,683.9114118700118,1604.9230830133438
6405,MADS138,a,15,ADS,61.58,91.08735141214197,703.0231826173531,1322.5005781106734
6406,MADS138,a,15,ADS,62.73,80.82105729098288,665.083605284418,1292.7311925462323
6407,MADS138,o,15,ADS,64.69528741971705,61.86124303029317,517.0158667924597,1262.7439984192226
6408,MADS138,i,15,ADS,64.93,39.99999999999204,429.54963083844564,1991.4898983014
6409,MADS138,u,15,ADS,68.15693633107965,83.06366892034589,362.9443747689737,790.7995850037887
6410,MADS138,o,15,ADS,76.44033368405914,99.6663159408655,504.1774750097603,1036.9332425383566
6411,MADS138,u,15,ADS,76.85682952544526,112.74710423263912,395.9822159524709,805.4785057763701
6412,MADS138,o,15,ADS,80.05,109.99999999999943,589.3326347624608,1128.774958377754
6413,MADS138,æ,15,ADS,81.41,109.99999999999943,698.0307599008966,1367.2398055674553
6414,MADS138,o,15,ADS,81.95,78.26407203597796,604.6452878956536,1082.8236697537036
6415,MADS138,a,15,ADS,84.39,150.00000000000568,630.7547557493193,1213.8328582759777
6416,MADS138,e,15,ADS,85.38,150.00000000000568,616.4072580614065,2180.128444855408
6417,MADS138,u,15,ADS,85.88,112.54619171964464,358.5061802141797,620.1620477289913
6418,MADS138,u,15,ADS,87.5092219735834,110.77802641661094,530.4714713173377,1002.3325582255865
6419,MADS138,a,15,ADS,88.19,100.00000000000853,677.3109790489855,1186.4444379897568
6420,MADS138,e,15,ADS,88.968470093109,101.52990689098829,576.5509076595187,2054.9466269063696
6421,MADS138,o,15,ADS,89.92,97.97612648725362,445.6106957364813,917.1481511114855
6422,MADS138,æ,18,ADS,3.74,135.01735576564178,927.7806715323458,1527.5653771196369
6423,MADS138,o,18,ADS,4.090797835371201,56.434894666069546,486.7261081487296,1070.7848321263373
6424,MADS138,o,18,ADS,4.451612632547354,127.80843792021645,518.6617615274239,933.2748170126227
6425,MADS138,e,18,ADS,5.34702262246219,107.89023980277967,571.0534443829547,1792.4753576365117
6426,MADS138,o,18,ADS,6.032349970064164,97.93114074406174,498.0552068853047,1153.2621208844703
6427,MADS138,i,18,ADS,7.055625547159636,109.55008964589919,401.35775138281423,2305.4573753524296
6428,MADS138,u,18,ADS,8.594129581225085,105.87041877491465,416.04962766861786,907.1788305380272
6429,MADS138,u,18,ADS,9.627568762085698,84.65234199910299,353.14337370794055,978.749959707355
6430,MADS138,u,18,ADS,9.891498754241685,185.90318242940464,410.38115955846314,888.7486224459374
6431,MADS138,i,18,ADS,10.41829853572981,107.89023980277967,367.8592556154816,2192.087295558909
6432,MADS138,æ,18,ADS,16.46,114.91790484685893,754.8742716377294,1480.2883985265496
6434,MADS138,u,18,ADS,18.44,147.08271322876953,392.40868160417205,760.7053417440034
6435,MADS138,e,18,ADS,20.57572976051701,78.02680972658038,561.2845671998342,1890.814638053273
6436,MADS138,æ,18,ADS,20.73,120.000000000001,859.7073111502841,1634.4986778559312
6437,MADS138,u,18,ADS,21.60361355702083,81.33264231286219,379.4466666389399,913.6207245827635
6438,MADS138,æ,18,ADS,28.14,133.76777598100986,764.4082283944135,1624.3450020287871
6439,MADS138,u,18,ADS,29.43853959915449,137.76753697893085,472.62854408976136,965.4724214268124
6441,MADS138,e,18,ADS,32.63,108.30511910072715,647.0960133207889,1845.1452597475147
6442,MADS138,a,18,ADS,33.66,117.79399740641594,695.4647168843546,1272.5758463023617
6443,MADS138,e,18,ADS,35.00063675289716,112.86978933214442,697.8626908466009,2051.4881740519268
6444,MADS138,a,18,ADS,36.34196617356049,114.52963917525949,764.8808748889012,1188.3797807874237
6445,MADS138,o,18,ADS,37.09534736473037,114.65263526962843,436.7879323500169,999.9750731635324
6446,MADS138,o,18,ADS,38.40493513366801,105.0648663319862,525.598248008843,1129.5504858764384
6447,MADS138,æ,18,ADS,41.85974785778259,120.2521422174101,729.2205571522487,1622.4772911723123
6448,MADS138,i,18,ADS,42.39423337436708,89.6318915284553,405.87995041942196,2492.4735036287066
6449,MADS138,i,18,ADS,44.26330261578458,91.29174137158458,436.3009217535591,2427.322331443688
6450,MADS138,e,18,ADS,47.34644652546618,81.33264231287285,604.1381834951336,1826.8978233938947
6451,MADS138,a,18,ADS,47.5870294339153,107.89023980279211,680.2554123519783,1226.306249677934
6452,MADS138,e,18,ADS,48.28732645599058,89.6318915284624,593.9433991317287,2105.3974302331612
6453,MADS138,a,18,ADS,48.58,145.43149577094994,748.679398373497,1319.5594877959543
6454,MADS138,a,18,ADS,49.76259938573056,102.0807653518574,701.9085256301278,1142.2873930824085
6455,MADS138,æ,18,ADS,51.65895128790437,106.23038995966994,699.4353997322842,1616.4131812500113
6456,MADS138,i,18,ADS,52.0874943319429,87.97204168534734,454.4098048737576,2538.4449106368083
6457,MADS138,e,18,ADS,54.29675650417498,69.71369341101763,556.4478234485546,2061.5418462119014
6459,MADS138,e,18,ADS,55.76796322201445,45.64587068579584,631.1685334145492,1872.736335100687
6460,MADS138,i,18,ADS,57.54103429440343,41.496246077990406,403.7445928947739,2243.4960450012304
6461,MADS138,a,18,ADS,57.82331795363694,100.42091550874943,639.5362518891407,1279.8337834695324
6462,MADS138,i,18,ADS,63.8002507332198,125.31866315553941,344.4314646233714,2590.792461999587
6463,MADS138,i,18,ADS,65.58105047268633,84.65234199910299,421.5969367423155,2453.1379137396875
6464,MADS138,æ,18,ADS,67.74536089962481,80.50271739131176,701.2739922109542,1592.9816641059183
6465,MADS138,a,18,ADS,68.03428395823083,89.63189152846951,677.0296938615081,1131.0811329499763
6466,MADS138,a,18,ADS,68.71822746730747,74.69324294038415,531.9224736498409,1146.292212583647
6467,MADS138,o,18,ADS,71.20798045083494,50.62542021514105,622.3471252546096,1166.1011771789529
6468,MADS138,i,18,ADS,71.41992499644228,40.07500355771754,382.5404532713103,1785.7274882787976
6469,MADS138,o,18,ADS,83.678295523195,116.18948901838166,542.1166759062702,1157.2527708003465
6470,MADS138,u,18,ADS,84.13,120.75308146484076,396.238049591904,1152.853450580253
6471,MADS138,o,18,ADS,87.31791130647595,119.5091887046118,534.608335392232,1064.6190393427648
6472,MADS138,æ,18,ADS,88.98086485869442,132.78798744957498,754.1067354292586,1560.962673950315
6473,MADS138,o,18,ADS,89.61351543578988,146.48456421012668,483.0641115528031,1001.0159206153119
6474,MADS138,a,18,ADS,91.59462550414476,159.34558493950135,635.2848310599818,1164.3570769736016
6475,MADS138,e,18,ADS,92.64,138.78822545801484,608.2270055986199,2111.207598918876
6476,MADS138,u,18,ADS,93.06043735981476,90.46181645004481,390.3266435224074,683.6628932845765
6477,MADS138,e,18,ADS,93.67,112.11072657852128,615.3432987460824,2099.740633582661
6478,MADS138,u,18,ADS,94.09381308818762,110.38001456746827,349.39474780958415,653.3244028010171
6479,MADS138,o,18,ADS,95.52360977409072,100.42091550872101,534.5944972991157,1209.1061282286382
6480,MADS138,a,18,ADS,96.23971865183609,131.9580625280139,700.3595797332102,1291.8237682702904
6481,MADS138,e,18,ADS,97.05,118.2764034048489,687.7916290653749,1718.4869575577527
6482,MADS138,o,18,ADS,98.12317534166117,100.42091550873522,417.21208474181066,957.5156202847759
6483,MADS138,æ,6,ADS,1.92,99.58679806410098,814.8732021863202,1579.5728033450016
6484,MADS138,o,6,ADS,2.436377432726279,105.24573269451176,555.9319608423415,1248.4675799044987
6485,MADS138,e,6,ADS,3.530603218575186,105.90351852385194,625.9989724866239,2088.681879826209
6486,MADS138,o,6,ADS,4.20538210357496,113.13916264659963,634.9781759152866,1216.9381249549772
6487,MADS138,i,6,ADS,5.982493484683225,87.50651531677534,355.1392828860404,2124.3550190394894
6488,MADS138,u,6,ADS,7.832398634578079,147.60136542192103,375.0251033108196,715.9434583047964
6489,MADS138,u,6,ADS,8.427879378587948,122.12062141205315,353.6718022119987,1007.2864188664435
6490,MADS138,u,6,ADS,8.72,167.67167329709486,341.7385737522553,964.2862264113191
6491,MADS138,i,6,ADS,9.22,89.79808068407458,392.58857979246744,2152.735659660244
6493,MADS138,æ,6,ADS,13.09416521911705,110.50801932923981,846.3586935178242,1627.0375373556499
6494,MADS138,æ,6,ADS,14.16565167835524,121.69037842802943,749.5652566733177,1692.313943042634
6495,MADS138,u,6,ADS,14.57579814659666,175.628816433969,377.44263375022825,767.8064491900295
6496,MADS138,e,6,ADS,16.97,96.65192677871204,564.8935572171843,1652.6642675646785
6497,MADS138,æ,6,ADS,17.14,129.999999999999,813.9516456277859,1361.3297911916188
6498,MADS138,u,6,ADS,17.5457852430481,84.8543719849495,292.8764546148889,890.313891791518
6500,MADS138,u,6,ADS,24.54,179.99999999999972,408.08299428263064,751.7551419641513
6501,MADS138,u,6,ADS,25.45182026716705,148.1797328329506,381.2940848383273,781.7485263456452
6502,MADS138,e,6,ADS,28.49686484527196,123.13515472803971,651.3542360647821,1489.8407977280492
6503,MADS138,a,6,ADS,29.5,79.9999999999983,813.6660484726567,1319.2151858652376
6504,MADS138,e,6,ADS,30.67,101.31785454497688,572.1282857689877,1444.9475018497849
6505,MADS138,a,6,ADS,31.97,111.2023724393083,694.2523630349256,1317.2940873863108
6506,MADS138,o,6,ADS,33.04,100.00000000000142,431.228234875722,1168.824296231267
6507,MADS138,o,6,ADS,34.39,89.9999999999963,572.4127770136762,1227.682789455879
6508,MADS138,æ,6,ADS,37.0956486631089,124.35133689109534,739.0405993467019,1552.1082196250952
6509,MADS138,i,6,ADS,37.56301532054022,99.98344605978104,385.2576829199654,2241.27041310231
6510,MADS138,i,6,ADS,39.06973195155032,103.93016103584074,363.32326534337983,2456.5678832730828
6511,MADS138,e,6,ADS,42.34667380508951,73.32619491049286,664.6108982189417,2136.519869466632
6512,MADS138,a,6,ADS,42.56285052874688,99.98344605978815,648.1709648648601,1400.0651889587007
6513,MADS138,e,6,ADS,43.5,70.00000000000028,613.8062759522642,1997.1845869067756
6514,MADS138,a,6,ADS,43.77963417017929,103.2723752064868,755.9581292737834,1111.073536104332
6515,MADS138,a,6,ADS,45.22,90.00000000000341,708.5133834672134,1087.2368159627392
6516,MADS138,æ,6,ADS,47.28,123.14849172820175,689.878026531156,1455.508967502137
6517,MADS138,i,6,ADS,47.80364504181838,86.35495818162298,308.33897334484465,2352.0248305707564
6518,MADS138,e,6,ADS,49.43436412734395,110.50801932924514,617.1392190944188,1871.1505229519437
6519,MADS138,e,6,ADS,50.41,87.60049312381568,600.0610871137475,1835.921509337947
6520,MADS138,i,6,ADS,51.89,90.32135602920022,353.73784059930483,2174.3011696130347
6521,MADS138,i,6,ADS,52.23620004364273,74.98758454485,428.5087311557145,2274.8605268268016
6522,MADS138,a,6,ADS,52.51,98.9333836645514,740.4832288100558,1382.6306964449948
6523,MADS138,i,6,ADS,58.17559711476927,124.40288523072951,370.3681756665477,1893.1458425958988
6524,MADS138,i,6,ADS,59.8499505233016,109.85023349989831,369.0750364074964,2479.0143383316076
6525,MADS138,æ,6,ADS,61.33012090694244,88.1433011316517,727.4317743291904,1375.1469619773252
6526,MADS138,a,6,ADS,61.55837258972367,106.56130435319255,706.5653004456099,1306.6007144316675
6527,MADS138,a,6,ADS,62.52,119.99999999999744,662.0658900625409,1266.9901133997762
6528,MADS138,o,6,ADS,64.01355537395986,63.805225446046165,511.1710708104699,1194.9578179174425
6529,MADS138,i,6,ADS,64.25,46.403280576370776,420.1229787719977,1755.094558376158
6530,MADS138,u,6,ADS,67.55425857812065,99.32566023044842,361.9024350628951,933.6027002899859
6531,MADS138,o,6,ADS,75.61880204220415,111.19795779585218,514.8797366925543,1149.6437711747847
6532,MADS138,u,6,ADS,75.98,119.99999999999034,308.0046885018238,867.449610300215
6533,MADS138,o,6,ADS,79.13444307672269,109.8502334998841,461.160657337983,994.5817445872503
6534,MADS138,o,6,ADS,80.91,100.00000000000853,492.05135863621445,963.6757901731944
6535,MADS138,a,6,ADS,83.12,179.95497674174032,730.4921627949834,1199.832126047986
6536,MADS138,e,6,ADS,84.15,109.99999999999943,604.0473289069464,2111.7755652441806
6537,MADS138,u,6,ADS,84.52,113.36204536823402,356.5360462676684,829.2695742695257
6538,MADS138,o,6,ADS,86.27,97.51124522455257,529.8329761827475,1300.227607315107
6539,MADS138,a,6,ADS,87.19,105.3172162503273,668.2449326733738,1303.0229779960841
6540,MADS138,e,6,ADS,87.95,88.21547212258452,635.8326703987128,1768.4858512513829
6541,MADS138,o,6,ADS,88.85272813035883,125.63709340408025,565.9467707764595,1290.4768085963112
6542,MADS138,æ,9,ADS,3.486199968923368,83.0437471591412,910.5298576496998,1760.5308188477184
6543,MADS138,o,9,ADS,4.008352704831226,121.64729516877415,555.2683018618685,1155.8079173358042
6544,MADS138,e,9,ADS,4.927809613650401,82.19038634959918,658.4898844347913,2022.8651072217474
6545,MADS138,o,9,ADS,5.635252143360891,124.74785663910914,556.0987627554022,1189.813245972778
6546,MADS138,i,9,ADS,6.33,120.00000000000011,406.29641080538204,2185.167914354399
6547,MADS138,u,9,ADS,7.88,159.99999999999926,322.70459156268566,727.5141228589823
6548,MADS138,u,9,ADS,8.86583760688323,174.16239311676838,395.2364183899859,965.1082752098246
6549,MADS138,u,9,ADS,9.198576258032643,281.4237419673571,455.9792093839273,888.588296599502
6550,MADS138,i,9,ADS,9.854833770944197,105.1662290558042,370.3945206514278,2199.3331488430854
6551,MADS138,æ,9,ADS,14.49,109.99999999999943,882.0277123439079,1527.4509437435208
6552,MADS138,æ,9,ADS,15.6,97.41439300418975,782.0264070540486,1769.9959708751107
6553,MADS138,u,9,ADS,16.05,120.000000000001,371.2901779067816,984.1648776489369
6554,MADS138,e,9,ADS,17.89926587087004,100.78418616485152,680.9507762863564,1923.0115783260474
6555,MADS138,æ,9,ADS,18.07731793309461,112.68206690539273,956.8212054241948,1688.4818009123328
6556,MADS138,u,9,ADS,18.57855776770085,101.62405438288857,412.0796872255309,958.1741140043141
6557,MADS138,æ,9,ADS,24.38,120.000000000001,870.2137413022115,1763.520842940165
6558,MADS138,u,9,ADS,25.52819154746275,106.66326369112866,453.28029856535807,899.7523576865588
6559,MADS138,u,9,ADS,26.45,129.999999999999,346.68578072896736,767.7704426051115
6560,MADS138,e,9,ADS,28.66,100.00000000000142,778.2584368979648,1886.4539596504126
6561,MADS138,a,9,ADS,29.61,100.00000000000142,744.4193725095067,1221.722277969048
6562,MADS138,e,9,ADS,30.84,89.99999999999986,724.9992712276787,2018.9891560122517
6563,MADS138,a,9,ADS,31.97,109.99999999999943,725.1599983726002,1197.4911810895494
6564,MADS138,o,9,ADS,32.95,89.9999999999963,530.1912198730042,1083.319966161204
6565,MADS138,o,9,ADS,34.37,100.00000000000142,521.5874010609117,1187.248993149074
6566,MADS138,æ,9,ADS,37.58475818126674,106.66326369112511,810.4303765347133,1573.118213692316
6567,MADS138,i,9,ADS,38.19682278228549,123.17721771451318,407.84843058294894,2533.396995221358
6568,MADS138,i,9,ADS,40.45962673269313,90.37326730686601,422.4056664626335,2619.6225330913853
6569,MADS138,e,9,ADS,43.12953973863725,80.4602613627523,649.723583741375,2177.769907552346
6570,MADS138,a,9,ADS,43.37083157866405,102.46392260093984,768.9407517794434,1317.314141797683
6571,MADS138,e,9,ADS,44.4,90.3833374153038,758.2752516537414,2058.280449225361
6572,MADS138,a,9,ADS,44.67,131.97444630829125,670.7729091661122,1084.991554076651
6573,MADS138,a,9,ADS,45.95,109.99999999999943,681.1225635071426,1136.8908733398825
6574,MADS138,æ,9,ADS,48.35503522680966,114.22207765350123,843.9395358781387,1702.9335172315152
6575,MADS138,i,9,ADS,48.86829301600617,71.70698399382758,372.3509802531007,2421.4615872487375
6576,MADS138,e,9,ADS,50.7101919118771,79.80808812290263,638.3994666946323,2138.871372879613
6577,MADS138,e,9,ADS,51.75802953390797,63.82998457106481,606.599263253679,1931.9782177605457
6578,MADS138,i,9,ADS,53.2,67.56257660381948,559.5644769952737,2279.3206501595437
6579,MADS138,i,9,ADS,53.51298315002736,57.95090704477701,469.80033923813664,1835.243704940681
6580,MADS138,a,9,ADS,53.74,100.00000000000142,802.4151750488983,1307.0477432809353
6581,MADS138,i,9,ADS,59.54,140.00000000000057,391.0671359129904,2395.4264478500845
6582,MADS138,i,9,ADS,61.39717571940274,112.82428059725902,435.7390447965464,2534.0350414447817
6583,MADS138,æ,9,ADS,62.65,97.54495368396476,838.1860678097262,1363.6205264381135
6584,MADS138,a,9,ADS,62.9,100.37805663870358,764.7347643169346,1266.333260838628
6585,MADS138,a,9,ADS,63.69,69.19763464568973,669.0713404695036,1227.283405973811
6586,MADS138,o,9,ADS,65.61113204172,68.86795828000913,490.8888849002853,1074.9171744794464
6587,MADS138,i,9,ADS,65.87,39.99999999999204,483.7512846523347,1526.6544426233918
6588,MADS138,u,9,ADS,69.22127616076764,88.72383923235816,353.64778400635174,931.4720479590227
6589,MADS138,o,9,ADS,76.92775721323805,112.24278676195354,543.6829301402545,1048.9018561703108
6590,MADS138,u,9,ADS,77.38,111.0439189611725,364.88132741635746,783.1920492968485
6591,MADS138,o,9,ADS,80.49,100.00000000000853,428.7502769142449,1060.4202100509574
6592,MADS138,æ,9,ADS,81.65843417464187,78.10774427775868,801.6934850704877,1680.0308164883606
6593,MADS138,o,9,ADS,82.14437732756765,95.62267243234146,399.5546588070669,992.2916900430583
6594,MADS138,a,9,ADS,84.3,159.9999999999966,813.2670200730178,1213.3384176360712
6595,MADS138,e,9,ADS,85.59,99.99999999999432,584.9047522438838,1885.0035700003536
6596,MADS138,u,9,ADS,85.95,98.17768502300339,356.4698486901787,851.4100169448749
6597,MADS138,o,9,ADS,87.18,49.99999999999716,433.51673571061315,1288.1978483010773
6598,MADS138,a,9,ADS,87.83222905086716,127.77094913283804,717.8975679781813,1230.1487526454484
6599,MADS138,e,9,ADS,88.6,109.99999999999943,702.7837963991527,2021.2314027444334
6600,MADS138,o,9,ADS,89.80014094876871,99.85905123129157,484.7571218396305,1027.7325322250158
6601,MADS139,æ,6,ADS,3.338845279966492,93.93792619577911,795.8891422621407,1612.3136077416073
6602,MADS139,o,6,ADS,3.89440924560766,122.40396443692525,452.57224178438105,1054.9145672795892
6603,MADS139,e,6,ADS,4.730524213871866,106.74764340429465,522.6867578315388,1787.6573560474324
6604,MADS139,o,6,ADS,5.519063799412512,148.02339885395543,468.7878356764482,1028.1034946485875
6605,MADS139,i,6,ADS,6.52,120.00000000000011,412.6113639760342,2461.314798930997
6607,MADS139,u,6,ADS,9.01,160.00000000000014,362.89051377418286,864.450312371893
6608,MADS139,u,6,ADS,9.35,153.48471571941678,447.83243298021375,1285.8154769989126
6609,MADS139,i,6,ADS,9.870250715352274,99.74928464772681,391.54407657301635,2545.8333750378915
6610,MADS139,æ,6,ADS,12.92364400791724,136.63698355749966,694.1423283886751,1719.596201214035
6611,MADS139,æ,6,ADS,14.32,89.78970362239913,735.3884847783429,1465.348178221022
6612,MADS139,æ,6,ADS,16.08209990312468,131.65542686529008,671.382273382195,1629.4192472611417
6613,MADS139,u,6,ADS,16.56836930822906,141.61854024969145,430.6490441436107,2357.9094909887936
6614,MADS139,e,6,ADS,18.48,169.27372729821855,589.584459331681,2133.468444721534
6615,MADS139,æ,6,ADS,18.7282669834174,121.73301658260272,733.4826637262931,1626.249365336134
6616,MADS139,u,6,ADS,19.48293804870326,117.06195129674057,340.50740980509596,706.5139716858622
6617,MADS139,æ,6,ADS,25.16,153.206766453021,650.2930948418018,1663.129025752095
6618,MADS139,u,6,ADS,26.64,129.999999999999,302.09447406388404,616.3729991939987
6619,MADS139,u,6,ADS,27.83,230.00000000000043,386.8025860739445,810.1245417072635
6620,MADS139,e,6,ADS,30.22430781674396,155.69218325603984,637.9602933679735,2120.4376115418245
6621,MADS139,a,6,ADS,31.54,100.00000000000142,715.4892800225746,1230.5753003348154
6622,MADS139,e,6,ADS,32.99396150103813,146.0384989618717,594.6183189690029,2168.601175454216
6623,MADS139,a,6,ADS,33.95,149.99999999999858,716.0085766874413,1102.9597959305088
6624,MADS139,o,6,ADS,35.04,109.99999999999943,504.78911390753046,994.6461420362531
6625,MADS139,o,6,ADS,36.82,127.28157741661761,476.6228343139427,971.2410808208804
6626,MADS139,æ,6,ADS,39.89,145.57207465961852,685.0618844469132,1676.2645449483946
6627,MADS139,i,6,ADS,40.49071433200299,158.69816319438002,360.42871820391423,2495.8747123413227
6628,MADS139,i,6,ADS,43.62428875158201,164.39137084261546,397.8693732767363,2305.6193344420026
6629,MADS139,e,6,ADS,48.5076091067553,107.45929436032498,592.6434899128873,2148.7448158026355
6630,MADS139,a,6,ADS,48.79,130.7626182168775,718.3107432257088,1205.3809592249324
6631,MADS139,e,6,ADS,50.10239928876347,128.8088230411759,563.1821839321769,2163.7567367517713
6632,MADS139,a,6,ADS,50.54,140.00000000000057,726.0893416965305,1135.3890218428267
6633,MADS139,a,6,ADS,51.94495191375213,108.17094531635973,958.7125980751922,1556.3702981529561
6634,MADS139,æ,6,ADS,54.13133986078518,120.26901156882985,706.6678369102345,1740.0432836693583
6635,MADS139,i,6,ADS,54.68766943252366,119.5573606128093,349.3487209982521,2583.4502542598466
6636,MADS139,e,6,ADS,56.52481823602275,106.74764340429022,525.4458088851051,2036.4386877544662
6637,MADS139,e,6,ADS,57.7067706005604,102.47773766812429,508.4067392981323,1989.892767839405
6638,MADS139,i,6,ADS,59.19,50.28121632841476,478.98548761854687,2205.55744975057
6639,MADS139,i,6,ADS,59.54059925924859,98.91948288798602,352.9959770448903,2321.720497551407
6640,MADS139,a,6,ADS,60.29835369885195,128.80882304119012,674.2367327233638,1206.7256736919862
6641,MADS139,i,6,ADS,65.68,169.9999999999875,379.63837652636136,2526.5885244930732
6642,MADS139,i,6,ADS,67.57,97.74731652059643,425.2779648430712,2414.332763077069
6643,MADS139,æ,6,ADS,68.78,138.51936113233876,743.4463761269526,1673.9045685016918
6644,MADS139,a,6,ADS,69.16,85.87880090551891,574.605833747147,1219.06430251271
6645,MADS139,a,6,ADS,69.91,121.59942993073969,677.0523711146216,1186.0628722050465
6646,MADS139,o,6,ADS,72.04,60.58993757565645,594.4507247952641,1395.189566517694
6647,MADS139,i,6,ADS,72.31,76.67362189917526,456.52576562780644,2152.201851250655
6648,MADS139,u,6,ADS,75.26721599512335,122.78400487664953,399.3283958406531,1097.1191466962996
6649,MADS139,o,6,ADS,84.18812062564544,135.92533260145956,485.30088444447057,910.1216931114099
6650,MADS139,u,6,ADS,84.71,125.30340978619847,414.90001184043086,835.329382398894
6651,MADS139,o,6,ADS,88.45,149.99999999999147,547.3094341798696,966.1594241132234
6652,MADS139,æ,6,ADS,89.95937626918654,170.62373081346038,741.8883415977383,1437.7988929036892
6653,MADS139,o,6,ADS,90.84,119.99999999999034,565.2181655015364,944.4633739700735
6654,MADS139,a,6,ADS,93.22,150.00000000000568,612.9772404821074,1096.7558851587492
6655,MADS139,e,6,ADS,94.99,130.00000000000966,573.325454375111,2174.130346608261
6656,MADS139,u,6,ADS,95.45,117.00079007788133,343.3927924211588,951.2814878166132
6657,MADS139,o,6,ADS,97.13,150.00000000000568,551.4581405084923,1189.6758365467626
6658,MADS139,a,6,ADS,97.95,138.70921603964348,667.0634468435693,1285.56292281973
6659,MADS139,e,6,ADS,99.13,120.00000000000455,553.8876546646375,2076.68706180598
6660,MADS139,o,6,ADS,100.3546442231525,143.04184216179294,500.42342692767573,914.0620857598319
6661,MADS140,æ,15,ADS,2.47,119.99999999999966,948.3432667105876,1590.3771530195459
6662,MADS140,o,15,ADS,3.067160985933715,135.07069245243207,516.597550976556,1061.8801677909307
6663,MADS140,e,15,ADS,4.5,70.56576658904667,514.7783097403991,1987.7944645791965
6664,MADS140,o,15,ADS,5.178103798765032,121.8962012349678,490.0722957050083,1079.5756858593527
6665,MADS140,i,15,ADS,6.23,119.99999999999922,390.5584585568076,2348.2044075036106
6666,MADS140,u,15,ADS,7.51,120.00000000000011,388.1602312493909,1812.3586805885734
6667,MADS140,u,15,ADS,8.49,129.999999999999,365.3976937216089,742.5553247976075
6668,MADS140,u,15,ADS,8.820737321414784,155.0811654083475,436.580854789162,1681.9117316611503
6669,MADS140,i,15,ADS,9.43,89.99999999999986,383.5202827771924,2254.426042431465
6670,MADS140,æ,15,ADS,12.13,106.8966881863389,764.8441079886325,1567.1975482290916
6671,MADS140,æ,15,ADS,13.57,139.26116070208928,831.703742294289,1499.7497262282795
6672,MADS140,æ,15,ADS,15.15,125.704809058659,791.285088105519,1475.659904224575
6673,MADS140,u,15,ADS,15.52,105.28858478656034,335.8843073551464,790.16259974952
6674,MADS140,e,15,ADS,17.19443258411367,85.56741588633088,604.40740834841,1877.5081754969103
6675,MADS140,æ,15,ADS,17.36076964055972,139.23035944027973,939.942142879252,1646.3799099546325
6676,MADS140,u,15,ADS,18.0532588215117,106.74117848829923,372.3444771897099,841.0362951745149
6677,MADS140,æ,15,ADS,24.69,139.99999999999702,759.0410574829871,1498.2200745913728
6678,MADS140,u,15,ADS,25.58,100.00000000000142,403.93571098622385,908.3212473272008
6679,MADS140,u,15,ADS,26.40114245016402,127.56676509395959,416.25083371120206,2336.4581717759047
6680,MADS140,e,15,ADS,28.97,89.99999999999986,600.3684689171974,1800.8319775342623
6682,MADS140,e,15,ADS,31.05326675138047,86.73324861953091,698.0078414895737,1873.515057758748
6683,MADS140,a,15,ADS,32.65,97.56263669309817,748.6016876453477,1334.6662361406802
6684,MADS140,o,15,ADS,33.41,117.62061519397093,474.31640896912995,948.086884470175
6685,MADS140,æ,15,ADS,37.2,145.0255726262597,716.0136356686082,1584.2309743596895
6686,MADS140,i,15,ADS,37.60457783425812,115.01136712362836,367.4657341844644,2351.0214434660675
6687,MADS140,i,15,ADS,39.27,89.9999999999963,333.6624163505632,2556.4447657308865
6688,MADS140,e,15,ADS,42.834782119444,125.2178805560007,724.2221621270451,1860.2019658272568
6690,MADS140,e,15,ADS,43.91087455004624,109.1254499537655,625.7414261326078,2125.7829803573395
6691,MADS140,a,15,ADS,45.73,120.00000000000455,797.140648974273,1247.8567732209626
6693,MADS140,i,15,ADS,47.72735870464367,72.6412953563269,347.55812202414677,2508.7335397323986
6694,MADS140,e,15,ADS,49.63325073577835,140.5694487066711,668.8239386443141,2006.4888267699637
6695,MADS140,e,15,ADS,50.910290111543,93.71296580444977,504.06989076021995,1922.1208765910358
6696,MADS140,i,15,ADS,52.4,100.00000000000142,387.92508697235667,2475.1027433095505
6697,MADS140,i,15,ADS,52.76,70.00000000000028,387.5462421951912,2475.6912459075324
6698,MADS140,a,15,ADS,53.05,127.30750979834227,723.193750855293,1330.0318848551747
6699,MADS140,i,15,ADS,58.7,89.9999999999963,382.93403851244227,2605.8422092213805
6700,MADS140,i,15,ADS,60.21,89.9999999999963,407.36700939471285,2511.0994695374948
6701,MADS140,æ,15,ADS,61.7,115.62978694257708,772.966924631696,1617.8823318751593
6702,MADS140,a,15,ADS,62.01,100.00000000000142,776.5994436315673,1289.7819191623457
6703,MADS140,a,15,ADS,62.81,99.99999999999432,715.6605251304238,1221.9689746667048
6704,MADS140,o,15,ADS,64.72,49.99999999999716,476.5832053996976,1235.561900302875
6705,MADS140,i,15,ADS,64.98,62.43645946074139,499.2773008682467,1829.5887410882283
6706,MADS140,u,15,ADS,67.8237622104975,106.23778950250085,350.72899259236885,782.2330819621008
6707,MADS140,o,15,ADS,75.91,146.9477980418361,596.7577116612542,1211.60213679975
6708,MADS140,u,15,ADS,76.31,94.11173954465823,329.3038439878112,719.748625532107
6709,MADS140,o,15,ADS,79.76,114.28332979065203,628.7912111527555,1105.318570475226
6710,MADS140,æ,15,ADS,81.35,120.00000000000455,754.3309050574125,1533.5382232079862
6711,MADS140,a,15,ADS,83.88,131.3431370835474,677.6255467450917,1180.422771480274
6712,MADS140,e,15,ADS,84.79,79.9999999999983,549.9301272165351,1859.499973972545
6713,MADS140,u,15,ADS,85.1,113.56320000413689,412.548004965074,931.1113049981931
6714,MADS140,o,15,ADS,86.75,77.65380683045464,575.6688988730774,1297.1885409869947
6716,MADS140,o,15,ADS,89.49,120.00000000000455,408.3769891406845,839.6936596258779
6717,MADS140,æ,6,ADS,3.150890845736163,116.33733958395709,924.687710008371,1520.6518406728337
6718,MADS140,o,6,ADS,3.683071135144179,127.52362223626213,503.7799196527451,1130.7119974568682
6719,MADS140,e,6,ADS,4.722857459191808,111.86282652303615,635.1686694449531,1899.7200718477993
6720,MADS140,o,6,ADS,5.465986867348153,124.01313265184655,535.8370744282496,1140.5296936129278
6721,MADS140,i,6,ADS,6.700220173973522,165.55698325409372,440.2728272086435,2346.9756160103
6723,MADS140,u,6,ADS,9.21,149.99999999999858,397.0249419767786,1230.1938644241445
6724,MADS140,u,6,ADS,9.510645750408914,159.35424959108602,370.58316484333864,764.3401239693183
6725,MADS140,i,6,ADS,10.05,99.99999999999964,343.2402518570388,2161.385836041294
6726,MADS140,æ,6,ADS,12.84,136.72496363903088,843.8164851308497,1675.4148389732318
6727,MADS140,æ,6,ADS,14.2,114.26074181028056,976.6661703799456,1490.4977729132079
6728,MADS140,æ,6,ADS,15.92,135.96260970553152,854.9238941088171,1513.993521550274
6729,MADS140,u,6,ADS,16.32181694271943,153.25207233656002,391.8448048222751,720.4649704641128
6730,MADS140,e,6,ADS,18.65085317099484,164.43835498886017,657.4509675874162,1865.358579795379
6731,MADS140,æ,6,ADS,18.88688373495845,148.77755927563285,808.7890536220564,1648.0326861186572
6732,MADS140,u,6,ADS,19.47393133049696,126.06866950304152,347.09997761021793,866.4789790905165
6734,MADS140,u,6,ADS,26.76,145.0074402836279,409.05430783678844,620.3897159487084
6735,MADS140,u,6,ADS,27.80908898122877,162.20109845840014,391.3437681913883,1229.481404036211
6736,MADS140,e,6,ADS,30.62,119.99999999999744,605.6045666605725,1886.0708185058797
6737,MADS140,a,6,ADS,34.18,109.43297187259304,905.0673790072044,1332.2383187828543
6738,MADS140,o,6,ADS,34.93,90.00000000000341,486.69232096598756,888.5906449584535
6739,MADS140,o,6,ADS,36.26,90.00000000000341,507.2898082472315,1039.588033814227
6740,MADS140,æ,6,ADS,39.01512317881867,137.5912766233327,712.0524678986068,1489.1042377552603
6741,MADS140,i,6,ADS,39.41323398087005,101.79517213596512,358.426842646836,2122.7633034161527
6742,MADS140,i,6,ADS,41.17,88.70994369137009,433.6709443355972,2556.0460215903204
6743,MADS140,e,6,ADS,44.66716558571135,118.57459611442067,810.5588322345391,1957.7860163088797
6745,MADS140,e,6,ADS,45.92863464184693,100.67654387074043,795.9166032383318,1714.2433927816587
6746,MADS140,a,6,ADS,46.21,119.99999999999744,773.5727045873252,1120.86995985379
6747,MADS140,a,6,ADS,47.75079479260319,121.93048091011605,810.5332709850564,1193.825915639668
6748,MADS140,æ,6,ADS,50.03259029999852,197.4097000014794,694.1159691907767,1366.2552785664905
6749,MADS140,i,6,ADS,50.45617121840991,96.20203080980616,376.9204936576311,2641.100856948158
6750,MADS140,e,6,ADS,52.0,109.99999999999943,556.6172987875367,1872.520463844604
6751,MADS140,e,6,ADS,53.18770033252833,76.06672203566234,577.902030433566,1609.4436470270434
6752,MADS140,i,6,ADS,54.69,109.99999999999943,382.6462020493679,2498.0209585530224
6753,MADS140,i,6,ADS,55.05685234745811,86.13437642274135,350.41748690671017,2412.5340157641795
6754,MADS140,a,6,ADS,55.33631507819338,121.93048091012315,715.9063900896141,1330.5187185063824
6755,MADS140,i,6,ADS,60.86073195654693,115.2187113187253,353.3581711231739,2569.9628050728847
6756,MADS140,i,6,ADS,62.64709600281586,110.74419825781234,342.1117300892778,2627.878929131968
6757,MADS140,æ,6,ADS,64.18429271078007,109.62556999257345,988.570973048427,1626.4275514357703
6758,MADS140,a,6,ADS,64.46,88.96552524517176,760.7212491528841,1111.6620294049094
6759,MADS140,a,6,ADS,65.31,100.62214434704231,812.2135292727196,1252.7809777779735
6760,MADS140,o,6,ADS,67.43,79.9999999999983,657.5365207416512,1083.0026896634943
6761,MADS140,i,6,ADS,67.71,47.87162080910434,536.9116892464131,1674.1665936085908
6762,MADS140,u,6,ADS,70.53769608590488,102.30391409511697,424.5274935030004,1256.089566414525
6763,MADS140,o,6,ADS,79.26816322950815,201.83677049185178,537.972723757722,1061.3957034589596
6764,MADS140,u,6,ADS,79.65,108.47317268867585,400.0828351898048,1044.6268307341502
6765,MADS140,o,6,ADS,83.16,109.99999999999943,540.8432255916704,1006.9074048566728
6766,MADS140,æ,6,ADS,84.74030082127139,119.69917872860947,1001.02261813971,1479.8587892633127
6767,MADS140,a,6,ADS,87.52,96.61408201854726,684.5573521058639,1081.537929131663
6769,MADS140,u,6,ADS,88.84,124.13456234141051,410.5240229007276,648.8842235121114
6770,MADS140,o,6,ADS,90.0,79.9999999999983,586.7120812242772,1207.5120651507857
6772,MADS140,e,6,ADS,91.57,98.46583508472406,670.2091689826586,1990.0026698493684
6773,MADS141,æ,9,ADS,5.21,95.43705375584199,949.2567181065307,1773.2108299854876
6774,MADS141,e,9,ADS,6.71,99.99999999999964,597.24509050094,2525.196643608727
6776,MADS141,i,9,ADS,8.75,109.05333792261018,310.59687253015284,2805.3828401356786
6777,MADS141,u,9,ADS,10.29,230.00000000000043,333.78715998783446,791.9228899650865
6779,MADS141,u,9,ADS,11.76,200.00000000000108,324.8195216128881,742.9735538516871
6780,MADS141,i,9,ADS,12.5,80.00000000000007,340.98401616627604,2155.9937457821866
6781,MADS141,æ,9,ADS,15.32,124.53967400317012,1023.2807820867292,1702.6714993900578
6782,MADS141,æ,9,ADS,17.02,109.99999999999943,1061.3519695821353,1740.2077611198058
6783,MADS141,æ,9,ADS,18.74873219770404,131.2678022959588,1172.5339532513476,1905.270451662999
6784,MADS141,u,9,ADS,19.27,100.00000000000142,399.2712831139349,756.6051538280874
6785,MADS141,e,9,ADS,21.71,89.99999999999986,640.3760398617721,2418.112430179835
6786,MADS141,æ,9,ADS,21.92,149.99999999999858,1164.8470274814435,1679.520177410607
6787,MADS141,æ,9,ADS,29.76,155.272360130418,1046.3727250321958,1672.383530664132
6788,MADS141,u,9,ADS,31.07505166288022,90.48472879268132,302.2717208665271,871.9388459209136
6789,MADS141,u,9,ADS,32.23,110.00000000000654,307.55962065369556,761.8379160620342
6790,MADS141,e,9,ADS,35.08,230.00000000000398,545.0576001025248,2700.267782829247
6791,MADS141,a,9,ADS,36.2,140.00000000000057,821.0713418216989,1155.8596265244762
6792,MADS141,e,9,ADS,37.59,119.99999999999744,655.7088889873257,2337.910701685151
6793,MADS141,a,9,ADS,38.83,120.00000000000455,783.8890530072999,1128.6180931564072
6795,MADS141,o,9,ADS,41.44154675384237,108.45324615763019,362.2048907253328,837.5481668927905
6796,MADS141,æ,9,ADS,44.82402944040479,135.97055959520787,831.9467151480509,1722.0945865020979
6797,MADS141,i,9,ADS,45.32932835253823,100.67164746177326,331.9927633647349,2897.837782986017
6798,MADS141,i,9,ADS,47.2534295398185,116.57046018149941,296.466646096975,2484.3838678558463
6799,MADS141,e,9,ADS,50.45407534722535,97.72350709609157,516.981283026258,2169.0828313491643
6800,MADS141,a,9,ADS,50.73,156.5923508543463,536.8547644158642,947.1180139281074
6801,MADS141,e,9,ADS,51.87,130.00000000000256,661.2879230908846,2339.0995432379846
6802,MADS141,a,9,ADS,52.30012388353281,149.87611646719046,662.6608961869886,1148.0430942687071
6803,MADS141,a,9,ADS,53.91,130.00000000000256,798.3511347015834,1401.8798176979399
6804,MADS141,æ,9,ADS,56.00992464027478,110.39136912706482,1088.772320397032,1936.3624393550322
6805,MADS141,i,9,ADS,56.4532998113589,86.70018864109608,358.65632487333744,1954.6146661224345
6806,MADS141,e,9,ADS,59.19,87.68662440851216,563.5054789440708,2226.845835030687
6807,MADS141,i,9,ADS,60.88,66.38509228227463,431.6851986741156,2749.611110734424
6808,MADS141,i,9,ADS,67.54,169.9999999999875,294.19523392416437,2755.0434745681246
6809,MADS141,i,9,ADS,69.53,140.00000000000057,351.2555467903494,2806.5387253364815
6810,MADS141,æ,9,ADS,71.02,130.00000000000966,1063.128182444716,1732.749530668203
6811,MADS141,a,9,ADS,71.3688241015141,111.1758984859108,751.6806414056538,1123.371456820691
6812,MADS141,a,9,ADS,72.26,109.99999999999943,763.6232965343714,1172.1558894889904
6813,MADS141,o,9,ADS,74.35,90.00000000000341,424.5736988701506,1029.8950768761058
6814,MADS141,u,9,ADS,87.23,109.0862383899065,247.700648981758,965.803779912904
6815,MADS141,o,9,ADS,90.82,100.00000000000853,522.3744677642484,1169.1392353629253
6816,MADS141,æ,9,ADS,92.47429900273949,133.91739861314989,1058.4408521100295,1778.1329049156784
6817,MADS141,o,9,ADS,93.1203599663192,101.34289624780024,580.3384158320305,1190.106615347082
6818,MADS141,a,9,ADS,95.4133264837493,216.67351625069387,756.8383643329023,1364.8819366319058
6819,MADS141,u,9,ADS,96.68,69.99999999999318,293.3278645308759,704.3223409585686
6820,MADS141,o,9,ADS,98.163829046352,66.17095364799752,818.5463461237739,1922.0698727685085
6821,MADS141,a,9,ADS,99.08,150.00000000000568,585.951294986404,1183.672447869732
6822,MADS141,e,9,ADS,100.2,119.99999999999034,631.9529860929499,2189.6390383879393
6823,MADS141,o,9,ADS,101.5802226337557,69.77736624430975,482.81596074758534,1004.3981489124205
6824,MADS142,æ,12,ADS,3.474476848388287,101.69359348622997,1009.2474422961584,1757.5688563090534
6825,MADS142,o,12,ADS,3.99921579077723,190.7842092227705,732.1953922360894,1394.0223001010622
6826,MADS142,e,12,ADS,4.994772519647475,85.42261852843325,728.6895681267622,2199.6729534484734
6827,MADS142,o,12,ADS,5.921177604947085,138.82239505291506,786.198807382111,1395.89211168715
6828,MADS142,i,12,ADS,6.6,104.10489006674251,510.96109807965684,2858.0450698735926
6830,MADS142,u,12,ADS,9.43,130.0000000000008,514.1332401583616,895.4513089131848
6832,MADS142,i,12,ADS,10.6,120.000000000001,490.30034342347466,2838.0150923465835
6833,MADS142,æ,12,ADS,17.25025204647333,149.74795352666703,932.1135697015279,1387.4250971549463
6834,MADS142,u,12,ADS,17.85024424804208,179.75575195792004,503.78741077408534,809.6878524006095
6835,MADS142,e,12,ADS,19.78626349857127,113.73650142872904,601.1482239001235,1123.108440990517
6836,MADS142,æ,12,ADS,19.99,170.0000000000017,1019.1937427053954,1528.957166868868
6837,MADS142,u,12,ADS,20.83944979363114,90.55020636886013,611.2637243818411,1048.1105029527096
6838,MADS142,æ,12,ADS,27.05,169.99999999999815,972.7064923198772,1778.565920254649
6839,MADS142,u,12,ADS,28.4,130.00000000000256,425.0403922173192,946.9730531236943
6840,MADS142,u,12,ADS,29.53826393357251,181.73606642749007,467.7703242403259,971.4678639978337
6841,MADS142,e,12,ADS,32.36623542198257,162.7097495779566,949.0254391239758,1393.8792005433793
6842,MADS142,a,12,ADS,33.49,140.00000000000057,722.7218530158234,1077.8128889870243
6844,MADS142,a,12,ADS,35.99,129.99999999999545,1046.8656891501378,1475.8903576433802
6845,MADS142,o,12,ADS,36.75900181405257,138.3032871412695,725.0726155444218,1368.3782671290423
6846,MADS142,o,12,ADS,38.43560297818522,103.72746535594501,760.6142316045157,1515.220308988257
6847,MADS142,æ,12,ADS,40.81987816825772,220.12183174227573,1008.7461926150113,1705.159604604262
6848,MADS142,i,12,ADS,41.57913683714016,100.86316285983798,450.84520861452785,2785.4761597453275
6849,MADS142,i,12,ADS,44.24944052500206,140.55947499794286,369.44289551783,2717.1883432583772
6850,MADS142,e,12,ADS,48.65331296863347,106.68703136652624,792.890619765546,1121.8718093225016
6851,MADS142,a,12,ADS,48.98,204.15352663158615,902.3222042101531,1466.0861402214548
6852,MADS142,e,12,ADS,49.99062645362185,122.0323121834781,844.440571871313,1717.9790826787287
6854,MADS142,a,12,ADS,51.78,149.99999999999858,1066.1658571977787,1448.822034749261
6855,MADS142,æ,12,ADS,53.48472412036894,155.2758796310627,974.9731086744571,1319.1668714331017
6856,MADS142,i,12,ADS,54.2840357651707,75.96423482929993,419.67184258143806,1441.0630250237352
6857,MADS142,æ,12,ADS,56.08,170.0000000000017,523.0224603982028,796.5194824623084
6858,MADS142,æ,12,ADS,57.32,82.72795658469079,532.4145404204038,1506.6145760502402
6859,MADS142,i,12,ADS,59.0339690677505,76.03093224950186,532.1291046703412,2772.6887103261465
6860,MADS142,a,12,ADS,59.36,100.00000000000142,971.9375273581245,1610.3032797580518
6861,MADS142,i,12,ADS,66.18401333025642,103.72746535594501,471.12604258434357,2672.685717469223
6862,MADS142,i,12,ADS,67.88,120.00000000000455,457.56491978424776,2796.97595391544
6863,MADS142,æ,12,ADS,69.45482029643786,135.17970356214448,801.604646603582,1326.0274804948021
6864,MADS142,a,12,ADS,69.79244302681214,127.55697318786474,870.447569395404,1497.2452788766618
6865,MADS142,a,12,ADS,70.72,70.00000000000739,832.1683988832757,1587.7955668154343
6866,MADS142,o,12,ADS,72.71378336485844,46.77905300366092,772.1270543083901,1553.372557162305
6867,MADS142,i,12,ADS,72.96,40.00000000000625,630.4511956078177,1967.0897301680097
6868,MADS142,u,12,ADS,77.22377647917294,160.67587770824332,355.77896507675234,859.7440115847152
6869,MADS142,o,12,ADS,85.10115233247858,158.8476675214281,739.3307474247015,1274.8866023273858
6870,MADS142,u,12,ADS,85.97,133.30257442429172,420.58723633651823,870.6494004898174
6871,MADS142,o,12,ADS,89.94,140.00000000000057,361.2075321879963,1016.9789916908591
6872,MADS142,æ,12,ADS,91.24731512226428,132.6848777357128,1034.9161911483347,1779.2126640810613
6873,MADS142,o,12,ADS,91.92577709582848,134.22290417152283,818.559615467454,1183.9827365129995
6874,MADS142,a,12,ADS,93.88946642432988,130.53357567011403,767.486959786788,1398.9547587377615
6875,MADS142,e,12,ADS,94.93395905244007,132.20167153208706,980.8703430076356,1513.9197840858587
6876,MADS142,u,12,ADS,95.48,142.71335971947963,416.9583925611424,879.3168324051517
6877,MADS142,o,12,ADS,97.13,70.00000000000739,724.959450014457,1417.9392577156002
6878,MADS142,a,12,ADS,97.7534261302714,116.57386972861161,875.7956404736254,1541.7848944324369
6879,MADS142,o,12,ADS,99.37535870265462,94.64129734537607,677.9321880786295,1286.0355023901568
6880,MADS142,æ,15,ADS,2.75,101.59446067074818,1032.3778172592731,1749.7013289589495
6881,MADS142,o,15,ADS,3.554511427710211,193.373217010806,651.0823944207542,1158.695725604961
6882,MADS142,e,15,ADS,4.540592392158538,79.40760784146228,662.4813681920042,2121.5933270310147
6883,MADS142,o,15,ADS,5.317353696058858,133.64372499661937,672.2903349756621,1290.8942028945955
6884,MADS142,i,15,ADS,6.23,139.9999999999997,457.82788876407415,2919.8397580935675
6886,MADS142,u,15,ADS,10.17,109.99999999999943,484.87617317499536,949.869335543952
6887,MADS142,u,15,ADS,10.55210160280231,187.89839719769043,632.555033211651,1112.2375484729807
6888,MADS142,i,15,ADS,11.38362676299224,136.37323700775994,460.9135268621466,2767.238081386858
6890,MADS142,æ,15,ADS,16.90838011897891,121.61988102108978,1010.8401914367093,1757.6787137654615
6891,MADS142,æ,15,ADS,18.47076027806622,169.23972193378134,908.4184075053155,1451.4287312293648
6892,MADS142,u,15,ADS,18.97,150.00000000000213,501.36211871430805,1075.0517921834721
6893,MADS142,e,15,ADS,20.68,170.0000000000017,668.8744728098237,1158.178361755111
6894,MADS142,æ,15,ADS,20.96300723002333,166.99276997666956,1094.4539518432696,1858.5020035150496
6895,MADS142,u,15,ADS,21.61,120.000000000001,512.2480049476939,939.2849147329962
6897,MADS142,u,15,ADS,29.82,169.99999999999815,420.2412653751084,802.4244698880127
6899,MADS142,e,15,ADS,33.64132355704226,214.74286172167467,965.4366933073838,1594.4957148901958
6900,MADS142,a,15,ADS,34.82,134.45109815184964,1103.107082320456,1641.345031491445
6902,MADS142,a,15,ADS,37.12,130.00000000000256,970.3267436703643,1396.0222045297194
6903,MADS142,o,15,ADS,37.98713096950285,144.79804390376927,691.3192146833724,1226.7185845148456
6904,MADS142,o,15,ADS,39.63145791615632,133.7541253009391,664.9804872111988,1211.4870731241228
6905,MADS142,æ,15,ADS,42.01507115481518,104.9288451848156,877.2795752928566,1427.7675424728054
6906,MADS142,i,15,ADS,42.40548830229587,104.51169770412605,459.80015772075217,3010.808906156458
6907,MADS142,i,15,ADS,45.2796733168256,160.32668317439658,466.60242636121785,3005.4086150197577
6908,MADS142,e,15,ADS,48.5201458638183,109.8541361817027,800.1958012795884,1467.1399264549111
6909,MADS142,a,15,ADS,48.84,132.94652653431882,941.4562548075821,1486.1119020774809
6910,MADS142,e,15,ADS,49.9403556504572,109.64434954279767,665.3222289802585,1793.2597162136929
6911,MADS142,a,15,ADS,50.34022497995193,159.7750200480732,987.6437770592444,1578.704758017402
6913,MADS142,æ,15,ADS,53.19,108.10693999744103,795.1406833893886,1482.7527059142815
6914,MADS142,i,15,ADS,53.58988065803709,80.98873642076398,435.29040824058666,2970.421586799463
6915,MADS142,æ,15,ADS,55.33,122.25961511116168,577.9777668960332,2062.9568792064333
6916,MADS142,æ,15,ADS,56.45,119.99999999999744,580.6408575963134,2178.9937852241765
6917,MADS142,i,15,ADS,57.84,49.99999999999716,490.49426294621844,2635.341786733907
6918,MADS142,i,15,ADS,58.16,80.0000000000054,534.1337179234189,2743.0185144722263
6919,MADS142,a,15,ADS,58.47,120.00000000000455,932.4507057888633,1477.8944174318208
6920,MADS142,i,15,ADS,64.36,170.64551319768384,396.6822272748858,2962.813295712522
6921,MADS142,i,15,ADS,66.61,129.99999999999545,431.97452574252856,2978.731859853152
6922,MADS142,æ,15,ADS,67.98,129.99999999999545,1021.2665800371764,1604.0018239362298
6923,MADS142,a,15,ADS,68.28,99.99999999999432,896.002301184755,1542.84396870151
6924,MADS142,a,15,ADS,69.13,90.20539320390242,848.8857818282328,1724.2540463099513
6925,MADS142,o,15,ADS,71.09,51.93734934479721,670.9265356139841,1463.057671918138
6926,MADS142,i,15,ADS,71.34,49.643814115754026,604.933305852979,2201.1767036113106
6927,MADS142,u,15,ADS,74.64352295712409,126.70063537811416,438.7253051486035,832.1236889960898
6928,MADS142,o,15,ADS,82.96542436471951,114.16980330776028,732.9596870311236,1345.8150333847818
6930,MADS142,o,15,ADS,88.34,149.99999999999147,777.233538194082,1097.2906442543897
6931,MADS142,æ,15,ADS,90.0931677769677,176.8322230322923,906.6679722527989,1620.8412948576397
6932,MADS142,a,15,ADS,92.73,129.99999999999545,814.1683683862428,1484.4356781549154
6933,MADS142,e,15,ADS,93.85988658991585,122.52369135465813,944.6197264340832,1830.0080522222213
6934,MADS142,u,15,ADS,94.34,130.07131963719587,457.38210424174645,943.37274722022
6935,MADS142,u,15,ADS,95.69679177572569,80.75425112011203,431.30346374308084,1134.527697658718
6936,MADS142,a,15,ADS,96.32,130.00000000000966,848.382498529357,1471.829743812007
6937,MADS142,e,15,ADS,97.15584046152212,116.95443265672623,913.9227438369437,1733.6796464219638
6938,MADS142,o,15,ADS,98.15677200547934,133.22799452066647,646.6721071277369,1258.8163635543908
6939,MADS142,æ,18,ADS,2.2,134.46643181300865,861.1263826027731,1399.3152692425153
6940,MADS142,o,18,ADS,2.513921412763255,49.79549529359106,623.7328089807725,1157.609719644399
6941,MADS142,o,18,ADS,3.31687706605774,213.12293394225978,678.5081270693536,1101.1071623103169
6942,MADS142,e,18,ADS,4.254140274820624,120.33911362617644,632.9897030522127,2187.169833809697
6943,MADS142,o,18,ADS,5.0590477224338,145.65550061631515,714.935550353969,1381.7550554391373
6944,MADS142,i,18,ADS,5.961896465990498,133.6179123711343,513.928631286474,2860.6100012316606
6945,MADS142,u,18,ADS,8.178204245573639,131.79575442636173,404.9027435961622,779.1644972881542
6946,MADS142,u,18,ADS,9.183509391808522,149.38648588077186,553.4296938604994,852.1066061566667
6948,MADS142,i,18,ADS,10.03268857154856,124.48873823396944,409.28574773240945,1160.6434845539634
6950,MADS142,æ,18,ADS,14.77616746274091,120.33911362618,1037.7429831055067,1846.59372594023
6951,MADS142,æ,18,ADS,16.30375668842448,141.08723666517164,985.7860362617183,1611.6042293213618
6952,MADS142,u,18,ADS,16.74,178.61192430526174,377.4229048936933,770.856260698631
6953,MADS142,e,18,ADS,18.17225722069702,94.61144105782893,738.5133025099944,1707.9321690413074
6954,MADS142,æ,18,ADS,18.33440627101078,215.78047960555935,1211.978561619125,1863.887918084481
6955,MADS142,u,18,ADS,18.98017323369569,99.59099058717769,510.29954081355544,885.6014288467325
6956,MADS142,æ,18,ADS,25.07363313694888,150.2164108023294,1010.1866624320736,1586.8228494185364
6957,MADS142,u,18,ADS,26.10395712282966,180.093707978493,420.0897476654048,763.2719441209349
6959,MADS142,e,18,ADS,29.47,178.3815969523701,974.7651560055782,1587.1848639674822
6960,MADS142,a,18,ADS,30.55379592909043,131.958062528021,1008.7739960654097,1425.379027637157
6962,MADS142,a,18,ADS,32.92229646136293,120.33911362618,1085.1714395346148,1497.375023197318
6963,MADS142,o,18,ADS,33.84213124677302,97.93114074406617,743.407125190969,1321.813966114518
6964,MADS142,o,18,ADS,35.34,129.99999999999545,661.06732050663,1156.485980015326
6965,MADS142,æ,18,ADS,37.54004767998663,148.55656095921432,976.3838029942563,1661.4398435772641
6966,MADS142,i,18,ADS,38.14120320161367,113.6997142536984,463.4742340529377,2926.900620858422
6967,MADS142,i,18,ADS,40.56967473904073,166.81490923352982,470.30114081409084,2968.9873660435746
6968,MADS142,e,18,ADS,43.86825707319565,76.77173212685062,812.5533294582658,1996.4901230472708
6969,MADS142,a,18,ADS,44.14064526094779,164.32513446884656,967.0362397635972,1456.8075117811234
6970,MADS142,e,18,ADS,45.38067654639175,75.52316786194524,747.4652846446668,1670.4162065304079
6971,MADS142,a,18,ADS,45.76,130.00000000000256,1056.7869085961656,1476.871766922623
6972,MADS142,a,18,ADS,47.00209960499767,118.67926378306493,766.6151654298221,1465.9505367414454
6973,MADS142,æ,18,ADS,48.76466957082008,111.20993948901514,912.7592488525878,1622.9168565179057
6974,MADS142,i,18,ADS,49.18057114242474,92.12166629313856,466.60561220061214,2847.715185573156
6975,MADS142,e,18,ADS,50.70372562752102,108.72016472434609,646.796446040282,2680.904544822573
6976,MADS142,e,18,ADS,51.88289409177467,117.01941393993565,513.4011949043199,2309.5018278746024
6977,MADS142,i,18,ADS,53.63728590038059,59.754594352313006,516.8216958017257,2644.408623744649
6978,MADS142,a,18,ADS,53.934917217615,88.80196660690132,976.297588626333,1535.241956666856
6979,MADS142,i,18,ADS,59.25287962206488,129.8719701138964,403.02945788892384,2824.331991441771
6980,MADS142,i,18,ADS,61.26954978695878,118.48601780843637,418.0415854242031,2890.338757097007
6981,MADS142,æ,18,ADS,62.89755760374489,172.44239625510716,773.6635782051699,1268.014906615959
6982,MADS142,a,18,ADS,63.24950302636459,100.68725772874387,881.1084869751567,1563.427634597182
6983,MADS142,a,18,ADS,64.00368300548736,84.63566591692029,926.1578810545135,1601.1806983161664
6984,MADS142,o,18,ADS,66.31739037621608,42.317832958474355,364.45670376700247,1284.6225897855513
6985,MADS142,u,18,ADS,69.50244627806322,109.44267144429887,452.696589325243,851.2402414954138
6986,MADS142,o,18,ADS,76.7962517050884,110.1722892539243,669.8083214175142,1244.9045887350644
6987,MADS142,u,18,ADS,77.24484423999338,88.2837549650759,539.9139275639105,1009.9422758594693
6988,MADS142,o,18,ADS,80.79415549424046,183.8636880264204,514.1378368922702,1076.32127304514
6989,MADS142,æ,18,ADS,82.51679614003189,132.78798744957498,867.4689169445394,1372.2135498296198
6990,MADS142,o,18,ADS,83.2075460354923,125.49426325612956,900.5601538441529,1261.309232173408
6991,MADS142,a,18,ADS,85.3061853309914,159.78630030868146,832.297826995918,1427.1906558074245
6992,MADS142,e,18,ADS,86.60832789864783,165.62127993994125,909.8582030383966,1714.3494056224456
6993,MADS142,o,18,ADS,88.23957093334946,74.42101658212152,396.60660492955355,1225.0956525715867
6994,MADS142,a,18,ADS,88.85263976978946,115.27961392133079,900.9173025718216,1377.0278685699125
6995,MADS142,e,18,ADS,89.63,166.26783407211576,891.2750659161379,1438.2985856757286
6996,MADS142,o,18,ADS,90.7046576948708,156.13821126054006,645.2141947229957,1251.3547441713267
6997,MADS142,æ,6,ADS,3.576068834099882,158.4328720139312,804.1989630123057,1674.1309449355215
6998,MADS142,o,6,ADS,4.102553454946174,227.44654505382567,698.2320010963289,1380.4746942129239
6999,MADS142,e,6,ADS,5.420616402717146,109.38359728285451,783.967527783358,2125.0400824566946
7000,MADS142,o,6,ADS,6.27438011434638,185.61988565361975,721.1436792076453,1431.7563134190907
7001,MADS142,i,6,ADS,7.32,139.9999999999997,524.6687463360648,2917.167938730977
7003,MADS142,u,6,ADS,10.3,109.99999999999943,533.2146639119961,1084.6811564126156
7004,MADS142,u,6,ADS,10.63,241.8797116093394,637.6075496228106,1033.7605940878968
7005,MADS142,i,6,ADS,11.19,130.0000000000008,448.40772581783943,2872.154372233824
7007,MADS142,æ,6,ADS,16.39123874327287,158.76125672713215,892.6193632886112,1607.1725888128062
7008,MADS142,æ,6,ADS,18.09,180.21241450155046,715.7842266387735,1486.368213889385
7009,MADS142,u,6,ADS,19.04496108972943,152.33930001339857,429.6953406043832,876.0362703619746
7010,MADS142,e,6,ADS,21.48947767534518,159.65158641403931,711.0956676482689,1678.8446828135031
7011,MADS142,æ,6,ADS,21.72,170.0000000000017,1137.7787495341443,1821.526202793749
7012,MADS142,u,6,ADS,22.15344467349885,116.55532650114964,531.4223075744137,989.5400206040229
7013,MADS142,æ,6,ADS,28.7834243725721,156.57562742790176,927.5187732735103,1838.8938897099124
7014,MADS142,u,6,ADS,29.77,170.0000000000017,504.55475091023226,937.4203933956373
7015,MADS142,u,6,ADS,30.8074044238808,197.43173281736048,498.23707279596016,1026.3626546833627
7016,MADS142,e,6,ADS,33.59852908137465,141.37087041243035,1067.7227671344997,1800.233970763589
7017,MADS142,a,6,ADS,34.57,165.4373330399892,1158.183029736083,1580.4417162173381
7018,MADS142,e,6,ADS,36.22,149.99999999999858,1187.0997183875393,1676.465667150111
7019,MADS142,a,6,ADS,37.14043092530552,179.56907469447714,1081.0063310459764,1626.472671284037
7020,MADS142,o,6,ADS,38.30637660620143,152.3393000133879,683.2817325849569,1451.7408925634031
7021,MADS142,o,6,ADS,40.75069179221152,110.90301040974992,645.8008327869533,1471.5876511072347
7022,MADS142,æ,6,ADS,44.82,241.29000643517884,728.0226966064685,1671.9907913564941
7023,MADS142,i,6,ADS,45.58540694798497,124.59305201502957,412.39690579097453,2954.0092268921685
7024,MADS142,i,6,ADS,47.81249918813396,167.50081186603438,447.83639349723956,2473.6851335374668
7025,MADS142,e,6,ADS,51.40253509248587,95.0597232083581,809.9087598756694,2037.311077883799
7026,MADS142,a,6,ADS,51.71,149.99999999999858,877.5162951173338,1604.8615310780137
7027,MADS142,e,6,ADS,52.98059732345726,129.40267654273896,771.3690984385473,1948.4915043396113
7029,MADS142,a,6,ADS,54.74,161.3093836980113,1081.3514908085774,1581.0012407114657
7030,MADS142,æ,6,ADS,56.86,222.09047664289727,981.3456033593673,1673.6872896945538
7031,MADS142,i,6,ADS,57.42461897257672,98.71586640868202,456.85152213014345,2789.8188387063806
7032,MADS142,e,6,ADS,59.86,169.8147761674491,485.53172215389503,2169.8708056640885
7033,MADS142,e,6,ADS,61.17,155.64908209449158,589.6537864267631,2672.4890973483666
7034,MADS142,i,6,ADS,62.77,39.99999999999915,462.4825951486752,2626.3867149548096
7035,MADS142,i,6,ADS,63.07999115157146,84.09129360740053,465.99891849321915,2529.589506274536
7036,MADS142,a,6,ADS,63.4,129.36371550350856,832.9463098453116,1627.1116526533813
7037,MADS142,i,6,ADS,69.93,179.9999999999926,527.6902415921652,2900.850884928697
7038,MADS142,i,6,ADS,71.77,150.00000000000568,510.89908614301123,2986.5101294951123
7039,MADS142,e,6,ADS,73.2605043951798,145.02701361276138,975.0284461122145,1837.5364688922646
7040,MADS142,a,6,ADS,73.61,133.11529762223984,858.0709696328317,1563.93130235419
7041,MADS142,a,6,ADS,74.22,106.72721163896881,875.2349611421423,1475.3710661672021
7042,MADS142,o,6,ADS,76.52,59.825570167959086,597.6785891803829,1476.3684933865743
7043,MADS142,i,6,ADS,76.77,60.000000000002274,563.1812205208677,2085.4822953802664
7044,MADS142,u,6,ADS,79.94,159.9999999999966,434.7279514185926,862.7446538183842
7045,MADS142,o,6,ADS,89.57067111902978,219.32888097022385,665.6061113659522,1374.1581527902522
7046,MADS142,u,6,ADS,90.45,129.99999999999545,420.8123140207403,869.0742321797164
7047,MADS142,o,6,ADS,94.4,169.9999999999875,757.4661640070777,1090.0711959892599
7048,MADS142,e,6,ADS,96.51201687218132,123.09015441081783,739.4823259716844,1562.9541075388865
7049,MADS142,o,6,ADS,97.1210410225274,227.89959282006578,857.8752880235121,1316.5853030687686
7050,MADS142,a,6,ADS,99.47,200.00000000000284,912.3289582402015,1515.5332030030195
7051,MADS142,e,6,ADS,100.445921320203,144.07867979700484,874.7041962203587,1834.1407042090962
7052,MADS142,u,6,ADS,101.11,119.32232956729649,495.21857186719467,985.2216632625762
7053,MADS142,u,6,ADS,102.65,115.03165594339748,357.4846896561366,1110.1459178237296
7054,MADS142,a,6,ADS,103.38,139.0725031359068,751.34424690909,1505.461861541446
7055,MADS142,o,6,ADS,105.3160695766164,143.93042338359407,603.4279878253906,1281.0860805081256
7056,MADS143,æ,6,ADS,4.22,98.92592757677664,743.3624287312989,1660.2595043107265
7057,MADS143,o,6,ADS,4.737335181592283,112.66481840771635,509.07432217612893,1017.4287657075275
7058,MADS143,e,6,ADS,5.417698741865528,109.37669295841079,602.7839096111862,2096.997864522091
7059,MADS143,o,6,ADS,6.235419732078405,124.58026792159504,537.8176833309167,921.2896810760412
7060,MADS143,i,6,ADS,7.934837206692166,118.05738287574474,389.9588756297477,2595.2095437476405
7061,MADS143,u,6,ADS,9.724449491109487,135.55050889051222,362.1898174575747,625.0482336304344
7062,MADS143,u,6,ADS,10.75,130.0000000000008,426.3614242222159,796.5101962529319
7063,MADS143,u,6,ADS,11.11,250.0,376.7781882607041,885.9026780263921
7064,MADS143,i,6,ADS,12.00862903059186,91.37096940813905,361.14811682538146,2415.596366492344
7065,MADS143,æ,6,ADS,15.24418264403678,154.5162805285507,741.3953906274196,1746.7213334950613
7066,MADS143,æ,6,ADS,16.45,127.34885658219142,752.4141523584267,1620.98120859222
7067,MADS143,æ,6,ADS,18.20056401868055,125.0019348096103,792.6391072448522,1789.2381765371772
7068,MADS143,u,6,ADS,18.74972786964376,272.573663404291,329.9165102357906,718.7052841226014
7069,MADS143,e,6,ADS,22.42,159.9999999999966,569.788780447895,2241.5776150967404
7070,MADS143,æ,6,ADS,22.66,200.39416258135034,775.809122992174,1652.7248552161684
7071,MADS143,u,6,ADS,23.48406849954241,95.4875890906699,479.74570282346934,758.9301665481853
7072,MADS143,æ,6,ADS,30.05,140.00000000000057,864.074913958473,1851.5534078919657
7073,MADS143,u,6,ADS,31.04,109.99999999999943,427.01084301106926,679.9967665781573
7075,MADS143,e,6,ADS,35.06,129.99999999999545,530.4370126703334,2085.514874855321
7076,MADS143,a,6,ADS,36.14,133.84878731393712,837.5926864356665,1281.2986346693917
7077,MADS143,e,6,ADS,37.39,130.00000000000256,611.084146665521,2090.2955117619927
7078,MADS143,a,6,ADS,38.91,141.95219784824076,844.9601459447416,1303.5902343399887
7079,MADS143,o,6,ADS,39.99,141.48404702761042,492.2829275363737,927.1219653425356
7080,MADS143,o,6,ADS,41.94,127.49094073241451,514.0011839861736,1170.6126652401513
7081,MADS143,æ,6,ADS,46.08,144.31572276739502,811.3284987242398,1647.7723455440914
7082,MADS143,i,6,ADS,46.65774688849186,90.27917514028161,413.06919408178544,2449.3485157135224
7083,MADS143,i,6,ADS,48.95756644031398,142.4335596860189,395.3525187134276,2538.023796940079
7084,MADS143,e,6,ADS,53.00487108209924,118.0573828757403,471.02772048286283,2248.6126552920496
7085,MADS143,a,6,ADS,53.31,167.10061360221573,866.9032782947648,1229.380961950778
7086,MADS143,e,6,ADS,54.44277936281758,118.05738287574741,559.3185590498383,2318.510353321041
7087,MADS143,a,6,ADS,54.81834418592273,201.65581407727018,1012.8890432324263,1259.4942659289488
7088,MADS143,a,6,ADS,56.26389948454247,138.8910386773361,727.1082680036346,1291.4578211931162
7089,MADS143,æ,6,ADS,58.58151075807294,145.8355906112132,845.5554788845052,1736.9354553762264
7090,MADS143,i,6,ADS,59.118249519058,109.37669295840635,393.1105895271511,2450.058073776171
7091,MADS143,e,6,ADS,60.82999294782445,159.7246944789461,564.4552402565549,2108.071907013806
7093,MADS143,i,6,ADS,63.63,39.99999999999915,447.1592994152893,2470.9708799688783
7094,MADS143,i,6,ADS,63.98526864264473,104.16827900801451,428.96309836382255,2473.10104136366
7095,MADS143,a,6,ADS,64.32,158.7474013343808,803.4695432090068,1253.5443962029146
7096,MADS143,i,6,ADS,72.09,129.99999999999545,368.2488890615492,2499.162524026898
7097,MADS143,i,6,ADS,73.76,116.85033395139044,379.6037777881639,2035.7926231011127
7098,MADS143,æ,6,ADS,74.88,110.071270784033,767.3435148127066,1758.2586985227665
7099,MADS143,a,6,ADS,75.16,116.53403805605933,681.2026686654655,1174.1520653370071
7100,MADS143,a,6,ADS,76.15,109.99999999999943,723.9946861182947,1214.4687289001772
7101,MADS143,o,6,ADS,78.07,67.11138804922712,512.983695930568,1070.7255908627092
7102,MADS143,i,6,ADS,78.35,70.10187935432555,426.21183887633754,2276.535629782346
7103,MADS143,u,6,ADS,81.90941853296773,121.5296588426753,352.2405989262244,692.40852200374
7104,MADS143,o,6,ADS,91.12247193780948,119.79352085921846,531.6989403390984,1084.2632363649404
7105,MADS143,u,6,ADS,91.57,130.00000000000966,418.2649948711957,716.4230754054943
7106,MADS143,o,6,ADS,95.65,149.99999999999147,522.7553581221775,858.3390286621596
7107,MADS143,æ,6,ADS,97.67243738089974,105.90441699146425,749.5015257184838,1699.8304868755538
7108,MADS143,o,6,ADS,98.36,135.36678506299893,534.3348055069341,996.371959720001
7110,MADS143,e,6,ADS,102.14,109.99999999999943,517.2887002623204,2178.956341438342
7111,MADS143,u,6,ADS,102.5083790090524,154.51628052849742,451.2368157090499,1082.815105763377
7112,MADS143,o,6,ADS,103.92,140.00000000000057,532.7487256361126,1086.6686302212117
7113,MADS143,a,6,ADS,104.71,109.99999999999943,840.6746264433153,1244.7492021202147
7114,MADS143,e,6,ADS,105.73,109.99999999999943,551.6568912209849,2158.934184531455
7115,MADS143,o,6,ADS,106.8804553600598,130.21034876000215,519.5509061964752,940.5689647656039
7116,MADS143,æ,9,ADS,4.43,80.00000000000007,772.1684469059221,1748.0108646888898
7117,MADS143,o,9,ADS,5.000138466719738,109.86153328026217,550.6584639768062,976.3634355444287
7118,MADS143,e,9,ADS,5.69,79.99999999999918,420.1382842669095,2127.3169710282036
7119,MADS143,o,9,ADS,6.51017495051487,129.82504948513008,480.59922674560556,895.2278106259588
7120,MADS143,i,9,ADS,7.53,89.99999999999986,438.7500997169972,2548.3933438297963
7121,MADS143,u,9,ADS,9.07,160.00000000000014,387.0429226031953,778.4326583001333
7122,MADS143,u,9,ADS,9.82,150.00000000000034,380.8661495302593,918.2547990595062
7123,MADS143,u,9,ADS,10.16798698018767,282.0130198123287,376.27372710007455,834.3424225932515
7124,MADS143,i,9,ADS,10.84,80.00000000000007,428.8744112934919,2359.8825441529907
7126,MADS143,æ,9,ADS,15.40641681454482,113.58318545518031,768.4379721315051,1694.7547250431678
7127,MADS143,æ,9,ADS,17.09091278268246,104.51716154044988,697.6202396532132,1853.2844974011966
7128,MADS143,u,9,ADS,17.5736825288455,176.31747115450125,421.32738802019855,739.1755340392167
7129,MADS143,e,9,ADS,19.67,139.99999999999702,631.0179855171406,1513.6359311794406
7130,MADS143,æ,9,ADS,19.88564404463727,154.35595536272828,844.8392224904279,1763.8410312324825
7131,MADS143,u,9,ADS,20.69440779465266,105.59220534734237,464.43618458064554,702.0999106173902
7132,MADS143,æ,9,ADS,27.37,119.99999999999744,809.5899782933071,1744.4218949401952
7133,MADS143,u,9,ADS,28.5,120.000000000001,457.9746246462732,776.5845129102516
7135,MADS143,e,9,ADS,32.3,140.00000000000057,455.68328143421957,2123.1013872231456
7136,MADS143,a,9,ADS,33.38,99.99999999999432,842.3176246036546,1301.6399371892755
7137,MADS143,e,9,ADS,34.35,149.99999999999858,627.2813103448748,2184.235589941943
7138,MADS143,a,9,ADS,35.2,129.99999999999545,825.1784560919787,1230.237115688603
7139,MADS143,o,9,ADS,36.17,140.00000000000057,683.6021618943298,819.3566008589856
7140,MADS143,o,9,ADS,38.09,119.99999999999744,465.18721177621194,946.7568640951781
7141,MADS143,æ,9,ADS,41.59655062876595,119.44818461766005,635.3481984857625,1905.0060257371827
7142,MADS143,i,9,ADS,42.1267003113098,83.29968869020377,386.53782616417215,2291.065886077362
7143,MADS143,i,9,ADS,44.11,100.00000000000142,373.7916976452512,2454.6228792389256
7144,MADS143,e,9,ADS,47.37005186942416,124.42519231006344,501.5963891799093,2174.9209056887926
7145,MADS143,a,9,ADS,47.65125280404489,171.70676538789564,847.3426279509354,1232.946766597358
7146,MADS143,e,9,ADS,48.58073053028497,89.26946971503469,557.6265549566074,2115.938937870347
7147,MADS143,a,9,ADS,48.94156358798415,148.43641201585456,723.8112451104003,1237.139372297391
7148,MADS143,a,9,ADS,50.26056898977378,126.91369615627224,742.3512230938304,1147.930591437124
7149,MADS143,æ,9,ADS,52.33819328167606,111.8067183239404,705.624145736092,1598.746384153747
7150,MADS143,i,9,ADS,52.85177136655697,84.60913077082921,368.87643100985264,2100.3776466449845
7151,MADS143,e,9,ADS,54.53711526395506,112.88473604493987,524.1790827921906,2299.323001465432
7152,MADS143,e,9,ADS,55.72587053648177,74.12946351822569,512.8472652968263,2098.6452861938683
7153,MADS143,i,9,ADS,57.01,60.000000000002274,429.5680863267657,2435.3552150326727
7154,MADS143,i,9,ADS,57.4029009930808,72.16661153982784,379.6236281053793,2515.9388386498717
7155,MADS143,a,9,ADS,57.72,140.00000000000057,885.236536744854,1286.9889870594186
7156,MADS143,i,9,ADS,64.66,126.29837042575787,394.23418129266173,2446.462615767363
7157,MADS143,i,9,ADS,66.27,109.99999999999943,443.00506532511474,2601.186478724651
7158,MADS143,e,9,ADS,67.25842734557,79.63212307844003,745.9771609835923,1859.6365637747006
7159,MADS143,a,9,ADS,67.52220875326732,89.58613846324681,754.9495710979317,1272.0282772099358
7160,MADS143,a,9,ADS,68.58,100.00000000000853,700.8124295045686,1294.405110086163
7161,MADS143,o,9,ADS,70.51,62.14376701198887,430.77710682644937,1054.0911054808914
7162,MADS143,i,9,ADS,70.79,59.99999999998806,467.37839891678834,2196.07342556752
7164,MADS143,o,9,ADS,84.28,129.99999999999545,568.2597064558868,1065.7602514695755
7165,MADS143,u,9,ADS,84.78480701389168,125.19298610831697,377.3224472646703,572.235433226667
7166,MADS143,o,9,ADS,87.96514580413738,124.8541958626248,456.37866652171107,885.9566972947557
7167,MADS143,e,9,ADS,89.57212337006406,92.0746423094414,737.4321238538425,1814.8026525885996
7168,MADS143,o,9,ADS,90.23,109.99999999999943,597.562547943268,918.3952355991402
7169,MADS143,a,9,ADS,92.57,142.0193052506704,823.7596828971256,1254.8643195376912
7170,MADS143,e,9,ADS,94.44,120.00000000000455,505.48351931453124,2233.880354766496
7171,MADS143,u,9,ADS,94.84,145.59640291567177,445.2443269586768,935.3341347310984
7172,MADS143,o,9,ADS,96.36,120.00000000000455,522.8830802481477,1089.3481821027472
7173,MADS143,e,9,ADS,98.27,81.3624739545844,574.7652026083824,1940.3529532069545
7174,MADS143,o,9,ADS,99.34490230210872,105.09769789128143,603.0459803932351,1047.3584801547906
7175,MADS144,æ,15,ADS,4.85,140.5994108908386,762.792000189405,1510.3657028508537
7177,MADS144,e,15,ADS,6.689944377809926,105.74928066862377,563.8969320273841,2038.1677198160937
7178,MADS144,o,15,ADS,7.398440028714859,121.55997128514073,501.5806588409669,774.922407160813
7179,MADS144,i,15,ADS,8.494372785503343,105.62721449665702,307.28376164893024,2318.4360302128953
7180,MADS144,u,15,ADS,11.21,117.54096563190863,330.28428384124805,779.6501607167104
7181,MADS144,u,15,ADS,11.52411351616234,203.76080909320038,352.54110063038394,691.9560707641875
7182,MADS144,i,15,ADS,12.18,89.99999999999986,425.3227715566271,2138.4583558622526
7184,MADS144,æ,15,ADS,17.29,150.00000000000213,716.7129644921779,1346.806821209633
7185,MADS144,æ,15,ADS,19.27,167.8596915691699,794.3824459809406,1585.5256653204183
7186,MADS144,e,15,ADS,21.73,96.39798319767934,561.3039961567582,1874.2116943170652
7187,MADS144,æ,15,ADS,21.89,149.99999999999858,948.1658348517228,1326.8240757130595
7188,MADS144,u,15,ADS,22.64,140.00000000000057,347.3238027552771,741.9521720801564
7189,MADS144,u,15,ADS,32.74,140.00000000000057,336.46357181566935,775.1495901861687
7190,MADS144,e,15,ADS,36.08,109.99999999999943,539.6040551783806,1959.8942583061355
7191,MADS144,a,15,ADS,37.2,110.50094588635773,680.8608111286638,1123.2281218069074
7192,MADS144,e,15,ADS,38.85878522472706,111.21477527294132,575.9695268654302,1965.282179155969
7193,MADS144,a,15,ADS,40.29,152.74586657172762,688.0732801692193,1140.4325622724714
7194,MADS144,o,15,ADS,41.67,119.54790450394626,479.30326575101225,1039.9711260639895
7195,MADS144,o,15,ADS,43.7,119.99999999999744,482.58627048218057,814.5546840868681
7196,MADS144,æ,15,ADS,47.33,152.24238461450312,776.9117902102664,1426.3221701254383
7197,MADS144,i,15,ADS,47.99809253421755,121.90746578244926,388.5865240573888,2485.437149812015
7198,MADS144,i,15,ADS,50.4,120.00000000000455,517.1654386902512,2294.3072480508918
7199,MADS144,e,15,ADS,54.64,120.92726363648154,502.2621062509022,1897.78687702308
7201,MADS144,e,15,ADS,55.98580643913382,118.6455344086994,514.1709104704807,1905.6105518676716
7203,MADS144,a,15,ADS,57.86896016774824,108.3285314166389,587.5499302871884,1104.3873824951188
7204,MADS144,æ,15,ADS,59.73202938405984,136.70028964480707,615.6892115130652,1691.851929411341
7205,MADS144,i,15,ADS,60.29946454862319,90.53545137680885,349.4126888479487,2242.3024904884996
7206,MADS144,e,15,ADS,62.12773981555922,108.328531416646,554.8087494822983,2009.4001483590464
7207,MADS144,e,15,ADS,63.27808564917402,101.91435082598588,526.5034279679335,1927.0273576328925
7208,MADS144,i,15,ADS,64.87,49.99999999999716,390.21991050961003,2189.9463082158227
7209,MADS144,i,15,ADS,65.20294053722495,72.21902094443067,392.43811410247815,2200.413428896954
7210,MADS144,a,15,ADS,65.51,103.04140615936319,554.7579917424051,1227.8650685220102
7211,MADS144,i,15,ADS,71.67,149.99999999999147,312.08838124476216,2158.0574900670813
7212,MADS144,i,15,ADS,73.58897416339012,121.0258366098742,338.71812878171994,1908.2655748610282
7213,MADS144,æ,15,ADS,75.28,109.99999999999943,697.1282480661963,1479.4425188769414
7214,MADS144,a,15,ADS,75.6,100.00000000000853,562.5014409220363,1123.61774828277
7215,MADS144,a,15,ADS,76.92,120.00000000000455,629.4001482951522,1111.9199742844178
7216,MADS144,o,15,ADS,79.38,55.65762096628646,601.6509299304399,1238.920272330137
7217,MADS144,i,15,ADS,79.62,47.79018828764947,421.2653785064108,1548.2238229930847
7218,MADS144,u,15,ADS,83.64,120.00000000000455,393.0473608581961,829.1772737490218
7219,MADS144,o,15,ADS,94.39638925554216,118.6455344086994,480.9014950118282,1069.7567874041924
7220,MADS144,u,15,ADS,94.84,79.9999999999983,378.6341611082215,888.3179469639646
7221,MADS144,o,15,ADS,100.33,107.86431769990656,467.8008951496161,1067.3008290492332
7222,MADS144,æ,15,ADS,102.2,179.9999999999926,769.3434045185128,1503.6561310682089
7223,MADS144,o,15,ADS,102.91,100.00000000000853,388.4699017976468,919.120474974775
7224,MADS144,a,15,ADS,105.55,140.00000000000057,655.4750356226555,1230.9492381534274
7225,MADS144,e,15,ADS,107.33,87.37222864419891,585.5759388481029,2001.9050969404047
7226,MADS144,u,15,ADS,107.77,101.32036029480673,410.8739428361892,754.1669450864067
7227,MADS144,o,15,ADS,109.52,184.20463504560303,544.7099814795538,1208.1472484344802
7228,MADS144,a,15,ADS,110.42,120.00000000000455,593.3643704794314,1150.7159984107864
7230,MADS144,o,15,ADS,113.4398778845536,140.12211544640252,474.47364238872706,913.5957314520583
7231,MADS144,æ,18,ADS,2.112859746781729,116.18948901837678,954.6511826068171,1437.5880310852726
7232,MADS144,o,18,ADS,2.400122955544615,50.62542021514993,618.6166055422334,1016.6022063130483
7233,MADS144,o,18,ADS,2.729086915091901,103.7406151949809,457.2991321708936,948.0734511507508
7234,MADS144,e,18,ADS,3.695816135452724,46.890758068131255,527.7254857454066,1845.248771006835
7235,MADS144,o,18,ADS,4.37927678230391,124.48873823397655,464.1077351210023,981.3203959880042
7236,MADS144,i,18,ADS,5.454527545694763,112.46486942177737,375.3892028604259,2595.951400021903
7237,MADS144,u,18,ADS,7.05,140.00000000000057,440.8346183192237,1268.2519838237622
7238,MADS144,u,18,ADS,8.084280836788425,75.938130322724,355.55208697078996,760.9224233841609
7239,MADS144,u,18,ADS,8.395960331689816,160.17550986104823,360.41743700563336,893.3825225856223
7240,MADS144,i,18,ADS,8.980744201030923,100.42091550874055,436.78019973734143,2184.600323364231
7241,MADS144,æ,18,ADS,13.64787962937029,120.75407608695876,836.0546947322972,1326.5425944649703
7242,MADS144,æ,18,ADS,15.31,119.99999999999922,861.9094093849151,1498.9871089189749
7243,MADS144,u,18,ADS,15.93,148.91542469744934,480.7422799672881,2435.9134529916655
7244,MADS144,e,18,ADS,17.50344184222323,101.25084043029986,606.3994782819705,1999.2314487553497
7245,MADS144,æ,18,ADS,17.7,147.0307597490006,857.9500990830456,1396.8732315869706
7246,MADS144,u,18,ADS,18.35138685006726,110.66800201702875,361.8382612433805,900.31031804659
7247,MADS144,u,18,ADS,26.34523458510769,92.12166629313856,351.4421037440287,867.7467514293118
7248,MADS144,u,18,ADS,27.46,149.99999999999858,411.1068720298847,868.1481578950523
7249,MADS144,e,18,ADS,30.32,94.3386163717399,632.468666920176,1771.6197241404352
7250,MADS144,a,18,ADS,31.40150650633141,101.25084043030341,667.4793572196984,1139.6059432815541
7251,MADS144,e,18,ADS,32.99785840850526,117.84933886150384,581.3104011925124,1824.0048774296372
7252,MADS144,a,18,ADS,34.39030567150385,140.25731174360345,756.4309098288857,1137.0683387235279
7253,MADS144,o,18,ADS,35.48,110.00000000000654,466.22213690854085,1002.4878784367229
7254,MADS144,o,18,ADS,37.25545792945978,101.25084043030341,450.367865946315,1068.1907370875251
7255,MADS144,æ,18,ADS,40.36034216018574,109.55008964589297,864.5949907621657,1500.1482618337882
7256,MADS144,i,18,ADS,40.9963545285183,104.57054011652644,374.53494622093297,2642.54583832439
7257,MADS144,i,18,ADS,43.06983461032009,107.0603148812097,363.62613239811606,2529.359389788132
7258,MADS144,e,18,ADS,47.40306928647406,86.93071352594473,574.7002650522454,2023.9106180482463
7259,MADS144,a,18,ADS,47.70942076843282,112.86978933213732,639.5742680029684,1187.0072852588517
7260,MADS144,e,18,ADS,49.01120171027498,126.1485880771005,529.4900786002772,1991.1391433753797
7262,MADS144,a,18,ADS,51.10108769189749,118.67926378305782,778.8048513061616,1223.2813400442162
7263,MADS144,æ,18,ADS,52.91988804767956,92.12166629315277,782.6853339458396,1656.3706983420739
7264,MADS144,i,18,ADS,53.42685304375754,80.50271739129755,364.61167674334405,2426.357633368054
7265,MADS144,e,18,ADS,55.3786458916956,136.10768713581223,542.8045696817385,1886.5188644898585
7266,MADS144,e,18,ADS,56.6598951213011,121.99896346930217,483.08192203796773,1856.8832892374942
7267,MADS144,i,18,ADS,58.1433772341428,51.455345136716346,327.2709202520628,2221.5532833006823
7268,MADS144,a,18,ADS,58.73159145982635,108.72016472433899,677.4360019297508,1191.9898465258027
7269,MADS144,i,18,ADS,64.42320599646881,158.51566001794026,394.099980854303,2484.0265913481103
7270,MADS144,i,18,ADS,66.414999264622,134.94631751605368,353.10458474208394,2133.4428195368023
7271,MADS144,æ,18,ADS,68.22817461259163,175.94408337068046,934.9473784906253,1445.8119898751115
7272,MADS144,a,18,ADS,68.71015877129079,96.271290900944,643.6515751685956,1112.8599876744206
7273,MADS144,a,18,ADS,69.82,69.28675481832158,616.650359216505,1152.160701737492
7274,MADS144,o,18,ADS,72.22415746862363,43.98602084268077,523.9949822834175,1056.7883083089487
7276,MADS144,o,18,ADS,84.86760578292002,135.27776221425825,467.968107602637,994.825809773568
7277,MADS144,u,18,ADS,85.46621693683082,58.509706969971376,319.7358557634971,900.0208777453385
7278,MADS144,o,18,ADS,89.7,123.98731026181053,444.8880509125097,934.0565726947225
7279,MADS144,æ,18,ADS,91.25597963780642,144.0203621935865,768.1885414668691,1300.9425123163458
7280,MADS144,o,18,ADS,92.00870030331416,97.1012158225193,530.0426173336575,1048.5895789874303
7281,MADS144,a,18,ADS,94.46608341346644,148.55656095922143,645.1506943518074,1094.6885395686716
7282,MADS144,e,18,ADS,95.72,86.01232707016493,610.1735548698084,1959.6059085587663
7284,MADS144,o,18,ADS,97.72949240887196,149.3864858807541,761.9485054556004,1185.7475304886964
7285,MADS144,a,18,ADS,98.58936809522332,123.65881331241724,612.2685389299777,1142.2780291188365
7286,MADS144,e,18,ADS,99.64,85.18786494538233,622.4731425989453,1864.801344182198
7287,MADS144,o,18,ADS,101.1643154282577,141.08723666520007,454.2409606294335,918.5880365417116
7288,MADS144,æ,6,ADS,4.77,119.91044297868837,955.4572958470998,1501.1407042055828
7289,MADS144,o,6,ADS,5.477229605726488,137.54789510026112,506.11822430525643,1029.7625473081896
7290,MADS144,e,6,ADS,6.5,130.59851127612987,569.1837100991883,1939.8732714095956
7291,MADS144,o,6,ADS,7.32467400654018,115.32599345982052,471.8599212631011,1070.333963963492
7292,MADS144,i,6,ADS,8.437550072159553,102.44992784044626,364.71414234367967,2492.028721262509
7293,MADS144,u,6,ADS,10.27,130.0000000000008,353.0822598627964,788.48935250614
7294,MADS144,u,6,ADS,11.28,107.86793856315136,361.1366098299999,1250.4773081060443
7295,MADS144,u,6,ADS,11.56178932779832,158.2106722016814,394.1114248828545,749.0775727867906
7296,MADS144,i,6,ADS,12.24915111381217,80.84888618783026,369.12566484966834,2356.3854748038734
7297,MADS144,æ,6,ADS,15.94,156.0103871712908,992.054780412718,1554.2151917355293
7298,MADS144,æ,6,ADS,17.48,140.00000000000057,930.7828147790119,1482.498058321098
7299,MADS144,æ,6,ADS,19.77,170.0000000000017,973.160715311887,1533.1266953335553
7300,MADS144,u,6,ADS,20.59,160.00000000000014,359.4452539831906,622.0372223882528
7301,MADS144,e,6,ADS,23.66,81.81570339236899,612.0723796815452,1828.1259257028235
7302,MADS144,æ,6,ADS,23.85,189.99999999999773,930.7586321364766,1568.7319904627989
7303,MADS144,u,6,ADS,24.68790798694397,132.09201305603102,392.0858303380916,693.7540451320657
7304,MADS144,u,6,ADS,34.02078346462325,129.2165353767487,387.4453124181889,946.3547797580459
7305,MADS144,u,6,ADS,35.17,159.9999999999966,350.75899842503884,1027.3948042264356
7306,MADS144,e,6,ADS,38.91,120.00000000000455,632.9137641311775,1790.486943218821
7307,MADS144,a,6,ADS,40.45,99.99999999999432,827.4977285226545,1231.5862809509786
7308,MADS144,e,6,ADS,42.4,127.14152232748432,786.4719954818596,2205.498432914906
7309,MADS144,a,6,ADS,43.67,109.99999999999943,759.5581551185306,1064.2753254948295
7310,MADS144,o,6,ADS,44.96,119.99999999999744,528.9359552662078,1043.8996796039567
7311,MADS144,o,6,ADS,47.06,109.99999999999943,558.3847014999907,1097.9798386698076
7312,MADS144,æ,6,ADS,50.59839206882695,169.73719527175746,968.936887563627,1523.368108844263
7313,MADS144,i,6,ADS,51.18459634078393,153.3590448508093,330.41227148654986,2501.971774363421
7314,MADS144,i,6,ADS,53.62122098074228,108.77901925771738,322.06128855252734,2510.5797833376123
7315,MADS144,e,6,ADS,57.91268813999864,156.3368903818798,549.4118512481373,2017.3452029835169
7316,MADS144,a,6,ADS,58.32042989275717,116.13597571225398,707.7007560672267,1134.1615887005928
7317,MADS144,e,6,ADS,59.75286451664115,177.1818090994728,568.8678416229926,1915.2543390047995
7318,MADS144,a,6,ADS,60.33180264277031,148.8922765541787,854.2601560248734,1197.1144237867359
7319,MADS144,a,6,ADS,62.06,97.16415342402485,693.2185295536207,1170.5131315562978
7320,MADS144,æ,6,ADS,64.05517056058942,144.8294394105858,866.6941966966733,1579.8681179879632
7321,MADS144,i,6,ADS,64.83925283703014,101.24674805685174,344.5689719142066,2353.7042210873287
7322,MADS144,e,6,ADS,66.99436696796762,138.46981719538576,523.0391450440725,1912.616980956117
7323,MADS144,e,6,ADS,68.1606264804861,136.98089442985406,494.0213070857134,1663.070044971298
7324,MADS144,i,6,ADS,69.63,40.00000000000625,352.56052742857463,2270.9398922669548
7325,MADS144,i,6,ADS,69.9726174309166,81.89075210479757,372.7734564504363,2451.680925300386
7326,MADS144,a,6,ADS,70.3,120.48573667807716,655.9087668508976,1223.8495673234406
7327,MADS144,i,6,ADS,76.59079664748083,193.55995952042804,324.6626534557992,2364.6308678806968
7328,MADS144,i,6,ADS,78.75,119.95241029144665,307.09303002328613,2502.301103618217
7329,MADS144,æ,6,ADS,80.57,200.00000000000284,920.3466891332736,1486.5435976381004
7330,MADS144,a,6,ADS,81.28,133.72000003538176,585.4454315771992,1018.51294550686
7331,MADS144,a,6,ADS,82.43,99.99999999999432,632.7686174021815,1146.5950607303123
7332,MADS144,o,6,ADS,84.8,70.00000000000739,572.3053907194042,1064.485143576692
7333,MADS144,i,6,ADS,85.06131645247825,52.11229679395046,461.2253880214786,1677.449172910201
7334,MADS144,u,6,ADS,88.72039298937895,136.98089442985406,366.2455978323026,711.775854331881
7335,MADS144,o,6,ADS,98.83601054406644,157.8258131473973,527.9439786159719,969.2296899402945
7337,MADS144,o,6,ADS,103.64,129.99999999999545,539.6039460435331,1003.4021019943012
7338,MADS144,æ,6,ADS,105.32,190.00000000001194,968.7783506241622,1495.624090459997
7340,MADS144,a,6,ADS,108.8710031844144,158.99681558559564,668.0439085640164,1112.1428572784648
7341,MADS144,e,6,ADS,110.15,99.99999999999432,624.4530459801127,1835.2167061350874
7343,MADS144,o,6,ADS,112.1228138832232,177.1861167767952,672.2564598624858,1096.9659997306114
7344,MADS144,a,6,ADS,113.18,139.99999999998636,691.9198978023227,1140.6594824946183
7346,MADS144,o,6,ADS,116.029557258537,140.44274146300495,448.9440587710717,994.2580578129912
7347,MADS145,æ,18,ADS,3.1,79.45796594137589,542.5581104923966,1509.160501792395
7348,MADS145,o,18,ADS,3.557940298704054,97.65193363791403,524.1939660479632,1170.3950272235388
7349,MADS145,e,18,ADS,4.44186734016602,48.305144262534405,500.4514022024251,1509.4555939186052
7350,MADS145,o,18,ADS,4.96885334860128,98.69078399576381,514.5008802713662,1308.3278728437288
7351,MADS145,i,18,ADS,5.7136730091276,129.85629473126892,313.13818962996237,1868.8084107221623
7352,MADS145,u,18,ADS,7.023589820894667,276.4101791053326,420.88111897511067,867.8831897354896
7353,MADS145,u,18,ADS,7.728432091158699,91.56790884130129,442.7196059646693,994.2088610388245
7354,MADS145,u,18,ADS,7.997342606792031,216.08087443283085,342.78388780970454,851.466806217028
7355,MADS145,i,18,ADS,8.52886686163693,85.18572934371171,331.36700755203793,1907.0564512436315
7356,MADS145,æ,18,ADS,10.79349635035486,149.5944515304295,602.1478714040553,1391.256206746928
7357,MADS145,æ,18,ADS,12.16443776234372,71.67927731416057,577.2544177233116,1346.470639728908
7358,MADS145,æ,18,ADS,13.37597619823444,71.1612495127305,623.9767785433274,1298.9140131349898
7359,MADS145,u,18,ADS,13.80586771139513,145.4390500990197,327.784118975759,939.2947917722288
7360,MADS145,æ,18,ADS,15.83,279.78057181131,649.2683189140154,1359.9463773579478
7361,MADS145,u,18,ADS,16.55427514643627,69.08354879702827,339.4063956951319,798.851054692454
7362,MADS145,æ,18,ADS,21.15,167.43582993168005,566.8571267844427,1407.6993913464958
7363,MADS145,u,18,ADS,22.02131876965046,167.80885253346156,321.3281821717936,983.341718343718
7364,MADS145,u,18,ADS,22.83552686436087,139.20594795193253,328.490058879067,788.6844996954494
7365,MADS145,e,18,ADS,24.68,108.32733727908916,525.1181413584807,1467.993836778902
7366,MADS145,a,18,ADS,25.59114802445993,85.18572934370994,593.7882561489997,1577.846906898338
7367,MADS145,æ,18,ADS,26.90699375167581,57.136769681761734,603.279528193942,1352.8184436098527
7368,MADS145,e,18,ADS,27.13,78.81499906070033,497.33281350031984,1476.3918895142592
7369,MADS145,a,18,ADS,27.74256092862027,65.96699772347847,554.4065365718991,963.642955506089
7370,MADS145,o,18,ADS,28.33451309760558,90.93462474131186,494.79893221847806,1419.3502673257533
7371,MADS145,o,18,ADS,29.70307442646872,86.2245797015575,539.9679292109319,1322.965857043547
7372,MADS145,æ,18,ADS,32.39231559285007,70.64182433381916,544.0042607859937,1325.5511851638503
7373,MADS145,i,18,ADS,32.78096410243864,60.7727459342442,349.7835017062224,1847.2615084062388
7374,MADS145,i,18,ADS,34.43269790036777,90.37998113296197,287.1784159197128,1855.4897609407408
7375,MADS145,æ,18,ADS,37.29554927602489,62.33102147101022,528.4403144757694,1552.2577310475403
7376,MADS145,a,18,ADS,37.51578555188912,132.97284580483648,551.1091274695669,1178.5194564789867
7377,MADS145,e,18,ADS,38.22895549493041,51.942517892506146,550.4276154145537,1386.5819576598142
7378,MADS145,a,18,ADS,38.50376926492231,210.88662264358504,544.6706671207057,1096.9130180166471
7379,MADS145,a,18,ADS,39.53681254758592,130.89514508912004,582.0893685514809,1126.2205122216353
7380,MADS145,æ,18,ADS,40.94,80.0000000000054,548.4597753603247,1284.8238208432758
7381,MADS145,i,18,ADS,41.29045504235563,58.17562003960575,351.55672257457434,1808.2391679603404
7382,MADS145,e,18,ADS,42.77245947466136,58.17562003961285,475.5189342628872,1537.2498114582725
7383,MADS145,i,18,ADS,44.71,50.57837051766256,368.19970280728893,1829.556321300162
7384,MADS145,i,18,ADS,45.04321610471175,71.68067469165607,342.3275333740884,1791.4472045542375
7385,MADS145,a,18,ADS,45.32474455168914,90.45041799180353,541.1671985731581,1217.2495368160096
7386,MADS145,i,18,ADS,49.36586178709466,81.03032791230902,328.7915478058012,1932.5414012275703
7387,MADS145,i,18,ADS,50.76250269500583,71.68067469166317,351.6801585480881,1790.3722961976575
7388,MADS145,æ,18,ADS,51.78748713247269,58.09474450919083,531.199282595128,1350.697982990266
7389,MADS145,a,18,ADS,52.0480144392582,70.64182433380495,566.4929729918879,1099.7372089263322
7390,MADS145,a,18,ADS,52.7379406701839,68.21649706929378,558.0721630787082,1012.3469737106019
7391,MADS145,u,18,ADS,54.42441400389165,58.69504521853486,393.40840991921243,721.7836221238568
7392,MADS145,u,18,ADS,57.09774242443419,86.22457970156461,422.955726837138,1416.6786446504866
7393,MADS145,o,18,ADS,63.74413169462782,137.12824723621964,439.66666739970435,1005.5624741210332
7394,MADS145,u,18,ADS,63.98514497764906,180.75996226592395,262.6596450764413,580.8589570781036
7395,MADS145,o,18,ADS,66.9364303093546,93.56969064539555,502.97177796004695,810.8807989348147
7396,MADS145,e,18,ADS,68.06006428221501,44.40098330346132,445.8709543952033,1469.279569876978
7397,MADS145,o,18,ADS,68.60159841955068,122.5843422263182,438.1854609362446,743.3741621056267
7398,MADS145,a,18,ADS,70.53787864851448,138.16709759406365,604.2357495772752,1304.6283317280572
7399,MADS145,e,18,ADS,72.36,53.877732091791586,415.9079801031441,1512.1927169049475
7400,MADS145,u,18,ADS,72.61652398873142,116.3512400792115,303.6119731776212,702.3849451267808
7402,MADS145,e,18,ADS,74.87,118.42332013964096,443.27384714159393,1548.50254963951
7403,MADS145,o,18,ADS,75.76080773357839,65.44757254455646,403.5329601032611,882.2089625426054
7404,MADS145,æ,6,ADS,2.537090327899773,90.83224003602197,875.0555745118473,1588.552141387411
7405,MADS145,o,6,ADS,2.970607837162607,159.39216283739287,523.529862853314,1100.4493016415959
7406,MADS145,e,6,ADS,3.801045824129758,111.4759309533011,634.7096501245161,2043.1694814677028
7407,MADS145,o,6,ADS,4.552007244596336,137.99275540366463,640.2349157965452,1171.906158740219
7408,MADS145,i,6,ADS,5.62,99.99999999999964,357.5745181630142,2445.347471335016
7409,MADS145,u,6,ADS,6.88,200.00000000000017,440.8128578581354,799.2600541064057
7410,MADS145,u,6,ADS,7.465359817349075,144.64018265092537,401.1854932484369,1100.9916731293604
7411,MADS145,u,6,ADS,7.797035118086671,150.0108206655524,397.19524658304505,790.5692291130009
7412,MADS145,i,6,ADS,8.434967691427445,125.0323085725551,343.7329033820798,2386.070020269277
7413,MADS145,æ,6,ADS,11.43,140.00000000000057,897.0263787347614,1641.9573772993886
7414,MADS145,æ,6,ADS,12.42,140.00000000000057,807.2339816926968,1435.8597760242897
7415,MADS145,æ,6,ADS,14.09155597086058,140.37709823748833,914.6857607322029,1656.27916454317
7416,MADS145,u,6,ADS,14.7191089043929,185.79321825549044,375.54115275866445,746.2490696173444
7417,MADS145,e,6,ADS,17.55081693614472,129.36712974827103,617.9302700189031,2183.083859084096
7418,MADS145,æ,6,ADS,17.79854122715205,189.92195643895116,1040.7439821334224,1606.9166665709408
7419,MADS145,u,6,ADS,18.2759219402604,104.07805973959938,372.1350074718921,773.6682789689378
7420,MADS145,æ,6,ADS,24.18,141.51892607712924,824.966385049875,1702.8928062739922
7421,MADS145,u,6,ADS,25.47,174.17643883781153,415.51537381416415,855.2023876776323
7422,MADS145,u,6,ADS,26.43730965274837,239.4668146404193,266.2930087607741,907.8587101010312
7423,MADS145,e,6,ADS,28.96,149.99999999999858,708.8659940349977,1889.3628186669118
7424,MADS145,a,6,ADS,29.95,120.000000000001,760.0206281933965,1239.3563872786442
7425,MADS145,e,6,ADS,31.19,109.99999999999943,587.95803607809,1667.6044162595351
7426,MADS145,a,6,ADS,32.38,156.85722340819552,788.23680267658,1246.1695212533773
7427,MADS145,o,6,ADS,33.44,123.82140866201041,547.3074144879374,1022.0364424119713
7428,MADS145,o,6,ADS,34.77,107.45262214602747,511.54533240140506,1167.6115365096284
7429,MADS145,æ,6,ADS,38.9,170.0000000000017,870.6340065389535,1738.7137078406222
7430,MADS145,i,6,ADS,39.43707247249443,127.99088368711864,388.734401728854,2674.573174051151
7431,MADS145,i,6,ADS,41.79538239991588,127.99088368713285,381.7322299395112,2795.9358975358546
7432,MADS145,e,6,ADS,45.28033074661606,112.85217701445305,450.21393677917075,1806.2212668897487
7433,MADS145,a,6,ADS,45.56246118915219,145.882082482089,821.8833270366652,1398.4887452775201
7434,MADS145,e,6,ADS,46.79152633457818,112.85217701445305,718.6200747149672,2085.259155774073
7435,MADS145,a,6,ADS,47.15,130.00000000000256,648.6536980137687,1122.5212050400382
7436,MADS145,a,6,ADS,48.50597558655071,125.23839156482097,773.9314819416084,1405.772374280625
7437,MADS145,æ,6,ADS,50.32328995288693,143.12959035979134,825.8075812835314,1698.5097964467725
7438,MADS145,i,6,ADS,51.02622889061868,126.6146376259698,386.58420757010055,2797.012706831788
7439,MADS145,e,6,ADS,52.7550174856482,127.99088368711864,569.192147712495,1892.926743392601
7440,MADS145,e,6,ADS,53.76941115106386,100.46596246407802,601.6506340101913,1959.7168747670146
7441,MADS145,i,6,ADS,55.06,51.182344098748445,396.2821636539102,2605.938412834633
7442,MADS145,i,6,ADS,55.3754215878399,103.2184545863899,365.8799395936612,2543.377318551383
7443,MADS145,a,6,ADS,55.70296815039404,123.86214550366503,777.6375842688885,1375.0215622414783
7444,MADS145,i,6,ADS,61.05432969823899,135.67030176101014,317.74815299452825,2523.2727140474767
7445,MADS145,i,6,ADS,63.1,156.2165036114891,386.95362691682374,2602.8653927883574
7446,MADS145,æ,6,ADS,64.04,114.7208762558165,675.1772064640653,1636.3403075011602
7447,MADS145,a,6,ADS,64.34,179.9999999999926,684.3597710199599,1162.4981999246024
7448,MADS145,a,6,ADS,65.37,149.99999999999147,659.1752537017875,1239.480443019554
7449,MADS145,o,6,ADS,67.16,70.00000000000739,600.4228588999564,1147.1617042464104
7450,MADS145,i,6,ADS,67.42,39.99999999999204,442.3750977646822,1904.5456954136837
7451,MADS145,u,6,ADS,70.3791993093165,160.80069068350156,365.418789106905,678.8728627513009
7452,MADS145,o,6,ADS,77.88124956981314,158.75043018687052,552.0307495466914,1001.290685114779
7453,MADS145,u,6,ADS,78.35,120.00000000000455,407.6267210259336,949.1726897264524
7454,MADS145,o,6,ADS,81.37,129.99999999999545,555.8477922809107,988.3348237150923
7455,MADS145,æ,6,ADS,82.99,130.00000000000966,793.6274408821704,1639.9087530989812
7456,MADS145,o,6,ADS,83.66,142.96913977335635,655.1838994495363,1123.0516646198564
7457,MADS145,a,6,ADS,85.87,199.99999999998863,823.7804974959192,1313.6486662047566
7458,MADS145,e,6,ADS,87.19,109.99999999999943,599.5609372098921,1905.6230483855384
7459,MADS145,u,6,ADS,87.66,131.30838051472438,352.23674402403304,758.7700721351382
7460,MADS145,o,6,ADS,88.92,90.00000000000341,568.5413849682519,1136.5389350666069
7461,MADS145,a,6,ADS,89.64350546247854,167.90201946051297,720.267617684333,1328.7549358026001
7462,MADS145,e,6,ADS,90.46,127.71821395190841,743.3708362785275,1721.962108689585
7463,MADS145,o,6,ADS,91.4192401881692,158.2682970324356,523.8457234629299,1160.6643634005206
7464,MADS145,æ,9,ADS,3.013460964080899,96.3820546509302,844.0520485627806,1574.7796367135911
7465,MADS145,o,9,ADS,3.499078239437507,129.745073568559,589.5010150157099,1125.9749715722467
7466,MADS145,e,9,ADS,4.166959359684951,83.04064031504943,589.5753695184164,1929.459846524833
7467,MADS145,o,9,ADS,4.936110623651104,123.8893763488953,605.1697786432095,1185.9580525311596
7468,MADS145,i,9,ADS,5.934147793634853,95.85220636514703,388.31116357931444,2683.119967838546
7469,MADS145,u,9,ADS,7.214305002600358,165.6949973996422,446.7176660214449,827.5274510099415
7470,MADS145,u,9,ADS,7.83,169.99999999999994,376.0895381419988,753.9007011462643
7471,MADS145,u,9,ADS,8.187513848012328,142.48615198767212,410.62485421195447,719.6892780605382
7472,MADS145,i,9,ADS,8.7,100.00000000000142,348.154139978343,2575.519917644319
7473,MADS145,æ,9,ADS,11.47,129.999999999999,962.0720943224495,1820.193236528638
7474,MADS145,æ,9,ADS,12.43,140.57878386589982,894.9476852747175,1690.8249403223772
7475,MADS145,æ,9,ADS,14.16302944614306,136.97055385694057,909.3341792162813,1691.8168916571908
7476,MADS145,u,9,ADS,14.64,109.99999999999943,391.1671209382649,691.7623706685517
7477,MADS145,e,9,ADS,16.25222711471628,87.7728852837194,563.8695581432559,2273.1211292515445
7478,MADS145,æ,9,ADS,16.48391474608871,126.08525391128822,923.5223309095234,1651.8979268045573
7479,MADS145,u,9,ADS,16.99582596783518,94.17403216481901,473.641462198065,977.212917142766
7480,MADS145,æ,9,ADS,22.99,130.00000000000256,832.5458657305014,1750.4092255447772
7481,MADS145,u,9,ADS,24.2,140.00000000000057,383.93121424958633,632.7975788390867
7482,MADS145,u,9,ADS,25.04,199.9999999999993,360.07571603027213,777.7826634960428
7483,MADS145,e,9,ADS,27.17,139.99999999999702,615.2796678150456,1557.4449610388792
7484,MADS145,a,9,ADS,28.06,130.00000000000256,891.2432019382622,1377.257775682342
7485,MADS145,e,9,ADS,29.12,129.999999999999,573.4812539025287,1441.2124331529185
7486,MADS145,a,9,ADS,30.21,109.99999999999943,774.2790104479221,1357.2969110580354
7487,MADS145,o,9,ADS,30.94,139.99999999999702,502.6101705215513,1022.984547560532
7488,MADS145,o,9,ADS,32.37,104.81992428655218,532.3788616544953,1182.4629851948139
7489,MADS145,æ,9,ADS,35.86,130.1531087958594,713.1138751437302,1682.4341915947268
7490,MADS145,i,9,ADS,36.33,149.99999999999858,386.6245374966322,2607.4993706078476
7491,MADS145,i,9,ADS,38.60782271492659,122.17728507340553,435.8802593678438,2606.6182596828316
7492,MADS145,e,9,ADS,41.89512359797509,104.87640202490667,656.1210261568228,2179.118045438607
7493,MADS145,a,9,ADS,42.16,139.18682708860075,744.9324818226404,1393.7832972790445
7494,MADS145,e,9,ADS,43.07665737200578,93.34262799421822,631.3957617926757,2147.1537834653664
7495,MADS145,a,9,ADS,43.42,149.99999999999858,969.5302296217563,1316.966444439943
7496,MADS145,a,9,ADS,44.62,109.99999999999943,742.1550556230029,1288.923685664958
7497,MADS145,æ,9,ADS,46.54,140.00000000000057,756.1728832483029,1695.9171927306124
7498,MADS145,i,9,ADS,47.05,150.00000000000568,356.148247575253,2745.1526576133833
7499,MADS145,e,9,ADS,48.49,129.99999999999545,649.2312405351026,2016.121908962463
7500,MADS145,e,9,ADS,49.47,90.92881021837229,551.1000909182795,2004.3612223271466
7501,MADS145,i,9,ADS,50.68,41.91033148384804,341.8130044860475,2447.334928604084
7502,MADS145,i,9,ADS,50.97769347651901,64.87253678428573,413.0882884843029,2314.5035919310862
7503,MADS145,a,9,ADS,51.24,149.99999999999858,734.9152930623668,1397.2814553382632
7504,MADS145,i,9,ADS,56.42495255048713,155.04744951287108,375.6306833046643,2676.4209334196335
7505,MADS145,i,9,ADS,58.14,111.67715609683171,412.15435971657246,2578.235942709064
7506,MADS145,æ,9,ADS,59.05161385165419,98.38614834580994,722.1593412866156,1613.8204345514064
7507,MADS145,a,9,ADS,59.33,133.0910849716247,701.2219804266298,1248.6399874440422
7508,MADS145,a,9,ADS,60.05,120.00000000000455,693.6278604307884,1239.9363102357293
7509,MADS145,o,9,ADS,61.76325166631393,46.337526274491836,542.2045842416236,1168.7127903914707
7510,MADS145,i,9,ADS,61.99,39.99999999999915,444.94540472459437,1763.5289558615607
7511,MADS145,u,9,ADS,65.28459363003307,115.40636996693365,357.3976853068386,728.4329785707785
7512,MADS145,o,9,ADS,72.91,164.19553345939164,485.1337436727141,1086.7229750449283
7513,MADS145,u,9,ADS,73.33,150.00000000000568,343.7830277496695,859.0881758756495
7514,MADS145,o,9,ADS,76.42,109.99999999999943,506.76660037731745,1062.8382057407453
7515,MADS145,æ,9,ADS,78.04251852536575,137.48147463425653,728.5528920817286,1724.8307376190548
7516,MADS145,o,9,ADS,78.77,128.83601091824914,596.204552684584,1117.4827292044279
7517,MADS145,a,9,ADS,80.95,179.9999999999926,766.6747608747097,1306.8132174676368
7518,MADS145,e,9,ADS,82.24,100.00000000000853,667.586504224757,1945.1449539489238
7519,MADS145,u,9,ADS,82.63,121.17890429695422,393.4018682197358,738.3286920914989
7520,MADS145,o,9,ADS,83.67,79.9999999999983,474.87500921492125,1181.7550844445657
7521,MADS145,a,9,ADS,84.35,160.0000000000108,746.0029237782034,1328.1259779821964
7522,MADS145,e,9,ADS,85.04,99.99999999999432,665.2927491622731,1800.6973009154644
7523,MADS145,o,9,ADS,85.94804611508053,131.95388491946858,491.56227183341224,1131.6168660247451
7524,MADS146,æ,6,ADS,3.19,64.77244956753214,714.5018468926239,1281.3760113461913
7525,MADS146,e,6,ADS,4.73,86.59732340471393,645.1942272633656,2346.8911882882794
7526,MADS146,o,6,ADS,5.387333282916964,107.80397123835783,601.250222120558,1234.2065268933316
7527,MADS146,i,6,ADS,6.61,80.00000000000007,353.2573264003199,2250.9724964903367
7528,MADS146,u,6,ADS,9.07,140.00000000000057,359.298833542896,739.4631727337619
7529,MADS146,u,6,ADS,9.403087726880573,186.91227311942703,508.6047127109449,820.5600529762609
7530,MADS146,i,6,ADS,10.09116661736729,78.83338263271078,361.3811418248095,2173.6529266614734
7531,MADS146,æ,6,ADS,14.6,85.23919847990058,907.842785854668,1720.6215587313527
7534,MADS146,e,6,ADS,18.78,67.0575347376392,639.6289150236078,1641.4393639852105
7535,MADS146,u,6,ADS,19.95296320861173,137.03679138826885,326.1970023144043,616.4230740515023
7537,MADS146,u,6,ADS,27.95,109.99999999999943,433.93690333581293,941.0001174866096
7538,MADS146,e,6,ADS,31.91,129.999999999999,862.5025393933236,2260.176969560489
7539,MADS146,a,6,ADS,33.05,123.24705836736172,970.3093529721372,1494.7029609499348
7540,MADS146,e,6,ADS,34.6,100.00000000000142,811.1855598336981,1609.0964434737457
7541,MADS146,a,6,ADS,35.84,129.99999999999545,747.7576246264535,1404.6672264266315
7542,MADS146,o,6,ADS,36.51,70.00000000000028,518.9875138391362,1124.89741485938
7543,MADS146,o,6,ADS,38.18,101.29243298754886,500.2120303606571,1109.4257418663226
7544,MADS146,æ,6,ADS,42.02860701994107,161.39298005892755,979.9743717772636,1749.9591939833217
7545,MADS146,i,6,ADS,42.65101314286476,158.98685713523975,409.9550636454193,2597.8547441762867
7546,MADS146,i,6,ADS,45.5443754189565,92.40340391858837,480.311389709856,2397.456512221546
7547,MADS146,e,6,ADS,49.80394751456186,137.64257042039674,537.3318893183898,2498.6947099863496
7548,MADS146,a,6,ADS,50.10798004270932,153.04313774016975,782.4735472303214,1441.8572080903723
7549,MADS146,e,6,ADS,51.22287114258575,99.14115212099972,680.6910217362148,2270.9133107124253
7550,MADS146,a,6,ADS,51.55,140.00000000000057,313.0969226499363,1163.3434687514887
7551,MADS146,a,6,ADS,52.94284801234853,107.15198765146994,950.5209050487929,1329.6619408306992
7552,MADS146,æ,6,ADS,55.21978387912336,136.68003496291448,778.835383531527,1440.328349062566
7553,MADS146,i,6,ADS,55.7091608932496,100.83910675039931,386.23428578465627,2664.5317582001267
7554,MADS146,e,6,ADS,57.51725559739032,127.05468038807055,590.7700073968853,2569.7826384246746
7555,MADS146,e,6,ADS,58.6848710761718,62.564804736538804,571.9067355137107,2387.3487081143385
7556,MADS146,i,6,ADS,60.16196111856597,66.41494656648916,425.5487104686389,2483.8827094891876
7557,MADS146,i,6,ADS,60.48441049682356,63.527340194035276,458.5526143596749,2449.8817672938367
7558,MADS146,a,6,ADS,60.74513421458162,99.14115212099261,839.0283085656748,1596.2964702235126
7559,MADS146,i,6,ADS,67.41,150.00000000000568,355.8557714176956,2531.702926645112
7560,MADS146,i,6,ADS,69.21,143.79420333904136,369.16695829818775,2264.9567841014145
7561,MADS146,æ,6,ADS,70.80777810955625,155.93074411262364,821.6263770409289,1659.0937324977324
7562,MADS146,a,6,ADS,71.23,96.58472114084304,794.219411345483,1323.3146192050249
7563,MADS146,a,6,ADS,72.46605574480661,103.95382940842524,822.1255824561459,1178.4276322477767
7564,MADS146,o,6,ADS,74.87057868491387,69.42131508613159,624.8343660984585,1225.4751793973337
7565,MADS146,i,6,ADS,75.1,50.00000000001137,442.4619258207233,1411.8578633582483
7566,MADS146,u,6,ADS,78.33630052533773,92.40340391859547,412.3501996304599,922.3592371181035
7567,MADS146,o,6,ADS,88.09566464156335,108.76650669584365,483.1223375866736,1144.900205144292
7568,MADS146,u,6,ADS,88.61637518327338,113.62481672662739,409.60220216773524,1303.7030432473678
7569,MADS146,o,6,ADS,92.86,99.99999999999432,551.0402427182099,1104.8596223064926
7570,MADS146,æ,6,ADS,94.75397389413664,273.36006992584316,922.46828793378,1743.2749536197962
7571,MADS146,o,6,ADS,95.47,99.99999999999432,550.8314189374954,990.8098678826842
7573,MADS146,e,6,ADS,99.42475313095038,95.24686904961754,527.5387350305868,1471.788736106469
7574,MADS146,u,6,ADS,99.75,90.00000000000341,422.6392966386514,845.3149111749543
7575,MADS146,u,6,ADS,101.29,119.99999999999034,396.28474995440257,1007.6842017215197
7576,MADS146,a,6,ADS,102.0992919661108,110.69157761080817,779.290429134215,1345.7889136940084
7577,MADS146,e,6,ADS,103.19,88.88272769810612,628.5900704403734,1363.0079489398447
7578,MADS146,o,6,ADS,104.6430546554711,116.46679035570173,758.0349640287283,1058.6865699649077
7579,MADS147,o,12,ADS,3.003002305757077,86.99769424292292,577.171299102307,1137.664413863512
7580,MADS147,e,12,ADS,3.76,65.34286267305723,476.12878626512816,1940.209942102583
7581,MADS147,o,12,ADS,4.570238021636261,69.7619783637391,491.68863991518424,1118.3109911164916
7582,MADS147,i,12,ADS,5.310685509340835,109.31449065916522,364.91645090190667,2560.1064848148226
7583,MADS147,u,12,ADS,6.91,99.99999999999964,465.8457762353955,2045.2807504896955
7585,MADS147,u,12,ADS,8.11,169.99999999999994,386.25358358942765,860.4486835560517
7586,MADS147,i,12,ADS,8.72,89.99999999999986,379.9977098379206,2304.8061370747964
7587,MADS147,æ,12,ADS,11.62419612335247,94.21664019604847,827.4578589844668,1743.2778231553875
7588,MADS147,æ,12,ADS,12.74,119.99999999999922,897.554637790393,1572.5121668809645
7589,MADS147,æ,12,ADS,14.10388028630716,86.25467060202041,842.2726103572052,1662.904212123849
7591,MADS147,e,12,ADS,16.39,93.10913553818878,620.185458983785,1989.3701840622675
7592,MADS147,æ,12,ADS,16.52955395817004,102.17860979009785,975.5839181681894,1749.0432057971802
7593,MADS147,u,12,ADS,17.23,79.9999999999983,395.60133410894616,1399.8522676478394
7594,MADS147,u,12,ADS,24.15,100.00000000000142,351.3219286320592,927.0379917081897
7596,MADS147,a,12,ADS,28.25166371762168,79.61969594033036,737.6768689935641,1215.349470799505
7597,MADS147,a,12,ADS,30.94979366257908,110.14057938412236,303.10738308986623,1074.5485029582803
7599,MADS147,o,12,ADS,33.1,75.83932743045096,519.3834088524753,1291.3806085502922
7600,MADS147,i,12,ADS,36.02792937449515,82.27368580502059,307.1496885035397,2485.2297184792924
7601,MADS147,i,12,ADS,37.55,105.66978547275596,306.51900775264505,2652.7828996712497
7604,MADS147,e,12,ADS,41.36909162432436,83.60068073734794,487.00847333266285,1827.9054575408995
7605,MADS147,a,12,ADS,41.63,109.99999999999943,734.2054893001573,1162.0876539623096
7606,MADS147,a,12,ADS,43.07,109.99999999999943,820.2406899878945,1160.045796949537
7607,MADS147,æ,12,ADS,44.59,79.53649790855621,570.738374124082,1631.2010332124712
7608,MADS147,i,12,ADS,44.96074016066691,75.63871114331278,314.88424874606136,2384.2321083709044
7610,MADS147,e,12,ADS,47.88,70.90806602230515,456.6568076053395,1976.4430131568947
7611,MADS147,i,12,ADS,48.91588623318668,66.34974661693605,353.3639922389714,2550.9142789410716
7613,MADS147,i,12,ADS,54.45,98.06967974765968,322.3716490784522,2533.5700433973293
7614,MADS147,i,12,ADS,56.14061737462472,59.714771955249546,306.8115701521568,2242.053778225454
7616,MADS147,a,12,ADS,58.6,43.97629037877948,387.4796773603642,1240.099056309668
7617,MADS147,o,12,ADS,60.87945169041146,95.5436351284007,560.2199717008189,1134.6847519941746
7618,MADS147,i,12,ADS,61.25101027146633,50.42580742887992,360.8880898994502,1559.2158894196946
7621,MADS147,o,12,ADS,74.65,89.9999999999892,455.983263387817,1018.8259536453742
7622,MADS147,æ,12,ADS,76.08552524611946,159.23939188066072,570.2516187969467,1850.7993717871254
7623,MADS147,o,12,ADS,76.57,90.00000000000341,380.2401229286658,1042.5926381904887
7624,MADS147,a,12,ADS,78.5761225943835,175.16333106871684,654.5662794514049,1158.099995988092
7625,MADS147,a,12,ADS,81.57843160469717,101.56839530283435,697.7915046341288,1150.9250484077377
7626,MADS147,e,12,ADS,82.37,80.66089725289771,587.9612771621275,1760.4024960102722
7627,MADS147,o,12,ADS,83.46228203761623,103.50560472242876,372.5796559740375,989.5561040784214
7629,MADS147,o,15,ADS,6.688749372666966,81.25062733303335,632.7732728671883,967.5942642260843
7630,MADS147,e,15,ADS,8.07,70.00000000000028,498.55628305736224,1724.509723202718
7631,MADS147,o,15,ADS,9.189729915631297,130.27008436870346,619.2840380600524,1123.6358315499183
7632,MADS147,i,15,ADS,23.06403226660469,109.41562403344918,352.7605780387619,2610.310932096607
7633,MADS147,u,15,ADS,24.52570988425576,143.8612834513897,466.1518320618772,1848.0968909948813
7634,MADS147,u,15,ADS,25.36589961584156,107.38940877357095,513.7480721655526,1969.51426900376
7635,MADS147,u,15,ADS,25.67793676586289,147.91371397114972,514.729934757224,1767.2496939049647
7636,MADS147,i,15,ADS,26.2916645915206,87.12725617478867,399.69872221557335,2269.2306890384584
7638,MADS147,æ,15,ADS,30.21,99.99999999999787,746.106022196308,1610.2435512053971
7639,MADS147,æ,15,ADS,31.36056638894887,87.12725617477801,746.1951849383411,1701.508108864249
7641,MADS147,e,15,ADS,33.3,100.00000000000142,493.2468489413815,1664.318133115995
7642,MADS147,æ,15,ADS,33.47,149.99999999999858,743.6811546296212,1652.684984387384
7643,MADS147,u,15,ADS,34.01221447098884,89.15347143467045,357.2488052104182,603.3563002977355
7644,MADS147,u,15,ADS,40.98,120.17548285088964,397.3300867027907,1040.0065319225955
7645,MADS147,u,15,ADS,41.87,208.14785210845343,863.652254579551,1681.012708759948
7646,MADS147,e,15,ADS,44.29928989269738,107.38940877357095,741.8922569572285,1797.9189597874092
7647,MADS147,a,15,ADS,45.21,113.56341006977999,570.7142017010208,1258.747586544689
7648,MADS147,e,15,ADS,46.31,87.52240369765474,658.9283719654028,1674.0367330937463
7649,MADS147,a,15,ADS,47.0,130.00000000000256,651.9525426656376,1154.4298906388772
7650,MADS147,o,15,ADS,47.82,95.35194178533857,582.9839479322405,1404.5663608403534
7651,MADS147,o,15,ADS,49.23,94.8866625122804,521.1481876891337,1114.0596711096548
7652,MADS147,æ,15,ADS,51.52,95.41572400018339,710.1678927900981,1236.8711652669144
7653,MADS147,i,15,ADS,51.92040432300038,74.9699646155193,434.57764192549075,2318.9655619470414
7654,MADS147,i,15,ADS,53.53361687973361,86.38312026639028,365.0198312686773,2459.743723523109
7655,MADS147,e,15,ADS,56.04,81.0511780669998,654.8227410430354,1934.4040546056435
7657,MADS147,e,15,ADS,57.11271135208058,77.28864791941703,678.2143434585596,1849.5784925666483
7658,MADS147,a,15,ADS,57.39,119.99999999999744,831.5997982341229,1372.6154338367085
7659,MADS147,a,15,ADS,58.4,108.68767059792361,685.2507387094993,1250.1032285348185
7660,MADS147,æ,15,ADS,60.28,105.76091540893628,688.9260944748929,1751.5855891405624
7661,MADS147,i,15,ADS,60.66208069790843,64.8388883161175,446.7022926142134,2246.0021502114464
7662,MADS147,e,15,ADS,62.15964808339734,66.86510357599929,499.3810944599071,2000.235520153311
7663,MADS147,e,15,ADS,63.03,73.34719355291242,669.3071004022563,1658.2905329893285
7664,MADS147,i,15,ADS,64.46265773819172,57.342261808273065,421.17500340651196,2019.269667745858
7665,MADS147,a,15,ADS,64.77,134.37266484530141,701.499748956761,1287.4834219482045
7666,MADS147,i,15,ADS,69.9802370177556,172.22829708970266,372.5655770868989,2550.4554406409598
7667,MADS147,i,15,ADS,71.57,130.00000000000966,360.1312434497601,2500.4663101515403
7668,MADS147,æ,15,ADS,72.60752751890742,102.47248109257612,659.601668722985,1583.6350428385645
7670,MADS147,o,15,ADS,75.4,57.31349100655336,328.11822815553,1411.9918980969474
7671,MADS147,i,15,ADS,75.61941071179686,50.58928820314179,459.10780122337604,1603.7390644827576
7673,MADS147,o,15,ADS,84.43773846594829,123.59913085261098,483.13057102443423,1121.942775567481
7675,MADS147,o,15,ADS,87.84,104.40638988750095,395.37274970474465,1258.41411388858
7676,MADS147,e,15,ADS,88.95742802428776,109.41562403345984,674.5445943836303,1576.246781786273
7677,MADS147,o,15,ADS,89.47747574481275,109.41562403344562,808.6108657226396,1964.6809483644183
7678,MADS147,a,15,ADS,91.66,128.78415984732783,612.913032041214,1326.0612132952983
7679,MADS147,e,15,ADS,92.48399180130905,86.00819869094778,566.8610536714091,1827.0401987524594
7681,MADS147,a,15,ADS,94.46,124.44442676984124,672.1841580971327,1311.5985314681993
7682,MADS147,e,15,ADS,95.26,89.9999999999892,530.0344300883437,1898.2263885789398
7683,MADS147,o,15,ADS,96.19138443852266,123.59913085259677,556.1050110222761,1193.0817887740668
7684,MADS147,æ,18,ADS,5.13,76.53672680403733,682.3951221691259,1575.94064991716
7685,MADS147,o,18,ADS,5.581869257059528,82.16256723442416,516.4865767648691,984.8953800459053
7686,MADS147,e,18,ADS,6.250833636821963,53.11519497982964,577.8239607478798,2044.840789673939
7688,MADS147,i,18,ADS,7.884445946324427,131.95806252801478,369.1786043192261,2616.993948425608
7690,MADS147,u,18,ADS,10.25317675649926,90.46181645001994,380.1695048798279,735.2781434938985
7691,MADS147,u,18,ADS,10.52882101636031,227.39942850740036,415.33394801482376,823.2470743680983
7692,MADS147,i,18,ADS,11.18600242324064,64.73414388167065,410.6861732152964,2362.3962093783775
7693,MADS147,æ,18,ADS,14.78919171615867,74.69324294038948,778.8418259936954,1442.2214862963826
7694,MADS147,æ,18,ADS,15.90185826142985,63.07429403855025,705.2673618581721,1663.031122872815
7695,MADS147,u,18,ADS,16.28,99.36687584042758,372.61075084357384,726.5191530236912
7696,MADS147,e,18,ADS,18.20495874887946,54.775044822950036,703.5916382947194,2028.6476920584932
7697,MADS147,æ,18,ADS,18.3593027229942,179.26378305692836,767.0463697381781,1114.9941306617075
7698,MADS147,u,18,ADS,18.95587103597046,102.08076535186095,415.4019522732519,747.8091057269831
7699,MADS147,æ,18,ADS,24.48,104.70549921571859,760.0588207548896,1664.2053312738144
7700,MADS147,u,18,ADS,25.68926133180201,120.73866819798695,387.4485644179442,803.157300729021
7701,MADS147,e,18,ADS,29.09307730558062,106.92269441937796,747.0439206624114,1885.5029833620827
7702,MADS147,a,18,ADS,30.09063711620367,83.822417077549,679.485027215216,1149.7056321816372
7703,MADS147,a,18,ADS,32.196864704729,105.40046503809464,693.7443115739245,1154.9039571232695
7707,MADS147,i,18,ADS,37.43488353036749,75.52316786194524,396.64461451499767,2535.002896941116
7708,MADS147,i,18,ADS,39.03513762046156,82.16256723441973,349.9991574371627,2520.703281389419
7709,MADS147,e,18,ADS,42.01103597041661,49.79549529360128,681.0459871013658,1923.5846418233941
7711,MADS147,e,18,ADS,43.11086914500196,65.5640688032264,642.3094486106344,1767.603406522589
7712,MADS147,a,18,ADS,44.46565329448645,89.6318915284624,744.0471773266156,1239.3092888721317
7713,MADS147,æ,18,ADS,46.54996533224966,73.86331801883017,708.0476075480947,1704.0920618780042
7714,MADS147,i,18,ADS,46.91875378193588,58.92466943076613,421.7599423899177,2396.2298786473184
7715,MADS147,e,18,ADS,49.15290179571883,106.23038995964862,662.0017483825137,2100.665765906882
7716,MADS147,i,18,ADS,52.08,90.00000000000341,439.14630400034304,2656.481446678349
7717,MADS147,i,18,ADS,52.4764339141633,48.13564545046489,449.9592479362326,2227.6311132030414
7718,MADS147,i,18,ADS,58.62694209435127,124.48873823397832,355.7855761334505,2534.341856445598
7719,MADS147,i,18,ADS,60.14582306140633,80.50271739130466,325.9721204082599,2331.600717104368
7720,MADS147,i,18,ADS,62.06983569587505,179.2637830569177,331.33431458184543,1944.19101607881
7721,MADS147,æ,18,ADS,63.19799781297589,202.00218702410666,734.8338654235068,1612.8585882755065
7722,MADS147,a,18,ADS,63.56925986104756,82.99249215597371,682.3382519300177,1145.8634629410685
7726,MADS147,u,18,ADS,76.3066681841084,93.33181589160233,401.8826089426885,809.4345282230395
7728,MADS147,æ,18,ADS,81.02540967100151,102.91069027341848,821.243410945178,1843.389183853295
7729,MADS147,o,18,ADS,81.68737645674378,79.67279246975068,743.4025257702873,1068.7204839001722
7730,MADS147,e,18,ADS,84.90920775436797,70.79224563203468,620.8373511151589,1906.6087693693155
7732,MADS147,o,18,ADS,86.38103989242259,48.96010757741465,438.7375875779107,1044.4098388217324
7733,MADS147,a,18,ADS,87.13239991875602,91.29174137159168,727.8968984957372,1014.5284366166658
7735,MADS147,o,18,ADS,89.1146120713781,108.72016472434609,467.4658586654799,1006.910299236391
7736,MADS147,æ,6,ADS,1.88,101.38166925339709,706.1705752359526,1656.7676111376395
7737,MADS147,o,6,ADS,2.284093601933097,132.95582925539674,512.3793804350206,1179.5315000011544
7739,MADS147,o,6,ADS,3.800954828821998,102.09108317825199,629.926263047897,1243.753439945562
7740,MADS147,i,6,ADS,4.65,169.99999999999994,345.16247798066445,2529.887459112068
7741,MADS147,u,6,ADS,6.35,233.90658711147518,381.1595968846521,883.3874906949327
7742,MADS147,u,6,ADS,7.22,110.00000000000031,405.0539226524905,715.9953433873337
7746,MADS147,æ,6,ADS,16.04235891619961,147.64108380039076,757.7053871187918,1391.8686144871176
7747,MADS147,u,6,ADS,16.63,112.30847877479988,351.45093696841417,936.1214959678687
7748,MADS147,æ,6,ADS,23.15823274029895,141.76725970105153,799.5223863048794,1682.8629891260557
7749,MADS147,u,6,ADS,24.45,109.99999999999943,399.3411978477856,792.9359864401795
7751,MADS147,e,6,ADS,28.33,110.00000000000298,918.8766039797285,1842.3780522972036
7752,MADS147,a,6,ADS,29.44,89.70547947614804,471.0774168122795,1368.2208127654353
7753,MADS147,e,6,ADS,30.7,80.00000000000185,466.39391331369904,1368.325146321103
7757,MADS147,æ,6,ADS,38.39,89.9999999999963,655.8647090914066,1675.8658830798925
7758,MADS147,i,6,ADS,38.80557055669263,80.72318204793305,343.55845270029084,2183.4430503136164
7759,MADS147,i,6,ADS,40.86097791316874,109.02208683125991,359.20466620769497,2593.2377822381
7762,MADS147,e,6,ADS,46.46,79.9999999999983,531.4982412737011,1598.132963376662
7763,MADS147,a,6,ADS,46.78,140.00000000000057,861.4962801008732,1278.4583207828632
7764,MADS147,a,6,ADS,47.78,109.99999999999943,517.8765820416979,1048.0695552972536
7765,MADS147,æ,6,ADS,50.01,114.9504686477485,691.4402739374541,1684.0957940175035
7766,MADS147,e,6,ADS,52.02,83.89738218913578,539.4199784951645,1794.6277430760597
7768,MADS147,i,6,ADS,54.15,55.81759667884256,417.38245924783297,2468.078365720557
7769,MADS147,i,6,ADS,54.51921347992371,60.786520076291595,425.24928311459263,2055.8203756169787
7770,MADS147,a,6,ADS,54.76,107.95258725688939,638.9667257920066,1409.155971055483
7771,MADS147,i,6,ADS,60.57256337893638,122.27187869022771,376.54874773427997,2363.4443414590914
7773,MADS147,æ,6,ADS,63.53,119.99999999999744,732.3908722726723,1453.159015566531
7774,MADS147,a,6,ADS,63.82327768196419,86.72231803580388,817.3068555540899,1174.3602337878176
7777,MADS147,u,6,ADS,70.57182872107845,86.6587101396874,387.997730363765,922.1335822506801
7778,MADS147,o,6,ADS,78.54499726606898,116.33635059847336,429.834953103255,1111.6763217667929
7779,MADS147,u,6,ADS,79.09,92.88299536589761,327.24081681807843,763.959264068055
7781,MADS147,e,6,ADS,84.2108763245951,119.89766745352881,680.3674223088984,1418.1716651436307
7782,MADS147,o,6,ADS,84.74,94.82966204184606,600.3937933649239,1107.2327025005727
7783,MADS147,a,6,ADS,87.07,99.8540555245171,751.0041872881228,1269.8991940598894
7785,MADS147,o,6,ADS,89.94,79.9999999999983,330.51641348557087,1113.4841642568033
7788,MADS147,o,9,ADS,3.82025030055536,89.74969944464029,647.8313326569021,1146.2165620776639
7790,MADS147,o,9,ADS,5.663346939673842,96.65306032615817,512.2916564998576,1252.3210084449195
7791,MADS147,i,9,ADS,6.593372736525182,116.62726347481822,355.6156648320406,2603.9198394378395
7792,MADS147,u,9,ADS,8.687203303081127,172.79669691887278,378.7525174787793,886.232035289336
7793,MADS147,u,9,ADS,9.85,99.99999999999964,420.5502458549863,825.0456392687772
7794,MADS147,u,9,ADS,10.08604561505942,203.9543849405785,445.19227842699524,875.5913178087002
7795,MADS147,i,9,ADS,10.71,59.99999999999872,374.85291487867744,2102.2424648117203
7797,MADS147,æ,9,ADS,16.69,86.74857662211721,763.9858814909148,1598.8377588893459
7798,MADS147,u,9,ADS,17.10093610762864,135.2812629388076,510.5851695977449,2233.7114829962024
7799,MADS147,æ,9,ADS,19.86339048068447,156.60951931553058,944.6652625821681,1593.230303819792
7800,MADS147,u,9,ADS,20.43376553523729,106.2344647627107,309.32820852238933,710.8224663699114
7801,MADS147,æ,9,ADS,26.92193492792268,118.06507207731798,824.7357510904861,1591.9124942064832
7802,MADS147,u,9,ADS,28.37,119.99999999999744,391.7990883089603,779.18483592808
7803,MADS147,e,9,ADS,31.95,160.00000000000014,700.6031172101785,2086.8476990806093
7804,MADS147,e,9,ADS,34.23294783494548,97.05216505452086,751.0209956640258,1923.8730729225672
7807,MADS147,o,9,ADS,37.94,50.00000000000426,470.1920018288259,1197.5284938750544
7808,MADS147,æ,9,ADS,41.12359949880076,95.06250909214486,673.158587508459,1540.6626356556903
7809,MADS147,i,9,ADS,41.59,109.99999999999943,343.9802701609786,2609.376443868505
7810,MADS147,i,9,ADS,43.57995445151118,110.04554848882009,324.91574804498185,2343.5448038474215
7811,MADS147,e,9,ADS,46.47,85.98482766920768,741.7371572457587,1759.7184049621892
7812,MADS147,a,9,ADS,46.69,134.10985331369574,677.6239327461906,1106.684132249907
7813,MADS147,e,9,ADS,47.83741889327435,102.58110672565124,676.9879438286257,2018.0130710025385
7814,MADS147,a,9,ADS,48.14,140.00000000000057,851.0964651862045,1293.7640225191196
7815,MADS147,a,9,ADS,49.2,99.99999999999432,816.2822317992808,1240.8184028940198
7818,MADS147,e,9,ADS,53.76,63.45728250267513,772.2035123422079,1556.345926066175
7820,MADS147,a,9,ADS,55.32592721826099,87.75000839274583,895.3845333554003,1304.4196947246458
7821,MADS147,i,9,ADS,60.17,89.9999999999963,368.0295290338481,2395.8986511908797
7822,MADS147,i,9,ADS,61.67,89.9999999999963,336.8150865627613,2027.571109736494
7823,MADS147,a,9,ADS,63.42,100.28500182704647,750.8116720468852,1273.983841879355
7824,MADS147,a,9,ADS,64.37,99.99999999999432,676.9754662690641,1204.032492485242
7826,MADS147,u,9,ADS,69.41,79.9999999999983,383.84770145045536,1042.5178506306584
7827,MADS147,o,9,ADS,78.27,63.97683019743283,652.5278232184071,1533.1569342868784
7828,MADS147,u,9,ADS,91.1310928207004,98.16555592577458,372.4009070938105,872.899893312404
7829,MADS147,o,9,ADS,93.95497198335217,120.20272154177292,420.46679106587055,1031.912057678457
7830,MADS147,o,9,ADS,95.64,69.99999999999318,731.1576244760811,1063.2679739169862
7832,MADS147,e,9,ADS,98.8,70.00000000000739,631.999899178728,1828.430969892055
7834,MADS147,a,9,ADS,100.85,90.00000000000341,720.5983099002244,1334.674025604945
7836,MADS148,æ,15,ADS,1.9,113.13210710954723,959.5858137636757,1636.286648895132
7837,MADS148,o,15,ADS,2.4211440223845,98.85597761550002,524.4959737779615,1087.4366618723845
7838,MADS148,e,15,ADS,3.38,129.9999999999999,594.804164881605,2084.7963667400254
7839,MADS148,o,15,ADS,4.188928525632366,122.84124637521731,516.0092681957545,1232.0182159761098
7840,MADS148,i,15,ADS,5.23,99.99999999999964,398.78981474417145,2530.957103885598
7841,MADS148,u,15,ADS,7.31,200.00000000000017,421.29819220219093,1769.4475344474088
7842,MADS148,u,15,ADS,8.16,192.71660589978978,360.2210460191544,821.2049486488826
7843,MADS148,u,15,ADS,8.71,139.9999999999988,363.7402646374596,672.7439451222767
7844,MADS148,i,15,ADS,9.37,70.00000000000028,380.4234936640654,2446.2550124888803
7848,MADS148,u,15,ADS,16.62583165259306,158.36160677287836,417.7627829189868,2272.0419913200235
7849,MADS148,e,15,ADS,18.34,91.62431697363971,572.6089335431606,1878.0181899028273
7850,MADS148,æ,15,ADS,18.51,119.99999999999744,964.4013364435328,1703.3198707135152
7851,MADS148,u,15,ADS,19.51753079975893,122.46920024107055,413.8725570893481,1085.2766785637582
7853,MADS148,u,15,ADS,28.07,115.00691040524913,466.8323184908618,2176.463263738046
7854,MADS148,u,15,ADS,29.01,129.999999999999,388.001647698611,798.901343662482
7855,MADS148,e,15,ADS,32.55,120.00000000000455,762.4514127627242,1822.2987001763906
7856,MADS148,a,15,ADS,33.61,90.00000000000341,731.9356338762202,1312.0727942294893
7857,MADS148,e,15,ADS,35.06355376819553,112.48114125923081,739.4931166227527,1898.7702758382247
7858,MADS148,a,15,ADS,36.05,109.99999999999943,699.6258186711442,1332.6367397694023
7859,MADS148,o,15,ADS,37.02,99.99999999999432,545.1341612232272,1037.963555944628
7860,MADS148,o,15,ADS,39.18,94.24573689563687,526.5064497107498,1212.1484441381338
7861,MADS148,æ,15,ADS,42.6056985470297,124.30145297030037,913.3075253959408,1549.8040371251127
7862,MADS148,i,15,ADS,43.09262348748087,107.3765125191315,385.90599346159576,2418.846997195004
7863,MADS148,i,15,ADS,45.45102858386333,88.97141613667259,298.8895658000911,2337.509696884605
7864,MADS148,e,15,ADS,49.50310719394099,88.80090099413707,655.7271908846939,1962.6176114306425
7865,MADS148,a,15,ADS,49.75,113.63275276094242,704.3549882299782,1347.9223545684138
7866,MADS148,e,15,ADS,50.86072269735149,79.27730264850652,636.7261762394384,1826.2167398000845
7868,MADS148,a,15,ADS,52.7,119.99999999999744,616.1504841850402,1253.917486563852
7869,MADS148,æ,15,ADS,54.6285594599249,121.44054007509908,869.1826231160934,1579.5873127905404
7870,MADS148,i,15,ADS,55.17044979623693,79.55020376306976,376.72817142238125,2441.0104577938764
7871,MADS148,e,15,ADS,57.12915623662221,112.48114125924502,537.6482826518783,1944.835840193059
7872,MADS148,e,15,ADS,58.32,79.9999999999983,604.6329302510721,1877.5635610913637
7873,MADS148,i,15,ADS,59.64,49.99999999999716,378.3368224001156,2402.914836847881
7874,MADS148,i,15,ADS,59.97771447085927,65.12066072902911,360.71035441605926,2367.20559772032
7875,MADS148,a,15,ADS,60.28,110.6386604819889,691.2408970536962,1292.0476902421124
7876,MADS148,i,15,ADS,67.09,129.99999999999545,294.49654275672754,2507.4008025093435
7877,MADS148,i,15,ADS,68.87,129.99999999999545,376.78241578046055,2463.6368492822976
7878,MADS148,æ,15,ADS,70.41,150.00000000000568,891.9719955896537,1531.7457118419047
7880,MADS148,a,15,ADS,72.18,105.85629137897001,691.4587444661692,1218.8939323166828
7881,MADS148,o,15,ADS,74.13027085931586,59.7291406841407,605.2821366287425,1276.108975187963
7882,MADS148,u,15,ADS,77.64071088493134,146.52148664032438,371.3913784828361,588.1908296538787
7883,MADS148,o,15,ADS,88.74087664735974,109.1233526402533,591.1261963512001,1066.995048674134
7884,MADS148,u,15,ADS,89.2,106.90381603436094,360.24964181792893,631.6029138288056
7885,MADS148,o,15,ADS,92.94,130.9619659035377,585.4225925476903,1075.6032873554911
7886,MADS148,æ,15,ADS,95.21,180.00000000000682,901.3613209371813,1475.7117337751997
7887,MADS148,o,15,ADS,95.92775449509546,122.24550490454078,566.3931883923395,1082.9447376491494
7888,MADS148,a,15,ADS,98.36,170.0000000000017,624.4273339811799,1138.8768031524392
7889,MADS148,e,15,ADS,99.77,90.00000000000341,642.6576092396822,1765.490106464201
7890,MADS148,u,15,ADS,100.14,98.93033459650269,349.88621372402235,822.635801488916
7891,MADS148,o,15,ADS,101.51,99.99999999999432,594.7806782669433,1076.2269325306847
7892,MADS148,a,15,ADS,102.27,128.90318003469758,734.2113955791287,1238.8205729050571
7893,MADS148,e,15,ADS,103.27,70.00000000000739,669.6175500315516,1798.6398445899754
7894,MADS148,o,15,ADS,104.7840587854397,95.94121456029825,524.6925945654917,1014.1497325917114
7895,MADS148,æ,18,ADS,3.87,101.52040844904108,960.2014651356574,1641.130562519086
7896,MADS148,o,18,ADS,4.389150535073872,129.46828776333507,492.4875924222505,1053.2638482895325
7897,MADS148,e,18,ADS,5.504222181756972,139.42738682205302,587.7304374396682,1791.587922189634
7898,MADS148,o,18,ADS,6.267117744284985,92.88225571501573,524.3996503690715,1036.6042449191382
7899,MADS148,i,18,ADS,7.562639721537334,94.61144105782182,403.90980246993036,2700.9294824304707
7901,MADS148,u,18,ADS,10.01545404246967,264.54595753032885,413.81822928906723,822.5964534696783
7902,MADS148,u,18,ADS,10.56694706689818,149.38648588077007,364.2969864431758,861.9391983140265
7903,MADS148,i,18,ADS,11.04852189320926,96.27129090094044,406.73090087187694,2294.495471307272
7904,MADS148,æ,18,ADS,14.02,132.96328720301,864.6441511095788,1579.3791212733681
7905,MADS148,æ,18,ADS,15.40197354045272,128.02645954727865,865.3262261906618,1520.0314384061282
7906,MADS148,æ,18,ADS,17.10445631163156,124.48873823397122,718.0018202833637,1243.2535901423716
7907,MADS148,u,18,ADS,17.55760918590319,127.80843792021201,365.0547542204723,645.1125031455845
7908,MADS148,e,18,ADS,19.29477707586287,102.91069027341848,613.7621443579575,1950.6228024152927
7909,MADS148,æ,18,ADS,19.5,154.34549375486029,959.3958148461484,1547.6157448760948
7910,MADS148,u,18,ADS,20.55775349498716,115.27961392132013,315.2534492959566,669.4467363773466
7912,MADS148,u,18,ADS,29.09,142.496500526601,348.9243875456478,739.9072689060412
7914,MADS148,e,18,ADS,32.95000273676798,100.68725772875098,668.1750913619206,1822.9085562016915
7915,MADS148,a,18,ADS,34.0775996452672,97.76878649024212,819.8396492507059,1319.906581352497
7916,MADS148,e,18,ADS,35.59895318631568,107.98343582503378,585.1080065147889,1567.0606812653905
7917,MADS148,a,18,ADS,36.84,125.7971920463632,761.8673732356261,1226.6337196619472
7918,MADS148,o,18,ADS,37.79,130.00000000000256,384.8985565082612,829.6313442452401
7919,MADS148,o,18,ADS,39.71,109.2743527468798,484.7793408512829,1129.2383032560265
7920,MADS148,æ,18,ADS,43.276843512215,105.06496458652492,866.0835795626033,1628.4321410095145
7921,MADS148,i,18,ADS,43.72240152122391,94.85031525171905,394.2893414419993,2353.329824504181
7922,MADS148,i,18,ADS,45.82587868192445,106.5242002057829,313.9362787585752,2567.1847581479387
7923,MADS148,e,18,ADS,49.78926922317618,71.50254534361267,624.5111742512328,1787.4225786029222
7924,MADS148,a,18,ADS,50.03150233597289,126.95349887539464,640.8873385230066,1305.3472163883296
7925,MADS148,e,18,ADS,51.38851768131403,84.6356659169345,714.7060245398102,1868.804472896268
7926,MADS148,a,18,ADS,51.73289728745875,107.9834358250551,704.8959631248017,1112.4700108865768
7927,MADS148,a,18,ADS,53.18952664385464,86.09490153617827,887.0205554068349,1280.8801554823212
7928,MADS148,æ,18,ADS,55.19667381765577,118.19808515983965,867.9607784226218,1602.56993972123
7929,MADS148,i,18,ADS,55.69300380455517,93.39107963246107,390.89611685683593,2264.4041187198673
7930,MADS148,e,18,ADS,57.86160831468857,134.24967697167034,634.9156810364884,1769.8868230263524
7932,MADS148,i,18,ADS,60.17,59.99999999999517,377.3870325984057,2356.245224091962
7933,MADS148,a,18,ADS,60.72899383404631,91.9318440132102,690.076041873629,1376.665866464776
7934,MADS148,i,18,ADS,66.96727610098705,125.49426325612956,333.1809283761723,2419.7314012087186
7935,MADS148,i,18,ADS,68.92081754582094,144.464326306462,383.3583376530844,2531.4171491971947
7936,MADS148,æ,18,ADS,70.65802656608793,150.30126878350814,926.2578019629091,1536.944454711524
7938,MADS148,a,18,ADS,72.18323838144728,102.14649334801607,608.6997856975296,1197.7025210914728
7939,MADS148,o,18,ADS,74.56,51.97282075374687,525.394206955606,1270.4170163948868
7941,MADS148,o,18,ADS,87.6187342897545,140.08661944870937,552.3935015560526,1094.4189509718865
7942,MADS148,u,18,ADS,88.25515089610262,112.36114268280062,373.2990863952428,763.9106184602622
7943,MADS148,o,18,ADS,92.02416509140308,107.9834358250622,507.4266583875195,1062.149680903975
7944,MADS148,æ,18,ADS,93.67519256728946,154.8074327105411,835.0894548135221,1568.1119300558582
7945,MADS148,o,18,ADS,94.37353752661792,112.36114268281483,464.3128542303632,947.2469431139062
7946,MADS148,a,18,ADS,96.81572679130969,129.8719701138964,763.1396106472087,1234.8256399608326
7947,MADS148,e,18,ADS,98.33986697513666,105.06496458654624,582.3754996208106,1799.033514850508
7948,MADS148,o,18,ADS,100.3513918557956,88.60814420440022,547.768455319751,1145.956120775103
7949,MADS148,a,18,ADS,101.0837320240694,131.3312057331899,674.3054789926241,1304.0425303565696
7951,MADS148,o,18,ADS,103.2942888142445,121.11655639840535,581.2980822787232,1100.9519920911262
7952,MADS148,æ,6,ADS,2.130542885030024,142.48333362942577,1030.6133829390499,1575.0149336537904
7953,MADS148,o,6,ADS,2.599192886003919,130.80711399608091,622.3066883686126,1084.4394601125796
7954,MADS148,e,6,ADS,3.46,160.00000000000014,661.9942633592336,1508.2226337131551
7955,MADS148,o,6,ADS,4.196743721019652,133.2562789803484,622.171516986009,1167.5881660398754
7956,MADS148,i,6,ADS,5.35,112.90225370744179,396.5911043959074,2685.0156847175763
7957,MADS148,u,6,ADS,6.79,211.31519242466635,453.3066784286592,1376.9344134063874
7958,MADS148,u,6,ADS,7.6,180.0000000000006,373.3784791492039,879.7147356981465
7959,MADS148,u,6,ADS,7.982582692826379,197.4173071736205,353.78500869487283,769.8279480856694
7960,MADS148,i,6,ADS,8.69,120.000000000001,440.909136398372,2485.80015615337
7961,MADS148,æ,6,ADS,11.59,132.37420442790082,948.882738495487,1536.31310381712
7962,MADS148,æ,6,ADS,13.22,110.75448427446943,898.1777533699865,1484.4684041588869
7963,MADS148,æ,6,ADS,14.73,139.9999999999988,876.3106795101297,1550.3679956575015
7964,MADS148,u,6,ADS,15.34096309719776,202.56666708761983,521.4203110927078,1274.3899271598473
7965,MADS148,e,6,ADS,17.47748651147703,73.81666682006127,602.0863852059377,1700.6081244404877
7966,MADS148,æ,6,ADS,17.65,139.9198454596231,988.7961940784332,1624.898793100215
7967,MADS148,u,6,ADS,18.42051865551413,119.48134448586956,365.85388153998264,1663.8321020600515
7968,MADS148,æ,6,ADS,25.06,148.30794831638272,922.9168626711197,1649.934739043595
7969,MADS148,u,6,ADS,26.3,145.58568750128842,366.3702083100312,773.5634368812498
7970,MADS148,u,6,ADS,27.4,140.00000000000057,395.320278935205,598.602671953638
7971,MADS148,e,6,ADS,30.23,149.99999999999858,637.4620291593983,1744.3748267939566
7972,MADS148,a,6,ADS,31.38,128.7151767176411,914.7703250902754,1476.1057124941535
7973,MADS148,æ,6,ADS,32.2,149.99999999999858,991.0432912275352,1554.9091028163873
7974,MADS148,e,6,ADS,32.55,140.00000000000057,667.4071083510298,1261.5363079903436
7975,MADS148,a,6,ADS,33.67,149.99999999999858,818.4808685551329,1357.2289516701862
7976,MADS148,o,6,ADS,34.8,146.63807676261342,537.3470078897271,1016.7428116935795
7977,MADS148,o,6,ADS,36.75,128.67419006924763,584.9174494781928,1153.5552979806064
7978,MADS148,æ,6,ADS,39.55526689071718,139.1256352617134,843.2264179129074,1562.3712699349162
7979,MADS148,i,6,ADS,40.02399252666383,116.73333357591531,375.81701868959925,2404.9539933450556
7980,MADS148,i,6,ADS,42.19320824265026,115.01666690568157,378.29445443233567,2574.633534599668
7981,MADS148,e,6,ADS,45.81130550809699,103.00000021404543,668.2229707080126,1853.2605431775585
7982,MADS148,a,6,ADS,46.1546388421438,137.33333361873434,744.8599679722986,1336.9268617795035
7983,MADS148,e,6,ADS,47.1393774933723,128.75000026755146,677.4243480951463,1651.5912212096002
7984,MADS148,a,6,ADS,47.52,109.99999999999943,1039.6000487827214,1346.2370848088651
7985,MADS148,a,6,ADS,48.7,129.99999999999545,860.3794680851271,1248.7728564828171
7986,MADS148,æ,6,ADS,50.65,130.20741788237444,946.2845570112436,1608.2372305494764
7987,MADS148,i,6,ADS,51.1098074185673,101.2833335438117,399.61311843984345,2533.2579440936297
7988,MADS148,e,6,ADS,52.60104991391565,135.7981468982743,661.4607490894954,1956.1355401262256
7990,MADS148,i,6,ADS,55.06,49.99999999999716,435.46414438631405,2268.7150355294457
7991,MADS148,i,6,ADS,55.38292064500502,57.07935499497552,442.7260775401528,2324.399584960719
7992,MADS148,a,6,ADS,55.67,121.41484794404533,861.5451515788657,1296.6530773829272
7993,MADS148,i,6,ADS,62.01,120.00000000000455,355.6787710517206,2611.195500577657
7994,MADS148,i,6,ADS,63.7,119.99999999999744,342.8346138154186,2439.507342686419
7995,MADS148,æ,6,ADS,65.12,140.00000000000057,982.0502232111616,1527.6533050447556
7996,MADS148,a,6,ADS,65.53,90.00000000000341,709.5316667764603,1201.7869249052815
7997,MADS148,a,6,ADS,66.59,99.99999999999432,848.0131409790848,1261.3848141542358
7998,MADS148,o,6,ADS,68.8,70.00000000000739,605.3565511127272,1255.0876684411298
7999,MADS148,u,6,ADS,72.22761800234191,106.99247937441214,372.0074391834092,1542.238851549856
8000,MADS148,o,6,ADS,81.46826635507324,127.56795617717387,615.9794012423913,1095.1433594931686
8001,MADS148,u,6,ADS,81.92,129.99999999999545,361.2424915509415,713.4133870319469
8002,MADS148,o,6,ADS,85.51,109.99999999999943,690.3283672314315,1009.9962692875056
8003,MADS148,æ,6,ADS,87.1104785827185,165.9755128756757,914.3844366876352,1527.1422325519047
8004,MADS148,o,6,ADS,87.83,118.53792495602988,482.4542359113166,1105.3220794762444
8005,MADS148,a,6,ADS,90.04,169.9999999999875,851.5613183347916,1125.0678511319416
8006,MADS148,e,6,ADS,91.41,79.9999999999983,622.7489805192422,1861.9158141113344
8007,MADS148,u,6,ADS,91.79,136.4657267963878,350.58685901321707,1478.9834442395693
8008,MADS148,o,6,ADS,93.12,89.9999999999892,578.3414092190412,1240.1351152839293
8009,MADS148,a,6,ADS,93.85,109.99999999999943,733.9983371670079,1213.7884099819798
8010,MADS148,e,6,ADS,94.93,109.99999999999943,888.6248436947666,1511.9866602240716
8011,MADS148,o,6,ADS,96.08238310276444,148.18139900171445,607.6112312368955,1121.5636833748133
8012,MADS149,æ,6,ADS,2.34,116.91182745265394,457.9163064376568,1524.4042345755047
8013,MADS149,o,6,ADS,3.036783682640677,173.21631735932286,623.27662159198,1137.328130153563
8014,MADS149,e,6,ADS,3.933367887537714,114.66392616712272,724.4847242667745,1800.778890676427
8015,MADS149,o,6,ADS,4.711631443012615,142.51087966485267,552.772496784962,1339.492591195405
8016,MADS149,i,6,ADS,5.64,140.00000000000057,421.8251379412598,2433.3210282847026
8017,MADS149,u,6,ADS,7.4,209.99999999999997,529.1314389529767,1423.801484311655
8018,MADS149,u,6,ADS,8.22,139.9999999999988,437.795823490713,895.0468794563279
8019,MADS149,u,6,ADS,8.561053002629146,191.6525623079064,366.89452653467026,872.4120449593185
8020,MADS149,i,6,ADS,9.18,99.99999999999964,388.01623069576885,2317.5235088089307
8021,MADS149,æ,6,ADS,12.64,189.9999999999995,844.6390175284221,1503.3182665501884
8022,MADS149,æ,6,ADS,13.92,119.99999999999922,886.9665731054909,1541.4017680308707
8023,MADS149,æ,6,ADS,15.47578382999022,191.6525623078993,771.6711196617753,1547.9511466396598
8024,MADS149,u,6,ADS,16.68,185.19862105400975,595.8215558138176,2426.8232026776736
8025,MADS149,e,6,ADS,18.87,64.37608978040998,550.3223880865578,1833.9643617870533
8026,MADS149,æ,6,ADS,19.04,269.99999999999955,608.4135146366723,1454.0035389211826
8027,MADS149,u,6,ADS,19.58111596660378,106.47364572661999,425.3002252915064,1038.527244160046
8029,MADS149,u,6,ADS,26.49,130.00000000000256,398.1492628365445,585.8258718393918
8031,MADS149,e,6,ADS,29.61848124096724,111.51875903275865,804.7413329302282,1483.0925968569836
8032,MADS149,a,6,ADS,30.55,149.99999999999858,723.9370176311004,1192.3592981342877
8034,MADS149,a,6,ADS,32.85,96.21592733585516,666.9621879315454,1258.4791001862009
8036,MADS149,o,6,ADS,35.29,179.99999999999972,622.9108201901081,1145.999099671449
8037,MADS149,æ,6,ADS,39.57,124.08254623679227,800.8086102387485,1599.0732889460542
8038,MADS149,i,6,ADS,39.98565652991891,106.47364572660933,426.37452253276786,2386.4540128467697
8039,MADS149,i,6,ADS,42.13070793685239,129.29206314760933,392.9851277926666,2371.5903321623364
8040,MADS149,æ,6,ADS,45.25282580952609,90.09308484560563,608.2172845735626,2096.797536390683
8041,MADS149,a,6,ADS,45.52965728841529,126.13031878383651,774.9997568892435,1381.5477138587287
8042,MADS149,æ,6,ADS,46.35412964271053,95.87035728947058,648.7015930297836,2110.9614594259565
8043,MADS149,a,6,ADS,46.72,149.99999999999858,894.852882167226,1252.265117123021
8044,MADS149,a,6,ADS,47.76,170.0000000000017,865.8407268217035,1443.821155796612
8045,MADS149,æ,6,ADS,49.45,118.16556994450877,683.721346690801,1525.5545565966697
8047,MADS149,æ,6,ADS,51.59,121.0181799102088,552.8013915370091,2034.1026814651932
8048,MADS149,æ,6,ADS,52.69,101.84292008054285,622.8474409495044,2076.936902235741
8049,MADS149,i,6,ADS,53.9,50.00000000000426,417.5256613399491,2138.1593905434206
8050,MADS149,i,6,ADS,54.29354271054279,76.45728945720975,319.97207385561194,2222.139467014262
8051,MADS149,a,6,ADS,54.60968753554643,124.49226269573188,711.6422063714468,1425.5603188718874
8052,MADS149,i,6,ADS,61.51913036739023,130.86963260976603,341.2054537653515,2340.5324710722084
8053,MADS149,i,6,ADS,63.06837116713266,99.92142137421212,421.32016170875994,2395.8039960757505
8054,MADS149,æ,6,ADS,64.25690318296495,116.30198225522292,738.8791108906834,1598.4971690317768
8055,MADS149,a,6,ADS,64.56,129.99999999999545,690.8128607010427,1388.6775496826433
8056,MADS149,a,6,ADS,65.62937667226808,76.98863614078277,680.2075332537016,1436.0009943034
8057,MADS149,o,6,ADS,67.32,40.00000000000625,357.8054525673602,1842.949985541429
8058,MADS149,i,6,ADS,67.57,55.58248771048113,508.7842893616847,2012.7990236551707
8059,MADS149,u,6,ADS,70.86806349204733,163.80560881017914,393.32465047625567,576.4899502387882
8060,MADS149,o,6,ADS,81.07705761223428,192.9423877657115,617.739711232709,1259.0594323938062
8061,MADS149,u,6,ADS,81.83,115.78807980791339,428.02697354100127,901.3981536762653
8062,MADS149,o,6,ADS,85.1,109.99999999999943,622.2841630147151,1015.8539238580017
8063,MADS149,æ,6,ADS,86.66688655847219,109.7497579028186,714.7664631057484,1534.554665448906
8064,MADS149,o,6,ADS,87.21,180.00000000000682,510.80540217401654,868.3979114481001
8065,MADS149,a,6,ADS,89.0,170.0000000000017,766.9874772411135,1205.7836828969755
8066,MADS149,æ,6,ADS,89.79864585404799,141.35414595200757,733.6922386470279,1301.637425256694
8067,MADS149,u,6,ADS,90.22,153.53555934676422,348.428557725329,739.6309381729063
8068,MADS149,a,6,ADS,92.2,159.9999999999966,683.2006292173378,1242.0818251142432
8069,MADS149,o,6,ADS,93.8136232267389,121.21615051954393,576.5564907016443,1265.1544067494062
8070,MADS150,æ,12,ADS,2.44,64.48254884465587,824.841121278864,1676.7684302036487
8071,MADS150,o,12,ADS,2.89480478281888,117.25729662600104,531.7823841282162,1062.0918284926006
8072,MADS150,e,12,ADS,3.648858991051603,62.644309156356655,610.74821292993,1960.3951335577228
8073,MADS150,o,12,ADS,4.312246162374049,118.8635609633435,536.1328660288042,1056.2336380413492
8074,MADS150,i,12,ADS,5.1,86.6502523027215,373.84820318505706,2423.439605292876
8075,MADS150,u,12,ADS,6.29,150.00000000000034,400.367070494674,750.7092376112
8076,MADS150,u,12,ADS,7.43,100.00000000000054,466.8763065310719,840.4224040051677
8077,MADS150,u,12,ADS,7.67,120.00000000000011,434.1819530726273,813.0745380352578
8078,MADS150,i,12,ADS,8.168113322010516,101.88667798948359,348.09743245309176,2487.6767635722713
8079,MADS150,æ,12,ADS,11.12,79.91645150521087,819.5643108480816,1679.7091643428507
8080,MADS150,æ,12,ADS,12.46,113.62886313790987,763.5319487627579,1619.7053852314702
8081,MADS150,æ,12,ADS,14.26109302005644,117.25729662599882,742.2090175418158,1623.0919536591261
8082,MADS150,u,12,ADS,14.70120944848828,114.04476795132013,392.6930874568594,1274.8688071965537
8083,MADS150,e,12,ADS,16.4170214047151,82.97859528489937,707.4359612068497,2028.242163928264
8084,MADS150,æ,12,ADS,16.64,135.21835194248055,769.3249661684863,1633.1941868391089
8085,MADS150,u,12,ADS,17.25685776593575,93.1422340642527,371.55308024257414,773.1783270781057
8086,MADS150,æ,12,ADS,22.64,124.56095477465112,658.6226102022207,1314.1353871727822
8087,MADS150,u,12,ADS,23.99,103.82816446579213,417.53531221302256,736.275648180394
8088,MADS150,u,12,ADS,25.09,140.00000000000057,532.247738211948,1049.1460090343774
8089,MADS150,e,12,ADS,27.48,109.99999999999943,576.998312983305,1826.8596391643557
8090,MADS150,a,12,ADS,28.57482246362312,115.17753637687989,635.8284031675181,1245.4160437588562
8092,MADS150,a,12,ADS,30.85,79.9999999999983,663.6954116359083,1082.0892829359514
8093,MADS150,o,12,ADS,31.56602396952523,104.40718192726095,422.14033968624403,813.8569549128457
8094,MADS150,o,12,ADS,33.0809172741543,85.13200987914615,488.7396130856466,944.1586705698433
8095,MADS150,æ,12,ADS,36.17,109.99999999999943,802.4209821624817,1683.2480411346735
8096,MADS150,i,12,ADS,36.61091790126,89.0820987400005,362.0870402217591,2534.99409724622
8097,MADS150,i,12,ADS,38.57857262107002,91.42737892997843,319.86525628894276,2483.7432123561357
8098,MADS150,e,12,ADS,42.45902918601088,150.98884771020238,632.742092179785,1998.4641253944292
8099,MADS150,a,12,ADS,43.14,95.69103857116801,700.8084342758681,1337.6987616355045
8100,MADS150,æ,12,ADS,44.31347531549342,93.16333156586865,655.6272416812391,2093.9734935323777
8101,MADS150,a,12,ADS,45.6909652145647,159.0347854353027,736.3925953610265,1513.3272176612393
8102,MADS150,æ,12,ADS,47.66,140.00000000000057,693.3558920275763,1651.8812511589472
8103,MADS150,i,12,ADS,48.21624921246728,88.34453855384083,397.5706796498913,2508.3758948164163
8104,MADS150,e,12,ADS,49.95,70.00000000000028,617.9464998221291,1933.421094638326
8105,MADS150,e,12,ADS,51.39,79.9999999999983,642.6717323041256,2036.7638383714257
8106,MADS150,i,12,ADS,52.38,49.99999999999716,393.7948773938541,2181.8809463192083
8107,MADS150,i,12,ADS,52.70850302781141,62.64430915634733,452.23717250642807,2369.473414683836
8108,MADS150,a,12,ADS,53.03,70.00000000000028,644.8326314524874,1077.6462535367925
8109,MADS150,i,12,ADS,57.29,114.3264922734275,316.69836144120205,2541.676569499072
8110,MADS150,i,12,ADS,59.3,80.0000000000054,332.6636766337063,2398.8999945947603
8111,MADS150,e,12,ADS,60.44561250492782,112.43850361396568,738.4781737620343,1592.763295099519
8112,MADS150,a,12,ADS,60.75,76.29715287797723,655.4888403054166,1145.035647397377
8113,MADS150,a,12,ADS,61.51,80.0000000000054,657.9462048895032,1143.1529836188524
8114,MADS150,u,12,ADS,63.15298499753923,73.8881595177645,319.18368999369056,1014.7797910348573
8115,MADS150,u,12,ADS,66.65764522606169,94.76959590320178,367.3731433044036,858.0987123242656
8116,MADS150,o,12,ADS,73.85113678896245,122.0760896380284,615.0779124868944,1701.401240728316
8117,MADS150,u,12,ADS,74.17,109.99999999999943,408.2283314444841,834.0858050257967
8118,MADS150,o,12,ADS,77.36,120.00000000000455,526.6155539848746,841.4928751857478
8119,MADS150,æ,12,ADS,79.1452572460202,117.2572966260077,797.2679800592,1601.0036718368792
8121,MADS150,a,12,ADS,81.66,140.00000000000057,602.612577794903,1008.2036757908269
8122,MADS150,e,12,ADS,83.22,99.99999999999432,587.479241217211,2148.5947185476703
8123,MADS150,u,12,ADS,83.57,140.00000000000057,345.38576827723006,723.98188896899
8124,MADS150,u,12,ADS,84.90543424811665,84.56575188334625,376.69895554715623,866.9895653147696
8125,MADS150,a,12,ADS,85.61,129.99999999999545,621.2265734999131,1034.931828277668
8126,MADS150,e,12,ADS,86.46921605105985,93.16333156586154,546.091329454852,2126.9072903695305
8127,MADS150,o,12,ADS,87.52083941760026,157.41390505957042,371.09436756054265,806.5888425133736
8128,MADS150,æ,15,ADS,3.09,90.81633637512931,764.7270024664441,1507.9296265953571
8129,MADS150,o,15,ADS,3.626720403045569,130.18406871391974,540.5965581949463,1090.5505129920766
8130,MADS150,e,15,ADS,4.483310408996483,115.12144919330147,643.8927489808029,1862.9827036253466
8132,MADS150,i,15,ADS,6.0,89.99999999999986,407.73412206843125,2277.0418807796345
8133,MADS150,u,15,ADS,7.35,167.1258455247493,403.1856049867864,723.7907666579997
8134,MADS150,u,15,ADS,8.33,99.99999999999964,460.144421494483,784.4737959995787
8135,MADS150,u,15,ADS,8.625728547231889,164.2714527681104,393.3990303669978,987.3736832603568
8136,MADS150,i,15,ADS,9.25,89.99999999999986,373.1551606165693,2361.8182987765313
8137,MADS150,æ,15,ADS,12.34,84.28163001141975,742.7878052995896,1600.6802409840204
8138,MADS150,æ,15,ADS,14.47,107.23089316291912,1002.3698855777949,1657.9244872918316
8139,MADS150,æ,15,ADS,16.52803614151311,101.96385848689005,749.9269490422449,1441.8051433061255
8140,MADS150,u,15,ADS,16.92,112.09638216544704,427.5083723217484,715.6663248816697
8141,MADS150,e,15,ADS,18.40052970801201,90.37571712372028,670.4260122670197,2037.2295634798966
8142,MADS150,æ,15,ADS,18.61893769106099,108.66604082731968,622.1361755539104,1246.5466520672223
8143,MADS150,u,15,ADS,19.20333596902053,78.54080178607958,375.56685953032354,952.7526931314645
8145,MADS150,u,15,ADS,26.56,148.1890336985323,463.078471515349,1174.8454702827103
8146,MADS150,u,15,ADS,27.81,170.0000000000017,374.0140961450654,685.0372425078167
8147,MADS150,e,15,ADS,30.44,109.99999999999943,536.5340938105841,1822.8020094838312
8149,MADS150,e,15,ADS,33.05,80.0000000000054,585.9857999252629,2065.584134860548
8150,MADS150,a,15,ADS,33.97335653214989,87.14801294071606,657.0266768903482,1143.7328316119585
8151,MADS150,o,15,ADS,36.66629417269634,134.4876742912433,427.02357980156756,899.9025598641788
8152,MADS150,æ,15,ADS,39.92760569284608,154.92980078351337,942.2447710346751,1556.6583534241747
8153,MADS150,i,15,ADS,40.47074162618775,79.25837381224454,353.2693481483567,2756.0748056227435
8154,MADS150,i,15,ADS,43.02480783862936,85.19216137064234,362.4826859122786,2695.5094411921864
8155,MADS150,e,15,ADS,47.15,70.00000000000028,631.6918162543897,1858.860318879245
8156,MADS150,a,15,ADS,47.39,97.90209106317604,640.9155696818939,1240.0791453270315
8157,MADS150,æ,15,ADS,48.52835711288586,81.64288711414258,687.6096699859042,1938.7785335950464
8159,MADS150,a,15,ADS,50.17,179.99999999999972,894.8029244869775,1317.5614309368275
8160,MADS150,æ,15,ADS,51.947070829553,115.12144919330325,701.1018862999689,1649.8008821624412
8161,MADS150,i,15,ADS,52.39,70.00000000000028,425.8937908815378,2559.5429700169657
8162,MADS150,e,15,ADS,54.0,90.00000000000341,580.2238675320466,1741.575359425318
8163,MADS150,e,15,ADS,55.34477005729957,115.12144919330325,576.5811620965371,1946.3790049257343
8164,MADS150,i,15,ADS,56.77,47.314048913193574,439.54039546193405,2470.1054311748876
8165,MADS150,i,15,ADS,57.11964234071991,70.3576592800843,352.5752238986562,2524.6483871698406
8166,MADS150,a,15,ADS,57.45,93.68513701033976,659.832099483519,1201.5901602361835
8167,MADS150,i,15,ADS,63.42243825408285,127.56174591714853,316.70539572241483,2700.315355299216
8168,MADS150,i,15,ADS,65.4,130.80599542310267,317.1142461846367,2569.882552374321
8169,MADS150,æ,15,ADS,66.79057328044252,118.34915337628615,1005.0730747035847,1704.111877194022
8170,MADS150,a,15,ADS,67.18,89.9999999999892,615.3475109499018,1133.8153357490712
8171,MADS150,a,15,ADS,68.22,90.00000000000341,643.0162981053887,1233.3110460056114
8172,MADS150,u,15,ADS,70.21,130.79873670098152,345.0393396505448,951.3254426369215
8173,MADS150,i,15,ADS,70.66,56.25434899980064,465.06574300645696,1941.1944809756653
8174,MADS150,u,15,ADS,74.39,113.55620364429342,384.4611298419889,845.1273754861977
8175,MADS150,o,15,ADS,82.61192200189697,134.4876742912362,603.6992239355118,1683.6953301685874
8176,MADS150,u,15,ADS,83.05400335240797,91.45161851805028,412.20173181839755,684.4696290669156
8177,MADS150,o,15,ADS,86.45,122.85604698425345,519.0447568358998,893.1863932897194
8178,MADS150,æ,15,ADS,88.1225216964962,119.42505477063037,811.2911880385291,1763.239965021301
8180,MADS150,a,15,ADS,90.94,130.52811573544432,667.4746238897715,1186.5887967678946
8181,MADS150,e,15,ADS,92.03,109.99999999999943,642.3631182552806,2058.4352785676037
8183,MADS150,u,15,ADS,93.88,100.00000000000853,529.624270615774,1405.8394247958565
8184,MADS150,a,15,ADS,94.67,139.41440763505852,712.1592377725959,1231.2609466490794
8186,MADS150,o,15,ADS,96.91593961435782,164.0603856421734,458.665520201257,842.6856318665954
8187,MADS150,æ,6,ADS,3.03,98.7436412085172,928.6859123449763,1686.2771104378396
8188,MADS150,o,6,ADS,3.55701742955275,130.77116520754427,527.8964245262289,1080.7599405324165
8189,MADS150,e,6,ADS,4.299756550639045,120.243449360955,647.8074514499176,1948.2801613321626
8190,MADS150,o,6,ADS,4.990975566736062,109.0244332639374,574.5605247153626,1234.8647957334122
8191,MADS150,i,6,ADS,5.917845440460229,92.15455953977082,334.5975919920148,1991.5257300872672
8192,MADS150,u,6,ADS,7.07,160.00000000000014,283.60961799385603,812.4199093738639
8193,MADS150,u,6,ADS,7.770432966672771,99.56703332722938,470.73078907163335,721.6734112741084
8194,MADS150,u,6,ADS,8.05,179.99999999999972,498.2269736697219,1058.024219704524
8195,MADS150,i,6,ADS,8.62,100.00000000000142,456.69914357058076,2199.70514791901
8196,MADS150,æ,6,ADS,12.6,120.000000000001,1136.4644213797278,1534.1189211128167
8197,MADS150,æ,6,ADS,14.27,98.14757335137081,708.5401948749223,1450.239296296122
8198,MADS150,u,6,ADS,14.67,168.52118019570028,385.45848756669494,743.4303252519285
8199,MADS150,e,6,ADS,17.9826960614554,90.91709581095131,660.5360237241972,2161.2049346264794
8200,MADS150,æ,6,ADS,18.16079393407139,173.11611394141124,837.6268875561915,1616.015597692042
8201,MADS150,u,6,ADS,18.70557561830807,103.37149249738786,382.08874228736727,949.5202233646888
8203,MADS150,u,6,ADS,25.16498097457076,135.7529238821087,379.30951641133623,816.5771281722766
8204,MADS150,u,6,ADS,26.33528274193636,186.8159502964879,444.4756557419198,1008.115898887549
8205,MADS150,e,6,ADS,28.64724116428871,122.75883571128787,690.5750044789609,1887.8924250228874
8206,MADS150,a,6,ADS,29.78,129.999999999999,748.2506954215372,1080.4222680934483
8207,MADS150,e,6,ADS,30.89,109.99999999999943,608.6358035996203,1875.2772814446364
8208,MADS150,a,6,ADS,31.81,92.87794352999157,582.997950887638,1160.8057925421497
8210,MADS150,o,6,ADS,33.73,119.9037049898024,392.39917851473075,808.0926294505979
8211,MADS150,æ,6,ADS,36.63,119.99999999999744,867.1887879836722,1565.1844429442458
8212,MADS150,i,6,ADS,37.01876229532882,81.23770467118163,437.94615038598494,2658.0662553158345
8213,MADS150,i,6,ADS,38.85093591376361,99.06408623639607,413.2451766382132,2700.093331600758
8214,MADS150,æ,6,ADS,42.14917049726846,75.97181978724166,632.1528390191932,2040.4683529346146
8215,MADS150,a,6,ADS,42.41322254500092,112.08957017788634,708.3261686867748,1241.437030807923
8216,MADS150,æ,6,ADS,43.43,100.00000000000142,580.9705838995131,1847.5015845246946
8217,MADS150,a,6,ADS,43.79,149.99999999999858,869.8524079020805,1267.6750896946364
8218,MADS150,a,6,ADS,45.0,189.99999999999773,712.9209242414896,1351.3554021702657
8219,MADS150,æ,6,ADS,46.66,100.00000000000142,853.5305925763137,1648.8518811265008
8220,MADS150,i,6,ADS,47.07041028207255,99.58971792745075,310.4069069921166,2763.510140902619
8221,MADS150,e,6,ADS,48.66,130.00000000000256,563.6185915754089,1807.0539792476102
8222,MADS150,e,6,ADS,50.01,100.00000000000142,571.5827176745687,1935.1082972158122
8223,MADS150,i,6,ADS,50.96,70.00000000000028,459.8695631317967,2161.5827872860295
8224,MADS150,i,6,ADS,51.28514863404968,70.99006111265993,342.5930220240852,2283.4903644203882
8225,MADS150,a,6,ADS,51.59,79.9999999999983,775.370832634708,1364.3473067088075
8226,MADS150,i,6,ADS,57.08050956263222,109.49043736777497,311.70614827967734,2740.544508393015
8227,MADS150,i,6,ADS,59.16,110.00000000000654,465.2603949157638,2672.7624799860255
8228,MADS150,e,6,ADS,60.41091039795235,156.92539824905083,886.4817310358427,1686.8311703928423
8229,MADS150,a,6,ADS,60.82,89.9999999999963,665.4017014606738,1233.5322216024265
8230,MADS150,a,6,ADS,61.72,84.9510418107684,648.0775020639646,1134.8544741474961
8231,MADS150,u,6,ADS,63.58,170.0000000000017,376.7870462975577,738.0099969159429
8232,MADS150,i,6,ADS,63.93,39.99999999999915,467.19737096766306,1835.4605604746862
8233,MADS150,u,6,ADS,67.1315863911204,108.4136088796015,370.16138601889384,728.3177911677066
8234,MADS150,u,6,ADS,74.6,120.00000000000455,421.6207533540646,634.8856449622006
8235,MADS150,o,6,ADS,77.89188061606656,128.1193839334378,595.3162437622943,816.0609813292039
8236,MADS150,æ,6,ADS,79.29653128745043,132.01660487618483,678.3794538057363,1539.9943579709138
8237,MADS150,a,6,ADS,81.73,159.9999999999966,682.6757570621294,1258.313427389667
8238,MADS150,e,6,ADS,82.64,90.00000000000341,507.0167466404707,1763.5516197781571
8239,MADS150,u,6,ADS,83.04,138.5587728229325,370.35887211498255,571.752858999771
8240,MADS150,u,6,ADS,84.36,109.99999999999943,351.88520139366784,912.8952012050221
8241,MADS150,e,6,ADS,86.15,119.99999999999034,550.539077094726,2054.656302691209
8242,MADS150,o,6,ADS,87.47148813041503,118.51186958497806,438.85617715387895,967.647639832931
8243,MADS151,æ,18,ADS,2.227412593546857,58.92466943074881,798.15505314281,1768.8365832752227
8244,MADS151,o,18,ADS,2.785504536621712,146.89671111609303,573.5277898240714,1139.3690935493084
8245,MADS151,e,18,ADS,3.821925914367115,96.27129090094088,622.1802766757457,1939.364910840113
8246,MADS151,o,18,ADS,4.642980164143003,140.25731174361323,552.3028261249369,1109.4857890276348
8247,MADS151,i,18,ADS,6.026502757710905,120.33911362617732,322.4465061048245,2590.2846464883332
8248,MADS151,u,18,ADS,7.577419947311982,149.38648588077274,377.609457053894,791.575108640307
8249,MADS151,u,18,ADS,8.521947975662505,105.40046503809997,336.85350288305756,781.1308614648998
8250,MADS151,u,18,ADS,8.845932385680436,260.9101159793852,306.7791259538891,926.5261848280273
8251,MADS151,i,18,ADS,10.04762991481537,128.63836284177842,326.6687455544276,2577.3593563205495
8252,MADS151,æ,18,ADS,13.62355929065585,174.28423352757073,821.1488461884718,1726.8023738467748
8253,MADS151,æ,18,ADS,17.5249689023771,103.74061519497957,772.1863669627821,1697.0476448678644
8254,MADS151,u,18,ADS,18.01596082023905,118.67926378305782,357.25454064512337,941.8880806081505
8255,MADS151,e,18,ADS,21.28742688086213,67.22391864634858,586.2371043094838,2154.0828271224004
8256,MADS151,æ,18,ADS,21.43194300311673,168.47475907664133,856.9043035170411,1822.855691435743
8257,MADS151,u,18,ADS,22.73678195736217,121.28449095851224,311.4698006280882,821.3349297341947
8258,MADS151,æ,18,ADS,29.98457152061864,142.94669588215925,789.5191293252835,1769.225003109288
8259,MADS151,u,18,ADS,31.74497241304946,103.74061519497957,348.1716431837779,836.7391341236435
8260,MADS151,e,18,ADS,36.16295390957548,107.04609042452518,665.1837624374526,1908.0420841721395
8261,MADS151,a,18,ADS,37.21627080782733,122.82888839084904,741.7995376519176,1413.904409332937
8262,MADS151,e,18,ADS,38.73452635466724,124.48873823397122,722.3867177041246,2090.6851023147483
8263,MADS151,a,18,ADS,40.20353121515573,96.46878484426935,805.7365826850089,1384.1629876466775
8264,MADS151,o,18,ADS,40.93399065038655,84.65234199910299,570.969485818516,1161.20685667973
8265,MADS151,o,18,ADS,42.57,89.9999999999963,559.8483420641707,1201.3323074104485
8266,MADS151,æ,18,ADS,48.08195947042203,128.63836284176955,727.7740851155113,1771.215593326517
8267,MADS151,i,18,ADS,48.65905907541977,119.50918870461891,335.60540187447623,2528.8352710260224
8268,MADS151,i,18,ADS,51.06324637931926,110.38001456744695,326.0195535814107,2546.830641860719
8269,MADS151,e,18,ADS,55.21648538184365,90.47260839395221,654.4768178234161,2042.2333203267258
8270,MADS151,a,18,ADS,55.47286916567189,210.12992917304985,596.477065314986,1361.413322586276
8271,MADS151,e,18,ADS,56.61137413148467,77.33948782062328,641.7876871693413,2024.7796982005057
8272,MADS151,a,18,ADS,56.9680591840964,100.68725772876519,761.7797866962817,1266.984596126947
8273,MADS151,a,18,ADS,58.78504360620462,174.95639379538375,921.0306466532214,1408.6205690902138
8274,MADS151,æ,18,ADS,60.73185763834584,109.44267144429887,822.0501505198188,1689.189705151176
8275,MADS151,i,18,ADS,61.29952931818288,89.01337277469423,342.55556385534493,2523.8580574955986
8276,MADS151,e,18,ADS,63.37702965840938,95.5799330613516,603.4193342090116,1856.2733984944914
8277,MADS151,i,18,ADS,66.1304760940309,41.588215148820495,375.8382455357621,2447.709481207975
8278,MADS151,i,18,ADS,66.4784057329271,100.68725772875098,387.0108546007119,2527.9988358892006
8279,MADS151,a,18,ADS,66.84689175073551,134.24967697166323,760.8552143155764,1472.425100543801
8280,MADS151,i,18,ADS,74.61799579352441,82.00420647558815,319.27298832754326,2610.4861914742246
8281,MADS151,i,18,ADS,76.74873387213384,121.11655639836272,262.4794503200048,2516.9945267605417
8282,MADS151,æ,18,ADS,78.82,85.3240745392867,815.9093559493965,1679.8537277360133
8283,MADS151,a,18,ADS,80.62261376952733,80.25795905915345,680.6468486827342,1363.2221013727858
8284,MADS151,o,18,ADS,82.88755249696013,48.49173623240688,623.9898538578472,1250.2713895264021
8285,MADS151,u,18,ADS,86.79730847971383,145.92356192572709,387.85250433338376,631.2922026511123
8286,MADS151,o,18,ADS,98.0084794674354,64.20636724732276,595.4458823287619,1253.6859059418866
8287,MADS151,u,18,ADS,98.42523875300444,109.44267144432729,519.8961156890601,1699.7698137550085
8288,MADS151,o,18,ADS,102.35,129.74531227420982,608.9706992382639,1147.0928626670056
8289,MADS151,æ,18,ADS,103.8724137507726,122.82888839089878,660.4919596589707,1779.678019419175
8290,MADS151,o,18,ADS,104.5248326121761,95.16738782390632,700.5223222207394,1149.9397305467012
8291,MADS151,a,18,ADS,107.0257772905835,157.59744687979094,749.9343292855608,1231.666658699004
8292,MADS151,e,18,ADS,108.5334798936534,93.3910796324966,633.1911966328897,1813.7614260296623
8293,MADS151,u,18,ADS,108.92,109.62000420089169,376.10305241740764,812.489815368103
8294,MADS151,o,18,ADS,110.6925570121808,52.53248229330154,580.3352806698382,1164.693431769318
8297,MADS151,æ,6,ADS,2.32,107.89365027994036,811.6160333758409,1745.6732482641269
8298,MADS151,o,6,ADS,2.852946427462459,157.05357253754082,596.458173623637,1137.8536044999169
8299,MADS151,e,6,ADS,4.09,160.00000000000014,701.8480040027258,1973.6257847722134
8300,MADS151,o,6,ADS,4.990870346252047,152.5391014888875,622.7852324455337,1143.7320809624237
8301,MADS151,i,6,ADS,6.05,169.99999999999994,298.68151342385016,2479.8804613730654
8302,MADS151,u,6,ADS,7.74,292.8334214241595,310.2656775767183,1008.2040412499941
8303,MADS151,u,6,ADS,8.58,150.00000000000034,425.49259531433836,1004.6699203867097
8304,MADS151,u,6,ADS,8.945015748104257,214.98425189574277,397.3045631346812,880.1381514973684
8305,MADS151,i,6,ADS,9.54,100.00000000000142,351.6514343981877,2505.2812587775684
8306,MADS151,æ,6,ADS,12.36,162.75262400619005,901.3667937970212,1817.2982462830614
8307,MADS151,æ,6,ADS,13.99,119.99999999999922,830.2956378426984,1795.398444459982
8308,MADS151,æ,6,ADS,15.8703236526252,135.3998766025022,767.3830348593135,1753.4919595147944
8309,MADS151,u,6,ADS,16.43,185.22551363288997,339.2108382452027,781.4827359596353
8310,MADS151,e,6,ADS,19.3070924423131,111.40496176155068,624.2866306594441,2113.8061635659633
8311,MADS151,æ,6,ADS,19.49,170.0000000000017,870.7248347788892,1810.674993328743
8312,MADS151,u,6,ADS,20.21380171379902,126.83026415930243,348.4429361152929,935.3374167197493
8313,MADS151,æ,6,ADS,27.00079688887738,139.20311112261885,772.4227183832,1898.9402474097656
8314,MADS151,u,6,ADS,28.45,120.000000000001,403.4760593971164,850.6377497698213
8315,MADS151,u,6,ADS,29.53,227.52061772535725,551.8607530843768,1319.880991229216
8316,MADS151,e,6,ADS,32.86,130.00000000000256,716.8429420734103,1857.550835816916
8317,MADS151,a,6,ADS,34.11,102.56259406983759,785.7438739476287,1369.0887525386484
8318,MADS151,e,6,ADS,35.31,119.99999999999744,731.2189638588584,2272.778316923233
8319,MADS151,a,6,ADS,36.48,122.02005142804495,775.6152915279959,1427.275089880692
8320,MADS151,o,6,ADS,37.28105249438937,117.18511326908043,662.2145705994864,1479.7434858412043
8321,MADS151,o,6,ADS,39.18,114.81530745950153,593.8363414647118,1287.8234485897003
8322,MADS151,æ,6,ADS,44.54092543691371,129.0745630862915,860.1229253564954,1748.625511587529
8323,MADS151,i,6,ADS,45.2158859533837,119.35520795925214,347.95648081732224,2585.501670063074
8324,MADS151,i,6,ADS,47.68426833708717,123.69539733958135,315.5732701376268,2580.426803410608
8325,MADS151,e,6,ADS,51.2,122.33502995902512,683.1005835768444,2194.8401705201104
8326,MADS151,a,6,ADS,51.47207156358063,132.37577610025397,771.4933636176249,1365.9014684042131
8327,MADS151,e,6,ADS,52.86,117.16963382455248,573.4775227282646,2194.5438143795573
8328,MADS151,a,6,ADS,53.26145203823657,168.54796176343,842.1822528478974,1351.6142351560447
8329,MADS151,a,6,ADS,54.66981622940968,150.18377059031707,969.6389251865108,1362.654633190995
8330,MADS151,æ,6,ADS,56.72323506934066,130.20568141008226,782.2433885882087,1777.3589714018722
8331,MADS151,i,6,ADS,57.2899285802774,104.1645451280857,347.808971839706,2502.913967457278
8332,MADS151,e,6,ADS,59.3951919637973,95.48416636738466,575.2458020304585,1954.0847531845232
8333,MADS151,e,6,ADS,60.5,79.9999999999983,599.8729476926983,1900.904295451465
8334,MADS151,i,6,ADS,62.11138280347031,68.61719652968645,396.78626203837837,2367.6193376930432
8335,MADS151,i,6,ADS,62.45,79.9999999999983,319.81996715841785,2492.3005286302823
8336,MADS151,a,6,ADS,62.79,162.6968902439998,670.4868241116844,1520.8349472506006
8337,MADS151,i,6,ADS,70.72,129.99999999999545,331.9683268338225,2593.6468288634005
8338,MADS151,i,6,ADS,72.77,150.00000000000568,318.8742918882457,2553.6464460625543
8339,MADS151,æ,6,ADS,74.1,109.99999999999943,747.1186572263783,1736.3170856258134
8340,MADS151,a,6,ADS,74.48252120785617,91.14397698705545,702.4681167594239,1450.8331936628308
8341,MADS151,a,6,ADS,75.58454545425288,91.14397698706966,669.8802707712982,1332.5585261380095
8342,MADS151,o,6,ADS,77.84195319505973,68.04680494026627,638.3698424665818,1406.4043964695961
8343,MADS151,i,6,ADS,78.11,40.00000000000625,474.71271509299135,1873.4003940880125
8344,MADS151,u,6,ADS,81.47,150.00000000000568,331.7098271313098,700.9040691920975
8345,MADS151,o,6,ADS,93.22022452600244,121.52530264940253,564.9938309946731,1266.8820212697024
8346,MADS151,u,6,ADS,93.69,111.36497893107844,353.93493704710784,761.7454237280431
8347,MADS151,o,6,ADS,97.82,140.00000000000057,657.4539532636653,1183.2835825828588
8348,MADS151,æ,6,ADS,99.9,160.73266754669646,781.5103127038404,1645.8296915807232
8349,MADS151,o,6,ADS,100.55,130.00000000000966,530.1761793671401,1127.1683128224263
8351,MADS151,e,6,ADS,104.48,109.99999999999943,571.9029295396318,1968.5445955463472
8353,MADS151,o,6,ADS,106.73,69.99999999999318,591.5294363702876,1311.093286234433
8354,MADS151,a,6,ADS,107.42,129.99999999999545,780.739655952091,1414.2643117494713
8355,MADS151,e,6,ADS,108.24,120.00000000000455,644.472045019976,1903.8174061218326
8356,MADS151,o,6,ADS,109.7084567612635,131.54323873649787,547.2652621883085,1058.0818639604336
8357,MADS152,æ,6,ADS,3.24116972450957,84.97847227079714,892.4962579375135,1166.2242242828293
8358,MADS152,o,6,ADS,3.69,100.00000000000009,510.35686030489063,1161.4041396226023
8359,MADS152,o,6,ADS,5.22,70.00000000000028,420.82562308928414,1131.5607264700832
8360,MADS152,o,6,ADS,5.98,109.99999999999943,525.1772710208868,1161.0028984374444
8361,MADS152,i,6,ADS,7.49,89.99999999999986,391.3304895882241,2365.606405482151
8362,MADS152,u,6,ADS,9.25,232.78722217620464,839.0450287821039,2060.189547839571
8363,MADS152,u,6,ADS,10.41,160.00000000000014,289.64456522370125,836.1464327126755
8364,MADS152,u,6,ADS,10.79,200.00000000000108,436.33055668163075,875.317885137013
8365,MADS152,i,6,ADS,11.45,98.93862968772993,432.9292819007826,2440.0148697137124
8366,MADS152,æ,6,ADS,16.66,120.000000000001,1021.4460313218773,1786.6434871314132
8367,MADS152,æ,6,ADS,18.74,120.000000000001,886.6587833584682,1516.741120320334
8368,MADS152,u,6,ADS,19.36797210953514,209.17777789735226,401.3141686042443,1075.0863111808085
8369,MADS152,e,6,ADS,21.48,137.55698106688996,560.1672556332538,1239.8284575589291
8370,MADS152,æ,6,ADS,21.71,129.999999999999,963.9824744608363,1248.9902910776461
8371,MADS152,u,6,ADS,22.8,99.99999999999787,308.53436530553694,989.3791324105895
8372,MADS152,æ,6,ADS,30.39,123.34090040004853,1019.0605644358767,1610.823143425378
8373,MADS152,u,6,ADS,31.93,137.33711692164974,394.3123634339696,1824.4539001893704
8375,MADS152,e,6,ADS,36.28,109.99999999999943,657.4482621035395,1859.1091449386188
8376,MADS152,a,6,ADS,37.52,120.68171604247624,982.3201452681823,1303.7533273228894
8377,MADS152,e,6,ADS,39.06,109.99999999999943,557.3965416611321,1315.1863280289353
8378,MADS152,a,6,ADS,40.36,110.52981097147807,923.2855502949012,1348.5722699042458
8379,MADS152,o,6,ADS,41.46,97.62014487949244,660.9012180024927,1278.4587809447419
8380,MADS152,o,6,ADS,43.54,90.00000000000341,512.5168723304394,1139.1097118170476
8381,MADS152,æ,6,ADS,47.2,129.99999999999545,985.6625372097924,1419.7560132289138
8382,MADS152,i,6,ADS,47.8,130.00000000000256,385.5646651758901,2740.5568188988022
8383,MADS152,i,6,ADS,50.69,135.04429122237127,316.123343767022,2735.483233242467
8384,MADS152,e,6,ADS,54.97173486462275,128.26513537724793,654.724894867563,2195.181180692285
8386,MADS152,e,6,ADS,56.7,140.00000000000057,649.164083852846,1901.9091973067998
8387,MADS152,a,6,ADS,57.09,149.99999999999858,1004.3684140373394,1245.3742892123266
8388,MADS152,a,6,ADS,58.61,149.99999999999858,872.0956413758051,1239.189103918525
8389,MADS152,æ,6,ADS,60.7,129.99999999999545,930.8826010526758,1589.9688096338148
8390,MADS152,i,6,ADS,61.36,100.00000000000142,393.3255790692044,2849.7596654730323
8391,MADS152,e,6,ADS,63.51,90.00000000000341,640.8794935419161,2400.3126820709986
8392,MADS152,e,6,ADS,64.78,99.99999999999432,665.9310296563074,2013.2985452214957
8393,MADS152,i,6,ADS,66.11,40.00000000000625,463.8083291679719,2615.029607733086
8394,MADS152,i,6,ADS,66.44253062413284,69.72592596578409,423.16189909675205,2575.521166782699
8395,MADS152,a,6,ADS,66.77,90.00000000000341,972.0500393433148,1323.2824058626895
8396,MADS152,i,6,ADS,73.27,160.0000000000108,372.68596784073173,2909.9924781434347
8397,MADS152,i,6,ADS,75.48,109.99999999999943,454.722134367389,2556.7875216939315
8398,MADS152,e,6,ADS,76.95524884518376,174.3148149144531,917.5132652839214,1697.050768716405
8399,MADS152,a,6,ADS,77.43,109.99999999999943,800.891486486037,1242.6977630310696
8400,MADS152,a,6,ADS,78.68,109.87208130546833,822.5801494553845,1314.9603678080653
8401,MADS152,o,6,ADS,81.16036776025764,89.63223974235746,629.918722229805,1089.2428344531058
8402,MADS152,u,6,ADS,86.0,94.92163224720684,398.5648110340302,1247.9368470233303
8403,MADS152,o,6,ADS,95.9,99.99999999999432,489.29693985161117,1125.627262091335
8404,MADS152,u,6,ADS,96.35,109.99999999999943,392.4803584341438,888.9990212753384
8405,MADS152,o,6,ADS,100.1,50.00000000001137,528.3345177951951,1125.4824345985098
8406,MADS152,a,6,ADS,103.57,160.0000000000108,843.1149149593241,1233.1827243489574
8407,MADS152,e,6,ADS,105.25,120.00000000000455,545.478957269447,2519.6940865800093
8408,MADS152,u,6,ADS,105.64,108.78492088809821,414.9968682030838,1019.9639242637388
8409,MADS152,o,6,ADS,107.1,150.00000000000568,449.5476592435154,1025.07223580186
8412,MADS152,o,6,ADS,110.7499280937871,139.45185193149712,504.0526055012701,1202.5325322765675
8413,MADS153,æ,12,ADS,4.79,150.00000000000034,882.0589948742632,1595.304813186145
8414,MADS153,o,12,ADS,5.333131814201627,96.86818579837286,625.6262476069696,1167.89055556554
8415,MADS153,e,12,ADS,6.05,110.00000000000031,482.1725133882875,2241.402959545566
8416,MADS153,o,12,ADS,6.726458228243284,109.15275203198772,560.4081372697967,1243.2813359958714
8417,MADS153,i,12,ADS,7.71,110.00000000000031,411.16591492408327,2459.3128788316494
8419,MADS153,u,12,ADS,10.16,169.99999999999994,360.8957020843264,979.2979755872723
8420,MADS153,u,12,ADS,10.61321212181422,245.59369207197966,479.42235042769533,917.1862118129163
8421,MADS153,i,12,ADS,11.57,119.99999999999922,350.07319878386147,2545.891080716004
8422,MADS153,æ,12,ADS,14.42,140.00000000000057,867.1033805279188,1664.6399464919527
8423,MADS153,æ,12,ADS,16.22,140.00000000000057,899.8785564173255,1501.5718984253153
8424,MADS153,æ,12,ADS,18.1,119.99999999999744,868.9116643566875,1615.6162761820747
8425,MADS153,u,12,ADS,18.67,153.30589783569692,440.1656655372524,892.1151471690494
8426,MADS153,e,12,ADS,21.62154687472648,128.45312527351993,639.4579427935947,2240.5954780133115
8427,MADS153,æ,12,ADS,21.86294238402799,130.14366588430093,918.904646141729,1485.49363360778
8428,MADS153,u,12,ADS,22.50635703978985,83.64296021014894,353.6640360348951,866.3121891043368
8430,MADS153,u,12,ADS,31.01,99.99999999999787,343.1041296736796,861.040831471336
8432,MADS153,e,12,ADS,34.33,130.00000000000256,683.877232056487,2122.130393013536
8433,MADS153,a,12,ADS,35.62,109.99999999999943,795.9892662329689,1291.041614284396
8434,MADS153,e,12,ADS,37.31,109.99999999999943,761.0828962622655,1894.7978253239817
8435,MADS153,a,12,ADS,38.57,109.99999999999943,744.4841534818587,1255.6249497010342
8436,MADS153,o,12,ADS,39.34,129.99999999999545,520.6824418993677,906.9244662516641
8437,MADS153,o,12,ADS,41.10444049382291,92.36002095013873,701.3214574265287,1224.2055533236075
8438,MADS153,æ,12,ADS,45.94576525829761,134.23474170238592,894.7732335850568,1570.704100824046
8439,MADS153,i,12,ADS,46.53770902893263,112.29097106736674,387.7265640535567,2744.565759405087
8440,MADS153,i,12,ADS,48.44770041499359,112.29958500641146,335.1578168327889,2647.8421741011107
8442,MADS153,a,12,ADS,53.45313368601827,123.84639172859835,888.9556448064942,1335.7522521015212
8443,MADS153,e,12,ADS,54.95610354221968,96.55820372059765,779.2199944918558,2060.4278036837936
8444,MADS153,a,12,ADS,55.29,130.00000000000256,810.8429537224532,1276.0243997328016
8445,MADS153,a,12,ADS,56.85,119.99999999999744,814.1404469212938,1386.7317848344396
8446,MADS153,æ,12,ADS,59.33,100.00000000000142,797.020919695226,1757.4381648817202
8447,MADS153,i,12,ADS,59.97600782968954,93.99217031045737,345.31126806657164,2418.185224980377
8448,MADS153,e,12,ADS,62.0399916438765,110.00835612350102,657.1615864036336,2118.011505237348
8449,MADS153,e,12,ADS,63.19,107.03387312869239,573.8799683945824,2163.8508391488213
8450,MADS153,i,12,ADS,64.69,49.99999999999716,379.75337443997097,2478.8517936986304
8451,MADS153,i,12,ADS,65.06433248861858,85.66751138143047,335.06322525402237,2701.0509456081895
8452,MADS153,a,12,ADS,65.37,120.24584094513102,821.6818362227657,1357.793127198099
8453,MADS153,i,12,ADS,72.03,150.00000000000568,290.3323603959449,2586.775456130338
8454,MADS153,i,12,ADS,73.89,109.99999999999943,402.24587642034004,2549.788808096044
8455,MADS153,æ,12,ADS,75.41498376819875,175.01623180125137,857.4251373045996,1515.2397232521498
8456,MADS153,a,12,ADS,75.89987387818701,60.87365017168622,691.1874012518115,1188.0006001332863
8457,MADS153,a,12,ADS,76.97,99.99999999999432,705.7587914254624,1307.4419524382167
8458,MADS153,o,12,ADS,78.83,100.00000000000853,568.6000139597671,1071.4884950873927
8459,MADS153,i,12,ADS,79.11,40.00000000000625,511.9884041340988,1935.4353213449824
8460,MADS153,u,12,ADS,82.10375199930394,96.55820372060475,396.82454782342285,938.0547889851281
8461,MADS153,o,12,ADS,91.1467602331349,104.95456926153679,532.5789139869785,1114.3200229463773
8462,MADS153,u,12,ADS,91.58,90.00000000000341,367.0960054259568,862.5184735568408
8463,MADS153,o,12,ADS,94.58,100.00000000000853,595.0895699659902,1006.6284275980223
8464,MADS153,æ,12,ADS,96.56216376965747,187.83623034252628,927.7831459463423,1614.080953234402
8465,MADS153,o,12,ADS,97.22,99.93575972572444,601.4191943027602,1097.3502826816627
8466,MADS153,a,12,ADS,99.26,149.99999999999147,769.5663849718271,1215.1297798270762
8467,MADS153,e,12,ADS,100.86,99.99999999999432,587.6407374589184,1999.403207489883
8468,MADS153,u,12,ADS,101.17,116.09617180960186,411.1705826896774,971.2602961596738
8469,MADS153,o,12,ADS,102.36,99.99999999999432,636.6903096858972,1213.6616549422333
8470,MADS153,a,12,ADS,103.07,80.0000000000125,737.5365786179527,1293.1061536318157
8471,MADS153,e,12,ADS,103.94,90.00000000000341,665.7546958954375,2049.790283456085
8472,MADS153,o,12,ADS,105.1052543189263,146.9363969660975,483.97730805152554,1035.9915211258372
8473,MADS153,æ,15,ADS,2.871057282813492,188.9427171865079,871.5530411249212,1715.9812281762572
8474,MADS153,o,15,ADS,3.467868270647751,122.13172935224881,620.2093541686927,1206.1356492432128
8475,MADS153,e,15,ADS,4.35,130.0000000000008,532.7302460910024,1999.1627853596563
8476,MADS153,o,15,ADS,5.130458123629083,109.54187637091728,615.084480274865,1238.522754364697
8477,MADS153,i,15,ADS,6.19,99.99999999999964,405.3596514189324,2490.841352431271
8478,MADS153,u,15,ADS,8.08,140.00000000000057,357.557169561189,770.9880713334727
8479,MADS153,u,15,ADS,9.153496867047526,146.50313295247486,316.65363896105447,868.0630153247299
8480,MADS153,u,15,ADS,9.5,199.9999999999993,387.67486718555307,815.1707967549543
8481,MADS153,i,15,ADS,10.11,110.00000000000121,369.9557747376419,2111.4678620938153
8482,MADS153,æ,15,ADS,13.28836036583063,145.37703549808967,874.1839412398874,1808.0070308763993
8484,MADS153,æ,15,ADS,16.25,163.67505168506113,742.6212954375678,1738.317869087874
8485,MADS153,u,15,ADS,16.84716915505907,162.2101659241899,408.0533097197142,842.5884637688268
8486,MADS153,e,15,ADS,19.65218226152925,107.81773847075016,514.6267270358006,2070.9241490824083
8487,MADS153,æ,15,ADS,19.84,140.00000000000057,912.7449189256961,1707.8301590659498
8488,MADS153,u,15,ADS,20.4,140.00000000000057,357.6764194353598,755.3750477084193
8489,MADS153,æ,15,ADS,27.0,109.99999999999943,864.11505238013,1785.9035411132697
8490,MADS153,u,15,ADS,28.16,101.27431621605965,405.64665268664487,878.2922426454961
8491,MADS153,u,15,ADS,29.14643033336375,143.5696666362496,386.32640644474117,941.5987301861561
8492,MADS153,e,15,ADS,31.76207862879097,187.92137120902908,407.6749448540951,2097.3638028946893
8493,MADS153,a,15,ADS,32.87,120.00000000000455,886.8586166392237,1465.9370952224826
8494,MADS153,e,15,ADS,34.3,120.00000000000455,694.3091308888296,1754.9537811158516
8495,MADS153,a,15,ADS,35.44,109.99999999999943,817.6652861285315,1441.2022659311463
8496,MADS153,o,15,ADS,36.7,139.51653936814523,538.2771827072728,1051.0779502717803
8497,MADS153,o,15,ADS,38.42,125.19850055780779,611.4858451596552,1153.5626772781375
8498,MADS153,æ,15,ADS,42.98563063647712,134.36936352287887,810.3736411141401,1784.9244244681518
8499,MADS153,i,15,ADS,43.62584331784904,144.1566821509639,398.0999327439315,2777.2105941767804
8500,MADS153,i,15,ADS,45.41635863706826,103.64136293174653,343.7785796977344,2378.7286077943154
8501,MADS153,e,15,ADS,48.86838944755967,84.16565213046567,639.3719475693807,2069.307687207444
8502,MADS153,a,15,ADS,49.13,111.7788861021296,779.556654961596,1349.0473248511798
8503,MADS153,e,15,ADS,50.36634318269606,113.65681730393362,694.0880166126327,2097.8924584489087
8504,MADS153,a,15,ADS,50.85,170.0000000000017,823.5606335401498,1220.4927117051652
8505,MADS153,a,15,ADS,52.08,124.52528546268837,783.0424689338892,1427.219493719727
8507,MADS153,i,15,ADS,55.47144019650742,74.98394462533042,352.565251380724,2437.0046505973414
8508,MADS153,e,15,ADS,57.78,79.9999999999983,541.4013054385841,2152.3448123913713
8509,MADS153,e,15,ADS,58.79,90.00000000000341,538.8186379326396,2104.6899058694903
8510,MADS153,i,15,ADS,60.4,70.00000000000028,420.36022969860693,2559.7997746398323
8511,MADS153,i,15,ADS,60.74651277988269,73.48722011730757,432.73090721708076,2491.043090564211
8512,MADS153,a,15,ADS,61.03,130.2433427944294,727.6500771543114,1398.5398141929493
8513,MADS153,i,15,ADS,67.43,200.53363190078244,336.880596701883,2599.402930690726
8514,MADS153,i,15,ADS,69.4117209060692,98.27909393079892,417.1966082910795,2534.792553553147
8515,MADS153,æ,15,ADS,70.99,90.00000000000341,809.3409536293889,1724.4839894653499
8516,MADS153,a,15,ADS,71.26,111.88603110950623,722.2194833857283,1379.6940220593167
8517,MADS153,a,15,ADS,72.46,60.000000000002274,695.1694163229179,1342.0010653653733
8518,MADS153,o,15,ADS,74.57348698473598,116.5130152640188,566.3806707259828,1122.2864766868486
8520,MADS153,o,15,ADS,87.78177029470135,98.2297052986496,485.59613987783257,1152.3757542193066
8521,MADS153,u,15,ADS,88.2,92.62502755652235,394.0534288127633,735.2479717311911
8522,MADS153,o,15,ADS,91.38648762145556,113.51237854444207,571.9990495542027,1070.6804411626679
8523,MADS153,æ,15,ADS,93.3145983941197,215.40160588030233,729.8224536782959,1612.3518409303922
8524,MADS153,o,15,ADS,94.07,114.82586440864395,758.4430075578737,1177.8776267240116
8525,MADS153,a,15,ADS,97.2,170.0000000000017,730.301727299222,1362.3290976207652
8526,MADS153,e,15,ADS,99.02,130.00000000000966,651.0487234841521,2027.9426857741898
8527,MADS153,u,15,ADS,99.47,97.24633011475703,432.00754700609093,913.8746714177564
8528,MADS153,o,15,ADS,100.69,159.9999999999966,429.1206020118389,1063.3870948254412
8529,MADS153,a,15,ADS,101.4694562455664,149.96788925068927,738.2424249441375,1331.1921484986754
8530,MADS153,e,15,ADS,102.285765634839,108.65020547750248,665.1131893672706,1983.1200090429559
8531,MADS153,o,15,ADS,103.480820824611,156.08902758739873,472.6574836229578,980.1867047769816
8532,MADS153,æ,18,ADS,2.081414444195429,175.94408337068623,947.1210536159886,1631.7895396544827
8534,MADS153,o,18,ADS,4.8,55.79784849842717,508.7074947345499,1296.16457267122
8535,MADS153,i,18,ADS,5.598558802106672,112.86978933213909,365.2417076776562,2389.035628554454
8536,MADS153,u,18,ADS,7.09,141.87878193634518,354.0451735384256,755.4700521109606
8537,MADS153,u,18,ADS,8.426732406992375,74.69324294038415,387.20973099569164,826.6400261903389
8538,MADS153,u,18,ADS,8.745437443971309,275.53507395786704,396.20816413979185,768.5629208003301
8539,MADS153,i,18,ADS,9.494452599731062,111.2099394890187,358.9337236828687,2490.7981283605454
8541,MADS153,æ,18,ADS,14.24034695764237,146.06678619453106,875.2049347470801,1650.0667409948621
8542,MADS153,æ,18,ADS,15.97632549865538,134.44783729269182,846.090766899287,1540.0728242180198
8543,MADS153,u,18,ADS,16.44855474002697,134.44783729269005,364.3314433330192,804.3623141955379
8544,MADS153,e,18,ADS,18.84693256947568,124.48873823397122,702.4334119491477,2189.0963506135395
8545,MADS153,æ,18,ADS,19.03283575190508,167.6448341550909,956.3680811632134,1234.1275323210064
8546,MADS153,u,18,ADS,19.52477868668769,97.93114074405906,279.9561589740866,947.1036791355434
8547,MADS153,æ,18,ADS,25.95,129.999999999999,879.4007168616572,1652.9366077924328
8549,MADS153,u,18,ADS,28.14204522215395,157.95477784605083,392.3207445174088,770.0834447768887
8550,MADS153,e,18,ADS,30.75714264203297,170.13460891975996,650.5797179637166,2151.442955662181
8551,MADS153,a,18,ADS,31.73166905955874,130.29821268489883,824.8944133151199,1407.4638394306394
8552,MADS153,e,18,ADS,33.11562447473126,125.3186631555252,896.163277387663,1844.513199424464
8553,MADS153,a,18,ADS,34.23728313396472,98.76106566561305,823.1553980982223,1337.8482812305342
8554,MADS153,o,18,ADS,34.93,116.34080149047321,576.1966067312634,1153.4076959829315
8555,MADS153,o,18,ADS,36.29450222013676,115.35956409680637,562.8464275656125,1082.9635175221879
8556,MADS153,æ,18,ADS,39.46745220052655,120.33911362618,863.9712706029107,1721.775981517192
8557,MADS153,i,18,ADS,40.03728698593667,117.84933886148963,297.9228734372373,2651.597714921776
8558,MADS153,i,18,ADS,41.82334893965691,100.42091550874233,366.02505396611105,2479.8077490414485
8559,MADS153,e,18,ADS,45.37127374329853,75.3962069594678,639.941183638068,2148.1018343268856
8560,MADS153,a,18,ADS,45.65607026162142,116.64079324390997,849.6625243019595,1332.2904444785831
8561,MADS153,e,18,ADS,46.56980199407017,73.69139877248898,586.0249163392963,2084.2763757320477
8563,MADS153,a,18,ADS,48.08836414412275,108.71305363465922,917.6356430341436,1510.5976645929572
8564,MADS153,æ,18,ADS,50.1395339590693,109.44267144430597,835.240949761912,1749.583781236878
8565,MADS153,i,18,ADS,50.66085372795448,89.01337277470134,368.7956039507643,2554.4253265886246
8566,MADS153,e,18,ADS,52.34419101065803,108.71305363467343,613.647127210664,2179.7014562263257
8568,MADS153,i,18,ADS,54.85297234515376,70.04330972434758,378.8750864226398,2208.257764846076
8569,MADS153,i,18,ADS,55.21038701557512,52.53248229325891,435.9996120721698,2346.927881308393
8570,MADS153,a,18,ADS,55.46356439551625,89.98856315204762,763.3558877435097,1380.2484452459064
8571,MADS153,i,18,ADS,61.13673927423081,173.2607257691896,272.16357389253886,2632.917279911749
8572,MADS153,i,18,ADS,62.70819797146945,91.9318440132102,353.64040676359036,2665.3772913426506
8573,MADS153,æ,18,ADS,64.1618901797385,137.7675369789415,783.5294864037955,1566.7535849013548
8574,MADS153,a,18,ADS,64.48362795059218,90.47260839395221,675.096093155809,1299.8822926563985
8575,MADS153,a,18,ADS,65.25759869409572,102.14649334800185,763.7757375727862,1316.6625536079264
8576,MADS153,o,18,ADS,66.95,64.83058805859798,500.6977552356897,1149.7915723313326
8577,MADS153,i,18,ADS,67.18264268427319,48.15477543547786,498.7452230858844,1883.9626699364496
8579,MADS153,o,18,ADS,77.38692810373108,96.30955087098414,485.46971773317813,1059.1239376973874
8581,MADS153,o,18,ADS,81.00117860322851,94.85031525171905,510.4098237320303,924.3520065255024
8582,MADS153,æ,18,ADS,82.46263919975415,145.92356192572709,817.4340345024928,1683.3117522522095
8583,MADS153,o,18,ADS,83.03369147201919,109.44267144429887,612.9355223176462,1076.009611610233
8584,MADS153,a,18,ADS,85.24562277765177,138.62738382944428,667.8286417965866,1498.306396810238
8585,MADS153,e,18,ADS,86.6,90.00000000000341,619.2133550860609,2003.5824190217113
8586,MADS153,u,18,ADS,86.95,91.71904009433263,456.5911791113611,1007.4987259870957
8587,MADS153,o,18,ADS,88.05088087878352,70.04330972435469,586.6072747752595,1168.0355996577953
8588,MADS153,a,18,ADS,88.76133251276849,106.5242002057829,707.1924728256995,1328.6138597844454
8590,MADS153,o,18,ADS,90.55274979956975,74.42101658212152,551.9219170559836,1146.1501083512417
8591,MADS153,æ,6,ADS,2.3,148.23421760204303,918.9957963303386,1619.5811816715668
8592,MADS153,o,6,ADS,2.824796427225815,115.20357277418513,598.7075331560529,1275.572806168568
8593,MADS153,e,6,ADS,3.883762543879773,110.32149301874483,575.6126910913598,1866.400846366069
8594,MADS153,o,6,ADS,4.554547807672032,125.4521923279679,624.8775758778938,1257.160593633837
8595,MADS153,i,6,ADS,5.58,139.9999999999997,366.0636600942523,2202.630161889726
8596,MADS153,u,6,ADS,6.999689424000548,180.3105759994521,529.7922895221906,992.1888656006769
8597,MADS153,u,6,ADS,8.31,160.00000000000014,408.0907899378613,902.471913941556
8598,MADS153,u,6,ADS,8.67,280.2726203442028,473.8774149828895,980.8987643311868
8599,MADS153,i,6,ADS,9.52,99.99999999999964,334.4776325772692,2386.0064795161607
8600,MADS153,æ,6,ADS,12.31,150.00000000000034,803.4855288764393,1682.9642993764348
8601,MADS153,æ,6,ADS,14.18,160.00000000000014,859.0837711023102,1598.334047006718
8602,MADS153,æ,6,ADS,15.87,169.99999999999994,889.5064415512185,1624.837435568222
8603,MADS153,u,6,ADS,16.57,210.3288030812287,482.79307628134933,922.6842056812766
8604,MADS153,e,6,ADS,20.31,130.00000000000256,585.8577260133846,1522.4303580463902
8605,MADS153,æ,6,ADS,20.5,185.13157228531085,884.351474504599,1541.8181764918463
8606,MADS153,u,6,ADS,21.61807340610481,105.15017303348984,380.5837989118412,741.4815563043088
8608,MADS153,u,6,ADS,30.61,140.00000000000057,368.8514076411713,839.855923084314
8610,MADS153,e,6,ADS,34.14,149.99999999999858,670.5563691662579,2138.5817501570477
8611,MADS153,a,6,ADS,35.16,110.00000000000654,814.2358268634673,1397.2165037422617
8612,MADS153,e,6,ADS,36.61,109.99999999999943,750.1579182791191,1971.6831101794564
8613,MADS153,a,6,ADS,37.55,170.0000000000017,774.6115735387707,1352.345022751366
8614,MADS153,o,6,ADS,38.43,119.99999999999744,586.6095854662005,1192.7366873887452
8615,MADS153,o,6,ADS,40.23,130.00000000000256,630.8116459132709,1052.2192895766498
8616,MADS153,æ,6,ADS,44.6,182.06833209974604,923.5097864036172,1654.5753404629968
8617,MADS153,i,6,ADS,45.19232638426321,117.67361573679125,286.86970066132375,2537.709097095394
8618,MADS153,i,6,ADS,47.80422624338733,134.45431961658727,306.18153146651116,2345.686561229155
8619,MADS153,e,6,ADS,51.68607777433112,91.35998640615384,643.3654379323901,2077.532966505728
8621,MADS153,e,6,ADS,53.4622523151258,103.4263997050644,662.8287287618126,2110.278752419884
8622,MADS153,a,6,ADS,53.81,129.99999999999545,874.8101447641168,1332.5102580290222
8623,MADS153,a,6,ADS,55.72,120.00000000000455,906.6461785747513,1406.0687892930428
8624,MADS153,æ,6,ADS,57.8963264099209,137.90186627342393,784.5753864006348,1682.975583774645
8625,MADS153,i,6,ADS,58.37393034141151,84.4648930924734,374.5221953500899,2344.4779320993694
8626,MADS153,e,6,ADS,60.25,109.99999999999943,674.3939746398822,2030.7234004664303
8627,MADS153,e,6,ADS,61.75850692056459,71.49307943540606,618.9835519828237,2046.1706604939257
8628,MADS153,i,6,ADS,63.1,49.99999999999716,405.8975223822764,2144.1253465027844
8629,MADS153,i,6,ADS,63.41,70.00000000000028,340.14198819092786,2297.6308237135636
8630,MADS153,a,6,ADS,63.71,153.47439702618004,726.926389108382,1412.6643129835093
8631,MADS153,i,6,ADS,70.63,174.46270318298218,301.4803990552028,1810.7284133191301
8632,MADS153,i,6,ADS,72.19710983069898,102.8901693010198,393.9610614664659,2547.6571938196266
8633,MADS153,æ,6,ADS,73.45220844707262,127.79155292737698,737.1604921253925,1636.3754992691777
8634,MADS153,a,6,ADS,73.75,114.19027256448544,703.7615774202567,1310.6365198487454
8635,MADS153,a,6,ADS,74.66211129718751,103.4263997050715,713.1621583692321,1317.9938876510728
8636,MADS153,u,6,ADS,76.69,129.99999999999545,676.7730297626613,1200.4308920251503
8637,MADS153,i,6,ADS,76.98,39.99999999999204,542.1836738443055,2143.182692789959
8638,MADS153,u,6,ADS,80.69254251820513,86.18866642089529,427.79044732227686,893.1488842841685
8639,MADS153,o,6,ADS,91.89683264012425,153.16735987575214,514.4694143242687,923.0851107826714
8640,MADS153,u,6,ADS,92.39,132.7053824476394,418.03034170525507,717.9917808681665
8641,MADS153,o,6,ADS,95.48,129.99999999999545,551.5883785471284,938.6050874410954
8642,MADS153,æ,6,ADS,97.44838672980916,151.61327019083615,743.2225389015703,1626.2938668827237
8643,MADS153,o,6,ADS,98.15,79.9999999999983,701.1902618338439,1083.1140674757535
8644,MADS153,a,6,ADS,100.1782341901163,171.76580988369494,768.0670993548092,1314.1991586952595
8645,MADS153,e,6,ADS,101.3,120.00000000000455,636.1642426376424,1936.5437591637835
8646,MADS153,u,6,ADS,101.82,148.01008767830126,439.6373413074486,910.6390902774697
8647,MADS153,o,6,ADS,103.18,129.99999999999545,524.6866145392826,1196.451556001035
8648,MADS153,a,6,ADS,103.92,109.99999999999943,733.6305228485792,1395.4615610412623
8649,MADS153,e,6,ADS,104.82,90.00000000000341,675.7012772145224,1829.8720449365705
8650,MADS153,o,6,ADS,106.0759591694345,170.65355951329764,550.980263244074,1009.9782870245679
8651,MADS154,æ,15,ADS,3.582768851766462,107.22032361755308,1001.4361411070033,1552.1266346965654
8652,MADS154,o,15,ADS,4.127913147749685,162.08685225031516,620.6504412305396,1100.197092791299
8653,MADS154,e,15,ADS,5.05,98.6512354840503,561.5571013325302,1901.624270391218
8654,MADS154,o,15,ADS,5.799619713733139,140.38028626686128,476.6998874304029,1096.2890340541126
8655,MADS154,i,15,ADS,6.910356263906742,99.64373609325783,323.20460819927723,2519.212433623309
8656,MADS154,u,15,ADS,8.31,179.99999999999972,347.86381363299785,816.0938158180753
8657,MADS154,u,15,ADS,9.29,140.00000000000057,396.1744512175527,738.8797979625364
8658,MADS154,u,15,ADS,9.68,140.00000000000057,473.88809573649894,1192.2579897601754
8659,MADS154,i,15,ADS,10.21,89.99999999999986,376.1634630158527,2606.372084112296
8660,MADS154,æ,15,ADS,13.07,179.99999999999972,828.0239801654338,1577.5395780929853
8661,MADS154,æ,15,ADS,14.87,200.00000000000108,830.9310454388117,1608.252342155215
8662,MADS154,æ,15,ADS,16.54832848037008,131.67151962991852,936.4604341796713,1708.734188116902
8663,MADS154,u,15,ADS,17.01,168.68014568429857,434.95828794721893,1252.7092182489978
8664,MADS154,e,15,ADS,18.94,84.8072964931994,673.9803359101717,2010.1849811379857
8665,MADS154,æ,15,ADS,19.12,199.9999999999993,1030.704989425361,1732.0812769497365
8666,MADS154,u,15,ADS,19.72142434231684,136.93197955975833,384.6076212002626,1082.4814970669358
8667,MADS154,æ,15,ADS,25.96,169.99999999999815,752.7584029464288,1639.4589408917693
8668,MADS154,u,15,ADS,27.33,110.00000000000298,410.5979855098398,801.1142609089668
8669,MADS154,u,15,ADS,28.27,160.00000000000014,367.6237285497715,815.3320299572724
8670,MADS154,e,15,ADS,30.81573445841206,114.26554158794033,706.1667235764866,1995.7016257274588
8671,MADS154,a,15,ADS,31.82,110.5345176711694,805.5055068067514,1310.7813224419854
8672,MADS154,e,15,ADS,33.29,100.00000000000142,585.4987124278094,1654.1838338371804
8673,MADS154,a,15,ADS,34.49,119.99999999999744,932.9800575625633,1427.9997007914008
8674,MADS154,o,15,ADS,35.25,119.99999999999744,524.8201554840025,1246.626678727333
8675,MADS154,o,15,ADS,37.13,126.94911708481982,557.0031601168505,1104.7196544544195
8676,MADS154,æ,15,ADS,40.54470454251723,103.34489023379234,766.74767997338,1682.8900147506445
8677,MADS154,i,15,ADS,41.02558912997785,94.41087002214488,365.1954488513446,2428.3512303602743
8678,MADS154,i,15,ADS,43.50513204998406,94.86795001593862,397.754390307705,2707.716511644863
8679,MADS154,e,15,ADS,46.85,76.75535109321174,513.3518322486539,1554.9190083108067
8680,MADS154,a,15,ADS,47.09,113.20293246858881,680.5724394644947,1292.127776352012
8681,MADS154,e,15,ADS,48.78,129.99999999999545,529.1587800809184,2405.7630505419647
8682,MADS154,a,15,ADS,49.21,140.00000000000057,630.3849763995718,1257.6348292906011
8683,MADS154,a,15,ADS,50.62,120.00000000000455,659.9776635226463,1281.8841013030324
8684,MADS154,æ,15,ADS,52.7,133.97839388876065,796.3298900042269,1623.8498653577867
8685,MADS154,i,15,ADS,53.25469972605012,86.55134557079691,365.5825416111997,2461.645735611849
8686,MADS154,e,15,ADS,55.04363025680104,106.36974319896098,529.3069077672402,2539.2199432821035
8687,MADS154,e,15,ADS,56.25,107.29784367430284,591.1847236526717,2136.9461575196833
8688,MADS154,i,15,ADS,58.03,53.909813385395466,305.3156149017223,2389.4499151172663
8689,MADS154,a,15,ADS,58.3,119.78070664521567,794.7509054073641,1268.8753865812496
8690,MADS154,i,15,ADS,64.97,143.56023100971527,419.375424320866,2659.073029642361
8691,MADS154,i,15,ADS,66.75,140.00000000000057,407.8284833089077,2628.704922369916
8692,MADS154,æ,15,ADS,68.25323785835818,106.7621416418234,866.2556095744071,1775.4284795611434
8693,MADS154,a,15,ADS,68.54,109.99999999999943,671.7941546805545,1281.274083563477
8694,MADS154,a,15,ADS,69.42,90.00000000000341,677.9440319724024,1360.9369394572525
8695,MADS154,o,15,ADS,71.55,40.00000000000625,553.7262885743855,1273.5108561564027
8696,MADS154,i,15,ADS,71.77612899162835,40.04614496558645,433.95407771003516,2047.8742832720563
8698,MADS154,o,15,ADS,84.06,109.99999999999943,464.1689966715864,1079.6691869793435
8699,MADS154,u,15,ADS,84.52,120.00000000000455,398.4914951973684,758.1153473872655
8700,MADS154,o,15,ADS,87.84497451615896,135.02548384104784,457.4619664036176,987.5668122048351
8701,MADS154,æ,15,ADS,89.77,160.0000000000108,801.5458274213547,1482.187396696795
8702,MADS154,o,15,ADS,90.43,113.74231492649756,573.1996332702835,1034.3668520344202
8703,MADS154,a,15,ADS,92.77,180.00000000000682,827.9088292877998,1313.9001921926797
8704,MADS154,e,15,ADS,94.17219816867494,127.8018313250584,485.74684284844585,1942.189112168016
8705,MADS154,u,15,ADS,94.61610071505297,103.34489023379945,344.83489946137024,722.0085913165984
8706,MADS154,o,15,ADS,96.07,60.000000000002274,583.4576722555333,1316.871755793945
8707,MADS154,a,15,ADS,96.78,140.00000000000057,657.9952420430159,1265.419243131344
8709,MADS154,o,15,ADS,98.53,126.18991953732461,555.0135921918215,1109.495565911071
8710,MADS154,æ,18,ADS,3.6,100.00000000000009,898.006468778547,1539.6291465104052
8711,MADS154,o,18,ADS,4.114789490259653,135.21050974034665,553.3504127758185,1140.298775976336
8712,MADS154,e,18,ADS,5.155172451594257,111.2099394890187,621.5921715064741,2261.8213393580913
8713,MADS154,o,18,ADS,5.970172591665975,135.91704952935845,531.4019933173666,1134.824420884036
8714,MADS154,i,18,ADS,6.880411554014697,97.93114074406084,362.75715616116986,2683.0344728456603
8715,MADS154,u,18,ADS,8.447223569192454,202.77643080754615,451.2985336060109,886.85332291317
8716,MADS154,u,18,ADS,9.448870686508462,102.91069027342026,403.1390513152869,885.8592332825904
8717,MADS154,u,18,ADS,9.812377802151673,129.46828776333064,328.67483602303156,911.4077234604666
8718,MADS154,i,18,ADS,10.29526833763676,97.93114074406084,381.67671992012185,2556.7039078704265
8719,MADS154,æ,18,ADS,13.185310582756,174.6894172440001,872.5545587039954,1438.5933929469222
8720,MADS154,æ,18,ADS,15.02820273980278,170.9645338413299,965.0628520442901,1634.2440858268683
8721,MADS154,æ,18,ADS,16.51061939713134,124.09359592111002,1052.4203014697357,1731.6753189286947
8722,MADS154,u,18,ADS,16.96,142.79064881219838,428.74500630319653,892.634553768906
8723,MADS154,e,18,ADS,18.57854409457645,59.754594352309454,727.9304265856888,2212.248470817982
8724,MADS154,æ,18,ADS,18.72,178.89511429855176,1103.3972274687787,1740.0752448848996
8725,MADS154,u,18,ADS,19.3537078384133,112.86978933214087,333.93835906474635,903.5167015691065
8726,MADS154,æ,18,ADS,25.77,187.46806364868007,974.420998494023,1705.9728223062339
8727,MADS154,u,18,ADS,27.05543688368455,121.16903854773042,377.47526385817605,841.8249798109881
8728,MADS154,u,18,ADS,27.99321828776344,172.62438368445032,341.77260601769626,717.8159411658182
8729,MADS154,e,18,ADS,30.56093848050215,129.4682877633413,932.7270294273233,2000.0132872559468
8730,MADS154,a,18,ADS,31.62429263783071,109.55008964590007,907.5794524586402,1387.1279103451798
8731,MADS154,e,18,ADS,33.14812457978493,91.87542021507511,932.4116387629645,1974.0388966940634
8732,MADS154,a,18,ADS,34.45,117.38598162260416,1139.1624361705688,1528.0702387788458
8733,MADS154,o,18,ADS,35.28,74.96288099505222,487.0144290118731,1045.667615027699
8734,MADS154,o,18,ADS,36.65479605558038,58.09474450918373,575.0617417141872,1336.3985795470826
8735,MADS154,æ,18,ADS,39.82712937023733,147.72663603765324,1011.1765987935255,1736.7870912807784
8736,MADS154,i,18,ADS,40.44513993164475,106.23038995965572,367.63563078642113,2774.7076156824583
8737,MADS154,i,18,ADS,42.65675327767782,116.18948901837456,373.56758646685375,2715.746816499758
8738,MADS154,e,18,ADS,46.30199644217788,88.00355782211966,629.0429951036458,1973.9580827862032
8739,MADS154,a,18,ADS,46.56,143.8984760191957,799.7238281990191,1456.2898494264934
8740,MADS154,e,18,ADS,47.45084477252301,94.61144105781472,598.8958743507609,2140.5827879167073
8741,MADS154,a,18,ADS,47.82784905871753,149.3864858807683,861.5090765058444,1533.8149199334387
8742,MADS154,a,18,ADS,49.39741973890575,129.46828776333064,903.7093236385829,1293.1085397171967
8743,MADS154,æ,18,ADS,51.87,145.53507395720544,854.8105710237518,1803.4881185442898
8744,MADS154,i,18,ADS,52.47926056140675,79.67279246975068,423.6253851524403,2498.6281994605524
8745,MADS154,e,18,ADS,54.15378697893246,121.16903854773398,692.4897768257476,2068.7418361030627
8746,MADS154,e,18,ADS,55.19698075414533,106.23038995966283,578.7611251575363,2267.901167520567
8747,MADS154,i,18,ADS,56.81,89.9999999999963,334.06847234551157,2728.729087643284
8748,MADS154,i,18,ADS,57.25015744060873,48.135645450472,410.99339645828286,2580.9669172064346
8749,MADS154,a,18,ADS,57.56699812303813,109.55008964590007,852.4476476446941,1359.9394494129679
8750,MADS154,i,18,ADS,63.9518304592786,202.0832237778336,399.58714486699205,2683.6935305170678
8751,MADS154,i,18,ADS,65.92783560449737,116.07173477504773,360.65833852608336,2552.275651742954
8752,MADS154,æ,18,ADS,67.77200043708743,128.36168316297858,848.689994375399,1713.1214827325916
8753,MADS154,a,18,ADS,68.16,132.97284280284316,595.8367473283496,1250.9823449511603
8754,MADS154,a,18,ADS,69.17,105.7746973523166,678.2662289628489,1222.0171670422415
8755,MADS154,i,18,ADS,71.17,46.057782291711646,386.3894989997202,1632.5490368252574
8756,MADS154,u,18,ADS,74.5501048744027,117.84933886150384,340.255590160573,851.5675235266776
8757,MADS154,o,18,ADS,82.52992817393175,123.76799921558757,499.56399181451224,1070.9095360019162
8758,MADS154,u,18,ADS,82.91,129.09502736070522,427.50088893737944,739.9433115925164
8759,MADS154,o,18,ADS,86.54,165.33130033232624,468.90860284541327,979.1118922929285
8760,MADS154,æ,18,ADS,88.5053284988979,120.33911362617289,1080.4744558095765,1673.989372134258
8761,MADS154,o,18,ADS,89.06,103.25641799244067,437.70621244664534,1017.0285862356903
8762,MADS154,a,18,ADS,91.17249197659834,190.05280703721894,892.8561210605526,1347.1258983168311
8763,MADS154,e,18,ADS,92.2,70.76062014380113,502.56659420098345,2105.2907346827624
8764,MADS154,u,18,ADS,92.51,106.11857341586983,348.08192050277125,848.7618357552503
8765,MADS154,a,18,ADS,94.5433273643167,131.12813760646702,618.1074227385446,1267.930012800194
8766,MADS154,e,18,ADS,95.25133869611857,120.33911362617289,649.021511905232,1804.2499713049435
8767,MADS154,o,18,ADS,96.37507812070388,103.74061519500799,543.7270065985341,1126.5513794125134
8768,MADS154,æ,6,ADS,3.38,120.00000000000011,947.8229767393284,1596.0524967642903
8769,MADS154,o,6,ADS,3.911903494777231,168.0965052227692,458.3740200810167,1019.9935520680551
8770,MADS154,e,6,ADS,5.24,118.8615491896945,652.9827688605021,2156.454420244874
8771,MADS154,o,6,ADS,6.008498203913601,151.50179608639914,492.7730969281975,1085.8713898792735
8772,MADS154,i,6,ADS,7.102403215719742,127.5967842802581,339.85774452587873,2649.790920863281
8773,MADS154,u,6,ADS,8.5,213.01665205391095,421.1983913427412,764.0952690189488
8774,MADS154,u,6,ADS,9.53,140.00000000000057,438.22762068730384,953.3389163917739
8775,MADS154,u,6,ADS,9.89,161.84443777584966,334.8056466773572,688.8673343983066
8776,MADS154,i,6,ADS,10.41,89.99999999999986,402.28330866870516,1932.422440783201
8777,MADS154,æ,6,ADS,13.24,160.00000000000014,1193.843878538758,1867.749024053349
8778,MADS154,æ,6,ADS,14.79,160.00000000000014,1088.6825029702363,1678.7360719674832
8779,MADS154,æ,6,ADS,16.46974168483831,133.73112673253829,1007.8356358482439,1600.8988818522594
8780,MADS154,u,6,ADS,16.89761514280085,186.20789798201187,426.24815320059565,1248.028877102369
8781,MADS154,e,6,ADS,18.54,100.00000000000142,664.2479952123692,2194.190983099796
8782,MADS154,æ,6,ADS,18.71,179.99999999999972,1269.5878601503975,1594.082253956913
8783,MADS154,u,6,ADS,19.57844092218075,131.5590778192508,406.7397440709768,875.5705833022979
8784,MADS154,æ,6,ADS,25.97,140.00000000000057,1075.5736216318255,1444.6687177930266
8785,MADS154,u,6,ADS,27.42,149.99999999999858,423.19590763044,739.0320768014342
8786,MADS154,u,6,ADS,28.4,236.05157574178293,356.53117318267493,1261.63708975947
8787,MADS154,e,6,ADS,31.01,99.99999999999787,805.9520104506303,1883.8991514661718
8788,MADS154,a,6,ADS,31.9439680120408,118.49593507945855,846.3574101354067,1332.4213315244774
8789,MADS154,e,6,ADS,33.61,100.00000000000142,778.1578603999462,2050.3581937021972
8790,MADS154,a,6,ADS,34.81,129.99999999999545,1002.6192069154287,1322.6347996664708
8791,MADS154,o,6,ADS,35.63,115.64216766695523,462.82166665749077,1002.9251246058928
8792,MADS154,o,6,ADS,37.1,123.47531278162904,486.6442060179571,983.6628552125492
8793,MADS154,æ,6,ADS,39.74,140.00000000000057,1197.8290811040586,1774.033593469092
8794,MADS154,i,6,ADS,40.25118999957175,106.64634157151909,411.3035173457974,2604.355328644904
8795,MADS154,i,6,ADS,43.24531850984131,114.6814901586879,414.390757008048,2667.1528130927395
8796,MADS154,e,6,ADS,46.59,89.9999999999963,554.0676893287689,2286.833992566434
8797,MADS154,a,6,ADS,46.86,205.9507114290824,859.8683327174282,1665.0531088766882
8798,MADS154,e,6,ADS,48.00763870916985,130.345528587398,593.7215778870225,2609.657782859469
8799,MADS154,a,6,ADS,48.41,170.0000000000017,832.6716428516406,1334.580008654651
8800,MADS154,a,6,ADS,50.01,109.99999999999943,796.0347641401122,1353.7348997784252
8801,MADS154,æ,6,ADS,51.96,109.99999999999943,924.8121301096483,1763.6427292613598
8802,MADS154,i,6,ADS,52.46768331981347,84.63995362819077,420.3280399437882,2635.6921241011883
8803,MADS154,e,6,ADS,54.07545728611947,114.54271388052462,459.19764318414695,2591.590286068875
8805,MADS154,i,6,ADS,56.5,83.95481626128287,325.4877407358115,2430.1470924580526
8806,MADS154,i,6,ADS,56.802325896622,72.79036012025131,453.30097537085203,2501.6837711114017
8807,MADS154,a,6,ADS,57.09,99.99999999999432,739.8115013995413,1305.7387520707903
8808,MADS154,i,6,ADS,62.57,159.9999999999966,431.1188139703379,2689.026527737236
8809,MADS154,i,6,ADS,64.7,135.7865930263813,335.77089555096245,2491.7352893360035
8810,MADS154,æ,6,ADS,66.15985134572402,137.11672487765725,863.8157688003732,1700.419022222084
8811,MADS154,a,6,ADS,66.52,90.00000000000341,659.2579235152177,1313.7826114518718
8812,MADS154,a,6,ADS,67.58,100.00000000000853,719.4320372740168,1310.1845784304262
8813,MADS154,o,6,ADS,69.63,55.58621601129232,507.61460206457804,1135.9809511553133
8814,MADS154,i,6,ADS,69.85,53.552588975904314,463.90024329604637,2154.922781493596
8815,MADS154,u,6,ADS,73.17,120.00000000000455,350.20751715902736,712.591391131206
8816,MADS154,o,6,ADS,81.65018973060438,155.73751467586305,484.7791292757909,1051.8195494531979
8817,MADS154,u,6,ADS,82.05,158.34778417716677,337.53764446880376,877.7260032018595
8818,MADS154,o,6,ADS,85.58,129.99999999999545,501.5845702997327,1018.479519674542
8819,MADS154,æ,6,ADS,87.32,140.00000000000057,1110.1884732756682,1718.016632861366
8820,MADS154,o,6,ADS,87.94,128.2893313648401,451.1354560992662,1088.274570272554
8821,MADS154,a,6,ADS,90.11260962294972,177.39037705028693,754.9715970424667,1243.0288121772471
8822,MADS154,e,6,ADS,92.25,69.99999999999318,662.4908639287157,1979.0925342654461
8823,MADS154,u,6,ADS,92.5601663864793,162.5087109661223,394.4934631413549,618.7016490591689
8824,MADS154,o,6,ADS,93.92,90.00000000000341,533.8918535965439,1327.460785455101
8825,MADS154,a,6,ADS,94.7,150.8194096108042,860.4316171464892,1305.4648782521099
8827,MADS154,o,6,ADS,96.6,130.00000000000966,532.9270281755907,1139.9114070559935
8828,MADS154,æ,9,ADS,3.54,69.99999999999984,1112.8059950117913,1651.7949546910377
8829,MADS154,o,9,ADS,4.013170477091378,116.82952290862225,481.47301094542,874.80791545791
8830,MADS154,e,9,ADS,5.229027895630884,74.52512471663297,586.3758512947478,2147.132156539389
8831,MADS154,o,9,ADS,5.91572368766271,134.2763123372901,531.1987868271924,1076.487348138276
8832,MADS154,i,9,ADS,6.85,100.00000000000054,361.42069653606785,2602.9205943785523
8833,MADS154,u,9,ADS,8.26,150.00000000000034,426.8256107850099,712.5621420898644
8834,MADS154,u,9,ADS,9.32,89.99999999999986,359.97418334332986,900.0743527095268
8835,MADS154,u,9,ADS,9.66,140.00000000000057,389.2647174584346,970.773831834811
8836,MADS154,i,9,ADS,10.1656290087733,84.37099122670055,375.93871816782,2576.723701730611
8837,MADS154,æ,9,ADS,12.84,140.00000000000057,940.6043229587019,1786.7558866118707
8838,MADS154,æ,9,ADS,14.41,169.99999999999994,1132.829620793774,1567.023740088755
8839,MADS154,æ,9,ADS,16.1548420291712,135.1579708288,1015.5772272161867,1692.2300752892593
8840,MADS154,u,9,ADS,16.64,99.99999999999787,363.0688297042358,856.2000975330391
8841,MADS154,e,9,ADS,18.46,86.92562118811864,669.452034906922,2263.452918183368
8842,MADS154,æ,9,ADS,18.62,149.99999999999858,1039.97854292411,1717.3063976613812
8843,MADS154,u,9,ADS,19.27809730848589,101.90269151410902,359.16990282397506,902.0568764031738
8844,MADS154,æ,9,ADS,25.81,134.59765827753145,1052.0169430006,1703.3115689441552
8845,MADS154,u,9,ADS,26.98457414182103,135.42585817896935,336.51281031199335,897.4351518236828
8846,MADS154,u,9,ADS,27.89,179.99999999999972,364.8475147921688,705.7204268958188
8847,MADS154,e,9,ADS,30.5,129.999999999999,812.6520904392835,2064.006540293822
8848,MADS154,a,9,ADS,31.57,100.00000000000142,777.4413660147142,1308.62331517019
8849,MADS154,e,9,ADS,33.0,100.00000000000142,741.3182643111245,2003.9352452470987
8850,MADS154,a,9,ADS,34.0,109.99999999999943,925.30572650872,1298.094075510205
8851,MADS154,o,9,ADS,34.79719358464831,81.62275564203014,479.8215172275111,1065.087577886573
8852,MADS154,o,9,ADS,36.54,90.00000000000341,529.6225132425936,1091.001588710484
8853,MADS154,æ,9,ADS,39.45699550888637,93.00449111362497,884.9848908851276,1716.1533618475
8854,MADS154,i,9,ADS,39.9827651811329,67.23481886709948,338.55023772072093,2512.925460190928
8855,MADS154,i,9,ADS,42.86799276180162,112.00723819838032,370.37934740481694,2786.8669028007434
8856,MADS154,e,9,ADS,47.75,90.00000000000341,563.5636472449809,2295.3875472633545
8857,MADS154,a,9,ADS,48.02,117.3392299748599,691.9255784484802,1260.3052836078982
8858,MADS154,e,9,ADS,48.94299572152168,110.63445546853501,563.1158383928137,2357.416471112053
8859,MADS154,a,9,ADS,49.32,149.99999999999858,707.2222661740227,1303.0756846047946
8860,MADS154,a,9,ADS,50.48,120.00000000000455,694.0184588942016,1221.0913968814946
8861,MADS154,æ,9,ADS,52.73,105.45337250281506,767.8782848755142,1724.620989127977
8862,MADS154,i,9,ADS,53.24230266035485,67.69733964515012,384.3864033699798,2589.754156776341
8863,MADS154,e,9,ADS,54.94579974021762,114.20025978237902,561.6053318417596,2594.231323774368
8864,MADS154,e,9,ADS,56.02,79.9999999999983,596.0066387927882,2347.7985337605724
8865,MADS154,i,9,ADS,57.1,39.99999999999915,332.22279365686285,2507.3362227879097
8866,MADS154,i,9,ADS,57.41401092605663,80.29920154973524,293.5417605686349,2171.402177984692
8867,MADS154,a,9,ADS,57.67453722441802,132.04757588179916,711.9014098897783,1324.7735038670864
8868,MADS154,i,9,ADS,64.33,159.9999999999966,337.49726560829515,2745.84705722967
8869,MADS154,i,9,ADS,66.11,79.9999999999983,361.0429160860861,2524.295156954138
8870,MADS154,æ,9,ADS,67.51,129.99999999999545,1045.93468043485,1724.4064251004183
8871,MADS154,a,9,ADS,67.82,90.00000000000341,720.6861720348406,1292.1666281483517
8872,MADS154,a,9,ADS,68.69,79.9999999999983,698.486336430939,1299.7870765323585
8873,MADS154,o,9,ADS,70.68,49.99999999999716,438.063505167036,1127.9803330775194
8874,MADS154,u,9,ADS,73.75,129.99999999999545,302.57686049411814,810.6431876125074
8875,MADS154,o,9,ADS,82.3865686400569,113.43135994310671,500.9557777405568,1093.8483209449325
8876,MADS154,u,9,ADS,82.75,150.00000000000568,348.3428013185883,710.9024013356133
8877,MADS154,o,9,ADS,85.75,90.00000000000341,455.2649953898284,934.2479731670916
8878,MADS154,æ,9,ADS,87.63239388917819,127.60611082181583,831.8974404221522,1616.3744915198697
8879,MADS154,o,9,ADS,88.2,119.99999999999034,456.7349618049519,1018.2618570000334
8880,MADS154,a,9,ADS,89.95,200.00000000000284,673.0271716434202,1267.8144878212515
8881,MADS154,e,9,ADS,91.85,90.00000000000341,599.2995123258703,2180.4247771255154
8882,MADS154,u,9,ADS,92.37,135.8134109974145,258.19504534891354,1177.583489450852
8883,MADS154,o,9,ADS,93.41,70.00000000000739,471.0940847668357,1093.3869882398658
8884,MADS154,a,9,ADS,94.21,109.99999999999943,654.5166701284959,1310.5141515782532
8885,MADS154,e,9,ADS,94.86,99.99999999999432,633.2737709877241,1840.1680871029907
8886,MADS154,o,9,ADS,95.7177571449824,112.24285501759823,492.2240216278742,1094.320403778073
8887,MADS155,e,12,ADS,2.26,56.65683906872809,802.5575147700289,1794.5405798913341
8888,MADS155,o,12,ADS,2.69291679360892,109.00989337145717,604.1142553596538,1269.6985702278653
8889,MADS155,e,12,ADS,3.37334951513721,66.65048486279002,610.6899498280598,2045.1631752134226
8890,MADS155,o,12,ADS,4.087523304884554,102.47669511544632,574.1849254861916,1275.259020868961
8891,MADS155,i,12,ADS,4.91,89.99999999999986,419.26324781121986,2534.94135874978
8892,MADS155,u,12,ADS,6.23,159.99999999999926,379.81257453403225,829.9323995558743
8893,MADS155,u,12,ADS,6.89,119.81905472825628,461.48770333563823,576.0672772139193
8894,MADS155,u,12,ADS,7.245421082337534,114.57891766246675,447.71922610630844,576.9781054115151
8895,MADS155,i,12,ADS,7.72,60.0000000000005,374.3602200856569,2407.0145815377655
8897,MADS155,æ,12,ADS,11.66,131.71445288180905,783.9884558537553,1628.7174044622586
8898,MADS155,æ,12,ADS,12.87962313062319,101.97699702491114,700.2378838096258,1733.2597151120845
8899,MADS155,u,12,ADS,13.33,119.99999999999922,457.3667603101023,1533.7873792173048
8900,MADS155,e,12,ADS,14.61672748541449,123.27251458551025,642.5074969610876,2180.3622854477508
8901,MADS155,e,12,ADS,14.85,160.00000000000014,831.4289436585174,1677.014317987138
8902,MADS155,u,12,ADS,15.4044118762276,105.58812377239946,439.6188304920703,721.6695233927251
8903,MADS155,æ,12,ADS,20.52,140.00000000000057,722.1380890229079,1741.4778406679634
8904,MADS155,u,12,ADS,21.74483961479503,105.16038520497162,378.8913761189377,770.1041165508605
8905,MADS155,u,12,ADS,22.61867698585332,161.3230141466815,429.9526454263686,808.8864420199366
8906,MADS155,e,12,ADS,25.00495597488911,121.3174619779096,606.1394503829724,1770.3122947530592
8907,MADS155,a,12,ADS,26.10384602903686,101.97699702492002,409.42242239097214,1426.8258315166534
8908,MADS155,e,12,ADS,27.22,87.98394640975005,554.3039404386847,1660.7069864779385
8909,MADS155,a,12,ADS,28.23,101.51195044833017,637.0385841324356,1307.4769957810163
8910,MADS155,o,12,ADS,28.90293477860516,97.06522139483909,494.2897257615044,1136.645016192375
8911,MADS155,o,12,ADS,30.21,79.9999999999983,482.44142646295916,1264.9340484988752
8912,MADS155,æ,12,ADS,32.32,119.99999999999744,712.4438443703473,1579.6645109188464
8913,MADS155,i,12,ADS,32.81043345595986,109.56654404014188,418.11816563111813,2507.8781134873393
8914,MADS155,i,12,ADS,34.39515270775982,94.84729224018196,409.35064389293115,2503.379413826067
8915,MADS155,e,12,ADS,37.39220907236125,77.79092763875184,425.0851569930353,2225.0791064985606
8916,MADS155,a,12,ADS,37.6,147.3703378618083,710.6415735454113,1341.0198133926883
8917,MADS155,e,12,ADS,38.3627658146332,80.87830798527307,647.4409983791826,2196.306975427731
8918,MADS155,a,12,ADS,38.69507016700748,94.92983299251989,491.0652813576832,1279.1544411269488
8919,MADS155,a,12,ADS,39.80600516134005,103.99483865994341,458.79914652660625,1336.0266601985184
8920,MADS155,æ,12,ADS,41.12442764434434,155.5723556556643,786.6789219947105,1572.466079453451
8921,MADS155,i,12,ADS,41.73804785058045,79.120083898637,391.7836663972379,2408.5663492101216
8922,MADS155,e,12,ADS,43.33761678398167,161.75661597054614,624.6797074337862,2182.206694065869
8923,MADS155,e,12,ADS,44.59128569345611,108.71430654389513,562.1753284108416,2226.3191139283554
8924,MADS155,i,12,ADS,45.84,69.99999999999318,376.8324643164581,2290.5101164712178
8925,MADS155,i,12,ADS,46.18859218873281,65.0542912055343,411.56175810415044,2395.055337433313
8926,MADS155,a,12,ADS,46.47869916302781,107.2516692848211,665.3366350865006,1462.4724741845841
8927,MADS155,i,12,ADS,51.57,149.99999999999858,436.2312257033023,2499.731126201467
8928,MADS155,i,12,ADS,52.83345532270999,96.54467729001226,408.90445448825693,2472.219624752261
8929,MADS155,æ,12,ADS,53.68851157855583,101.48842144416648,671.409673872807,1607.4409996717368
8930,MADS155,a,12,ADS,53.97,100.00000000000142,655.8556362242068,1224.6362645402767
8931,MADS155,a,12,ADS,54.79,100.00000000000142,622.3643124910899,1238.9592726523892
8932,MADS155,o,12,ADS,56.38,48.494326681236544,418.3396224074558,1377.153943783105
8933,MADS155,i,12,ADS,56.61,49.99999999999716,477.5368550151958,1816.1639414944818
8934,MADS155,u,12,ADS,59.14709871089677,112.9012891032275,358.6344825669383,637.0010312413195
8935,MADS155,o,12,ADS,65.70324570882858,89.66942841846048,519.1073432384401,1279.0320906810325
8936,MADS155,u,12,ADS,66.09,116.09779760658512,419.8950026636662,633.1912215481062
8937,MADS155,o,12,ADS,68.64,120.00000000000455,443.879334723931,923.1089219844816
8938,MADS155,æ,12,ADS,69.98,99.99999999999432,725.2479516223352,1582.5929752917907
8939,MADS155,o,12,ADS,70.46,109.99999999999943,392.3872036041544,1055.6430291512443
8940,MADS155,a,12,ADS,72.19,140.00000000000057,592.2055479995412,1350.443116084951
8941,MADS155,e,12,ADS,73.21,80.0000000000125,642.1105787030435,2167.1918212302235
8942,MADS155,u,12,ADS,73.52,106.40993594168435,394.40573026527596,739.3829301127391
8943,MADS155,u,12,ADS,74.33921944423486,80.87830798527307,385.1540136321549,1342.9657690490383
8944,MADS155,a,12,ADS,75.23,109.99999999999943,606.0903868476944,1502.5507960976793
8945,MADS155,e,12,ADS,76.12,69.99999999999318,612.0976448377163,1999.155854015693
8946,MADS155,o,12,ADS,76.89002569776038,103.73522111154898,524.8460708600543,1270.652803355604
8947,MADS155,æ,15,ADS,5.52,70.00000000000028,811.0163172401387,1645.2138423259428
8948,MADS155,o,15,ADS,5.926351731469524,112.13703716019995,587.9738305621671,1269.676987350204
8949,MADS155,e,15,ADS,6.57711511549976,93.44753096683166,685.9392663394522,2174.732667518283
8950,MADS155,o,15,ADS,7.288848314954719,121.15168504528117,584.6468392388747,1312.8101010816142
8951,MADS155,i,15,ADS,8.32,89.99999999999986,440.88769588228195,2637.910787101022
8952,MADS155,u,15,ADS,9.72,209.9999999999991,359.40605217896683,797.3256237366197
8953,MADS155,u,15,ADS,10.39,179.99999999999972,343.72628282661003,961.8744828486584
8954,MADS155,u,15,ADS,10.79,140.818872192801,414.79403214590604,871.5223797677643
8955,MADS155,i,15,ADS,11.3,69.99999999999851,392.89216243194284,2202.16486211216
8956,MADS155,æ,15,ADS,13.76,140.00000000000057,852.2016199228094,1748.332861968347
8957,MADS155,æ,15,ADS,15.08,119.99999999999922,825.6189691699575,1522.0168914698463
8958,MADS155,æ,15,ADS,16.28,116.86513204976023,709.4396723809864,1633.8095840257731
8959,MADS155,u,15,ADS,16.72159530215951,124.98607266812911,417.1571747148323,1071.2437843977732
8960,MADS155,e,15,ADS,18.13551152033212,114.48847966788023,620.0463450175398,1545.2027556964874
8961,MADS155,æ,15,ADS,18.32,160.00000000000014,861.0210051935477,1667.9875867141527
8962,MADS155,u,15,ADS,18.78324020887149,94.61562510391985,435.21682556078855,924.536258196504
8963,MADS155,æ,15,ADS,23.85,160.00000000000014,808.1584399087197,1727.8523256718443
8964,MADS155,u,15,ADS,25.18,159.7463278788389,365.34051844696063,872.9575126559293
8965,MADS155,u,15,ADS,26.26,179.99999999999972,339.35076634896427,716.7085727172854
8966,MADS155,e,15,ADS,28.42,129.999999999999,916.1525243007311,2294.722841962639
8967,MADS155,a,15,ADS,29.43,101.56633276523053,523.0459622391553,1402.5690156932578
8968,MADS155,e,15,ADS,30.36,100.00000000000142,765.5362676245845,1797.9462003923575
8969,MADS155,a,15,ADS,31.24281823733507,97.18176266493117,680.1063160108695,1319.1995826781083
8970,MADS155,o,15,ADS,31.97,120.29102331604946,507.8206174678128,1041.7879897770852
8971,MADS155,o,15,ADS,33.41,93.05089367940411,582.8152138377945,1175.8469134953893
8972,MADS155,æ,15,ADS,35.54,130.00000000000256,801.7122409567502,1622.0337346269434
8973,MADS155,i,15,ADS,36.02795958589387,102.04041410613485,477.6090638253596,2710.7406533125018
8974,MADS155,i,15,ADS,37.67059333463893,109.40666536107102,436.04892701070787,2764.9032989758534
8975,MADS155,e,15,ADS,40.675735413197,74.26458680299675,682.691147447071,1729.8009926451195
8976,MADS155,a,15,ADS,40.89,133.82746604843732,781.8659870617576,1431.996459181681
8977,MADS155,e,15,ADS,41.721748963499,88.77515441849937,554.0296673300182,2030.9068901044811
8978,MADS155,a,15,ADS,42.03,129.99999999999545,723.4456510451929,1373.7879908111086
8979,MADS155,a,15,ADS,43.17,129.99999999999545,594.3988452832764,1349.8478635000079
8980,MADS155,æ,15,ADS,44.42139044302807,128.60955697192367,844.5320927857722,1705.1579200683163
8981,MADS155,i,15,ADS,44.90913722009805,100.86277990194503,422.9884958797074,2565.84091057459
8982,MADS155,e,15,ADS,46.58,190.00000000000483,694.6907334445809,2002.4814044803834
8983,MADS155,e,15,ADS,47.84,129.90172297145364,522.0409948150215,1893.9626695680179
8985,MADS155,i,15,ADS,49.31819924182664,74.75802477347315,433.8338392023711,2703.1613903016664
8986,MADS155,a,15,ADS,49.64,133.44481069886172,737.1092389268747,1490.8499846907175
8987,MADS155,i,15,ADS,55.35487997717529,124.98607266814332,448.52271362335995,2591.9079888316714
8988,MADS155,i,15,ADS,57.03,100.00000000000142,393.328107700111,2328.474768324921
8989,MADS155,æ,15,ADS,57.93,90.00000000000341,746.4492208455621,1661.0452232086575
8990,MADS155,a,15,ADS,58.22,109.99999999999943,635.140238605459,1404.5946121414352
8991,MADS155,a,15,ADS,58.83,79.9999999999983,648.470941647518,1359.0124463548009
8992,MADS155,u,15,ADS,60.71,49.99999999999716,438.95967681164836,1366.0198845182174
8993,MADS155,i,15,ADS,60.93657930293145,57.23661271718328,448.2599133971583,1952.7089783965505
8994,MADS155,u,15,ADS,63.67409287442329,126.15416680523595,339.89483493355203,930.1905750496747
8995,MADS155,o,15,ADS,70.2611161369963,96.951813378098,604.4588236376912,1383.5816455242295
8996,MADS155,u,15,ADS,70.7,100.05362845741672,403.6305918443758,789.8221027395107
8997,MADS155,o,15,ADS,73.44755347342672,112.44652657327947,474.8577208484375,1096.137626772975
8998,MADS155,e,15,ADS,74.52,101.81671218401789,692.6682439157781,1620.7117141907856
8999,MADS155,o,15,ADS,75.0142963422447,105.70365775529922,444.2895044884398,1083.579956557511
9000,MADS155,a,15,ADS,76.70101826993574,128.98173006425395,599.5497384499155,1327.8431720492547
9001,MADS155,e,15,ADS,77.53121031048457,78.78968951543186,628.1209737678815,2130.17682315429
9002,MADS155,u,15,ADS,77.86,99.99999999999432,354.10110193532176,885.8412548674296
9003,MADS155,o,15,ADS,79.04,79.9999999999983,455.0050625749553,1421.9890316570704
9004,MADS155,a,15,ADS,79.78,140.00000000000057,672.7568934129633,1474.5430274433415
9005,MADS155,e,15,ADS,80.67,99.99999999999432,625.9859906537873,1781.0333055092412
9006,MADS155,o,15,ADS,81.77609937744366,103.90062255633836,580.929677517032,1304.376877513917
9007,MADS155,æ,18,ADS,1.25,104.05430580457198,978.1184376796313,1720.9823349291082
9008,MADS155,o,18,ADS,1.505100641528463,49.79549529359106,635.9622422071601,1220.817843105573
9009,MADS155,o,18,ADS,1.801211392262175,88.78860773782482,619.4990308617714,1442.4205064797534
9010,MADS155,e,18,ADS,2.408258072099224,75.88025220137907,620.6246306819456,1764.0170506982056
9011,MADS155,o,18,ADS,3.112312586121046,110.17228925392386,567.1815248087293,1301.2536024433423
9012,MADS155,i,18,ADS,3.843050664730587,94.85031525172305,384.3024457002843,2285.16855311149
9013,MADS155,u,18,ADS,5.034753446512983,237.85540593893728,334.110128442856,892.2390849183915
9014,MADS155,u,18,ADS,5.581266209870803,148.84203316424217,311.59266270711186,842.87306110948
9015,MADS155,u,18,ADS,5.93,119.58278735572935,431.00437012204634,944.3791916229455
9016,MADS155,i,18,ADS,6.382232812330605,95.5799330613516,394.0736042146226,2611.68196654203
9017,MADS155,æ,18,ADS,8.867507487358129,141.5458550679549,944.8428312229574,1654.422995346794
9018,MADS155,æ,18,ADS,10.03825849083967,111.74150916033021,917.9526702594214,1521.7117586335276
9019,MADS155,æ,18,ADS,11.83012605071957,121.11655639835917,877.2557904665383,1684.6768289495217
9020,MADS155,u,18,ADS,12.37315157743522,237.85540593894083,422.1430384115064,846.0048006687113
9021,MADS155,e,18,ADS,13.79787358692697,152.7061855670091,649.3771461801039,1909.7554571342635
9022,MADS155,æ,18,ADS,14.03591914509173,141.54585506796025,895.1968575878643,1692.390196193235
9023,MADS155,u,18,ADS,14.56036059770228,80.25795905916056,377.22881964862563,1026.6904500766275
9024,MADS155,æ,18,ADS,19.35,171.9500466399282,840.5944340888917,1557.6926961672536
9025,MADS155,u,18,ADS,20.58388135227259,138.62738382944784,399.76722495594464,732.5349894026087
9026,MADS155,u,18,ADS,21.45999858912415,132.79044135241946,327.44273919463706,790.240244055536
9027,MADS155,e,18,ADS,23.58,145.40705545744004,1034.7789596117864,2146.9212859031595
9028,MADS155,a,18,ADS,24.56573065955632,99.22802210948944,741.7694675491633,1323.2042775550103
9029,MADS155,e,18,ADS,25.62,100.43007122601821,708.1125965300283,1545.5237800270143
9030,MADS155,a,18,ADS,26.28958839548666,103.60572896725984,628.950183601923,1140.529660478114
9031,MADS155,o,18,ADS,27.0146323856642,97.76878649023857,542.7788214480864,1144.1823798971916
9032,MADS155,o,18,ADS,28.48,73.36492568384045,607.0760882812483,1246.7629700003386
9033,MADS155,æ,18,ADS,30.82128217808864,124.03502763686802,831.2637179794496,1744.753875973062
9034,MADS155,i,18,ADS,31.29991146120503,131.82235086858896,443.1869609817897,2662.121951356653
9035,MADS155,i,18,ADS,32.97712238075898,86.09490153618538,431.3143048323399,2797.7303237748533
9036,MADS155,e,18,ADS,36.39742311116179,72.57688883820634,644.7671638693574,2284.78123458672
9037,MADS155,a,18,ADS,36.60559480819712,115.27961392132369,808.7908213411014,1367.8623350084213
9038,MADS155,e,18,ADS,37.30677321106126,72.96178096287065,806.9518625934561,2037.2221534137743
9039,MADS155,a,18,ADS,37.63,133.51395988878778,711.9596662282767,1243.7972696930206
9040,MADS155,a,18,ADS,38.55370573552764,80.25795905913924,776.9891616751594,1270.0117237411337
9041,MADS155,æ,18,ADS,40.05209749561325,131.33120573314727,847.6903390480666,1816.9451530905828
9042,MADS155,i,18,ADS,40.54289180881912,105.06496458653203,426.9904022700159,2630.036009321824
9043,MADS155,e,18,ADS,42.22716192181914,107.98343582504089,586.8765225786334,2035.7148934858385
9044,MADS155,e,18,ADS,43.35413585672291,97.76878649022791,669.3541208628081,2021.7802599067609
9045,MADS155,i,18,ADS,44.32,49.99999999999716,379.6177174261349,2596.911437230075
9046,MADS155,a,18,ADS,45.02336172531017,74.42101658213574,799.6385640244766,1467.0814522224714
9047,MADS155,i,18,ADS,49.52273416052486,140.08661944868805,472.46871462323037,2379.3159231677496
9048,MADS155,i,18,ADS,50.86845999471555,109.44267144429887,405.94553487377993,2535.0632672755114
9049,MADS155,æ,18,ADS,51.83649802715914,123.50197284086306,923.621577763192,1505.5983673815083
9050,MADS155,a,18,ADS,52.17524161559991,107.98343582503378,825.6559079559386,1251.7036319513734
9051,MADS155,a,18,ADS,52.86,90.00000000000341,836.1804969146292,1293.513530477886
9052,MADS155,o,18,ADS,54.11639363033948,58.369424770290834,638.1587344594553,1194.245911072065
9053,MADS155,i,18,ADS,54.35570827189767,44.29172810232984,504.99191194064076,1309.1410945207285
9054,MADS155,u,18,ADS,57.28184594477752,115.27961392133079,345.8254654995571,993.8258388692274
9055,MADS155,o,18,ADS,62.03400828296409,105.06496458653203,549.6420061851082,1110.2921574218649
9056,MADS155,u,18,ADS,62.44259425635613,93.39107963246818,347.4534868034752,786.2206770185854
9057,MADS155,o,18,ADS,65.13571547273716,104.2845272628341,423.50962690739743,996.4719421941921
9058,MADS155,æ,18,ADS,66.2806066600457,166.35482344109676,878.4246228591859,1603.5253516791665
9059,MADS155,o,18,ADS,66.85484686301515,120.38693858873728,581.079326316538,1036.9990590969112
9060,MADS155,a,18,ADS,68.82086157949792,133.520059162052,710.1210300448498,1379.0255880948046
9061,MADS155,e,18,ADS,69.53,90.9377117421144,612.2461243699404,2196.013412463979
9062,MADS155,u,18,ADS,69.85317738605178,71.50254534361977,348.56035031193835,712.2464783229077
9063,MADS155,o,18,ADS,71.08102135514271,73.69139877249609,609.0154948438199,1415.930227669396
9064,MADS155,a,18,ADS,71.8407095991547,102.8761111576415,793.7908584889617,1474.371594608291
9065,MADS155,e,18,ADS,72.59627904501156,127.68311668502008,677.5058118201624,1960.001469834305
9066,MADS155,o,18,ADS,73.57385035189145,89.01337277468713,607.4556463701429,1223.3308218032803
9067,MADS155,æ,6,ADS,2.6,129.9999999999999,1033.2097761972648,1657.3009315741665
9068,MADS155,o,6,ADS,3.152465186073556,132.88919456664817,562.0775546069174,1238.9114191445622
9069,MADS155,e,6,ADS,3.948489546105378,151.5104538946215,643.0277844226432,2113.088005299404
9070,MADS155,o,6,ADS,4.712137441233575,127.8625587664246,600.9448547450426,1235.5797166311277
9071,MADS155,i,6,ADS,5.81,97.37847211739847,420.08553850248154,2625.722073917144
9072,MADS155,u,6,ADS,7.27115220101108,269.5042544015207,314.57243181780433,793.4420528888492
9073,MADS155,u,6,ADS,8.49,220.00000000000063,362.4383386605677,919.7835216192414
9074,MADS155,u,6,ADS,8.89,148.22025202985145,363.01499878761797,942.1008021379319
9075,MADS155,i,6,ADS,9.4,105.08369707906695,404.8922573075978,2371.7063871681157
9076,MADS155,æ,6,ADS,11.97,165.5934689625589,838.2635835709494,1699.776022881483
9077,MADS155,æ,6,ADS,13.38176536258448,142.82483528192103,982.9717883309872,1727.9199497040493
9078,MADS155,æ,6,ADS,14.65,127.45672965314014,869.5135350733174,1613.1944310168174
9079,MADS155,u,6,ADS,15.15012888905454,141.58288019249989,424.68740276044014,1097.4040432940014
9080,MADS155,æ,6,ADS,17.36,160.00000000000014,1005.5180546108301,1583.3568927050385
9081,MADS155,u,6,ADS,17.92,119.99999999999744,420.9430251235447,1427.584436591061
9082,MADS155,æ,6,ADS,23.77482771789476,155.1722821052408,781.201812288113,1662.9187553415668
9083,MADS155,u,6,ADS,25.3,130.71171430837936,457.96542658475914,1066.0337329614867
9084,MADS155,u,6,ADS,26.36,201.49345318350953,379.7281255455476,780.0049853621869
9085,MADS155,e,6,ADS,28.52,120.000000000001,1052.731760147955,2081.852310921137
9086,MADS155,a,6,ADS,29.51,108.72950496073841,503.17902705973574,1388.4243755020666
9087,MADS155,e,6,ADS,30.81859727426964,120.46964367257118,561.840660918787,1709.9562408974664
9088,MADS155,a,6,ADS,31.78,119.99999999999744,794.9456896602198,1364.4827077292634
9089,MADS155,o,6,ADS,32.64,136.77192419952888,568.2366399698712,1228.9134402007187
9090,MADS155,o,6,ADS,34.01,132.33669533462944,542.7053516785577,1228.3283083650613
9091,MADS155,æ,6,ADS,36.93560680836476,154.39319163524345,858.7690920315906,1702.6284378388057
9092,MADS155,i,6,ADS,37.56903601617993,150.9639838200698,324.2641697098971,2611.5432051875005
9093,MADS155,i,6,ADS,39.65072401118562,139.0989700136842,364.1968646127484,2790.7247970365747
9094,MADS155,e,6,ADS,42.77809074733885,84.45294607973608,677.1436694520695,2384.4156961281647
9095,MADS155,a,6,ADS,43.00785243887932,144.0667903713191,784.5630845192326,1372.784762389699
9096,MADS155,e,6,ADS,43.8317274898854,96.87249697381617,438.5963965521736,2266.037680493689
9097,MADS155,a,6,ADS,44.2,149.99999999999858,657.3557368208067,1272.9399327321432
9098,MADS155,a,6,ADS,45.49,149.99999999999858,819.7958943629001,1370.4363028472753
9099,MADS155,æ,6,ADS,47.11537256208447,177.59957778533675,809.1255430220875,1633.5720745212977
9100,MADS155,i,6,ADS,47.67303180537336,121.37051682948652,379.17965537357696,2612.15290835415
9101,MADS155,e,6,ADS,49.44264799100515,141.58288019249454,643.7499815725214,2528.4870643781746
9102,MADS155,e,6,ADS,50.69695377902843,133.04622097156482,633.2806797381436,1867.4101596175515
9103,MADS155,i,6,ADS,51.72,50.00000000000426,420.89747639053655,2159.602676605788
9104,MADS155,i,6,ADS,52.05,88.46440769219299,438.25713060326933,2487.8561833279355
9105,MADS155,a,6,ADS,52.39,129.0731603478079,751.0382383836849,1463.3143512994607
9106,MADS155,i,6,ADS,58.33459657743217,135.40342256782623,426.4500908436161,2839.478163395627
9107,MADS155,i,6,ADS,59.9370765050012,114.25986822553114,415.6262135315995,2681.6082612360246
9108,MADS155,æ,6,ADS,61.01838804551961,131.6119544803911,911.1658807290951,1550.2870416939045
9109,MADS155,a,6,ADS,61.34750614421272,112.49385578727811,682.8047015096593,1345.1475031907494
9110,MADS155,a,6,ADS,62.33,109.99999999999943,795.4647534048527,1383.0489709703954
9111,MADS155,o,6,ADS,64.17,84.99330917885572,447.87982249039027,1284.8728388643972
9112,MADS155,i,6,ADS,64.44,61.44950403364646,470.3573865302868,1438.527894530584
9113,MADS155,u,6,ADS,67.42899454750507,152.76047599718368,397.1943839066995,1057.4710652252047
9114,MADS155,o,6,ADS,75.76153566469124,118.464335308758,607.3904749874919,1308.210368091223
9115,MADS155,u,6,ADS,76.22,102.89936510361031,343.9992314209253,827.1948917522469
9116,MADS155,o,6,ADS,79.20592062243124,144.0793775687581,569.131886460914,1117.9225363911696
9117,MADS155,æ,6,ADS,80.57328713988016,126.71286011983796,843.1319044603271,1569.9937682765735
9118,MADS155,o,6,ADS,81.13961866065017,182.56739814296452,522.2455981614844,1243.083815117137
9119,MADS155,a,6,ADS,83.32,140.00000000000057,796.8289005001687,1413.5493470951815
9120,MADS155,e,6,ADS,84.14,109.99999999999943,592.907258546522,2178.8446600286875
9121,MADS155,u,6,ADS,84.52,107.50415873651775,375.07785836346903,894.7630753744611
9122,MADS155,o,6,ADS,85.7,79.9999999999983,736.7188312054564,1422.7191683337428
9123,MADS155,a,6,ADS,86.50465346221186,168.90589215947216,700.2461964694966,1402.7462975548444
9125,MADS155,o,6,ADS,88.86068045526382,126.67941911961123,536.9858656194784,1243.4575254065726
9127,MADS156,o,15,ADS,3.971054457672445,113.57855531385974,632.219074163978,1227.1717078074848
9128,MADS156,e,15,ADS,4.96,79.87767608950324,629.9218843882278,1776.7941282444265
9129,MADS156,o,15,ADS,5.657309609561462,112.69039043853724,627.5759923466924,1248.5799232950417
9130,MADS156,i,15,ADS,6.9,139.9999999999997,393.10301208391246,2375.778363277497
9132,MADS156,u,15,ADS,9.16,80.00000000000007,418.3022616968051,835.0429261586976
9133,MADS156,u,15,ADS,9.45,180.55838364384158,424.93835577990734,862.3232783143172
9134,MADS156,i,15,ADS,10.04,60.0000000000005,377.10715951817025,2172.5717312891757
9135,MADS156,æ,15,ADS,13.13735553783346,122.64446216653901,916.3087420230241,1610.5394860364797
9136,MADS156,æ,15,ADS,14.45,130.04621603506018,933.1359172897521,1527.4005588615767
9137,MADS156,æ,15,ADS,16.11,89.99999999999986,842.1606107868819,1637.7145999917961
9139,MADS156,e,15,ADS,20.45,120.000000000001,635.0643351948182,2050.1574970596535
9140,MADS156,æ,15,ADS,20.67115336740894,138.84663259105778,923.9251967166814,1649.4204643999915
9141,MADS156,u,15,ADS,21.15894270263682,93.70230813393832,400.9564643606207,869.990057997129
9143,MADS156,u,15,ADS,28.09,128.80048105940034,408.55277223037285,749.065903500209
9144,MADS156,u,15,ADS,28.95,129.999999999999,451.34503639585574,726.1376582010371
9145,MADS156,e,15,ADS,31.70470876758447,85.29123241552838,831.6735151477121,1618.8522113115703
9148,MADS156,a,15,ADS,35.01,93.98703747913117,785.5602779145227,1296.7319165261044
9149,MADS156,o,15,ADS,35.65,97.1271270876386,542.0361809623638,1219.2691498147822
9151,MADS156,æ,15,ADS,41.7580364778504,101.96352214959603,761.9252597665352,1588.3319072117847
9152,MADS156,i,15,ADS,42.19844601775465,101.55398224534906,413.5679951022986,2374.3553317059623
9153,MADS156,i,15,ADS,43.85587125500845,74.12874499154753,357.7303132814833,2212.5613765214052
9154,MADS156,e,15,ADS,47.16488216325518,75.11783674482331,652.864264125805,1893.7829534898412
9157,MADS156,a,15,ADS,48.7,89.9999999999963,994.6671215884484,1498.6220492869988
9160,MADS156,i,15,ADS,52.19189557685122,88.10442314877776,402.3160624643124,2218.245563524675
9161,MADS156,e,15,ADS,53.83099907132956,82.80773685947906,649.386552012897,1753.4662441384687
9162,MADS156,e,15,ADS,54.73,82.21800585402406,630.6695696078684,2142.2379165328675
9163,MADS156,i,15,ADS,56.2,70.00000000000028,381.37609499430505,2248.930708233208
9164,MADS156,i,15,ADS,56.50244315301864,47.55684698135809,419.90193639635606,1971.896597184523
9165,MADS156,a,15,ADS,56.77,103.43567109126894,777.7039310038673,1337.574616645492
9166,MADS156,i,15,ADS,64.17979227400288,106.26992896965248,340.8965481595471,2417.0431148615176
9167,MADS156,i,15,ADS,65.65885769217584,91.14230782415689,352.4589802577498,2300.539089876351
9168,MADS156,æ,15,ADS,67.16214956973357,75.9070921211702,759.2416504606978,1636.6897160111546
9170,MADS156,a,15,ADS,68.22,84.81308314112823,716.7537490737126,1272.7684225530627
9172,MADS156,i,15,ADS,70.31,39.99999999999204,486.0100113465875,1740.2977780015385
9173,MADS156,u,15,ADS,73.72434623228484,96.60902633603996,391.12628731896945,948.3364896918242
9174,MADS156,o,15,ADS,84.41817167187257,133.8725079228027,585.2600043369479,1122.7922582557678
9175,MADS156,u,15,ADS,84.89,48.541301125226255,455.503373637861,901.4078114514642
9176,MADS156,o,15,ADS,87.88,109.99999999999943,545.1877032145946,1013.3948481340424
9177,MADS156,æ,15,ADS,89.55,109.99999999999943,820.0746781209458,1567.7498353607648
9178,MADS156,o,15,ADS,89.84,99.99999999999432,744.0688944147894,1201.891345152365
9179,MADS156,a,15,ADS,92.38,109.99999999999943,690.3565566624843,1265.2533440324842
9180,MADS156,e,15,ADS,94.04,99.99999999999432,700.9359480498968,1754.797227530618
9181,MADS156,u,15,ADS,94.38026246599166,109.03018686497035,406.38432423409745,866.3477535086661
9182,MADS156,o,15,ADS,95.76104605204075,68.95394795924403,624.0561676881574,1303.3065029152317
9183,MADS156,a,15,ADS,96.46749729401,112.50270598999634,716.0366021695216,1305.7172170761748
9185,MADS156,o,15,ADS,98.4306689223406,103.50967107433462,576.3828952652431,1153.987071609387
9186,MADS156,æ,6,ADS,2.0,99.2336217990628,1003.5641936072609,1582.3875524866964
9187,MADS156,o,6,ADS,2.389549294726572,130.45070527342784,610.7311079222333,1248.3100198055051
9188,MADS156,e,6,ADS,3.19,149.99999999999991,656.7201763141775,1970.5842199761223
9189,MADS156,o,6,ADS,3.965712426921005,114.28757307899495,678.8986639351606,1261.9296492662706
9190,MADS156,i,6,ADS,4.99,89.99999999999986,407.1159846363346,2243.954595883176
9191,MADS156,u,6,ADS,7.07,120.00000000000011,390.66976089163114,709.2210759320496
9192,MADS156,u,6,ADS,7.32,219.99999999999974,470.7951301571289,810.5226474107527
9193,MADS156,i,6,ADS,7.94,79.99999999999918,317.4059701147671,2367.6166714856154
9196,MADS156,u,6,ADS,14.31,146.003582478329,470.77094238548216,845.4414043995951
9197,MADS156,e,6,ADS,16.65268384128206,97.09851726956131,763.2594086972722,1756.1728383137333
9198,MADS156,æ,6,ADS,16.78315997386304,176.84002613696137,1071.9708451644553,1664.037185252463
9199,MADS156,u,6,ADS,17.48476580339427,116.82165358995888,427.58701948854514,953.6516718335719
9200,MADS156,æ,6,ADS,22.76,131.73796918631808,933.4845073996233,1626.0174728304755
9201,MADS156,u,6,ADS,23.85,140.0051614964184,383.6304438879283,704.4988404426106
9203,MADS156,e,6,ADS,27.12,99.99999999999787,617.954567304258,1579.9886891694134
9204,MADS156,a,6,ADS,27.86,104.93954591170152,873.3769154917534,1464.4339588917032
9206,MADS156,a,6,ADS,29.93,109.99999999999943,911.2502024179523,1334.5985353616938
9207,MADS156,o,6,ADS,30.6,103.92894339862835,556.0172695986307,1192.3126840739078
9208,MADS156,o,6,ADS,32.57,94.84575979033849,601.8024780303095,1187.4322278116392
9209,MADS156,æ,6,ADS,36.45,149.2682399013887,935.649908902608,1590.2704960626672
9210,MADS156,i,6,ADS,37.0,122.23283784138772,509.9060282700151,2502.392584141181
9211,MADS156,i,6,ADS,38.70249562707104,80.40970961387472,390.7478781443889,2116.354493099703
9212,MADS156,e,6,ADS,41.86,82.90088133619378,756.4547612289654,1958.203988434638
9213,MADS156,a,6,ADS,42.12,99.0247898215344,825.5569386139194,1285.3634042073259
9214,MADS156,e,6,ADS,43.15,108.27122937766376,712.2420464732505,1777.2481877891441
9215,MADS156,a,6,ADS,43.46,119.99999999999744,883.6015322689894,1409.9117585163633
9216,MADS156,a,6,ADS,44.43,100.00000000000142,1045.5754443485835,1399.118474757363
9217,MADS156,æ,6,ADS,46.55,120.57036788947073,862.2677785950456,1554.4020202719048
9218,MADS156,i,6,ADS,46.97,100.00000000000142,401.8652304497005,2263.182092255157
9219,MADS156,e,6,ADS,48.6,115.46403839140851,692.4083929032943,1837.2429649920139
9220,MADS156,e,6,ADS,49.51,100.0498325675494,623.8428048282036,1792.3240009679544
9221,MADS156,i,6,ADS,50.66,50.00000000000426,353.17664159812455,2485.3908644980843
9222,MADS156,i,6,ADS,50.94,50.20115018326976,413.4818635814265,2028.6441415445875
9223,MADS156,a,6,ADS,51.21,100.00000000000142,904.3587018511636,1354.5607898655278
9224,MADS156,i,6,ADS,57.66,129.38622913434017,479.20719558800636,2262.67480788743
9226,MADS156,æ,6,ADS,60.19399093856001,116.82165358994467,902.7601128994572,1573.4663441650107
9228,MADS156,a,6,ADS,61.32,109.99999999999943,730.3539904838926,1197.6893152366627
9229,MADS156,o,6,ADS,63.07293805019914,137.0619498008594,571.8153367832006,1080.5907540503454
9231,MADS156,o,6,ADS,74.3785922816678,144.13061157202378,521.9078951421338,1104.8268101695512
9232,MADS156,u,6,ADS,74.84,85.14725486264751,499.6918615981813,984.7989078535617
9233,MADS156,o,6,ADS,78.0,129.99999999999545,619.5661876873635,1058.1217941417
9234,MADS156,æ,6,ADS,79.67853003392665,131.46996607335382,924.6189543237629,1723.4176192478737
9235,MADS156,o,6,ADS,80.18,89.9999999999892,692.8087537718629,1275.800656153543
9236,MADS156,a,6,ADS,81.92,120.00000000000455,909.753306359255,1276.3785577655626
9237,MADS156,e,6,ADS,82.91,109.99999999999943,627.7029871736245,1794.115637058263
9238,MADS156,u,6,ADS,83.30216932932592,100.13284593424032,371.5799213191142,782.1279826855675
9239,MADS156,o,6,ADS,84.48,89.9999999999892,636.193716339654,1255.0103160526817
9240,MADS156,a,6,ADS,85.17,120.00000000000455,824.5562270762101,1400.7599735101692
9242,MADS157,æ,15,ADS,2.25,86.74599180045695,1038.7141955105908,1671.4573346208044
9243,MADS157,o,15,ADS,2.702563799428697,116.59105564759598,575.9871439119573,1348.436229554775
9244,MADS157,e,15,ADS,3.74,98.5993008444388,670.0457399998637,2004.2810605229054
9245,MADS157,o,15,ADS,4.402805647068496,107.19435293150337,547.0614591118351,1212.9536621296945
9246,MADS157,i,15,ADS,5.87,89.99999999999986,413.6478344472159,2457.2127758718025
9247,MADS157,u,15,ADS,8.54,40.000000000000924,420.3164322565023,943.979688723937
9248,MADS157,u,15,ADS,8.713992272387307,146.00772761269275,379.51056597558386,830.9024509466257
9249,MADS157,i,15,ADS,9.4,60.0000000000005,447.1635173645427,2269.836968727155
9251,MADS157,æ,15,ADS,15.31650711230778,103.49288769221943,875.2169496803547,1558.6887110138346
9252,MADS157,æ,15,ADS,16.74132602302987,108.67397697013104,828.121801305223,1641.9751975793508
9253,MADS157,u,15,ADS,17.5,52.39310485879045,468.2020102545167,1817.9225035951342
9254,MADS157,e,15,ADS,20.22065130924785,58.76463224833017,828.3881477382516,1775.2208900243522
9255,MADS157,æ,15,ADS,20.35613737245075,133.8626275492487,953.3161445881274,1680.252060484553
9257,MADS157,u,15,ADS,30.59,107.88939522241137,329.32186292978975,805.9388988840061
9258,MADS157,u,15,ADS,31.66662359047239,123.37640952760864,403.60569011988514,663.8746916551273
9259,MADS157,e,15,ADS,34.9172906188763,102.70938112370231,711.3551917610315,1766.9233911137112
9260,MADS157,a,15,ADS,35.93,112.08863522565338,628.5294539377694,1292.8842733009437
9261,MADS157,a,15,ADS,40.02,119.99999999999744,687.2962263148604,1158.1558008677737
9262,MADS157,o,15,ADS,41.41,84.33925797675101,577.8004151239963,1203.1583087664246
9263,MADS157,o,15,ADS,44.21,100.00000000000142,525.084859514468,1023.6861295705257
9264,MADS157,æ,15,ADS,47.90360826454058,135.9907079618594,909.0257862521471,1537.2990438568509
9265,MADS157,i,15,ADS,48.81368545731765,97.95134909140302,339.8556730397661,2623.5158754984614
9266,MADS157,i,15,ADS,50.96737353124214,62.6264687578626,355.35274452513875,2421.862249655731
9267,MADS157,e,15,ADS,55.45904236098235,69.4218299385696,780.8403283047865,1929.7366886545315
9268,MADS157,a,15,ADS,55.71866098527318,101.33901472681828,721.5772881440519,1200.5971263847919
9269,MADS157,e,15,ADS,57.11149703508948,131.9311710885387,752.5238215227699,2080.4226705018473
9270,MADS157,a,15,ADS,57.55554290191906,143.40344683537154,916.1624178656273,1758.9651134131468
9271,MADS157,i,15,ADS,77.19,83.99071813339276,356.53312049230203,2602.143750655558
9272,MADS157,e,15,ADS,81.33,92.7643809768739,701.0764965259718,1789.958167334078
9273,MADS157,a,15,ADS,81.56,97.64447863176429,682.1189775739083,1114.611065060644
9274,MADS157,e,15,ADS,82.48870157643296,89.21802158984349,685.6128554290979,1508.3272483450178
9275,MADS157,a,15,ADS,82.76,82.08765845948562,779.808422715776,1281.73189937817
9276,MADS157,a,15,ADS,84.15034360294256,98.32190134390828,712.6988044784082,1178.3896758780975
9277,MADS157,æ,15,ADS,87.00459940362101,115.40059637898992,905.2463577268152,1638.7623434824304
9278,MADS157,i,15,ADS,87.99,120.00000000000455,341.2511715661377,2661.0874831757883
9279,MADS157,e,15,ADS,89.52,100.00000000000853,679.5269864068875,2035.3416075721839
9280,MADS157,e,15,ADS,91.34,60.000000000002274,701.4571949168367,1858.3464030220453
9281,MADS157,i,15,ADS,93.51,39.99999999999204,362.54102121234104,2239.887414306689
9282,MADS157,i,15,ADS,93.78283977351836,57.160226481641985,386.7889560041703,2436.3101648439497
9283,MADS157,a,15,ADS,94.08,116.7781046282812,705.9946376705693,1157.6526828678882
9284,MADS157,i,15,ADS,101.9975811878638,102.41881213619308,313.57232282058584,2589.5035887359054
9285,MADS157,i,15,ADS,104.15,99.99999999999432,360.69286917741573,2538.2773416950736
9286,MADS157,æ,15,ADS,107.03,140.00000000000057,920.0415239917256,1612.281581681779
9287,MADS157,a,15,ADS,107.51,67.48413563440181,676.4797213933931,1299.485425600512
9288,MADS157,a,15,ADS,108.67,79.9999999999983,608.8875419033134,1201.5070485463868
9289,MADS157,o,15,ADS,110.747203744171,49.149284990292585,485.4391823490069,1360.014685166908
9290,MADS157,u,15,ADS,114.5292650912338,90.73490876620838,374.18209002052953,1033.2775970341324
9291,MADS157,o,15,ADS,125.8006145331039,129.3854668961103,552.8392176982022,1117.4954750825184
9292,MADS157,u,15,ADS,126.6,80.0000000000125,491.4330747541078,1393.2847694634577
9293,MADS157,o,15,ADS,131.43,99.99999999999432,581.7366220087646,1016.4492567342287
9294,MADS157,æ,15,ADS,133.3026923397326,72.43052524870564,833.2594919398927,1446.7963804063488
9295,MADS157,o,15,ADS,133.67,100.00000000002274,527.107211033518,1099.9745396634298
9296,MADS157,a,15,ADS,136.43,180.00000000000682,625.7362699715463,1165.63888584202
9297,MADS157,e,15,ADS,137.5,60.000000000002274,621.7618774521599,1790.182688145019
9298,MADS157,u,15,ADS,137.78,72.65306755340362,392.00535459748124,869.6123294589526
9299,MADS157,o,15,ADS,139.8101072041236,81.91547498370255,632.6672015141818,1138.5237235519178
9300,MADS157,a,15,ADS,140.41,120.00000000000455,645.0957047104586,1133.4727911496352
9301,MADS157,e,15,ADS,141.32,99.99999999999432,743.674207483035,1837.6037040551805
9303,MADS157,e,18,ADS,1.911674821652866,140.08661944869894,667.6139625903038,1312.9533636960448
9304,MADS157,o,18,ADS,2.537490789720918,51.07324667400404,578.7926681231858,1187.60256011883
9305,MADS157,e,18,ADS,3.634206765565574,115.79323443442613,724.7661348461122,2066.652348713192
9306,MADS157,o,18,ADS,4.400109353082324,86.09490153617915,576.840376336135,1049.6910482155997
9307,MADS157,i,18,ADS,5.833221499246658,126.77850075334175,559.6840840294169,2558.05656248502
9308,MADS157,u,18,ADS,8.137856626783023,72.14337321697784,440.45263355081295,656.5922950812836
9309,MADS157,u,18,ADS,9.554446472028534,72.96178096286354,461.761644881273,847.2753659759721
9310,MADS157,u,18,ADS,9.784423598332612,165.57640166738707,395.5043913570136,784.7993625781121
9311,MADS157,i,18,ADS,10.34826441266311,91.73558733689013,554.5437916217002,2225.358129849721
9312,MADS157,æ,18,ADS,15.95000150498946,137.16814821018096,765.184064478835,1269.6350393290334
9313,MADS157,æ,18,ADS,17.36653761686495,104.33534677689948,785.2155684372209,1633.7589432072114
9315,MADS157,e,18,ADS,22.33412904808987,75.87095191012949,723.9530838746979,1972.6933706575514
9316,MADS157,æ,18,ADS,22.46,109.99999999999943,891.2866874478616,1656.8220355246601
9317,MADS157,u,18,ADS,23.18884889578801,141.15110421198906,399.3397601800973,981.5411756393145
9318,MADS157,æ,18,ADS,31.86,105.5667073609392,819.6681932841695,1565.2223734261113
9319,MADS157,u,18,ADS,33.13161437348118,128.41273449464552,422.09851094873596,797.7035332804563
9320,MADS157,u,18,ADS,34.65950070265296,110.90190706354974,468.3245990007167,1116.179256763674
9321,MADS157,e,18,ADS,37.64621465209292,150.30126878350103,677.2993772799842,2166.0947016225996
9322,MADS157,e,18,ADS,40.48126615342677,78.73384657322902,749.7362369613982,2046.8334063592765
9323,MADS157,a,18,ADS,41.96756426744971,120.38693858872307,603.1222039972962,954.2471758619103
9324,MADS157,o,18,ADS,42.7852783073676,74.72169263240147,522.2308295238242,894.0437203417223
9325,MADS157,o,18,ADS,44.90955890757206,45.96592200660865,546.9683593954517,824.8272525786556
9326,MADS157,æ,18,ADS,48.41588538004268,96.30955087097703,727.5017823595426,1413.5842480446825
9327,MADS157,i,18,ADS,49.04741979826265,80.25795905916056,388.25162134227674,2843.5755720389966
9328,MADS157,i,18,ADS,52.20142377727785,84.63566591692029,377.30721886849886,2688.1304906625005
9329,MADS157,e,18,ADS,55.45647788639248,75.8802522013795,731.6700981111625,2084.9737212348628
9330,MADS157,a,18,ADS,55.7693858704265,99.22802210948589,641.3975794032226,994.1511489287129
9331,MADS157,e,18,ADS,56.57608892139913,87.55413715542915,685.9018001132492,1950.0078240710714
9332,MADS157,a,18,ADS,56.88097110952722,79.02889047277739,697.376635615122,1132.6851092949887
9333,MADS157,a,18,ADS,58.66692559468576,129.8719701138893,674.0704937403505,1172.7390288024721
9334,MADS157,æ,18,ADS,61.05504457155321,82.44681248802976,675.8263672529955,1396.9395450067018
9335,MADS157,i,18,ADS,61.70593504176878,45.23630419695479,413.23156625070993,2529.7166932955097
9336,MADS157,e,18,ADS,63.0753672260085,100.68725772875098,648.6465958846588,2120.95059556875
9337,MADS157,e,18,ADS,64.29440008516809,96.30955087096993,525.4972397709403,1703.6498597800448
9338,MADS157,i,18,ADS,65.87374564995912,41.588215148834706,459.9805511432391,2518.73781547538
9339,MADS157,i,18,ADS,66.19691064340883,56.91018915102575,428.2190405126878,2533.5663032542
9340,MADS157,a,18,ADS,66.50986098752372,75.8802522013724,607.4545744221177,1095.0312624115734
9341,MADS157,i,18,ADS,73.5133741449458,165.62324278568497,488.62445836631787,2839.8499469900453
9342,MADS157,i,18,ADS,76.16642910687017,169.27133183384058,479.2608911516722,2847.129717158631
9343,MADS157,æ,18,ADS,78.14461277913392,126.95349887536622,862.3170024822778,1436.4241092750624
9344,MADS157,a,18,ADS,78.44185908599286,88.14091400714119,725.2110385029764,1177.9716489334755
9345,MADS157,a,18,ADS,79.49005229581766,97.7687864902208,725.2994700982678,1105.0670290861108
9346,MADS157,u,18,ADS,84.80697243379235,133.02756620764455,427.51140836947735,613.6085856528412
9347,MADS157,o,18,ADS,94.83514995580556,110.90190706356395,526.88875150903,820.284770168212
9348,MADS157,u,18,ADS,95.46050380268412,100.68725772876519,439.1305579317475,825.3807363232398
9349,MADS157,o,18,ADS,99.32,170.0000000000017,477.98277679058594,814.9964937209381
9350,MADS157,æ,18,ADS,101.1640158104346,85.98418956539433,743.6299161114815,1180.1351574504617
9351,MADS157,a,18,ADS,104.1007541215945,173.89461125929984,581.7373456752623,958.824052329988
9352,MADS157,e,18,ADS,104.87,69.99999999999318,621.8556757790864,1527.044717900404
9353,MADS157,u,18,ADS,105.1418363674489,75.88025220140082,506.4757048922926,1773.254140232806
9354,MADS157,o,18,ADS,106.6076204626405,91.20222620360607,634.5626142340465,1045.8771730634678
9355,MADS157,a,18,ADS,107.2346367576252,116.73884954051061,574.6946867631443,1045.2041686985087
9356,MADS157,e,18,ADS,107.92,81.5788196525915,650.1411425542669,1965.7087741298333
9357,MADS157,æ,6,ADS,3.26,63.57717394040429,851.0975262810657,1724.7028435274767
9358,MADS157,o,6,ADS,3.624575482513637,125.70380592399077,608.0577377299747,1275.3825891193685
9359,MADS157,e,6,ADS,4.49,69.9999999999994,602.1288976447152,1820.0429892689317
9360,MADS157,o,6,ADS,5.107046708647937,112.95329135206256,566.8630237867417,1098.8802373864226
9361,MADS157,i,6,ADS,6.29,80.00000000000007,461.15672885377376,2742.539252111276
9362,MADS157,u,6,ADS,7.62,205.0868270096746,451.23344462361786,2075.682529227728
9363,MADS157,u,6,ADS,8.59,80.00000000000007,509.4773199707636,1012.1288625585653
9364,MADS157,u,6,ADS,8.81,219.99999999999886,477.9868460574241,895.5952930518195
9365,MADS157,i,6,ADS,9.49,80.00000000000007,449.69908878398036,2178.3604614054448
9366,MADS157,æ,6,ADS,11.86,89.99999999999986,850.3911811296513,1650.529446162438
9367,MADS157,æ,6,ADS,13.38,80.00000000000007,738.5904269966146,1599.608624154297
9368,MADS157,æ,6,ADS,14.80264708105989,117.35291894011013,844.9049202052031,1581.9275101333048
9369,MADS157,u,6,ADS,15.20602628371873,148.55904336472037,289.16994690207224,1537.6515397098578
9370,MADS157,e,6,ADS,17.67,57.24866957979913,642.060332750225,1742.2899647042204
9371,MADS157,æ,6,ADS,17.75,120.000000000001,952.3635964309141,1623.2363258402427
9372,MADS157,u,6,ADS,18.3583082382081,101.69176179190131,359.8352684440981,809.3393433718023
9373,MADS157,u,6,ADS,25.67,119.99999999999744,441.38058464919294,1643.716618661625
9374,MADS157,u,6,ADS,26.46,177.26039077953004,413.8079696953057,1177.4031009765963
9375,MADS157,e,6,ADS,28.75896524078843,111.03475921157013,741.9834695755035,2132.8231465656922
9376,MADS157,a,6,ADS,29.49726445718946,102.73554281054231,701.0217377776249,1297.4312517027606
9377,MADS157,e,6,ADS,30.92,79.9999999999983,767.1257830962836,1756.019277225299
9378,MADS157,a,6,ADS,32.28498157340547,75.2318232423903,613.1380737899024,1338.0514100542282
9379,MADS157,o,6,ADS,32.83,98.02440352019914,633.2545450968139,1242.2844342939256
9380,MADS157,o,6,ADS,34.35,114.3184216971278,583.6344864367069,1256.1084355008522
9381,MADS157,æ,6,ADS,37.05304001966866,171.4142808054504,652.9023120052996,1523.4668810332005
9382,MADS157,i,6,ADS,37.41621111226761,84.75483884269153,415.2346827055575,2609.630375310778
9383,MADS157,i,6,ADS,39.28507909695228,88.56404508281202,292.2708309234196,2731.668971083163
9384,MADS157,e,6,ADS,42.34646023664297,65.70880764208908,853.081603174639,1819.9846398354262
9386,MADS157,e,6,ADS,43.15,69.10498861191883,559.2591773561618,1728.823900519185
9387,MADS157,a,6,ADS,44.98,110.00000000000654,906.0174725605832,1294.7107925517653
9388,MADS157,æ,6,ADS,46.74,68.96103355283145,810.3315389448336,1553.2979355269163
9389,MADS157,i,6,ADS,47.05011405029766,61.899601401968596,428.31476985692314,2246.2053076377497
9390,MADS157,e,6,ADS,48.70781804099607,82.85023572263128,601.9729478810841,1960.5220676158121
9391,MADS157,e,6,ADS,49.61255858586384,87.44141413616546,653.4934095770296,1775.5218408413361
9392,MADS157,i,6,ADS,50.53,49.99999999999716,336.74626615193984,2564.0847703664017
9393,MADS157,i,6,ADS,50.8070905426418,56.18579204178786,423.32253001434657,2446.2778220933587
9394,MADS157,a,6,ADS,51.07325035228793,73.32722012233006,575.1624319482629,1343.2986376475226
9395,MADS157,i,6,ADS,57.11,113.16170251310353,336.24076004162055,2943.1973080156718
9396,MADS157,i,6,ADS,58.92,88.50961005759928,325.8284992856315,2761.2113895797547
9397,MADS157,æ,6,ADS,60.50656185937998,108.56237784344813,830.6523044001631,1630.6000432382118
9398,MADS157,i,6,ADS,60.73,80.0000000000054,395.8992229769362,2644.71524510981
9399,MADS157,a,6,ADS,62.03,70.00000000000028,624.2244154199074,1260.1134947857536
9400,MADS157,o,6,ADS,63.88,50.12628230795002,578.0396325540045,1362.8824727874562
9401,MADS157,u,6,ADS,66.38707678924945,102.92321075054645,359.01044799580154,768.546740785848
9402,MADS157,o,6,ADS,74.27809800866167,107.61007628342156,581.2343624296573,1184.071019460229
9403,MADS157,u,6,ADS,74.63,90.00000000000341,310.7803100308973,679.7985331777846
9404,MADS157,o,6,ADS,78.23,99.99999999999432,628.0493602331371,1208.213719629407
9405,MADS157,æ,6,ADS,79.53462541713554,96.18245756304589,758.9897056745774,1530.0641460474258
9406,MADS157,o,6,ADS,79.92,120.00000000000455,721.0257450458189,1414.0160187506058
9407,MADS157,a,6,ADS,81.97,136.59296830211076,695.8283253169395,1232.6053526752667
9408,MADS157,e,6,ADS,83.04,76.55435917082798,552.3163889046428,1936.251745243402
9409,MADS157,u,6,ADS,83.27,121.1969144888343,405.49766002860247,759.9713228543981
9410,MADS157,o,6,ADS,84.97,99.99999999999432,618.5798322901755,1286.5046015605822
9411,MADS157,a,6,ADS,85.64131276864845,108.56237784345524,601.0274935610034,1166.9282988232922
9412,MADS157,e,6,ADS,86.36,112.14422034451843,706.2578111989794,2007.7781236923195
9414,MADS158,æ,6,ADS,3.497815155817247,87.525156211806,724.7812510256973,1771.8925973783462
9415,MADS158,o,6,ADS,4.015108357445038,104.89164255496242,730.8071112079542,1335.5494497140448
9416,MADS158,e,6,ADS,5.57939235980585,155.10787176775764,621.1978411183272,2054.2331876312774
9417,MADS158,o,6,ADS,6.391729930330975,137.38125785144194,546.8333929417513,1440.6441988061479
9418,MADS158,i,6,ADS,7.32,120.00000000000011,388.2454138999431,2555.5263189899474
9419,MADS158,u,6,ADS,9.116493091882496,204.96397340739315,451.6088744154237,1556.5505562195021
9420,MADS158,u,6,ADS,9.91,179.99999999999972,436.7680659703385,734.3103851919375
9421,MADS158,u,6,ADS,10.27,142.82543187801977,452.8983845629439,1126.6125831388063
9422,MADS158,i,6,ADS,10.82,100.05586658142995,454.452086974247,2374.0448724286475
9423,MADS158,æ,6,ADS,14.41,138.9392397717799,795.0377753282687,1365.5338267916716
9424,MADS158,æ,6,ADS,16.07,120.000000000001,783.1202891537779,1645.0366527557574
9425,MADS158,æ,6,ADS,17.83,116.12506563528058,822.3785680951344,1733.143604568509
9426,MADS158,u,6,ADS,18.44,88.26265034798908,517.943177996048,1066.1894971472102
9427,MADS158,e,6,ADS,20.11860327239359,158.43161187705945,650.0516322548594,1979.8887714080863
9428,MADS158,æ,6,ADS,20.36788378059177,179.4819659026885,939.0809891558985,1463.4791097894963
9429,MADS158,u,6,ADS,21.37980020617867,93.06472306065317,447.9355531931651,1227.2972350311722
9430,MADS158,æ,6,ADS,28.5,142.78869778605952,726.2888517751894,1697.8611081033841
9431,MADS158,u,6,ADS,29.68,149.99999999999858,460.30135827909606,783.4753584342586
9432,MADS158,u,6,ADS,30.9007198870616,208.28771351670738,357.18572264074413,1037.0914944042433
9433,MADS158,æ,6,ADS,33.6450771521146,185.02153275153432,932.8490530106661,1564.8507894406969
9434,MADS158,a,6,ADS,34.86,163.7129030952238,835.3217330461702,1472.988643775329
9435,MADS158,e,6,ADS,36.99894121904415,99.71220327927455,765.8569798563033,1727.863095904971
9437,MADS158,o,6,ADS,39.15,100.00000000000142,615.8241549797423,1326.8317123964534
9439,MADS158,æ,6,ADS,45.02580639899685,100.82011664903945,767.1507129181801,1725.182690653502
9440,MADS158,i,6,ADS,45.5442901359751,128.51795089328988,404.92146351094226,2285.941116204916
9441,MADS158,i,6,ADS,47.75213894858532,115.22299045605422,397.1860271145058,2490.3447033275725
9442,MADS158,e,6,ADS,52.17046363960637,108.57551023742928,682.9233433519169,1806.4707594393751
9443,MADS158,a,6,ADS,52.50684914033952,160.64743861661412,727.8151883037875,1366.7257569606456
9444,MADS158,e,6,ADS,53.9,90.00000000000341,718.2067168207351,1876.8822051954005
9445,MADS158,a,6,ADS,54.21,159.9999999999966,640.4170025960782,1365.464307433127
9446,MADS158,a,6,ADS,55.32,79.9999999999983,929.4646301770017,1357.2325138569347
9447,MADS158,æ,6,ADS,57.78,146.82093507136784,731.8484585503597,1573.0724048210036
9448,MADS158,i,6,ADS,58.29701844907767,121.87047067465784,411.71738339961456,2271.197946480168
9449,MADS158,e,6,ADS,59.93825125961012,151.78413165845228,483.5080686331539,1993.0770514481471
9450,MADS158,e,6,ADS,61.36,139.34437944841704,592.3275231170743,1924.1043570593627
9451,MADS158,i,6,ADS,62.82,51.38475665899733,442.037744780519,2227.4953769470144
9452,MADS158,i,6,ADS,63.09407534398271,70.90645566527343,444.8858517928387,2074.2997256842323
9453,MADS158,a,6,ADS,63.4008344898221,138.4891712211953,834.372474391353,1549.3255386079659
9454,MADS158,i,6,ADS,69.62625037976076,113.74962023923274,365.05938638232703,2397.513833623956
9455,MADS158,i,6,ADS,71.77,109.99999999999943,443.815229700596,2443.780716141853
9456,MADS158,e,6,ADS,73.34760414375776,168.40283220498975,772.7432408950156,1760.9290110276022
9457,MADS158,a,6,ADS,73.80814776842765,84.20141610250198,678.4042057052261,1402.3579395717088
9458,MADS158,o,6,ADS,76.69,49.99999999999716,456.85328284148915,1299.3803413929213
9459,MADS158,i,6,ADS,76.89,60.000000000002274,511.82366314775265,2021.9215687076842
9460,MADS158,u,6,ADS,81.19319169474515,95.28054980019363,455.25756483075804,1285.3165702712345
9461,MADS158,o,6,ADS,89.1461858115357,120.76255730490004,545.0162301651552,1403.9592575702293
9462,MADS158,u,6,ADS,89.69,129.99999999999545,379.24044453300905,1089.256401938409
9463,MADS158,o,6,ADS,93.02,97.13790535306543,717.0702919237688,1181.4403615133983
9464,MADS158,e,6,ADS,95.25,132.96814126199763,822.9693547107184,1776.3191701153532
9465,MADS158,o,6,ADS,95.93,129.99999999999545,570.2309634286494,1334.0775050748764
9466,MADS158,a,6,ADS,98.17,179.9999999999926,876.4412702983975,1322.622551059639
9467,MADS158,e,6,ADS,99.6,100.00000000000853,606.1627421387242,1785.2924240941102
9468,MADS158,u,6,ADS,100.0496809066789,116.33090382589728,435.1413386828532,1124.8621461335456
9469,MADS158,o,6,ADS,101.6,100.00000000000853,616.922576204194,1281.5055982731562
9471,MADS158,e,6,ADS,103.27,90.00000000000341,627.9076859753213,1794.3471979646165
9472,MADS158,o,6,ADS,104.2621689105643,147.831089435698,528.1346359319856,1262.0937862819296
9473,MADS159,æ,15,ADS,3.25,80.00000000000007,1010.091371582315,1601.9465783760018
9474,MADS159,o,15,ADS,3.706724874226308,113.2751257736917,534.8138722149686,1169.5072586504723
9475,MADS159,e,15,ADS,4.838177551565221,103.60167104633966,657.435583762149,1736.3766919820118
9476,MADS159,o,15,ADS,5.549018306461604,90.9816935383958,540.7909448174786,1262.7003995006214
9477,MADS159,i,15,ADS,6.73,79.99999999999918,359.13568758403346,1841.005214597731
9478,MADS159,u,15,ADS,7.92,160.00000000000014,339.97578660771796,767.8563557800255
9479,MADS159,u,15,ADS,9.031220628826595,118.77937117340487,383.79437127645315,945.59255804712
9480,MADS159,u,15,ADS,9.32,131.07102223932367,394.2265284796368,854.586559588432
9481,MADS159,i,15,ADS,9.82,70.00000000000028,431.8748888859746,2254.327880029768
9482,MADS159,æ,15,ADS,12.5,130.0000000000008,862.9079373815487,1601.113319204575
9483,MADS159,æ,15,ADS,14.24,89.99999999999986,865.3503933258618,1444.484756481544
9484,MADS159,æ,15,ADS,15.92148260093147,98.20575067935167,755.8018030687322,1685.6132454341127
9485,MADS159,u,15,ADS,16.61377229689577,123.02698436752735,448.4435096740237,894.181352937614
9486,MADS159,e,15,ADS,19.05,99.99999999999787,632.2973887004504,1944.2959813527468
9487,MADS159,æ,15,ADS,19.22,170.0000000000017,916.1652899632336,1593.167571892997
9488,MADS159,u,15,ADS,19.95232703874355,80.93880550496024,336.02629592773405,794.4171561377441
9489,MADS159,æ,15,ADS,26.21,119.5599698236478,810.105691156786,1726.733422488156
9490,MADS159,u,15,ADS,27.52704780532418,98.20575067934811,439.3815322232786,1118.4013641841682
9491,MADS159,u,15,ADS,28.43,149.99999999999858,389.47050658727176,812.9481875433387
9492,MADS159,e,15,ADS,31.17,119.99999999999744,767.1037533552449,1690.6478125006065
9493,MADS159,a,15,ADS,32.18,120.21374481115288,794.9653480749092,1536.8862630851559
9494,MADS159,e,15,ADS,33.72945291651353,120.54708348647125,769.170147867063,2063.440793349348
9495,MADS159,a,15,ADS,34.86,106.29681574577887,836.0402388078645,1355.9254979102225
9496,MADS159,o,15,ADS,35.6,104.76260275179783,552.1555337371806,1260.0087421307048
9497,MADS159,o,15,ADS,37.53,101.02408963221166,586.9861379118439,1240.2151927884051
9498,MADS159,æ,15,ADS,41.29,120.83187110662408,764.2100917289032,1476.717574379529
9499,MADS159,i,15,ADS,41.76561019167597,104.38980832402933,423.4153065469233,2867.1005662861526
9500,MADS159,i,15,ADS,45.04967639833432,80.32360166568253,346.41931501195785,2714.6381256164987
9501,MADS159,e,15,ADS,49.09298950236806,64.75104440396962,599.0466000158785,2117.5385471652135
9502,MADS159,a,15,ADS,49.33436129090556,118.71024807393127,747.6859890265529,1357.1763819968053
9503,MADS159,e,15,ADS,50.48030100942759,94.96819845913507,591.2435162523021,2301.6405778279577
9504,MADS159,a,15,ADS,50.83,100.00000000000142,731.9923564936519,1269.3718986369154
9505,MADS159,a,15,ADS,52.11,79.9999999999983,418.1117666233229,1199.9180993040834
9506,MADS159,æ,15,ADS,54.09905427202506,100.9457279749455,728.7045671274274,1592.5601782772835
9507,MADS159,i,15,ADS,54.57541494898457,64.58505101542755,447.78074517997527,2774.236453542625
9508,MADS159,e,15,ADS,56.40211488813741,97.8851118625883,688.8365708839256,2273.571582233578
9509,MADS159,e,15,ADS,57.52596548810217,91.73064623894334,643.0644966860888,1918.2048255944098
9510,MADS159,i,15,ADS,58.86,39.99999999999915,374.432232323824,2672.4212575257434
9511,MADS159,i,15,ADS,59.17900899576262,60.9910042373798,443.41760827345007,2757.970939080892
9512,MADS159,a,15,ADS,59.73,112.32123596487043,766.8806342060864,1445.3116007113952
9513,MADS159,i,15,ADS,66.69,109.21938104178253,394.32366660423946,2362.60892446569
9514,MADS159,i,15,ADS,68.63,100.00000000000853,362.8543962032736,1869.769405516685
9515,MADS159,æ,15,ADS,69.88388925266592,96.11074733408032,1068.5268303519833,1857.99230403342
9516,MADS159,a,15,ADS,70.18,79.9999999999983,751.6031521422026,1325.8221313385288
9517,MADS159,a,15,ADS,71.25,60.000000000002274,724.5348892216833,1265.720131976961
9518,MADS159,o,15,ADS,73.24088232808646,59.11767191354045,499.4871744619426,1078.143592458608
9519,MADS159,i,15,ADS,73.49,40.00000000000625,442.66914090141944,1951.7813493995745
9520,MADS159,u,15,ADS,76.65525656804705,71.22614884436018,418.3391228918475,1043.5149583101643
9521,MADS159,o,15,ADS,84.2210228336011,78.97716639890007,523.589192886683,1240.761923714996
9522,MADS159,u,15,ADS,84.53343636233302,76.56363766697893,354.35795263264544,729.7491359171617
9523,MADS159,o,15,ADS,88.0,94.57963627596655,486.16820585131535,947.7043825001032
9524,MADS159,e,15,ADS,89.35447911277973,97.12656660593666,786.0287959777114,1747.5831559545873
9525,MADS159,o,15,ADS,89.91,98.19142168069561,421.00144055950636,1061.0538824105051
9526,MADS159,a,15,ADS,91.92122946010112,111.15595956012214,718.9268305035217,1324.65136835419
9527,MADS159,e,15,ADS,93.13,90.00000000000341,581.6229574510453,1808.0147229951044
9528,MADS159,u,15,ADS,93.47,99.99999999999432,479.4458529137777,1602.1516297063808
9529,MADS159,o,15,ADS,94.88,70.00000000000739,544.0216201758017,1365.5506163960863
9530,MADS159,a,15,ADS,95.57,120.00000000000455,764.3226932453382,1383.5886608944702
9531,MADS159,e,15,ADS,96.47,99.99999999999432,716.6835900672555,1942.7486103202552
9532,MADS159,o,15,ADS,97.91,96.0240283244218,514.5474561670411,1152.4713502499155
9533,MADS159,æ,18,ADS,1.31,52.32873468854105,999.6398070336129,1669.4520360104038
9534,MADS159,o,18,ADS,1.749120111873659,77.59798016584507,629.50816498658,1276.2097486682155
9535,MADS159,e,18,ADS,2.974078405520002,102.08076535186095,660.7525703478159,1864.3185114357364
9536,MADS159,o,18,ADS,3.650077081842278,101.50626120573713,575.5281447999354,1186.8932895980045
9537,MADS159,i,18,ADS,4.851254944908163,73.86331801882574,367.566035344144,2510.9573102905088
9538,MADS159,u,18,ADS,6.1549375,180.02262195881346,398.29998152223936,959.715081769174
9539,MADS159,u,18,ADS,7.325326619605605,94.67338039439532,411.43785638436447,865.8436518599897
9540,MADS159,u,18,ADS,7.650766374760244,149.38648588077098,466.156891302262,917.8700872907759
9541,MADS159,i,18,ADS,8.141565694011701,79.67279246974357,409.40491481510264,2009.4591733521468
9543,MADS159,æ,18,ADS,12.70143857892884,117.0194139399392,917.0785531599279,1504.304538053405
9544,MADS159,æ,18,ADS,14.70221369341102,91.55083902959049,929.7555450214171,1741.6274277484495
9545,MADS159,u,18,ADS,15.194593056645,64.73414388167065,451.19682687829714,774.667965517589
9546,MADS159,e,18,ADS,16.99785308577994,49.79549529359062,777.5596398741623,1521.1859878075838
9547,MADS159,æ,18,ADS,17.14680394862172,139.42738682204947,1091.593760312755,1734.6351708670136
9548,MADS159,u,18,ADS,17.54605463497314,85.48226692066052,392.2602396013737,979.340225656644
9549,MADS159,æ,18,ADS,23.7,154.30254790463138,1032.96661715959,1588.7052529197645
9550,MADS159,u,18,ADS,24.74322659439291,158.5156600179296,381.2364835895552,883.9850305525065
9551,MADS159,u,18,ADS,25.66617657478288,163.49520954728902,355.7501939535212,856.3357366525598
9552,MADS159,e,18,ADS,28.0688370269344,110.38001456746116,742.1813749541749,1808.9784918329733
9553,MADS159,a,18,ADS,28.84791017238489,91.29174137158103,981.0873669838973,1350.033733254847
9554,MADS159,e,18,ADS,30.2351018745364,104.898125463599,930.0307268473427,2072.4401949582416
9555,MADS159,a,18,ADS,31.44560298110297,99.59099058718124,877.964212845776,1378.139286340806
9556,MADS159,o,18,ADS,32.16834845678652,81.65154321348211,527.9367044090853,1175.662856994163
9557,MADS159,o,18,ADS,33.63237376774565,48.1356454504791,661.3901349146196,1294.2860341901226
9558,MADS159,æ,18,ADS,36.97835714123271,117.01941393992854,1015.2501314341104,1586.118704499112
9559,MADS159,i,18,ADS,37.46333507993732,118.67926378304361,318.14550510236654,2318.572511571063
9560,MADS159,i,18,ADS,39.2382586007799,96.27129090093689,295.1227247701584,2169.787848414026
9561,MADS159,e,18,ADS,42.62746677536511,70.54729521514247,555.1468445562176,1316.7236423953846
9562,MADS159,a,18,ADS,42.93623557999305,102.91069027341848,1008.6607479502858,1512.043433509422
9563,MADS159,e,18,ADS,43.86394869910999,78.84286754818248,615.0765575920959,1465.8149026829603
9564,MADS159,a,18,ADS,44.18419249393292,90.46181645002349,802.7393500289718,1247.6854231654374
9566,MADS159,æ,18,ADS,47.54514274045894,115.35956409682058,976.0397916712155,1625.363594056566
9567,MADS159,i,18,ADS,48.06747920672965,66.39399372478749,393.7304425508373,2568.5901270059417
9568,MADS159,e,18,ADS,49.65971005892588,104.57054011654066,573.0076029447121,2019.1086667139564
9569,MADS159,e,18,ADS,50.6680899194144,75.52316786193813,624.3240494439251,2053.424687965787
9570,MADS159,i,18,ADS,52.42887614196024,58.09474450919083,310.0512270979106,2207.665288949735
9571,MADS159,a,18,ADS,52.71861721939187,92.12166629314567,761.5028075310319,1436.651147974503
9572,MADS159,i,18,ADS,57.97,77.24997936467304,401.52518764893136,2839.0292960126967
9573,MADS159,i,18,ADS,59.75719437089304,77.18301770506031,367.9697435252499,2280.410846841946
9574,MADS159,æ,18,ADS,60.76264442131881,77.35557868119258,907.3500304407077,1585.047260081343
9575,MADS159,a,18,ADS,61.06256468549405,105.24460023529514,760.1641964314855,1308.6111159084571
9576,MADS159,a,18,ADS,62.13952989167953,85.1218974114687,775.9580053752878,1240.864941207697
9577,MADS159,i,18,ADS,64.12415341392281,43.98602084266656,403.7114191119899,1804.0898128567578
9578,MADS159,u,18,ADS,67.13843946731699,67.22391864633437,355.2054942797258,910.5992508798709
9579,MADS159,o,18,ADS,74.19526481189297,71.3735432541398,493.1020385362888,1162.1793482924686
9580,MADS159,u,18,ADS,74.51,76.69370028585831,383.8790589039205,942.0106721398346
9581,MADS159,o,18,ADS,77.91120541028123,121.16903854774819,541.8499439105082,976.5066561517895
9582,MADS159,æ,18,ADS,79.26162352435557,69.71369341103184,690.8379189463224,1681.8623923917175
9583,MADS159,o,18,ADS,79.79299384596023,93.78151613626073,584.9332078026035,848.7482822020279
9584,MADS159,a,18,ADS,82.59195661489778,121.99896346929506,778.6724655005312,1317.0686549824886
9585,MADS159,e,18,ADS,83.47092057444502,87.97204168534734,638.110920226839,2045.5565312935123
9586,MADS159,u,18,ADS,83.77638974466015,74.69324294038415,405.445898744403,989.7658313190188
9587,MADS159,o,18,ADS,85.0860609263051,70.54361833257872,426.983219451012,1310.189681756378
9588,MADS159,a,18,ADS,85.85527029150003,139.42738682204947,743.6413356015663,1176.5680108683437
9589,MADS159,e,18,ADS,86.78132356077386,88.67643922614832,721.2720336703235,2011.1964210204771
9590,MADS159,o,18,ADS,88.45717232534122,111.20993948902935,549.9772624680251,1152.9837225984757
9591,MADS159,æ,6,ADS,2.33,109.99999999999987,1012.4520857289131,1561.306036520924
9592,MADS159,o,6,ADS,2.836215602270861,129.97379478083016,599.9709086431102,1138.9431008272481
9593,MADS159,e,6,ADS,4.12,96.83010876712305,574.4410081421377,2138.3470813923363
9594,MADS159,o,6,ADS,4.830712297480408,119.71270571918602,578.882708533555,1067.6221128508337
9595,MADS159,i,6,ADS,6.017801889419736,112.1981105802643,360.1689674827518,2716.8392046364484
9596,MADS159,u,6,ADS,7.364434508166117,195.56549183388228,373.10505178377906,1416.3408987357313
9597,MADS159,u,6,ADS,8.563621946269597,151.63609391096776,322.08742388625717,890.6323648631127
9598,MADS159,u,6,ADS,8.92,300.0000000000007,358.2316212249963,883.3027931085827
9599,MADS159,i,6,ADS,9.74196014091346,85.50907551370557,364.0041506487714,2290.4120826200706
9600,MADS159,æ,6,ADS,12.64,179.99999999999972,969.8561662328352,1858.4797922124706
9601,MADS159,æ,6,ADS,14.46,115.04593724281875,907.0226508297033,1593.6790215597734
9602,MADS159,æ,6,ADS,16.25427792134702,114.01210068494194,920.3912025776549,1627.5319765589177
9603,MADS159,u,6,ADS,16.73041611399301,157.33669894521185,337.8650898061849,868.3021149206893
9604,MADS159,e,6,ADS,19.32692999090144,155.05645693151848,866.2737492574684,2379.363675775201
9605,MADS159,æ,6,ADS,19.55837455529187,176.71875606164988,1136.5367373765946,1851.8698010263504
9606,MADS159,u,6,ADS,20.43861267139086,123.13306873972962,337.1213421661673,763.2848914103663
9607,MADS159,æ,6,ADS,26.92,159.72162017543923,872.0223089569898,1576.3235379519467
9608,MADS159,u,6,ADS,28.45089918997472,144.79536786986813,304.80785297271416,857.7287171146489
9609,MADS159,u,6,ADS,29.5,219.99999999999886,337.71417097762566,942.7194742807253
9610,MADS159,e,6,ADS,32.36,140.00000000000057,815.8814435251554,1548.3549338168214
9611,MADS159,a,6,ADS,33.38,136.64358585323555,772.5195106555332,1256.1771067987206
9612,MADS159,e,6,ADS,34.94,120.00000000000455,841.3973221031429,1565.0095329504613
9613,MADS159,a,6,ADS,36.21,119.99999999999744,837.5732759265103,1275.8655626538612
9614,MADS159,o,6,ADS,37.01,130.00000000000256,488.162973981524,1029.124792648899
9615,MADS159,o,6,ADS,39.09,89.9999999999963,521.4571275321384,1095.2689240176394
9616,MADS159,æ,6,ADS,43.1845152040049,117.43246370548377,967.261075341816,1716.2412602421582
9617,MADS159,i,6,ADS,43.64995991937217,110.5917376643859,367.9001516320285,2486.8865420157913
9618,MADS159,i,6,ADS,45.67501813931106,108.31149565069609,330.18142939724106,2280.640546672987
9619,MADS159,e,6,ADS,49.43,109.99999999999943,832.4544478678799,2275.483754410904
9620,MADS159,a,6,ADS,49.67807364926585,151.6360939109589,806.4275929606404,1232.916780662958
9621,MADS159,e,6,ADS,50.83287028225408,92.34980155480343,615.015620590279,2045.7574622077327
9622,MADS159,a,6,ADS,51.17,129.99999999999545,857.8839381434206,1194.7640532931466
9623,MADS159,a,6,ADS,52.55,109.99999999999943,620.3473185455575,1125.8315329015727
9624,MADS159,æ,6,ADS,54.46750778199863,117.43246370548377,951.7981295349981,1720.4093384480946
9625,MADS159,i,6,ADS,54.91841548419018,96.91028558219017,375.3614806281795,2590.2863587026955
9626,MADS159,e,6,ADS,56.87040063680998,128.8336737739897,702.829600450505,1931.103181168185
9627,MADS159,e,6,ADS,58.28919904101825,120.85282672604336,724.2065521525697,2185.3480604873644
9628,MADS159,i,6,ADS,59.71,63.27999922442018,334.14521889175,2520.677919931687
9629,MADS159,i,6,ADS,60.03897069924332,95.77016457534882,315.4829677186397,2641.713282708635
9630,MADS159,a,6,ADS,60.34,72.4980012728551,761.9362692357248,1346.5257860759095
9631,MADS159,i,6,ADS,68.25,118.07412612164114,415.25577083726597,2275.724993887322
9632,MADS159,i,6,ADS,70.06,118.71568262095877,352.0385852213384,1797.619016276379
9633,MADS159,æ,6,ADS,71.56,133.50599386019724,795.7289323153761,1407.6698013797006
9634,MADS159,a,6,ADS,71.9,134.37076617925925,718.4569970350007,1148.6321183929292
9635,MADS159,a,6,ADS,72.7,99.99999999999432,767.440828722033,1189.8132423528957
9636,MADS159,o,6,ADS,74.65769873946014,60.42641336301813,433.12453941848275,1035.285213477521
9637,MADS159,i,6,ADS,74.91,40.00000000000625,465.54107230293755,1803.3946095172014
9638,MADS159,u,6,ADS,78.36,102.42491498665629,337.3287949307744,875.9864204730839
9639,MADS159,o,6,ADS,88.29555126167367,100.33064860274976,513.9262799920264,1119.018370466359
9640,MADS159,u,6,ADS,88.65,100.2488976450735,362.9893293772405,770.3276614549154
9641,MADS159,o,6,ADS,92.14,90.00000000000341,445.50550496283944,956.3207691550099
9642,MADS159,o,6,ADS,94.11,109.99999999999943,557.9598267999769,1074.711240693235
9643,MADS159,a,6,ADS,96.35,160.0000000000108,814.3097908930389,1180.8585800498197
9644,MADS159,e,6,ADS,97.87,89.9999999999892,673.3762437841166,2132.861861278043
9645,MADS159,o,6,ADS,99.753414741932,76.58525806799332,488.6216197171593,1174.4464173992155
9646,MADS159,a,6,ADS,100.43,129.99999999999545,949.6218801920622,1227.8045307931463
9647,MADS159,e,6,ADS,101.33,90.00000000000341,718.2644967389487,2036.4812498011997
9648,MADS159,o,6,ADS,102.6737654902085,99.1905275959084,486.8246064651865,1162.7891432427195
9649,MADS159,æ,9,ADS,4.48,76.24782092817561,953.0877582552117,1671.7472383568456
9650,MADS159,o,9,ADS,4.888018745486928,111.98125451307206,596.2521164084053,1185.123980610438
9651,MADS159,e,9,ADS,6.19,59.99999999999961,591.8153295053745,2211.7674656870786
9652,MADS159,o,9,ADS,6.87,174.52566653840407,591.1254767156197,1184.3631722697303
9653,MADS159,i,9,ADS,8.7,100.00000000000142,354.82635820369484,2613.6522835518226
9654,MADS159,u,9,ADS,11.25698447151603,173.01552848396895,358.05526864647777,939.5136532884867
9655,MADS159,u,9,ADS,11.63536784002105,194.63215997894957,363.44056994555797,827.3139166960618
9656,MADS159,i,9,ADS,12.30714645053262,79.51534555540896,400.7869438850415,2690.1181816675967
9657,MADS159,æ,9,ADS,15.13,123.2858136474988,834.6587579357383,1901.4311183349582
9658,MADS159,æ,9,ADS,16.91,109.99999999999943,946.3066941537121,1558.5742306812158
9659,MADS159,æ,9,ADS,18.69,129.999999999999,918.0973634681902,1614.7554753123886
9660,MADS159,u,9,ADS,19.17631018662383,152.65465446587,345.2462766087185,835.0543504432429
9661,MADS159,e,9,ADS,23.0,170.0000000000017,584.3061998033265,1607.2763885117465
9662,MADS159,æ,9,ADS,23.25,149.99999999999858,958.6885027642625,1571.044985335788
9663,MADS159,u,9,ADS,24.00838091583775,81.61908416224861,346.66289615343527,879.089849448921
9664,MADS159,æ,9,ADS,30.98,129.999999999999,999.3527157831293,1882.5165181123477
9665,MADS159,u,9,ADS,32.42,149.99999999999858,401.20238949985617,793.3393610331824
9666,MADS159,u,9,ADS,33.42,189.99999999999773,366.59986019504663,1241.5396752472873
9667,MADS159,e,9,ADS,36.32,119.99999999999744,807.7096715642675,2057.480845870818
9668,MADS159,a,9,ADS,37.36387396247778,116.12603752221418,657.3738685733271,1222.0566173112734
9669,MADS159,e,9,ADS,38.96,130.00000000000256,803.0821388219249,1778.105446705027
9670,MADS159,a,9,ADS,40.24,109.99999999999943,802.0946345230052,1254.3608944423904
9671,MADS159,o,9,ADS,40.98,110.00000000000654,460.6584747956934,1009.8150162653487
9672,MADS159,o,9,ADS,42.97,120.00000000000455,484.41317723456154,1309.5855162872417
9673,MADS159,æ,9,ADS,46.75,130.00000000000256,866.3008456352698,1379.7928947370226
9674,MADS159,i,9,ADS,47.27530474307363,94.69525692636438,392.4613658471264,2859.6239396211404
9675,MADS159,i,9,ADS,49.46686798963452,113.13201036547582,383.3148156418433,2829.177144223017
9676,MADS159,e,9,ADS,53.01778189519458,72.21810480542246,755.7771582827046,2299.3046227404525
9677,MADS159,a,9,ADS,53.32,140.66885568197307,754.3395389124928,1543.0637960888691
9678,MADS159,e,9,ADS,54.5,90.00000000000341,641.8597294334945,2099.623114766175
9679,MADS159,a,9,ADS,54.82,100.00000000000142,752.4190963398846,1176.5948373845674
9680,MADS159,a,9,ADS,56.36,79.9999999999983,760.1382802606417,1192.521287980283
9681,MADS159,æ,9,ADS,58.44700783741529,109.30827109901031,989.9320011041025,1659.98675972577
9682,MADS159,i,9,ADS,58.92193342908686,58.06657091313383,412.8966429330972,2762.6518357726877
9683,MADS159,e,9,ADS,60.67,109.99999999999943,686.0133821684185,2138.2087199036123
9684,MADS159,e,9,ADS,61.78,106.42786760347178,684.1212184868943,2198.3704992250046
9685,MADS159,i,9,ADS,63.25,45.519398986030524,411.55137228711123,2475.3833055877863
9686,MADS159,i,9,ADS,63.58009782891622,69.9021710837755,345.0667318036304,2879.607723950225
9687,MADS159,a,9,ADS,63.91,80.0000000000054,696.2526832691924,1215.707910210813
9688,MADS159,i,9,ADS,71.96,123.07527045037148,344.8878657323613,2425.953434495447
9689,MADS159,i,9,ADS,73.91,109.99999999999943,340.08682883448915,2525.5531937733667
9691,MADS159,a,9,ADS,75.75,99.99999999999432,746.5612649589206,1221.2333832725096
9692,MADS159,a,9,ADS,76.73,84.30042545089123,750.2851255511041,1153.937260020166
9693,MADS159,o,9,ADS,78.89,49.99999999999716,317.49339430797556,1098.6111280731416
9694,MADS159,u,9,ADS,82.45,90.00000000000341,401.6879043402883,1011.5754419378203
9695,MADS159,o,9,ADS,92.45123175409422,133.80840082810153,566.9498624548506,1159.5690115721716
9696,MADS159,u,9,ADS,92.88,120.00000000000455,335.895174102866,777.7939677099735
9697,MADS159,o,9,ADS,96.53784884858172,105.53902037143814,423.39222115744934,1021.818269588226
9698,MADS159,æ,9,ADS,98.25024766712843,120.61602328168419,956.4645001898319,1834.6355093817433
9699,MADS159,o,9,ADS,98.78,69.99999999999318,506.4574341957614,1075.7527056329372
9700,MADS159,a,9,ADS,101.03,109.99999999999943,785.2992994908532,1278.2254200292846
9701,MADS159,e,9,ADS,102.17,79.9999999999983,577.1617999366609,2088.206206108409
9703,MADS159,o,9,ADS,104.1,100.00000000000853,481.8993496279324,1181.9703425906905
9704,MADS159,a,9,ADS,104.83,129.99999999999545,777.8866724965335,1149.7073801184392
9705,MADS159,e,9,ADS,105.69,100.00000000000853,708.2852392146806,2148.8401896891837
9706,MADS159,o,9,ADS,106.9344863569969,94.2312681888069,533.1391944621088,1217.7419395021698
9707,MADS160,æ,15,ADS,1.95,79.99999999999984,942.9434020622045,1583.671387221416
9708,MADS160,o,15,ADS,2.28,100.00000000000009,585.9243506785108,1315.0126175085304
9709,MADS160,e,15,ADS,2.92,169.99999999999994,624.2878493518974,1983.4035654612871
9711,MADS160,i,15,ADS,4.12,80.00000000000007,332.67322651019356,2432.6270388851135
9712,MADS160,u,15,ADS,6.19,219.99999999999974,365.05503481498596,821.6374409827104
9713,MADS160,u,15,ADS,6.75,99.99999999999964,285.85590086775295,762.2947147407648
9714,MADS160,u,15,ADS,6.99,139.9999999999997,378.93195257996416,951.7991847650084
9715,MADS160,i,15,ADS,7.41,49.99999999999982,426.68914724167473,2296.6899742896508
9717,MADS160,æ,15,ADS,11.11,60.0000000000005,837.5186702030929,1566.8933915885877
9720,MADS160,e,15,ADS,14.0,89.99999999999986,589.2877848045216,2006.6868225243172
9721,MADS160,æ,15,ADS,14.15,129.999999999999,915.7544337350015,1617.7783205373375
9722,MADS160,u,15,ADS,14.76,89.99999999999986,388.6286708203759,875.6191246859842
9723,MADS160,æ,15,ADS,20.26,89.99999999999986,796.9855623464798,1805.3509482582735
9724,MADS160,u,15,ADS,21.71,89.99999999999986,430.7632101212901,912.1189469384003
9725,MADS160,u,15,ADS,22.55,199.9999999999993,417.36083650794046,847.5793618815699
9726,MADS160,e,15,ADS,24.63,80.00000000000185,684.7104612563886,1892.8409675046169
9727,MADS160,a,15,ADS,25.52,59.99999999999872,719.7391360731579,1389.5779005977702
9728,MADS160,e,15,ADS,26.65,80.00000000000185,661.8618863567673,1773.048344469725
9729,MADS160,a,15,ADS,27.42,69.99999999999673,769.131573795689,1376.596369541578
9730,MADS160,o,15,ADS,28.02,70.00000000000028,498.8308938948753,1279.2167312343718
9731,MADS160,o,15,ADS,29.11,70.00000000000028,440.82547472553495,1128.23532914029
9732,MADS160,æ,15,ADS,31.21,109.99999999999943,921.8314641262828,1610.2950748683563
9733,MADS160,i,15,ADS,32.02,59.99999999999517,328.05037366609656,2438.646752247548
9734,MADS160,i,15,ADS,33.73,70.00000000000028,344.4343398230463,2527.6799012199936
9735,MADS160,a,15,ADS,36.74,89.9999999999963,790.3780193994571,1295.185469587594
9736,MADS160,e,15,ADS,37.35,70.00000000000028,546.7736859752684,1760.6332654223074
9737,MADS160,a,15,ADS,37.67,89.9999999999963,929.2845261089215,1344.172295830093
9738,MADS160,a,15,ADS,38.74,79.9999999999983,890.5076482377983,1402.7912559236745
9739,MADS160,æ,15,ADS,41.83,109.99999999999943,905.7589734813758,1758.6577272124314
9740,MADS160,i,15,ADS,42.38,70.00000000000028,376.94671415549374,2388.502124352175
9741,MADS160,e,15,ADS,43.89,79.9999999999983,570.0829785321705,1893.802009101241
9742,MADS160,e,15,ADS,44.79,60.000000000002274,632.2823927460188,1976.7072465161134
9743,MADS160,a,15,ADS,46.38,70.00000000000028,817.6235386772119,1377.4818286512557
9744,MADS160,i,15,ADS,50.45,279.99999999999403,340.50141789040026,2794.03921325358
9745,MADS160,i,15,ADS,52.39,79.9999999999983,339.2664533242976,2517.6167611668297
9746,MADS160,æ,15,ADS,53.62,70.00000000000028,729.9248497733877,1666.06839027032
9747,MADS160,a,15,ADS,53.85,89.9999999999963,702.3354997723417,1205.113588869806
9748,MADS160,a,15,ADS,54.59,69.99999999999318,661.9539196514506,1192.133468271316
9749,MADS160,o,15,ADS,56.14,119.99999999999744,614.0366997552558,1106.0854102451121
9751,MADS160,o,15,ADS,64.73,129.99999999999545,476.12555070806525,953.9266474274407
9752,MADS160,u,15,ADS,65.17,109.99999999999943,326.8951940876246,762.5036914210268
9753,MADS160,o,15,ADS,67.86,60.000000000002274,526.448197652936,1072.4670218041854
9754,MADS160,æ,15,ADS,69.0,90.00000000000341,721.5121179467415,1563.126851178851
9755,MADS160,a,15,ADS,71.35,100.00000000000853,720.2613078833247,1250.3571929403658
9756,MADS160,e,15,ADS,71.93,69.99999999999318,567.8347951789517,1851.774349668061
9757,MADS160,o,15,ADS,73.43,59.99999999998806,477.2031194763961,1280.4303597392573
9758,MADS160,a,15,ADS,73.97,79.9999999999983,615.4332791113461,1201.137608776063
9759,MADS160,o,15,ADS,75.46,80.0000000000125,453.9535377265461,1122.1250602154844
9760,MADS160,æ,6,ADS,1.52,139.99999999999991,1042.560550230605,1651.338327914813
9761,MADS160,o,6,ADS,1.927595141945638,102.40485805436172,580.5165247574866,1240.207604833897
9762,MADS160,e,6,ADS,2.621979698167852,124.43231093311181,601.7983430947764,2291.5213503752666
9763,MADS160,o,6,ADS,3.237448978674335,82.68199608055404,533.7813043803441,1369.8642889815592
9764,MADS160,i,6,ADS,3.85,100.00000000000009,416.8840575297216,2379.228685925601
9765,MADS160,u,6,ADS,5.15,159.99999999999926,393.3049109778343,1357.392113704309
9766,MADS160,u,6,ADS,5.82,89.99999999999986,298.199766221144,1185.2663845438747
9767,MADS160,u,6,ADS,6.09,165.44518818299548,374.7132462425559,924.8154618922151
9769,MADS160,æ,6,ADS,10.97,80.00000000000007,702.0210529358008,1625.3944717193926
9770,MADS160,æ,6,ADS,12.33761554542025,101.5105694454288,788.2648590803333,1622.7194524037377
9771,MADS160,u,6,ADS,12.84853454844336,181.46545155663853,430.8458882959015,957.4872626133562
9772,MADS160,e,6,ADS,14.47975590094725,72.03975896127979,725.4891667534732,1703.4704699759825
9773,MADS160,æ,6,ADS,14.57,119.99999999999922,870.2669360382529,1674.8366079930115
9774,MADS160,u,6,ADS,15.36504131182766,93.32423319983896,312.6391019605665,707.4521356964146
9776,MADS160,u,6,ADS,22.14,115.09039177560965,410.2422288585163,1004.0373306310403
9778,MADS160,e,6,ADS,25.38635394879894,103.64605120105708,638.7593390239174,1738.0455478313092
9779,MADS160,a,6,ADS,27.35,73.07231983939033,727.5149781472306,1389.5087593297021
9780,MADS160,e,6,ADS,28.84,70.00000000000028,646.5965890655061,1837.6972654346346
9781,MADS160,a,6,ADS,29.69,99.99999999999787,819.6798394632149,1313.165402000466
9782,MADS160,o,6,ADS,30.49,74.69021414310006,517.4608327455719,1304.5359765547594
9783,MADS160,o,6,ADS,31.78,78.27752513771813,538.2350560847747,1355.276081551229
9784,MADS160,æ,6,ADS,34.69,117.93309721187484,726.8246872172349,1837.3597383080705
9785,MADS160,i,6,ADS,35.17295356198156,81.863362456005,345.3652473525877,2536.139818283887
9786,MADS160,i,6,ADS,36.88072442111149,74.49565983495887,342.00678291136563,2537.851051028333
9787,MADS160,e,6,ADS,40.22682697596004,63.173024039961945,587.0157414757748,1982.2087068142419
9788,MADS160,a,6,ADS,40.41741739783334,121.15777643487036,804.3967836194695,1473.8666212249727
9789,MADS160,e,6,ADS,41.11349229468324,75.31429345950613,442.17686333728693,2273.3361511137437
9790,MADS160,a,6,ADS,41.44,109.99999999999943,876.9032222311969,1272.5689955825233
9791,MADS160,a,6,ADS,42.78743380831337,73.6770262103903,695.1877480185274,1278.6667544195432
9793,MADS160,i,6,ADS,44.96065970862758,69.34029137241993,412.20068340412723,2371.8022684095445
9796,MADS160,i,6,ADS,48.45,43.145362982905056,415.7265905039952,1976.8450598086565
9797,MADS160,i,6,ADS,48.73728794367003,49.93665109815737,450.8389454798715,2130.7947606402913
9798,MADS160,a,6,ADS,48.9659070259231,108.05963844191524,612.543768995445,1464.5239956789735
9799,MADS160,i,6,ADS,54.45248212861689,131.80001355414817,358.80957137402964,2788.137105050633
9800,MADS160,i,6,ADS,56.08,90.00000000000341,349.77908009938164,2267.9550117747212
9801,MADS160,æ,6,ADS,57.19,70.00000000000028,747.7104235658122,1718.9133634735665
9802,MADS160,a,6,ADS,57.42,70.00000000000028,847.6847059711762,1321.6169638483227
9803,MADS160,a,6,ADS,58.39,79.9999999999983,737.2493666857034,1309.7990560857374
9804,MADS160,o,6,ADS,60.06,49.99999999999716,500.80083988074267,1321.6444529610696
9805,MADS160,u,6,ADS,63.35,89.9999999999963,446.34009039533294,1172.8946375094706
9806,MADS160,o,6,ADS,71.20114004027589,100.69193582087621,542.6357308115678,1143.0461892834471
9807,MADS160,u,6,ADS,71.57,88.71917799942253,336.1840241910615,903.3258835738015
9808,MADS160,o,6,ADS,74.49,80.23994293651526,500.60590109399527,931.3483421471337
9809,MADS160,æ,6,ADS,76.05798811762801,172.01188237199005,1010.8257391969767,1564.8791533947222
9810,MADS160,o,6,ADS,76.66,60.000000000002274,419.30337872960814,1040.9980723839749
9811,MADS160,a,6,ADS,78.34,60.000000000002274,764.0016800526569,1255.624641208025
9812,MADS160,e,6,ADS,79.31,92.78637095823683,628.9156479836671,2035.8379817677642
9814,MADS160,o,6,ADS,80.54,112.61458620120379,557.2004319844909,1000.7680474973204
9815,MADS160,a,6,ADS,81.22,103.01593336431836,771.5866021371156,1331.8705800821385
9817,MADS160,o,6,ADS,83.01402808089354,110.51553931559965,537.5835750687042,1137.0927629436362
9818,MADS161,e,6,ADS,2.445250764101555,113.03859696552499,655.53128097272,2014.6846991210339
9819,MADS161,o,6,ADS,3.034668340585792,130.77014158756793,476.432988425899,1065.2111284687128
9820,MADS161,e,6,ADS,4.03,89.99999999999986,428.9186006010443,2104.4956676009174
9821,MADS161,o,6,ADS,4.7,111.24531920907188,472.0462485828482,1143.4849361147621
9822,MADS161,i,6,ADS,5.831085595005974,68.91440499402623,399.37190063460406,2511.5895952753094
9823,MADS161,u,6,ADS,7.04,179.33281599515283,297.8692120777231,1437.0343235727814
9824,MADS161,u,6,ADS,7.89883459998507,69.8179569492936,434.73626803110875,1083.8866024599656
9825,MADS161,u,6,ADS,8.175756028534176,82.00839387694892,429.99718526033513,1263.9831765688743
9826,MADS161,i,6,ADS,8.56,139.9999999999988,398.1271057092148,2308.1851337139856
9827,MADS161,æ,6,ADS,11.95,110.27107513476153,855.4196964006168,2063.6501405106615
9828,MADS161,æ,6,ADS,13.33,91.06522501634018,679.7394623653636,1772.4374344770356
9829,MADS161,æ,6,ADS,15.15074997279018,89.25002720982,694.1070463889624,1861.6893416100152
9830,MADS161,u,6,ADS,15.55575165519881,106.1524650509611,454.64772965293946,1449.4695040739732
9831,MADS161,e,6,ADS,18.43977695941482,100.22304058517761,598.0363100843621,2099.339813536165
9832,MADS161,e,6,ADS,18.57,152.00060451945063,748.4802224174747,2014.330225369124
9833,MADS161,u,6,ADS,19.5448448013728,49.5378170237899,418.13304576816046,1272.4569446293049
9834,MADS161,æ,6,ADS,25.49,89.99999999999986,850.7784424567087,2058.954583668744
9835,MADS161,u,6,ADS,26.59476883452274,165.23116547726246,402.1089874885059,1027.8430483986872
9836,MADS161,u,6,ADS,27.85864057654153,181.35942345847056,303.7094093481386,874.0903466011595
9837,MADS161,e,6,ADS,30.26483975265181,115.16024734818942,649.6122165264469,2042.8210189488161
9838,MADS161,a,6,ADS,31.14473019223411,128.16927261708955,829.5175890803741,1187.355777716814
9839,MADS161,e,6,ADS,32.56,129.99999999999545,666.7945276995946,2041.3001057128854
9840,MADS161,a,6,ADS,33.65,124.93409607229466,757.3372119636962,1172.4314574896498
9841,MADS161,o,6,ADS,34.45546895267399,124.53104732600906,430.9617558960397,882.7940851221733
9842,MADS161,o,6,ADS,36.15,130.00000000000256,445.7776753852261,972.2052756155882
9843,MADS161,æ,6,ADS,40.07,140.00000000000057,780.9388016652491,1879.068358311044
9844,MADS161,i,6,ADS,40.5673649552058,112.63504479420305,354.7671023422915,2575.782994895267
9845,MADS161,i,6,ADS,42.61235431076389,102.81513965460931,320.43103456616996,2561.2067976867943
9846,MADS161,e,6,ADS,46.13,87.03233405321953,724.4118718408222,1781.61023202627
9847,MADS161,a,6,ADS,46.35487913461725,135.2461036204886,802.3065258252395,1235.8527412898286
9848,MADS161,e,6,ADS,47.3,85.47080117192962,728.4739382485003,1817.333709675387
9849,MADS161,a,6,ADS,47.60050521491467,129.49478508532763,795.4843407022922,1172.9619049608755
9850,MADS161,a,6,ADS,48.93788834498061,122.11165501939547,862.0840194534602,1243.5521233190557
9851,MADS161,æ,6,ADS,50.57,109.99999999999943,693.337740290387,1893.8131254660138
9852,MADS161,i,6,ADS,51.03554718141378,78.6314555933103,341.75565626256275,2401.863308071508
9853,MADS161,e,6,ADS,52.86596758391517,74.69988281363982,405.72009326789805,2024.2582190711464
9854,MADS161,e,6,ADS,53.95541987558636,73.91356825770856,414.458282931623,2206.060871467089
9855,MADS161,i,6,ADS,55.33,60.000000000002274,377.0282623033071,2561.341501640648
9856,MADS161,i,6,ADS,55.72019203559993,103.79352138316733,383.81838483182844,2615.214685356191
9857,MADS161,a,6,ADS,56.06015554302297,119.51981250182087,781.8282289995188,1229.1232964635906
9858,MADS161,i,6,ADS,62.5324411855666,87.28091570857544,399.92997030049895,2532.425833049477
9859,MADS161,i,6,ADS,64.08816441453385,114.80192516623333,364.517140180716,2431.484931186131
9860,MADS161,e,6,ADS,65.23187463631098,99.07563404756559,613.4689705122014,2000.47027743859
9861,MADS161,a,6,ADS,65.58,120.00000000000455,796.7526837386423,1172.478361670641
9862,MADS161,a,6,ADS,66.42,99.76740970952847,715.9580893851503,1250.7904429897762
9863,MADS161,i,6,ADS,68.54,63.73581907547532,390.62305598119707,2359.0606913472207
9864,MADS161,u,6,ADS,72.4064227293903,133.6734745086119,339.3272428021566,822.2309829122067
9865,MADS161,o,6,ADS,82.13689284382352,163.10715617647986,460.0034200789253,998.293872723809
9866,MADS161,u,6,ADS,82.68,99.99999999999432,419.70644224974524,817.214826530763
9867,MADS161,o,6,ADS,86.03,99.99999999999432,604.283700850186,891.0891944290416
9868,MADS161,e,6,ADS,87.48777651153488,152.22348846512546,649.5774513767191,1881.4802471497949
9869,MADS161,o,6,ADS,88.05,100.00000000000853,626.7785338172637,1622.7392483072063
9870,MADS161,a,6,ADS,90.15,203.73017533690074,689.19541390012,1043.6128802381008
9871,MADS161,e,6,ADS,91.38,160.0000000000108,587.2628182454778,2257.2823407284823
9872,MADS161,u,6,ADS,91.91,109.99999999999943,421.97063140110845,1091.289965922022
9873,MADS161,o,6,ADS,93.49,109.99999999999943,552.1546946864694,959.6289941945328
9874,MADS161,a,6,ADS,94.39,159.9999999999966,657.9027948071678,1138.501492146402
9875,MADS161,e,6,ADS,95.72,180.00000000000682,545.1546415520352,2181.0957072314586
9876,MADS161,o,6,ADS,97.18745157158956,195.7923244273303,434.31957097095176,964.8157173149044
9877,MADS162,æ,6,ADS,3.8,93.44037549600603,751.1320694154001,1817.477981590302
9878,MADS162,o,6,ADS,4.253410381915431,152.571899999713,524.0826246433811,1016.1089500207678
9879,MADS162,e,6,ADS,5.36,93.98849771579253,573.1870946657546,2050.9029740995234
9880,MADS162,o,6,ADS,6.067635391132548,112.36460886745192,506.4414527421354,1279.0457343234718
9881,MADS162,i,6,ADS,7.05,80.00000000000007,371.2550812425311,2120.0404963036344
9882,MADS162,u,6,ADS,8.46,209.9999999999991,439.5732813922657,1466.504706023104
9883,MADS162,u,6,ADS,9.44,100.98807833345802,496.9256987129365,989.4950902613314
9884,MADS162,u,6,ADS,9.64,219.99999999999886,487.2332535086434,825.4964122587126
9885,MADS162,i,6,ADS,10.82137385287505,97.4046593218496,394.0260215704923,2140.7736480186168
9886,MADS162,æ,6,ADS,13.57,129.999999999999,682.5401130434265,1459.4365756042139
9887,MADS162,æ,6,ADS,15.33,80.06077084779939,685.4428586718028,1588.963274542828
9888,MADS162,æ,6,ADS,16.87,85.29090975736864,738.4320902829279,1661.0031153175848
9889,MADS162,u,6,ADS,17.35,113.07269723475954,402.5014336044141,866.5036071351228
9890,MADS162,e,6,ADS,19.75837406533689,101.6259346631081,612.6152653403291,1964.1597782129213
9891,MADS162,æ,6,ADS,19.94250445326581,136.1941254234722,899.8448608614884,1879.2776533632127
9892,MADS162,u,6,ADS,21.3657824551852,104.3005644065893,472.70205610996095,954.7415999361515
9893,MADS162,æ,6,ADS,27.36,150.00000000000213,835.4313836676707,1696.6426878697116
9894,MADS162,u,6,ADS,28.82,149.99999999999858,483.7529438738027,1177.525268365064
9895,MADS162,u,6,ADS,29.98060286923649,169.39713076351026,401.91659449525395,967.1737144062312
9896,MADS162,e,6,ADS,32.76605661701351,153.94338298649046,584.3105731454154,1988.601763465924
9897,MADS162,a,6,ADS,34.02,119.99999999999744,794.9785289337149,1409.5312153173268
9898,MADS162,e,6,ADS,35.35936970850793,120.63029149206983,735.2437707383401,1477.814189398812
9899,MADS162,a,6,ADS,36.74,79.9999999999983,811.3252794621574,1343.8109434757039
9900,MADS162,o,6,ADS,37.34214878604021,107.85121395979047,477.7604161883958,1120.1307605840313
9901,MADS162,o,6,ADS,39.22,103.71459873829991,451.2988192533139,1129.0057547922927
9902,MADS162,æ,6,ADS,45.26751663794675,90.46275631580869,706.0999235869373,1854.9087144062457
9903,MADS162,i,6,ADS,45.85397133767746,104.56084820918932,418.67125010061875,2536.4775974895706
9904,MADS162,i,6,ADS,48.2290921716965,80.90782830350207,378.0469339650546,2230.425248926761
9905,MADS162,e,6,ADS,51.50422899910095,84.58855136023402,637.4866698819174,1826.8312485219362
9906,MADS162,a,6,ADS,51.7279275032283,113.95957613810026,750.5852187815002,1436.6880108674627
9907,MADS162,e,6,ADS,52.68,93.65409225522114,535.7497184203396,1860.1191643356472
9908,MADS162,a,6,ADS,53.03,129.99999999999545,782.9938893936117,1260.415289303837
9909,MADS162,a,6,ADS,54.24,115.98303082713102,797.6744819169438,1302.5750457524985
9910,MADS162,æ,6,ADS,57.52183769750999,140.9809189337352,733.0331732015368,1580.6767310705916
9911,MADS162,i,6,ADS,58.47,100.00000000000142,362.81432072794934,2515.716487774133
9912,MADS162,e,6,ADS,61.84,125.98520816888481,627.4407134726848,1988.192908792442
9913,MADS162,e,6,ADS,62.84338760352423,69.31561847575551,616.8839767900434,1788.2270884217492
9914,MADS162,i,6,ADS,64.03,49.99999999999716,366.27451702069817,2202.9375222237622
9915,MADS162,i,6,ADS,64.341741541877,62.26657252905454,378.3395901616595,1992.48496346834
9916,MADS162,a,6,ADS,64.60746465103342,139.80607794262312,746.0870721291633,1469.6344736170765
9917,MADS162,i,6,ADS,71.40843620421718,113.95957613810026,340.9421527689036,2520.6010231232885
9918,MADS162,i,6,ADS,73.33,74.11371084943141,381.8883173608049,2471.9870526762315
9919,MADS162,æ,6,ADS,74.59,69.99999999999318,712.164332446768,1732.067608048731
9920,MADS162,a,6,ADS,74.87,110.2245639755921,623.1387804853408,1194.709214933426
9921,MADS162,a,6,ADS,75.85,98.56843146229721,616.5883816184453,1241.2991282805956
9922,MADS162,o,6,ADS,77.75005329407051,77.53950541355437,657.7379336115567,1267.4076577885367
9923,MADS162,i,6,ADS,78.07,40.00000000000625,552.8354029922086,1707.50105249948
9924,MADS162,u,6,ADS,81.5611569713309,118.65894010256284,383.3265026541433,950.4620497434104
9925,MADS162,o,6,ADS,89.6355568564579,114.44314354210405,530.5184106327722,1181.2471310439653
9926,MADS162,u,6,ADS,90.11,89.60700332308136,448.7941313610232,1074.1421935152066
9927,MADS162,o,6,ADS,93.38,150.00000000000568,633.6347081087802,1036.8360088245618
9928,MADS162,æ,6,ADS,95.06478762767816,125.21237232184035,766.4226179423449,1600.350695635836
9929,MADS162,o,6,ADS,95.66,90.00000000000341,666.494201436392,1245.2522572537548
9930,MADS162,a,6,ADS,97.74,180.00000000000682,777.8657379156548,1340.3860684351073
9931,MADS162,e,6,ADS,99.16,79.9999999999983,588.4106048760807,1826.9624824395232
9932,MADS162,u,6,ADS,99.49,70.00000000000739,405.8147185442093,925.5992756943317
9933,MADS162,o,6,ADS,100.77,70.00000000000739,515.541749833031,1381.6159178289636
9934,MADS162,a,6,ADS,101.51,132.30839883769363,748.8973239245944,1287.1701471209478
9935,MADS162,e,6,ADS,102.37,103.17392181609364,653.6477826841483,1628.8899984546629
9936,MADS162,o,6,ADS,103.28,110.55122361240421,580.3494096134933,1311.1168069998241
9937,MADS163,æ,12,ADS,1.82,89.99999999999986,1057.0505236286804,1629.953739613982
9938,MADS163,o,12,ADS,2.294611664339715,136.22448120848406,563.0246587462973,989.8417353477495
9939,MADS163,e,12,ADS,3.77,93.10368930052704,659.8715191192715,2057.476150013037
9940,MADS163,o,12,ADS,4.457193787904197,132.80621209580266,640.340200288685,1209.0867637279566
9941,MADS163,i,12,ADS,5.63,80.00000000000007,395.45265361082704,2726.3330050405048
9943,MADS163,u,12,ADS,8.03,130.0000000000008,488.34037819499844,1160.072447644637
9944,MADS163,u,12,ADS,8.36,290.0000000000009,505.78650849000275,1096.1978401599872
9945,MADS163,i,12,ADS,9.063661007812618,96.33899218738229,390.6607243056603,2620.6900418321843
9947,MADS163,æ,12,ADS,14.87,120.000000000001,976.7652218234089,1538.579389644046
9949,MADS163,u,12,ADS,17.29589299378741,162.71257477679768,365.19470138063144,822.6299376681342
9950,MADS163,e,12,ADS,19.83,80.00000000000185,708.4453100439862,1840.6887363736523
9951,MADS163,æ,12,ADS,20.01287004436266,136.22448120847963,1127.2077278526185,1662.6399472112605
9952,MADS163,u,12,ADS,20.46,89.99999999999986,420.6373846795855,835.8423139001538
9954,MADS163,u,12,ADS,29.32,120.000000000001,432.912730820546,1091.8459271659194
9955,MADS163,u,12,ADS,30.66,183.14672217455907,471.2202806101242,969.1539495219215
9956,MADS163,e,12,ADS,33.8,170.0000000000017,788.6548921632102,2195.6726109307206
9958,MADS163,e,12,ADS,37.32,140.00000000000057,734.6004943389041,2079.535429745507
9959,MADS163,a,12,ADS,38.57860614522219,111.39385477780905,846.3792682230173,1308.425136771523
9960,MADS163,o,12,ADS,39.43,100.00000000000142,513.6359878399473,1098.0711138587983
9961,MADS163,o,12,ADS,41.32,100.00000000000142,539.8456734751403,1083.691448877527
9962,MADS163,æ,12,ADS,45.23777782770538,130.5484611581278,799.5302969791344,1710.053981226223
9963,MADS163,i,12,ADS,45.9623754578106,57.624542189401495,427.6619658657325,2540.4286312881663
9964,MADS163,i,12,ADS,48.4569433598359,83.05664016410219,335.9582860845386,1747.403111958679
9965,MADS163,e,12,ADS,53.45,99.99999999999432,704.5250944087034,2461.6999412146697
9966,MADS163,a,12,ADS,53.77,167.67742522810636,1000.4958660460235,1459.9116293261568
9967,MADS163,e,12,ADS,55.03113449929313,98.8655007068715,745.124485390411,2014.8630723438152
9969,MADS163,a,12,ADS,56.73852727730978,126.7644477912313,861.2666515140977,1275.994033951993
9970,MADS163,æ,12,ADS,59.02,109.99999999999943,860.6257232307541,1734.0598654072473
9971,MADS163,i,12,ADS,59.58,79.9999999999983,416.75199071730776,1916.884742524243
9972,MADS163,e,12,ADS,61.46,109.99999999999943,578.4699275719835,1871.5935672911528
9973,MADS163,i,12,ADS,64.8,58.68856453255944,406.9850420532372,2382.307663769779
9974,MADS163,i,12,ADS,65.11,90.00000000000341,369.3206426469209,2074.686959299686
9975,MADS163,a,12,ADS,65.42,120.00000000000455,871.496193667983,1424.4862296405486
9976,MADS163,i,12,ADS,71.73646689781904,123.53310218095714,341.59744223539815,2512.0706834702787
9977,MADS163,i,12,ADS,73.68,103.01210625841861,391.30183115343925,2065.1579489668347
9978,MADS163,æ,12,ADS,75.32342506204635,160.82056809334233,996.7346587135034,1619.714866660976
9979,MADS163,a,12,ADS,75.7,85.07469280843338,784.4373479659331,1312.1725434923433
9980,MADS163,a,12,ADS,77.05,81.8190454133827,802.8123841691116,1312.4404832580144
9981,MADS163,o,12,ADS,78.77124085617531,68.75914382469261,706.006836271905,1255.6285362894464
9982,MADS163,i,12,ADS,79.0588258720599,41.17412794009567,447.9159152451391,1618.1727361391643
9984,MADS163,o,12,ADS,91.88035574444235,109.64425555764024,618.9841751546734,1192.9740680023783
9985,MADS163,u,12,ADS,92.23,140.00000000000057,570.1390000085195,1557.8819510956546
9986,MADS163,o,12,ADS,95.94,100.00000000000853,802.6506123505291,1338.1067490689309
9987,MADS163,æ,12,ADS,97.93690283341802,103.09716658198909,929.0599192259104,1705.6957997777747
9989,MADS163,a,12,ADS,101.12,179.9999999999926,925.7895740212717,1348.1831942034755
9990,MADS163,e,12,ADS,103.08,129.99999999999545,645.1500237705229,2002.8614733516827
9991,MADS163,o,12,ADS,105.5906045943053,149.39540569469045,655.0693684303666,1303.8066747394223
9992,MADS163,a,12,ADS,106.37,119.99999999999034,809.9923356699843,1298.9124109700786
9993,MADS163,o,12,ADS,108.25,109.99999999999943,593.9342830895813,1085.3328172770275
9994,MADS163,æ,15,ADS,2.508770808300134,69.97262536135685,974.1519178212907,1707.05099028078
9996,MADS163,e,15,ADS,3.794106008568218,104.95893804203504,558.5614358863313,2053.33986129203
9997,MADS163,o,15,ADS,4.494534576236831,110.425549398391,546.3598513937684,1005.9686907398261
9998,MADS163,i,15,ADS,5.5,120.00000000000011,449.8019560655063,1887.8175393520214
9999,MADS163,u,15,ADS,6.96,169.99999999999994,390.96420528394503,868.0039055261304
10000,MADS163,u,15,ADS,7.767844399259831,112.15560074016918,334.3531531085889,708.9672643156003
10001,MADS163,u,15,ADS,8.088187824742292,203.35794245644223,384.4857590221953,971.0937926003228
10002,MADS163,æ,15,ADS,13.71,135.21432619443985,966.1782696095975,1533.5294546007642
10004,MADS163,u,15,ADS,16.42586646108104,186.95810838736904,352.72033850824914,722.834788964616
10005,MADS163,e,15,ADS,19.3,82.36542748768017,690.1991654065868,1782.9491324144685
10006,MADS163,æ,15,ADS,19.46436459783302,168.3716297757698,1067.6604175109837,1694.6238916818263
10007,MADS163,u,15,ADS,20.05678608016742,100.58564895695099,396.17190783945773,860.3181323609045
10009,MADS163,u,15,ADS,27.93680211361115,151.9717957066895,568.8895589524268,964.2597505581431
10010,MADS163,u,15,ADS,29.15,100.00000000000142,440.40464388344685,2135.4849139766898
10011,MADS163,e,15,ADS,31.72569640963099,124.30359036900995,699.1396988788846,1900.8282759546548
10013,MADS163,e,15,ADS,34.07737712303369,126.82538346745531,705.189788230725,1879.5981709702983
10014,MADS163,a,15,ADS,35.48870041429528,131.299585704717,888.1957916829126,1269.9910604613192
10015,MADS163,o,15,ADS,36.3,108.8175554074553,535.7265950413293,1096.40889903308
10016,MADS163,o,15,ADS,37.99,86.53873829253911,488.6547575900094,1228.2707166500063
10018,MADS163,i,15,ADS,42.23118736333858,86.37245943043581,454.2822798869999,2534.034483872361
10019,MADS163,i,15,ADS,44.24470283429404,85.2971657059598,429.2014400238853,2848.6412424601504
10020,MADS163,e,15,ADS,48.00235785123527,97.64214876473432,632.0664015890422,1514.9269985852488
10021,MADS163,a,15,ADS,48.35222097804206,97.77902195794042,842.7406668991633,1253.8540603098716
10022,MADS163,e,15,ADS,49.47909707980287,71.06594763263274,713.9461177292703,1882.2433276606687
10023,MADS163,a,15,ADS,49.84,139.99999999999346,682.3733135374471,1347.3350714167232
10024,MADS163,a,15,ADS,51.17,99.24614679461996,780.5552879957033,1219.2528377274468
10025,MADS163,i,15,ADS,53.87122845723642,87.46578170170238,451.993501977383,2563.7332232719855
10026,MADS163,e,15,ADS,55.45797458896543,162.0254110345698,631.3390267727514,2419.302834334529
10027,MADS163,e,15,ADS,56.71313962215055,76.86037784944943,681.3385440337818,2165.209321677728
10028,MADS163,i,15,ADS,57.96039536963956,59.604630360439614,440.7795988967174,2421.880323292131
10029,MADS163,i,15,ADS,58.52015558999979,79.84441000021292,462.02232118049335,2528.921712135387
10030,MADS163,a,15,ADS,58.83,102.54912326008281,838.9095428303553,1468.5944544405631
10031,MADS163,i,15,ADS,65.08261458996886,138.85192845144445,346.7205784458983,2735.6575087079755
10032,MADS163,i,15,ADS,67.16,70.00000000000739,350.94387086581435,2577.064800149489
10033,MADS163,æ,15,ADS,68.58698906566113,133.0109343388699,961.6856328595718,1627.6626632409188
10034,MADS163,a,15,ADS,68.9,65.5588115939878,804.2758806080665,1331.7865582732297
10035,MADS163,a,15,ADS,70.62641903824792,77.6258812602606,805.045452148088,1321.2024854432632
10036,MADS163,o,15,ADS,72.29223381666367,67.76618333633166,569.0428919809283,1253.9603078932016
10037,MADS163,i,15,ADS,72.58,40.00000000000625,513.7293924880308,1720.0476426168839
10038,MADS163,u,15,ADS,76.99,79.9999999999983,446.0976567226281,1074.867062959471
10039,MADS163,o,15,ADS,85.40189372535673,118.10627464326728,537.8496610497873,1087.4812099572287
10040,MADS163,u,15,ADS,85.93,107.56024922311269,431.89681078790113,776.0482633277368
10041,MADS163,o,15,ADS,89.52,120.00000000000455,695.2884383354385,1079.6778813498474
10042,MADS163,æ,15,ADS,91.38933441371962,120.66558628038138,898.718443873806,1652.0592967878347
10043,MADS163,o,15,ADS,91.94,51.38475950448651,869.8404678731849,2028.2164933698027
10044,MADS163,a,15,ADS,94.06126513924724,168.7348607527639,773.4076646439185,1212.1254443387738
10045,MADS163,e,15,ADS,95.77367412909057,126.32587090944014,622.1375537450845,1893.7826936423737
10046,MADS163,o,15,ADS,97.6579907453208,112.00925467919376,565.3599224741831,1064.344304447427
10048,MADS163,o,15,ADS,100.1953494181244,94.65058187561226,506.9664449789362,1016.4830494247105
10049,MADS163,æ,18,ADS,1.68,90.00000000000009,991.2516142538598,1543.6821625843877
10050,MADS163,o,18,ADS,3.804987673688847,119.64659905871677,595.8727513351372,1014.8838089275946
10051,MADS163,i,18,ADS,5.073159457642227,81.33264231286486,442.6611599041661,2513.017991077979
10053,MADS163,u,18,ADS,7.329174137158133,130.82586284186704,378.95277795703345,870.603787787193
10054,MADS163,u,18,ADS,7.703063228372833,166.93677162716725,411.7812184722188,973.5630878303458
10055,MADS163,æ,18,ADS,12.97973253305689,120.26746694311008,955.5606159040166,1610.5052884441407
10056,MADS163,æ,18,ADS,14.59628978036753,109.55008964590007,915.03828020221,1546.891065377984
10057,MADS163,u,18,ADS,15.24,136.657188480509,369.921853493479,786.4733845718434
10058,MADS163,e,18,ADS,18.35475025212913,84.88121871297949,847.4343172836667,1810.0750406990576
10059,MADS163,æ,18,ADS,18.47,228.33916965490175,976.4943669334297,1615.355698390686
10060,MADS163,u,18,ADS,19.36495153518607,73.03339309726198,409.912147108813,797.6826324667986
10061,MADS163,æ,18,ADS,25.61221327319601,97.78672680399225,956.7355345473427,1723.519123569176
10062,MADS163,u,18,ADS,27.16,114.59519273883956,349.24749610977085,752.3486978641123
10063,MADS163,u,18,ADS,28.09557359368013,84.42640631987075,380.9717504912608,1476.9456884558606
10064,MADS163,e,18,ADS,30.58503305692534,104.96694307466115,652.8571375993811,1839.547975065123
10066,MADS163,e,18,ADS,32.91525170887511,114.74829112489005,761.0624418967005,2074.50324467574
10067,MADS163,a,18,ADS,34.48,150.22803675490337,990.3149707540834,1331.5171582703604
10068,MADS163,o,18,ADS,35.57194265463919,88.05734536080934,598.5228412490728,1141.845959257128
10069,MADS163,o,18,ADS,37.08,100.00000000000142,542.8886204456438,1145.3485367207084
10070,MADS163,æ,18,ADS,40.55,127.84447136911581,967.1238696039354,1816.1281551455463
10071,MADS163,i,18,ADS,41.17,95.9256989576005,509.2665488837644,2832.9291989050876
10072,MADS163,i,18,ADS,43.11647590066082,77.59798016586217,372.8366180155433,2117.6558382293456
10073,MADS163,e,18,ADS,46.7338209113061,96.27129090096531,816.894710166466,2225.6523947707847
10074,MADS163,e,18,ADS,48.70508898055752,46.41665032492881,680.7119775586555,1735.2055712016197
10076,MADS163,a,18,ADS,50.43,101.76767004647047,853.7630774455603,1295.4173897521257
10078,MADS163,i,18,ADS,53.11494407636643,75.05592363357039,399.6549183869123,2674.9126766741033
10079,MADS163,e,18,ADS,55.51,180.5690763662824,620.3337418482893,2034.892021338472
10080,MADS163,i,18,ADS,57.89355512522329,71.37354325415401,477.28790818003284,2386.211198295882
10081,MADS163,i,18,ADS,58.28361983835646,66.38016164354354,419.6311218533135,2849.332013927012
10082,MADS163,a,18,ADS,58.58447553647389,99.59099058718834,844.6182276128636,1342.3197019194822
10083,MADS163,i,18,ADS,64.37,139.31949658132226,348.828652154008,2256.20743768393
10084,MADS163,i,18,ADS,66.4788663645777,78.01294262664271,402.5038849738043,2808.6530102242405
10087,MADS163,a,18,ADS,69.55305913127431,95.03743416630073,718.5269898994158,1169.356391995251
10088,MADS163,o,18,ADS,71.28363342531279,66.36657468720841,520.4441212530411,1054.974403775267
10089,MADS163,i,18,ADS,71.61066653126305,72.67302358810923,529.7300314845323,2450.992704505723
10092,MADS163,u,18,ADS,85.14,117.81071408424282,459.33576603165614,931.9837654832504
10093,MADS163,o,18,ADS,89.07,120.00000000000455,556.8042326605853,995.9314036201663
10094,MADS163,æ,18,ADS,91.00913282748142,91.29174137157747,948.5480462401663,1666.5383020677482
10095,MADS163,o,18,ADS,91.5231070358008,106.89296419919003,621.6779056437624,1060.8191146392082
10096,MADS163,a,18,ADS,93.74597360348342,154.0263965165849,914.8448063726324,1383.4638578332726
10097,MADS163,e,18,ADS,95.27,109.99999999999943,612.4051994352899,2238.9074505802114
10098,MADS163,o,18,ADS,98.53730022271232,102.69977728768254,556.0285628982863,1167.7159201766872
10099,MADS163,a,18,ADS,99.25,149.04026361325862,757.3373130733193,1311.9156213295514
10100,MADS163,o,18,ADS,100.9885053297271,112.03986441059044,600.3881586858795,1143.7820806921711
10102,MADS163,o,6,ADS,2.906228979714867,133.77102028513298,583.9382900631917,1020.3898365942991
10103,MADS163,e,6,ADS,3.993214905539417,84.24232395421339,617.4742178932952,1778.443330397171
10104,MADS163,o,6,ADS,4.671190847530377,125.816457853694,521.3273226976881,1049.9487184081545
10105,MADS163,i,6,ADS,6.04,123.72547598233209,363.19615573586424,1739.9799853246998
10107,MADS163,u,6,ADS,8.71,169.99999999999994,374.9378412722708,733.2646363663561
10108,MADS163,u,6,ADS,9.1,220.00000000000063,349.451273973885,875.0231180509713
10109,MADS163,æ,6,ADS,13.6,179.99999999999972,1057.909573250716,1676.52834188722
10110,MADS163,æ,6,ADS,15.09,130.0000000000008,1044.6560832813834,1574.126235859069
10112,MADS163,u,6,ADS,17.4434951480635,144.63567506527752,414.34000660199405,1165.0718516637035
10113,MADS163,e,6,ADS,20.62359685407958,99.55911012770002,750.3257262222658,1976.583386901865
10114,MADS163,æ,6,ADS,20.79460121760807,184.34846215955147,1195.601916895211,1711.63548570094
10115,MADS163,u,6,ADS,21.54752000623364,101.747222438199,356.5409925464797,1041.9216279349587
10117,MADS163,u,6,ADS,31.62881894648996,141.18105351003862,425.2479863045749,733.1793851433298
10118,MADS163,e,6,ADS,35.92577286002751,154.22713997249105,780.087838819072,2239.9206958561845
10120,MADS163,e,6,ADS,38.6,119.99999999999744,638.5979750154154,2584.286396395435
10121,MADS163,a,6,ADS,39.88,119.99999999999744,765.2777406025787,1235.3635423111434
10122,MADS163,o,6,ADS,40.76,120.00000000000455,477.16548975711487,888.5211960914801
10123,MADS163,o,6,ADS,42.96,89.9999999999963,550.0430251459841,937.3899823481989
10124,MADS163,æ,6,ADS,48.49707580913269,142.22730018244079,1014.6558407137721,1653.0199732995225
10125,MADS163,i,6,ADS,49.12373761475988,96.26238524011654,331.7927128098643,2691.1063219004327
10126,MADS163,i,6,ADS,52.39155987249887,98.44012750113507,333.5785369487939,2804.887589768872
10127,MADS163,e,6,ADS,57.44723445874774,118.70509284458564,781.6269754866925,2554.5881296873335
10128,MADS163,a,6,ADS,57.7640532720627,95.94672793730297,720.2154228575919,1253.5285942341095
10129,MADS163,e,6,ADS,59.22987308108124,150.12691891876528,601.6060605711434,2738.9705053285293
10130,MADS163,a,6,ADS,59.62833462196865,161.66537803135128,912.9330501079886,1202.7910794817633
10131,MADS163,a,6,ADS,61.19,104.97908857651339,643.3594704417387,1172.6144512716949
10134,MADS163,e,6,ADS,67.01171289624187,118.2871037581208,616.0244046641621,2114.7192481495117
10136,MADS163,i,6,ADS,69.78,49.08416135214111,425.6206226644712,2689.8392664508133
10137,MADS163,i,6,ADS,70.12269058627177,73.30176240172648,435.18873568795607,2535.63582232298
10138,MADS163,a,6,ADS,70.4465360460299,77.13095894509081,792.4841219091476,1341.2938287597065
10139,MADS163,i,6,ADS,77.6843152952846,139.25253175708008,378.39342892878597,2769.447571501708
10140,MADS163,i,6,ADS,80.08,85.80648292904414,348.8785177797566,2522.0295088511284
10142,MADS163,a,6,ADS,82.79,79.9999999999983,740.2516748825143,1301.564256411383
10143,MADS163,o,6,ADS,84.88,66.23155195774189,498.86976419474433,1063.7287472574365
10144,MADS163,i,6,ADS,85.62637140298996,52.51469545197551,452.05268527413256,2369.4899473218497
10146,MADS163,o,6,ADS,100.6895590732138,114.87589630119999,589.7918519295072,971.2514150386421
10147,MADS163,u,6,ADS,101.11,86.15789853480749,419.925878562458,660.3395111319934
10148,MADS163,o,6,ADS,105.25,109.99999999999943,459.614935570218,1133.7326927345302
10149,MADS163,æ,6,ADS,107.2217931329259,98.2068670740972,981.4127703316806,1636.7179596792005
10150,MADS163,o,6,ADS,107.83,100.00000000000853,700.1385249781637,1606.83637695214
10151,MADS163,a,6,ADS,110.16,150.00000000000568,958.6905838752159,1225.7781788251016
10152,MADS163,e,6,ADS,112.04,149.99999999999147,601.2847068898814,2154.9190647398796
10153,MADS163,u,6,ADS,112.63,131.6989086092093,353.34101871328147,1218.6023036380984
10154,MADS163,o,6,ADS,114.2012178011678,128.782198832198,509.3137172166617,981.7021669411783
10155,MADS163,a,6,ADS,115.34,109.99999999999943,850.1760821099783,1371.8126195889615
10156,MADS163,o,6,ADS,117.5238542074065,79.8660993332021,423.1446764538856,956.2143324894224
10157,MADS164,æ,12,ADS,2.32,110.00000000000031,943.8337878909645,1653.7719423667925
10158,MADS164,o,12,ADS,2.88367236342762,156.32763657238024,853.2213766378604,1397.6300641311143
10159,MADS164,e,12,ADS,3.92,80.00000000000007,623.9568757390804,1657.5533062916907
10160,MADS164,o,12,ADS,4.710505861426276,139.49413857372406,711.5207398621521,1322.7924033120873
10161,MADS164,i,12,ADS,5.77,100.00000000000054,395.7299116470989,2145.956817011679
10162,MADS164,u,12,ADS,7.13,230.00000000000043,452.71663050791875,1308.7717623424571
10163,MADS164,u,12,ADS,7.88,89.99999999999986,457.8023697083238,1152.5020097683703
10164,MADS164,u,12,ADS,8.15,160.00000000000014,412.2782181851668,944.4255551088088
10165,MADS164,i,12,ADS,8.72,139.9999999999988,365.6529981627689,2291.6133343544716
10166,MADS164,æ,12,ADS,11.51,179.99999999999972,837.514247689055,1507.450603997477
10167,MADS164,æ,12,ADS,12.66,179.99999999999972,802.7336778270288,1504.4371227859922
10168,MADS164,æ,12,ADS,14.05,139.9999999999988,911.831700889903,1571.9953511813583
10169,MADS164,u,12,ADS,14.59,109.99999999999943,379.95011954389787,1224.4327864182496
10170,MADS164,e,12,ADS,15.87,132.85384416614045,609.9310001070271,1823.7830505757495
10171,MADS164,æ,12,ADS,16.1204562687428,179.54373125720124,1078.658240092996,1633.6097318845912
10172,MADS164,u,12,ADS,16.74862159784567,111.37840215432959,372.3741214055075,745.8366966714003
10173,MADS164,æ,12,ADS,22.23,169.99999999999815,947.160705403259,1579.4379198891133
10174,MADS164,u,12,ADS,23.41,149.99999999999858,410.19572834104457,812.9841676877887
10175,MADS164,u,12,ADS,24.27,210.00000000000085,533.2845582664557,1534.675245265841
10176,MADS164,e,12,ADS,26.75,140.00000000000057,654.6576569520813,1805.8665322828303
10177,MADS164,a,12,ADS,27.67,119.99999999999744,980.8996324926406,1466.6162879423923
10178,MADS164,e,12,ADS,29.08,120.000000000001,614.1238654262868,1696.1301133714999
10179,MADS164,a,12,ADS,30.28,106.52770495027752,815.8188015537263,1437.7444564941898
10180,MADS164,o,12,ADS,31.03,140.00000000000057,631.4825962396102,1176.5599808583736
10181,MADS164,o,12,ADS,32.45,99.99999999999432,658.4783092363177,1158.9163508233773
10182,MADS164,æ,12,ADS,35.42558729374442,154.41270625557735,912.1749840752324,1558.111036654774
10183,MADS164,i,12,ADS,35.98171094616551,108.28905383449694,350.61044130655836,2197.9211535616014
10184,MADS164,i,12,ADS,37.66489290383983,145.10709616017436,354.0343558832782,2444.770219418857
10185,MADS164,e,12,ADS,41.00531291262143,103.76684521470025,780.1038347610613,1820.0622738790241
10186,MADS164,a,12,ADS,41.26,165.5686357409749,762.779346636705,1229.3739635434495
10187,MADS164,e,12,ADS,42.13642303242034,89.9312658527407,875.4666277723138,1667.5125641263055
10188,MADS164,a,12,ADS,42.45,149.99999999999858,835.2821022614639,1287.9996617256156
10189,MADS164,a,12,ADS,43.58,160.0000000000037,802.9772246649358,1276.2416438912742
10190,MADS164,æ,12,ADS,45.39966672448143,134.89689877912525,799.5065895835423,1533.1384322471058
10191,MADS164,i,12,ADS,45.85559202623563,94.40797376437615,344.68821418160775,2312.814793066853
10192,MADS164,e,12,ADS,47.37496199424788,65.03800575211471,601.4597664406112,1751.4911996694373
10193,MADS164,e,12,ADS,48.61,73.39527447555838,636.091757038401,1643.7647908569113
10194,MADS164,i,12,ADS,50.25,70.00000000000028,365.20635372059695,2137.6984492603574
10195,MADS164,i,12,ADS,50.58394619435419,76.053805645806,409.8341595400022,2033.9425310798445
10196,MADS164,a,12,ADS,50.87,143.3883720581548,724.4525757679903,1261.7583116476012
10197,MADS164,i,12,ADS,56.53,131.696772776408,363.33594075823146,2394.4946847465585
10198,MADS164,i,12,ADS,58.13,89.9999999999963,356.62530625094104,2275.242984274985
10199,MADS164,æ,12,ADS,59.6,149.99999999999858,912.0206446967442,1582.7331278606587
10200,MADS164,a,12,ADS,59.91,90.00000000000341,775.2741552018937,1312.6962102844473
10201,MADS164,a,12,ADS,61.03,70.00000000000028,764.8824633797227,1371.0427228642588
10203,MADS164,i,12,ADS,63.01,39.99999999999915,475.2272433074326,1831.8868609289216
10204,MADS164,u,12,ADS,66.40322032534384,153.9208204018081,486.71809479640183,1110.1057233167664
10205,MADS164,o,12,ADS,74.30099621179093,139.00378820906667,668.8586260753762,1212.871105665407
10206,MADS164,u,12,ADS,74.83,120.00000000000455,377.79923338250524,620.2685610262231
10207,MADS164,o,12,ADS,78.28,129.99999999999545,724.9254786449369,1164.0593535993842
10208,MADS164,æ,12,ADS,79.88,109.99999999999943,799.4944750097353,1501.3108426052033
10209,MADS164,o,12,ADS,80.41,140.00000000000057,507.36751074131627,1024.2323209920494
10210,MADS164,a,12,ADS,82.81,200.00000000000284,875.2148719206057,1359.616935521839
10211,MADS164,e,12,ADS,83.95,109.99999999999943,636.8318229902311,1839.237425143497
10212,MADS164,u,12,ADS,84.35441321970764,124.52021425764315,466.2155288300984,1611.0861383294703
10213,MADS164,o,12,ADS,85.67678948374122,73.21051625878283,712.530876083167,1313.8424385749279
10214,MADS164,a,12,ADS,86.38,180.00000000000682,730.3411842052973,1327.3629421043622
10215,MADS164,e,12,ADS,87.06,149.99999999999147,705.7517111805167,1772.3525255758752
10216,MADS164,o,12,ADS,88.23690649266035,143.09350733964266,648.5274724100752,1181.3800410063786
10217,MADS164,æ,15,ADS,2.6,100.76647693401108,948.9810656515127,1542.581018553066
10218,MADS164,o,15,ADS,3.155930130543389,154.06986945661095,692.568486334856,1372.8997124815553
10219,MADS164,e,15,ADS,4.14,90.00000000000074,624.7032279487605,1768.0721954394603
10220,MADS164,o,15,ADS,4.88055315753451,149.44684246549045,723.6972893585076,1434.6831289888707
10221,MADS164,i,15,ADS,6.02,90.00000000000074,411.22597997052,2205.3510947640043
10222,MADS164,u,15,ADS,7.48,239.99999999999932,432.15780252217627,734.850307271559
10223,MADS164,u,15,ADS,8.423811303261834,116.18869673816512,434.4964055568236,794.8623646094911
10224,MADS164,u,15,ADS,8.73388992882824,176.11007117175959,464.37034644243136,869.6582885846761
10225,MADS164,i,15,ADS,9.29,140.00000000000057,409.37210028613913,2254.8190504536306
10226,MADS164,æ,15,ADS,12.16,199.9999999999993,888.940452915903,1522.6500285269053
10227,MADS164,æ,15,ADS,13.54443501117923,181.10384809106074,887.0647115872005,1453.6522569132344
10228,MADS164,æ,15,ADS,15.06222780598472,112.18822448118893,907.3936636385749,1453.8629805416363
10229,MADS164,u,15,ADS,15.58470439428281,165.07695887946028,477.92046179900154,1293.905669616049
10230,MADS164,e,15,ADS,17.78,119.99999999999744,666.2983982496559,1973.611994149241
10231,MADS164,æ,15,ADS,18.02784163766799,184.3092259333794,975.1747825752994,1698.1092299515174
10232,MADS164,u,15,ADS,18.80988206645473,130.11793354527157,471.5261586529478,764.8704079352234
10233,MADS164,æ,15,ADS,25.15,175.33152226204152,989.7539235073327,1534.584814811143
10234,MADS164,u,15,ADS,27.32,179.99999999999972,399.93874440694503,853.5445750535843
10235,MADS164,u,15,ADS,28.25014166036731,219.8583396326903,490.5643644276882,964.8851867129647
10236,MADS164,e,15,ADS,30.55,160.00000000000014,767.3947116563064,1824.176836186348
10237,MADS164,a,15,ADS,31.70156015110759,148.43984889241213,808.689404389194,1297.8082330831419
10238,MADS164,e,15,ADS,33.1407378274202,129.2621725798,704.1233329500158,1821.7261407371575
10239,MADS164,a,15,ADS,34.33,109.99999999999943,797.5318855374542,1295.459515113958
10240,MADS164,o,15,ADS,35.06,147.31493907206072,688.5802299794126,1199.971495828137
10241,MADS164,o,15,ADS,36.77,110.92519788772393,675.9091185206382,1183.141892700332
10242,MADS164,æ,15,ADS,40.47660888476598,153.39111523402238,875.7587739256862,1515.0345103674351
10243,MADS164,i,15,ADS,41.01671505119683,112.18822448118004,339.08776689042475,2323.944121704556
10244,MADS164,i,15,ADS,42.73466564181842,125.33435818158267,344.54959183822234,2433.797724441689
10245,MADS164,e,15,ADS,45.87809458239434,110.58553556002693,779.3386354441777,1821.2476100925587
10246,MADS164,a,15,ADS,46.15215438791266,139.43393614090382,752.9299424920293,1205.0417927315905
10247,MADS164,e,15,ADS,47.24795360997221,89.75057958496535,810.1449329092859,1711.3747572837694
10248,MADS164,a,15,ADS,47.60054517262736,159.4548273726346,871.986598140483,1279.145672417032
10249,MADS164,a,15,ADS,48.98,150.00000000000568,800.9223367833725,1357.1455492188527
10250,MADS164,æ,15,ADS,50.85,129.99999999999545,841.6579501713384,1490.8974086160033
10251,MADS164,i,15,ADS,51.32443237658161,91.35326850611136,327.96949114722025,2327.904599577639
10252,MADS164,e,15,ADS,53.11590514501412,84.09485498588509,617.3646889374863,1841.9546514753863
10253,MADS164,e,15,ADS,54.37,56.19140520740018,535.31954776459,1550.5654504100307
10254,MADS164,i,15,ADS,55.55434087622538,44.87528979246491,474.27635947468104,2085.322185496252
10255,MADS164,i,15,ADS,55.79794959224167,72.05040775832572,444.30497750327896,1923.8825816979595
10256,MADS164,a,15,ADS,56.07,131.8272003739267,797.5707676828031,1313.503293541943
10257,MADS164,i,15,ADS,62.40231819911191,125.00973585046182,393.02777204833234,2435.2450489198927
10258,MADS164,i,15,ADS,64.34114339031825,102.57209095422581,380.9845209426759,2435.2585038420066
10259,MADS164,æ,15,ADS,66.05912634179946,158.7649329124048,936.2593518809088,1577.5297979145605
10260,MADS164,a,15,ADS,66.43,102.90106223644102,853.888054803629,1327.1771990899374
10261,MADS164,a,15,ADS,67.41,76.33236361628803,709.6036027933897,1354.0001742262134
10262,MADS164,i,15,ADS,69.2,46.80528281465968,522.6416012619952,1739.3740041891006
10263,MADS164,u,15,ADS,72.09090105488329,129.09894511670927,406.5628071795297,914.9618225134404
10264,MADS164,o,15,ADS,81.19136943123611,118.63056876389066,640.8773755883536,1166.492343464907
10265,MADS164,u,15,ADS,81.65,105.44335202534683,374.81926353561175,735.8474156990205
10266,MADS164,o,15,ADS,85.56,140.00000000000057,695.0496154965097,1107.1056724116681
10267,MADS164,e,15,ADS,88.22280547464771,254.52790831987215,846.7011675119003,1495.907743758032
10268,MADS164,o,15,ADS,88.94716170849847,142.83829150153338,751.2766510667273,1201.952697897767
10269,MADS164,a,15,ADS,91.03444586808658,205.55413191341643,771.8583773914689,1227.6738055339297
10270,MADS164,e,15,ADS,92.11,120.00000000000455,677.3990626840115,1796.5736170857042
10271,MADS164,u,15,ADS,92.49,143.8375355874797,448.4048994913669,725.7357624193521
10272,MADS164,o,15,ADS,93.85,50.00000000001137,592.7366814466548,1401.2058130419903
10273,MADS164,a,15,ADS,94.57,180.00000000000682,751.8003625581639,1338.296750250861
10274,MADS164,e,15,ADS,95.52,170.0000000000017,696.1468082506884,1675.0274678064213
10275,MADS164,o,15,ADS,96.74867461592105,131.32538407894856,618.5354618570825,1158.3088647985267
10276,MADS164,æ,18,ADS,2.536615468751298,117.04147523531994,942.8707404528767,1613.391225844595
10277,MADS164,o,18,ADS,3.106279716846322,179.26378305692393,658.1510607047628,1256.9507687411433
10278,MADS164,e,18,ADS,4.634373270745914,122.82888839085615,644.1662752556649,1946.266805982217
10279,MADS164,o,18,ADS,5.397064328567517,138.59746190049282,702.0856389188402,1327.5656012417705
10280,MADS164,i,18,ADS,6.942790810526274,69.71369341102651,379.05767509715287,2297.290287597023
10281,MADS164,u,18,ADS,8.482785978052048,261.4263502913499,527.8173324535603,1103.3295588135506
10282,MADS164,u,18,ADS,9.682662084618626,157.33791538137433,417.33693365149094,657.8568135900175
10283,MADS164,u,18,ADS,10.04646363101038,283.8343231734708,415.9375806372868,826.11527604087
10284,MADS164,i,18,ADS,10.92451425292881,106.23038995965928,373.1189747629384,2286.029379658186
10285,MADS164,æ,18,ADS,14.08748321303642,200.8418310174811,851.9461243229865,1505.3350212449247
10286,MADS164,æ,18,ADS,15.55432389546584,139.42738682204947,820.6304987102454,1479.2607018544693
10287,MADS164,æ,18,ADS,17.22077938067428,92.95159121469965,902.5825494932201,1485.6417441919943
10288,MADS164,u,18,ADS,17.72393225494591,132.78798744956788,418.8167644314218,741.777659300636
10289,MADS164,e,18,ADS,20.00239188627718,131.12813760644926,715.0838381012808,1880.1537105178259
10290,MADS164,æ,18,ADS,20.1899549185497,190.88273195876226,958.5437376434709,1568.0358008408527
10291,MADS164,u,18,ADS,21.10181605144976,136.10768713581223,368.3123787738907,924.912770150261
10292,MADS164,æ,18,ADS,28.12,176.00237484741044,896.2304777918913,1574.151421530711
10293,MADS164,u,18,ADS,29.35595587103747,165.98498431196163,381.2327754435791,821.8233121521678
10294,MADS164,u,18,ADS,30.41574814468158,258.93657552667196,393.19557149592606,1035.0185358694812
10295,MADS164,e,18,ADS,33.00504638538079,144.95361461921163,672.7129687094696,1811.297226257121
10296,MADS164,a,18,ADS,34.13404129889309,131.09293079697437,807.4400511969374,1306.2067352313618
10297,MADS164,e,18,ADS,35.79481835929879,132.3781556087198,744.5660863573956,1689.8158735227512
10298,MADS164,a,18,ADS,36.98233760543563,74.54303908063764,732.7095804074241,1324.526773960826
10299,MADS164,o,18,ADS,37.75132108534248,138.80427966739006,610.7575903607631,1194.4677436745026
10300,MADS164,o,18,ADS,39.5967229962424,122.09635711483457,703.9397120687805,1256.3878843279638
10301,MADS164,æ,18,ADS,42.96437675500494,135.62324499505962,885.265091940905,1527.9861764216248
10302,MADS164,i,18,ADS,43.44017329580709,122.09635711482036,344.56920240038994,2392.1569311910625
10303,MADS164,i,18,ADS,45.42660749549369,115.6702330561572,334.7355998353854,2527.6452344681334
10304,MADS164,e,18,ADS,48.84240187876982,96.39186088013219,834.2934413955375,1697.3002150557736
10305,MADS164,a,18,ADS,49.09687639149336,147.80085334952986,758.5390524668761,1234.6276933016277
10306,MADS164,e,18,ADS,50.32601060455194,83.53961276277744,729.1770170215448,1673.1224898166577
10307,MADS164,a,18,ADS,50.63,172.33413035620515,734.0411006852156,1280.6784244063233
10308,MADS164,a,18,ADS,52.38,158.4443840236105,828.7989418666451,1426.3336021295588
10309,MADS164,æ,18,ADS,54.36610068287458,127.23725636176653,961.534057980266,1540.9531640459654
10310,MADS164,i,18,ADS,54.82749639028746,128.1513694817491,328.7157809959409,2457.0844860099005
10311,MADS164,e,18,ADS,56.50063081946109,53.97944209288141,605.632073821757,1712.6149633364503
10312,MADS164,e,18,ADS,57.87615689339981,56.549891716343836,607.2336274829099,1708.7072058987967
10313,MADS164,i,18,ADS,59.17988899145852,50.111008541477986,456.0835334637489,2130.9469825301658
10314,MADS164,i,18,ADS,59.50762131845096,59.120341339813365,382.9759128460518,2318.7850817473727
10315,MADS164,a,18,ADS,59.82329174278835,115.6702330561572,740.0624623406056,1417.5789965259044
10316,MADS164,i,18,ADS,66.6718284782428,111.81455862094936,340.54801603372346,2599.5158528959973
10317,MADS164,i,18,ADS,68.79300380711558,109.24410899747272,359.7066027906451,2389.6308628620327
10318,MADS164,æ,18,ADS,70.7751624654506,134.44783729269716,966.9524398691537,1601.4081299143143
10319,MADS164,a,18,ADS,71.09308040910058,104.10320975054788,816.6612845524419,1369.3868594362139
10320,MADS164,a,18,ADS,72.08,88.23518006629172,723.9380317422671,1342.2588119331472
10321,MADS164,u,18,ADS,77.8666554455476,158.08265184341508,438.8996208467808,733.4433801564389
10322,MADS164,o,18,ADS,87.10444474818993,129.80770598524316,609.585883718025,1131.0370161418505
10323,MADS164,u,18,ADS,87.55,115.22180859572018,463.5793112726227,669.6102908661971
10324,MADS164,o,18,ADS,91.91296838986923,100.24753531534714,734.3307782493675,1228.7238642508223
10325,MADS164,æ,18,ADS,93.89353703376948,186.46296623052194,1020.97300389719,1533.390097756421
10326,MADS164,o,18,ADS,94.55558117829916,109.24410899745851,616.4619836585915,1124.645410092937
10327,MADS164,a,18,ADS,97.13716956228916,194.8044461147589,858.1912260288955,1272.7978263934515
10328,MADS164,e,18,ADS,98.51,105.5613606829553,629.6907667346334,1857.6063740855996
10329,MADS164,u,18,ADS,98.93044143955802,125.95203155005663,421.79408897978436,800.4373416352846
10330,MADS164,o,18,ADS,100.43,54.78507822058987,637.2631456615624,1295.775783842885
10331,MADS164,a,18,ADS,101.120105177707,190.21327213680195,785.2598642612088,1312.3284697261433
10332,MADS164,e,18,ADS,102.15,134.98544786330058,686.5803265989459,1794.1748889354308
10333,MADS164,o,18,ADS,103.4382224752914,114.38500824439757,578.4025456206416,1076.9342710303895
10334,MADS164,æ,6,ADS,2.0,90.71134572356421,913.5752834617604,1504.7950999021568
10335,MADS164,o,6,ADS,2.528048194803334,181.951805196666,733.8323984492379,1273.892023717265
10336,MADS164,e,6,ADS,3.66,99.99999999999964,665.0317438166701,1693.9792335658835
10337,MADS164,o,6,ADS,4.376596044862007,143.40395513799285,790.9426495862149,1340.6517926878785
10338,MADS164,i,6,ADS,5.3,80.00000000000007,351.7361786381298,2161.4862161989654
10339,MADS164,u,6,ADS,6.59,219.99999999999974,412.56487141212784,671.2469926843817
10340,MADS164,u,6,ADS,7.64,87.80744758007319,462.7574596291232,1131.1308929977645
10341,MADS164,u,6,ADS,7.91,119.89562519702801,406.54515924083216,890.6155720165666
10342,MADS164,i,6,ADS,8.4,129.999999999999,468.1256870568745,2272.440296919907
10343,MADS164,æ,6,ADS,10.83,160.00000000000014,944.3434733868967,1558.1087570192362
10344,MADS164,æ,6,ADS,11.85029908637043,191.54739819764012,896.1046270468872,1522.4840516918337
10345,MADS164,æ,6,ADS,13.45803524975007,134.5176562991206,847.0187832103582,1473.8159188417035
10346,MADS164,u,6,ADS,13.95114477504381,128.85522495619028,426.1996459496773,611.5596514399084
10347,MADS164,e,6,ADS,15.33906238627351,120.93761372649148,714.9573313471433,1855.056220008555
10348,MADS164,æ,6,ADS,15.5925222345065,197.47776549349894,941.4637629027635,1576.8435009961117
10349,MADS164,u,6,ADS,16.29101309318668,120.06261452320999,335.8184936597672,858.6254658714547
10350,MADS164,æ,6,ADS,22.43,160.00000000000014,928.7075162550786,1543.6930823913904
10351,MADS164,u,6,ADS,23.73,140.00000000000057,398.5763228822513,782.4907955678267
10352,MADS164,u,6,ADS,24.57544177393795,194.55822606204976,409.85697306694453,733.366529079746
10353,MADS164,e,6,ADS,26.69670998908859,143.2900109114108,848.6190573563965,1810.9067917731707
10354,MADS164,a,6,ADS,27.59,123.43212730080921,979.1095258035406,1434.1851016550538
10355,MADS164,e,6,ADS,28.98962615597844,120.10420155219137,861.1741518351814,1759.4917882513155
10356,MADS164,a,6,ADS,30.11,89.99999999999986,892.1692854292522,1283.2528180082384
10357,MADS164,o,6,ADS,30.78,129.999999999999,641.8627882493174,1175.379940779824
10358,MADS164,o,6,ADS,32.42324382725884,106.75617274116433,763.5282636591692,1171.265286374167
10359,MADS164,æ,6,ADS,34.77,119.99999999999744,916.0955826621472,1473.1767676460065
10360,MADS164,i,6,ADS,35.28259682936363,120.06261452321354,331.23766436712236,2525.5689781638716
10361,MADS164,i,6,ADS,37.03,119.99999999999744,328.0517830408834,2589.5471788829227
10362,MADS164,e,6,ADS,40.00023042227798,124.86511910414322,828.7408048756091,1582.7241940263184
10363,MADS164,a,6,ADS,40.256647278343,189.14317540509984,811.0244591405781,1180.7990993468743
10364,MADS164,e,6,ADS,41.2,90.21679911537461,901.0267253483646,1623.0948470830683
10365,MADS164,a,6,ADS,41.49625488511379,163.74511488620414,873.4508426881805,1278.637413301355
10366,MADS164,a,6,ADS,42.60910434799839,140.89565200161047,979.1648025148569,1267.0025077202176
10367,MADS164,æ,6,ADS,44.24573277191742,164.2672280825792,880.0145807944511,1473.3314469459076
10368,MADS164,i,6,ADS,44.78687328402459,100.85259619950193,337.51163173986384,2432.657859876602
10369,MADS164,e,6,ADS,46.44264043421762,147.0767027909261,659.4592229882803,1797.0105716268288
10370,MADS164,e,6,ADS,47.66,60.000000000002274,541.8181803493292,1428.5850078432686
10371,MADS164,i,6,ADS,48.58,60.000000000002274,452.0237960833804,2093.9229573001458
10372,MADS164,i,6,ADS,48.85699213089585,51.62692424498516,388.9886081873878,1916.1477340254464
10373,MADS164,a,6,ADS,49.11767355901265,99.65197005426063,735.9384226536798,1294.4438207627336
10374,MADS164,i,6,ADS,54.4190104821484,150.98951785159898,315.33787153233243,2565.557178022841
10375,MADS164,i,6,ADS,56.29584433866973,104.15566133026744,352.1481448597171,2431.211933666605
10376,MADS164,æ,6,ADS,57.78,159.9999999999966,1010.435699361595,1550.254653011291
10377,MADS164,a,6,ADS,58.14,93.25337598591688,815.0527305131817,1281.6136377151952
10378,MADS164,a,6,ADS,58.97,89.70300469746917,786.7677570651362,1293.894501355936
10379,MADS164,o,6,ADS,60.80859888470187,43.82285430096999,359.48825937552783,1438.6283875813476
10380,MADS164,i,6,ADS,61.04,60.41638903879232,548.0973221486844,1863.4900250706066
10381,MADS164,u,6,ADS,63.96530588139017,164.6941186098232,412.34751177231306,1002.441864930251
10382,MADS164,o,6,ADS,70.84496065684522,138.07200670167674,691.0807180963884,1110.3831735647263
10383,MADS164,u,6,ADS,71.32,106.85413634266183,435.82147024771575,823.1216171716227
10384,MADS164,o,6,ADS,74.9,140.00000000000057,833.9530932482714,1171.1560900844106
10385,MADS164,æ,6,ADS,76.58,129.99999999999545,880.6636376016436,1424.2858511175054
10386,MADS164,o,6,ADS,77.12,149.99999999999147,829.8731369714966,1228.8986838624944
10387,MADS164,a,6,ADS,79.23692261064845,193.07738935155783,866.016305564044,1217.3979670675012
10388,MADS164,e,6,ADS,80.43,109.99999999999943,655.9966024168347,1823.627411262638
10389,MADS164,u,6,ADS,80.79,109.99999999999943,396.93381366228573,735.0060230722605
10390,MADS164,o,6,ADS,82.03,49.99999999999716,751.8770437842171,1483.5134035401452
10391,MADS164,a,6,ADS,82.62480657983338,185.19342016662677,834.0677471465847,1272.3896347368604
10392,MADS164,e,6,ADS,83.46,109.99999999999943,813.2596069191982,1767.8389477805986
10393,MADS164,o,6,ADS,84.47878992306833,139.27263284692515,670.7842216781004,1142.3104144798413
10394,MADS165,æ,15,ADS,4.681089375044325,84.60021647679561,974.4227158877859,1462.4916212171286
10395,MADS165,o,15,ADS,5.205064909352221,114.93509064777908,511.5033750182151,1132.5821837113442
10396,MADS165,e,15,ADS,6.42,88.8856895179817,512.1270301666789,2214.569701170659
10397,MADS165,o,15,ADS,7.301798342141313,111.89060888866553,576.6730050264348,1235.4425859048415
10398,MADS165,i,15,ADS,8.32,109.99999999999943,378.7465435283277,1720.6918251737527
10399,MADS165,u,15,ADS,9.87,130.0000000000008,389.6100067520108,857.7846291171534
10400,MADS165,u,15,ADS,11.05358104648441,105.06801078569872,363.22764126668335,873.1763893272775
10401,MADS165,u,15,ADS,11.43250301040958,157.49698959042036,390.2157500035395,1001.817157819754
10402,MADS165,i,15,ADS,12.31,70.00000000000028,425.6031431746845,2233.281782212295
10403,MADS165,æ,15,ADS,15.15,103.87621540295022,930.0902137923562,1652.8777590372151
10404,MADS165,æ,15,ADS,16.75,120.000000000001,634.6903580423802,1242.3354949169814
10405,MADS165,æ,15,ADS,18.68,129.999999999999,821.4594895644636,1269.5239605818283
10406,MADS165,u,15,ADS,19.2918415057277,167.83591333300052,517.1847709610764,751.903608500942
10407,MADS165,e,15,ADS,21.7,108.97943995547976,554.4647944333493,2255.7272242917106
10408,MADS165,æ,15,ADS,21.92,99.99999999999787,1059.6755960888263,1691.9253484032768
10409,MADS165,u,15,ADS,22.99,120.000000000001,438.7815520578716,953.2559946066084
10410,MADS165,æ,15,ADS,30.32,105.75878299885133,920.3197416826556,1653.262557554005
10411,MADS165,u,15,ADS,32.07,109.99999999999943,369.4076384720278,791.0608486966948
10412,MADS165,u,15,ADS,33.3,158.63147231669217,368.61996143468906,928.4315872619889
10413,MADS165,e,15,ADS,36.15942690119154,100.57309880846077,734.9917382005037,1908.977907022415
10414,MADS165,a,15,ADS,37.47,120.83882373886468,875.2717862193606,1363.19812800012
10415,MADS165,e,15,ADS,39.2291416202654,130.85837973459746,725.5610409616498,2114.3482874050424
10416,MADS165,a,15,ADS,40.84,142.98325339784412,846.4142700343074,1259.615068489528
10417,MADS165,o,15,ADS,41.89260173198275,127.39826801725229,472.8850539798957,1041.6610798284855
10418,MADS165,o,15,ADS,44.03432206123193,137.8164816799341,465.6544006450652,1011.2306495736392
10419,MADS165,æ,15,ADS,47.32695247110135,103.04752889864943,856.9995911505171,1596.94615006113
10420,MADS165,i,15,ADS,47.8911727763607,158.82722363929958,374.7965196432916,2454.970984106368
10421,MADS165,i,15,ADS,50.37297136398637,177.02863601362395,455.09024515132546,2451.140052406657
10422,MADS165,e,15,ADS,53.81132904619282,54.580784823741624,674.2826073903242,1796.0589604642244
10423,MADS165,a,15,ADS,54.10470076462042,95.29923537958496,790.1946935138055,1271.6657342200422
10424,MADS165,e,15,ADS,55.29827178258462,122.80676585341155,589.5798679997822,2029.275130934077
10425,MADS165,a,15,ADS,55.79204176544931,137.95823455068756,786.5476214002563,1174.6006996158778
10426,MADS165,a,15,ADS,57.56693468756847,113.06531243153017,725.0565235763447,1287.9302218098755
10427,MADS165,æ,15,ADS,59.59,89.77173397550331,877.5676414159069,1686.7768651861052
10428,MADS165,i,15,ADS,60.08885129308702,57.309824064930126,423.50132217207977,2304.5799628398418
10429,MADS165,e,15,ADS,62.42687632791154,103.12367208845785,466.13471731838905,2125.789720092917
10430,MADS165,e,15,ADS,64.0495379576769,80.46204232309151,566.1942977187853,2139.4045122823236
10431,MADS165,i,15,ADS,65.54,71.25294613487654,408.6097874583923,2323.4378069220684
10432,MADS165,i,15,ADS,65.93459613995867,45.40386004133268,350.3553407108699,2441.503523449327
10433,MADS165,a,15,ADS,66.23,94.16363901941338,499.77642380418195,1234.517135223883
10434,MADS165,i,15,ADS,72.23,111.97041638190797,354.1132704341498,2603.137968161901
10435,MADS165,i,15,ADS,74.65,106.81733532246085,371.14575207839783,2455.896551684165
10436,MADS165,æ,15,ADS,76.59,99.99999999999432,804.3642371652488,1546.7695031791015
10437,MADS165,a,15,ADS,76.97672406830802,105.06801078568628,748.1159165521591,1423.551780924931
10438,MADS165,a,15,ADS,77.81,69.99999999999318,718.8541467942089,1352.3571838652065
10439,MADS165,o,15,ADS,80.07,89.87433044406146,535.3718912916348,1121.142139158759
10440,MADS165,i,15,ADS,80.53,67.10410371192665,502.74996632921403,1860.8766952697226
10441,MADS165,u,15,ADS,84.71743956391136,98.24541268272924,379.65160279190803,1049.4484186538625
10442,MADS165,o,15,ADS,94.64586027050146,104.13972949854156,543.5564077297079,1139.9699979250413
10443,MADS165,u,15,ADS,95.17119461919262,114.61964812984604,115.6256243553731,823.0743348198846
10444,MADS165,o,15,ADS,99.36,101.63829034684113,445.20068264518557,972.5485164730837
10445,MADS165,æ,15,ADS,100.88,130.00000000000966,808.73727346718,1413.5823488980952
10446,MADS165,o,15,ADS,101.5286286185495,111.37138145049619,545.4816450196952,1084.9373358183361
10447,MADS165,a,15,ADS,104.23,229.99999999998977,727.4754168004206,1220.0689589554172
10448,MADS165,e,15,ADS,106.340812072172,139.18792782800438,643.7031077296754,1906.5009179412057
10449,MADS165,u,15,ADS,107.31,99.99999999999432,403.3984814554492,724.217807761314
10450,MADS165,o,15,ADS,109.178107419363,61.89258063699299,459.07012140926,1205.641857584812
10451,MADS165,a,15,ADS,109.9,135.42311598349954,691.4664580969378,1255.0362485697126
10452,MADS165,e,15,ADS,111.03,99.99999999999432,659.2421313683171,1952.0489535864822
10453,MADS165,o,15,ADS,112.1478513770282,95.5163734414981,562.9366844812464,1292.7574940016307
10454,MADS165,æ,6,ADS,1.73,99.57544074016499,863.9127782049052,1340.2562898506308
10455,MADS165,o,6,ADS,2.237230667309868,118.49476776950985,568.8552517460946,1274.2341497019138
10456,MADS165,e,6,ADS,3.28,170.00000000000037,623.4465134894301,2410.650699294896
10457,MADS165,o,6,ADS,4.32077759173557,149.22240826442933,470.2264829963615,953.0093248266146
10458,MADS165,i,6,ADS,5.44,139.9999999999997,416.30501112530857,2490.934534472097
10459,MADS165,u,6,ADS,6.956004979825865,189.1358793244109,504.2973202202225,945.2599518880519
10460,MADS165,u,6,ADS,8.030155797146497,128.74912267264094,397.92762638934045,1113.8719299667466
10461,MADS165,u,6,ADS,8.380407505071016,176.60277888725238,398.22620300091495,977.2656967670526
10462,MADS165,i,6,ADS,8.95,110.00000000000121,459.9439228753819,2144.1437537420634
10463,MADS165,æ,6,ADS,12.61,153.64058259924107,877.6281897428662,1514.5454115983448
10464,MADS165,æ,6,ADS,14.36,101.66592984021072,951.5043205269842,1458.1114968640636
10465,MADS165,æ,6,ADS,15.9,110.00000000000121,790.4904275533205,1428.0949843698518
10466,MADS165,u,6,ADS,16.74959545985594,160.4045401440608,388.7047736603983,813.6451099925789
10467,MADS165,e,6,ADS,19.0,100.00000000000142,678.1353210289385,2164.1513151636677
10468,MADS165,æ,6,ADS,19.16,149.99999999999858,981.3561531476704,1616.9826847526642
10469,MADS165,u,6,ADS,19.95100294868265,104.82229456534142,393.47304765067696,909.8835239651245
10470,MADS165,æ,6,ADS,26.94,142.13055704447797,874.6031005985749,1583.4940982277712
10471,MADS165,u,6,ADS,28.4,140.00000000000057,467.6142079764343,831.892021248853
10472,MADS165,u,6,ADS,29.57,190.00000000000128,428.92057240979625,979.35896515945
10473,MADS165,e,6,ADS,32.56253404145911,137.4659585408935,726.3087270944698,1890.768406784938
10474,MADS165,a,6,ADS,33.87,121.52344592891495,813.6286389057171,1429.2998165029821
10475,MADS165,e,6,ADS,35.75322290693159,146.77709306840825,674.1012513303381,2141.5342767730995
10476,MADS165,a,6,ADS,37.05,160.0000000000037,869.2350175887276,1269.9770536263643
10477,MADS165,o,6,ADS,37.98,88.21456261289029,538.0503359626972,1161.7677261684748
10478,MADS165,o,6,ADS,40.12,102.83747888793471,585.6399772920552,1226.6593646522879
10479,MADS165,æ,6,ADS,44.67,140.00000000000057,925.4616516070519,1640.0333241122614
10480,MADS165,i,6,ADS,45.31467225302939,155.32774697060603,432.2691028090523,2591.3292474682344
10481,MADS165,i,6,ADS,47.53341225315665,109.37978563339357,395.2825642591079,2453.7922328084755
10482,MADS165,e,6,ADS,50.99,107.5751621884109,521.6194356704955,2203.944162128204
10483,MADS165,a,6,ADS,51.34,135.81753268063324,718.2638025024512,1204.0671099249475
10484,MADS165,e,6,ADS,52.35,115.19049679111504,580.4366727399607,1629.7671825721623
10487,MADS165,æ,6,ADS,56.12,113.66402653506924,989.7577856450646,1526.21864258497
10488,MADS165,i,6,ADS,56.89930306526172,112.79790393442823,369.21650324363185,2496.637829174388
10489,MADS165,e,6,ADS,59.03,136.52113940234045,533.1778186200276,2159.303670595943
10490,MADS165,e,6,ADS,60.65925664251183,160.74335748817248,559.4589208256759,2129.7637130733947
10491,MADS165,i,6,ADS,62.61,70.00000000000028,420.665774298562,2404.5829905177197
10492,MADS165,i,6,ADS,62.98696284633866,76.33797538996845,413.80929285462605,2388.623968446403
10493,MADS165,a,6,ADS,63.32,89.9999999999963,644.8220942084976,1209.8108038260964
10494,MADS165,i,6,ADS,69.68,129.99999999999545,366.35996137888225,2498.7227098952994
10495,MADS165,i,6,ADS,71.61,142.54306121449645,380.80948251140364,2432.7724759692524
10496,MADS165,æ,6,ADS,72.95,107.12999821487301,932.4781951094367,1619.391531204388
10497,MADS165,a,6,ADS,73.28,95.71140288855418,804.0505616429704,1382.8728388254917
10498,MADS165,a,6,ADS,74.62,89.19624099809198,893.9912448106517,1340.560833907784
10499,MADS165,o,6,ADS,76.61,70.00000000000739,554.3479176490348,1210.4258869166251
10500,MADS165,i,6,ADS,76.9027686672166,45.57491068058539,484.58033518802046,2093.9321227541905
10501,MADS165,u,6,ADS,80.4287372452949,112.79790393443534,435.96772383836355,931.8685032425897
10502,MADS165,o,6,ADS,88.07067995726068,93.42856689518442,540.7578311646719,1202.7747285126918
10503,MADS165,u,6,ADS,88.46,127.71496946378136,437.0323774039964,1172.7631708210706
10504,MADS165,o,6,ADS,91.77,140.00000000000057,561.4112338613301,860.1494782804162
10505,MADS165,e,6,ADS,93.42,125.3865778404446,876.3688895755361,1560.7388139593872
10506,MADS165,o,6,ADS,94.06,113.6158527599207,595.5691907746468,1165.5391038610976
10507,MADS165,a,6,ADS,97.0,219.99999999999886,736.2708827924299,1244.07007571409
10508,MADS165,e,6,ADS,99.44,131.23740875590784,632.4573339641227,1874.1897793467192
10509,MADS165,u,6,ADS,99.82,101.1982061416461,342.80365022145634,801.908674491168
10510,MADS165,o,6,ADS,101.25,109.99999999999943,509.2715441853313,1130.3559963240555
10511,MADS165,a,6,ADS,101.97,120.00000000000455,726.1455826534425,1376.5197625229785
10512,MADS165,o,6,ADS,103.9857485059619,116.21602223540606,569.0041346427371,1239.723527260948
10513,MADS165,æ,9,ADS,3.78,84.31022940074806,699.6542122335105,1267.3720738886836
10514,MADS165,o,9,ADS,4.268837307309342,111.16269269065793,499.96216968968116,1132.6196409260383
10515,MADS165,e,9,ADS,5.55,129.9999999999999,524.5372416042865,2259.9313101174776
10516,MADS165,o,9,ADS,6.568015179872376,121.9848201276248,548.0066241232339,1086.6547116010431
10517,MADS165,i,9,ADS,7.58,120.00000000000011,370.0569668193806,2363.371189267449
10518,MADS165,u,9,ADS,9.33,150.00000000000034,344.6012306814122,767.7524220559018
10519,MADS165,u,9,ADS,10.33,89.99999999999986,396.2947027619261,876.8411156809489
10520,MADS165,u,9,ADS,10.63,169.99999999999994,441.83152270506156,950.8021217474901
10521,MADS165,i,9,ADS,11.27,89.99999999999986,430.4931773712693,2236.8083475918447
10522,MADS165,æ,9,ADS,14.93,118.46351187818982,697.5322990197127,1519.5915869871928
10523,MADS165,æ,9,ADS,16.39,129.999999999999,785.8916597543314,1450.0443196481392
10524,MADS165,æ,9,ADS,18.20200314091946,127.9968590805396,659.5236176496901,1362.916025950831
10525,MADS165,u,9,ADS,18.93,170.0000000000017,385.5958750698777,854.9732437510565
10526,MADS165,e,9,ADS,21.18,107.25933208528105,518.5718921356208,2052.5009754142143
10527,MADS165,æ,9,ADS,21.41,190.00000000000128,760.6409607143153,1460.638020317066
10528,MADS165,u,9,ADS,22.46882482031112,81.17517968888066,355.8952455043482,913.9617304825373
10529,MADS165,æ,9,ADS,29.33,120.000000000001,821.0300459042322,1591.917631709696
10530,MADS165,u,9,ADS,30.72,125.86180899073085,356.6272363623316,778.2002021166625
10531,MADS165,u,9,ADS,31.99,169.99999999999815,415.4207164132346,807.5096108494286
10532,MADS165,e,9,ADS,35.13944729742698,140.552702573018,638.659932960745,1918.1304982635168
10533,MADS165,a,9,ADS,36.41,110.00000000000654,564.083459032019,1392.1492669936124
10534,MADS165,e,9,ADS,37.95,119.99999999999744,898.6948697587785,2095.0217334404288
10535,MADS165,a,9,ADS,39.24,100.00000000000142,810.0528740893037,1343.329034506065
10536,MADS165,o,9,ADS,40.1,100.00000000000142,575.0074135508828,1061.8982137899281
10537,MADS165,o,9,ADS,42.94,80.0000000000054,507.09570010353843,1103.096761672794
10538,MADS165,æ,9,ADS,46.34051393837941,156.18725637042274,650.3344767658391,1549.6782502763144
10539,MADS165,i,9,ADS,46.93122215157524,138.16564986614566,417.41814599919564,2457.383976743941
10540,MADS165,i,9,ADS,49.74,189.99999999999773,317.9356943916813,2426.9841702827302
10541,MADS165,e,9,ADS,53.79,119.99999999999744,586.9103553885759,2289.238691127993
10542,MADS165,a,9,ADS,54.17,165.31911665990862,700.891938004923,1222.5023267207591
10543,MADS165,e,9,ADS,55.3,150.00000000000568,610.3962123063421,2191.215983033786
10544,MADS165,a,9,ADS,55.86,189.99999999999773,691.7451896507441,1307.1564082424022
10545,MADS165,a,9,ADS,57.82,130.00000000000256,687.2102155418297,1248.5044262116205
10546,MADS165,æ,9,ADS,59.56,119.99999999999744,740.0926544084201,1423.6404882944585
10547,MADS165,i,9,ADS,60.2,119.99999999999744,322.127603958408,2373.562506858487
10548,MADS165,e,9,ADS,62.36,140.00000000000057,545.828965029722,2196.2593873039036
10549,MADS165,e,9,ADS,64.02,180.00000000000682,619.1900548835195,1888.9263120701064
10550,MADS165,i,9,ADS,65.79,89.9999999999892,370.5587890372238,2274.538574496137
10551,MADS165,i,9,ADS,66.27694994325803,83.05005674196764,395.49500840847384,2370.357524363445
10552,MADS165,a,9,ADS,66.64,107.51411309199455,632.7701271635242,1273.2402648091145
10553,MADS165,i,9,ADS,73.53,120.00000000000455,362.36456178024594,2507.594733821142
10554,MADS165,i,9,ADS,75.85,90.00000000000341,384.7931224820243,2358.8470533639565
10555,MADS165,æ,9,ADS,77.37,109.99999999999943,761.389998957251,1614.626008887322
10556,MADS165,a,9,ADS,77.77,91.60387331147035,689.8285965234309,1328.9972846646479
10557,MADS165,a,9,ADS,79.4,79.9999999999983,680.1933775411331,1495.3437582506567
10558,MADS165,u,9,ADS,81.69,60.000000000002274,472.0966060789066,1077.378233793166
10559,MADS165,i,9,ADS,81.98,39.99999999999204,505.0524204696736,2120.9291097652626
10560,MADS165,u,9,ADS,85.8463970479782,113.60295202179316,393.64845600040877,778.6896937650101
10561,MADS165,o,9,ADS,95.11,120.00000000000455,502.9830066982429,1208.713444268452
10562,MADS165,u,9,ADS,95.64,106.95716875099492,418.9381279254264,1091.354990777152
10563,MADS165,o,9,ADS,99.1,120.00000000000455,508.584532655697,894.5824562669208
10564,MADS165,e,9,ADS,100.8851649791642,128.15364625269865,736.4276209233589,1479.4629435598886
10565,MADS165,o,9,ADS,101.5279356111502,106.12723830300297,611.4021380038815,1158.3391670901335
10566,MADS165,a,9,ADS,103.93,219.99999999999886,655.9881466447221,1207.4923005231594
10567,MADS165,e,9,ADS,105.68,169.9999999999875,664.7839323165981,1609.9763885362095
10568,MADS165,u,9,ADS,106.43,125.21967510789977,361.9335944804471,717.1424880930709
10569,MADS165,o,9,ADS,107.78,65.68802782810224,512.6153872227686,1214.7981648761472
10570,MADS165,a,9,ADS,108.6,109.99999999999943,675.6065328455755,1228.0871771057043
10571,MADS165,o,9,ADS,111.0119963816019,116.13924191640024,522.9076511372764,1170.3144709919948
10572,MADS166,æ,18,ADS,3.16,60.0341424808728,790.6136292245085,1429.851643855173
10573,MADS166,o,18,ADS,3.572516563480423,89.2169290676832,417.3699979404332,927.0318133324729
10575,MADS166,o,18,ADS,5.250664710331606,79.33528966839364,438.17807413492744,1130.1750579978357
10576,MADS166,i,18,ADS,6.461805349338773,90.04825470641009,332.8113913362897,2667.534593765581
10577,MADS166,u,18,ADS,7.766557527453966,123.44247254603324,289.9441913325082,657.1206535282886
10578,MADS166,u,18,ADS,8.593791461228067,96.2085387719327,377.7497899841162,971.5098374744662
10579,MADS166,u,18,ADS,8.888523994284991,171.47600571500908,579.4692305750601,982.0669580807905
10580,MADS166,i,18,ADS,9.418890912146946,112.039864410578,367.8607384355313,2547.2399358032453
10582,MADS166,æ,18,ADS,13.50914262102194,71.37354325415046,814.0555764518322,1598.7910284602674
10583,MADS166,e,18,ADS,18.38638697278611,48.96557037202953,633.0937497698195,2283.553971700702
10584,MADS166,æ,18,ADS,18.52,129.582358823761,898.7763640121453,1580.0045940081247
10585,MADS166,u,18,ADS,19.24243863123523,91.29174137158813,294.7052244469823,896.9702983278087
10586,MADS166,æ,18,ADS,25.4,105.25708428324165,976.7876345136303,1739.6827728493001
10587,MADS166,u,18,ADS,26.42396212126217,156.02588525323924,424.90086165856667,813.378016440305
10588,MADS166,u,18,ADS,27.4228442789269,127.1557210731018,383.37664979492354,765.3980618618375
10589,MADS166,e,18,ADS,30.26584146348539,102.08076535186095,598.2215531019519,1793.0320104760344
10590,MADS166,a,18,ADS,31.17,61.74303509004986,674.4260144939179,1286.7002041653218
10591,MADS166,e,18,ADS,32.38099372144146,66.39399372478039,903.3394542031806,2109.524416163973
10592,MADS166,a,18,ADS,33.82,89.08727534097238,808.6780723656741,1336.7612336553343
10593,MADS166,o,18,ADS,34.55,82.22985434138508,395.6087664278519,962.0205321563569
10594,MADS166,o,18,ADS,36.17944025606698,76.35309278349922,475.6329151839977,1199.7816877989953
10595,MADS166,æ,18,ADS,39.34596724788663,89.6318915284624,828.3344147052346,1687.1784375217876
10596,MADS166,i,18,ADS,40.02740907610264,126.14858807708629,378.2366574903124,2427.4734945032897
10597,MADS166,i,18,ADS,41.84031654472649,73.03339309726198,467.37356653104445,2591.7013666696707
10598,MADS166,e,18,ADS,45.18,80.92165454255706,638.8685556794944,2111.327614895091
10599,MADS166,a,18,ADS,45.70945160187557,100.42091550874233,812.6184391414783,1346.3216517198139
10600,MADS166,e,18,ADS,46.62,74.64595138248598,537.0751132591085,2231.5655656920458
10601,MADS166,a,18,ADS,48.08555445653705,91.29174137159168,634.8379964747935,1245.2521997551698
10602,MADS166,æ,18,ADS,50.6,81.33332531773618,912.5865880442527,1876.1795353295763
10603,MADS166,i,18,ADS,51.06380958316173,60.58451927385988,342.0300719477617,2550.332890015604
10604,MADS166,e,18,ADS,52.61,65.56153015851862,621.9832622941965,1791.7580936287204
10605,MADS166,e,18,ADS,53.47,52.32244174521128,473.27079967909526,1779.1093035329366
10606,MADS166,i,18,ADS,54.92,60.70230223370032,403.62587894317795,2545.203306552306
10607,MADS166,i,18,ADS,55.23206232856717,40.66632115642932,391.2615094849508,2261.8356420604355
10608,MADS166,a,18,ADS,55.46278145676081,80.50271739130466,636.2211261294725,1480.884433106346
10609,MADS166,i,18,ADS,62.23427390302614,112.03986441056912,423.75090373158946,2603.3830094719397
10610,MADS166,æ,18,ADS,65.11,95.41066279717825,643.7016232804892,1614.27086808694
10613,MADS166,o,18,ADS,80.12567045321738,69.71369338802447,493.9651221461323,1164.5277147728373
10614,MADS166,u,18,ADS,80.42,92.72456976658816,355.9816551188798,819.4929451080245
10615,MADS166,o,18,ADS,83.2462133360148,150.2164108023294,376.43536158320944,885.3992202652328
10616,MADS166,æ,18,ADS,84.8069697374078,81.33264231285864,865.3147016407178,1697.9812564696165
10617,MADS166,o,18,ADS,85.31048083097211,123.65881331241724,344.11958212896343,730.0016709774559
10618,MADS166,a,18,ADS,87.35055941120508,149.44058879491706,691.1351072127718,1351.967183826273
10619,MADS166,e,18,ADS,88.48554925600557,111.20993948901514,483.99283773739165,2116.618438019809
10620,MADS166,u,18,ADS,88.8400363834148,98.76106566562726,281.3983713871388,1023.0124248848957
10621,MADS166,o,18,ADS,89.98845714484459,70.54361833259293,441.67553317052284,1235.2194281863603
10622,MADS166,a,18,ADS,90.63215524827352,102.08076535188582,698.3448766750821,1194.1482675603452
10623,MADS166,e,18,ADS,91.25,91.58144448595351,661.2414257505127,1733.4166603403046
10625,MADS166,æ,6,ADS,3.36,84.8705705992563,819.6120685591021,1651.339832615095
10626,MADS166,o,6,ADS,3.780241564194496,121.41939301803583,534.2946267959505,1078.326288630191
10627,MADS166,e,6,ADS,4.64,70.00000000000028,507.104171373187,2026.2340750114608
10628,MADS166,o,6,ADS,5.24063008004762,122.13362474167243,480.7112952059863,1096.8547873731984
10629,MADS166,i,6,ADS,6.34,89.99999999999986,421.87281864585646,2563.523337408119
10630,MADS166,u,6,ADS,7.53,129.9999999999999,388.6194228343166,747.8880556228742
10631,MADS166,u,6,ADS,8.39,119.99999999999922,340.05231676423705,823.0444138600894
10632,MADS166,u,6,ADS,8.63,199.9999999999993,499.3476212973247,958.0350984642507
10633,MADS166,i,6,ADS,9.2,100.00000000000142,355.3948920610737,2492.488644525554
10634,MADS166,æ,6,ADS,11.83709888176716,114.99130750530995,944.9163223858619,1807.807637447163
10635,MADS166,æ,6,ADS,13.1,120.000000000001,800.1113561161862,1340.0600141731763
10636,MADS166,æ,6,ADS,14.61,120.000000000001,748.5611185026546,1549.5759541058817
10637,MADS166,u,6,ADS,15.05,119.26846773036992,314.18520351034266,705.7427258473087
10638,MADS166,e,6,ADS,18.12692135702339,87.85050200716782,591.499629007814,2236.6211695093693
10639,MADS166,æ,6,ADS,18.29,130.00000000000256,1044.8454727079375,1740.1688239667028
10640,MADS166,u,6,ADS,19.11004902821498,112.13438061077952,376.6259707931139,689.487058454471
10641,MADS166,æ,6,ADS,24.28,117.67361695615008,922.4901086017196,1633.9862478409532
10642,MADS166,u,6,ADS,25.42,109.99999999999943,416.1428213719795,751.8448190669246
10644,MADS166,e,6,ADS,28.65,117.29771737786265,706.2144741271056,2169.1043207937473
10645,MADS166,a,6,ADS,29.52,107.55917564262063,887.6631477687705,1284.5367948682963
10646,MADS166,e,6,ADS,30.46,109.99999999999943,673.1360024325053,1903.0525397690842
10647,MADS166,a,6,ADS,31.29,130.00000000000256,850.2701488740754,1342.0060985930388
10648,MADS166,o,6,ADS,32.08,94.71598925101432,491.45324374209906,1047.9147854460075
10649,MADS166,o,6,ADS,33.51,80.0000000000054,452.30577765621535,1032.5280668570686
10650,MADS166,æ,6,ADS,37.28,108.25616348734712,865.435815248845,1809.8658766365213
10651,MADS166,i,6,ADS,37.70576149973083,102.13513647987327,369.2531269611814,2285.89975626269
10652,MADS166,i,6,ADS,39.39830220157452,101.69779842547655,343.0270166378969,2582.9620553450927
10653,MADS166,e,6,ADS,42.43402038995861,91.42166062533619,524.7147662527628,1975.0190498892714
10654,MADS166,a,6,ADS,42.68313680902472,114.27707578168622,886.6386918370038,1366.173602645912
10655,MADS166,e,6,ADS,43.45839125427239,107.13475854532106,624.1019009444709,2215.701009623286
10656,MADS166,a,6,ADS,45.02289371138915,112.84861233441035,691.0916925143321,1213.2753583039357
10657,MADS166,æ,6,ADS,46.72,126.1070242920539,800.9710961864898,1646.0974375550034
10658,MADS166,i,6,ADS,47.19662599165287,83.56511166534375,362.8861642385227,2570.2515515182063
10659,MADS166,e,6,ADS,48.69,93.92027519399448,632.6196708948585,1998.124673654771
10660,MADS166,e,6,ADS,50.07,72.09170937367304,597.4503442448705,1961.4038742414032
10661,MADS166,i,6,ADS,51.18,39.99999999999915,423.0169557856686,2536.1916674995236
10662,MADS166,i,6,ADS,51.45163179761416,47.139293759940415,343.7253704435636,2292.180089386666
10663,MADS166,a,6,ADS,51.69414280287591,99.99244130897011,778.6970906594231,1290.9939878040018
10664,MADS166,i,6,ADS,58.92,100.00000000000142,364.86514718280813,2544.2501977889706
10665,MADS166,i,6,ADS,60.47,106.91486724699928,359.9639764604541,2658.125835598088
10666,MADS166,æ,6,ADS,61.42,62.969101018055085,717.6946917375384,1802.23397934096
10667,MADS166,a,6,ADS,61.63,129.99999999999545,842.2357086336979,1206.6756984686288
10668,MADS166,a,6,ADS,62.52,149.99999999999858,683.8204552482426,1176.1228684806463
10669,MADS166,o,6,ADS,64.2052398643813,73.56586753445526,536.4851531381818,1153.8213280488092
10670,MADS166,i,6,ADS,64.41,49.99999999999716,455.49565997829205,1755.1821017228579
10671,MADS166,u,6,ADS,67.33229776819728,97.70223180272808,267.1316954769882,861.4257220558347
10672,MADS166,o,6,ADS,75.99393562818813,101.42090475623888,477.3110040820319,1046.904256121782
10673,MADS166,u,6,ADS,76.33041579665698,86.4220385599026,355.96238824800207,853.7223659776814
10674,MADS166,o,6,ADS,79.57,99.67754902909576,662.1963549105731,951.6718721486932
10676,MADS166,o,6,ADS,81.54,99.99999999999432,446.73772660789933,956.7649316504429
10677,MADS166,a,6,ADS,83.32,172.22342416478398,797.8106980785957,1175.4232546732874
10678,MADS166,e,6,ADS,84.41,120.81533421924462,703.91323328828,2192.914263259442
10680,MADS166,o,6,ADS,85.87,109.99999999999943,655.2373668781844,1199.3639423219095
10681,MADS166,a,6,ADS,86.56,109.99999999999943,734.2144603759424,1208.969415749314
10683,MADS166,o,6,ADS,88.17963901012429,113.56284405805184,598.108983495535,985.7222685169037
10684,MADS168,æ,12,ADS,2.69,180.00000000000017,818.4877345459402,1475.8450990145093
10685,MADS168,o,12,ADS,3.322400064370611,117.59993562938887,490.94960971778397,1027.2173182768258
10686,MADS168,e,12,ADS,4.92,129.9999999999999,642.2854008509488,1944.1424878245066
10687,MADS168,o,12,ADS,5.706879785367849,103.12021463215082,637.6938948338076,1084.0732569762836
10688,MADS168,i,12,ADS,7.46,110.00000000000031,395.00170776264923,2636.91261005284
10689,MADS168,u,12,ADS,8.9,160.00000000000014,423.78403115185307,712.3933076352455
10690,MADS168,u,12,ADS,9.972800721337189,67.19927866281061,482.716892552774,1016.385585668426
10691,MADS168,u,12,ADS,10.21501601626222,234.98398373777894,555.6352279654145,975.9947452320388
10692,MADS168,i,12,ADS,11.13,80.00000000000007,397.8226887240012,2252.2746399771686
10693,MADS168,æ,12,ADS,14.46,131.9722824845595,830.9728996487378,1681.427885665686
10694,MADS168,æ,12,ADS,16.5,100.00000000000142,885.6212460497815,1475.2732244824874
10695,MADS168,æ,12,ADS,18.76,100.8815848880893,772.1818914180199,1436.319520825724
10696,MADS168,u,12,ADS,19.3,169.99999999999815,538.0774671269525,1416.773359189928
10697,MADS168,e,12,ADS,21.9,81.53565855716138,690.6599242818185,1749.4005406560254
10698,MADS168,æ,12,ADS,22.07801124212899,125.21299144430031,861.2927066655292,1614.0141916108291
10699,MADS168,u,12,ADS,23.0598187564971,84.1595516264988,416.80328932070665,947.4422052781212
10700,MADS168,æ,12,ADS,30.56,110.00000000000298,876.39115001084,1647.6755662604567
10701,MADS168,u,12,ADS,32.03,107.55702903682618,377.99633011676383,716.479010996803
10702,MADS168,u,12,ADS,33.22,189.99999999999773,454.0732532834568,1065.6104660806693
10703,MADS168,e,12,ADS,36.35,109.99999999999943,693.7511596646976,1807.4136772373054
10704,MADS168,a,12,ADS,37.64,100.00000000000142,734.2071732634456,1171.4357332305644
10705,MADS168,e,12,ADS,39.73,120.00000000000455,677.1155447970729,1878.698660706626
10706,MADS168,a,12,ADS,40.93,160.0000000000037,662.1906154969074,1011.9405280058245
10707,MADS168,o,12,ADS,42.23,90.00000000000341,502.01397301311545,1012.6384140287388
10708,MADS168,o,12,ADS,44.1,89.9999999999963,547.4840809342419,991.5504329389748
10709,MADS168,æ,12,ADS,48.26180447829703,178.1955217029676,860.6021660447757,1484.3830486886502
10710,MADS168,i,12,ADS,49.44949973483615,110.50026516385003,410.5878278305121,2720.8462971488734
10711,MADS168,i,12,ADS,51.61117390326968,98.8260967303205,443.47020270780746,2515.0259774105753
10712,MADS168,e,12,ADS,55.98420610861449,90.31756759917187,700.9222714518756,1950.1780338362428
10713,MADS168,a,12,ADS,56.18947330770351,119.05497547162014,666.2418372922397,1220.473678591054
10714,MADS168,e,12,ADS,57.78758861344491,112.89695949894707,587.6846623238818,2149.4110619401167
10715,MADS168,a,12,ADS,58.16,130.00000000000256,635.4295345662719,1175.2224825058959
10716,MADS168,a,12,ADS,59.67,109.99999999999943,681.8670533612056,1127.5728043870076
10717,MADS168,æ,12,ADS,61.98,100.00000000000142,724.5863886552553,1500.2243320276136
10718,MADS168,i,12,ADS,62.42498600527749,75.0139947225108,418.65432459938523,2460.871647808199
10719,MADS168,e,12,ADS,64.6,100.00000000000853,613.8297949749309,2114.440182646905
10720,MADS168,e,12,ADS,65.95,90.00000000000341,540.0857764188621,1959.119327388044
10721,MADS168,i,12,ADS,67.86767087990201,52.329120097994064,406.7007906763294,2192.8073583289975
10722,MADS168,i,12,ADS,68.13041289473594,69.58710526406264,327.115747892661,2383.02170044856
10723,MADS168,a,12,ADS,68.4061584187257,112.89695949895417,626.5938261754335,1231.2700948857268
10724,MADS168,i,12,ADS,75.77,158.32412873839985,332.1338371265889,2569.861843334209
10725,MADS168,i,12,ADS,77.9,89.9999999999892,372.68033936326276,2604.9254995212223
10726,MADS168,æ,12,ADS,79.35,120.00000000000455,791.9021555076988,1483.9977241873046
10727,MADS168,a,12,ADS,79.62217012233123,97.82987766877227,599.6678319685169,1099.882067771432
10728,MADS168,a,12,ADS,81.24,97.85110014740894,643.179988385829,1005.4973456651682
10729,MADS168,o,12,ADS,83.78,120.00000000000455,542.6963421883358,988.8404160496908
10730,MADS168,i,12,ADS,84.0,40.00000000000625,615.6517950560592,1768.8289597446667
10731,MADS168,u,12,ADS,88.24352773568243,102.6335995445038,430.63364796618134,1551.018822861786
10732,MADS168,o,12,ADS,98.26196290828408,158.03709171592573,542.3578615778572,884.6751365707617
10733,MADS168,u,12,ADS,99.1,130.00000000000966,398.3611454024235,606.0112288962332
10734,MADS168,o,12,ADS,102.89,90.00000000000341,391.840702523808,762.727068042651
10735,MADS168,æ,12,ADS,105.15,79.9999999999983,769.1363451067507,1607.8935528795214
10736,MADS168,o,12,ADS,105.64,99.99999999999432,499.47426701389065,943.6615777486328
10737,MADS168,a,12,ADS,108.49,160.0000000000108,612.0299580556142,998.5174609831628
10738,MADS168,e,12,ADS,110.61,120.00000000000455,584.5454067527486,1886.1813401537527
10739,MADS168,o,12,ADS,112.34,69.99999999999318,427.43271778031243,994.5469120303559
10740,MADS168,a,12,ADS,113.1,116.73117204919947,619.0469658096257,1063.2266175060558
10742,MADS168,o,12,ADS,115.9099902116352,110.84428750810105,538.4353986421954,975.7596162361748
10743,MADS168,e,15,ADS,2.53,68.30528174369421,698.550186145784,1517.6985374339956
10744,MADS168,o,15,ADS,2.947044615096543,152.95538490345706,509.9479100148767,1058.7169588735394
10745,MADS168,e,15,ADS,4.407323313358757,112.67668664124298,600.5809192015689,2165.400730600183
10746,MADS168,o,15,ADS,5.102832917160187,117.51871849462425,518.4555714967253,918.9718246516927
10747,MADS168,i,15,ADS,6.55,160.00000000000014,438.51110778135813,2521.5222388943516
10748,MADS168,u,15,ADS,8.28,169.99999999999994,500.1483275447621,2085.4935610592147
10749,MADS168,u,15,ADS,9.41,72.59893035348775,471.2007313638909,948.7213902368533
10750,MADS168,u,15,ADS,9.627721899072826,177.47724833881938,509.1470178572401,815.8530352084794
10751,MADS168,i,15,ADS,11.08,99.99999999999964,394.6571318223007,2544.630053782345
10752,MADS168,æ,15,ADS,14.19,94.9738084937799,746.7648817188791,1613.7231177320098
10753,MADS168,æ,15,ADS,17.24,96.3170078284925,732.1423277055958,1488.904532064432
10754,MADS168,æ,15,ADS,19.22,109.99999999999943,733.9979427421149,1488.5894437488519
10755,MADS168,u,15,ADS,19.7804319515497,119.56804845029723,416.85484955035486,825.3495229256713
10756,MADS168,e,15,ADS,22.50094094047405,79.0590595259495,631.6825343672136,2121.418309696841
10757,MADS168,æ,15,ADS,22.67036772278297,159.63227721702822,769.5361488013033,1641.792181127522
10758,MADS168,u,15,ADS,23.71264759703299,135.10655391558046,394.9125443785023,786.6622396414668
10759,MADS168,æ,15,ADS,31.50454073013629,125.45926986370759,734.6870452104378,1596.343145382307
10760,MADS168,u,15,ADS,33.03690031028029,146.29881281984325,331.91944428051954,738.4492312961846
10761,MADS168,u,15,ADS,34.02543058975006,187.87006017848285,496.77345079883753,651.3762295947427
10762,MADS168,e,15,ADS,37.78406045971031,135.9395402896908,678.585893302647,1841.6687163501038
10763,MADS168,a,15,ADS,38.94,120.00000000000455,654.4373384593389,1112.6377751979892
10764,MADS168,e,15,ADS,40.41,120.00000000000455,718.0404918685948,1869.5466875601523
10765,MADS168,a,15,ADS,41.54394393858615,136.0560614138464,647.452187587935,1054.1593564352377
10766,MADS168,o,15,ADS,42.67866415423814,91.33584576186138,510.3660459970892,958.1118832581952
10767,MADS168,o,15,ADS,44.58,90.00000000000341,484.0075830764121,1055.6097649777382
10768,MADS168,æ,15,ADS,48.67,115.53442968316574,711.4088675386479,1613.7759356265071
10769,MADS168,i,15,ADS,49.20851346340525,131.48653659475684,404.3177307706672,2610.0747399756397
10770,MADS168,i,15,ADS,51.4323325307741,97.66746922590386,388.72332413296306,2637.2498116369607
10771,MADS168,e,15,ADS,56.1657683199069,84.23168009309734,628.0247997814522,2101.3986041784383
10772,MADS168,a,15,ADS,56.46798419388322,102.01580611678196,675.3886590336865,1157.14739565403
10773,MADS168,e,15,ADS,58.14376208611019,116.23791388980464,603.4777890203931,2130.6197131881636
10774,MADS168,a,15,ADS,58.54,130.00000000000256,738.0180633510267,1331.4326047122538
10775,MADS168,a,15,ADS,59.93,140.00000000000057,671.2014965116219,1161.7683645286052
10776,MADS168,æ,15,ADS,62.35769727171999,110.32369491330485,717.933796182452,1507.9821657945295
10777,MADS168,i,15,ADS,62.81897199972716,70.35134168384616,438.45337367807247,2184.4739974862096
10778,MADS168,e,15,ADS,65.42,97.57863038606729,599.4829102963527,1945.4294041860328
10779,MADS168,e,15,ADS,67.01,60.829596716601486,616.6597126255874,1766.8619431228144
10780,MADS168,i,15,ADS,68.3687396619217,71.26033807830368,373.7099722570165,1840.4100634003044
10781,MADS168,i,15,ADS,68.66133417343102,70.35134168386037,401.5133340563093,2121.5918061083316
10782,MADS168,a,15,ADS,68.96,109.99999999999943,648.1625442075868,1264.8191526105593
10783,MADS168,i,15,ADS,76.47976770342675,107.12590665497146,407.4229605885991,2416.296243884641
10784,MADS168,i,15,ADS,78.84,89.53477198407711,361.13704215730843,2499.9367046699745
10785,MADS168,æ,15,ADS,80.54,129.99999999999545,786.7800078205105,1640.372599148178
10786,MADS168,a,15,ADS,80.84,99.99999999999432,684.6406314208099,1137.0946472651717
10787,MADS168,a,15,ADS,82.43506343825226,64.75521223173075,596.4581023489436,1180.6245259763161
10788,MADS168,o,15,ADS,85.2,68.61175080524617,561.0043848039718,1227.5775366144628
10789,MADS168,i,15,ADS,85.391726598752,48.27340124799662,463.21854898787853,1614.1216461186807
10790,MADS168,u,15,ADS,90.33463928823848,75.36071176151893,546.7158385625946,1466.4145247697165
10791,MADS168,o,15,ADS,100.1067938826704,123.20611732960174,550.0317804533275,874.4126135096227
10792,MADS168,u,15,ADS,102.6295912918209,120.31847348629299,416.35397244865607,676.8313860833039
10793,MADS168,o,15,ADS,106.87,99.99999999999432,596.3142374083454,914.3300937396666
10794,MADS168,e,15,ADS,108.7244595519509,69.99675346639833,666.654717795235,1618.7921625497474
10795,MADS168,o,15,ADS,109.42,69.99999999999318,526.1141774472147,1129.188051534178
10796,MADS168,a,15,ADS,112.02,140.00000000000057,610.701776425652,1047.8931927282404
10797,MADS168,e,15,ADS,114.02,100.00000000000853,635.9210068712432,1844.6882216863107
10798,MADS168,o,15,ADS,116.1904321999912,161.40427858128703,512.6269855058986,984.3162068937705
10799,MADS168,a,15,ADS,117.12,149.99999999999147,613.9550596878662,1100.2155660416986
10801,MADS168,o,15,ADS,119.3905316369977,109.468363002307,516.723528992279,918.3889938778698
10802,MADS168,æ,18,ADS,1.85,79.99999999999984,722.703064394282,1680.2650400154484
10803,MADS168,o,18,ADS,2.308025444027264,111.97455597273587,561.2282681554905,1137.8973783245185
10804,MADS168,e,18,ADS,3.925154043870378,144.82189881219165,527.4239189718714,2011.694833960712
10805,MADS168,o,18,ADS,4.727040494733219,100.42091550873877,563.9073196370372,1030.1180625511988
10806,MADS168,i,18,ADS,6.130657216494755,109.3427835052454,415.3678052978146,2463.4880319522863
10807,MADS168,u,18,ADS,7.810302694979734,129.6973050202661,480.53887518565637,1510.2023014611752
10808,MADS168,u,18,ADS,9.132555748543169,69.71369341102296,469.43509650339337,963.867404250119
10809,MADS168,u,18,ADS,9.373233975795518,207.48123038995737,443.672830495624,919.9757655534041
10810,MADS168,i,18,ADS,10.56884146683094,90.46181645002171,402.3070786536181,2436.2066793740883
10811,MADS168,æ,18,ADS,13.6207435006723,137.7675369789415,736.361289316532,1649.876383741789
10812,MADS168,æ,18,ADS,15.61693137886596,69.71369341103006,766.5434541769042,1537.5615907334452
10813,MADS168,æ,18,ADS,17.64,94.77791629315035,738.5781841708736,1439.6955333469693
10814,MADS168,u,18,ADS,18.18219282272525,101.25084043031052,484.65008456601197,2394.607486034872
10815,MADS168,e,18,ADS,20.70016325358589,84.65234199909943,569.8043248494165,2111.6713146289803
10816,MADS168,æ,18,ADS,20.87247590766478,160.17550986105178,740.3465975063539,1628.785336302427
10817,MADS168,u,18,ADS,22.04737085387725,70.54361833258938,442.67296441692963,880.5876037259482
10818,MADS168,æ,18,ADS,29.6,83.47013671015802,694.2920593392066,1526.9279945628678
10819,MADS168,u,18,ADS,30.90337082586303,168.474759076652,374.7627712586871,725.1293444724963
10820,MADS168,u,18,ADS,31.79436274372498,179.26378305692836,467.5046695050121,978.6093823422009
10821,MADS168,e,18,ADS,35.36615159961904,114.52963917525238,661.7831031955652,1775.6158383131008
10822,MADS168,a,18,ADS,36.58171286698787,102.0807653518574,665.0588763859645,1210.4891478546563
10823,MADS168,e,18,ADS,38.09735754706398,97.93114074405906,649.4709171205905,1842.4110082037955
10824,MADS168,a,18,ADS,39.62482568074834,104.57054011654066,704.5361882844331,1211.2404239430061
10825,MADS168,o,18,ADS,40.4,90.00000000000341,588.2713524337631,1033.6942129897407
10826,MADS168,o,18,ADS,42.09290529751201,67.0947024879851,550.8059382415724,1103.4423910348846
10827,MADS168,æ,18,ADS,47.15357042805857,143.89070203943533,850.5638223254338,1524.6552285832993
10828,MADS168,i,18,ADS,47.72642508964529,139.42738682206368,360.6525712364186,2547.3320239698432
10829,MADS168,i,18,ADS,50.54197445091812,98.76106566561305,390.71088024785746,2524.5071928479865
10830,MADS168,e,18,ADS,54.53662357126754,81.33264231285864,629.2045863221208,2088.097447538243
10831,MADS168,a,18,ADS,54.76734269946117,150.12109199910384,641.9738829928854,1201.751022061925
10832,MADS168,e,18,ADS,56.33164122030376,76.35309278349922,645.401446633885,1920.8104355900114
10834,MADS168,a,18,ADS,58.13798990082813,99.59099058718124,667.0528099575774,1163.9383567275354
10835,MADS168,æ,18,ADS,60.63538617772291,90.4618164500306,750.2469684199982,1504.6858261493676
10836,MADS168,i,18,ADS,61.08467734480045,81.33264231286574,424.7644095910897,2443.4284184084127
10837,MADS168,e,18,ADS,63.01,161.32703944402493,543.5134950506144,2100.3718844193236
10838,MADS168,e,18,ADS,64.1940888334825,70.54361833259293,579.4347670342836,1792.3395598258533
10839,MADS168,i,18,ADS,66.2319746610261,50.62542021515526,391.6255207925048,2260.893108904397
10840,MADS168,a,18,ADS,66.48272117324035,80.50271739129755,675.0236245067643,1215.9530501458612
10841,MADS168,i,18,ADS,73.44407797792398,151.04633572389048,351.78155492957126,2716.4496868924343
10842,MADS168,i,18,ADS,75.64411565721568,107.8902398027708,407.52995177966693,2539.540455224127
10843,MADS168,æ,18,ADS,77.17,140.00000000000057,725.3940010915634,1510.7601740018226
10844,MADS168,a,18,ADS,77.5,105.98869621155416,608.4177020105802,1106.701099010837
10845,MADS168,o,18,ADS,80.96,60.000000000002274,611.0573124724257,1021.2656295905073
10846,MADS168,i,18,ADS,81.13477357406879,45.645870685788736,526.5843262867231,1854.9413137948939
10847,MADS168,u,18,ADS,82.01954700806697,60.58451927385988,443.3308385110523,783.710450836106
10848,MADS168,u,18,ADS,84.65071282496507,67.22391864634858,577.5802083870713,1466.3293513076087
10850,MADS168,u,18,ADS,95.8,144.53832361976993,352.83193151455515,636.6483483393017
10851,MADS168,o,18,ADS,99.86635575414395,109.55008964590718,585.9862160421745,932.0063464032962
10852,MADS168,æ,18,ADS,101.7404669531658,111.20993948900093,766.6242896600882,1566.95079553981
10854,MADS168,a,18,ADS,104.7026479857663,175.94408337069467,641.1790497869002,1078.354473812557
10855,MADS168,e,18,ADS,106.38,90.41391192040749,565.965308889483,1967.6939733917845
10856,MADS168,u,18,ADS,106.7487524512525,137.76753697899835,453.72415044530544,2211.002415946339
10857,MADS168,o,18,ADS,108.4457583482717,140.25731174361056,605.5175664718948,1002.0491890470216
10858,MADS168,a,18,ADS,109.3292809418396,136.10768713580512,624.9083357137896,1084.9901214637416
10859,MADS168,e,18,ADS,110.3086658168956,131.33418310439993,589.4636478332627,1980.8696005395022
10860,MADS168,o,18,ADS,111.5293305272272,140.6694727727995,437.19050534501844,899.3939353124484
10861,MADS168,æ,6,ADS,4.35,140.00000000000057,847.3113287265427,1460.3607303420313
10862,MADS168,o,6,ADS,4.956981330263255,143.0186697367448,464.2394158699325,956.79480856017
10863,MADS168,e,6,ADS,6.37,189.9999999999995,715.1773341989119,2273.190904012767
10864,MADS168,o,6,ADS,7.275499042802334,109.47194265614257,518.0119441543479,1026.4002874443802
10865,MADS168,i,6,ADS,8.596729368603103,143.27063139689676,364.1194126824069,1867.1717892714405
10867,MADS168,u,6,ADS,11.4573628091193,92.63719088070133,431.82157944410625,863.0068112284655
10868,MADS168,u,6,ADS,11.71,219.99999999999886,348.501021126438,855.8941062307449
10869,MADS168,i,6,ADS,12.64,109.99999999999943,390.25295447633937,2512.975644219552
10870,MADS168,æ,6,ADS,16.24,120.000000000001,826.0783195552814,1652.1791396195845
10871,MADS168,æ,6,ADS,18.73,90.07835257036945,852.0395903648333,1454.9405311838427
10872,MADS168,æ,6,ADS,20.71,125.69040663804998,831.4927506027855,1551.8367778412423
10873,MADS168,u,6,ADS,21.26991004447942,183.34325355418812,381.73258928853426,860.231136440257
10874,MADS168,e,6,ADS,24.76620698079784,117.4820848017113,609.1710898920751,1842.2965921810173
10875,MADS168,æ,6,ADS,24.94,139.99999999999702,814.1652853217047,1526.4472662782575
10876,MADS168,u,6,ADS,26.02380416736784,98.79175312871169,441.0895628711129,714.5291136534985
10877,MADS168,æ,6,ADS,33.2,119.99999999999744,889.3079616315628,1663.0260194290613
10878,MADS168,u,6,ADS,35.15,130.00000000000256,299.7593218281438,799.2619427612431
10879,MADS168,u,6,ADS,36.19,140.00000000000057,459.4936143697631,677.4327193956893
10880,MADS168,e,6,ADS,39.71,130.00000000000256,695.2864659602509,1967.8561638792419
10881,MADS168,a,6,ADS,41.06,119.99999999999744,707.998351309672,1151.6498454057032
10882,MADS168,æ,6,ADS,42.53,210.00000000000085,929.7429520552695,1620.2808423813294
10883,MADS168,e,6,ADS,43.02181207385016,130.83232171099013,553.5306615297128,2160.848086123627
10884,MADS168,a,6,ADS,44.86,130.00000000000256,595.3413469205499,1097.013157372509
10885,MADS168,o,6,ADS,46.23,124.53345328639642,452.26438940042175,979.0516683662828
10886,MADS168,o,6,ADS,48.22,107.62892831186122,527.8565457058911,976.3465018171863
10887,MADS168,æ,6,ADS,53.29,188.6851241595977,797.2234340972157,1517.7593884008918
10888,MADS168,i,6,ADS,54.06005765653075,179.94234346924998,390.01514280167765,2685.7425556728426
10889,MADS168,i,6,ADS,56.80106624239483,118.93375760516989,398.06631812709503,2514.734729018578
10890,MADS168,e,6,ADS,64.59,159.9999999999966,543.7801202267229,2453.324446828575
10891,MADS168,a,6,ADS,64.95,119.99999999999034,690.942740344656,1056.1799047243003
10892,MADS168,e,6,ADS,66.8034206953293,136.35571479292707,653.8550987637041,2194.427732366073
10893,MADS168,a,6,ADS,67.16701617406149,142.983825938515,822.1136740030757,1179.2513563264642
10894,MADS168,a,6,ADS,68.72,170.0000000000017,740.1721353211287,1220.3134150216786
10895,MADS168,æ,6,ADS,71.82,170.0000000000017,782.4189527283716,1458.6885282500787
10896,MADS168,i,6,ADS,72.64493652836653,134.56156065090852,303.17247070027463,2572.907005508456
10897,MADS168,e,6,ADS,74.88004829766182,129.95170233818953,525.2765429175909,2240.2677653356523
10898,MADS168,e,6,ADS,76.62,102.12708725075004,615.4729985806148,1988.1112520239847
10899,MADS168,i,6,ADS,78.54,69.99999999999318,437.15325857379787,2282.17567162162
10900,MADS168,i,6,ADS,78.85285875633821,68.17785739646354,296.20072857008176,2484.1668890306432
10901,MADS168,a,6,ADS,79.18,143.32609150929443,639.4344079743845,1158.464989563139
10902,MADS168,i,6,ADS,87.48,159.9999999999966,319.13119661720117,2481.551887453644
10903,MADS168,i,6,ADS,89.81,115.97072888801563,410.6480746129087,2303.100224453551
10904,MADS168,æ,6,ADS,91.72,120.00000000000455,856.0538026456954,1570.1697540911664
10905,MADS168,a,6,ADS,92.01265936911987,113.03171094677111,590.3533473076052,1032.311208364566
10906,MADS168,a,6,ADS,93.21,109.99999999999943,685.3576681709544,1078.0568312856715
10907,MADS168,o,6,ADS,95.73,69.99999999999318,557.7258689792383,1048.9135127206382
10908,MADS168,i,6,ADS,95.93,53.18400893060016,495.8014286638652,1888.8967758267884
10909,MADS168,u,6,ADS,100.2059867806758,134.5615606508943,406.60696587794064,697.9406183306625
10910,MADS168,o,6,ADS,111.4693125248918,180.6874751082006,446.8223273679085,830.7557557146511
10911,MADS168,u,6,ADS,111.89,129.99999999999545,408.8069229294125,781.4764222577178
10912,MADS168,o,6,ADS,119.03,129.99999999999545,492.0813523885013,858.4815692258701
10913,MADS168,æ,6,ADS,121.0,159.9999999999966,826.800277223729,1420.4704590477097
10914,MADS168,o,6,ADS,121.6,140.00000000000057,552.4417972592405,1028.4994661391056
10915,MADS168,a,6,ADS,125.14,79.9999999999983,851.5220848202467,1493.7151424776723
10916,MADS168,e,6,ADS,127.08,129.99999999999545,562.8784856492456,1705.3018505540576
10918,MADS168,o,6,ADS,129.63,129.99999999999545,552.045557511001,1127.764322762598
10919,MADS168,a,6,ADS,130.43,150.00000000000568,709.5450869560045,1104.855758093652
10921,MADS168,o,6,ADS,133.1628117617788,137.1882382211993,581.4432398236914,987.7979909660007
10922,MADS169,æ,15,ADS,1.77,110.71056152358993,865.5226277097474,1516.2568452867283
10923,MADS169,o,15,ADS,2.281367024260079,118.63297573992071,470.4984727682785,1013.5087509470862
10925,MADS169,o,15,ADS,3.92,153.38470171764573,476.9307151953283,919.638864702067
10926,MADS169,i,15,ADS,4.989603942640722,160.39605735927864,352.49124629681285,2701.2417728832565
10927,MADS169,u,15,ADS,6.44,199.9999999999993,419.3099598446529,923.2782848433337
10928,MADS169,u,15,ADS,7.433542476234629,146.45752376537135,353.5452830656797,915.5147434149072
10929,MADS169,u,15,ADS,7.74838482307365,181.61517692634987,395.8544637692338,630.444851436004
10930,MADS169,i,15,ADS,8.28,110.00000000000121,368.03659105424157,2507.2319858181977
10932,MADS169,u,15,ADS,15.71,175.4886125254185,462.43249175708445,932.4970662967628
10933,MADS169,e,15,ADS,17.69,88.10598132332714,473.5964700630663,1689.279251934172
10934,MADS169,æ,15,ADS,17.96,140.00000000000057,958.6343202012241,1350.901826573302
10937,MADS169,e,15,ADS,31.97,210.00000000000085,521.1087335204827,1953.2140508116458
10938,MADS169,a,15,ADS,33.08398832658396,134.72603789005433,860.2411786274121,1234.530951262725
10939,MADS169,a,15,ADS,35.77,189.99999999999773,573.6004884720303,1197.8479443216534
10941,MADS169,o,15,ADS,38.69,150.00000000000568,430.50764665805156,1226.69841057099
10942,MADS169,æ,15,ADS,42.13,149.99999999999858,887.327596537521,1494.0534577018282
10943,MADS169,i,15,ADS,42.73642508470336,134.72603789005433,350.6665198977066,2558.2736145248596
10944,MADS169,i,15,ADS,45.16,120.00000000000455,360.1217660325897,2480.470969970701
10945,MADS169,e,15,ADS,49.21446576583755,80.10737388056555,619.1593857085384,2164.0695774571227
10946,MADS169,a,15,ADS,49.46,160.46450164137838,441.32187943012707,1091.563119764669
10947,MADS169,e,15,ADS,50.57718187746744,72.81812253255993,668.1190544405626,2010.5884783935703
10948,MADS169,æ,15,ADS,54.9,131.75658863619333,736.4328219061163,1427.3013332195928
10949,MADS169,i,15,ADS,55.52137578857131,98.62421142868527,384.4542435365672,2624.484285762092
10950,MADS169,e,15,ADS,57.35,109.64133597953207,676.8523888520191,2323.253985205383
10952,MADS169,i,15,ADS,60.0204877539248,65.54239681138085,366.8051215423221,2234.3081970701865
10953,MADS169,a,15,ADS,60.33,151.10515373812206,674.3395302019896,1156.7524633984067
10954,MADS169,i,15,ADS,65.79,150.82422505555826,329.0444928786229,2569.8693205734953
10955,MADS169,i,15,ADS,67.7,109.99999999999943,343.29835374408503,2540.5710523837693
10956,MADS169,a,15,ADS,69.68,92.56957981673963,721.1674727838861,1185.9559185207968
10957,MADS169,a,15,ADS,71.00286160310577,67.36301894503072,422.40706774972807,994.518981950081
10959,MADS169,i,15,ADS,73.52,65.32264510985897,427.3105327239054,2215.1529506481224
10961,MADS169,o,15,ADS,85.75,127.0129047754125,472.91188143800946,997.2701508751559
10962,MADS169,u,15,ADS,86.24,160.0000000000108,291.885045154753,707.757675703516
10963,MADS169,o,15,ADS,90.22,170.0000000000017,463.1304733472529,968.9044030692536
10964,MADS169,æ,15,ADS,92.25,120.00000000000455,754.8310617583086,1349.3040664237674
10966,MADS169,a,15,ADS,95.86,150.00000000000568,713.5156640268607,1196.2359130799416
10967,MADS169,e,15,ADS,97.4,146.96461688087936,603.0658975116295,1544.4821651125862
10968,MADS169,u,15,ADS,97.92,153.12441350555162,461.3160450300154,1491.1232423689175
10969,MADS169,a,15,ADS,100.23,151.0887637357996,653.8317856937778,1181.3157861031702
10970,MADS169,o,15,ADS,102.3897490929243,143.82914855829654,599.3018744396178,745.5312764513596
10972,MADS169,o,18,ADS,1.896260377939315,121.16903854773686,500.8721697283952,772.2626944800068
10973,MADS169,e,18,ADS,2.856596692389355,104.57054011654022,541.6540871459492,1934.8680727578858
10974,MADS169,o,18,ADS,3.691534530512423,81.33264231286397,444.0595655980218,1010.6829759364241
10975,MADS169,i,18,ADS,4.630217966149765,119.50918870461713,333.409717823086,2284.564875214731
10976,MADS169,u,18,ADS,6.596893003440241,163.10699655975912,296.22533978619856,853.0842075475473
10977,MADS169,u,18,ADS,7.866827290218009,173.17270978198974,259.0594846532029,669.7220909506079
10978,MADS169,u,18,ADS,8.275954637538886,97.10121582250153,296.66710379765817,602.2028562363114
10979,MADS169,i,18,ADS,8.959179677565922,100.42091550874233,384.1198399112232,2516.3127375526606
10980,MADS169,æ,18,ADS,11.83,114.57619833555022,996.7183071986396,1482.3446353947902
10981,MADS169,æ,18,ADS,15.09558332866428,82.99249215598081,834.9308679854272,1597.1675567882091
10982,MADS169,u,18,ADS,15.62,80.00000000000007,373.35232548949864,779.8613875804676
10983,MADS169,e,18,ADS,17.27690126344692,93.0987365530811,634.330941222338,2412.5939081996817
10984,MADS169,æ,18,ADS,17.48,197.03426154194048,645.6062173017915,1155.7075812499427
10985,MADS169,u,18,ADS,18.42899113346037,113.6043954504693,317.69104016589375,605.4662591457741
10988,MADS169,e,18,ADS,30.91590948565685,174.09051434314904,579.0009181524302,2312.9267361985853
10989,MADS169,a,18,ADS,32.03,122.6802722996112,770.6350489786269,1210.0738078045856
10991,MADS169,a,18,ADS,34.89,162.02347601976186,613.3211293005587,1137.5705596947846
10993,MADS169,o,18,ADS,37.68,124.72686015230039,401.92868437424534,957.0872705330258
10994,MADS169,æ,18,ADS,40.75251484760171,149.3864858807683,982.0848432828193,1487.1129806978586
10995,MADS169,i,18,ADS,41.39302624943944,111.20993948902225,354.40954355374606,2478.234941474936
10996,MADS169,i,18,ADS,43.64001022523496,149.3864858807683,295.91862292802716,2413.7983282660193
10997,MADS169,e,18,ADS,47.72703510197166,72.96489802833861,681.1623768261268,2154.268731224368
10998,MADS169,a,18,ADS,47.99427092671392,177.60393321381684,613.953260116481,1342.379661461699
10999,MADS169,e,18,ADS,49.27104689601012,81.33264231287285,488.69965170014603,1874.72553106518
11000,MADS169,æ,18,ADS,53.1728059166285,102.91069027342559,857.2278624913821,1318.109458045591
11001,MADS169,i,18,ADS,53.81709174262382,81.77047785027725,350.4468725164523,2394.8222737885826
11002,MADS169,e,18,ADS,55.71833536072563,129.70489590044565,597.573411569943,2240.7997801549654
11003,MADS169,e,18,ADS,56.86,77.19790597118958,593.2137909183006,1988.5387368780403
11004,MADS169,i,18,ADS,58.04582124682972,56.393433000195614,313.386416375156,2372.1728444219943
11006,MADS169,i,18,ADS,65.11,193.41789535158682,428.65764003269396,2681.721702030159
11007,MADS169,i,18,ADS,67.06637646407026,155.0819407505486,330.6028347008034,2524.710562004566
11009,MADS169,a,18,ADS,68.92,96.08910781440727,667.903020682169,1170.7511335124927
11010,MADS169,o,18,ADS,72.82321164608221,42.29507475015737,355.8685063959241,987.439996567567
11012,MADS169,o,18,ADS,84.79967662505108,115.6065376504074,464.1821236026686,1008.9908910663917
11013,MADS169,u,18,ADS,85.29311916380281,88.81965697530347,357.44628143300395,883.986949673071
11014,MADS169,o,18,ADS,89.40766445839951,155.0819407505486,404.51393867366426,898.2595985322375
11015,MADS169,æ,18,ADS,91.21889519252294,91.10480747706617,793.3623610688146,1587.12616870073
11016,MADS169,o,18,ADS,91.8315964521794,78.40354782059933,468.09970566919304,985.9014450769041
11017,MADS169,a,18,ADS,93.99149577238197,149.44259745051625,699.1925248128271,1086.30205765604
11018,MADS169,e,18,ADS,95.20613392555887,128.2950600754873,665.5966648962972,1599.0007637784831
11019,MADS169,u,18,ADS,95.63260816788538,107.1475227003873,367.0726865034487,977.8789173803016
11020,MADS169,o,18,ADS,97.24109246492816,84.59014950030053,472.47279669663624,858.5561821427781
11021,MADS169,a,18,ADS,98.22396014025482,83.18031367528533,730.2398376777649,1172.010769432823
11022,MADS169,e,18,ADS,99.0,79.9999999999983,667.4333766960982,1299.3509468450263
11023,MADS169,æ,6,ADS,2.02,160.00000000000014,910.4875336281095,1559.990700710141
11024,MADS169,o,6,ADS,2.525191555556339,154.80844444366105,493.35631713648456,1028.335759459858
11025,MADS169,e,6,ADS,3.43,137.30481597736377,701.6767128139854,2324.6155540026884
11027,MADS169,i,6,ADS,5.43,160.00000000000014,288.6235985075378,2390.708705798921
11028,MADS169,u,6,ADS,6.98,209.99999999999997,400.5047667525524,990.5206319172491
11029,MADS169,u,6,ADS,8.29,210.00000000000085,349.83678382443526,1669.8921828317805
11030,MADS169,u,6,ADS,8.698528965325043,196.54256324398568,409.02964278286885,829.6416779702768
11031,MADS169,i,6,ADS,9.28,100.00000000000142,390.576037107658,1918.9070685311026
11033,MADS169,æ,6,ADS,13.93,140.00000000000057,875.7807037443287,1422.3591548207933
11034,MADS169,æ,6,ADS,16.04,120.000000000001,835.283750036415,1503.9703458206488
11035,MADS169,e,6,ADS,18.72,144.7554822453725,624.9068106107948,2520.387989265695
11036,MADS169,æ,6,ADS,18.95,179.99999999999972,932.9703700952822,1623.9297522309641
11037,MADS169,u,6,ADS,19.62010463915155,152.54049684607196,405.6934605167976,1965.5391104633313
11039,MADS169,u,6,ADS,28.52,98.91817678382964,297.4856525315002,1113.6838800078676
11041,MADS169,e,6,ADS,32.786719237547,223.2807624530011,542.0103820612209,1887.1468073445794
11042,MADS169,a,6,ADS,33.86,100.00000000000142,970.365067113004,1395.6222707120812
11044,MADS169,a,6,ADS,36.52,159.9999999999966,582.130732421888,1110.0770760919124
11045,MADS169,o,6,ADS,37.46,140.00000000000057,442.4357964512501,846.7299340645554
11046,MADS169,o,6,ADS,39.71,170.0000000000017,469.13396335151026,868.2817334125132
11047,MADS169,æ,6,ADS,43.44,140.00000000000057,878.9697137116583,1563.2883566546166
11048,MADS169,i,6,ADS,44.06471164919687,115.87210818114357,360.76670090530865,2293.4256735513295
11049,MADS169,i,6,ADS,46.5139528052033,176.0082655916193,326.0356780316254,1835.2785432950036
11050,MADS169,e,6,ADS,50.64299154434869,102.67148826178385,742.5904145230878,2116.495157983494
11051,MADS169,e,6,ADS,51.83,107.29445257256032,549.7466865014319,2046.8261735132874
11053,MADS169,æ,6,ADS,56.62,140.00000000000057,887.9812719636758,1647.6202042914254
11054,MADS169,i,6,ADS,57.15,109.99999999999943,370.513503999358,2552.277168922691
11055,MADS169,e,6,ADS,58.87,129.50821188946549,600.6060740293896,2002.7977829713732
11056,MADS169,e,6,ADS,59.97,82.60468475486249,563.9689061764833,1744.4518256914125
11057,MADS169,i,6,ADS,61.84,59.99999999999517,358.23743204899586,2282.214394355866
11058,MADS169,a,6,ADS,62.16,130.00000000000256,639.8534647409587,1197.0994861001052
11059,MADS169,i,6,ADS,67.98,161.46924399272677,386.5057983480683,2563.176819020041
11060,MADS169,i,6,ADS,69.83,112.59102082699712,307.98866498879175,2173.8329497601226
11062,MADS169,a,6,ADS,72.02,79.9999999999983,639.978633248101,1105.463412747591
11063,MADS169,a,6,ADS,73.46691985810226,127.60599255392435,518.3907069643866,1235.7956616859092
11064,MADS169,o,6,ADS,75.28,55.17565482386999,437.71461150698576,950.2311214234837
11065,MADS169,i,6,ADS,75.56,53.855408677279115,395.4711359969822,1765.9531103718102
11066,MADS169,u,6,ADS,78.79,69.99999999999318,421.22892997950464,1467.8345429641295
11067,MADS169,o,6,ADS,87.33193770092718,105.60495935497727,470.23235256920225,1046.8368551754506
11068,MADS169,u,6,ADS,87.78,130.20192985281653,368.2754636908779,2012.123426067854
11069,MADS169,o,6,ADS,91.63,160.0000000000108,440.03812918146207,1012.8647030873834
11070,MADS169,æ,6,ADS,93.97,115.26284900827477,757.917746072889,1847.6098873571348
11071,MADS169,o,6,ADS,94.55,130.00000000000966,514.0705491285513,954.5272150634606
11072,MADS169,a,6,ADS,96.99,180.00000000000682,672.2567368960908,1198.0502576473227
11074,MADS169,u,6,ADS,98.63,133.8583035538079,358.87708537128776,1144.0433352333011
11076,MADS169,a,6,ADS,101.09,140.00000000000057,671.8120861962748,1144.7583702258873
11078,MADS169,o,6,ADS,103.0518428129263,136.4064058334975,563.3661935112377,1048.5286722852923
11079,MADS170,æ,12,ADS,2.42,89.76420826401821,713.9087646673348,1496.2769484386317
11080,MADS170,o,12,ADS,3.017269653370894,102.73034662910607,488.3054243578652,810.7942442248917
11081,MADS170,e,12,ADS,3.97,109.99999999999987,477.1351587684388,2211.6079986669506
11082,MADS170,o,12,ADS,4.642491318838096,106.77387286664074,395.7114871958188,930.1081095829466
11083,MADS170,i,12,ADS,5.65,99.99999999999964,334.96274108392254,2484.3833380386595
11084,MADS170,u,12,ADS,7.1,150.00000000000034,351.9858242843651,583.7269813473058
11085,MADS170,u,12,ADS,8.0,92.19201024343526,320.4250956724293,1106.287232713624
11086,MADS170,u,12,ADS,8.3,99.99999999999964,359.06747474683857,1519.7926359681537
11087,MADS170,i,12,ADS,8.784117989079183,75.88201092081626,300.6342560202151,2498.6698321062554
11088,MADS170,æ,12,ADS,11.73,124.7117390857504,795.2745013441395,1456.0055647280767
11089,MADS170,æ,12,ADS,13.0,130.0000000000008,829.4833854947417,1511.575974563525
11090,MADS170,æ,12,ADS,14.4459172424871,94.08275751289885,606.6719126173285,1406.51455116655
11091,MADS170,u,12,ADS,14.91,117.2416614277001,367.8432410529027,1240.6147919239904
11092,MADS170,e,12,ADS,16.41,76.0054758923907,638.3981925496036,2159.4346967846445
11093,MADS170,æ,12,ADS,16.55,116.5983225927576,747.8923535119934,1743.384531842281
11094,MADS170,u,12,ADS,17.22298837643407,117.01162356592931,381.0064996887054,1364.2504472156738
11095,MADS170,u,12,ADS,24.22,89.99999999999986,445.1581860830593,1298.5052398614446
11097,MADS170,e,12,ADS,27.99,140.00000000000057,551.6822546856375,2263.1097763663597
11098,MADS170,a,12,ADS,28.96,105.45108525738911,518.9347520480742,1574.8089734867535
11099,MADS170,e,12,ADS,30.26,79.9999999999983,523.120973744372,2158.801944068014
11100,MADS170,a,12,ADS,31.4,112.56663427035107,563.6972745174609,1191.4595617327032
11101,MADS170,o,12,ADS,32.33,100.03102334667346,406.28222715700616,783.115370888564
11102,MADS170,o,12,ADS,33.79,79.76516416419344,403.48625021400704,939.2590017272438
11103,MADS170,æ,12,ADS,36.08,103.77140979315413,652.366925294,1809.5194388871253
11104,MADS170,i,12,ADS,36.52913875165809,90.86124834190912,329.3020499788913,2248.603776399335
11105,MADS170,i,12,ADS,38.25,91.17908375564099,373.288848581062,2498.8953504925007
11106,MADS170,e,12,ADS,41.57347585369023,96.52414630976835,437.2730453260441,1874.504460155155
11107,MADS170,a,12,ADS,41.86,130.00000000000256,658.1344624436906,997.8018980702981
11108,MADS170,e,12,ADS,42.6,89.9999999999963,417.70268110566457,2180.1247629151108
11109,MADS170,a,12,ADS,42.95,119.99999999999744,698.4414396730043,1105.6462382129448
11110,MADS170,a,12,ADS,44.35,109.99999999999943,805.1135246906983,1395.143752723522
11111,MADS170,æ,12,ADS,46.52636797032982,73.63202967017912,673.857297740833,1646.7102489473632
11112,MADS170,i,12,ADS,46.97382427742421,76.17572257579042,386.07573769609996,2540.028064613782
11113,MADS170,e,12,ADS,48.34544731156727,94.5526884327279,496.5126443168691,2091.9880196560175
11114,MADS170,e,12,ADS,49.55,60.000000000002274,536.9397643851233,1890.5216340279494
11115,MADS170,i,12,ADS,50.91,90.00000000000341,332.0739133082895,2472.9490601330685
11116,MADS170,i,12,ADS,51.31,49.99999999999716,291.811098767588,2506.4931787242285
11117,MADS170,a,12,ADS,51.58,88.41990908306485,503.0644616882983,1271.8551088739675
11118,MADS170,i,12,ADS,56.90264715298208,116.00124459585004,253.95491742818476,2591.2151401235737
11119,MADS170,i,12,ADS,58.73,120.49015780418415,271.2055064891603,2399.0743915447474
11120,MADS170,æ,12,ADS,60.52,169.9999999999946,775.3555918281311,1639.9548405019643
11121,MADS170,a,12,ADS,61.97,75.03576290287839,657.2233105437242,979.9927806058853
11122,MADS170,o,12,ADS,63.65,65.31435007595832,429.0896331601318,905.3751718836767
11123,MADS170,i,12,ADS,63.9011799806216,48.820019378403856,488.81210251978047,1999.8337757601398
11124,MADS170,o,12,ADS,73.81039825234328,109.60174765672548,424.634258963365,842.9204290492848
11125,MADS170,u,12,ADS,74.28,99.99999999999432,347.15973299484085,734.2775548002239
11126,MADS170,o,12,ADS,77.45796818482084,132.03181517916107,416.4112977719529,703.4530438205755
11127,MADS170,æ,12,ADS,79.18147961719798,131.81959613166327,709.6420415993505,1456.1433072583602
11128,MADS170,o,12,ADS,79.77,100.00000000000853,504.25533286343426,881.9191590833877
11129,MADS170,a,12,ADS,82.06,140.00000000000057,652.4497012874161,944.3682254750427
11130,MADS170,e,12,ADS,83.18019468213708,69.80531786291522,508.68310240412,2120.015162919757
11131,MADS170,u,12,ADS,83.5,118.7887773788674,230.97419907114104,677.8093019258072
11132,MADS170,o,12,ADS,84.76560372103457,64.39627896543243,393.54991252550565,799.8979245577078
11133,MADS170,a,12,ADS,85.5,120.00000000000455,722.0261614958831,1005.3026167868575
11134,MADS170,e,12,ADS,86.26305879040044,96.94120959956365,570.463660688529,2131.5985395636485
11135,MADS170,o,12,ADS,87.34169270394426,114.68304863454648,530.6389942674152,1851.8837804766838
11136,MADS170,æ,15,ADS,2.38,94.3294537078141,737.9199756255894,1092.5429200038125
11137,MADS170,o,15,ADS,2.933211210208828,106.7887897911719,407.96254977139944,801.642339340729
11138,MADS170,e,15,ADS,3.85,73.68521179637399,498.3442548773223,2137.5352995121934
11139,MADS170,o,15,ADS,4.59,112.10725392468657,441.07574939141966,1061.9273611628726
11140,MADS170,i,15,ADS,5.69,99.99999999999964,275.2625209321124,2673.5904626843476
11141,MADS170,u,15,ADS,7.1,140.00000000000057,281.98045495223806,665.1406045928923
11142,MADS170,u,15,ADS,8.161177732214949,84.1741468857844,316.849145685713,673.928607272221
11143,MADS170,u,15,ADS,8.46,119.99999999999922,312.69184498715254,756.893527094251
11144,MADS170,i,15,ADS,8.93,99.99999999999964,402.0008723439551,2504.5908629529636
11145,MADS170,æ,15,ADS,11.85,104.77211932390951,776.4848290191818,1452.0789170036232
11146,MADS170,æ,15,ADS,13.20341453065404,103.14296871919915,880.8301074190782,2122.1626257351304
11147,MADS170,u,15,ADS,13.5128801260143,97.1198739856991,505.41208633236204,946.4605843769798
11148,MADS170,æ,15,ADS,14.9,109.99999999999943,652.4572438899992,1467.579186404108
11149,MADS170,u,15,ADS,15.42980835550165,99.58631462543899,338.75637476128077,683.8851629142948
11150,MADS170,e,15,ADS,17.11994610087345,62.83422232318969,628.1647165979506,1945.8333682522355
11151,MADS170,æ,15,ADS,17.24,106.38641150986317,778.3788535656942,1435.8388682210132
11152,MADS170,u,15,ADS,18.02972423859987,124.4828932817903,348.6699260751059,567.625756976533
11153,MADS170,u,15,ADS,25.07,130.70611277822053,383.5305791100248,733.1107666459495
11155,MADS170,e,15,ADS,28.35,129.999999999999,554.5828329721273,2436.274970034232
11156,MADS170,a,15,ADS,29.3,104.65302150928935,646.6335565840391,1099.5045276594637
11157,MADS170,e,15,ADS,30.51,79.9999999999983,590.7619239094819,2021.9449001116652
11158,MADS170,a,15,ADS,31.59,126.52160487903075,463.2217094374918,872.4054922264879
11159,MADS170,o,15,ADS,32.51,80.0000000000054,410.8215877035459,889.9246470261093
11160,MADS170,o,15,ADS,34.24,84.02601524316111,403.60026283845815,1119.7706323451862
11161,MADS170,æ,15,ADS,37.14,108.18770022424218,665.3338226176406,1346.526161071321
11162,MADS170,i,15,ADS,37.58,120.00000000000455,349.99461060453075,2397.173123066826
11163,MADS170,i,15,ADS,39.92,89.9999999999963,330.1593389453968,2591.191973218978
11164,MADS170,e,15,ADS,43.40826440454283,71.73559545717012,456.84931757883925,2268.116268114953
11165,MADS170,a,15,ADS,43.68,126.48461744507955,540.2228246938813,1050.7397699233754
11166,MADS170,e,15,ADS,44.59,88.20505856896688,424.3287084630301,2554.773653812289
11167,MADS170,a,15,ADS,44.95,140.00000000000057,642.5314368502512,1050.8944811905883
11168,MADS170,a,15,ADS,46.41,100.00000000000142,736.7787943284383,1209.7636638899469
11169,MADS170,æ,15,ADS,48.61101587095204,114.99848236509536,712.1799963381216,1628.9722452055414
11170,MADS170,i,15,ADS,49.12380102900725,66.19897099275107,401.64604697193397,2417.304439365218
11171,MADS170,e,15,ADS,50.79,95.46870426378007,483.6663885646165,2109.307760387438
11172,MADS170,e,15,ADS,51.92,59.99999999999517,547.961611751809,2201.280708550858
11173,MADS170,i,15,ADS,53.20547441238341,84.52558761658935,329.46267220734705,2594.473350715196
11174,MADS170,i,15,ADS,53.56,49.99999999999716,343.05616788408054,2443.543774388616
11175,MADS170,a,15,ADS,53.81,87.6746745009882,593.1468160958364,1000.0956027901487
11176,MADS170,i,15,ADS,58.40894619640645,114.99848236509536,389.32037073804076,2705.836830104502
11177,MADS170,i,15,ADS,60.86,109.99999999999943,316.0503299863154,2577.401143321569
11179,MADS170,a,15,ADS,62.50808936597492,78.24639006284428,585.7149966592438,1126.168999962637
11180,MADS170,a,15,ADS,63.48571573389287,64.2842661071299,520.2733517064206,1029.9041115267191
11181,MADS170,u,15,ADS,65.27,90.00000000000341,326.05596770546543,786.136826624375
11182,MADS170,i,15,ADS,65.52,55.185865126318845,459.3665798899799,2216.7070719187236
11183,MADS170,u,15,ADS,68.39315983557593,96.84016442406573,303.3173844045534,828.5805003919249
11184,MADS170,o,15,ADS,75.731973102581,106.69962281296819,442.70079655725493,873.5387959004067
11185,MADS170,u,15,ADS,76.16,90.00000000000341,371.1281017184527,761.0313663846434
11186,MADS170,o,15,ADS,79.25,109.99999999999943,372.7472218208224,817.5202197133858
11187,MADS170,æ,15,ADS,80.67,146.84806827911245,827.9294284811218,1457.6286701444267
11188,MADS170,o,15,ADS,81.32,80.0000000000125,303.2374881650608,783.3243568406822
11189,MADS170,a,15,ADS,83.62,132.54678996592872,523.5339109507784,1003.426159840319
11190,MADS170,e,15,ADS,84.69,78.66938436239934,477.8581841772192,2268.555996367734
11191,MADS170,u,15,ADS,85.0,89.04005521129932,264.56531848864097,1252.4008985202531
11192,MADS170,o,15,ADS,86.42,79.9999999999983,385.0123166543836,649.9897776074711
11193,MADS170,a,15,ADS,87.1,90.00000000000341,589.4009753160319,1013.8163290217342
11194,MADS170,e,15,ADS,87.94,110.06889276663401,552.7570243963811,2284.593621726778
11195,MADS170,o,15,ADS,88.99806146923378,109.07072554213926,417.92440716186377,864.6277683752405
11196,MADS170,æ,18,ADS,2.438848610488491,77.1830177050652,681.8820462292713,1152.8276695813313
11197,MADS170,e,18,ADS,4.058300159681673,99.59099058718036,521.7012275734941,2272.4004545934645
11198,MADS170,o,18,ADS,4.737806126736807,100.42091550874055,423.31572859552205,862.5196878436761
11199,MADS170,i,18,ADS,5.747220416853343,89.63189152846152,300.9843738530669,2743.4893601415997
11200,MADS170,u,18,ADS,7.21,139.9999999999997,343.4435413349939,692.7563305316665
11201,MADS170,u,18,ADS,8.209254678395252,70.74532160474689,349.20653196592815,766.6480239387878
11202,MADS170,u,18,ADS,8.521415634804935,88.58436519506441,357.59273533755515,888.8446979008353
11203,MADS170,i,18,ADS,9.054272327431567,88.8019666069031,334.87047113604467,2611.4684541689735
11204,MADS170,æ,18,ADS,12.05,67.13931532940975,754.2772140278032,1449.526151731018
11205,MADS170,æ,18,ADS,13.28448432597487,99.59099058719012,751.3310012201847,1289.2234346461614
11206,MADS170,æ,18,ADS,15.00331234592111,86.68765407889012,740.4729490541557,1305.6718528491533
11207,MADS170,u,18,ADS,15.48607371974452,111.20993948902047,377.99535731121034,1094.0529436498136
11208,MADS170,e,18,ADS,16.9603449966383,49.79549529358707,526.1576672771834,1910.0218716213726
11209,MADS170,æ,18,ADS,17.1,81.41871638281017,773.8706447901296,1300.3600781149107
11210,MADS170,u,18,ADS,18.13959407216498,112.86978933214087,340.6821327002051,771.6697306339638
11211,MADS170,æ,18,ADS,24.01,76.71545831475868,635.218018349191,1678.7135107217046
11212,MADS170,u,18,ADS,25.39,99.99999999999787,329.18489204192156,763.6339264937346
11213,MADS170,u,18,ADS,26.48,160.00000000000014,360.03013932777765,852.8196022244208
11214,MADS170,e,18,ADS,29.90137914612298,123.65881331241013,609.8598148644443,2364.555156377616
11215,MADS170,a,18,ADS,30.92674739466624,91.29174137158103,522.4530608848258,991.5933293656317
11216,MADS170,e,18,ADS,32.03,70.00000000000028,628.9015438447766,2131.994669673802
11217,MADS170,a,18,ADS,33.24,128.49773083831906,448.4647683504394,1134.244785720468
11219,MADS170,o,18,ADS,35.97122968960107,79.67279246975068,430.34425523848944,1057.93504530281
11220,MADS170,æ,18,ADS,38.64209890463903,105.40046503810174,599.0509498419209,1487.7420979341662
11221,MADS170,i,18,ADS,39.25881849506931,79.67279246973646,405.27940303194475,2606.252444290861
11222,MADS170,i,18,ADS,40.85907258516337,87.97204168535444,362.73848578573677,2583.7286616777083
11223,MADS170,e,18,ADS,44.0576549193183,112.34508068169902,399.52095785821047,2565.488497963895
11224,MADS170,a,18,ADS,44.37499992996374,106.23038995966994,626.9715892533586,1083.9399739359494
11225,MADS170,e,18,ADS,45.48027650156835,99.72349843165063,389.822820116595,2484.4801708469495
11226,MADS170,a,18,ADS,45.87,132.1801462343899,717.7707352231849,1165.3939017007983
11227,MADS170,a,18,ADS,47.44420649372424,90.46181645000928,578.3234358263788,1811.4591289104728
11228,MADS170,æ,18,ADS,49.67582425201636,121.16903854774108,553.1279366839256,1550.525376943595
11229,MADS170,i,18,ADS,50.31657118444573,74.69324294039126,375.71548323031067,2460.4440825302454
11230,MADS170,e,18,ADS,51.73,85.61736609065207,468.2660824933122,2113.876513942336
11231,MADS170,e,18,ADS,52.87590206185483,53.9451199013925,540.5934227761535,2172.3797653810443
11232,MADS170,i,18,ADS,54.14507094632361,59.754594352313006,433.3934063554059,2437.640331780461
11233,MADS170,a,18,ADS,54.75,68.10153798652152,477.6105708033341,1140.8242860726498
11234,MADS170,i,18,ADS,59.97325440398459,128.63836284176955,359.55869837410984,2572.333651961506
11235,MADS170,i,18,ADS,61.53404062653046,94.61144105781472,355.5134283000384,2422.9005509208423
11236,MADS170,æ,18,ADS,63.02283979170296,73.6459528004545,742.5812542242163,1255.949308250274
11237,MADS170,a,18,ADS,63.23043020799609,79.5697920039089,653.3033953586234,1012.062056790928
11238,MADS170,a,18,ADS,63.98101234605076,81.33264231285864,515.9342512068482,948.621257466109
11239,MADS170,o,18,ADS,65.92635839322682,53.641606773183526,353.9162935604683,793.5276342306965
11240,MADS170,i,18,ADS,66.15,47.74384257689235,449.1566382303881,1713.905315329552
11241,MADS170,u,18,ADS,69.35863925102589,106.23038995966283,384.4657365584399,1116.6145994211652
11242,MADS170,o,18,ADS,77.33351227601436,116.18948901838166,439.7812693206309,1035.8591227046916
11243,MADS170,u,18,ADS,77.81,95.41592068039506,351.4374265426526,855.7120567964437
11244,MADS170,o,18,ADS,81.08,150.00000000000568,378.89308861421455,607.136296977149
11245,MADS170,æ,18,ADS,83.28,100.43826211904161,683.2054187508132,1272.683914612315
11246,MADS170,o,18,ADS,83.8,103.08841899936283,376.81644521563646,995.8246471607297
11247,MADS170,a,18,ADS,86.01615991160348,161.8353597041846,529.4558173295957,1082.3070038034448
11248,MADS170,e,18,ADS,87.17,78.19858540442226,567.7272233416019,2138.492294510261
11249,MADS170,u,18,ADS,87.53,95.71910591093058,347.5667335644714,994.4662325720698
11250,MADS170,a,18,ADS,89.74997672581222,112.03986441057623,567.4154617129769,1216.5854044151356
11251,MADS170,e,18,ADS,90.65,120.43693143746736,432.7276499992039,2073.903636853339
11252,MADS170,o,18,ADS,91.69130614647555,106.23038995966283,390.83454886936755,955.9793103278332
11253,MADS170,æ,6,ADS,3.167505646882342,111.21695976756696,744.6507099643198,1661.995589808334
11254,MADS170,o,6,ADS,3.7,89.99999999999986,541.7021339515545,1334.8464763136674
11255,MADS170,e,6,ADS,4.5,129.9999999999999,430.83133204605906,2144.128280035139
11256,MADS170,o,6,ADS,5.24,100.49007073066196,507.5871760229906,1033.0219197994777
11257,MADS170,i,6,ADS,6.28,99.99999999999964,361.3688816542468,2299.363142705908
11258,MADS170,u,6,ADS,7.69,139.9999999999997,365.86247735127125,847.0457448385514
11259,MADS170,u,6,ADS,8.68,106.81194418858198,361.1547976136208,858.8256247500436
11260,MADS170,u,6,ADS,8.977901531848655,122.09846815134462,371.50505919007736,790.9635704996241
11261,MADS170,i,6,ADS,9.45,70.00000000000028,375.30176195694946,2186.961095394785
11263,MADS170,æ,6,ADS,13.67685791893962,122.02971974497068,775.6009426820615,1602.9355206141634
11264,MADS170,æ,6,ADS,15.24,124.8721057172606,635.380417281793,1623.12572296328
11265,MADS170,u,6,ADS,15.80112212095743,258.7338994592692,1072.4350056004619,2162.597623714846
11266,MADS170,e,6,ADS,17.79739092915525,84.18505982406188,532.8926732158264,1908.8228412369613
11267,MADS170,æ,6,ADS,17.98816242877307,115.07865975950082,670.7457593117457,1734.03184253352
11268,MADS170,u,6,ADS,18.96969504292318,98.0871797950087,349.5838216996508,689.1309026006045
11270,MADS170,u,6,ADS,26.14,129.999999999999,427.19635818362144,1185.6292446865298
11271,MADS170,u,6,ADS,27.15,154.74533711359229,509.1367297232465,2039.2679825607552
11272,MADS170,e,6,ADS,29.52,109.99999999999943,570.7426124475696,2046.4730524127813
11273,MADS170,a,6,ADS,30.44,88.0076750015597,571.6040746737381,1284.3933521938793
11274,MADS170,e,6,ADS,31.52,85.9290249535718,716.8716846433504,1946.076339445958
11275,MADS170,a,6,ADS,32.67,119.99999999999744,653.408653864856,1189.1445076433904
11276,MADS170,o,6,ADS,33.59,99.99999999999432,346.69853573861985,705.0240973871445
11277,MADS170,o,6,ADS,35.09,79.9999999999983,416.87208489072987,900.955539737058
11278,MADS170,æ,6,ADS,38.34,120.73515198177631,737.8391591274359,1676.2079386030507
11279,MADS170,i,6,ADS,38.86369062526018,115.85099975788893,377.0296510654507,2623.3144760845066
11280,MADS170,i,6,ADS,41.24676912875201,123.23087124799059,345.257523589954,2423.6043388172207
11281,MADS170,e,6,ADS,44.46091715065565,109.08284934434676,456.29923785436534,2313.5988141119806
11283,MADS170,e,6,ADS,45.41163304686856,88.0467598159882,461.351030040529,2159.618472731939
11284,MADS170,a,6,ADS,45.74,109.99999999999943,689.7152356994442,1069.3915693828112
11285,MADS170,a,6,ADS,46.96,89.9999999999963,625.8551088607481,1349.1335898506225
11286,MADS170,æ,6,ADS,48.93272165619012,111.21695976757451,645.9315016312864,1656.3061130706465
11287,MADS170,i,6,ADS,49.43421856121968,89.5914398127573,377.3370852271611,2393.771151162451
11288,MADS170,e,6,ADS,50.91308237243108,116.91762756892388,540.6799946346512,2050.580845392634
11289,MADS170,e,6,ADS,51.91870777051103,79.55101983374391,548.7138160008196,1924.1135041112507
11290,MADS170,i,6,ADS,53.13,70.00000000000028,388.34583236547934,2331.259613798886
11291,MADS170,i,6,ADS,53.5,64.01613139939144,390.42597328526693,2302.497726642001
11292,MADS170,a,6,ADS,53.78,128.64409472536664,652.4891906876148,1489.818590586829
11293,MADS170,i,6,ADS,58.88450725134506,175.49274865493913,298.83917226042223,2214.384548494121
11294,MADS170,i,6,ADS,60.51830739425579,61.692605744205764,387.6490036205805,2345.0377769778374
11295,MADS170,æ,6,ADS,61.502307272381,157.69272761899344,770.7474872961528,1547.3482887166551
11296,MADS170,a,6,ADS,61.93900801956077,90.99198043923451,654.3283290294817,1116.9226081616034
11297,MADS170,a,6,ADS,62.98,80.0000000000054,504.075688085743,884.9124632670173
11298,MADS170,u,6,ADS,64.69,189.99999999999773,340.7485716337516,743.8056222296063
11299,MADS170,i,6,ADS,65.07,80.0000000000125,345.18943598261757,2337.3763946223557
11301,MADS170,o,6,ADS,75.55592891376111,144.4275796981742,482.88265817046073,1018.1851001070482
11302,MADS170,u,6,ADS,76.07,110.00000000001364,435.4907909086179,1426.0468334769434
11303,MADS170,o,6,ADS,79.12,149.99999999999147,361.6913489918029,693.9819997253194
11304,MADS170,æ,6,ADS,80.73,99.99999999999432,678.7391580233977,1468.595050738815
11305,MADS170,o,6,ADS,81.26,109.99999999999943,493.5127250372063,1318.6633371815965
11307,MADS170,e,6,ADS,84.93832152599376,74.14463984504494,507.74267951260833,1861.9685136429396
11308,MADS170,u,6,ADS,85.27,146.64471105517407,514.3128367795553,1633.5223629783288
11309,MADS170,u,6,ADS,86.5965325408766,112.7616397643294,464.33357220612953,899.6802799069244
11310,MADS170,a,6,ADS,87.33,130.03329918747397,595.7392276207812,934.9949970981089
11311,MADS170,e,6,ADS,88.19,104.74091162956256,487.472893635031,1968.1942760358297
11312,MADS170,o,6,ADS,89.20544889192271,131.2977997256013,469.35415320770727,767.2692533809305
11313,MADS170,æ,9,ADS,3.59,90.07025070089014,762.8364923219627,1374.343278490865
11314,MADS170,o,9,ADS,4.122296612678591,133.38803615841587,490.4838381914192,1069.5496662694395
11315,MADS170,e,9,ADS,4.932967712111957,97.03228788804364,558.4921905131769,2273.1811892949463
11316,MADS170,o,9,ADS,5.58,115.2940856413398,493.79721654642094,1033.3771421411332
11317,MADS170,i,9,ADS,6.539522162593341,90.47783740665861,349.5682132810852,2673.100950688653
11318,MADS170,u,9,ADS,7.949501074472233,184.04172077553494,416.7338864175811,1881.5066608347367
11319,MADS170,u,9,ADS,8.87,90.00000000000163,298.40855773915507,675.116408283344
11320,MADS170,u,9,ADS,9.140891522533575,89.10847746642503,330.36964593287735,806.7143294156365
11321,MADS170,i,9,ADS,9.58,80.00000000000007,334.4681001953828,1985.6880646263803
11322,MADS170,æ,9,ADS,12.33,104.22960488416955,855.4018904105002,1539.7909906678235
11323,MADS170,æ,9,ADS,13.6,99.99999999999964,889.535733702866,1751.8626160666854
11324,MADS170,æ,9,ADS,15.12994833094313,100.0516690568709,700.6167186516615,1585.084715174517
11325,MADS170,u,9,ADS,15.61,151.4309325032297,353.19024215001025,1378.3804021943106
11326,MADS170,e,9,ADS,17.01,79.9999999999983,538.7833875447054,2212.8013400324844
11327,MADS170,æ,9,ADS,17.18,109.99999999999943,690.7824179118636,1772.1856790731988
11328,MADS170,u,9,ADS,17.73945370390305,90.54629609694942,290.2341970476474,633.5842985371489
11329,MADS170,æ,9,ADS,23.53,79.9999999999983,836.5266918522094,1773.1522657667256
11330,MADS170,u,9,ADS,24.68,109.99999999999943,386.5482758466387,1060.1914929816955
11331,MADS170,u,9,ADS,25.58,80.00000000000185,329.6829044865702,646.494471762193
11332,MADS170,e,9,ADS,27.71,140.00000000000057,486.2436638925789,2293.185940231337
11333,MADS170,a,9,ADS,28.64,89.99999999999986,514.9944177128011,1113.9630957028087
11334,MADS170,e,9,ADS,29.56,89.99999999999986,482.63967733864786,1923.3884154110779
11335,MADS170,a,9,ADS,30.69,124.09795641505994,564.4558139640691,967.3131014904335
11336,MADS170,o,9,ADS,31.64,99.99999999999787,344.3558912596079,711.492157765873
11337,MADS170,o,9,ADS,33.11,100.00000000000142,357.2133426503836,695.6595303511605
11338,MADS170,æ,9,ADS,35.55910127882341,102.3546807241047,624.2599026291095,1695.6919418988512
11339,MADS170,i,9,ADS,36.05214041519081,77.85958480918964,367.1857426955854,2547.7060703466086
11340,MADS170,i,9,ADS,37.60892984233911,81.07015766088921,346.2659777982734,2383.1910432300797
11341,MADS170,e,9,ADS,40.87636568578146,83.63431421854273,422.00878102051803,2498.8161806301496
11342,MADS170,a,9,ADS,41.17,79.9999999999983,648.6904036169067,1134.9708230601268
11343,MADS170,e,9,ADS,41.80707205626108,75.81828201785612,454.13608601202185,2286.6706038415336
11345,MADS170,a,9,ADS,43.39,100.00000000000142,679.7461936766302,1021.3148753367518
11346,MADS170,æ,9,ADS,45.24781514166914,92.18485833086021,692.4032198707321,1716.4393338012387
11347,MADS170,i,9,ADS,45.74854625786399,71.45374213600775,369.9192199051445,2471.7831421878714
11348,MADS170,e,9,ADS,46.95741822318091,77.08192005148362,460.92640041088157,2034.2619975938387
11349,MADS170,e,9,ADS,47.97,50.00000000000426,497.1411763589333,1933.0209152780076
11350,MADS170,i,9,ADS,49.24,39.99999999999915,365.6326999143886,2369.1113417894067
11351,MADS170,i,9,ADS,49.56850664093351,51.49335906648389,392.0568669538994,2462.5275195112504
11352,MADS170,a,9,ADS,49.83,101.42253172995908,466.2103607525744,1624.9692899636761
11353,MADS170,i,9,ADS,54.39777072771216,135.209269598505,370.73730861363026,2700.755324379165
11354,MADS170,i,9,ADS,56.22,75.9233873258296,316.78762664124736,2494.0016789844685
11355,MADS170,æ,9,ADS,57.52,79.9999999999983,741.915995759192,1167.668059913006
11356,MADS170,a,9,ADS,57.76,70.00000000000028,627.9512514125629,1094.8883627545604
11357,MADS170,a,9,ADS,58.33,79.9999999999983,676.0768947841997,1256.7396219860889
11358,MADS170,o,9,ADS,60.04,50.00000000000426,371.3697923844246,972.8386751112077
11359,MADS170,u,9,ADS,62.9673781334683,82.62186653169579,401.6794263221764,1040.3928718287227
11360,MADS170,o,9,ADS,70.36873095436879,101.26904563121286,410.66595016881905,953.6717580950894
11361,MADS170,u,9,ADS,70.79,109.99999999999943,423.7956278355504,1923.7045516834955
11362,MADS170,o,9,ADS,73.79,140.00000000000057,331.40304154807416,636.0043032609577
11363,MADS170,e,9,ADS,75.4596389258684,132.68199353123578,437.5291625448332,1236.733183189222
11364,MADS170,a,9,ADS,78.1,109.99999999999943,524.5026820137605,983.1749950985588
11365,MADS170,e,9,ADS,79.24,86.42472794166167,436.83931381629947,2142.9328277454506
11366,MADS170,u,9,ADS,79.59,101.78921507272776,348.40374762266026,1468.6294477305917
11367,MADS170,o,9,ADS,80.75404769659542,68.2364538160698,458.85108191607657,776.3269748166294
11368,MADS170,a,9,ADS,81.46,100.00000000000853,591.1713829939206,1065.8231859539617
11369,MADS170,o,9,ADS,83.15275837699217,97.24162300783235,398.71731485507974,769.4646830246676
11370,MADS171,æ,12,ADS,2.28,132.30007846166504,914.8244964688416,1484.90308073284
11371,MADS171,o,12,ADS,2.854795499863995,125.20450013600515,575.0035262431331,1235.1541196483372
11372,MADS171,e,12,ADS,3.683760205836824,146.23239248059906,563.1330574118147,2060.056079062845
11373,MADS171,o,12,ADS,4.546991309012054,115.846440796318,491.56099421142807,1198.0452961600058
11374,MADS171,i,12,ADS,5.59,120.00000000000011,474.92182478183815,2319.5919650550222
11375,MADS171,u,12,ADS,6.85,160.00000000000014,351.6940902468901,835.9786692419851
11376,MADS171,u,12,ADS,7.82,199.9999999999993,402.15513651447094,742.2551034230798
11377,MADS171,u,12,ADS,8.28,180.00000000000148,389.8323942778992,751.8581058661281
11378,MADS171,i,12,ADS,9.08,99.99999999999964,391.7540862101077,2280.2923950949657
11379,MADS171,æ,12,ADS,12.02,110.00000000000121,809.2281247970208,1791.1812072004604
11380,MADS171,æ,12,ADS,13.27,140.00000000000057,666.2898761264215,1538.7140587959216
11381,MADS171,æ,12,ADS,15.33332395566745,136.67604433255144,793.2007873312361,1703.0265149398606
11382,MADS171,u,12,ADS,15.83,150.00000000000034,370.80279580979294,893.0299231611122
11383,MADS171,e,12,ADS,16.84,89.83608226751016,697.5260540345134,1630.2666800215404
11384,MADS171,e,12,ADS,17.01,149.99999999999858,970.5007440410295,1686.1245319410086
11385,MADS171,u,12,ADS,18.00284000111865,127.15999888134988,331.30717681586685,887.1471463404818
11386,MADS171,æ,12,ADS,24.89,169.99999999999815,726.8302128353652,1639.4215741531157
11387,MADS171,u,12,ADS,26.13713304230208,182.8669576979216,366.7684314749231,791.3314633969841
11388,MADS171,u,12,ADS,27.19,169.99999999999815,465.8057029772296,1126.0781050448622
11389,MADS171,e,12,ADS,29.6,119.99999999999744,646.6338263732074,2004.3463090493171
11390,MADS171,a,12,ADS,30.72,160.00000000000014,532.1754048241243,1220.7634089098683
11391,MADS171,e,12,ADS,31.95,160.00000000000014,543.2654292412601,1676.299948251271
11392,MADS171,a,12,ADS,33.53,159.9999999999966,685.9495495188295,1221.56939260828
11393,MADS171,o,12,ADS,34.4,124.0689196154392,500.87445159686524,1097.530083593356
11394,MADS171,o,12,ADS,35.93337775526123,106.62224473876591,514.9924176064184,1178.0364913647345
11395,MADS171,æ,12,ADS,39.6,170.0000000000017,757.4670639655349,1647.8639638255881
11396,MADS171,i,12,ADS,40.24278359225956,137.2164077404392,372.813647806027,2269.773387298204
11397,MADS171,i,12,ADS,42.62811782342651,96.85522099364618,327.83191801765315,2213.6233733228955
11398,MADS171,e,12,ADS,46.99090050293837,189.0994970616262,533.4662080472264,2220.9233459754564
11399,MADS171,a,12,ADS,47.44,120.00000000000455,712.0282813328022,1233.2246223510044
11400,MADS171,e,12,ADS,48.71420984730541,112.04819683577938,640.4510602002781,1977.3988289992626
11401,MADS171,a,12,ADS,49.06,159.9999999999966,756.4202838570228,1675.2940989098888
11402,MADS171,a,12,ADS,50.71,159.9999999999966,751.7051084348471,1240.9081963318495
11403,MADS171,æ,12,ADS,52.74517233673905,164.82766326094378,799.2456797172388,1669.21759163258
11404,MADS171,i,12,ADS,53.33959751656278,100.65346495417771,399.40284755984504,2300.4920596557067
11405,MADS171,e,12,ADS,55.1954610573918,144.53894260820022,461.25717817663406,2184.753361602033
11406,MADS171,e,12,ADS,56.66,220.00000000000597,423.4522259371373,1997.5003157328686
11407,MADS171,i,12,ADS,58.85,79.9999999999983,438.0337712565992,2108.8270945779636
11408,MADS171,a,12,ADS,59.36194769018019,125.34205069766102,788.4050586290226,1254.208073364007
11409,MADS171,i,12,ADS,66.568924536549,121.5438067371224,384.7056270255908,2379.7382378185357
11410,MADS171,i,12,ADS,68.71,80.0000000000125,385.2403763418587,2301.921710287742
11411,MADS171,æ,12,ADS,70.08,200.00000000000284,816.8203237608942,1585.5960220072677
11412,MADS171,a,12,ADS,70.64940601178135,96.85522099363197,555.5683640638556,1156.9770828494877
11413,MADS171,a,12,ADS,71.44,79.9999999999983,634.3045759365162,1319.597002744994
11414,MADS171,o,12,ADS,73.45260669136132,47.39330863867508,540.4727246691067,1607.7551027162444
11415,MADS171,i,12,ADS,73.72,70.00000000000739,456.9214841834737,2006.3626761924043
11416,MADS171,u,12,ADS,77.68249193303319,117.74556277657666,470.48975202217696,1255.4469686793736
11417,MADS171,o,12,ADS,85.67687681767829,138.63590455953556,438.39198828643976,1246.3497017431605
11418,MADS171,u,12,ADS,86.1,133.03592927302077,367.54963982101935,1193.2910205224891
11419,MADS171,o,12,ADS,89.24,120.5425125677948,499.1105043950646,921.1117082374274
11420,MADS171,æ,12,ADS,91.01237170444044,157.6282955595616,786.8485892314366,1683.6847509135175
11421,MADS171,o,12,ADS,91.97,102.08176942971647,452.1182983134931,1028.2119868793438
11422,MADS171,a,12,ADS,94.23,219.99999999999886,564.490998477731,1074.1608910838274
11423,MADS171,e,12,ADS,96.29,109.99999999999943,385.14140689049503,2035.5295554575994
11424,MADS171,u,12,ADS,96.76,129.99999999999545,428.4787694043493,849.1090393005113
11425,MADS171,o,12,ADS,97.68,109.99999999999943,554.6365873043786,1358.60371911473
11426,MADS171,a,12,ADS,98.428919939419,131.08006058099875,595.7601608978376,1186.5115910879647
11427,MADS171,e,12,ADS,99.23,119.99999999999034,506.74465061775214,2196.359578737138
11428,MADS171,o,12,ADS,100.2356899373847,164.3100626153,424.2025922337722,883.5655502950601
11429,MADS171,æ,15,ADS,3.693411723539509,136.5882764604911,952.5739913857085,1688.1941098967375
11430,MADS171,o,15,ADS,4.323532931239818,116.46706876018254,625.3851076725946,1362.6421826905785
11431,MADS171,e,15,ADS,5.52456459708249,95.43540291751017,602.489977491274,1987.6523879974486
11432,MADS171,o,15,ADS,6.282383549541288,133.07798609432186,531.6428133027143,1296.5757414523691
11433,MADS171,i,15,ADS,7.55,169.99999999999994,356.2599103708141,2078.995729594426
11434,MADS171,u,15,ADS,9.11,116.22845610032684,363.7878167441854,871.2208916691546
11435,MADS171,u,15,ADS,10.22,199.6988872126497,430.27565246321086,789.5681701888506
11436,MADS171,u,15,ADS,10.66,172.72485639371916,397.2305759954276,852.0958123085627
11437,MADS171,i,15,ADS,11.39,99.99999999999964,421.9202897704955,1922.248892289933
11438,MADS171,æ,15,ADS,14.85229908034136,147.7009196586394,667.763301131115,1680.5665461062417
11439,MADS171,æ,15,ADS,15.91,138.33262747300878,735.4339107761448,1589.9569983365375
11440,MADS171,æ,15,ADS,17.76,129.21378789242866,723.7379968087553,1646.4416331079399
11441,MADS171,u,15,ADS,18.24897546216437,121.0245378356305,410.56303534280767,661.0964405197006
11442,MADS171,e,15,ADS,19.96166723020418,88.33276979581939,524.567378584254,2121.3987799768174
11443,MADS171,æ,15,ADS,20.20537713652574,114.62286347425987,999.0240853964824,1563.4531943902984
11444,MADS171,u,15,ADS,21.71887365443616,211.1263455638408,423.4241391554563,663.9556728496644
11445,MADS171,æ,15,ADS,29.85,149.99999999999858,774.9055854617596,1653.0546859912529
11446,MADS171,u,15,ADS,31.20047315610484,103.7557179718469,395.0397611210974,744.6022340110233
11447,MADS171,u,15,ADS,32.35,159.9999999999966,367.5782791473268,645.7446394539165
11448,MADS171,e,15,ADS,35.23,150.00000000000568,566.257637473726,2151.991567931248
11450,MADS171,e,15,ADS,37.96,126.75123644176267,596.3955033763934,2188.035605924639
11451,MADS171,a,15,ADS,39.46,138.21589234128595,741.3654404089889,1312.7823698818147
11452,MADS171,o,15,ADS,40.35716262434326,93.60570208330188,477.39597193786074,1201.3092465328584
11453,MADS171,o,15,ADS,42.06,140.00000000000057,466.610665082369,1047.6083433989459
11454,MADS171,æ,15,ADS,45.69261328976603,204.12809731416814,810.2277346119022,1683.4891812484082
11455,MADS171,i,15,ADS,46.34851964849281,101.48035150719181,384.54119071622426,2587.640704163651
11456,MADS171,i,15,ADS,48.77182205372737,118.17794627263112,341.741376950712,2107.077560417939
11457,MADS171,e,15,ADS,52.7861698148055,113.83018519450161,590.8823060638031,2144.2897075026704
11458,MADS171,a,15,ADS,53.11487562171146,110.52239523088048,658.2863758976794,1334.528385352545
11459,MADS171,e,15,ADS,54.22338975862667,94.73348162645578,638.1120829915999,1944.0249343122696
11460,MADS171,a,15,ADS,54.57,149.99999999999858,1010.7166761420053,1393.9109018500133
11461,MADS171,a,15,ADS,56.19,137.68897869277907,903.9057444565644,1416.1665842130362
11462,MADS171,æ,15,ADS,58.6050557816243,164.65581330314194,864.1019440914208,1686.9660732432237
11463,MADS171,i,15,ADS,59.19201845683391,87.98154316609441,367.77641867358386,1795.512998196755
11464,MADS171,e,15,ADS,61.27485025919238,115.14974080762386,527.4547122903977,1741.74656001526
11465,MADS171,e,15,ADS,62.47783457427116,112.16542572884691,513.9976053087006,2003.8149607248492
11466,MADS171,i,15,ADS,64.15,59.99999999998806,345.83656736633685,2582.6253484880635
11467,MADS171,i,15,ADS,64.54705380933693,72.94619066307462,430.05657519853827,2097.7661876476973
11468,MADS171,a,15,ADS,64.87,87.97335081531799,573.2095196473688,1198.5160745957585
11469,MADS171,i,15,ADS,71.37310753265159,126.8924673484122,386.9136169292546,2434.841551828082
11470,MADS171,i,15,ADS,73.45,109.99999999999943,362.41786874720094,2421.463661220623
11471,MADS171,e,15,ADS,75.18,156.74482067417728,1065.3739395932132,1757.7258752425075
11472,MADS171,a,15,ADS,75.81751212813741,112.4878718625979,687.9409107153796,1299.376888583534
11473,MADS171,a,15,ADS,77.3047668067046,111.6501747740557,609.3517519366831,1196.4581711673447
11474,MADS171,o,15,ADS,79.43327135702022,56.72864297977753,492.4244138109169,1326.7104680554278
11475,MADS171,i,15,ADS,79.81,80.01742492214703,417.7698602601608,1927.5838625747824
11476,MADS171,u,15,ADS,83.08432962089601,119.54463157624673,440.735718382027,1016.3157406460014
11477,MADS171,o,15,ADS,91.72134571097313,90.22236345377621,510.9214337750483,1532.8614585224332
11478,MADS171,u,15,ADS,92.13,180.00000000000682,271.1188929787853,675.9647122559427
11479,MADS171,o,15,ADS,95.76,149.99999999999147,611.8778263403738,936.524652732503
11480,MADS171,æ,15,ADS,97.9943447110654,204.12809731418236,879.6226837823474,1649.254025370323
11481,MADS171,o,15,ADS,98.8,135.4255157482811,737.9354635570097,1168.2597903686003
11482,MADS171,a,15,ADS,101.4891332660614,212.0225541164018,617.2780948585174,1132.7320065246574
11483,MADS171,e,15,ADS,102.61,140.00000000000057,548.88744549133,1940.5426817970913
11484,MADS171,u,15,ADS,103.01,99.99999999999432,459.2371244109443,970.1038151174104
11485,MADS171,o,15,ADS,104.28,109.99999999999943,697.3393066158086,1449.1834771105534
11486,MADS171,a,15,ADS,105.1,163.68571345600458,599.8947495341843,1148.9201111368732
11487,MADS171,e,15,ADS,105.77,150.00000000000568,541.7291799569579,1963.0326205981626
11488,MADS171,o,15,ADS,106.9425487422834,130.82242700799895,534.6147812164364,1155.6997900052925
11489,MADS171,æ,18,ADS,4.733793098459999,116.2069015400009,934.5543698703214,1626.3140516656338
11490,MADS171,o,18,ADS,5.335619913789448,99.59099058718036,566.904479508421,1246.7235950391707
11491,MADS171,e,18,ADS,6.514887102196257,97.93114074406174,594.216643228768,1990.9009628336203
11492,MADS171,o,18,ADS,7.337140155759681,109.5500896458983,493.6333594234519,1149.1530447013351
11493,MADS171,i,18,ADS,8.418478400941213,162.66528462572973,385.9953254368246,2455.5522655140016
11495,MADS171,u,18,ADS,10.86986343007615,230.13656992385023,312.8915454915362,753.5343275674101
11496,MADS171,u,18,ADS,11.39296391752573,240.67822725234933,317.2177309387033,806.6450873857092
11497,MADS171,i,18,ADS,12.06,99.99999999999964,378.4849125108641,2242.5856878221684
11498,MADS171,æ,18,ADS,14.79,145.25114858808053,708.7023327964259,1707.3439797180988
11499,MADS171,æ,18,ADS,16.30861286978937,121.38713021062841,755.4193187810699,1563.5015357239513
11500,MADS171,æ,18,ADS,18.51256429291803,87.97204168535089,717.4749387818949,1662.8511105443174
11501,MADS171,u,18,ADS,18.97,139.69128193642177,421.6301831629364,907.9867289537399
11502,MADS171,e,18,ADS,20.6931066506052,59.754594352313006,575.98823168524,1627.5809477303799
11503,MADS171,æ,18,ADS,20.88066968287772,174.28423352756894,1019.3818843017993,1593.3918752859186
11504,MADS171,u,18,ADS,22.01880294710903,134.44783729269005,321.01318472754167,1469.2572150325118
11505,MADS171,æ,18,ADS,29.2,135.38533729288105,785.0795278941306,1679.004647080909
11506,MADS171,u,18,ADS,30.44001495265596,79.98504734403866,287.0411084731538,1034.7429666695834
11508,MADS171,e,18,ADS,33.72805044682892,127.80843792021557,696.3005860158064,1952.9146824900572
11509,MADS171,a,18,ADS,34.84967808017716,90.46181645002349,525.1741900487102,1291.995398138518
11510,MADS171,e,18,ADS,36.10352788127526,156.47211872473576,620.7650199310813,1775.50870633659
11511,MADS171,a,18,ADS,37.22,110.1779961340199,709.9534632853467,1247.017928627598
11512,MADS171,o,18,ADS,38.3,100.00000000000142,404.11472138405605,1089.5901789075335
11513,MADS171,o,18,ADS,40.08269354409443,141.08723666516454,485.56460743625223,1150.3389504331635
11514,MADS171,æ,18,ADS,43.4761871428168,150.2164108023294,856.5698691165552,1567.106081457871
11515,MADS171,i,18,ADS,44.07589922540307,111.20993948902225,388.25708398326725,2336.94884431081
11516,MADS171,i,18,ADS,46.36329543226089,131.1281376064457,363.18371655441547,2662.6778911216893
11517,MADS171,e,18,ADS,50.95232767676984,217.67232323016117,492.7755067933575,2527.2379864820773
11518,MADS171,a,18,ADS,51.42216246217995,92.59088903554158,700.5057421673736,1563.2145669288989
11519,MADS171,e,18,ADS,52.56275319713654,247.24680286346512,599.7235224639468,2390.9254625310546
11520,MADS171,a,18,ADS,53.11917338427233,99.59099058718124,678.401968135556,1439.9081105287364
11521,MADS171,a,18,ADS,54.74440863472049,158.51566001791895,790.3445154094559,1405.2652801730133
11522,MADS171,æ,18,ADS,57.1052782699736,184.72173002639636,800.2413105148953,1557.5404499130386
11524,MADS171,e,18,ADS,60.38415881681343,121.99896346929506,593.9731918405924,2063.089519347031
11526,MADS171,i,18,ADS,63.07,43.06758810418643,347.5118210790847,2276.3871399784066
11527,MADS171,i,18,ADS,63.44742010659364,56.43489466606866,443.36360810931194,2343.01326899174
11528,MADS171,a,18,ADS,63.75355517775006,116.18948901837456,551.9300239118882,1204.6319410580072
11529,MADS171,i,18,ADS,70.7284068418017,79.67279246973646,380.29598326472296,2380.567143648182
11530,MADS171,i,18,ADS,73.03433740825159,91.29174137157747,346.62953989844635,2267.990090522462
11531,MADS171,æ,18,ADS,74.54901570834646,195.86228148813234,762.2370615952568,1246.7952971577183
11532,MADS171,a,18,ADS,75.19544922750295,64.73414388166532,742.6023688474545,1341.9956219414694
11533,MADS171,a,18,ADS,76.30342007857865,100.42091550873522,700.1692137827193,1349.8176020437675
11534,MADS171,o,18,ADS,78.78877845206576,41.22154793424215,515.6777307428855,1144.510256287729
11535,MADS171,i,18,ADS,79.04761970878918,52.38029121080956,436.1536345858892,1608.348291807834
11536,MADS171,u,18,ADS,83.49496030717535,139.42738682204947,344.92710685928455,740.2087356596321
11537,MADS171,o,18,ADS,94.46756893279108,92.95159121469965,477.26799694181494,930.5067312539771
11538,MADS171,u,18,ADS,95.09,209.99999999999375,280.1499748435877,756.5265589692126
11539,MADS171,o,18,ADS,99.6570799424278,189.22288211564364,492.57311481365736,1004.2265754904432
11540,MADS171,æ,18,ADS,101.9368822406802,272.21537427159603,726.8885906282534,1357.7985456511524
11541,MADS171,o,18,ADS,102.9533638397832,116.63616021679957,690.020942676742,1174.0775467303074
11542,MADS171,a,18,ADS,105.5121712691869,185.9031824294135,625.3767492151982,1205.669350954271
11543,MADS171,e,18,ADS,106.53,120.00000000000455,596.9363149602199,2123.0402720304182
11544,MADS171,u,18,ADS,107.0,132.31218133390144,338.7434508632946,754.5282023573184
11545,MADS171,o,18,ADS,108.2721052954082,87.97204168540418,506.77928418069075,1520.855836317973
11546,MADS171,a,18,ADS,109.0713011436825,170.96453384129973,651.968059725359,1173.3441318745624
11547,MADS171,e,18,ADS,109.88,121.85344646150043,582.0057980573172,2074.3178866996554
11548,MADS171,o,18,ADS,111.1417275219881,117.84933886150384,520.176680462071,1136.9744566033735
11549,MADS171,æ,6,ADS,4.23,197.75475957443155,981.915092172905,1523.8393669554155
11550,MADS171,o,6,ADS,4.824337882662556,133.89985177125664,434.8862634101559,1110.3571603056466
11551,MADS171,e,6,ADS,5.95,189.9999999999995,601.2189188445149,2078.6091201114778
11552,MADS171,o,6,ADS,6.885804047750866,134.19595224913382,576.1160090865766,1291.9214605774837
11553,MADS171,i,6,ADS,7.672201580928588,158.24527936602982,342.8664685614725,2232.8404607231896
11555,MADS171,u,6,ADS,10.43,245.9911572434006,336.4935891335277,890.4753145853992
11556,MADS171,u,6,ADS,10.88199088534803,308.00911465196987,333.42499122353024,845.0463700742362
11557,MADS171,i,6,ADS,11.79,60.0000000000005,449.4411397172984,2171.759887336916
11558,MADS171,æ,6,ADS,14.44,122.4950219329699,710.0533951207577,1515.3117697776397
11559,MADS171,æ,6,ADS,16.04,139.9050895455396,777.1369016735747,1542.8287236511264
11560,MADS171,æ,6,ADS,18.18,162.8227247231493,670.0985033655984,1569.6345715507377
11561,MADS171,u,6,ADS,18.85058208164963,251.56941847933822,347.453042532909,1103.2906974171776
11562,MADS171,e,6,ADS,20.74,96.85158247850012,614.524243613857,1844.8039111846424
11563,MADS171,æ,6,ADS,21.03026247948143,144.72004181337184,1193.8309804797505,1686.8182534444754
11564,MADS171,u,6,ADS,22.71,129.999999999999,386.76195202290285,672.0270924919205
11565,MADS171,æ,6,ADS,29.98,162.31748035074034,853.7338042797285,1736.8316437979252
11566,MADS171,u,6,ADS,31.11,140.00000000000057,375.3609557136707,631.1005325260638
11567,MADS171,u,6,ADS,32.42872480033964,141.27519966036317,412.1358226276285,793.8205214517072
11568,MADS171,e,6,ADS,34.91,130.00000000000256,626.1160647842667,1941.423906140757
11569,MADS171,a,6,ADS,36.07,119.99999999999744,708.7613541085004,1344.9080992034408
11570,MADS171,e,6,ADS,37.12407443601114,105.92556398885478,637.983786431341,1983.4075167927474
11571,MADS171,a,6,ADS,38.66,148.96995421148063,720.8313980841373,1270.3571740072236
11572,MADS171,o,6,ADS,39.66,106.46478954136995,509.9432679184119,1236.1546218154454
11573,MADS171,o,6,ADS,41.45,105.38218238824726,475.1492028641095,1291.6920999457525
11574,MADS171,æ,6,ADS,44.33,190.00000000000483,760.6246496570974,1533.8025202412894
11575,MADS171,i,6,ADS,44.96415759289614,113.61199544228384,388.499260303573,2493.140599185375
11576,MADS171,i,6,ADS,47.00101513870527,121.72713797387047,336.3903099503482,2376.946603256922
11577,MADS171,e,6,ADS,51.07,88.90789591968229,566.847152388892,1737.2810339974812
11578,MADS171,a,6,ADS,51.29,139.73582424139153,587.6355759607562,1189.326846024153
11579,MADS171,e,6,ADS,52.15,107.17521597521085,561.4775528526491,1691.87279727859
11580,MADS171,a,6,ADS,52.49,109.99999999999943,802.8483218229368,1330.984855795346
11581,MADS171,a,6,ADS,55.18,119.99999999999744,623.0251134158176,1364.9604199509106
11582,MADS171,æ,6,ADS,57.49265840809313,185.55033171067947,651.4400619384385,1529.0726336637467
11583,MADS171,i,6,ADS,58.13309946446996,98.91469888989946,335.18395532407476,2368.706434059876
11584,MADS171,e,6,ADS,60.37,130.00000000000256,556.2852759650575,1952.1819293921462
11585,MADS171,e,6,ADS,61.54,109.76465346420383,543.7498193518704,1886.3052027146905
11586,MADS171,i,6,ADS,63.16,60.396976407460556,399.39198985202864,2421.728558884767
11587,MADS171,i,6,ADS,63.50753539547544,87.31780315796556,422.7215001898094,2207.0506867493496
11588,MADS171,a,6,ADS,63.86,116.4737855158009,598.5326973056619,1053.0162267222156
11589,MADS171,i,6,ADS,70.87,119.99999999999034,467.5168957507212,2740.3134239650626
11590,MADS171,i,6,ADS,72.51,80.25847840941935,377.2960637402373,2257.8659449463094
11591,MADS171,e,6,ADS,74.16464746655521,137.79840810866517,814.5844892931539,1635.091598573468
11592,MADS171,a,6,ADS,74.68,69.99999999999318,578.1346040519334,1222.8283574726252
11593,MADS171,a,6,ADS,76.06,79.9999999999983,691.8015379686774,1248.9160600893385
11594,MADS171,o,6,ADS,77.94,40.00000000000625,485.2545089757631,1349.6368579677367
11595,MADS171,u,6,ADS,82.05544534004247,114.554659957534,417.49571510047144,915.4341779894587
11596,MADS171,u,6,ADS,91.52,120.00000000000455,376.65841926899077,654.3610481303106
11597,MADS171,o,6,ADS,94.9,140.00000000000057,428.48875486358645,1002.3844264235292
11598,MADS171,e,6,ADS,97.27798487852218,226.83857846826072,603.3085248862396,1500.1968917318407
11599,MADS171,o,6,ADS,98.24,174.30127367788373,462.98484409209766,1147.2327478373231
11600,MADS171,a,6,ADS,100.47,230.00000000000398,603.7743668447677,1108.667693102825
11601,MADS171,e,6,ADS,102.1234011536911,175.99544881149143,499.1505070501959,2055.209141012565
11602,MADS171,u,6,ADS,102.59,132.8356714236918,342.6557077892569,663.4989956414315
11603,MADS171,o,6,ADS,103.68,129.99999999999545,441.5535425001675,1224.0501412123124
11604,MADS171,a,6,ADS,104.21,130.00000000000966,676.5879379738694,1242.2810467229203
11605,MADS171,e,6,ADS,107.85,100.00000000000853,563.7876937097867,1829.8283179944287
11606,MADS171,o,6,ADS,108.9585521005249,120.11046525520896,489.39186056995095,1190.0967557112006
11607,MADS171,æ,9,ADS,3.37,189.99999999999994,1006.4441320274245,1592.4345120948449
11608,MADS171,o,9,ADS,4.039971487885627,110.02851211437292,460.3735316724683,1097.5446573785366
11609,MADS171,e,9,ADS,5.277971779309415,139.6245659119968,551.8009707152233,1897.8757749002618
11610,MADS171,o,9,ADS,6.165213308995234,134.7866910047655,474.0488789689864,1118.4452061083186
11611,MADS171,i,9,ADS,7.53,129.9999999999999,320.98728260981756,2478.3049842479254
11612,MADS171,u,9,ADS,9.01,160.00000000000014,424.78013013354814,959.0748169598661
11613,MADS171,u,9,ADS,9.89,139.9999999999988,347.1301492460087,907.4728796047078
11614,MADS171,u,9,ADS,10.28833539843771,131.66460156229044,376.43034053116986,977.8276648304532
11615,MADS171,i,9,ADS,11.43,80.00000000000007,442.47273168306174,2398.4321046011387
11616,MADS171,æ,9,ADS,14.03,94.5700549757511,714.6393430600517,1647.235130679467
11617,MADS171,æ,9,ADS,15.34,135.0516461013296,873.0511607655974,1512.1793864714705
11618,MADS171,æ,9,ADS,17.48516443917829,104.83556082170864,662.4705609140036,1553.6233735655996
11619,MADS171,u,9,ADS,18.03190274814627,120.0281356085604,351.651257243898,744.5188139490747
11620,MADS171,e,9,ADS,18.99,71.61474661804235,702.8863667234895,1946.1996927764549
11621,MADS171,æ,9,ADS,19.15,60.000000000002274,1085.3239653137673,1575.7917750017436
11622,MADS171,u,9,ADS,20.59102047363181,158.97952636818857,345.09507787323446,844.184935128408
11623,MADS171,æ,9,ADS,27.61,150.00000000000213,885.048240922627,1682.715604997321
11625,MADS171,u,9,ADS,29.84184085689368,168.15914310632252,400.15496348029427,917.7892294679054
11626,MADS171,e,9,ADS,32.72,160.0000000000037,675.7946699686881,2298.994141803097
11627,MADS171,a,9,ADS,34.09,149.99999999999858,627.4104681512781,1152.1066224255724
11628,MADS171,e,9,ADS,35.57526492513406,104.73507486594258,737.9666390532063,2141.8185683063093
11629,MADS171,a,9,ADS,37.0,119.99999999999744,763.4085061182644,1323.7829904840307
11631,MADS171,o,9,ADS,39.58,120.00000000000455,483.87071219659055,1101.3072183093575
11632,MADS171,æ,9,ADS,42.36731844933379,151.0804539919235,822.8817914721798,1663.0418214416645
11633,MADS171,i,9,ADS,42.96026472001012,89.73527998987407,396.85203169595275,2479.238069710784
11634,MADS171,i,9,ADS,45.1390718957305,100.92810426949939,330.19401852125026,2322.0445276680202
11635,MADS171,e,9,ADS,50.04675564646229,103.24435353771122,631.3940251345518,2044.015418470266
11636,MADS171,a,9,ADS,50.33584847879587,108.43677746193947,718.2958431840225,1231.3231321280798
11637,MADS171,e,9,ADS,51.42002969753105,149.97030246895093,583.5532138310102,2335.3933290029586
11638,MADS171,a,9,ADS,51.8891101393608,140.88986063919862,869.3190086508217,1215.2773648356394
11639,MADS171,a,9,ADS,53.74,149.99999999999858,718.9319502047035,1155.8246203147792
11640,MADS171,æ,9,ADS,56.17228993208114,177.71006791885924,884.3458593205207,1569.9825751582773
11641,MADS171,i,9,ADS,56.78495392747057,105.04607252943288,393.09232063981716,2347.2012232791985
11642,MADS171,e,9,ADS,59.06405000700568,125.94999299431464,539.9180586506943,2133.977666981998
11643,MADS171,e,9,ADS,60.25165452325758,78.34547674242032,531.4583021847346,1697.537297686494
11644,MADS171,i,9,ADS,61.81,49.99999999999716,422.1666401879114,2242.4063128701982
11645,MADS171,i,9,ADS,62.15484499838409,75.15500161590438,366.00230287548936,2513.982735889067
11646,MADS171,a,9,ADS,62.47,90.00000000000341,692.3844440542501,1206.8117017187255
11647,MADS171,i,9,ADS,69.22108769928079,138.91230071921257,401.94926331276463,2356.781808377292
11648,MADS171,i,9,ADS,71.13,72.38537756218477,354.03614348439874,2166.3727250868747
11649,MADS171,æ,9,ADS,72.88952038232357,186.41378597391167,970.0756939661179,1469.439455630136
11650,MADS171,a,9,ADS,73.52,79.9999999999983,671.1898230534799,1097.3639165139864
11651,MADS171,a,9,ADS,74.37,89.9999999999892,728.2030049488021,1198.8503113557495
11652,MADS171,o,9,ADS,76.62,55.91349630725517,811.5048312123066,1881.6821537778214
11653,MADS171,i,9,ADS,77.1,68.14336253900422,441.9299265881178,2249.165511388888
11654,MADS171,u,9,ADS,81.41808265983532,111.91734016468047,366.1114201772747,883.8178419987833
11655,MADS171,o,9,ADS,91.5732879048383,101.12643291394363,515.8609721421541,1338.3330123339952
11656,MADS171,o,9,ADS,95.7601409942748,123.05746655793826,447.5838672411558,1013.3260506666309
11657,MADS171,æ,9,ADS,97.63112280885112,188.87719114887602,887.9804422413023,1642.4456393994237
11658,MADS171,o,9,ADS,98.32,102.06243883745003,580.485877398047,1141.2907243741809
11659,MADS171,a,9,ADS,100.72,159.9999999999966,520.6241639544969,1140.7537043987766
11660,MADS171,e,9,ADS,102.47,159.9999999999966,483.75208796285625,2252.553344178838
11661,MADS171,u,9,ADS,102.99,112.91175826630706,350.66680718733386,1162.8790678558762
11662,MADS171,o,9,ADS,103.83,90.00000000000341,520.5840689802162,1200.8229931352266
11663,MADS171,a,9,ADS,104.68,119.99999999999034,533.281937560096,1137.7820382028742
11664,MADS171,e,9,ADS,105.78,79.9999999999983,437.93226867190157,2259.5967222751024
11665,MADS171,o,9,ADS,106.8392672955001,150.73270449990162,417.4744275798534,1080.8595555624615
