index,spkid,IPA,AgeMonth,Register,time_start,duration(ms),F1,F2
0,MADS101,i,12,ADS,6.64,100.00000000000054,363.175843399445,2484.202193681426
1,MADS101,u,12,ADS,8.32,230.00000000000043,305.26602382330424,674.4143308952505
2,MADS101,u,12,ADS,9.46,169.99999999999994,307.0048146750364,615.3430045082113
3,MADS101,u,12,ADS,9.97,229.99999999999864,339.59959170122755,690.7667043977483
4,MADS101,i,12,ADS,10.78,89.99999999999986,353.287805765627,2372.4738647389768
5,MADS101,u,12,ADS,18.01,209.9999999999973,398.90640492221877,846.1660006327877
6,MADS101,u,12,ADS,21.21140934900351,108.59065099649001,356.9117935934593,887.3537489930355
7,MADS101,u,12,ADS,29.23,120.000000000001,366.77057109870253,765.795025624491
8,MADS101,u,12,ADS,30.5,191.94389304259118,539.7275994682444,2343.3945179380216
9,MADS101,a,12,ADS,34.75,109.99999999999943,702.5823438303945,1218.0399162242516
10,MADS101,a,12,ADS,37.32,127.72296436988029,722.282721728652,1208.3713553528303
11,MADS101,i,12,ADS,44.64133651686998,111.06461524325084,355.73070346783675,2529.902521141104
12,MADS101,i,12,ADS,46.98487176513526,95.1282348647382,319.3347311144524,2441.06558584385
13,MADS101,a,12,ADS,51.45439043184546,150.263891211452,746.6629591155041,1353.1779185301566
14,MADS101,a,12,ADS,52.55,130.00000000000256,688.3177509375454,1192.702899164241
15,MADS101,a,12,ADS,54.17,129.99999999999545,720.6143732830961,1186.6274861141633
17,MADS101,i,12,ADS,61.58234247775766,87.65752224233836,335.9397820377505,1796.775330766844
18,MADS101,i,12,ADS,61.97,79.46718304543765,400.61628782278456,2191.218812045173
19,MADS101,a,12,ADS,62.27,117.56093827120395,718.9685177237083,1287.8688931751096
20,MADS101,i,12,ADS,67.46,120.00000000000455,362.9446608126324,2351.3348897124197
21,MADS101,i,12,ADS,69.62,99.99999999999432,347.20206216617083,2373.750907992411
22,MADS101,a,12,ADS,71.66,81.45208593506936,676.8074624219319,1253.812192321333
23,MADS101,a,12,ADS,72.65,69.99999999999318,625.1805271543934,1255.4897899524458
24,MADS101,i,12,ADS,74.92,69.82171853798036,567.5909484822032,1944.8010151599544
26,MADS101,u,12,ADS,90.31465331429062,132.29755639270024,346.2851095429211,781.4777234508825
27,MADS101,a,12,ADS,98.68,219.99999999999886,703.3724823004084,1229.5991443169742
29,MADS101,a,12,ADS,102.34,159.9999999999966,794.5940596483088,1247.4584610103843
30,MADS101,i,15,ADS,6.21,89.99999999999986,414.844799460277,2421.190226398555
31,MADS101,u,15,ADS,7.7,269.99999999999955,387.7078022420609,779.3520861637719
32,MADS101,u,15,ADS,8.64,89.99999999999986,409.3268861668056,1241.7295856797443
33,MADS101,u,15,ADS,8.907480547313972,145.26266579059842,569.6530250747726,833.0369796629661
34,MADS101,i,15,ADS,9.51,80.00000000000007,438.53348087771997,2265.8403674634083
35,MADS101,u,15,ADS,15.99,104.00966080929841,434.6731486899446,766.2274394781216
36,MADS101,u,15,ADS,18.71592509962992,102.97100359839817,373.7928533630432,735.4436949243369
37,MADS101,u,15,ADS,25.96,129.999999999999,410.4253626472719,792.460469175674
38,MADS101,u,15,ADS,26.98,179.99999999999972,480.3699159332101,1565.8222701485306
39,MADS101,a,15,ADS,30.26,125.95143719827817,657.778741810811,1232.5053506102356
40,MADS101,a,15,ADS,32.46,104.27586491153562,689.9545516597157,1234.881609177929
41,MADS101,i,15,ADS,37.82927607350965,102.97100359839106,458.17895544042557,2570.449536182591
42,MADS101,i,15,ADS,39.75382391013967,106.17608986032678,360.79161522796375,2270.5773822555307
43,MADS101,a,15,ADS,43.22,131.80402668569968,692.3100305107843,1180.6996545254647
45,MADS101,a,15,ADS,45.46,130.00000000000256,766.7837379691194,1279.3278444496761
46,MADS101,i,15,ADS,48.25030443246747,84.58332438438987,361.1208071903843,2319.3916426873375
47,MADS101,i,15,ADS,52.41,50.00000000000426,399.6801546910301,2409.9932541708436
48,MADS101,i,15,ADS,52.7585012880366,61.498711963402286,387.8661445775345,2157.463547657161
49,MADS101,a,15,ADS,53.02,109.99999999999943,737.5331840694347,1328.530401551248
50,MADS101,i,15,ADS,57.55,125.83731508238571,385.31517965429845,2634.8751251599647
51,MADS101,i,15,ADS,59.44,119.20003567990278,383.167675557449,2508.1074901094016
52,MADS101,a,15,ADS,61.5,100.00000000000142,692.7038967079628,1282.9159993972905
53,MADS101,a,15,ADS,62.5,109.99999999999943,631.3312654994413,1175.3021322332615
54,MADS101,i,15,ADS,64.77,53.0568892926766,508.001714095723,1749.8441593434657
55,MADS101,u,15,ADS,67.92468009353881,105.31990646119027,373.31326423714216,793.0244658727763
56,MADS101,u,15,ADS,75.53,99.99999999999432,401.85057462110575,730.4366670935013
57,MADS101,a,15,ADS,85.91,159.9999999999966,714.4649191154814,1323.9713018178911
58,MADS101,u,15,ADS,86.87,102.6678795923317,374.60707018937933,763.6774726005042
59,MADS101,a,15,ADS,88.67,123.93381498210942,775.7910656315413,1326.8566606744803
60,MADS101,i,6,ADS,6.24,104.8646508770581,369.76056187147736,2373.959275486655
61,MADS101,u,6,ADS,7.83,209.81767248274787,346.42684907007117,701.8576115252448
62,MADS101,u,6,ADS,8.62,138.56607796247465,393.4016816055103,941.0829878245919
63,MADS101,u,6,ADS,8.940294153217595,199.70584678240579,480.7798630588061,753.7276589905508
65,MADS101,u,6,ADS,16.32,207.31662177027133,346.7476340980737,1110.7516291555994
66,MADS101,u,6,ADS,19.32557615993129,107.3847717416605,453.11485067460615,874.6559204181798
67,MADS101,u,6,ADS,27.04789787820217,229.638204186017,423.67896633351364,876.249496947604
68,MADS101,a,6,ADS,32.08901220200337,117.29721221013278,720.6971107643575,1299.2687920596306
69,MADS101,a,6,ADS,34.6,135.74506060886904,724.9654023963895,1302.3675958559575
70,MADS101,i,6,ADS,41.11,149.99999999999858,381.13615522113594,2435.7464453993402
72,MADS101,a,6,ADS,47.87,102.82125270817488,701.7322996480705,1249.2119073710364
73,MADS101,a,6,ADS,49.97,138.8035766591429,855.35138419587,1316.5749475918954
75,MADS101,i,6,ADS,53.97430992959613,100.77647809601586,358.76100119343016,2287.2867161797903
76,MADS101,i,6,ADS,58.33,157.55898507034516,365.7969424381228,2557.490693801949
77,MADS101,i,6,ADS,58.76977023414471,56.17049598794921,436.97231421793583,2158.8129644664655
78,MADS101,a,6,ADS,59.02,114.87845806636443,693.3786535798494,1340.8266729562997
79,MADS101,i,6,ADS,64.43575808325225,87.5598908047408,345.11299623279496,2001.3899648475153
80,MADS101,i,6,ADS,66.2,69.99999999999318,368.2999177979275,2310.8724010451224
83,MADS101,i,6,ADS,71.33792746464079,79.299523747693,546.6939850940279,1895.8075040012818
84,MADS101,u,6,ADS,74.77,130.00000000000966,372.39949495754604,1087.6740879382485
85,MADS101,u,6,ADS,83.66284012786687,140.42623996986947,383.10282359233594,882.6015682253824
86,MADS101,a,6,ADS,93.1252405509093,175.1197816094816,603.549396496277,1180.7184364857628
87,MADS101,u,6,ADS,95.31,131.46964672175443,536.6118365729783,1854.7406667406979
88,MADS101,a,6,ADS,97.46302828473924,151.99075384974492,743.3445883543646,1253.701992627882
89,MADS102,i,15,ADS,6.215816775878538,114.18322412146242,287.636549043925,2550.596762492434
90,MADS102,u,15,ADS,7.779438775582956,140.561224417044,416.11917805060983,914.9551169936481
91,MADS102,u,15,ADS,8.639359413816175,230.64058618382433,323.5303760500757,912.47805330057
92,MADS102,u,15,ADS,9.1,210.00000000000085,377.24111373912945,1049.83451172553
93,MADS102,i,15,ADS,9.67,99.99999999999964,354.92866699697777,2632.890751290109
94,MADS102,u,15,ADS,15.83,152.25997092220035,345.59147738446586,762.1985715506252
95,MADS102,u,15,ADS,18.9,120.000000000001,351.16704413431313,694.0044887207947
96,MADS102,u,15,ADS,27.5,113.3723040376502,376.2955967182344,864.2580532873128
97,MADS102,u,15,ADS,28.64452005137501,148.18800493392814,472.4125828962908,736.869249905445
98,MADS102,a,15,ADS,33.32,104.31703605956244,723.0752119128065,1977.8944426795981
99,MADS102,a,15,ADS,36.54,190.77012880060806,665.691957430478,1465.9828189626276
100,MADS102,i,15,ADS,43.43005542983924,71.24423314131434,354.61558074818504,2538.131475136847
101,MADS102,i,15,ADS,45.68,79.9999999999983,316.97748919776046,2487.0199601906343
102,MADS102,a,15,ADS,49.49,91.65383362260826,693.6832928763606,1473.6618554156194
103,MADS102,a,15,ADS,51.0,119.99999999999744,879.1163270539867,1546.0064625311165
104,MADS102,a,15,ADS,52.27613703218928,103.86296781071991,956.6758036248086,1574.108173737654
105,MADS102,i,15,ADS,55.2881000861282,71.89991387179617,352.5511502419718,2407.5170010858747
106,MADS102,i,15,ADS,59.93,39.99999999999915,325.76865910607967,2479.478204921419
107,MADS102,i,15,ADS,60.27495877117973,58.42027117587634,360.76288337361905,2238.013482465608
108,MADS102,a,15,ADS,60.55,105.37450128139625,586.1740233334348,1532.4318997065177
109,MADS102,i,15,ADS,66.0,150.00000000000568,281.49279459227637,2478.42324990983
110,MADS102,i,15,ADS,67.64304616581448,166.95383418552012,236.10810182461125,2266.6013787065062
111,MADS102,a,15,ADS,69.52,95.44687665830054,576.3168547132276,1383.2842107927281
112,MADS102,a,15,ADS,70.68732048059596,82.64331044391326,619.4456557516437,1223.2098123774747
113,MADS102,i,15,ADS,72.9396929591755,49.87096319891293,400.77016354581815,1874.847644960037
114,MADS102,u,15,ADS,76.18,121.20617976397341,541.4493929505946,1319.857364509877
115,MADS102,u,15,ADS,86.58,102.92246256535975,327.186143104406,829.113673589236
116,MADS102,a,15,ADS,95.25,166.8992629553543,644.1672870614337,1342.6997756910619
117,MADS102,u,15,ADS,96.67,106.33014434583288,348.28487194990345,878.4832681415752
119,MADS102,i,18,ADS,6.11,119.70038659792425,305.5355666048155,2637.3434788700924
120,MADS102,u,18,ADS,7.64,150.00000000000034,331.8185884741196,810.1948409972458
121,MADS102,u,18,ADS,8.756321436575519,183.67856342448084,341.12193314508585,863.72008332978
122,MADS102,u,18,ADS,9.154999089533836,155.00091046616404,340.9614774501331,862.8719574341404
123,MADS102,i,18,ADS,9.719433409905871,70.56659009412769,332.2724677776157,2248.6290857872023
124,MADS102,u,18,ADS,16.56,130.00000000000256,365.9464818696497,728.9797309187867
125,MADS102,u,18,ADS,20.05265968175719,98.76106566562726,634.2257097212108,1652.996275606138
127,MADS102,u,18,ADS,28.93,109.99999999999943,423.7107934513913,1680.1247099030816
128,MADS102,a,18,ADS,36.17,140.00000000000057,739.2121688602424,1391.8380480502929
129,MADS102,i,18,ADS,42.83405185454924,142.74708650830092,255.95586411615622,2342.8491755660752
130,MADS102,i,18,ADS,45.32128123599245,91.29174137159168,454.4811622894842,2163.458396587407
131,MADS102,a,18,ADS,49.27,99.99999999999432,723.6807838119764,1414.7275679879806
132,MADS102,a,18,ADS,50.84,113.4157888832874,1026.7869489929365,1499.0711459897573
133,MADS102,a,18,ADS,52.4,90.00000000000341,387.70620688379944,1263.2429217255853
134,MADS102,i,18,ADS,55.29,87.32308942096978,306.4932560806461,2568.004515135439
135,MADS102,i,18,ADS,60.1845083482733,66.39399372478039,333.85568472932084,2477.2396154152534
136,MADS102,a,18,ADS,60.51,115.97517929076417,631.4645082805658,1358.3594213747845
137,MADS102,i,18,ADS,66.9,134.51100963555973,298.47001086550847,2527.814849135246
138,MADS102,i,18,ADS,68.95,90.00000000000341,318.58751386558856,2463.3448704278653
139,MADS102,a,18,ADS,70.61341172680261,76.58827319738748,469.49346952334594,1187.2579103531914
140,MADS102,a,18,ADS,71.66441478036599,85.58521963401233,770.2793421414538,1862.9010312818866
142,MADS102,u,18,ADS,87.84,137.59917077305772,432.7138877588865,1312.0259756485761
144,MADS102,u,18,ADS,99.22,90.00000000000341,341.39520876012256,831.8528857368747
145,MADS102,i,6,ADS,5.74,99.68471417978719,358.41138516519675,2233.059687500755
146,MADS102,u,6,ADS,7.07,120.00000000000011,347.1083544472788,716.3909127959644
147,MADS102,u,6,ADS,7.753986757689485,126.01324231051514,297.00805793274134,857.684316309509
148,MADS102,u,6,ADS,8.1,220.66157284017152,299.32444080026863,853.3004748456707
149,MADS102,i,6,ADS,8.62,111.31306465573765,365.4254484857924,2313.697287096825
150,MADS102,u,6,ADS,14.59568132273004,141.35034714994887,391.40709455698135,769.1642406031178
151,MADS102,u,6,ADS,17.20617128451783,113.8287154821711,388.6785030244822,824.20784060373
152,MADS102,u,6,ADS,24.56,52.26364343491241,394.98614395166624,835.1787602470401
153,MADS102,u,6,ADS,25.41,129.999999999999,354.6880959845811,717.8776373495282
154,MADS102,a,6,ADS,29.25,93.3697972114409,755.2595575219697,1420.0514453254902
155,MADS102,a,6,ADS,31.82,111.03694415735887,710.5783930877118,1350.5804474400015
156,MADS102,i,6,ADS,38.55,109.21786725206317,369.9182043664707,2361.6120658709688
157,MADS102,i,6,ADS,40.35102762218541,118.42866923373663,367.7101446781301,2396.719648735249
158,MADS102,a,6,ADS,43.51,102.65667792248934,791.1520192852811,1443.4627821386023
159,MADS102,a,6,ADS,44.94800586167817,133.7097878445377,850.8352666396505,1467.5745914687636
160,MADS102,a,6,ADS,46.15,112.77115739978427,709.6501268528074,1307.2672766377943
161,MADS102,i,6,ADS,49.03,84.82442172337556,378.5164663371777,2478.168036603296
162,MADS102,i,6,ADS,53.58,55.94444197954829,334.2875050225706,2341.774668556789
163,MADS102,i,6,ADS,53.88935632560874,59.851047892308884,382.59263888103726,2197.7998959238816
164,MADS102,a,6,ADS,54.13,89.67174457234961,685.2035023929627,1604.8499851533722
165,MADS102,i,6,ADS,61.48363827206873,154.08461265894857,330.1427142679254,2370.591364026606
166,MADS102,i,6,ADS,63.14680545322341,126.06922853915137,305.99027706029176,2466.2312746887874
167,MADS102,a,6,ADS,64.92,90.21986623405098,696.2230408307688,1285.12669606593
168,MADS102,a,6,ADS,65.95,85.03165048549022,560.4452429749547,1153.53283723729
169,MADS102,i,6,ADS,67.7463609301216,43.63906987840949,380.343746493091,1791.8906543671274
170,MADS102,u,6,ADS,70.97,116.47487403793377,416.80134226295286,808.8417687824091
171,MADS102,u,6,ADS,80.71192522762956,117.15524268282707,398.1360414293006,840.9067056897941
172,MADS102,a,6,ADS,89.11,137.07166905595614,800.3912642727313,1448.006519585943
173,MADS102,u,6,ADS,90.73,79.9999999999983,316.5231036596491,863.7361964873802
174,MADS102,a,6,ADS,93.06,96.41861829557286,696.2446642623969,1409.5654787900335
175,MADS102,u,9,ADS,7.66,160.00000000000014,323.6411289302159,627.4635266984743
176,MADS102,u,9,ADS,8.79,140.00000000000057,363.3038479044661,855.0485324091075
177,MADS102,u,9,ADS,9.15,189.9999999999995,316.09538645046825,967.486455777411
178,MADS102,i,9,ADS,9.77,99.99999999999964,342.09863558725135,2456.5457881531743
179,MADS102,u,9,ADS,16.5,160.00000000000014,295.0380421126344,771.7468787708017
180,MADS102,u,9,ADS,20.04577558037246,97.42628778224116,344.11075398330803,1012.9421817550046
181,MADS102,u,9,ADS,27.46777030285921,178.8058928709404,401.5768779601981,1059.2328646126941
182,MADS102,u,9,ADS,28.48,99.99999999999787,332.0006690025789,986.7208755226322
183,MADS102,a,9,ADS,32.07829204248826,111.1805872338536,732.1206789297815,1352.4675875367996
184,MADS102,a,9,ADS,35.25,130.00000000000256,724.0040867649362,1298.0238222895182
185,MADS102,i,9,ADS,42.14428092351235,105.71907648765233,292.1509814834168,2601.2046485733576
186,MADS102,i,9,ADS,44.13245129774334,97.54870225665968,310.3174229294793,2309.0112940408544
187,MADS102,a,9,ADS,47.61,90.00000000000341,819.0616058782598,1348.604736397541
188,MADS102,a,9,ADS,49.04,130.00000000000256,902.3907964797954,1347.3933243837496
189,MADS102,a,9,ADS,50.57,130.00000000000256,959.3423229640584,1249.3843815929358
190,MADS102,i,9,ADS,53.25013521917877,59.86478082122915,385.9847317465811,2441.7778672362197
191,MADS102,i,9,ADS,57.94,50.00000000000426,367.6017583657104,2118.633561592398
192,MADS102,i,9,ADS,58.26,65.0667963416609,291.15338346360863,2211.71941712063
193,MADS102,a,9,ADS,58.55,80.0000000000054,764.9070943083868,1384.6092809519348
194,MADS102,i,9,ADS,65.22,170.0000000000017,279.71042414262274,2568.055292302616
195,MADS102,i,9,ADS,67.33,109.99999999999943,322.0535171319703,2544.6895485304995
196,MADS102,a,9,ADS,69.27,100.00000000000853,674.3484413518413,1321.9961115045223
197,MADS102,a,9,ADS,70.44,100.00000000000853,695.9526918617947,1224.2437668406926
198,MADS102,i,9,ADS,72.57,60.000000000002274,353.9975300527269,1845.6223407956352
199,MADS102,u,9,ADS,75.99,90.00000000000341,403.5037898684759,1146.5788667447464
200,MADS102,u,9,ADS,87.29,99.99999999999432,388.199511877941,941.96587887549
201,MADS102,a,9,ADS,95.87,170.0000000000017,773.4720778000641,1283.7753573022435
202,MADS102,u,9,ADS,97.79,79.9999999999983,366.77675439897735,2167.360299835724
203,MADS102,a,9,ADS,100.61,129.99999999999545,763.8111958277666,1334.5136287679604
204,MADS103,i,12,ADS,5.92,99.99999999999964,396.40018229794185,2692.5216342222866
205,MADS103,u,12,ADS,7.501529177921281,188.47082207871946,438.1185448548026,794.1140121492926
206,MADS103,u,12,ADS,8.748482828855913,121.51717114408633,437.5412814818343,702.1294634932171
207,MADS103,u,12,ADS,9.11,210.00000000000085,405.6435571629301,828.0590113639483
208,MADS103,i,12,ADS,9.87,90.00000000000163,380.10565035060495,2547.255718601286
209,MADS103,u,12,ADS,16.35089818645286,139.10181354713913,346.82300015225655,890.3700628540767
210,MADS103,u,12,ADS,20.20050141803971,89.4985819602887,357.20520444878264,922.6537426936578
211,MADS103,u,12,ADS,27.98619743738516,111.32749396658781,437.14954869384195,732.251645864141
212,MADS103,u,12,ADS,29.04,140.00000000000057,452.8189724633475,718.591401924673
213,MADS103,a,12,ADS,32.56570782130556,89.68048125085915,666.7956626471653,1534.9646825783848
214,MADS103,a,12,ADS,35.0,136.92096895756123,659.8043773507658,1404.982653904392
215,MADS103,i,12,ADS,42.44247283714265,117.52716285734977,428.9175573878745,2609.1489252628044
216,MADS103,i,12,ADS,44.86442052118032,115.57947881967578,430.2955932319787,2641.243298069953
217,MADS103,a,12,ADS,48.28,116.51545573663213,557.0507995267691,1295.4251714097477
218,MADS103,a,12,ADS,49.40793310314022,132.0668968597758,719.8634344464261,1437.7118816544967
219,MADS103,a,12,ADS,50.88041916148364,119.58083851636303,592.2827802946977,1367.3745977377655
220,MADS103,i,12,ADS,53.30600767538031,82.96719871289326,473.3201546703217,2526.7880664464283
221,MADS103,i,12,ADS,57.85,51.57023303080166,405.204939145955,2492.369306313871
222,MADS103,i,12,ADS,58.17,59.99999999999517,401.6575754566272,2332.3880032992147
223,MADS103,a,12,ADS,58.46,127.51031253029055,663.8624012320922,1482.7716012318601
224,MADS103,i,12,ADS,65.6285015675272,181.1255746548852,435.38637965638225,2692.510041606104
225,MADS103,i,12,ADS,67.35783265667007,132.1673433299253,395.27936833786623,2672.399371889748
226,MADS103,a,12,ADS,69.2,90.00000000000341,731.1889010056507,1254.4467587559423
227,MADS103,a,12,ADS,70.18,94.63550596383641,680.0434850864577,1446.4494407784869
228,MADS103,i,12,ADS,72.57,40.00000000000625,538.0219002473837,1967.9549743374118
229,MADS103,u,12,ADS,75.59252408157315,98.15837594200616,370.0393637069357,927.0367986876997
230,MADS103,u,12,ADS,85.36,120.00000000000455,422.4814380982355,825.1724566779778
231,MADS103,a,12,ADS,93.4567220786715,153.27792132849538,715.0299765257437,1336.3882004893444
232,MADS103,u,12,ADS,95.19,140.00000000000057,390.2692510284637,866.2799814803271
233,MADS103,a,12,ADS,97.29031505786791,121.52941783296001,713.2192331530309,1321.8907617315635
234,MADS103,i,18,ADS,8.499237029358937,144.40693635141244,328.35106286169093,2661.7260019533314
235,MADS103,u,18,ADS,10.15980403966824,132.78798744956964,344.1857437517652,755.8921120380467
236,MADS103,u,18,ADS,11.41441225907659,109.55008964588941,378.67612791003256,806.7466451234316
237,MADS103,u,18,ADS,11.85303549417296,159.3455849394889,401.04843474304295,804.879364606334
238,MADS103,i,18,ADS,12.5422960555804,92.9515912147103,342.11567025329737,2651.380225466287
239,MADS103,u,18,ADS,19.62836382227704,41.636177722960355,353.8425396940289,918.5819574468911
240,MADS103,u,18,ADS,23.67,55.03714574203755,302.4879764535726,913.5333231231838
241,MADS103,u,18,ADS,31.47,148.01434410563274,364.73617149687277,1171.8397130425365
242,MADS103,u,18,ADS,33.14,179.99999999999972,339.134137446379,756.6008230243664
244,MADS103,a,18,ADS,38.86,160.0000000000037,767.2597682595207,1258.345268580002
245,MADS103,i,18,ADS,47.08428712271531,149.31447433278322,369.7287352203783,2711.60872638345
246,MADS103,i,18,ADS,49.70705691242821,73.19336977096924,373.68037668582934,2622.0875404301682
247,MADS103,a,18,ADS,53.51127638620895,68.7236137910503,749.8297905854135,1392.0734672428916
249,MADS103,a,18,ADS,56.38,113.54886485190718,892.9060703546749,1361.5007395433581
250,MADS103,i,18,ADS,58.86081493689351,111.9858557495661,364.10073448273755,2584.362626922219
251,MADS103,i,18,ADS,63.30233760914032,76.12110456180687,365.0681805892963,2291.1907320405453
252,MADS103,i,18,ADS,63.66336378963628,60.60354480207053,431.0019541702635,2349.407433618921
253,MADS103,a,18,ADS,64.00070213517631,104.66651877248978,696.188132865597,1226.015889830504
254,MADS103,i,18,ADS,70.51274437107595,185.17922552054245,348.87026844754877,2708.775515777757
255,MADS103,i,18,ADS,72.4449083822761,120.45434049892378,344.7119842264973,2561.1991401235246
256,MADS103,a,18,ADS,74.1,99.54318658436989,717.9875725083734,1295.5547996011624
257,MADS103,a,18,ADS,75.1,101.38673262143527,857.541521524099,1536.9726037180753
258,MADS103,i,18,ADS,77.60733002742126,64.99334919007538,530.904811406985,1709.2831667219466
259,MADS103,u,18,ADS,80.85083315837441,90.99068886609984,410.37032376328995,918.2505560500659
260,MADS103,u,18,ADS,90.17,100.82100866877397,352.4314048523873,786.6208145429531
263,MADS103,a,18,ADS,101.0116909331985,121.32091848820892,811.7424525987809,1444.6289910226758
264,MADS103,i,6,ADS,5.88,107.79804446094587,412.9216982750548,2363.5138671496425
265,MADS103,u,6,ADS,7.43,151.96190712432588,402.5237654397135,609.5015967001424
266,MADS103,u,6,ADS,8.46342487192758,166.57512807242014,385.53045620923405,963.8062224072561
267,MADS103,u,6,ADS,8.85995241240463,220.0475875953707,342.8402035343201,1014.7546601718631
268,MADS103,i,6,ADS,9.64,88.07760480252291,373.1832468196928,2391.148232491165
269,MADS103,u,6,ADS,16.44,137.54658289121835,428.2266009790067,741.5449351289558
270,MADS103,u,6,ADS,20.72,130.00000000000256,335.14639760575676,818.7581369046569
271,MADS103,u,6,ADS,28.14,140.00000000000057,382.4957184984681,700.0181438178831
272,MADS103,u,6,ADS,29.19,179.99999999999972,391.34299592094777,832.9631300020286
273,MADS103,a,6,ADS,33.21,94.7124850658625,713.2632031473755,1301.7740490413312
274,MADS103,a,6,ADS,35.52680987627321,116.66173568515603,886.3153365823814,1310.3408858760977
275,MADS103,i,6,ADS,43.5647295899975,108.56022626258977,400.7385121302733,2429.543968634331
276,MADS103,i,6,ADS,45.95901958838478,109.37037720484,333.0843606267142,2594.0866473159076
277,MADS103,a,6,ADS,49.7,121.7928084342006,670.8137598350581,1327.8773931959947
278,MADS103,a,6,ADS,50.87,125.82169453570202,852.4633078916565,1262.2858806739266
279,MADS103,a,6,ADS,52.28,135.5349922355913,628.9793042211052,1209.2665006868015
280,MADS103,i,6,ADS,54.42618880132182,103.69932060903864,346.13939372211337,2425.047280587145
281,MADS103,i,6,ADS,59.29,60.00456916978436,393.0948593066128,2097.748276199451
282,MADS103,i,6,ADS,59.60551222321835,55.09026407354867,455.4540776866173,2328.424292098708
283,MADS103,a,6,ADS,59.9,100.00000000000142,662.1690406781489,1272.6113563693498
284,MADS103,i,6,ADS,66.29,183.18569317474953,387.75252059633897,2623.4689522153867
285,MADS103,i,6,ADS,68.07,122.32147704021656,390.5477261250667,2555.2145809849644
286,MADS103,a,6,ADS,69.60003756422485,85.87599987936301,726.3177337966126,1252.771188590907
287,MADS103,a,6,ADS,70.44796260554196,98.02826401322307,652.9542679943333,1281.70424286453
288,MADS103,i,6,ADS,72.66,58.09083366963819,556.727741465464,1815.6884572079887
289,MADS103,u,6,ADS,75.65,98.74923249347489,353.9689534433251,913.9509321422186
290,MADS103,u,6,ADS,84.90382058512651,89.9267545906497,388.396262112177,784.1111586379036
291,MADS103,a,6,ADS,92.76933901557705,172.56215070099756,798.1995076255749,1220.6910288492281
292,MADS103,u,6,ADS,94.27643555628153,215.50015064065065,344.7671759076303,1061.7955123191155
293,MADS103,a,6,ADS,96.50238083991424,136.10535829936055,746.4734397226243,1233.2235504987125
294,MADS103,i,9,ADS,5.65,119.99999999999922,446.91455543081867,2562.117515423921
295,MADS103,u,9,ADS,7.27,200.00000000000017,357.96610562663204,867.9888661379086
296,MADS103,u,9,ADS,8.294531525741391,135.46847425860875,399.791910555835,934.000573937026
297,MADS103,u,9,ADS,8.655561423429877,201.4371666348147,464.2605990918001,995.9792671107052
298,MADS103,i,9,ADS,9.28,89.99999999999986,359.1946250398701,2532.9272888715186
299,MADS103,u,9,ADS,16.16539561358321,147.91521414730013,368.43242851948486,951.2488105974752
300,MADS103,u,9,ADS,20.77047708159907,162.5121102802609,366.20432196862663,700.395278659156
301,MADS103,u,9,ADS,28.52742654982867,119.6945482902585,468.33818665451656,920.9586068774892
302,MADS103,u,9,ADS,29.64252149532118,187.47850467881833,347.3879020142669,714.6338188529619
303,MADS103,a,9,ADS,33.4,97.37159139329066,879.9210888496564,1525.1445514214965
304,MADS103,a,9,ADS,35.75,140.00000000000057,852.2866537235744,1391.5874182308935
305,MADS103,i,9,ADS,43.41179363905172,118.20636094827819,404.2751372431438,2550.489289830673
306,MADS103,i,9,ADS,45.89263833509854,137.36166490146218,413.0954620956756,2358.5062387327566
307,MADS103,a,9,ADS,50.53,159.9999999999966,897.5864114442669,1313.2936409945048
308,MADS103,a,9,ADS,52.03,109.99999999999943,807.7151384092132,1364.1854942700404
309,MADS103,i,9,ADS,54.60446499976567,95.53500023433514,418.10497985886997,2637.260999865493
310,MADS103,i,9,ADS,59.77,49.99999999999716,380.4513484457632,2256.034319655609
311,MADS103,i,9,ADS,60.1,68.73771876414025,450.8595574773959,2543.7799470077325
312,MADS103,a,9,ADS,60.44,142.49780209857477,764.706829498597,1353.9307744628152
313,MADS103,i,9,ADS,68.22,200.00000000000284,333.86580017754835,1682.9348581618233
314,MADS103,i,9,ADS,70.2556654396574,134.3345603425945,390.8782010636375,2747.651360711584
315,MADS103,a,9,ADS,72.13,125.01603240794168,801.991153851704,1284.0149749729903
316,MADS103,a,9,ADS,73.03612028032641,83.87971967358965,740.6238555782029,1382.5024161133506
317,MADS103,i,9,ADS,75.61,53.61291523651346,518.6321919218083,1671.4116228201808
318,MADS103,u,9,ADS,79.14277738771199,107.22261228801244,365.83096016637995,967.3144906905375
319,MADS103,u,9,ADS,88.92,170.0000000000017,373.03441072986806,847.6952343846663
320,MADS103,a,9,ADS,97.15,159.9999999999966,770.3441206572618,1234.315981644476
321,MADS103,u,9,ADS,98.87,106.83522348031715,391.37743220680267,809.627975870391
322,MADS103,a,9,ADS,100.9769824533147,143.0175466853001,730.0002430571978,1260.9409042809987
323,MADS104,i,6,ADS,6.759373952303211,158.28764124073214,325.10433682553,2508.8612245654776
324,MADS104,u,6,ADS,9.535468080548355,160.19472125567978,349.77758730122,1315.893175063216
325,MADS104,u,6,ADS,9.907752710565484,122.05312095670529,507.73503272252435,916.6580971611496
326,MADS104,i,6,ADS,10.58418207071641,111.56418087449005,304.6043374759468,2390.4844365135496
327,MADS104,u,6,ADS,20.5,113.88127786824143,358.9159008433221,751.6711248978218
328,MADS104,u,6,ADS,25.7,197.08117448541174,336.5518606688488,797.9597609066391
329,MADS104,u,6,ADS,35.17934291592233,224.31061392105534,281.31769470407625,964.3192499535238
330,MADS104,u,6,ADS,36.4,130.00000000000256,407.83913729947557,942.2841708726852
331,MADS104,a,6,ADS,40.96,106.64643600291868,871.452414910331,1316.9939090053415
332,MADS104,a,6,ADS,44.24,196.02441841103513,813.6278100900499,1088.1908449727675
334,MADS104,i,6,ADS,55.91,110.00000000000654,298.8109740368892,2773.1647765656844
335,MADS104,a,6,ADS,60.32,149.10981637135023,923.8797068095275,1272.2678036476027
336,MADS104,a,6,ADS,61.82500807481969,131.49245696503442,581.9769354154289,1314.5033066181827
337,MADS104,a,6,ADS,63.31,109.99999999999943,941.8908724407341,1326.9484184782473
338,MADS104,i,6,ADS,66.03286417293809,121.54764929542239,389.48640540775216,2739.639349960656
339,MADS104,i,6,ADS,70.96,72.99337548562335,304.10674111153276,2562.859426093055
340,MADS104,i,6,ADS,71.34,99.62551131027908,330.0649788904335,2691.3578019250936
341,MADS104,a,6,ADS,71.7089867077974,111.60284162579615,821.7109630239266,1295.1496487455854
342,MADS104,i,6,ADS,81.0308025396454,119.84694023851716,313.8344601210048,2373.9274589338106
343,MADS104,i,6,ADS,82.81011935575523,124.54682024787189,328.30673900929605,2096.0606168780528
344,MADS104,a,6,ADS,84.71917947370794,99.87245019875957,841.5613821591746,1448.9622746676832
345,MADS104,a,6,ADS,85.88561222014786,130.4216702595653,773.0031192526262,1247.0494926824501
346,MADS104,i,6,ADS,88.7,58.240400087967714,398.6621693859434,2166.813934651259
347,MADS104,u,6,ADS,92.94,120.00000000000455,386.80565915016405,1280.8880658465305
348,MADS104,u,6,ADS,106.1,130.00000000000966,287.49772697672057,771.9955782541217
349,MADS104,a,6,ADS,116.0202933240715,109.70667592849281,618.9327930297616,1163.8021855362224
350,MADS104,u,6,ADS,118.55,86.41687871239867,349.4347412556216,651.9895342856211
351,MADS104,a,6,ADS,121.0484568177359,178.59544035540864,754.292855522706,1214.4535732895677
352,MADS105,i,15,ADS,6.95,120.00000000000011,404.73750775307025,2505.86793924299
353,MADS105,u,15,ADS,8.85,110.00000000000121,469.74979284362087,1912.428058331958
354,MADS105,u,15,ADS,9.89217897056577,107.82102943423055,374.818315728344,749.2380921737118
355,MADS105,u,15,ADS,10.25295569282637,117.04430717362868,344.80394208543515,938.6879148468712
356,MADS105,i,15,ADS,10.73,99.99999999999964,426.75931354562994,2608.405306991654
357,MADS105,u,15,ADS,17.77,190.00000000000128,355.0281435419638,689.0894718700108
358,MADS105,u,15,ADS,21.44215782606084,117.38088825011062,428.52846641924026,1458.677671455671
359,MADS105,u,15,ADS,30.74,138.68330167418108,397.94211288051935,759.6237683107382
360,MADS105,u,15,ADS,32.15,120.00000000000455,437.7749032181782,1037.5150323829191
361,MADS105,a,15,ADS,36.70724385517251,112.75614482749319,933.9988797816011,1415.6405740144792
362,MADS105,a,15,ADS,39.63,151.18105331834641,954.7689442918709,1394.2855699360894
363,MADS105,i,15,ADS,46.44847609365265,59.43336113929831,428.8387330977559,2226.153780652166
364,MADS105,i,15,ADS,50.70492937435303,105.07062564697378,355.7834454419908,2600.0541804726727
365,MADS105,a,15,ADS,54.65751873216857,136.69673062037901,848.4231643104032,1316.7353102413917
366,MADS105,a,15,ADS,56.03,149.99999999999858,693.9171343266803,1325.5692710272024
367,MADS105,a,15,ADS,57.6239436732449,124.81005839252646,557.2105047693126,1315.0484873716723
368,MADS105,i,15,ADS,61.05778506736699,132.21493263300488,435.76377442255,2869.7059939527926
369,MADS105,i,15,ADS,66.15,39.99999999999204,442.19525964755417,2793.0328671249986
370,MADS105,i,15,ADS,66.47,60.000000000002274,420.48992380880975,2477.2370858515383
371,MADS105,a,15,ADS,66.83,104.06246940985397,829.4426457476746,1453.973800151251
372,MADS105,i,15,ADS,74.01,140.00000000000057,367.6195631433984,2682.492284635947
373,MADS105,i,15,ADS,75.94,130.13883830724637,394.8148980087673,2474.4082799406638
374,MADS105,a,15,ADS,77.52,112.74748549266178,651.9443410555671,1168.7270595306545
375,MADS105,a,15,ADS,78.7882890232968,81.71097670320648,713.1117074825933,1418.9728324606856
376,MADS105,i,15,ADS,81.20420955094247,47.54668891143865,433.37744453806346,1613.042144364575
377,MADS105,u,15,ADS,84.99,109.99999999999943,350.15406744845296,677.248428208046
378,MADS105,u,15,ADS,94.41,200.00000000000284,448.7912219150446,1132.0564277822066
379,MADS105,a,15,ADS,103.5,150.00000000000568,759.0169912982988,1352.7189360054103
380,MADS105,u,15,ADS,105.18,134.91021862608932,353.7875354794835,723.1564448890078
381,MADS105,a,15,ADS,107.14,124.84075464959687,692.3476356024912,1413.1587701177498
382,MADS105,i,6,ADS,13.04,154.53122294228018,394.830524495107,2872.46886200585
383,MADS105,u,6,ADS,14.69,130.0000000000008,349.0840106667149,765.0234631289072
384,MADS105,u,6,ADS,15.5,169.70632454530943,354.71450777948064,662.4038027176699
385,MADS105,u,6,ADS,15.87,220.00000000000063,367.62453899629946,789.6278506886745
386,MADS105,i,6,ADS,16.97,117.59598927763193,333.66056483399035,2597.088403271596
387,MADS105,u,6,ADS,23.56460496723913,153.78667396442935,424.8152280317101,585.2790709628836
388,MADS105,u,6,ADS,26.14945299782806,140.54700217193883,360.0473538910401,611.2844762887497
389,MADS105,u,6,ADS,33.24,136.707532897006,365.9620367787419,717.4235003240223
390,MADS105,u,6,ADS,34.31,109.99999999999943,365.64453722178575,735.659250578777
391,MADS105,a,6,ADS,37.9,120.00000000000455,847.4335082827606,1346.146060520006
392,MADS105,a,6,ADS,40.67,181.853621851765,954.0773515002786,1364.206338107775
393,MADS105,i,6,ADS,47.85,164.82519603864176,432.6417776647454,2720.505630016719
394,MADS105,i,6,ADS,49.72274940434154,112.13611643239574,373.1033307262709,2642.034814049401
395,MADS105,a,6,ADS,53.56853654598761,136.69926574614522,829.3137138535373,1270.6222424601056
396,MADS105,a,6,ADS,54.89034954882229,167.6701931417739,1077.7050788115446,1331.6547848142445
397,MADS105,a,6,ADS,56.37,157.2537033767034,1017.8443075376613,1351.4004552461824
398,MADS105,i,6,ADS,58.89,129.1068797534578,415.92843367587585,2803.9898784667625
399,MADS105,i,6,ADS,62.86,85.19642748664324,343.0697183118484,2584.6626722495375
400,MADS105,i,6,ADS,63.20577940281525,66.21370684579375,429.3677131092044,2682.254476553412
401,MADS105,a,6,ADS,63.53089360846771,113.20407944603517,866.2963018508175,1365.5018655606061
402,MADS105,i,6,ADS,70.41796037433798,142.03908081435657,390.6071614165023,2673.980222905551
403,MADS105,i,6,ADS,72.30263297473994,144.17500684164963,396.73805461147094,2831.4187956629953
404,MADS105,a,6,ADS,73.8653552492003,94.64475079968793,851.6455121122485,1346.6907279597697
405,MADS105,a,6,ADS,74.63,91.74053146814742,733.5575944937659,1317.6310778208976
406,MADS105,i,6,ADS,76.92,51.451302471974714,413.96993718616915,2043.0210118527884
407,MADS105,u,6,ADS,79.84,136.09189613036676,373.8157374527059,528.3366049446379
408,MADS105,u,6,ADS,87.19562447402772,134.3755259722741,345.72204039088905,777.4589322644068
409,MADS105,a,6,ADS,94.69,181.2613841408819,752.9388503196496,1329.8874852689225
410,MADS105,u,6,ADS,96.33,120.00000000000455,353.0496635022523,692.9498987236926
411,MADS105,a,6,ADS,98.57,151.93591803252104,760.0533924201561,1409.9279704857438
412,MADS106,i,15,ADS,7.194946281869674,95.05371813032593,334.5214238181608,2477.0411490066
413,MADS106,u,15,ADS,8.58,179.99999999999972,442.66124394052446,785.1285588516606
414,MADS106,u,15,ADS,9.433368229201228,86.63177079877116,356.50501808557755,783.5833113194539
415,MADS106,u,15,ADS,9.72,229.99999999999864,441.73018080667737,929.608435714515
416,MADS106,i,15,ADS,10.48208445079039,84.0550290322497,408.1943890857591,2226.3055075470193
417,MADS106,u,15,ADS,16.77093950499125,139.06049500874929,393.8612799024166,777.7446026841092
418,MADS106,u,15,ADS,20.76953156820898,110.23610364885172,367.9382754344078,874.0042971758271
419,MADS106,u,15,ADS,27.5780797245921,71.65346737174971,271.5929497972098,935.5490236814371
420,MADS106,u,15,ADS,28.64,120.000000000001,476.1407653393621,865.1090941474807
421,MADS106,a,15,ADS,31.97,100.96547374784848,752.5255893090342,1215.0536686418834
422,MADS106,a,15,ADS,34.34,129.99999999999545,835.0134366745535,1161.4702690818708
423,MADS106,i,15,ADS,41.8022212750335,118.50381142251365,353.49624089348043,2485.8542042372806
424,MADS106,i,15,ADS,43.46175330352536,78.24669647463622,364.96533344013017,2482.1353421411322
425,MADS106,a,15,ADS,46.9764038109051,140.55103215229536,723.0258793528426,1182.9579857449523
426,MADS106,a,15,ADS,48.21925334425309,140.74665574690925,828.0312291174288,1166.8383817146976
427,MADS106,a,15,ADS,49.54384047604304,126.15952395696439,827.4486191276436,1331.073182821814
428,MADS106,i,15,ADS,51.90086896666563,70.27551607615123,412.3202814496533,2299.986965710532
429,MADS106,i,15,ADS,56.03,79.9999999999983,364.17003461985297,2549.661227192642
430,MADS106,a,15,ADS,56.35,119.61722442158162,745.8329758797743,1107.9264636336156
431,MADS106,i,15,ADS,62.84091634809519,159.08365190480822,351.7291543283296,2577.3331481262526
432,MADS106,i,15,ADS,64.45463279746042,95.36720253957753,391.1373702607999,2444.291391937125
433,MADS106,a,15,ADS,65.86,79.9999999999983,789.2925650881108,1183.6025176430908
434,MADS106,a,15,ADS,66.76,69.99999999999318,750.294185501952,1133.6652245057867
435,MADS106,i,15,ADS,68.5,69.99999999999318,493.7579175797657,1927.0525959745705
436,MADS106,u,15,ADS,71.43352580891766,93.70068810152077,422.4141996208972,934.471904530099
437,MADS106,u,15,ADS,79.57,178.7836763752466,489.2485210468978,735.3229077387163
438,MADS106,a,15,ADS,86.59,140.00000000000057,730.1665312793727,1087.205593984639
439,MADS106,u,15,ADS,88.0,101.1911397605445,421.21160658410935,909.8107810000108
440,MADS106,a,15,ADS,89.98,119.99999999999034,733.2705111689877,1121.4595270182674
441,MADS106,i,18,ADS,4.852032849577149,111.56561656744657,397.01043838845055,2465.426591452616
442,MADS106,u,18,ADS,6.823523046951057,186.47695304894273,387.4970783728337,716.2380558869686
443,MADS106,u,18,ADS,7.416828188461476,67.4903112568499,373.1660537018712,805.6884654964521
444,MADS106,u,18,ADS,7.726398552034932,139.11268238656848,387.4635024734851,675.7871376844217
445,MADS106,i,18,ADS,8.3,89.53273004353157,409.2927338621408,2132.362617220559
446,MADS106,u,18,ADS,14.52380812976243,166.19187023756865,437.2958445202034,888.4348922288177
447,MADS106,u,18,ADS,23.81,126.45940721656146,413.5487566828716,1240.885544007208
448,MADS106,u,18,ADS,24.7506177162708,139.38228372920136,462.3210116414821,883.203864772674
449,MADS106,a,18,ADS,27.87030143433447,117.84933886150029,768.8767552996768,1275.8328952532522
450,MADS106,a,18,ADS,30.47,135.02913491720037,723.7241566078025,1286.9161161055251
451,MADS106,i,18,ADS,36.51817318467045,111.8268153295503,340.31224079515187,2546.44833977898
452,MADS106,i,18,ADS,38.07593427835037,111.20993948901514,329.2509019332182,2508.4197095750296
453,MADS106,a,18,ADS,41.4513163939934,97.93114074406617,807.3233809328226,1425.8642750226343
454,MADS106,a,18,ADS,42.73373305132191,106.2669486780905,739.8627366460263,1326.3719017197407
455,MADS106,a,18,ADS,43.88,84.69436351370518,520.9414065514329,1678.1692731064745
457,MADS106,i,18,ADS,50.50724464925977,42.7553507402294,412.496889298588,2323.5825703543
458,MADS106,a,18,ADS,50.79316169878912,96.83830121088022,754.8336675498439,1423.020299513681
459,MADS106,i,18,ADS,55.48633600403318,143.66399596682555,368.6003769827539,2468.995222844868
460,MADS106,i,18,ADS,56.87930146234776,92.95159121470675,360.60372459942147,2231.2083310794333
461,MADS106,a,18,ADS,58.03079448677622,71.37354325414691,801.7675284925145,1361.2691877409547
462,MADS106,a,18,ADS,58.92268027229839,69.71369341102474,786.3001969475404,1304.1340787040797
463,MADS106,u,18,ADS,70.81361448061269,71.37354325415401,374.60711810796516,900.8690237964595
464,MADS106,a,18,ADS,78.23,149.99999999999147,716.0018844994277,1268.638153699833
465,MADS106,u,18,ADS,79.7431364158435,126.86358415651,408.7820998665918,922.2289496535059
466,MADS106,a,18,ADS,82.33862736721055,91.29174137159168,716.7556744900705,1204.7851261239402
467,MADS106,i,6,ADS,5.91,116.74658207616595,389.7984846653912,2557.6162061314462
469,MADS106,u,6,ADS,7.97,120.00000000000011,338.1214826954102,650.6407306472879
470,MADS106,u,6,ADS,8.24,199.9999999999993,367.53494069638964,999.5367680838044
471,MADS106,i,6,ADS,8.99,92.22944952745493,415.6112014473071,2346.2828557664134
472,MADS106,u,6,ADS,14.37874120835129,102.74608022369058,464.0873101600348,2324.633350380074
473,MADS106,u,6,ADS,17.16,123.92512943058875,418.5025494829136,634.5836840320775
474,MADS106,u,6,ADS,23.49,125.53371645810074,319.0948932134586,756.9117627448443
475,MADS106,u,6,ADS,24.38838266935514,151.61733064486071,471.40489677369095,1050.4282707281461
476,MADS106,a,6,ADS,27.32,96.84107459911928,685.780570186167,1218.4227584520859
477,MADS106,a,6,ADS,29.73467181906252,95.32818093747863,835.5774494493278,1359.395702849737
478,MADS106,i,6,ADS,37.21380414646239,186.1958535376118,373.40538931616607,2330.1624280409933
479,MADS106,i,6,ADS,39.04811854482454,101.66218926676152,371.17317374730027,2467.6850710470885
480,MADS106,a,6,ADS,42.23505195704847,106.54197435155766,885.4236655054467,1546.8354395201018
482,MADS106,a,6,ADS,44.34816080283926,117.11484203531342,917.2600834314422,1546.5518774795466
483,MADS106,i,6,ADS,46.59474762423435,106.54197435157187,401.1610371234971,2448.3814188297124
484,MADS106,i,6,ADS,50.12,62.164677821542114,384.04061176955145,2364.6010022681407
485,MADS106,i,6,ADS,50.41,65.7650804239509,378.95268230707,2295.682712521684
486,MADS106,a,6,ADS,50.70236965368182,154.52652768547637,775.7177774560902,1363.0882293751977
487,MADS106,i,6,ADS,56.35114300367751,138.85699632249526,392.8166366635909,2589.082970565564
488,MADS106,i,6,ADS,57.80671066033224,100.84889175263356,378.98321087250315,2094.581329104365
489,MADS106,a,6,ADS,59.13,68.22912160630779,757.1107944351858,1410.8712581718867
490,MADS106,a,6,ADS,59.85,84.60463630687087,606.1776691365064,1322.489941114696
491,MADS106,i,6,ADS,61.95,55.62331959869482,495.9175425264655,1931.3154493799855
492,MADS106,u,6,ADS,64.75,114.79089196338066,354.3329010879132,799.4750659958764
493,MADS106,u,6,ADS,73.7677375646503,132.26243534970195,349.4063887574267,698.5843725087816
494,MADS106,a,6,ADS,80.39,157.13441546559181,804.3056533979794,1241.566661999518
495,MADS106,u,6,ADS,81.91667996053137,124.43451966251473,407.7059974632489,882.0292244145496
496,MADS106,a,6,ADS,83.93956831555971,141.51376745932964,730.8657509072334,1209.8870301121458
497,MADS107,i,6,ADS,5.15,131.21029652161909,362.9049370777356,2530.369136054187
498,MADS107,u,6,ADS,6.61,239.99999999999932,338.6776514486981,880.6853410911167
499,MADS107,u,6,ADS,7.488496650931458,140.5138883728263,446.0868901274074,781.835688814166
500,MADS107,u,6,ADS,7.778616502807117,168.61666604739156,390.46014260537504,800.0018309578328
501,MADS107,i,6,ADS,8.264067543174008,101.66593099916277,349.86159503452,2377.759848045116
502,MADS107,u,6,ADS,14.79,119.53113056847009,403.16243748224264,651.421212460445
503,MADS107,u,6,ADS,18.34636156994705,149.6059635028395,371.86172148345105,637.3373225094111
504,MADS107,u,6,ADS,24.45,118.4079142097012,403.9582490006399,811.4666317796998
505,MADS107,u,6,ADS,25.38,135.2552269033218,370.06908687489545,961.4628802258372
506,MADS107,a,6,ADS,28.44,101.10378632550976,831.5629952656952,1236.5226786081016
507,MADS107,a,6,ADS,31.18,130.5887128693506,727.8022934492723,1210.5339488695533
508,MADS107,i,6,ADS,37.16965677352037,107.45179699097918,358.770300845299,2595.344227297518
509,MADS107,i,6,ADS,38.82444070976649,107.45179699098628,356.4276705726926,2609.0965734473584
510,MADS107,a,6,ADS,42.41,106.66521109611438,865.1540895966154,1164.6721294652305
511,MADS107,a,6,ADS,43.27,129.9368587076586,838.5386397973583,1078.3110536322524
512,MADS107,a,6,ADS,44.51390664248257,142.99354522646013,821.7494420894748,1137.0514279586935
513,MADS107,i,6,ADS,46.55069545584487,109.30454415512969,349.474269971922,2579.6240419766245
514,MADS107,i,6,ADS,50.41601368878436,71.0834964709619,350.42620969756814,2522.597954398235
515,MADS107,i,6,ADS,50.72514424320457,47.24060790154283,327.97294866944384,2379.902864215846
516,MADS107,a,6,ADS,50.99,143.6729512410011,766.4391605313812,1270.206060027727
517,MADS107,i,6,ADS,56.85,140.00000000000057,300.89773555809825,2603.6770636616247
518,MADS107,i,6,ADS,58.43,124.8716374672938,353.7008835220096,2206.358503401706
519,MADS107,a,6,ADS,59.63325729711266,91.74730358461147,718.125370556443,1199.3797155104521
520,MADS107,a,6,ADS,60.51,93.24807377359434,647.844843470547,1094.8654218919178
521,MADS107,i,6,ADS,62.44,44.607978733878895,487.1526633001909,1501.3652127591408
522,MADS107,u,6,ADS,65.36,136.32569451729637,336.0830169304732,551.555183282532
523,MADS107,u,6,ADS,73.86,125.03243602057523,375.32896237887024,680.8170256270793
524,MADS107,a,6,ADS,80.88,153.9859629426985,707.8877297732706,1160.4446388162091
525,MADS107,u,6,ADS,82.2,94.35084684403705,369.23844282298927,760.8507190458236
526,MADS107,a,6,ADS,84.09389266960775,100.01282643005993,646.5215689749501,1130.077728220848
527,MADS107,i,9,ADS,5.126275539960893,113.72446003910764,372.3867500661969,2477.2902440052444
528,MADS107,u,9,ADS,6.58,150.00000000000034,361.57957225100705,1245.1962920380902
529,MADS107,u,9,ADS,7.44,119.99999999999922,385.5506262931966,723.626079541804
530,MADS107,u,9,ADS,7.72,131.75532856406846,446.0414441082711,854.6859945557426
531,MADS107,i,9,ADS,8.21,119.99999999999922,371.0197599051115,2426.211478083344
532,MADS107,u,9,ADS,14.4,170.36202745983962,340.5585045643598,723.0165118357002
533,MADS107,u,9,ADS,17.5505752098782,129.4247901217993,376.2066807246554,796.6594931179404
534,MADS107,u,9,ADS,24.27,111.7807803508093,394.37355422458586,737.1053800219005
535,MADS107,u,9,ADS,25.23,190.00000000000128,364.50993951121404,701.342173735638
536,MADS107,a,9,ADS,28.42,133.22271020985,637.7539994709463,1191.168631472108
537,MADS107,a,9,ADS,30.71,129.999999999999,763.5527228906434,1151.9237013097934
538,MADS107,i,9,ADS,37.79321863677805,86.78136322195229,349.34005861447156,2600.180653400096
539,MADS107,i,9,ADS,39.4142582066394,85.74179336059728,364.25034536253924,2595.5711689124355
540,MADS107,a,9,ADS,42.89,109.99999999999943,777.5543527057714,1195.9955005013367
541,MADS107,a,9,ADS,43.97,140.00000000000057,891.2220349852759,1100.7653426112752
542,MADS107,a,9,ADS,45.19,140.00000000000057,717.4829411951212,1167.8491105169358
543,MADS107,i,9,ADS,47.19194597290657,88.39572367476478,366.7584072580664,2575.25466594165
544,MADS107,i,9,ADS,50.89,39.99999999999915,397.77928772794445,2275.581037827304
545,MADS107,i,9,ADS,51.16,70.65728261051163,360.36307472042614,2402.4646879685506
546,MADS107,a,9,ADS,51.44,100.00000000000142,753.3949969317283,1245.6838634815554
547,MADS107,i,9,ADS,56.7592499354828,149.46913275914397,309.84812581339213,2251.892766560117
548,MADS107,i,9,ADS,58.39,119.99999999999744,361.44806586720296,2607.225457601249
549,MADS107,a,9,ADS,59.81,79.9999999999983,688.4917222421814,1218.876036511563
550,MADS107,a,9,ADS,60.55,109.99999999999943,700.4389125348356,1188.97910509257
551,MADS107,u,9,ADS,62.41,91.33705136892445,642.9569580194083,856.2426869422939
552,MADS107,u,9,ADS,65.42858482183684,83.57413874705344,413.616551323854,1701.0684837489785
553,MADS107,u,9,ADS,73.66,120.00000000000455,352.4992472558962,693.5020742726394
554,MADS107,a,9,ADS,80.52,130.00000000000966,717.7823200986021,1191.0755611796549
555,MADS107,u,9,ADS,82.05,90.00000000000341,381.38631530154316,747.6210859539178
556,MADS107,a,9,ADS,83.96,109.99999999999943,632.1477563890999,1251.3130018473828
557,MADS108,i,15,ADS,6.25,99.99999999999964,394.7208073210645,2184.246765240466
558,MADS108,u,15,ADS,7.84,160.00000000000014,323.13108478488164,636.6143562619168
559,MADS108,u,15,ADS,8.803732917730946,167.08609412450494,320.95809195649474,1020.4247030975986
560,MADS108,u,15,ADS,9.09,146.43909480444427,469.5347604054158,1183.4762477227544
561,MADS108,i,15,ADS,9.58,109.99999999999943,433.221052919107,2609.037693673043
562,MADS108,u,15,ADS,15.87,162.999703757821,360.2242622301209,1460.544551404125
563,MADS108,u,15,ADS,19.0317717570172,108.04063229102923,354.60948490302377,689.6746060432304
564,MADS108,u,15,ADS,25.76,129.999999999999,373.99781538989373,861.7107662590191
565,MADS108,u,15,ADS,26.76030279172412,129.69720827588205,376.4284964779234,738.7941921182323
566,MADS108,a,15,ADS,29.92,103.88862509328689,705.1697598987722,1428.253974598652
567,MADS108,a,15,ADS,32.2,164.06726220117918,841.0448379126067,1340.4625697872557
568,MADS108,i,15,ADS,38.90017681573784,104.27177302506152,357.2623820056285,2605.110316601486
569,MADS108,i,15,ADS,40.72727205352383,112.7279464761699,411.5136932571588,2759.9565131378777
570,MADS108,a,15,ADS,44.31315474067583,105.52805944705312,916.3350637571727,1503.8102376534277
571,MADS108,a,15,ADS,45.38,113.26924184676557,916.7543337354416,1331.844794978772
572,MADS108,a,15,ADS,46.61196959018461,96.73405449313321,671.7263247070701,1294.065828012203
573,MADS108,i,15,ADS,49.27251960294944,67.83946678739028,407.8489937525472,2511.0104979157627
574,MADS108,i,15,ADS,52.6,49.99999999999716,384.62140617669655,2333.791358720047
575,MADS108,i,15,ADS,52.94852370198712,60.30174825546197,329.74723564862586,2149.6277633050177
576,MADS108,a,15,ADS,53.22,113.34711318070845,938.5082358728978,1473.9903465390719
577,MADS108,i,15,ADS,58.53258735577727,134.42264715281027,373.7649650155446,2772.4318503724867
578,MADS108,i,15,ADS,60.1,119.99999999999744,398.6052932266856,2744.913096353242
579,MADS108,a,15,ADS,61.57,60.000000000002274,609.1427610005885,1271.086347697988
580,MADS108,a,15,ADS,62.19,90.83709310431232,749.3236054433828,1272.4801489749545
581,MADS108,u,15,ADS,66.84331588106497,100.50291375908671,349.0173204347046,597.3684611597671
582,MADS108,u,15,ADS,75.43,129.99999999999545,364.51777473817987,848.4561939855436
583,MADS108,a,15,ADS,82.17,149.80934152639236,812.1386728678917,1308.277314553067
584,MADS108,u,15,ADS,83.42,122.51880795948011,364.19998709325455,779.6529454510246
585,MADS108,a,15,ADS,85.21,143.00132928011067,762.7275450701002,1467.4361705338608
586,MADS108,i,6,ADS,5.51,110.00000000000031,437.2775436443692,2671.6522362899773
587,MADS108,u,6,ADS,7.01,150.00000000000034,371.5735841048531,872.994179342
588,MADS108,u,6,ADS,8.01,140.00000000000057,305.2166188354848,1052.881237993784
589,MADS108,u,6,ADS,8.291175948917772,133.58998880938344,404.45058447228024,1177.9236334342777
590,MADS108,i,6,ADS,8.73,99.99999999999964,375.9277861222628,1854.002530839791
591,MADS108,u,6,ADS,15.61,186.46302965145088,362.8616571113329,1791.4075404583095
592,MADS108,u,6,ADS,18.68,111.50941659662195,379.44840732162226,779.6849159504344
593,MADS108,u,6,ADS,26.22796366690977,132.03633309023033,409.3122743843193,978.6714180190314
594,MADS108,u,6,ADS,27.17,129.999999999999,367.1800343666958,657.303421554833
595,MADS108,a,6,ADS,30.68,134.9159007807188,938.3087703315463,1320.0503242245425
596,MADS108,a,6,ADS,32.85,129.99999999999545,831.6647249973187,1301.6769045618698
597,MADS108,i,6,ADS,39.20856228609786,126.49671506730442,391.94555236591157,2431.2099924850863
598,MADS108,i,6,ADS,41.07512902933134,117.03901674449924,402.9854111629539,2594.760843610172
599,MADS108,a,6,ADS,44.71,111.14067981768727,896.1604035168696,1367.6301377852192
600,MADS108,a,6,ADS,45.99125922746409,108.76353071206779,702.8856690086743,1129.5407591528553
601,MADS108,a,6,ADS,47.55,134.70104336443,928.7462713940614,1218.3258103175979
602,MADS108,i,6,ADS,50.1,106.86454337540141,416.608946319282,2512.3728507781657
603,MADS108,i,6,ADS,53.91,77.81251280920287,404.52640370064364,2343.735647431565
604,MADS108,i,6,ADS,54.23016603233064,76.84379887266601,423.5469101582249,1931.002917575732
605,MADS108,a,6,ADS,54.57,159.845054777648,926.5103169345127,1446.4030363153192
606,MADS108,i,6,ADS,60.69616335327638,115.85680445415392,371.12521100987607,2532.1757536025575
607,MADS108,i,6,ADS,62.64889933491516,101.10066508484294,406.0906922901996,2789.8210589621503
608,MADS108,a,6,ADS,64.28848740601755,82.7548603243855,764.3696412980012,1261.45631797177
609,MADS108,a,6,ADS,65.3625822405655,87.41775943450136,918.6194209949458,1344.2572985126687
610,MADS108,i,6,ADS,67.08,40.00000000000625,426.0735822216331,1820.3293251800978
611,MADS108,u,6,ADS,70.52,120.00000000000455,304.14320879149534,754.4675691226383
612,MADS108,u,6,ADS,79.05,149.57065440344763,388.91183843789685,1123.5714294793734
613,MADS108,a,6,ADS,86.14605984308803,172.10775625569852,755.5396013173228,1240.4603925566262
614,MADS108,u,6,ADS,87.51,111.73072872902878,326.8826894961635,886.2217564879089
615,MADS108,a,6,ADS,89.44254512019474,135.82558061260386,1033.3989560087512,1431.0711041445545
616,MADS108,i,9,ADS,7.14,120.00000000000011,343.2268697844959,2583.516711899222
617,MADS108,u,9,ADS,8.589383466088542,162.56273483616113,328.7748150171444,945.2777029797617
618,MADS108,u,9,ADS,9.24,129.999999999999,321.2062927014297,1051.1339003234702
619,MADS108,u,9,ADS,9.52574707403999,124.25292596001114,313.67946967928754,1097.4387493521222
620,MADS108,i,9,ADS,10.01,99.99999999999964,379.501758257024,2115.6494060590016
621,MADS108,u,9,ADS,16.46,135.51763721510923,404.66475312823974,1920.2998702213993
622,MADS108,u,9,ADS,19.39048369319756,91.88328490740005,321.95034254457295,979.1005200155822
623,MADS108,u,9,ADS,26.41,140.00000000000057,329.00745580579735,1001.1105170702056
624,MADS108,u,9,ADS,27.32,184.65724650899062,271.96412659114725,1002.8043494321392
625,MADS108,a,9,ADS,30.41,130.9407553666091,843.9057812803892,1385.9743762569951
626,MADS108,a,9,ADS,32.43,109.99999999999943,918.7126666786594,1294.2663289133652
627,MADS108,i,9,ADS,38.60361292537912,96.38707462088547,473.3614748064272,2597.7306968205744
628,MADS108,i,9,ADS,40.2942041960487,96.12405190310369,352.431972345558,2694.3841737797297
629,MADS108,a,9,ADS,43.89,111.14663063818853,747.171131262673,1210.4073496324197
630,MADS108,a,9,ADS,45.92,119.99999999999744,794.6683815797618,1279.9967741167507
631,MADS108,a,9,ADS,46.98,130.00000000000256,664.29971456312,1194.1822180521551
632,MADS108,i,9,ADS,49.28658941701473,83.41058298526605,414.3133312689445,2248.1113565089972
633,MADS108,i,9,ADS,53.06,49.99999999999716,362.73497879620817,2147.743613054845
634,MADS108,i,9,ADS,53.3981800826222,45.234847954404245,394.60459340836184,2108.327987049723
635,MADS108,a,9,ADS,53.65,111.47245525604887,755.7395143795047,1315.1899329207774
636,MADS108,i,9,ADS,59.89826871831433,141.35889985753636,387.3442271383063,2738.6903679730594
637,MADS108,i,9,ADS,61.9,130.00000000000256,385.51815711664926,2655.5262557276046
638,MADS108,a,9,ADS,63.52867143351163,111.32856648836764,574.2028505529543,1166.4329309471896
639,MADS108,a,9,ADS,64.5,69.99999999999318,889.6835904308492,1367.143642583911
640,MADS108,i,9,ADS,66.49,40.00000000000625,438.4812879303016,1856.0058820919646
641,MADS108,u,9,ADS,69.61862446826173,91.37553173826518,349.10695351422714,841.1052942238081
642,MADS108,u,9,ADS,77.56497607450969,74.92021692449669,298.91554198505486,823.957703109945
643,MADS108,a,9,ADS,85.31,149.99999999999147,906.6163731752395,1343.3591354323012
645,MADS108,a,9,ADS,88.58,120.00000000000455,734.9200693019314,1280.2369952388474
646,MADS109,i,12,ADS,6.19,99.99999999999964,361.8670773230266,2522.8941592739147
648,MADS109,u,12,ADS,8.71,79.9999999999983,330.83832434027414,737.6995685725783
649,MADS109,u,12,ADS,9.0,140.00000000000057,414.06744614909337,797.173349399914
650,MADS109,i,12,ADS,9.53,110.00000000000121,357.60429431671184,2006.8024562522562
652,MADS109,u,12,ADS,18.6,111.46254793238697,422.95366690988493,1050.9284793721006
653,MADS109,u,12,ADS,25.75,149.99999999999858,387.65179673186856,825.32126331934
654,MADS109,u,12,ADS,26.69816457389604,141.8354261039596,355.5827394717501,751.3550918233426
655,MADS109,a,12,ADS,30.19,79.9999999999983,667.063480196922,1260.0471009084151
656,MADS109,a,12,ADS,32.56,127.74856606657892,731.9013316726728,1305.0166936594014
657,MADS109,i,12,ADS,38.80358342901961,96.41657098038792,373.33370111992696,1906.4019124204444
658,MADS109,i,12,ADS,40.57821217548751,101.78782451249191,346.58785728873244,1926.7180149874182
659,MADS109,a,12,ADS,44.14,114.89304988717208,750.2238975610655,1332.5984151419063
660,MADS109,a,12,ADS,45.65,130.00000000000256,716.1876665034451,1323.68392856325
661,MADS109,a,12,ADS,46.87265403640837,167.3459635916288,663.6637270449733,1130.4146082236907
662,MADS109,i,12,ADS,49.12421526030254,91.81881511453582,414.9645517617315,1797.3791140616472
664,MADS109,i,12,ADS,53.21,79.9999999999983,407.27938811223646,2154.8004529637305
665,MADS109,a,12,ADS,53.56,108.10603823048126,710.5816128105698,1377.8482858795905
666,MADS109,i,12,ADS,59.23,140.00000000000057,336.78444120692274,1911.8762200776587
667,MADS109,i,12,ADS,60.82,89.9999999999963,374.8722998034684,2470.230328040657
668,MADS109,a,12,ADS,62.13,70.00000000000028,711.3762263790884,1252.4959244726824
669,MADS109,a,12,ADS,63.02,129.99999999999545,712.9094248988085,1227.1707814390522
671,MADS109,u,12,ADS,75.61,90.00000000000341,351.43108943567887,902.0209517006796
672,MADS109,a,12,ADS,82.48,119.99999999999034,706.8026849333382,1193.773969712539
673,MADS109,u,12,ADS,83.6,80.17738131989915,433.9411251038934,1113.6335244636387
676,MADS109,u,15,ADS,8.01,217.47295205110362,450.47848460912047,858.6321694672049
677,MADS109,u,15,ADS,8.769964581569736,90.03541843026319,463.639311156782,976.3388420046364
678,MADS109,u,15,ADS,9.03,223.0377628075466,426.7948976273977,848.1918098941698
679,MADS109,i,15,ADS,9.74957880581768,90.4211941823192,390.8198433614253,2395.590634460176
680,MADS109,u,15,ADS,15.21,138.2033021180593,465.58608628740205,1279.3676216780134
681,MADS109,u,15,ADS,17.94190602839556,89.64110397134917,390.18669105033877,788.1881318365135
682,MADS109,u,15,ADS,24.87,146.7455710233594,374.741708543423,820.1932093581333
685,MADS109,i,15,ADS,37.27648607142245,83.51392857755258,400.60151487672687,2302.20197288952
686,MADS109,i,15,ADS,38.97,109.99999999999943,305.88838315611855,2207.1761922614273
687,MADS109,a,15,ADS,43.85,140.00000000000057,767.6061237307348,1197.1932316637694
688,MADS109,a,15,ADS,45.14,102.36898978033793,661.2486634140665,1183.5245389113907
689,MADS109,i,15,ADS,47.14482473909436,77.68895677516952,362.04998240218464,2619.1478068899073
693,MADS109,i,15,ADS,57.41,90.00000000000341,406.98783969491865,2346.293509152624
694,MADS109,i,15,ADS,59.0,79.9999999999983,398.3164826900208,2486.6579624832975
695,MADS109,a,15,ADS,60.13,82.99214412770795,599.5810801399326,1219.7600218389011
697,MADS109,i,15,ADS,62.88925975579042,50.74024420957812,447.2998881899465,1592.6371185655125
699,MADS109,u,15,ADS,72.9,111.75269523148756,396.365898760717,872.8151644289067
700,MADS109,a,15,ADS,79.56,116.50322863721385,599.4982584367481,1125.7410264500054
701,MADS109,u,15,ADS,80.87,96.38973797054007,414.91293101073717,1095.2286178473669
703,MADS109,i,6,ADS,5.69,89.38532539763067,329.3089603959872,2147.532509444802
705,MADS109,u,6,ADS,7.733909403618088,86.09059638191229,382.4200054297871,957.9755397886972
706,MADS109,u,6,ADS,8.0,169.99999999999994,344.64544943257266,691.2604900639268
707,MADS109,i,6,ADS,8.59,70.00000000000028,369.1501296604164,2361.6888608642394
709,MADS109,u,6,ADS,20.36728431866201,97.44185192405297,393.16599020375395,844.3852612005492
710,MADS109,u,6,ADS,27.43,135.53372775320938,321.50746755851077,614.920502961784
713,MADS109,a,6,ADS,34.39942773050422,80.57226949577512,649.8803630934925,1303.9716871896653
714,MADS109,i,6,ADS,41.37,143.47602757275268,354.89489120322924,2296.7463484474624
715,MADS109,i,6,ADS,43.21086788025857,116.72810191318206,261.039575708828,2331.199071064433
716,MADS109,a,6,ADS,46.78,165.44806787575084,569.8049312678322,1186.9337372051302
717,MADS109,a,6,ADS,48.09,114.27840734093309,659.0487018132067,1164.7925590016296
718,MADS109,a,6,ADS,49.32,109.99999999999943,739.6352296247838,1212.3023592224333
719,MADS109,i,6,ADS,51.61958369583496,107.59285915475658,366.42490164960884,2055.5486329544187
720,MADS109,i,6,ADS,55.41,60.000000000002274,326.38438694142144,2464.8917182057785
721,MADS109,i,6,ADS,55.71054505245716,59.8865914163369,337.72328180847114,2149.862944755665
722,MADS109,a,6,ADS,56.1,103.84816141201014,627.5157204810648,1294.8011375123615
723,MADS109,i,6,ADS,61.97,90.00000000000341,346.82952758586146,2405.4994097185026
725,MADS109,a,6,ADS,64.86,79.74994160993276,715.9809220343373,1198.4951545948093
727,MADS109,i,6,ADS,67.72,51.53868511116855,400.773668694986,1884.1467916142126
728,MADS109,u,6,ADS,70.6,107.52452574568849,329.7657195945301,860.1171985265812
730,MADS109,a,6,ADS,85.76,140.00000000000057,712.1942990313701,1180.4932998517709
731,MADS109,u,6,ADS,87.25,98.12519848784973,298.26673550807976,798.5355818780366
733,MADS110,i,12,ADS,6.09,81.02961400473774,406.1251275783396,2587.0160531615434
734,MADS110,u,12,ADS,7.27,140.00000000000057,489.4748830961139,799.8802671783144
735,MADS110,u,12,ADS,8.77,99.99999999999964,429.246203022077,754.4764152779381
736,MADS110,u,12,ADS,8.99,272.90395840165615,543.2678220336542,978.312766847822
737,MADS110,i,12,ADS,9.62,70.00000000000028,460.47678890284215,2408.3825046841907
738,MADS110,u,12,ADS,14.44192059951583,112.14189367816907,436.9292613597126,783.5415118506312
739,MADS110,u,12,ADS,20.78530831565318,74.69168434682061,407.0149732159711,648.2649652808933
740,MADS110,u,12,ADS,26.70485437259132,134.88725505300891,445.938692404243,901.0543622937803
741,MADS110,u,12,ADS,27.64,149.99999999999858,470.36085374990057,902.1955091822995
742,MADS110,a,12,ADS,30.34,70.00000000000028,857.0061749369613,1335.4546884143879
743,MADS110,a,12,ADS,32.15,70.00000000000028,816.4755914951287,1374.2036661873929
744,MADS110,i,12,ADS,37.77979918851845,60.20081148155043,387.60557868803505,2635.6104640441445
745,MADS110,i,12,ADS,39.52150083140176,68.4991685982439,403.2737029704854,2528.044041723299
746,MADS110,a,12,ADS,42.5,109.99999999999943,879.2020369006204,1302.6397401313034
747,MADS110,a,12,ADS,43.56,109.99999999999943,1012.467887463783,1464.9115313938955
748,MADS110,a,12,ADS,44.74,100.00000000000142,1046.7148182300953,1350.5959410549133
749,MADS110,i,12,ADS,46.58430354755851,65.69645244148603,384.3260507716958,2543.476225620368
750,MADS110,i,12,ADS,50.12132207699177,48.67792300823481,505.3297139881235,2205.306217130456
751,MADS110,a,12,ADS,50.34,89.9999999999963,862.014383202736,1349.155077593691
752,MADS110,i,12,ADS,55.54983249899804,114.9039580081066,714.6395785294683,1826.057293687262
753,MADS110,i,12,ADS,56.86744255204975,100.91565007670056,383.0779603981772,2540.8375055601655
754,MADS110,a,12,ADS,58.44112544856794,98.9173203722089,844.9930129973056,1316.3602370424992
755,MADS110,a,12,ADS,59.37,83.83117049698541,757.5216457405893,1133.0273930828569
756,MADS110,u,12,ADS,63.39456531729977,78.9340233273208,457.4346464253047,834.4738491554313
757,MADS110,u,12,ADS,71.67111795893757,70.94070450935419,531.5792555840302,1000.753505532624
758,MADS110,a,12,ADS,78.04890781785036,121.09218214963846,919.3611375840981,1314.4379772117827
759,MADS110,u,12,ADS,79.3599280432263,96.91899066770304,562.3928116464579,1156.302313173647
760,MADS110,a,12,ADS,81.45845912846478,110.90729859914461,799.586806861332,1380.242801924385
761,MADS110,i,18,ADS,6.078833276574726,98.73052641141112,428.7055815916569,2636.5527028832184
762,MADS110,u,18,ADS,7.566139623487128,123.86037651287208,409.64340412750994,731.8260326474337
763,MADS110,u,18,ADS,8.667078734311875,72.92126568812485,412.85220507120823,835.7809398669359
764,MADS110,u,18,ADS,8.906819811743524,251.46725123263104,440.5723874531516,876.17962202761
765,MADS110,i,18,ADS,9.460465108135285,69.53489186471451,412.7325549662822,2420.7588545387557
766,MADS110,u,18,ADS,15.92,111.45261373823878,501.63795038507106,854.2159287001372
767,MADS110,u,18,ADS,18.94078349114752,78.84286754817893,481.1527739709895,1024.400942936486
768,MADS110,u,18,ADS,25.01882570876301,101.1742912369904,361.8912142253333,814.2138904739554
769,MADS110,u,18,ADS,25.86044304684011,189.55695315989018,491.157410292504,834.8151283631729
770,MADS110,a,18,ADS,28.95583587796969,91.29174137158103,729.917870286842,1346.2736794258642
771,MADS110,a,18,ADS,31.21185896178863,90.4618164500306,834.4007241391315,1365.4236274452824
772,MADS110,i,18,ADS,37.12043807429399,86.31219184220384,448.4634677591146,2651.7626758191163
773,MADS110,i,18,ADS,38.64059845640956,80.50271739130466,418.7903466086646,2771.373497472019
774,MADS110,a,18,ADS,43.59,119.99999999999744,918.6436019087049,1282.296318390063
775,MADS110,a,18,ADS,45.09,109.99999999999943,999.7351815770829,1336.0102471382675
776,MADS110,i,18,ADS,47.22,76.5014987668593,451.9309550868577,2423.5865457176114
777,MADS110,i,18,ADS,50.82387261744126,46.830011884381406,390.83865872520664,2491.7289859178563
778,MADS110,i,18,ADS,51.07306294822884,78.84286754818248,408.0381954758849,2575.2774514756306
779,MADS110,a,18,ADS,51.31,91.78192234357851,778.1887574505064,1376.014605938378
780,MADS110,i,18,ADS,55.32,78.88474899058195,404.5319936012052,2590.0636905431184
781,MADS110,i,18,ADS,57.02992947388967,93.06077711787708,386.8182405123737,2234.4356356485487
782,MADS110,a,18,ADS,58.434606398475,101.2508404302892,759.7356779559065,1251.4765073040603
783,MADS110,a,18,ADS,59.26,72.31832698235507,717.6138160438409,1238.2066761640701
784,MADS110,u,18,ADS,63.66262760533264,112.86978933214442,401.40492579182643,596.8531416426652
785,MADS110,u,18,ADS,69.81,130.7654919302763,407.10060402040006,1053.0009198833918
786,MADS110,a,18,ADS,76.50986362702086,86.09490153617116,713.7605753911625,1312.7312293814175
787,MADS110,a,18,ADS,79.29593660450452,84.06339549547681,705.9425822017242,1268.008247081262
788,MADS110,i,6,ADS,5.027110853600938,133.40467645155485,364.25437231815454,2803.021320410872
789,MADS110,u,6,ADS,6.49,183.11413782422648,612.636434698695,1080.6153811804213
791,MADS110,u,6,ADS,7.726082525574467,293.9174744255322,400.0414150696809,995.4737904587093
792,MADS110,i,6,ADS,8.34,54.99812352972455,411.44586071737507,2496.5297524261355
793,MADS110,u,6,ADS,13.95627080894238,195.2414816535608,495.68112878683655,981.3300909298472
794,MADS110,u,6,ADS,17.64,120.000000000001,421.473902184706,2239.4471451661925
795,MADS110,u,6,ADS,24.09,73.29807000250099,373.3972482150007,901.9725828653383
796,MADS110,u,6,ADS,24.94,169.99999999999815,436.83675326928187,905.2289029580772
797,MADS110,a,6,ADS,27.86,87.35168341162947,859.2868325662793,1331.9036488868198
798,MADS110,a,6,ADS,29.95,89.26120194514198,901.4906183131895,1293.4842059910352
799,MADS110,i,6,ADS,35.22,60.000000000002274,396.9868171851293,2393.138387031492
800,MADS110,i,6,ADS,37.09666580826371,83.33419173629153,381.0198978918516,2517.043169629012
801,MADS110,a,6,ADS,39.99,141.26718717204056,887.3075557319497,1313.7658040831834
802,MADS110,a,6,ADS,41.03,79.9999999999983,957.9729528098608,1327.0728731200245
803,MADS110,a,6,ADS,42.13,99.99999999999432,792.412358809212,1353.9025640797352
804,MADS110,i,6,ADS,44.63,73.21751215787486,399.7538951429924,2283.689146495701
805,MADS110,i,6,ADS,47.79,75.41310992650807,382.3895640030295,2536.7100064234705
806,MADS110,i,6,ADS,48.12072889362732,50.06191837271956,387.8240418148853,2207.0774794442395
807,MADS110,a,6,ADS,48.30820212023431,150.18575511811605,906.3507575720915,1406.116495844213
808,MADS110,i,6,ADS,52.8,124.20569147674598,409.46575845304324,2692.4213640888606
809,MADS110,i,6,ADS,54.11,108.01082045846755,368.2621781276895,2581.221697812214
810,MADS110,a,6,ADS,55.87,84.5443915358004,813.320845746003,1308.7333257693444
811,MADS110,a,6,ADS,56.93,60.000000000002274,703.3788035446031,1176.0135189673467
812,MADS110,u,6,ADS,61.75641712619797,92.61454898951627,396.07957380527023,992.3672118995772
813,MADS110,u,6,ADS,69.41,71.34115681387243,409.1363373392553,813.5143652342425
814,MADS110,a,6,ADS,79.84,99.99999999999432,837.0944038805947,1297.5829166739961
815,MADS111,i,18,ADS,5.171687830505833,122.57579201761004,350.5151493996782,2159.4319619862695
816,MADS111,u,18,ADS,6.689371358453762,120.62864154623742,402.3295617095024,843.332980801378
817,MADS111,u,18,ADS,7.578103898473382,121.89610152661778,450.56328455875183,1028.3802721847399
818,MADS111,u,18,ADS,7.947290510145471,102.70948985452932,447.05636960582535,1039.0718569518658
819,MADS111,i,18,ADS,8.440954571149977,109.045428850024,467.06266177061826,1985.6095472824602
820,MADS111,u,18,ADS,17.60219105181623,131.33120573315793,446.1573192697878,1076.628853856946
821,MADS111,u,18,ADS,24.71965182481114,143.00509068721823,487.83834342119036,997.6565921290203
823,MADS111,a,18,ADS,29.2102925425323,132.7904413524088,779.919557062224,1408.064303478076
824,MADS111,a,18,ADS,31.11,114.15217774958109,958.3339244119853,1413.9958650072758
825,MADS111,i,18,ADS,36.78584190754218,122.57579201759938,490.85229952975163,2763.1426951346425
826,MADS111,i,18,ADS,38.97660793333647,99.2280221095001,408.266596422838,2196.388966886023
827,MADS111,a,18,ADS,42.21769566394266,141.54585506795314,902.7366692682547,1415.4423870049573
828,MADS111,a,18,ADS,43.56475992294292,157.68573509637207,721.9853730776473,1367.7845192049147
829,MADS111,a,18,ADS,44.64,183.7341777613517,792.4763937246008,1296.7135073469824
830,MADS111,i,18,ADS,46.8086626776652,72.96178096287065,428.4007490355119,2501.290471325636
831,MADS111,i,18,ADS,50.64975528360641,50.244716393592626,474.81758927223245,2444.3523004165477
832,MADS111,i,18,ADS,51.03353425147107,56.46574852893593,467.7394926402078,2473.6377933281215
833,MADS111,a,18,ADS,51.30582921073361,53.991717912509785,649.3294613482393,1521.3025132333764
834,MADS111,i,18,ADS,55.8318956621975,137.7675369789344,357.026593884225,2177.729547641174
835,MADS111,i,18,ADS,57.58006898693969,91.29174137158458,401.73461627019054,2127.9200919473806
836,MADS111,a,18,ADS,59.04010344458196,89.89655541804353,726.9718938294604,1487.1739769230678
837,MADS111,a,18,ADS,59.9,112.74169536631007,770.9008271208113,1530.8419675152381
838,MADS111,i,18,ADS,61.96,58.19174579205111,478.49586970590565,1827.134643459179
839,MADS111,u,18,ADS,65.05210142754899,91.29174137157747,437.1156726288036,933.5658575048789
840,MADS111,u,18,ADS,72.38,144.75936265448297,446.1768942433569,774.4128454458416
841,MADS111,a,18,ADS,79.43419235234501,167.644834155098,842.977010608251,1388.0856691574088
842,MADS111,u,18,ADS,80.88,132.40419680931836,499.4077898970208,1013.6157376766741
843,MADS111,a,18,ADS,82.86117156570214,137.7675369789273,849.4596705860479,1425.0133103625699
844,MADS111,i,6,ADS,6.883377512721143,156.62248727885685,356.2031357162339,2241.498755066397
845,MADS111,u,6,ADS,8.49,211.4227335832055,585.2810302586553,1125.256605534812
846,MADS111,u,6,ADS,9.71,194.44890722147966,542.1369272249573,1181.7136513127195
847,MADS111,u,6,ADS,10.16,180.8512561087099,531.285206884639,1111.0815575601182
848,MADS111,i,6,ADS,10.71,109.56039949611984,409.55450326388603,2294.7298660346323
849,MADS111,u,6,ADS,19.75,160.00000000000014,412.35127235024555,997.8115280603175
850,MADS111,u,6,ADS,26.64,137.20655252538805,511.0188017186742,1373.8388318153222
852,MADS111,a,6,ADS,31.15,140.00000000000057,878.3799411669311,1430.4146768584792
853,MADS111,a,6,ADS,33.09,143.81583313505786,898.1928164373398,1347.573156406607
854,MADS111,i,6,ADS,40.25,124.69733038918207,414.09647291691556,2727.490129270437
855,MADS111,i,6,ADS,42.54,149.99999999999858,306.64236862726926,2565.3735437852492
856,MADS111,a,6,ADS,45.86,130.84010915073918,824.2847115703113,1433.7460776876799
857,MADS111,a,6,ADS,47.14,149.99999999999858,1032.309125496095,1374.2554698882075
858,MADS111,a,6,ADS,48.48,190.00000000000483,874.0417529601356,1381.5623595572847
859,MADS111,i,6,ADS,50.51,116.32676549749021,445.8763099132764,2699.9995553924446
860,MADS111,i,6,ADS,54.44,72.03628166217158,473.9297521973403,2660.142326578046
861,MADS111,i,6,ADS,54.76421960622405,67.96430023653954,450.4007690816891,2333.7078596396564
862,MADS111,a,6,ADS,55.05,127.3710102935226,765.501225822984,1393.7619035146718
863,MADS111,i,6,ADS,60.46,130.00000000000256,357.88503353972794,2488.1581519884385
864,MADS111,i,6,ADS,62.17693208606852,103.06791393148274,445.13085213608906,2204.245049075179
865,MADS111,a,6,ADS,63.52,119.99999999999744,754.5704798405689,1170.2444558478956
866,MADS111,a,6,ADS,64.3,79.9999999999983,780.4769075527919,1399.579998405861
867,MADS111,i,6,ADS,66.28,75.8821796445801,539.8292496669421,2602.276133539442
868,MADS111,u,6,ADS,69.54,149.99999999999147,411.28006223172696,796.4966940919186
869,MADS111,u,6,ADS,77.11,92.09417886528115,356.2116341748956,689.571213537609
870,MADS111,a,6,ADS,84.1676862136999,178.8534216750861,833.6994252634212,1208.3792772298455
871,MADS111,u,6,ADS,85.66,98.71905988157437,490.56393319862326,900.2987675621855
872,MADS111,a,6,ADS,87.87,157.10670917925995,740.8082442748379,1372.8037869081497
873,MADS112,i,12,ADS,6.810563389493263,139.4366105067375,387.61373627902793,2563.570510067357
874,MADS112,u,12,ADS,8.10126897473285,148.78450550312294,459.43238899290685,764.5496191020645
875,MADS112,u,12,ADS,9.512952353182255,137.6256675903882,355.5480012811736,863.938187118062
876,MADS112,u,12,ADS,9.804941945232136,215.058054767864,344.8987652632178,806.8487533340597
877,MADS112,i,12,ADS,10.44894284645536,71.05715354463982,388.37955815820226,2384.1384820697244
878,MADS112,u,12,ADS,17.34238180409912,106.00896017097128,363.55015055783326,753.8861588227488
879,MADS112,u,12,ADS,21.56833276246328,111.66723753671803,412.0314976531054,792.2739394568315
880,MADS112,u,12,ADS,30.31545379217073,98.56973489582188,463.83608828279984,945.5297188204835
881,MADS112,u,12,ADS,31.56246729632924,127.53270367076297,476.81550966592357,717.9340015689239
882,MADS112,a,12,ADS,35.74,98.06146271086646,1100.379753209243,1633.4066837016533
883,MADS112,a,12,ADS,38.69,140.00000000000057,1010.8673808146849,1552.5392220911745
884,MADS112,i,12,ADS,44.92938286833665,80.61713166334528,434.16661558177714,2692.7745275982215
885,MADS112,i,12,ADS,47.06203588821872,81.83147802670732,421.87709320783483,1946.1783522588146
886,MADS112,a,12,ADS,51.25,124.46338460308226,666.2900037604454,1377.4216346816943
887,MADS112,a,12,ADS,52.85437912265086,95.62087734914115,1033.8459095863825,1472.4465699229186
888,MADS112,a,12,ADS,54.68,109.99999999999943,852.8886716617419,1274.5677760730036
889,MADS112,i,12,ADS,58.04551482440592,89.27070330187092,459.374480585272,2578.3522070489867
890,MADS112,i,12,ADS,62.86804607866764,61.95392133236055,414.381912977572,2563.150994271228
891,MADS112,a,12,ADS,63.16,94.88579297576649,777.0424557608482,1461.0794826887402
892,MADS112,i,12,ADS,70.25863379762498,156.22373077826524,345.1965085640574,2481.0689591345504
893,MADS112,i,12,ADS,72.73012545229271,89.8745477072822,402.9129066177335,2330.6092900264534
894,MADS112,a,12,ADS,74.99,61.825683219822736,704.8181801202207,1244.4670516228489
895,MADS112,a,12,ADS,76.23468032518359,85.31967481640379,834.8749039092212,1318.8198283253664
896,MADS112,u,12,ADS,82.0445510568985,105.4489431015071,381.25854716585417,897.7673196462702
897,MADS112,u,12,ADS,91.98,104.7453930866169,429.97037698326056,818.4403171546255
898,MADS112,a,12,ADS,99.54,89.9999999999892,779.0696727019953,1275.239280638366
899,MADS112,u,12,ADS,101.45,122.71345953659818,437.35149660018806,971.6677282406654
900,MADS112,a,12,ADS,103.92,91.44528160520338,657.8386087471101,1260.9543996568855
901,MADS112,i,18,ADS,5.933900717167182,129.46828776333507,392.4970588313786,2502.0040540305176
902,MADS112,u,18,ADS,7.63,216.52201927385929,348.55897104047176,1188.7902499250536
903,MADS112,u,18,ADS,8.782439068803228,107.56093119677246,403.0663816135977,1006.1936226739665
904,MADS112,u,18,ADS,9.082871890407889,212.46077991931855,406.9196004548344,989.5981583707824
905,MADS112,i,18,ADS,9.732885757507852,144.40693635141423,451.15674917330546,2625.0889773919816
906,MADS112,u,18,ADS,16.94,129.81461508300995,343.4802375857829,801.9861479833646
907,MADS112,u,18,ADS,20.52972062696113,86.31219184222161,441.1707984617032,901.9063329627737
908,MADS112,u,18,ADS,28.88634580905444,136.10768713580867,431.44633877635766,908.0162383666792
909,MADS112,u,18,ADS,29.92124033505176,168.75966494824013,420.7746841958642,838.4937333264047
910,MADS112,a,18,ADS,33.9256103525866,83.822417077549,999.9127811426528,1582.2601516480784
911,MADS112,a,18,ADS,37.06294226652637,87.97204168534734,827.2683731247423,1377.3061141680334
912,MADS112,i,18,ADS,44.64580561255919,70.54361833259293,395.9537208224415,2508.8043794810355
913,MADS112,i,18,ADS,46.97967761502439,90.46181645001639,361.39958680893625,2739.3487526002227
914,MADS112,a,18,ADS,52.16416313160863,125.42784905871684,734.5389999870691,1415.2072219362976
915,MADS112,a,18,ADS,54.42655436592052,138.5974619004955,1074.441224353302,1427.5921141571844
916,MADS112,a,18,ADS,55.81,99.99999999999432,910.7243045223289,1287.1812517248813
917,MADS112,i,18,ADS,58.6853498892283,60.58451927387409,439.18215957022284,2605.2067302035316
918,MADS112,u,18,ADS,61.64514216287227,95.44136597939001,441.2687586085131,967.4084958487657
919,MADS112,i,18,ADS,64.21361412051449,49.79549529359417,474.568828803028,2500.470908289125
920,MADS112,i,18,ADS,64.50316259933567,58.09474450919083,371.04431188585187,2363.4001261956623
921,MADS112,a,18,ADS,64.81656249007972,89.63189152846951,800.3996704526678,1468.6683593023806
922,MADS112,i,18,ADS,71.37522501529232,111.20993948902935,342.1746342887257,2676.7930221389392
923,MADS112,i,18,ADS,73.35,120.66357983728437,440.65592791998404,2909.4621944992077
924,MADS112,a,18,ADS,75.36600682557905,110.38001456746827,809.4650405374935,1333.34539665616
925,MADS112,a,18,ADS,76.42457757375992,111.68684866652256,760.1316588605838,1362.194970064572
926,MADS112,i,18,ADS,78.4553713601785,41.08128361721697,476.0569186781356,1919.2381581640561
927,MADS112,u,18,ADS,82.47838188656786,131.12813760646702,378.1972125594704,831.0833723063902
928,MADS112,u,18,ADS,91.4499011317189,110.38001192915203,435.70184577486833,837.064789634138
929,MADS112,a,18,ADS,99.84661697566877,140.25730839119888,763.0084518629006,1322.8500939331473
930,MADS112,u,18,ADS,101.7667892538373,97.1012135016025,400.67751365221346,881.2133622742831
931,MADS112,a,18,ADS,104.4667149326471,121.99896055321346,735.5515976796695,1324.0568902379762
932,MADS112,i,6,ADS,9.049792035742197,120.20796425780311,406.9216173288353,1960.081414781604
933,MADS112,u,6,ADS,10.59,154.47570066953097,377.27953587314295,851.8990538566891
934,MADS112,u,6,ADS,11.72,139.9999999999988,374.482825044606,824.6644078864141
935,MADS112,u,6,ADS,11.98,220.13279466649038,457.22679541529453,874.1807314376459
936,MADS112,i,6,ADS,12.58,80.24497396822028,424.25311777372,2414.7899140281233
937,MADS112,u,6,ADS,19.2610851681742,135.2155609522505,383.421744755297,1401.622630374143
938,MADS112,u,6,ADS,22.33,145.1711799645814,413.7824361083273,790.322188418841
939,MADS112,u,6,ADS,29.51,149.99999999999858,392.1818933365769,710.0138344471284
940,MADS112,u,6,ADS,30.48,157.29475334072873,320.3995859037188,687.5846986354198
941,MADS112,a,6,ADS,33.87,99.20897894415504,999.1779309153783,1370.5508248249694
942,MADS112,a,6,ADS,35.95,109.99999999999943,1044.2310754774683,1407.05953562833
943,MADS112,i,6,ADS,41.74,109.99999999999943,427.2545865277997,2021.0786120768898
944,MADS112,i,6,ADS,43.42,100.00000000000142,391.01303655986965,2724.6286917214525
945,MADS112,a,6,ADS,48.07,137.39548061035123,647.6473624897363,1389.925998551647
946,MADS112,a,6,ADS,49.65,100.00000000000142,903.2988570329595,1217.3095300747457
947,MADS112,a,6,ADS,51.17,89.9999999999963,1132.124175428562,1596.73018572404
948,MADS112,i,6,ADS,53.11,90.00000000000341,402.6834741976766,1746.6547949048233
949,MADS112,i,6,ADS,57.35,64.32789636547653,430.0023871679983,2475.535704420319
950,MADS112,i,6,ADS,57.64,86.15153692883837,402.59729602739935,2573.9868536915956
951,MADS112,a,6,ADS,57.94,109.99999999999943,733.0126342608594,1420.5218400913332
952,MADS112,i,6,ADS,63.51,90.00000000000341,450.2865913367858,2702.784597845941
953,MADS112,i,6,ADS,65.06497512126614,105.02487873385746,434.17493894342675,2712.414985647621
954,MADS112,a,6,ADS,66.69,113.50144750062441,675.5188498472387,1333.0995591565747
955,MADS112,a,6,ADS,67.82,107.36720760372975,804.9190362631248,1261.020044138818
956,MADS112,i,6,ADS,69.83,54.756939215536704,443.7814380879593,2059.1756420981774
957,MADS112,u,6,ADS,73.04,129.99999999999545,386.7782933260433,851.2748110688345
958,MADS112,u,6,ADS,81.05,100.00000000000853,404.188983654174,931.2171356705265
959,MADS112,a,6,ADS,89.19468636196561,128.7767247164311,674.4274331203262,1339.4071058456123
960,MADS112,u,6,ADS,91.2861031716567,119.57838723670022,400.03107495878146,824.7096809691695
961,MADS112,u,6,ADS,92.9,80.0623081504881,543.9752069176182,1202.7952727737597
962,MADS112,a,6,ADS,93.56,120.00000000000455,799.594563513555,1301.905921680449
963,MADS112,i,9,ADS,6.53,139.9999999999997,449.18304386291567,2714.4827681234915
964,MADS112,u,9,ADS,7.962661799841626,187.33820015837478,408.1883702974575,884.6117592861194
965,MADS112,u,9,ADS,8.706811555635383,163.1884443646161,460.7383285092418,752.8962566480395
966,MADS112,u,9,ADS,9.03,190.00000000000128,494.3115371690851,1007.5053028086273
967,MADS112,i,9,ADS,9.74,80.00000000000007,414.98372089832463,2542.993161135702
968,MADS112,i,9,ADS,12.23805770556284,68.00441028516069,377.1581750688004,2783.466264751569
969,MADS112,u,9,ADS,16.92969322708173,107.86906459024692,396.28246489607795,964.5488712216752
970,MADS112,u,9,ADS,19.35,139.99999999999702,373.73159713033476,799.1444094717571
971,MADS112,u,9,ADS,26.22339141798822,126.60858201178016,479.3395741534923,859.352183692055
972,MADS112,u,9,ADS,27.18,149.99999999999858,506.80778310638306,956.0773616255452
973,MADS112,a,9,ADS,31.08,80.00000000000185,803.7821062991884,1363.3345183636097
974,MADS112,a,9,ADS,33.88,129.99999999999545,1042.250017092259,1560.2800602541215
975,MADS112,i,9,ADS,40.55340456055052,96.59543944948012,473.1836559346481,2656.7840323761798
976,MADS112,i,9,ADS,42.70828369485488,93.79918660022213,435.61971400582433,2623.4500430150465
977,MADS112,a,9,ADS,46.86,90.00000000000341,826.9102724039902,1361.6885307943778
978,MADS112,a,9,ADS,48.55163180901749,85.5917577726899,953.2001502500233,1210.5560929789035
979,MADS112,a,9,ADS,49.9,109.99999999999943,1155.4141384723564,1430.4079290931556
980,MADS112,i,9,ADS,52.31876680002865,81.2331999713507,454.82576097812614,2690.4406726157963
981,MADS112,i,9,ADS,56.91,50.00000000000426,399.7871285353496,2232.013111800668
982,MADS112,i,9,ADS,57.25118805619341,70.34938995015949,437.556308205108,2610.274959046425
983,MADS112,a,9,ADS,57.58,114.67848412723924,844.2801875369764,1477.932588210756
984,MADS112,i,9,ADS,63.43,109.99999999999943,435.41280227803577,2621.4950358259084
985,MADS112,i,9,ADS,65.39,140.00000000000057,405.9416217959169,2902.451362389677
986,MADS112,a,9,ADS,67.48,99.99999999999432,782.3623374754833,1277.6713927085875
987,MADS112,a,9,ADS,68.39,125.29173933722859,822.2964791011452,1308.6233113894416
988,MADS112,i,9,ADS,70.61,40.55467309656535,456.47388418772437,1876.9552561067244
989,MADS112,u,9,ADS,73.94,129.99999999999545,390.83096631974286,754.4990216405511
990,MADS112,u,9,ADS,83.43,119.99999999999034,438.68556966753454,855.3229545798931
991,MADS112,a,9,ADS,91.86,120.00000000000455,820.1088182683784,1339.1391164072381
992,MADS112,u,9,ADS,94.07775130842604,118.24632681555158,362.1334958242479,860.0470573087401
993,MADS112,a,9,ADS,96.35712079909712,112.8792009028814,754.666082356555,1361.8645517106993
994,MADS113,i,6,ADS,6.9,103.68407917253464,405.8238650483918,2788.6206361449554
995,MADS113,u,6,ADS,8.65,149.82174151367468,388.40592224381135,872.0498311634337
996,MADS113,u,6,ADS,9.29,171.44758861222797,324.3262549157646,940.1893959260547
997,MADS113,u,6,ADS,9.68,148.63224576534506,615.351320711888,1124.4630620429748
998,MADS113,i,6,ADS,10.19,110.00000000000121,307.8601686898056,1885.7846537247594
999,MADS113,u,6,ADS,20.85,129.999999999999,374.2864471166112,1022.199717093739
1000,MADS113,u,6,ADS,29.11,106.12954416606968,422.9628029953266,897.7810455197626
1001,MADS113,u,6,ADS,30.17,189.99999999999773,511.7635901922313,1195.329219783169
1003,MADS113,a,6,ADS,36.75,130.00000000000256,889.9993492650636,1271.972593590837
1004,MADS113,i,6,ADS,44.18555524899588,84.44475100412063,374.4398973107983,2711.2370437767486
1005,MADS113,i,6,ADS,46.23514846289681,144.8515371031931,308.50810973936035,1787.6681874973945
1006,MADS113,a,6,ADS,50.31,125.34266264626126,905.6659586466263,1357.6152966194293
1007,MADS113,a,6,ADS,51.57,119.99999999999744,945.8811730202189,1397.7861887086797
1008,MADS113,a,6,ADS,52.83,79.9999999999983,1029.3283041771124,1603.2439771681488
1009,MADS113,i,6,ADS,55.89,79.9999999999983,356.23450947928654,2547.1392390628234
1010,MADS113,i,6,ADS,59.31,72.6329042908489,301.7992863683608,2396.2076581509255
1011,MADS113,i,6,ADS,59.62856948725106,41.96536931463868,400.55931495104153,2423.1196550298023
1012,MADS113,a,6,ADS,59.91,157.71541206906647,917.2670443501278,1440.3491182092785
1013,MADS113,i,6,ADS,65.50065720074667,109.34279925332646,348.1733361098459,2172.248977228386
1014,MADS113,i,6,ADS,67.38,79.97417762619818,371.91067449616935,2249.2633044845115
1015,MADS113,a,6,ADS,68.62,89.9999999999892,683.3604568948052,1196.0329758745631
1016,MADS113,a,6,ADS,69.27,70.00000000000739,726.3960184333002,1303.5503218497056
1017,MADS113,u,6,ADS,74.57,158.5620864219237,442.5803869646153,1767.6203030668148
1018,MADS113,u,6,ADS,82.38,75.79952803027368,407.0775991975043,888.4814897108321
1019,MADS113,a,6,ADS,89.07,160.0000000000108,870.9767511327477,1430.1532338334684
1020,MADS113,u,6,ADS,91.55,100.98960660062062,776.9885295165909,1513.2169809225195
1021,MADS113,a,6,ADS,93.28922650338984,140.7734966101657,633.2300076248763,1242.8326787398714
1022,MADS114,i,12,ADS,5.58,99.99999999999964,357.82479990463634,1830.6025276184073
1023,MADS114,u,12,ADS,7.21,129.9999999999999,352.0884142327837,694.7588330277397
1024,MADS114,u,12,ADS,8.2,120.000000000001,407.9363527951217,848.5235558700081
1025,MADS114,u,12,ADS,8.541128375785451,218.87162421454855,427.46050266773034,705.8742577192269
1026,MADS114,i,12,ADS,9.27,80.00000000000007,470.14321213779976,1960.2030376454259
1027,MADS114,u,12,ADS,15.68803910494868,138.42091135367872,544.3536508748305,2022.1250122126357
1028,MADS114,u,12,ADS,18.67205025702861,101.87779075630132,387.5901618545378,668.4475242463695
1029,MADS114,u,12,ADS,26.67160305028171,97.44832159298866,468.93454694326385,959.563252001301
1031,MADS114,a,12,ADS,31.93,117.2146036964179,831.6406602880128,1354.4369411298092
1032,MADS114,a,12,ADS,34.74921803516825,68.6567720314244,715.4899377345077,1369.4869490441338
1033,MADS114,i,12,ADS,42.14897944519392,101.02055480607675,364.0722882808531,2196.1783411736556
1034,MADS114,i,12,ADS,44.08158875521949,98.41124478050745,364.2020714384647,1985.7369321027286
1035,MADS114,a,12,ADS,48.00049114139714,99.50885860286007,744.3268919737827,1334.2243193017403
1036,MADS114,a,12,ADS,49.76,140.00000000000057,661.8814953556495,1109.0693380370888
1037,MADS114,a,12,ADS,51.04,170.0000000000017,934.2128143975706,1312.6935407044007
1038,MADS114,i,12,ADS,53.74922397212393,90.77602787607475,382.22241963576175,1902.2306265055724
1039,MADS114,i,12,ADS,58.27,49.99999999999716,443.3032515134436,2291.9844028050534
1040,MADS114,i,12,ADS,58.63936531716536,60.634682834646014,369.995129919532,2240.2628629977016
1041,MADS114,a,12,ADS,58.95889507789717,111.1049221028324,781.2278143158607,1310.5840080385528
1042,MADS114,i,12,ADS,65.0082292791266,131.77670760869375,386.8920852335787,2764.8945413792167
1043,MADS114,i,12,ADS,67.09633864633776,114.05883095544311,360.5194572195527,2173.703639027936
1044,MADS114,a,12,ADS,68.82,70.00000000000739,741.9557106344995,1274.0355573630497
1045,MADS114,a,12,ADS,70.10716365581719,72.83634418281792,690.1578514359658,1247.4488520896743
1046,MADS114,u,12,ADS,76.3565911479819,126.23987115456714,387.99659347425586,821.84003835745
1047,MADS114,u,12,ADS,86.32,110.00000000001364,397.9312500655875,1030.0850192239973
1048,MADS114,a,12,ADS,94.93,152.94346796959246,744.8558347735261,1343.6948420212366
1049,MADS114,u,12,ADS,96.6169313031454,100.77042346547671,459.3651170881153,1255.0909635029188
1050,MADS114,a,12,ADS,99.06,140.00000000000057,699.0541210237177,1341.0309769906685
1051,MADS114,i,15,ADS,5.367339734969821,102.66026503017844,426.3757217742196,1609.641459980825
1052,MADS114,u,15,ADS,6.92,169.99999999999994,470.04685648111825,1559.9702905759837
1053,MADS114,u,15,ADS,7.68,120.00000000000011,347.6038907826305,731.2751129045462
1054,MADS114,u,15,ADS,8.01624637215232,220.1268969765593,344.92117783557995,735.0804802374012
1055,MADS114,i,15,ADS,8.83,99.99999999999964,404.3398147522781,2210.743133151429
1056,MADS114,u,15,ADS,15.14414798172531,153.69220284399,449.851687490124,1217.3936058640193
1057,MADS114,u,15,ADS,18.36926085377334,100.73914622665825,334.4745395158956,728.214948649651
1058,MADS114,u,15,ADS,25.58,100.00000000000142,223.1897436689501,709.4448148874499
1059,MADS114,u,15,ADS,26.55,169.99999999999815,478.7805442390184,1695.7484988977767
1060,MADS114,a,15,ADS,30.48,111.31582601526802,676.6811673279124,1494.116383638405
1061,MADS114,a,15,ADS,32.89676685187649,113.03813628525461,694.9224226462427,1317.0419419050372
1062,MADS114,i,15,ADS,39.1096935161319,100.14782249834298,373.533700805571,1968.6048309698385
1063,MADS114,i,15,ADS,40.96475839234951,95.24160765049317,339.129949054761,2240.8699580169377
1064,MADS114,a,15,ADS,44.62,117.97319905074488,658.1691474492104,1312.1107216986536
1065,MADS114,a,15,ADS,46.36,132.85584814099138,485.92264846990827,1184.129132538685
1066,MADS114,a,15,ADS,47.55,160.0000000000037,864.8539949590645,1301.1743797172921
1067,MADS114,i,15,ADS,49.89547305224183,74.52694775816582,351.1297661978387,1929.825480555184
1068,MADS114,i,15,ADS,54.14822405382309,61.77594617690829,442.9634479356996,2071.2429775159153
1069,MADS114,i,15,ADS,54.51,80.0000000000054,348.1305102663669,2181.969801060587
1070,MADS114,a,15,ADS,54.87,132.9458631922904,695.1565763186568,1329.5688386223405
1071,MADS114,i,15,ADS,60.23,158.11038428614665,362.1569421309881,2709.849875280051
1072,MADS114,i,15,ADS,62.34848299886462,111.51700113538254,350.642348447016,1887.5341215850844
1073,MADS114,a,15,ADS,63.69723949002919,74.3671949245126,606.6717138923848,1334.9702377054552
1074,MADS114,a,15,ADS,64.84,79.9999999999983,651.1455528395601,1413.9767139560588
1075,MADS114,i,15,ADS,67.1004733046594,49.526695340603055,422.5113539491874,1609.9766905371832
1076,MADS114,u,15,ADS,70.83075507871881,119.24492128119368,387.3414559213645,810.6543736133697
1077,MADS114,u,15,ADS,80.01,115.68680085196092,422.54679473727435,874.1473069385984
1078,MADS114,a,15,ADS,88.21,160.0000000000108,647.6202456306801,1186.8534258445266
1079,MADS114,u,15,ADS,89.9,129.88265540924715,353.91116214882135,800.2267420079072
1080,MADS114,a,15,ADS,92.19,129.99999999999545,623.4138432490782,1369.2970266379298
1081,MADS114,i,18,ADS,7.14,118.5510601759816,375.27309877622315,1505.5743950717572
1082,MADS114,u,18,ADS,8.733561845081141,215.78047943376433,312.39976986070565,1232.291528768631
1083,MADS114,u,18,ADS,9.522389584773398,96.2712908242942,366.32199728192967,811.7772680246483
1084,MADS114,u,18,ADS,9.832781505189658,219.1001791173619,400.83216523209165,763.6347743531741
1085,MADS114,i,18,ADS,10.3919364524756,89.63189145710082,484.0060186032301,1297.2690559966882
1086,MADS114,u,18,ADS,16.34419143601525,152.61086676378,390.55509535838314,1123.7922797853505
1087,MADS114,u,18,ADS,19.49426679459889,84.65234199909943,384.4542727625761,752.1868827159703
1089,MADS114,u,18,ADS,28.34,160.00000000000014,269.02425324659936,747.318990943658
1090,MADS114,a,18,ADS,32.30944937808178,112.03986441058333,894.5364317428441,1293.0839594903641
1091,MADS114,a,18,ADS,34.90933458930981,112.97897523532185,768.5966221947186,1381.7854620001146
1092,MADS114,i,18,ADS,41.03061911698768,138.59746190048838,397.17032574346393,2087.4827669015813
1093,MADS114,i,18,ADS,43.11251954000416,112.03986441058333,351.41185942833863,1849.5436243809
1094,MADS114,a,18,ADS,46.88886702991882,188.50214309726,676.5098906616495,1394.7093457463284
1095,MADS114,a,18,ADS,48.70434488458033,130.29821268489172,716.7638152184416,1610.7219040954406
1096,MADS114,a,18,ADS,49.88,161.30826983350488,538.2703719892183,1252.961849027102
1097,MADS114,i,18,ADS,52.44092503361644,102.91069027343269,445.90347241673715,2199.3753414429493
1098,MADS114,i,18,ADS,56.98570715206087,64.2928479391287,437.94059009824906,2149.5813055325834
1099,MADS114,i,18,ADS,57.38230403966731,48.96557037202598,352.18028829646767,1930.9891209134266
1100,MADS114,a,18,ADS,57.71355326927286,147.72663603766034,652.8308797672744,1236.5368382371328
1101,MADS114,i,18,ADS,64.44828342111025,127.80843792022267,339.2060985061589,1516.3313924634938
1102,MADS114,i,18,ADS,66.31583013502772,116.50317962795498,345.6064764985949,1892.7542416183608
1103,MADS114,a,18,ADS,68.11851881163008,87.97204168534734,741.2663936667277,1294.0825118839114
1104,MADS114,i,18,ADS,71.41,40.22663603606702,464.4842543238996,1724.972367255039
1105,MADS114,u,18,ADS,74.7688601664035,93.78151613627494,373.60895931995003,868.6468305311778
1106,MADS114,u,18,ADS,84.15037104997558,111.20993948902935,480.48126525964597,724.9615548597866
1107,MADS114,a,18,ADS,92.31656698229284,142.7470865082796,715.9837403859269,1327.8282282034684
1108,MADS114,u,18,ADS,94.20894273868008,91.29174137156326,373.54763130213496,904.4727828972493
1109,MADS114,a,18,ADS,96.33403938816454,129.46828776334485,642.5503974171017,1318.812560895194
1110,MADS114,i,6,ADS,6.08,113.03887068267571,393.5234213684585,2719.7863770099157
1111,MADS114,u,6,ADS,7.57,179.99999999999972,367.87928953635566,1020.5418499828396
1112,MADS114,u,6,ADS,8.3,179.99999999999972,297.3841927110893,767.0302337443484
1113,MADS114,u,6,ADS,8.7,265.18063629195154,375.3845846041058,971.1259738467963
1114,MADS114,i,6,ADS,9.36,100.00000000000142,485.2145116127905,2083.6996462807574
1115,MADS114,u,6,ADS,15.81913182547797,240.35324317233096,420.2709795338808,1681.147473648969
1116,MADS114,u,6,ADS,20.02,160.00000000000014,382.64550597506803,703.0895071514859
1117,MADS114,u,6,ADS,28.11,129.999999999999,361.8791240014009,762.6504277020341
1118,MADS114,u,6,ADS,29.19,201.843514927198,367.4141533333946,834.853579541057
1119,MADS114,a,6,ADS,33.02,129.99999999999545,886.2934759119923,1324.6433036384574
1120,MADS114,a,6,ADS,35.49,119.99999999999744,922.765146938702,1344.3951378440427
1121,MADS114,i,6,ADS,44.24,169.9999999999946,436.25127160696553,2759.6103859488007
1122,MADS114,i,6,ADS,46.51,130.00000000000256,335.742368276423,2198.916031495672
1123,MADS114,a,6,ADS,50.84,171.46440659646345,743.404557850743,1225.7538651759467
1124,MADS114,a,6,ADS,52.63810178019737,143.74066503443572,780.2363576559982,1308.7838405520065
1125,MADS114,a,6,ADS,53.93,179.99999999999972,700.0724498559101,1251.2592525276564
1126,MADS114,i,6,ADS,56.83,120.00000000000455,383.8708871596596,2472.6587024122105
1127,MADS114,i,6,ADS,61.53,82.53664714320763,374.67192250826497,2202.4149376843548
1128,MADS114,i,6,ADS,61.94,70.00000000000028,372.29023892927273,2468.2812038257216
1129,MADS114,a,6,ADS,62.27,111.70074349137593,927.8940248950098,1403.4219523696686
1130,MADS114,i,6,ADS,68.95,140.00000000000057,357.1295970524284,2825.108357618017
1131,MADS114,i,6,ADS,71.07,130.00000000000966,344.4109930403559,1615.1635550152287
1132,MADS114,a,6,ADS,72.6,80.0000000000125,665.4108134623776,1186.2988933595557
1133,MADS114,a,6,ADS,73.8,71.26103392900518,744.1321475474546,1293.781695462814
1134,MADS114,i,6,ADS,76.2235476562975,58.91010862066537,480.5173786637773,1750.1248694925184
1135,MADS114,u,6,ADS,80.05,150.00000000000568,369.1082816940048,936.3691027232576
1136,MADS114,u,6,ADS,90.67,149.99999999999147,354.2191606978863,1217.1273879347104
1137,MADS114,a,6,ADS,99.8,170.0000000000017,795.0281371767759,1230.7946843810994
1138,MADS114,u,6,ADS,101.65,133.34648707179042,303.9702329579964,837.1264869328309
1139,MADS114,a,6,ADS,104.32,155.65105999350237,673.069942834239,1222.9205141971026
1140,MADS114,i,9,ADS,5.548750820513642,101.24917948635837,337.44979338877226,1919.401567949262
1141,MADS114,u,9,ADS,6.99,149.99999999999946,233.25266743783854,760.1055726691762
1142,MADS114,u,9,ADS,7.805765096076994,134.23490392300596,341.691954206353,786.7707945805496
1143,MADS114,u,9,ADS,8.144062391989328,205.93760801067162,363.48707141322245,722.9791935965469
1144,MADS114,i,9,ADS,8.75,89.99999999999986,461.4706925851573,1766.4358683728374
1145,MADS114,u,9,ADS,14.91734668191287,170.95575435500976,379.88160831600345,1632.8776504718983
1146,MADS114,u,9,ADS,17.9311047757597,117.60013675377223,349.7669112662098,743.8446973746268
1147,MADS114,u,9,ADS,25.59,129.999999999999,331.139150806705,716.3980576660838
1148,MADS114,u,9,ADS,26.63,130.00000000000256,360.4528525436465,980.6360428804859
1149,MADS114,a,9,ADS,30.3,101.3055794248281,747.0709259459572,1321.3475847820325
1150,MADS114,a,9,ADS,32.6,149.99999999999858,595.7023339524521,1160.636535165509
1151,MADS114,i,9,ADS,39.6660456508316,93.95434916839918,376.45524235043945,2092.2598638849463
1152,MADS114,i,9,ADS,41.74639328162036,93.60671837964674,323.3155161562196,2188.9559311881944
1153,MADS114,a,9,ADS,46.0,109.99999999999943,726.1845372174896,1249.06641381731
1154,MADS114,a,9,ADS,47.18,140.00000000000057,663.6604834095808,1174.7494427381137
1155,MADS114,a,9,ADS,48.73365605281614,156.34394718386346,790.8067841951168,1205.0081094579562
1156,MADS114,i,9,ADS,51.48044500988708,69.55499011291977,365.45386421601756,1709.8111527174772
1157,MADS114,i,9,ADS,56.06,70.00000000000028,428.12657589915216,2063.7179751741573
1158,MADS114,i,9,ADS,56.42054231447111,69.45768552888865,415.15862287827093,2105.049887974806
1159,MADS114,a,9,ADS,56.74,100.00000000000142,641.5590932135171,1139.5612826876873
1160,MADS114,i,9,ADS,62.62,109.99999999999943,321.96011796381197,2202.979918010056
1161,MADS114,i,9,ADS,64.53093145559647,119.06854440353243,347.7166336680732,1721.6000404980987
1162,MADS114,a,9,ADS,66.09,79.9999999999983,647.4759201881574,1217.9943526303184
1163,MADS114,a,9,ADS,67.12,70.93932282448634,684.737966228857,1345.727428805957
1164,MADS114,i,9,ADS,69.25897903933966,41.02096066033312,475.5001603154949,1686.3982191568043
1165,MADS114,u,9,ADS,73.0204571274269,109.54287257310114,332.19311565150537,810.4558142808885
1166,MADS114,u,9,ADS,83.18,119.99999999999034,409.8080069258099,1032.4274804677289
1167,MADS114,a,9,ADS,91.06,149.99999999999147,567.4555892715568,1191.163125602747
1168,MADS114,u,9,ADS,92.83,96.3790809179983,329.33083420698875,917.4389652230251
1169,MADS114,a,9,ADS,95.14,109.99999999999943,527.5575278904948,1156.2578646233717
1170,MADS115,i,12,ADS,6.63,89.99999999999986,352.4537573935346,2137.216198280508
1172,MADS115,u,12,ADS,8.98,160.00000000000014,419.62679458143805,870.7790851268555
1173,MADS115,u,12,ADS,9.38899613271199,131.00386728801004,311.32377799638937,850.5530398886111
1174,MADS115,i,12,ADS,9.98,109.99999999999943,444.39232533075375,2221.729563357945
1175,MADS115,u,12,ADS,17.58,120.000000000001,421.0134860902207,691.9697943663489
1176,MADS115,u,12,ADS,21.3449704421854,128.6121890276597,426.7405307904683,731.1410742394902
1178,MADS115,u,12,ADS,31.26,89.99999999999986,402.9376447536249,742.5058454740885
1179,MADS115,a,12,ADS,35.2,129.99999999999545,700.586122988053,1216.94183808529
1180,MADS115,a,12,ADS,37.94,109.99999999999943,637.687186033857,1217.6989842593534
1181,MADS115,i,12,ADS,46.75491939111711,105.0806088828864,350.43725684275273,2281.39496339567
1182,MADS115,i,12,ADS,49.07,109.99999999999943,348.86730166143093,2421.5391000682134
1183,MADS115,a,12,ADS,53.18,109.99999999999943,615.8614902805384,1230.9648703617609
1184,MADS115,a,12,ADS,54.54,179.99999999999972,745.7937786659259,1257.539504083334
1185,MADS115,a,12,ADS,56.12062491949475,129.37508050524826,707.7991188247094,1231.7960939814586
1186,MADS115,i,12,ADS,58.75725130918146,86.73845306516625,350.7386835625073,2163.093748281183
1187,MADS115,i,12,ADS,63.26,50.00000000000426,967.604211541284,2580.713365915253
1188,MADS115,a,12,ADS,63.97,99.99999999999432,714.7434809769247,1339.8694409569525
1189,MADS115,i,12,ADS,71.19376907662466,201.89122696201878,399.8717411664082,2316.9594999297146
1193,MADS115,i,12,ADS,78.52,49.99999999999716,432.5133581534213,1571.1508539646923
1195,MADS115,u,12,ADS,91.97269769757652,147.3023024234834,351.7221065858571,772.1891552865795
1196,MADS115,a,12,ADS,101.3280787279119,191.92127208809495,700.2489108051938,1266.8916558706992
1197,MADS115,u,12,ADS,102.9,89.9999999999892,385.0426543308361,817.472635464745
1198,MADS115,a,12,ADS,104.86,129.99999999999545,650.1107246802566,1275.1691236244935
1199,MADS115,i,15,ADS,6.44,119.99999999999922,340.8651690114268,2117.0403533753633
1200,MADS115,u,15,ADS,9.13,209.9999999999991,428.92476154604753,625.9589226505773
1201,MADS115,u,15,ADS,10.24,169.99999999999994,362.8828589984596,774.0218090128207
1202,MADS115,u,15,ADS,10.64,233.0437055487593,318.9437863797088,799.3087356054732
1203,MADS115,i,15,ADS,11.34549178209491,104.50821790508869,355.96529444538197,1849.3343670547715
1205,MADS115,u,15,ADS,21.9399751025025,140.02489749749714,304.05583508048244,975.0419022907206
1206,MADS115,u,15,ADS,30.27417532956685,125.82467043314693,374.5548514357123,751.4766087594048
1207,MADS115,u,15,ADS,31.52,129.999999999999,375.69003239106706,991.7829936074004
1208,MADS115,a,15,ADS,36.33005626123197,127.10751538967457,792.4398442951222,1402.8302482355791
1209,MADS115,a,15,ADS,39.77,175.40928527495936,698.1626839249358,1312.8259065274447
1210,MADS115,i,15,ADS,48.63399665444562,128.94965329386565,432.6764225293886,2017.5578120498412
1211,MADS115,i,15,ADS,50.99,109.99999999999943,351.6022507744777,2509.0781894017937
1212,MADS115,a,15,ADS,55.49,118.78285523732046,684.7664397438438,1217.8776064315218
1213,MADS115,a,15,ADS,57.71070572073715,119.29427926284575,946.3820732133236,1196.7161526075618
1214,MADS115,a,15,ADS,59.28,159.9999999999966,713.5317480487851,1252.7705084937816
1215,MADS115,i,15,ADS,62.09505417916645,110.52827425188383,363.0319943860251,2364.611931355354
1216,MADS115,i,15,ADS,66.95,39.99999999999204,335.14009043527057,2518.3616199239423
1217,MADS115,i,15,ADS,67.28385755861933,75.52765407211837,333.9095105917035,1814.950022050376
1218,MADS115,a,15,ADS,67.58,138.60210401007578,788.470137774662,1339.4590294837017
1219,MADS115,i,15,ADS,75.06948586721892,180.5141327810844,310.6135718213742,2444.9014743323505
1220,MADS115,i,15,ADS,77.13,116.90959960904479,372.4569453616224,2382.5994898232198
1221,MADS115,a,15,ADS,79.09,69.99999999999318,720.8732335831505,1220.0013567027777
1222,MADS115,a,15,ADS,80.05,120.00000000000455,621.9999059549214,1166.2897631842077
1223,MADS115,i,15,ADS,82.42,55.99215735773555,449.83544606828406,1552.3785683606538
1224,MADS115,u,15,ADS,86.03315706488442,134.4760670064602,372.8869714970959,777.0482746507369
1225,MADS115,u,15,ADS,96.21323304631927,154.7395839526473,416.82312479738624,618.1508781891029
1226,MADS115,a,15,ADS,104.94,173.84044059819814,751.3600971234101,1224.241832163092
1227,MADS115,u,15,ADS,106.35,116.68305640840515,357.953007748006,686.7145949838
1228,MADS115,a,15,ADS,108.61,145.04702721839635,658.7879691944229,1261.3811569473096
1229,MADS115,i,18,ADS,6.259894968407187,101.3989190171225,356.4606937573957,2202.6754929141753
1230,MADS115,u,18,ADS,7.772476098897259,186.78748239996335,338.8742283964932,798.7005756599573
1231,MADS115,u,18,ADS,8.848714885970896,154.76677113139738,396.2782995217854,823.8689794580068
1232,MADS115,u,18,ADS,9.23,169.99999999999994,356.45317047845714,883.3235775178168
1233,MADS115,i,18,ADS,9.921395816236911,101.39891901712872,431.32535324784766,1903.700501738853
1234,MADS115,u,18,ADS,16.61640141752579,81.3326423128693,476.09233677924533,1597.173611854433
1235,MADS115,u,18,ADS,19.5197124011487,151.20891432378158,309.33773399520885,862.9101381611301
1236,MADS115,u,18,ADS,27.36492267427109,154.76677113139203,372.75241438474745,571.7354315795401
1237,MADS115,u,18,ADS,28.42712003880759,202.8799611924086,395.63619566787844,998.9393951321547
1238,MADS115,a,18,ADS,32.18,119.99999999999744,522.3608996872456,1308.8015179559932
1239,MADS115,a,18,ADS,34.66,204.26943851380486,625.9893129690988,1204.4447631504024
1240,MADS115,i,18,ADS,41.61379493774889,120.96713145902527,337.27516660126963,2200.724222742049
1241,MADS115,i,18,ADS,43.79371645672654,103.17784742093039,351.0463011123866,2366.8814847204435
1242,MADS115,a,18,ADS,47.9327263789834,113.85141784378305,607.1266279172874,1278.208543066652
1243,MADS115,a,18,ADS,51.03615662606506,151.20891432378158,595.0860864428722,1340.508429232755
1244,MADS115,i,18,ADS,53.44938093379685,119.18820305520939,374.48248092858245,2236.462458315076
1245,MADS115,i,18,ADS,57.93,49.99999999999716,337.6679444162441,2120.2628545554585
1246,MADS115,i,18,ADS,58.29430141191203,64.04142253713019,332.01155146481943,2108.135425570584
1247,MADS115,a,18,ADS,58.62,93.42448537041292,639.6261109614528,1370.7851311188892
1248,MADS115,i,18,ADS,64.47,213.88510481573064,429.789891018993,2433.326878855658
1249,MADS115,i,18,ADS,66.85110813134062,133.41963028570092,336.54450009570166,2170.006412967392
1250,MADS115,a,18,ADS,68.55301569140782,151.75464319236198,564.0389203548426,1230.419373357058
1251,MADS115,a,18,ADS,69.56579134961125,102.28838321903311,618.5004504463516,1270.938299953434
1252,MADS115,i,18,ADS,71.42386084326002,46.13915673998292,398.4048449504128,1747.3759796070187
1253,MADS115,u,18,ADS,75.41750890498484,141.4248081028262,343.504517611063,669.3947818612987
1254,MADS115,u,18,ADS,84.9532805899983,128.97230927616476,344.81645502059257,975.6131820031447
1255,MADS115,a,18,ADS,93.65571279673956,150.3194501218701,591.9311701485253,1238.4630013886303
1256,MADS115,u,18,ADS,95.44599300635024,81.83070657524638,410.4081175413085,819.269476671955
1257,MADS115,a,18,ADS,97.4263922291098,129.86177347808336,718.0580187191388,1171.960741852441
1258,MADS115,i,6,ADS,7.3,129.9999999999999,346.5228092166136,2256.193354885849
1259,MADS115,u,6,ADS,9.06,189.9999999999995,401.0651198668532,1054.4054674044453
1260,MADS115,u,6,ADS,10.3,268.15044861800885,361.43764887277194,807.0334405630954
1261,MADS115,u,6,ADS,10.78,311.4954335651312,420.8300020569369,947.0492193304075
1262,MADS115,i,6,ADS,11.55,119.53837579175897,364.51129577546715,2084.772043257107
1263,MADS115,u,6,ADS,19.92,248.7768083913373,573.4228472447479,1405.677718018328
1264,MADS115,u,6,ADS,24.24,190.00000000000128,334.6340873287769,1370.3303868374546
1265,MADS115,u,6,ADS,33.69,190.00000000000483,460.6397359367698,870.3838997696053
1266,MADS115,u,6,ADS,34.93,130.00000000000256,386.1897628857887,846.4792303859449
1267,MADS115,a,6,ADS,39.84,209.99999999999375,679.241118354648,1267.9644050872214
1268,MADS115,a,6,ADS,42.67,129.99999999999545,756.6213664768266,1240.9183784614327
1269,MADS115,i,6,ADS,49.94,150.00000000000568,360.7133157030418,2474.740135934684
1270,MADS115,i,6,ADS,52.15,91.67964862797362,344.4097284736585,2362.6685881741755
1271,MADS115,a,6,ADS,56.44,103.10910308340482,680.0308505127541,1290.1304375407367
1272,MADS115,a,6,ADS,58.12,66.35777587321456,797.2835689190628,1303.986127599724
1273,MADS115,a,6,ADS,59.57,130.00000000000256,749.1391718334941,1310.9790035187557
1274,MADS115,i,6,ADS,62.88,137.68758929325742,458.69103854740877,2476.486530058728
1276,MADS115,a,6,ADS,68.65,185.58122287397794,584.7911330400433,1321.4364424540413
1277,MADS115,i,6,ADS,75.9,189.99999999999773,386.06461671507134,2510.2322655296466
1279,MADS115,a,6,ADS,80.62664474761962,123.35525238037803,766.2838975983159,1247.2705661017935
1281,MADS115,i,6,ADS,84.86,49.99999999999716,516.2752208069593,1740.0210504448733
1282,MADS115,u,6,ADS,88.66,120.00000000000455,371.07577979731195,941.9016634013788
1283,MADS115,u,6,ADS,99.4,209.99999999999375,346.808845201255,1272.5741323591612
1284,MADS115,a,6,ADS,109.17,149.99999999999147,660.8541261563335,1291.4253688582626
1286,MADS115,a,6,ADS,114.0367917067776,163.2082932223966,740.4669512891511,1306.421102498323
1287,MADS115,i,9,ADS,7.23,149.99999999999946,373.2733030857278,2175.205538155502
1288,MADS115,u,9,ADS,9.57,140.00000000000057,311.78393684413385,2081.7947636854674
1289,MADS115,u,9,ADS,10.74,161.01188291453994,328.98058782915115,755.863791814193
1290,MADS115,u,9,ADS,11.12130178441388,158.69821558611898,340.72339309715414,829.1340672638825
1291,MADS115,i,9,ADS,11.71,129.999999999999,409.84130995461936,2193.3602433164647
1292,MADS115,u,9,ADS,18.72,220.00000000000242,308.66670646688743,826.3047915413827
1293,MADS115,u,9,ADS,22.93093796698367,159.99969241055112,397.13258581542107,1017.379717828096
1294,MADS115,u,9,ADS,34.16,150.00000000000568,627.3280722709214,1960.1783673069315
1295,MADS115,a,9,ADS,38.79,136.4122880396934,700.8053013593997,1340.5518314726974
1296,MADS115,a,9,ADS,42.66,117.52594993368604,694.6360852666174,1269.4578926792756
1297,MADS115,i,9,ADS,49.86955448421994,120.44551578006235,394.77912558021376,2406.416291118337
1298,MADS115,i,9,ADS,52.07,109.99999999999943,389.61456220467676,2439.403906911075
1299,MADS115,a,9,ADS,56.68813866863444,125.88211094066537,634.8378740733543,1239.116750847433
1300,MADS115,a,9,ADS,58.23,130.00000000000256,899.585513033976,1311.447003797392
1301,MADS115,a,9,ADS,59.91293860725136,191.76433722734743,492.9161586850775,1466.3094336945026
1302,MADS115,i,9,ADS,63.29253449305791,97.64687110349968,360.6948091599307,2421.64764752132
1303,MADS115,a,9,ADS,68.46,100.00000000000853,799.3619783544526,1189.2937963378768
1304,MADS115,i,9,ADS,75.40855613864281,184.70552726805067,419.5044137196909,2405.6750490658233
1307,MADS115,a,9,ADS,80.6,120.00000000000455,672.9512085730795,1237.1626680547827
1308,MADS115,i,9,ADS,82.89591650602758,42.35285975573788,412.685624697418,1675.7067137525303
1310,MADS115,a,9,ADS,107.1319812478938,218.0187521061896,699.9312056861985,1229.9099921923469
1311,MADS115,a,9,ADS,111.27,150.00000000000568,662.6879859330783,1252.6882062537748
1312,MADS116,i,18,ADS,5.304191260925585,64.73414388166887,386.91647597988486,2156.5656619872507
1313,MADS116,u,18,ADS,6.437843140688019,122.15685931198017,431.1843218756352,846.624229849157
1314,MADS116,u,18,ADS,7.363148497030464,136.85150296953628,388.1668366069581,906.2684717815703
1315,MADS116,u,18,ADS,7.700694545607333,150.6910438144331,447.7642115179557,834.4283918926941
1316,MADS116,u,18,ADS,14.3,169.99999999999994,424.65418937008434,822.4634739042494
1317,MADS116,u,18,ADS,17.60340374271638,128.63836284176955,409.0152736562181,895.2298377400631
1318,MADS116,u,18,ADS,25.5330595865083,119.50918870461891,452.5482006923758,770.7389076839245
1320,MADS116,a,18,ADS,30.15,102.09652342006237,769.8000865536612,1384.6000267108316
1321,MADS116,a,18,ADS,32.64,132.6778210444317,777.1881931742686,1275.0559753834675
1322,MADS116,i,18,ADS,38.79543788169521,109.96505210667351,375.71872295288136,2386.3105288321885
1323,MADS116,i,18,ADS,41.06156034639703,88.43965360296835,361.9218255320943,2414.5275181269812
1324,MADS116,a,18,ADS,45.67298585625783,117.01941393993565,740.7247764377996,1402.806416144273
1326,MADS116,a,18,ADS,48.20835809684487,76.35309278349922,485.5941230856483,1284.9073152115848
1327,MADS116,i,18,ADS,50.84263910872282,74.69324294039126,394.417830162209,2283.987768650696
1328,MADS116,i,18,ADS,55.48437193593014,65.5640688032264,451.765788524148,2226.313025688088
1329,MADS116,a,18,ADS,55.75896986006729,101.03013993271048,723.286148826466,1375.478649164839
1330,MADS116,i,18,ADS,62.54095089435648,136.10768713581933,412.64729032913505,2593.8838272826165
1331,MADS116,i,18,ADS,64.28107240657064,71.37354325415401,382.87703032454056,2259.3554639465665
1332,MADS116,a,18,ADS,65.97234944041189,127.65055958810478,703.7138972578373,1212.3209682865436
1333,MADS116,a,18,ADS,66.59,98.86452613575614,622.6007461978932,1314.5133035718234
1334,MADS116,i,18,ADS,68.78,39.99999999999204,498.05145629543534,1801.02370626933
1336,MADS116,u,18,ADS,79.9,134.32991441402464,449.256413255039,923.0768605209195
1337,MADS116,a,18,ADS,87.9024579259556,152.70618556701265,676.1029068600799,1283.3486990505032
1338,MADS116,u,18,ADS,90.68,61.67800663679657,471.5459395179921,851.8837175243547
1339,MADS116,a,18,ADS,93.1059360467532,138.59746190047417,670.7445148843569,1222.9128773418627
1340,MADS116,i,6,ADS,8.16,90.64735632071574,368.95228738880024,2429.8954282289415
1341,MADS116,u,6,ADS,10.06,229.99999999999864,399.9386254984574,903.5758498343928
1342,MADS116,u,6,ADS,11.29,200.00000000000108,423.69219033776056,995.3061068755615
1343,MADS116,u,6,ADS,11.7,250.0,466.5838045448185,893.2421089878735
1344,MADS116,i,6,ADS,12.61,120.000000000001,359.7467091456019,2510.2117686240454
1345,MADS116,u,6,ADS,21.12990698318609,186.89437226782246,443.6666771070913,945.4018766096049
1346,MADS116,u,6,ADS,25.64,120.48705280865946,375.2758070435176,1054.0481394558049
1347,MADS116,u,6,ADS,35.23,155.56559836650052,418.68068467590433,725.9210583220582
1348,MADS116,u,6,ADS,36.52,239.99999999999488,373.6758951153946,760.467248612484
1349,MADS116,a,6,ADS,41.03,100.00000000000142,855.480390373749,1472.402212183207
1350,MADS116,a,6,ADS,44.6,119.99999999999744,807.4243728252123,1323.5697039387237
1351,MADS116,i,6,ADS,53.48341803624854,128.29189960756082,374.02118509274743,2470.0015784377024
1352,MADS116,i,6,ADS,56.53943314284562,121.95649715781087,376.86629605674733,2362.319497442274
1353,MADS116,a,6,ADS,61.96,145.23194359811953,851.5189727338803,1393.6252391099922
1354,MADS116,a,6,ADS,63.56,159.9999999999966,828.2557655650014,1359.2851143648156
1355,MADS116,a,6,ADS,65.06,164.19019890508935,625.2494491038456,1286.1574590593398
1356,MADS116,i,6,ADS,68.0300283972362,97.07781527099257,385.35556233136316,2430.825252398698
1357,MADS116,i,6,ADS,73.44,62.45860590260577,385.7316722657293,2131.216126801033
1358,MADS116,i,6,ADS,73.77394741132147,76.05258867852172,436.4550198909439,2194.480989232647
1359,MADS116,a,6,ADS,74.06,102.06684341686412,725.8476128649986,1533.8339260314444
1360,MADS116,i,6,ADS,81.03,122.53458586735633,399.2628709257605,2309.582815792812
1361,MADS116,i,6,ADS,82.92311979512709,108.59552216754764,368.53480517470814,2231.967468025734
1362,MADS116,a,6,ADS,84.96875314378866,141.5032561577192,722.516716513911,1337.6202913742427
1363,MADS116,a,6,ADS,86.25,120.00000000000455,653.5821740473871,1232.7334199942768
1364,MADS116,i,6,ADS,88.85,83.66818612807947,524.2799947330724,1943.107703670105
1365,MADS116,u,6,ADS,92.44,120.00000000000455,378.0360888041112,1115.6411270107806
1366,MADS116,u,6,ADS,104.42,118.8009583041918,397.1146527010128,896.017213793153
1367,MADS116,a,6,ADS,112.99,150.00000000000568,793.6519651309887,1351.3383443418206
1368,MADS116,u,6,ADS,114.89,92.74553412099351,420.33905646517417,822.0194778011308
1369,MADS116,a,6,ADS,117.2582169308855,130.44163755741067,711.940507848166,1374.9135969101046
1370,MADS116,i,9,ADS,7.36,59.99999999999961,387.0626032789923,2200.0108527447746
1372,MADS116,u,9,ADS,9.57,149.65259097083106,430.5127894587349,769.7248456669523
1373,MADS116,u,9,ADS,9.87,130.0000000000008,424.71899439025935,942.2301284611247
1374,MADS116,i,9,ADS,10.38,80.00000000000007,393.6018169879407,2324.0206677696915
1375,MADS116,u,9,ADS,17.02194471748258,118.05528251742103,444.4546104072067,880.5435324823216
1376,MADS116,u,9,ADS,19.75667645747391,93.32354252608965,410.7251545663535,1059.852965953207
1377,MADS116,u,9,ADS,26.91,96.3266165015888,448.51680292395287,844.907028686516
1378,MADS116,u,9,ADS,27.85,176.65259148735757,466.634706831595,809.9657423841709
1379,MADS116,a,9,ADS,31.65713579557342,94.61204495323017,720.3296771338244,1363.63751438831
1380,MADS116,a,9,ADS,34.52,99.99999999999432,763.9969870323227,1383.9028063200449
1381,MADS116,i,9,ADS,40.77195203551525,98.04796448474917,391.92106087264665,2288.8241857556313
1382,MADS116,i,9,ADS,43.06466045013773,85.33954986226888,387.1113295458783,2452.3405143612317
1383,MADS116,a,9,ADS,48.09405140723324,95.94859276676004,778.2161714080412,1458.394425880556
1384,MADS116,a,9,ADS,49.45,119.99999999999744,823.1731091326253,1394.8746260855291
1385,MADS116,a,9,ADS,50.67,109.99999999999943,697.0258256699577,1388.4005234018712
1386,MADS116,i,9,ADS,53.11692704527911,73.07295472088526,394.35190668305177,2342.8393389368243
1387,MADS116,i,9,ADS,58.46,49.99999999999716,399.21197596890016,2220.2187251364157
1388,MADS116,i,9,ADS,58.76050631861648,79.49368138352497,403.9987192251944,2276.0961205585772
1389,MADS116,a,9,ADS,59.11902595837992,100.37835513508497,672.1128666918656,1475.0984947079905
1390,MADS116,i,9,ADS,65.87722315930483,102.77684069517079,401.8115482077119,2383.7587048379837
1391,MADS116,i,9,ADS,68.05858034508846,80.66117823355512,358.6076698089788,2323.5674650778406
1392,MADS116,a,9,ADS,69.90584889804185,114.15110195814293,754.8804134987258,1448.2533281715403
1393,MADS116,a,9,ADS,71.21,109.99999999999943,695.3957524790625,1345.7572742106156
1394,MADS116,i,9,ADS,73.3776160678017,51.08541288124968,541.1178999243342,1836.3512089083597
1395,MADS116,u,9,ADS,76.84322051174753,108.44447295843906,405.6779777236124,921.3989488032487
1396,MADS116,u,9,ADS,86.67,106.7999720389139,405.5614945731098,770.5166734153769
1397,MADS116,a,9,ADS,94.28,159.9999999999966,701.7267262989509,1359.1249448981844
1398,MADS116,u,9,ADS,96.61,70.00000000000739,454.8822962907427,840.6757567124383
1399,MADS116,a,9,ADS,99.06,140.00000000000057,692.1952768604555,1390.9632207827174
1400,MADS117,i,12,ADS,6.37,99.99999999999964,372.51868836003433,2510.9010214843834
1401,MADS117,u,12,ADS,8.91,199.9999999999993,420.4896992526439,774.0678582041713
1402,MADS117,u,12,ADS,10.08583351410287,148.9839529680701,423.41108489337273,825.1511214102436
1403,MADS117,u,12,ADS,10.43946575411498,300.53424588501974,378.26871731548806,817.3893677498627
1404,MADS117,i,12,ADS,11.14007177481834,99.92822518166022,410.3334138288686,2415.7690521430045
1405,MADS117,u,12,ADS,17.72436461565369,209.55984593310717,458.65451119233086,1394.0374903633128
1406,MADS117,u,12,ADS,21.00208970853454,129.33771741183975,415.71914865340074,765.445049656648
1407,MADS117,u,12,ADS,28.13,150.00000000000213,436.11087712316447,773.024342422897
1408,MADS117,u,12,ADS,29.17,149.99999999999858,428.008947711777,890.4097462110078
1409,MADS117,a,12,ADS,33.46,84.54960587840787,689.0368259996707,1468.4578939285775
1410,MADS117,a,12,ADS,36.47183059741923,118.1694025807758,860.7624821781405,1400.6115604721335
1411,MADS117,i,12,ADS,42.81850431007366,91.49568992633306,381.0964794178267,2625.9783787265683
1412,MADS117,i,12,ADS,44.63101042142486,118.98957857513892,348.99410846778346,2683.1955134697146
1413,MADS117,a,12,ADS,48.3,109.87119555467473,678.3457000851505,1317.6607904070545
1414,MADS117,a,12,ADS,49.54,189.99999999999773,974.8624038146319,1518.6902022545714
1415,MADS117,a,12,ADS,51.03,140.00000000000057,788.1998174277276,1267.5207904226859
1416,MADS117,i,12,ADS,53.52158945663412,78.41054336588371,365.9645243207104,2473.5559828263054
1417,MADS117,i,12,ADS,57.64,39.99999999999915,382.74295028762117,2417.9873506969275
1418,MADS117,i,12,ADS,57.87,60.000000000002274,433.16363314828186,2283.4055119281093
1419,MADS117,a,12,ADS,58.12,100.00000000000142,745.740266957008,1374.2842465089188
1420,MADS117,i,12,ADS,63.98324832501967,112.96585444830498,349.4587843440013,2387.337326160419
1421,MADS117,i,12,ADS,65.77938257340732,99.86836407749422,310.4488987384567,2413.305267229992
1422,MADS117,a,12,ADS,67.26,112.16889170209754,659.1064918470117,1434.7261249659532
1423,MADS117,a,12,ADS,68.31707598012201,94.9568051884313,619.7369828908297,1321.3851811386112
1424,MADS117,u,12,ADS,83.03,79.9999999999983,360.10639302240065,673.2418059517125
1427,MADS117,a,12,ADS,94.27058180556132,112.96585444831919,629.1374769153128,1263.3137309983833
1428,MADS117,i,15,ADS,7.89,80.00000000000007,413.5226170020467,2545.588092476837
1429,MADS117,u,15,ADS,9.7134739170436,145.9140653763651,526.9118207284995,2445.2443625646893
1430,MADS117,u,15,ADS,10.75081966248318,149.18033751682103,374.83712826818,796.6788393685736
1431,MADS117,u,15,ADS,11.05262712669664,282.6263428461093,356.3996293173084,763.150198940277
1432,MADS117,i,15,ADS,11.80012163189991,79.87836810009163,407.38411807598555,2464.3474668685735
1433,MADS117,u,15,ADS,18.70052073438607,184.0357581323495,393.96210019051466,798.191603611531
1434,MADS117,u,15,ADS,22.48519138725347,114.80861274653265,379.380307625721,853.61664431309
1435,MADS117,u,15,ADS,30.14,126.41074917365813,439.5189241413385,657.791424931302
1436,MADS117,u,15,ADS,31.45,160.00000000000014,367.8015484667357,723.5589005055768
1437,MADS117,a,15,ADS,35.37,105.74156684630509,581.0218799734585,1392.6748165237464
1438,MADS117,a,15,ADS,38.03143406613422,109.98089293552482,608.7106500932871,1417.0073047042672
1439,MADS117,i,15,ADS,44.60473448838547,113.90878196893084,385.033438122791,2503.8486940299304
1440,MADS117,i,15,ADS,46.32,109.98640613576782,348.3127844792695,2582.1585018258106
1441,MADS117,a,15,ADS,49.65,100.00000000000142,711.4638747758667,1460.4532082378807
1442,MADS117,a,15,ADS,50.93,119.99999999999744,781.1507779728352,1471.2109399950036
1443,MADS117,a,15,ADS,52.51,123.60970378151848,660.5502867055129,1517.1328630651037
1444,MADS117,i,15,ADS,54.76019381744871,77.24848432376064,418.1429512646099,2499.3742498498514
1445,MADS117,i,15,ADS,59.68239055026734,57.60944973265936,399.34777592801595,2425.141621544218
1446,MADS117,i,15,ADS,59.98,72.92141575246092,442.05490602957735,2250.5102322874845
1447,MADS117,a,15,ADS,60.21,119.18294443572108,651.2330166961174,1385.1186772274943
1448,MADS117,i,15,ADS,65.93,129.99999999999545,374.8672972081605,2620.4737993500507
1449,MADS117,i,15,ADS,67.66232068990726,108.6715965910372,394.83029176375067,2516.4400879742393
1450,MADS117,a,15,ADS,69.49,109.99999999999943,828.3675277597956,1184.3682614493987
1451,MADS117,a,15,ADS,72.45,84.79790267954002,606.6093143309166,1285.7612633135902
1452,MADS117,i,15,ADS,74.90257769151107,47.42230848893314,379.21291315541697,1724.6198758133985
1453,MADS117,u,15,ADS,78.38,122.69048827120344,381.60875116969265,825.6355848938196
1454,MADS117,u,15,ADS,88.78,99.99999999999432,382.7086609749732,616.0319859653937
1455,MADS117,a,15,ADS,96.77,120.00000000000455,689.4656938944674,1273.0410619274762
1456,MADS117,a,15,ADS,100.69,109.99999999999943,700.6641657835052,1174.8199426592935
1457,MADS117,i,18,ADS,6.467452480670013,106.9044500784404,336.52057853628673,2251.4469348184334
1458,MADS117,u,18,ADS,7.847573397579467,212.4266024205337,359.5893832672058,848.6398673433687
1459,MADS117,u,18,ADS,8.87,161.03639063191721,385.44423511184306,782.7777765817618
1460,MADS117,u,18,ADS,9.193715542357602,270.5555244285058,355.74896410023587,762.2655039407065
1461,MADS117,i,18,ADS,9.783180608471453,89.63189152846418,361.6945579525102,2350.9297052454094
1462,MADS117,u,18,ADS,15.26,183.16520058269958,405.3076088682386,714.1454403799822
1463,MADS117,u,18,ADS,17.8021736622889,84.65234199909943,317.5883410998763,894.1941066499389
1464,MADS117,u,18,ADS,25.92,129.999999999999,399.80516036084845,720.8626866849503
1465,MADS117,u,18,ADS,26.79,170.0000000000017,338.31031996985485,864.0538662889559
1466,MADS117,a,18,ADS,30.54957222097726,74.6932429403877,719.6135072371698,1409.7245825911339
1467,MADS117,a,18,ADS,33.23,107.14351748101336,740.5019906685457,1402.6961603384727
1468,MADS117,i,18,ADS,38.0834607519048,106.53924809519566,369.8609745378421,2386.3153293342684
1469,MADS117,i,18,ADS,40.16734662146993,144.4069363514089,327.85472868120706,2737.662668455542
1470,MADS117,a,18,ADS,43.75912273083775,122.82888839085615,769.7143365667463,1336.9420641316192
1471,MADS117,a,18,ADS,45.02,119.58412707252819,969.2349016374811,1355.1079214982526
1472,MADS117,a,18,ADS,46.57966270730554,101.25084043031052,811.1425375155156,1424.0447819225496
1474,MADS117,i,18,ADS,52.90546209659254,43.15609592111258,331.41646237620887,2017.3015334843828
1475,MADS117,a,18,ADS,53.15609942290361,93.90057709639166,740.3479256457828,1469.6901383010775
1476,MADS117,i,18,ADS,58.63,99.99999999999432,349.46187686132845,2355.0188229311193
1477,MADS117,a,18,ADS,61.69,120.00000000000455,735.5372185807678,1407.8668688027542
1478,MADS117,a,18,ADS,62.51681715037961,79.67279246974357,637.7394086556285,1258.5238764286328
1479,MADS117,i,18,ADS,64.64320792245482,41.49624607799751,437.8494935309661,1629.1311265468746
1480,MADS117,u,18,ADS,68.13053703496024,86.31219184222516,364.04202035728804,1058.163872606286
1481,MADS117,u,18,ADS,76.91,120.00000000000455,357.4909078929977,803.5588018895845
1482,MADS117,a,18,ADS,84.36461830456955,116.18948901838166,724.1421066171306,1305.4229357929682
1484,MADS117,a,18,ADS,87.63,137.99389287066788,706.5645713132756,1315.7639252358438
1485,MADS117,i,6,ADS,6.64,105.59603000804341,365.829615281147,2457.493975403454
1486,MADS117,u,6,ADS,8.21,252.92637126928065,432.3047713391412,930.9957659689253
1487,MADS117,u,6,ADS,9.19,169.99999999999994,430.38029425887316,811.9228849893935
1488,MADS117,u,6,ADS,9.51,377.8731578613801,444.8611575926747,729.0147764158861
1489,MADS117,i,6,ADS,10.29,97.1056846691809,373.95196075264,2301.695673026485
1490,MADS117,u,6,ADS,16.48565332165727,179.31280771433933,388.44834573666816,2006.1977689202772
1491,MADS117,u,6,ADS,19.03,146.23914512253933,420.7406332760528,917.3845556488862
1492,MADS117,u,6,ADS,26.68,136.20557261726063,437.33591689945916,808.3903689804325
1493,MADS117,u,6,ADS,27.5,190.00000000000128,365.33981833189785,720.3017800399065
1494,MADS117,a,6,ADS,31.33,80.00000000000185,740.0989713836439,1443.0631742679154
1495,MADS117,a,6,ADS,33.79,109.99999999999943,696.4771093369399,1414.682645259553
1496,MADS117,i,6,ADS,38.54113755997881,128.8624400211944,320.643254834546,2345.048380402764
1497,MADS117,i,6,ADS,40.32,169.045175344408,285.63834598299707,2441.0707948878257
1498,MADS117,a,6,ADS,44.78,147.56462456642083,536.7673676720489,1359.935343812735
1499,MADS117,a,6,ADS,46.3,190.00000000000483,938.699835759784,1366.9163742545657
1500,MADS117,a,6,ADS,47.67,140.00000000000057,900.0704841348385,1582.2297444742865
1501,MADS117,i,6,ADS,49.94,109.99999999999943,385.4696742258395,2225.0672775231756
1502,MADS117,i,6,ADS,54.02,71.22711513734714,304.87924458425084,2080.3117479544653
1503,MADS117,a,6,ADS,54.3,130.4675621644904,653.6097394041227,1521.7504973813823
1504,MADS117,i,6,ADS,60.11,130.00000000000256,307.655470511057,2585.721623143391
1505,MADS117,i,6,ADS,61.89009078044514,140.54247091123528,340.77739669876934,2161.8999900587696
1506,MADS117,a,6,ADS,63.31621290575713,133.7870942428694,616.522772427046,1218.8991239732227
1507,MADS117,a,6,ADS,64.34087366983616,106.61842620852724,613.3732081798433,1252.2765353452423
1508,MADS117,u,6,ADS,69.3,150.00000000000568,393.93596978802293,939.1309789746543
1509,MADS117,u,6,ADS,78.05,114.62050785888778,356.79921295262426,759.9868976914294
1510,MADS117,a,6,ADS,85.32718290101765,219.29471754253882,731.5035794235837,1239.6770095012032
1511,MADS117,u,6,ADS,86.85,165.78568284982964,402.5870285459722,1736.033832557828
1512,MADS117,a,6,ADS,88.89904923795929,134.48460578575805,688.3596455885297,1340.311293923788
1513,MADS118,i,18,ADS,7.137703804347727,142.296195652273,326.39528401969034,2580.6650600250405
1514,MADS118,u,18,ADS,8.79,191.3819475570602,319.0045917381623,545.0512031679359
1515,MADS118,u,18,ADS,9.703202179515827,137.7675369789344,344.5968181500195,645.5494069131885
1516,MADS118,u,18,ADS,10.0822753249663,235.69867772300057,310.08942211720284,850.2620800820868
1517,MADS118,i,18,ADS,10.73,119.99999999999922,347.11093422771205,2615.133468860381
1518,MADS118,u,18,ADS,17.67,143.40122142537837,372.3607420133864,784.5967098922374
1519,MADS118,u,18,ADS,20.07845879090101,119.50918870461891,410.7329957042894,962.730082427939
1520,MADS118,u,18,ADS,27.89638124719871,116.18948901837811,430.1310616640077,793.8527143889271
1521,MADS118,u,18,ADS,28.93,164.3738794264209,470.36822141934186,1766.3391811167078
1522,MADS118,a,18,ADS,32.24,119.7674809504079,628.6445959486955,1352.5683296532084
1523,MADS118,a,18,ADS,34.563057765576,101.25084043030341,742.2158638566256,1398.4158911019076
1524,MADS118,i,18,ADS,39.53248935454933,82.99249215598081,414.8162684006425,2191.4527011942573
1525,MADS118,i,18,ADS,41.45867562191814,107.8902398027779,346.50709008253074,2551.5903442021995
1526,MADS118,a,18,ADS,45.11375434222279,119.50918870461891,667.7351446524475,1321.0020115396135
1527,MADS118,a,18,ADS,46.47,162.60673464763897,459.8955686396602,1332.9452733461592
1528,MADS118,a,18,ADS,47.75,138.21366539610125,624.8956674130321,1397.287571297667
1529,MADS118,i,18,ADS,50.21650647131264,79.67279246973646,366.52806459279554,2342.7611727168187
1530,MADS118,i,18,ADS,54.46395100291262,63.07429403855025,410.1640134913671,2238.445026173172
1531,MADS118,i,18,ADS,54.80588007059528,69.71369341103184,419.9549921816741,2517.2984183682997
1532,MADS118,a,18,ADS,55.12,107.7003025540435,675.3915173130373,1478.5608596907725
1533,MADS118,i,18,ADS,60.14580008964478,194.19991035522344,337.1124066987604,2636.707551033809
1534,MADS118,i,18,ADS,62.03999691842105,89.63189152846951,368.05980675118235,2437.8648579422106
1535,MADS118,a,18,ADS,63.63570624159444,139.42738682205658,664.4814307347297,1289.6563854624765
1536,MADS118,a,18,ADS,64.60482028798616,109.55008964589297,666.7728851782334,1368.3431142674901
1537,MADS118,i,18,ADS,66.79678703496053,44.81594576422765,532.4836298990393,1340.2550309584542
1538,MADS118,u,18,ADS,69.88381191169731,79.67279246975068,368.9648687773756,1037.3842311678745
1539,MADS118,u,18,ADS,77.58612561631368,111.20993948901514,421.9255398077328,935.856216875527
1540,MADS118,a,18,ADS,85.18,169.9999999999875,618.2438762176383,1333.2768594366717
1541,MADS118,u,18,ADS,87.49,150.31628193398205,433.56519331320436,1218.819324371167
1542,MADS118,a,18,ADS,89.53395674585143,131.1281376064528,574.9626790778136,1267.8421077628261
1543,MADS118,i,6,ADS,5.79,110.00000000000031,353.8712704789167,2422.330462599262
1544,MADS118,u,6,ADS,7.53,200.00000000000017,339.78676444267353,677.1426312075744
1545,MADS118,u,6,ADS,8.49,164.76620279215481,424.65316476936476,861.8913801788472
1546,MADS118,u,6,ADS,8.88,279.63940475147274,395.2450679794244,830.2965183747087
1547,MADS118,i,6,ADS,9.75,130.0000000000008,378.6634644799741,2329.7966580789566
1548,MADS118,u,6,ADS,17.11963989847984,268.5495755102707,444.34341833923355,1529.1582670643315
1549,MADS118,u,6,ADS,19.68,122.46184859737141,342.1442735678331,972.8480059016672
1550,MADS118,u,6,ADS,28.0,154.40193646760036,372.95959280815555,753.664764724623
1551,MADS118,u,6,ADS,29.21,140.00000000000057,368.7803353622189,986.0468367880269
1552,MADS118,a,6,ADS,33.05858925383161,127.13700902183689,848.2259484080278,1336.7519191425783
1553,MADS118,a,6,ADS,35.65,149.99999999999858,722.8006032009913,1288.0657835195818
1554,MADS118,i,6,ADS,41.61416258264936,135.83741735064336,357.8418789715603,2501.6378335195714
1555,MADS118,i,6,ADS,43.69084857889126,118.16181322452479,336.05190583994096,2397.5251378073044
1557,MADS118,a,6,ADS,50.63,113.80903108192086,681.8774845197994,1318.8494764360107
1558,MADS118,i,6,ADS,53.23789779611695,101.28155419243967,397.1601443621555,2415.3457955930444
1559,MADS118,i,6,ADS,58.26932883047487,95.14327818077817,409.012581073291,2368.888484803249
1560,MADS118,a,6,ADS,58.61,132.67273803351287,680.0641089947239,1377.557714091246
1561,MADS118,i,6,ADS,64.14514934718119,184.85065281880964,304.44497079068867,2172.118971334526
1562,MADS118,i,6,ADS,66.25,128.28922545843113,360.33674261450165,2453.017493278129
1563,MADS118,a,6,ADS,67.97508195567579,118.16181322451769,652.8900535295091,1254.319596335874
1564,MADS118,a,6,ADS,69.23671414485915,133.5075032536679,807.2283307524558,1343.0342747755756
1565,MADS118,i,6,ADS,71.5,59.875803882079026,542.7517479406895,1811.0517490608115
1566,MADS118,u,6,ADS,75.37,99.99999999999432,420.2241687646467,813.0715984700637
1567,MADS118,u,6,ADS,84.57,130.00000000000966,360.7521617479276,520.8478989794427
1568,MADS118,a,6,ADS,93.1723493374861,177.65066251389783,824.2297306259527,1283.9548083284485
1569,MADS118,u,6,ADS,95.19,130.98121263099927,373.1465074917086,865.100892190639
1570,MADS118,a,6,ADS,97.7609677823859,158.06060730034233,672.4088091902934,1221.3907377260846
1571,MADS118,i,9,ADS,9.16296265531003,127.03734468996863,329.5417450205586,2364.611096752373
1572,MADS118,u,9,ADS,10.98,240.00000000000023,315.8730354122609,642.486662286699
1573,MADS118,u,9,ADS,12.13,171.05097124964885,306.8432747827181,682.8627423227138
1574,MADS118,u,9,ADS,12.62,256.20389856153025,347.572998455174,738.2070213335772
1575,MADS118,i,9,ADS,13.35,150.00000000000034,346.8245950369666,2543.1851421558313
1577,MADS118,u,9,ADS,23.58546729326715,109.26546860649111,285.7976877589814,746.1145216207308
1578,MADS118,u,9,ADS,32.39630053540168,124.16530523464786,336.09645552683236,749.6398930301544
1579,MADS118,u,9,ADS,33.54,210.00000000000085,410.8027281797933,1129.176312177161
1580,MADS118,a,9,ADS,37.99,159.9999999999966,695.3792104554554,1282.80237952552
1581,MADS118,a,9,ADS,40.92,159.9999999999966,881.1388530429817,1298.3264679694707
1582,MADS118,i,9,ADS,47.15719289651125,144.03175407219493,360.8993146142991,2714.569261519954
1583,MADS118,i,9,ADS,49.35205492101407,97.94507898592997,337.39084268260495,2457.511058416422
1585,MADS118,a,9,ADS,55.28,164.03687279954227,474.5131649318438,1233.6833158832762
1586,MADS118,a,9,ADS,56.59,129.99999999999545,800.6947925303605,1280.9199228984608
1587,MADS118,i,9,ADS,59.33952461819111,110.4753818088895,351.51965982580094,2622.327590482329
1588,MADS118,i,9,ADS,64.47,70.00000000000739,363.9534981016208,2330.22625267119
1589,MADS118,i,9,ADS,64.90667785767265,59.599346512626994,395.97078117274026,2516.8420413964704
1590,MADS118,a,9,ADS,65.25325259106897,100.98778159084532,743.8066035724227,1291.3489352902045
1591,MADS118,i,9,ADS,70.96,190.00000000001194,326.83705283047243,2698.3375961539255
1592,MADS118,i,9,ADS,73.11026822443377,99.73177556622659,361.4456750964659,2290.8320214980176
1593,MADS118,a,9,ADS,74.84,119.99999999999034,620.2484399206095,1275.6970664257583
1594,MADS118,a,9,ADS,75.76,128.6515400358752,686.0857665409999,1372.757116668639
1595,MADS118,i,9,ADS,78.14,60.000000000002274,440.68310792928844,1831.911558989707
1596,MADS118,u,9,ADS,90.76,149.99999999999147,310.4124540546268,704.6753495586767
1597,MADS118,a,9,ADS,99.66,170.0000000000017,580.1833278690758,1076.882957293269
1599,MADS118,a,9,ADS,103.92,140.00000000000057,728.7089171715369,1279.3220613432363
1600,MADS119,i,12,ADS,5.38,139.9999999999997,395.02528325452806,2496.301017267672
1602,MADS119,u,12,ADS,7.710755195975718,115.37071387902564,414.7095664313715,762.4094861502602
1603,MADS119,u,12,ADS,8.03316102654176,126.83897345823958,442.73824997793355,729.5324124527534
1604,MADS119,i,12,ADS,8.504092193815326,115.90780618467278,390.4692270259944,2355.557067307064
1606,MADS119,u,12,ADS,17.2221016857173,87.89831428270034,391.0822122515857,760.3440970562638
1607,MADS119,u,12,ADS,23.41,109.99999999999943,415.42727753536536,755.5366491011428
1608,MADS119,u,12,ADS,24.29133213631081,128.66786368919136,376.1274326078893,749.2883774383599
1609,MADS119,a,12,ADS,27.32679524801578,123.20475198421832,716.0915402393539,1253.3667979848983
1610,MADS119,a,12,ADS,29.38,103.73087561987049,767.7636239141077,1202.4582164698406
1611,MADS119,i,12,ADS,34.92329612050676,106.70387949323867,383.16725056278636,2461.0642480922443
1612,MADS119,i,12,ADS,36.55645740070004,96.40566502219627,432.94326386069184,2476.624456578963
1613,MADS119,a,12,ADS,40.16,150.00000000000568,641.8297037766255,1176.3420335067608
1615,MADS119,a,12,ADS,42.3373097167572,112.69028324280583,695.767365980368,1111.90297464359
1616,MADS119,i,12,ADS,44.40812952047204,91.87047952796235,403.0960446932573,2331.1916894372944
1617,MADS119,i,12,ADS,47.8,50.00000000000426,403.08877815181654,2276.677026249597
1618,MADS119,i,12,ADS,48.16589450505605,64.10549494394502,421.6392417034431,2265.7793845589404
1619,MADS119,a,12,ADS,48.45,109.99999999999943,638.9529097072511,1265.8908931974534
1620,MADS119,i,12,ADS,53.56842077718628,121.5792228137147,396.74823549026985,2435.330037026145
1622,MADS119,a,12,ADS,56.21700065816399,82.99934183600755,640.0293901435888,1194.328009208654
1623,MADS119,a,12,ADS,57.02274498006108,112.20987240288594,675.7506904375853,1170.7539154131025
1624,MADS119,i,12,ADS,58.73,65.62298540369227,507.34978263032724,1855.8027252117568
1625,MADS119,u,12,ADS,61.66040065739716,99.59934260283632,361.6791516157214,818.7951013685821
1626,MADS119,u,12,ADS,68.22,109.99999999999943,421.73425366520183,790.6792286281207
1627,MADS119,a,12,ADS,74.65,119.99999999999034,680.2967389045538,1193.0975762183307
1628,MADS119,u,12,ADS,76.39,128.82528960237494,413.8316755433662,922.1133284368535
1629,MADS119,a,12,ADS,78.38,120.00000000000455,609.7239908928021,1154.7223414836922
1630,MADS119,i,15,ADS,5.021437921697178,98.56207830282227,385.7834966823011,2055.9252416798754
1631,MADS119,u,15,ADS,6.59,160.00000000000014,348.67931648674664,767.9252783306592
1632,MADS119,u,15,ADS,7.46,110.00000000000031,413.8829149299305,769.1005600093505
1633,MADS119,u,15,ADS,7.73,99.99999999999964,394.1077362705305,683.9215047156958
1634,MADS119,i,15,ADS,8.18,70.00000000000028,427.7292624196223,2335.978673118569
1635,MADS119,u,15,ADS,13.98993983170468,118.66078875942065,384.59808106207345,760.3973899881178
1636,MADS119,u,15,ADS,16.08419126049381,110.66118502283118,417.5196602403185,847.2856593082169
1637,MADS119,u,15,ADS,22.17,119.99999999999744,343.0714822516779,745.5626531389385
1640,MADS119,a,15,ADS,28.05,120.000000000001,665.60125639199,1230.9537798283775
1641,MADS119,i,15,ADS,32.87306510418722,96.93489581277959,396.2059211394963,2459.142860750753
1642,MADS119,i,15,ADS,34.61762941680722,130.6601943643031,435.038282433871,2355.4461720020477
1643,MADS119,a,15,ADS,38.31,140.00000000000057,693.4105432089085,1303.4709176421575
1644,MADS119,a,15,ADS,39.28,129.99999999999545,472.18761004566375,1065.907283334506
1645,MADS119,a,15,ADS,40.36,119.99999999999744,711.6638491839551,1179.7481829865205
1646,MADS119,i,15,ADS,42.18960808321451,80.39191678549429,409.28833627977065,2363.3630589167387
1647,MADS119,i,15,ADS,45.67918864569102,70.81135430897945,412.4864871669163,2257.753037296952
1648,MADS119,i,15,ADS,46.03,60.000000000002274,428.85954516076595,2147.412850439104
1649,MADS119,a,15,ADS,46.32,109.99999999999943,627.5701891974992,1237.4995980301192
1650,MADS119,i,15,ADS,51.35,119.99999999999744,405.75654222183607,2485.98995240181
1651,MADS119,i,15,ADS,52.86,130.00000000000256,393.4064333347235,2442.2174530326806
1652,MADS119,a,15,ADS,54.15922702847195,90.77297152804675,615.4946919657848,1081.735730231836
1653,MADS119,a,15,ADS,54.70717734000812,122.82265999187558,684.9820659512847,1260.627759861728
1654,MADS119,i,15,ADS,56.73,45.586446583314455,471.00243178126755,1879.075597688612
1655,MADS119,u,15,ADS,59.56472590349968,135.27409650032496,366.7252219755834,739.597222811048
1656,MADS119,u,15,ADS,66.08734106527402,106.66138315453111,390.31610882020794,789.6087456466535
1657,MADS119,a,15,ADS,72.57,168.87760267896113,682.1052085118938,1239.1188465616726
1658,MADS119,u,15,ADS,73.92,124.41397005186161,334.6483768250406,680.9747476111661
1659,MADS119,a,15,ADS,75.86,125.23496828582381,626.585450557315,1205.2981602312557
1660,MADS119,i,18,ADS,4.569363304011575,149.38648588077098,415.90849943660794,2340.075338427011
1661,MADS119,u,18,ADS,6.06,200.00000000000017,364.8221251726511,779.8769636421848
1662,MADS119,u,18,ADS,6.94,119.99999999999922,380.0335491198243,1008.571541390912
1663,MADS119,u,18,ADS,7.196490573173382,129.46828776333507,396.0777184946168,733.2923746286644
1664,MADS119,i,18,ADS,7.685113808269751,104.88619173024904,409.3668777435513,2397.530765031078
1665,MADS119,u,18,ADS,12.75,158.76841943071085,343.9826465507939,625.7444740930644
1666,MADS119,u,18,ADS,15.05853449966382,99.59099058718124,443.12496753847,913.5792776788087
1667,MADS119,u,18,ADS,21.14,166.42011710001015,388.87632825623626,729.9038466293355
1668,MADS119,u,18,ADS,22.62987638671007,197.5221313312403,366.45082628548096,799.9367408508278
1669,MADS119,a,18,ADS,25.34,109.56010477373113,706.7557589183912,1175.581131185199
1670,MADS119,a,18,ADS,27.18,130.2318887271312,630.1930950139422,1036.6908945885027
1671,MADS119,i,18,ADS,32.20684453440177,119.50918870462601,441.8883102909339,2438.6101537070895
1672,MADS119,i,18,ADS,33.91970872086517,90.29127913483137,367.296934824094,2471.9906757962917
1673,MADS119,a,18,ADS,37.42726530983857,122.82888839086326,673.1148505122176,959.9460277899655
1674,MADS119,a,18,ADS,39.37670334211101,117.84933886150384,656.9331249550366,1074.979806808662
1675,MADS119,i,18,ADS,43.90141479437437,92.95159121469965,434.5087204967437,2316.0911461172445
1676,MADS119,i,18,ADS,48.5948074714248,105.192528575202,448.00392495832534,2235.790278261542
1677,MADS119,a,18,ADS,48.82447858303393,79.67279246974357,458.2692916482363,1505.8375449066789
1678,MADS119,i,18,ADS,49.63639294318632,79.67279246975068,337.08410788960555,2104.650905029798
1679,MADS119,a,18,ADS,50.06662602252288,153.37397747711634,759.4427818009452,1574.7165765531852
1680,MADS119,i,18,ADS,54.9565377773411,129.46828776333064,460.1130108579388,2439.1003761156558
1681,MADS119,i,18,ADS,56.8,103.48407384483949,440.04893030437887,2350.2383421410777
1682,MADS119,a,18,ADS,58.13067339477713,99.59099058717413,609.4870118960957,1011.1948096842907
1683,MADS119,a,18,ADS,58.67,100.00000000000142,570.3723179084146,1029.5603959225652
1684,MADS119,u,18,ADS,63.19441148868102,101.25084043030341,345.8812050551419,722.4720124471147
1685,MADS119,u,18,ADS,71.1359154387031,136.10768713580512,397.4102060517863,665.0093314943689
1686,MADS119,a,18,ADS,77.28972650997136,124.48873823397832,669.487197465159,1134.5191254354495
1687,MADS119,u,18,ADS,78.64,100.46300705786848,381.1365864184862,692.6728291577351
1688,MADS119,a,18,ADS,80.32248452207351,114.52963917525949,700.6797183034203,1045.617570837245
1689,MADS119,i,6,ADS,4.94,109.99999999999943,398.98685893261256,2205.3061209816356
1690,MADS119,u,6,ADS,6.37,189.9999999999995,353.2679043174577,942.6616962750966
1691,MADS119,u,6,ADS,6.97,129.9999999999999,421.3347224836185,744.5452700019
1692,MADS119,u,6,ADS,7.28,168.6474177159214,485.5296001753681,890.2522412428228
1693,MADS119,i,6,ADS,7.83,97.11234828984416,415.095632597468,2197.3133818845686
1694,MADS119,u,6,ADS,14.00103205120267,194.83883730194052,478.7517546617763,1582.8598111972437
1695,MADS119,u,6,ADS,16.16,149.99999999999858,457.9959542639436,1586.8474850992134
1696,MADS119,u,6,ADS,22.94,160.00000000000014,387.4517014784628,887.6865500449077
1697,MADS119,u,6,ADS,23.94,276.5574022891677,401.6595153140303,951.4788197308
1698,MADS119,a,6,ADS,27.12,129.999999999999,691.9500481260823,1281.8939201167639
1699,MADS119,a,6,ADS,29.13,120.000000000001,685.1592906632867,1295.5114372854866
1700,MADS119,i,6,ADS,34.94,130.00000000000256,328.2445756127223,2117.8030892933334
1701,MADS119,i,6,ADS,36.67496716818227,115.03283181772872,393.88915749092547,2273.492312096712
1702,MADS119,a,6,ADS,40.39,130.00000000000256,692.2949997441629,1388.3544503610215
1703,MADS119,a,6,ADS,41.54,130.00000000000256,777.1191435897639,1290.9534472284608
1704,MADS119,a,6,ADS,42.39,130.00000000000256,768.1540552750109,1289.1321971558777
1705,MADS119,i,6,ADS,44.90331011073106,102.83160857602525,437.8492916575391,2280.703086214942
1706,MADS119,i,6,ADS,48.28,79.9999999999983,349.329839129611,2139.866365289904
1707,MADS119,i,6,ADS,48.64695675901366,75.77065895074497,363.57325855269397,2095.6744084139627
1708,MADS119,a,6,ADS,48.92,100.00000000000142,655.8433138441166,1328.0633333807752
1709,MADS119,i,6,ADS,54.31,149.99999999999858,390.0812904914798,2319.1700739614125
1710,MADS119,i,6,ADS,55.74,119.99999999999744,375.3205215642083,2505.6095386145616
1711,MADS119,a,6,ADS,56.97,109.99999999999943,627.2939235909795,1231.1461038209864
1712,MADS119,a,6,ADS,57.57,123.35637114856723,649.8401144935384,1229.0760175251885
1713,MADS119,i,6,ADS,59.46,50.3113414913301,513.3851468559344,1877.8152173538772
1714,MADS119,u,6,ADS,62.32,130.00000000000256,362.0701324943124,818.7690212858674
1715,MADS119,u,6,ADS,69.8,99.56303785328657,329.78295176111334,795.4012214058881
1716,MADS119,a,6,ADS,76.51,140.00000000000057,613.8349915386034,1257.6962772993581
1717,MADS119,u,6,ADS,78.0,194.78872113231205,360.4509850633232,631.8990717710635
1718,MADS119,a,6,ADS,80.28,109.99999999999943,635.1473226397505,1152.5900054560334
1719,MADS119,i,9,ADS,6.14,90.46483216763068,437.5127807489318,2433.4748887277683
1720,MADS119,u,9,ADS,7.57,229.99999999999955,374.33561511451643,968.1649916645262
1721,MADS119,u,9,ADS,8.446096363691534,143.90363630846537,393.04604720462623,914.9268784228495
1722,MADS119,u,9,ADS,8.769355438443561,159.08017558774822,465.70882009075785,906.947356817494
1723,MADS119,i,9,ADS,9.34,99.99999999999964,403.9275429562002,2274.832485975353
1724,MADS119,u,9,ADS,15.41,121.1586610720694,407.1562675662431,808.0379464879306
1725,MADS119,u,9,ADS,18.62195640358277,113.19166339896825,389.7747833872848,839.4769737791906
1726,MADS119,u,9,ADS,24.66,140.00000000000057,452.34506653273536,1141.9263909987455
1727,MADS119,u,9,ADS,25.64174061627903,208.2593837209714,394.59353280713793,776.2244497603056
1728,MADS119,a,9,ADS,28.44,119.99999999999744,734.7927778105282,1221.5267432665564
1729,MADS119,a,9,ADS,30.15,110.00000000000298,678.4287663275924,1208.4357105356332
1730,MADS119,i,9,ADS,35.56424273417647,105.7572658235344,371.3649472289883,2377.5351025378677
1731,MADS119,i,9,ADS,37.17151721704411,98.48278295589097,345.19953228628657,2422.535723582717
1732,MADS119,a,9,ADS,40.23391523825675,120.32987640611736,615.2800102200919,1370.4415511290827
1733,MADS119,a,9,ADS,41.5799116691592,130.08833084079896,842.0455301937759,1370.553904352109
1734,MADS119,a,9,ADS,42.55,120.00000000000455,757.7965584686376,1255.6160040177829
1735,MADS119,i,9,ADS,44.56174985786265,78.2501421373496,410.80158510921564,2202.411109496129
1736,MADS119,i,9,ADS,47.94161101030837,78.3889896916321,391.91336698561315,2373.565610141478
1737,MADS119,i,9,ADS,48.2822057452206,67.79425477940038,433.55119602007335,2093.9784341215427
1738,MADS119,a,9,ADS,48.58027930395804,122.36936583673241,651.3746680231253,1346.3813604104644
1739,MADS119,i,9,ADS,53.41,121.55632060061095,393.8348086612652,2407.4681883916824
1740,MADS119,i,9,ADS,54.68521195879212,107.07319510714086,387.8763090206371,2323.476973879152
1741,MADS119,a,9,ADS,55.91,110.00000000000654,631.5849730740771,1182.0959387685873
1742,MADS119,a,9,ADS,56.41,90.00000000000341,617.5699845110197,1168.5155592496947
1743,MADS119,i,9,ADS,58.02,55.33899209989812,484.18734235077966,1871.9506199845282
1745,MADS119,u,9,ADS,67.78,99.99999999999432,360.2643079033546,813.4476195716074
1746,MADS119,a,9,ADS,74.10689417199966,113.10582800034297,654.291969789888,1239.1433516618015
1747,MADS119,u,9,ADS,76.23,88.82326023959308,404.94563172728186,776.3796646590785
1748,MADS119,a,9,ADS,77.85932609861189,110.67390138811106,628.8983938228212,1233.0930256637869
1749,MADS120,i,15,ADS,7.99,99.99999999999964,369.4748309003887,1863.9689110640359
1750,MADS120,u,15,ADS,9.25,267.9287156696315,328.34052674119164,921.7540428428806
1751,MADS120,u,15,ADS,10.32,80.00000000000007,322.66220363489475,1113.0413193517113
1752,MADS120,u,15,ADS,10.53,230.00000000000043,478.1889749942059,883.4312172668015
1754,MADS120,u,15,ADS,17.44,129.999999999999,480.07647727241385,1728.92699564378
1755,MADS120,u,15,ADS,22.10970997657637,120.29002342363171,371.3796637231361,899.1237495580028
1756,MADS120,u,15,ADS,30.14,155.14424416972972,380.32427642818783,854.4986682642889
1759,MADS120,a,15,ADS,37.91,165.74424117567332,881.7103630490004,1360.3566913977818
1760,MADS120,i,15,ADS,45.01251915588433,97.48084411567248,402.5810592186705,2505.7382938877254
1761,MADS120,i,15,ADS,47.13330521757411,106.69478242589037,407.37897353179113,2499.4543258919452
1762,MADS120,a,15,ADS,51.45665790415642,98.19833220430496,782.5187620449955,1326.7236003597898
1765,MADS120,i,15,ADS,57.08,100.00000000000142,363.33084322197817,2402.967483941166
1766,MADS120,i,15,ADS,61.14,49.99999999999716,422.9238411908077,2326.2789304148923
1767,MADS120,i,15,ADS,61.41,90.00000000000341,445.7850245233321,2153.3834159978665
1768,MADS120,a,15,ADS,61.72,112.97007462726327,796.0211433490131,1459.3424740385642
1769,MADS120,i,15,ADS,67.86,156.11712544040302,448.47234637778496,2562.511061129046
1770,MADS120,i,15,ADS,69.95,109.99999999999943,405.89311271913635,2649.5605615351856
1772,MADS120,a,15,ADS,73.14532237818048,97.37313613537424,665.5934392509305,1262.8432159794775
1773,MADS120,i,15,ADS,75.45,48.41929713026616,468.9421402879392,1877.8772107795137
1774,MADS120,u,15,ADS,78.94578536194044,131.20617496205966,420.52071773707365,830.9493877582803
1775,MADS120,u,15,ADS,89.28,109.87847990129751,418.8277482660586,900.3413654916719
1776,MADS120,a,15,ADS,97.38,170.0000000000017,748.1278167877141,1269.5901760246243
1777,MADS120,u,15,ADS,99.07,90.00000000000341,412.07834184354965,800.0470482344724
1778,MADS120,a,15,ADS,101.4407390507322,125.42980247950197,681.0722092090793,1271.8678164276052
1779,MADS120,i,6,ADS,6.75,80.00000000000007,380.3920713143855,2390.717365440421
1780,MADS120,u,6,ADS,8.16,199.9999999999993,328.2915661469417,691.249872369
1781,MADS120,u,6,ADS,9.08,109.99999999999943,385.81694816051595,885.5759786834508
1782,MADS120,u,6,ADS,9.37,273.3480950895686,437.90220507273375,913.5037767412974
1783,MADS120,i,6,ADS,10.18,80.00000000000007,364.67686875474925,2415.366960494123
1784,MADS120,u,6,ADS,17.52,150.00000000000213,378.4933619722734,724.1962793467441
1785,MADS120,u,6,ADS,21.69595454515505,114.71015766336023,364.88309058680636,804.8443856814754
1786,MADS120,u,6,ADS,28.72,120.000000000001,387.6844811435173,694.4752958882955
1788,MADS120,a,6,ADS,33.19,100.00000000000142,849.5274556833606,1314.6346489926896
1789,MADS120,a,6,ADS,35.43,90.00000000000341,805.929772732849,1387.2179247684842
1790,MADS120,i,6,ADS,42.39701280357615,101.3273059359534,388.12275329941644,2413.5523598311347
1791,MADS120,i,6,ADS,44.25647058253338,146.2554510207852,363.643019125207,2639.153713594451
1792,MADS120,a,6,ADS,48.13985356601549,110.14643398451085,811.3427501808652,1417.2336702246728
1793,MADS120,a,6,ADS,49.32,149.99999999999858,915.8559792702499,1327.7512637157076
1794,MADS120,a,6,ADS,50.65,140.00000000000057,776.6148833045088,1267.802522397895
1795,MADS120,i,6,ADS,53.39967561165106,93.67996209173413,381.7714996951083,2350.59350838341
1796,MADS120,i,6,ADS,56.97,50.00000000000426,431.5876106926059,2309.874945617854
1797,MADS120,i,6,ADS,57.25625980099743,75.517520461716,414.6220529411901,2313.7539488055336
1798,MADS120,a,6,ADS,57.54590294909741,124.09705090259138,819.750484360317,1475.2242362170712
1799,MADS120,i,6,ADS,64.71891189984864,141.08810015136442,356.48499914817046,2423.8807311747064
1800,MADS120,i,6,ADS,66.3,118.10512763099723,386.75045153964595,2577.6336521059025
1801,MADS120,a,6,ADS,68.12,97.19188748310614,732.6681396096587,1225.5591309414226
1802,MADS120,a,6,ADS,69.05,90.00000000000341,764.2464531123859,1277.7582471484388
1803,MADS120,i,6,ADS,70.94,60.24750643406662,491.1329205080041,1829.8456344040362
1804,MADS120,u,6,ADS,74.07,130.00000000000966,324.47958129726766,593.9265862186965
1805,MADS120,u,6,ADS,85.99,100.00000000000853,440.30774726466063,881.0834569731927
1808,MADS120,a,6,ADS,97.93,119.99999999999034,715.764539941328,1258.8802731890873
1809,MADS121,i,18,ADS,5.206539690829764,64.7341438816671,404.5202595484938,2279.645653590273
1810,MADS121,u,18,ADS,7.681367192510616,108.63280748938386,410.56816200130214,883.6915663853459
1811,MADS121,u,18,ADS,8.028377641860681,241.62235813931864,502.82227544807483,794.3809422651718
1812,MADS121,i,18,ADS,8.66,82.55293461056468,470.55630653694544,2312.712876518413
1814,MADS121,u,18,ADS,17.94997890670838,53.94511990138895,479.4351279165612,946.7806658290469
1815,MADS121,u,18,ADS,26.36,54.56394424770039,449.03463999712966,900.5335745515348
1816,MADS121,u,18,ADS,27.4,89.99999999999986,361.8712313627064,747.720156825574
1817,MADS121,a,18,ADS,30.89760335527421,60.58451927387054,750.804487172131,1375.1527904559368
1818,MADS121,a,18,ADS,33.27,114.06577520152439,833.6531168179744,1239.9587102648964
1819,MADS121,i,18,ADS,39.64483672993002,121.16903854772687,421.47119202456224,2379.1396370652383
1820,MADS121,i,18,ADS,41.63792517121186,101.25084043029631,365.55671469597524,2387.7994112651736
1821,MADS121,i,18,ADS,43.31990900693567,73.03339309726198,410.7789386079423,2262.829403584554
1822,MADS121,a,18,ADS,47.02202955265487,97.93114074405906,660.7338533224021,1267.6308089139343
1823,MADS121,a,18,ADS,49.61349201715121,116.18948901838166,894.0635717990041,1396.0316544143384
1824,MADS121,i,18,ADS,52.17145204789301,90.4618164500306,428.533395927911,2280.025112643844
1825,MADS121,u,18,ADS,53.87,118.31654251419366,401.4520795541529,817.8332622258907
1826,MADS121,i,18,ADS,56.19090990031327,49.090099686729616,407.79143414944303,2187.6612444722377
1827,MADS121,a,18,ADS,56.48252723839035,69.71369341103184,708.9786484448147,1342.0043759116147
1828,MADS121,i,18,ADS,57.32040396127243,59.59603872756958,371.97367529532397,2024.743059658779
1829,MADS121,i,18,ADS,57.61368114919264,61.41444419542097,390.2800549861723,1981.7441069296956
1830,MADS121,a,18,ADS,57.83610102817067,78.84286754818959,747.990236439679,1425.0264355048835
1831,MADS121,i,18,ADS,63.53287378157638,85.48226692067118,415.34674490291815,2566.216263811283
1832,MADS121,a,18,ADS,67.55933854715268,70.66145284731817,750.605588766976,1417.1220012011142
1833,MADS121,a,18,ADS,68.73431690607238,77.18301770506741,753.3468217681362,1394.805485404972
1834,MADS121,u,18,ADS,82.56118945779777,122.82888839085615,365.2662956188873,835.3603322000911
1835,MADS121,a,18,ADS,90.34721687616458,122.82888839085615,728.5871092477759,1297.5222828246572
1836,MADS121,u,18,ADS,92.16172027136037,59.754594352298795,398.8075190066159,1034.5799803692762
1837,MADS121,a,18,ADS,94.3708871247892,104.57054011651223,694.3063287414416,1281.7501236755745
1838,MADS121,i,6,ADS,9.42,109.99999999999943,428.658307040805,2446.7061920749793
1840,MADS121,u,6,ADS,12.14,109.33931944950892,491.50174828845127,993.359050041252
1841,MADS121,u,6,ADS,12.41,140.56387164488982,502.155641755946,935.7809215845195
1842,MADS121,i,6,ADS,12.89,87.35495099666934,462.62158085186627,1962.7520283613458
1844,MADS121,u,6,ADS,24.6468854977899,111.4530843122914,511.06151050804607,1106.799265088478
1845,MADS121,u,6,ADS,31.76,99.99999999999787,291.3848807803808,780.6001788533588
1846,MADS121,u,6,ADS,32.70849879474945,141.50120525054888,384.92348013147233,917.1532387852386
1848,MADS121,a,6,ADS,38.17,89.9999999999963,713.6958136829847,1244.935184180524
1849,MADS121,i,6,ADS,48.11828142263733,102.0762653521956,336.5349018419509,2458.1735689922934
1850,MADS121,i,6,ADS,50.36,79.9999999999983,410.48734069597657,2325.0555840266634
1851,MADS121,a,6,ADS,53.66,70.00000000000028,691.293250396886,1352.9770866723427
1853,MADS121,a,6,ADS,56.14,130.00000000000256,737.9628243391796,1393.3444319625148
1854,MADS121,i,6,ADS,58.48185853698212,68.14146301788071,415.5921898762551,2224.1553216552397
1855,MADS121,i,6,ADS,63.16127279295102,98.72720704898086,325.9153376384814,2325.153823709749
1856,MADS121,a,6,ADS,63.45,119.99999999999744,726.656176969375,1404.1339353014441
1857,MADS121,i,6,ADS,70.07003354454142,128.74483918294288,318.9666521071123,2406.6661506895343
1858,MADS121,i,6,ADS,71.71,111.23255527384401,416.57467375604443,2528.213354890981
1859,MADS121,a,6,ADS,73.38,90.00000000000341,720.0232749090139,1371.4505891860483
1860,MADS121,a,6,ADS,74.3,90.00000000000341,745.213452879758,1339.610305605233
1861,MADS121,u,6,ADS,76.18,49.99999999999716,437.04742148586854,1120.5808118814261
1862,MADS121,i,6,ADS,76.43,49.74955248927415,493.88639324561996,1812.8266370078074
1863,MADS121,u,6,ADS,79.91,109.99999999999943,413.67911514181225,1037.1620301464625
1864,MADS121,u,6,ADS,89.19,90.00000000000341,336.56028249341375,831.5451204473201
1865,MADS121,a,6,ADS,96.54,119.99999999999034,744.1600378409992,1316.692013689039
1866,MADS121,u,6,ADS,98.02343446597092,100.23705336385547,334.19366056581,635.5831960088213
1867,MADS121,u,6,ADS,99.20592070436388,48.73911769070105,331.2119906297915,1365.1016064713997
1868,MADS121,a,6,ADS,99.8792307070521,124.14680921209253,673.6682647305547,1413.4683005871714
1869,MADS122,i,12,ADS,5.89,129.9999999999999,376.8744477286634,2333.6459253355047
1871,MADS122,u,12,ADS,8.287787423593185,152.2125764068143,366.73256966295185,807.7953551769938
1872,MADS122,u,12,ADS,8.665981107796222,109.34171141924587,439.23537795474766,928.5540619649777
1873,MADS122,i,12,ADS,9.05,99.99999999999964,363.26740111558695,2549.097647913971
1874,MADS122,u,12,ADS,16.12,135.1063140020301,376.1067661081954,698.2700071281289
1875,MADS122,u,12,ADS,18.60411999806205,108.05533834373193,287.3509882410458,793.3252305139433
1876,MADS122,u,12,ADS,26.52,150.00000000000213,400.5272921833733,876.4282118650215
1878,MADS122,a,12,ADS,30.96,129.999999999999,708.0355701014419,1237.5692199853336
1879,MADS122,a,12,ADS,33.83,160.0000000000037,880.088426277485,1258.9988780029103
1880,MADS122,i,12,ADS,40.83201998302523,87.9800169747682,362.05142087145606,2208.1343714505706
1881,MADS122,i,12,ADS,42.57557658958716,94.42341041284408,367.2849630722765,2616.4213990547987
1882,MADS122,a,12,ADS,46.38,96.9439321786183,680.7503619479983,1249.4159409072086
1883,MADS122,a,12,ADS,48.01,120.00000000000455,795.9042995743245,1268.7660484449066
1884,MADS122,a,12,ADS,49.55,109.99999999999943,741.6257455008175,1317.8405336572634
1885,MADS122,i,12,ADS,51.94454594280089,65.45405719910491,439.6282324337602,2426.536387296789
1886,MADS122,i,12,ADS,56.58,39.99999999999915,363.42127854062005,2394.5015604863606
1887,MADS122,i,12,ADS,56.88839656579555,51.60343420444491,440.6072752269175,2206.1664999832255
1888,MADS122,a,12,ADS,57.17,141.6133076417978,784.939963394673,1441.53301797421
1889,MADS122,i,12,ADS,62.86,179.99999999999972,330.65621612304307,2615.555095452526
1890,MADS122,i,12,ADS,64.86308060202627,136.91939797372754,343.76827523770186,2432.4190463295954
1891,MADS122,a,12,ADS,67.18,145.02602240084173,706.0295577270895,1230.5795612635243
1892,MADS122,a,12,ADS,67.97,120.00000000000455,636.1504602816922,1166.3258710439554
1893,MADS122,i,12,ADS,70.39,50.80205777130686,453.6842427626985,1898.9000228859654
1894,MADS122,u,12,ADS,73.00873870971073,111.26129028927778,336.72795969893593,789.650068525935
1895,MADS122,u,12,ADS,82.64410706207788,127.35093447653867,391.19045295851816,711.6308965524989
1896,MADS122,a,12,ADS,90.37,159.9999999999966,686.3516192775177,1297.8296530549173
1897,MADS122,a,12,ADS,94.05519134789505,154.808652104947,729.9812770340238,1270.2188503368375
1898,MADS122,i,15,ADS,5.68,92.87925481237468,399.23681688429645,2537.44281977439
1900,MADS122,u,15,ADS,7.6,160.00000000000014,387.0135186406639,750.3321722320776
1902,MADS122,i,15,ADS,8.86,89.99999999999986,367.12280510645587,2338.851864897517
1903,MADS122,u,15,ADS,15.80032086629171,129.6791337082901,510.37318999867813,2092.416120831712
1904,MADS122,u,15,ADS,18.82358925502261,108.5285056333305,510.66428002555176,1607.089699657682
1905,MADS122,u,15,ADS,26.42,169.99999999999815,436.3456664902922,1146.9882482282562
1906,MADS122,u,15,ADS,27.69,160.00000000000014,427.11507714543376,928.8681919709851
1907,MADS122,a,15,ADS,33.23,125.22918648361525,790.3944786708356,1212.2157693024562
1908,MADS122,a,15,ADS,35.81147362413847,121.78389563435132,829.8917884159324,1245.891885656505
1909,MADS122,i,15,ADS,43.42430052308119,87.8169587567399,432.18187090742526,2347.691393182312
1910,MADS122,i,15,ADS,45.81070048217302,69.29951782698396,521.5957836927957,2449.4201762799153
1911,MADS122,a,15,ADS,49.11,134.37666240486834,835.6029419221074,1249.4302397416263
1912,MADS122,a,15,ADS,50.2,119.99999999999744,889.4178073146165,1286.808490434629
1913,MADS122,a,15,ADS,51.43897848112248,131.02151887751745,738.3854251365872,1246.8897569154988
1914,MADS122,i,15,ADS,53.68645052626132,55.506945629261395,432.3711843856775,2340.1681676754692
1915,MADS122,i,15,ADS,61.75,59.429989561131435,388.90459988691657,2530.2712142427254
1916,MADS122,i,15,ADS,62.30238323781797,77.61676218203206,385.91992139555646,2434.943847464913
1917,MADS122,a,15,ADS,62.62,111.23400643986514,751.1790010160762,1271.5662627474067
1918,MADS122,i,15,ADS,68.51,129.99999999999545,395.46662746265645,2401.5969507614477
1919,MADS122,i,15,ADS,69.93,89.9999999999892,364.9231647638754,2542.015894974087
1920,MADS122,a,15,ADS,71.87,96.79896634675345,787.1482256770357,1205.0320903215948
1921,MADS122,a,15,ADS,72.55,60.000000000002274,741.8374735237314,1196.2086477465907
1922,MADS122,i,15,ADS,75.22,79.1020670701954,403.45737237439107,2381.81884310957
1923,MADS122,u,15,ADS,78.3882525756701,91.74742432990968,364.0438926632422,850.680341818194
1924,MADS122,u,15,ADS,87.21,170.0000000000017,349.0185986760093,1000.2659489437755
1925,MADS122,a,15,ADS,94.80630650832389,133.69349167611233,777.384220228507,1192.6714872279085
1926,MADS122,u,15,ADS,95.93080963452614,77.87541625597783,528.8144493419985,1632.8169462003648
1927,MADS122,a,15,ADS,97.69,159.9999999999966,820.2047209474831,1267.6387971948966
1928,MADS122,i,18,ADS,4.347945287987445,111.2099394890187,364.3909001535819,2218.531830906963
1929,MADS122,u,18,ADS,5.854895716606896,125.10428339310486,414.2050648450452,1182.2246756512861
1930,MADS122,u,18,ADS,6.526254552330784,143.74544766921548,339.89618593583026,866.1842664090755
1931,MADS122,u,18,ADS,6.856673857014782,114.63882507844136,367.7103197507314,1080.3600639973104
1932,MADS122,i,18,ADS,7.233257227700572,78.01294262662495,402.84215380819467,2391.768679994736
1933,MADS122,u,18,ADS,14.76,120.000000000001,367.0257910520387,852.3114077506971
1934,MADS122,u,18,ADS,18.47157503641877,98.76106566562015,346.43656709839826,790.2223853962595
1935,MADS122,u,18,ADS,26.24,119.16279134939245,340.6210821249305,969.3662266049841
1936,MADS122,u,18,ADS,27.33,110.00000000000298,376.3708848638132,1218.163676249731
1937,MADS122,a,18,ADS,30.46,134.8387074184707,851.5334007956435,1233.6997491472086
1938,MADS122,a,18,ADS,33.32,130.00000000000256,781.578049173093,1231.4203069018006
1939,MADS122,i,18,ADS,39.7101946273289,79.80537267109611,386.56193627883664,2534.5309618085685
1940,MADS122,i,18,ADS,41.6185961873935,75.86167720130277,344.71872075725065,2523.601770440705
1943,MADS122,a,18,ADS,47.59564931357034,110.18005498284111,773.6220188237538,1178.98753556612
1944,MADS122,i,18,ADS,50.02082184340299,69.17815659701176,393.4502529905089,2421.464051013584
1945,MADS122,i,18,ADS,53.91,54.19059865141662,345.62848219338383,2447.0436758524725
1946,MADS122,i,18,ADS,54.26416444853891,60.50871872008656,348.2754700196448,2548.03727707716
1947,MADS122,a,18,ADS,54.61906257390392,111.08317018761937,757.2341812558146,1188.2902670340313
1948,MADS122,i,18,ADS,61.19595278835739,139.0797415357241,359.6465119927709,2640.113366021242
1949,MADS122,i,18,ADS,63.31050598797159,129.4940120284096,319.6838765903381,2600.3138271743424
1950,MADS122,a,18,ADS,64.92130871024425,89.40840527296245,770.5363074425794,1197.6652714475083
1951,MADS122,a,18,ADS,65.95622201982422,74.05544679174625,752.6716865668706,1205.939403823878
1952,MADS122,i,18,ADS,68.14,44.54158512787387,575.5042570682663,2040.9224405769137
1953,MADS122,u,18,ADS,71.29442071186473,103.8582485494004,338.24688484815204,778.766312241327
1954,MADS122,u,18,ADS,81.67,109.84640770300302,375.5765717212024,1149.5042445435174
1956,MADS122,a,18,ADS,92.33433082476697,159.85139124559566,713.5262676415834,1170.104961317539
1957,MADS122,i,6,ADS,4.808040323899534,151.95967610046603,416.858867086173,1695.9161521268456
1958,MADS122,u,6,ADS,6.43,180.0000000000006,410.5280525284672,765.2870736757596
1959,MADS122,u,6,ADS,7.84,140.00000000000057,396.29285924686826,719.7893905081613
1962,MADS122,u,6,ADS,16.64164076364367,180.76635808866826,374.12071795776416,727.0094844674636
1963,MADS122,u,6,ADS,20.59,126.9720679493318,297.26594336547316,644.2635203683978
1964,MADS122,u,6,ADS,29.67,159.9999999999966,384.4022914904184,605.8415828294659
1965,MADS122,a,6,ADS,35.17,119.99999999999744,656.3029864050786,1230.1353789981065
1966,MADS122,a,6,ADS,39.05896764112929,151.0323588707081,657.8361725910883,1131.506157149314
1967,MADS122,i,6,ADS,46.51647895664429,137.13309923967643,396.5337939223161,2725.1746821567167
1968,MADS122,i,6,ADS,49.1267420667463,121.11705760877811,374.80873324007126,2414.411735847576
1969,MADS122,a,6,ADS,54.69,150.00000000000568,640.9537639344874,1143.4780056290635
1971,MADS122,a,6,ADS,58.10268501124916,117.31498875084156,711.2605682550596,1332.8395399553265
1972,MADS122,i,6,ADS,60.63415367439512,87.25637483644988,438.03859541846685,2596.477701282225
1973,MADS122,i,6,ADS,64.74305545419409,146.94454580590843,414.215601341282,2748.388333710884
1974,MADS122,i,6,ADS,65.45,119.99999999999034,391.7476932608795,2701.9696736623955
1975,MADS122,a,6,ADS,65.95,131.68981713963035,640.2057687663745,1131.1332505239322
1976,MADS122,i,6,ADS,73.48669822639775,183.30177360225264,320.55471087612,2633.569351587371
1977,MADS122,i,6,ADS,75.96053131907672,119.46868092327634,374.1556535653726,2517.395895405705
1979,MADS122,a,6,ADS,78.91,90.00000000000341,651.6767204026461,1216.6060099685358
1980,MADS122,i,6,ADS,81.07,40.05926711579377,543.9534885287956,1828.8441429016784
1981,MADS122,u,6,ADS,84.53,135.76982578638308,366.9547941869842,1494.476459173885
1982,MADS122,u,6,ADS,96.65,159.9999999999966,382.1981382935354,943.0210850093999
1984,MADS122,u,6,ADS,111.4,79.9999999999983,422.8677774461588,694.9848700107381
1985,MADS122,a,6,ADS,114.7443369582003,146.28177343300308,637.893767394466,1167.727868461224
1986,MADS122,i,9,ADS,7.200709393950428,101.49548916695662,346.4387722136185,2150.1149400003032
1987,MADS122,u,9,ADS,9.34,140.00000000000057,371.46147634802134,812.4111959516516
1988,MADS122,u,9,ADS,9.63,199.9999999999993,493.50467260021003,910.4127269283682
1989,MADS122,i,9,ADS,10.3,89.99999999999986,402.1014102540349,2389.1358261690643
1990,MADS122,u,9,ADS,17.09480866815742,152.24348236158036,356.2897598964788,825.1408408933481
1991,MADS122,u,9,ADS,20.41,100.00000000000142,456.7019042962975,1026.8694321868331
1992,MADS122,u,9,ADS,27.89,120.000000000001,328.59524074790335,841.4783718605631
1994,MADS122,a,9,ADS,32.24,102.48342179488645,779.7711191722873,1282.234966526297
1995,MADS122,a,9,ADS,34.78,109.99999999999943,706.3083127844384,1231.4086977727598
1996,MADS122,i,9,ADS,41.46170134935937,88.29865064062403,351.80712768353493,2404.916212755831
1997,MADS122,i,9,ADS,43.48325744797043,132.46442969747108,291.25124368629696,2137.4058315414477
1998,MADS122,a,9,ADS,47.38,70.00000000000028,625.6750341305511,1232.2557806121163
1999,MADS122,a,9,ADS,48.82,140.00000000000057,859.1036381951052,1312.191370439334
2000,MADS122,a,9,ADS,50.38,140.00000000000057,891.4244848527204,1337.7318414231845
2001,MADS122,i,9,ADS,52.66179514954743,77.2709173235171,367.93125888058194,2408.122669922856
2002,MADS122,i,9,ADS,57.43605550200954,124.57964221547968,303.312686007678,2286.553659701949
2003,MADS122,i,9,ADS,57.84,59.99999999999517,420.43742481517324,2018.6053754215347
2004,MADS122,a,9,ADS,58.13,114.45233069202487,742.38947811975,1269.6520626501476
2005,MADS122,i,9,ADS,65.91068519067984,69.31480932016143,388.7359021865758,2535.2629052537036
2006,MADS122,i,9,ADS,67.6,130.00000000000966,355.8952997422521,2375.216920729944
2007,MADS122,a,9,ADS,69.71,94.0283109620168,710.4277845372544,1190.5321995432141
2008,MADS122,a,9,ADS,70.66995332498604,102.50223726590946,647.2436275690025,1040.3865974605649
2009,MADS122,u,9,ADS,72.33,79.9999999999983,532.1306493784001,1047.264360463185
2010,MADS122,i,9,ADS,72.58,49.99999999999716,472.0160215113403,1851.5627921361663
2011,MADS122,u,9,ADS,75.63236761351106,127.7335572082734,477.4150705879564,1308.162966257778
2012,MADS122,u,9,ADS,85.95,129.99999999999545,369.7825132628721,713.997501376475
2015,MADS123,i,15,ADS,7.129581887680411,150.41811231958934,355.28453363218586,2359.5959593218245
2016,MADS123,u,15,ADS,8.79,221.34592079051885,422.64077663328766,1926.6919225430436
2017,MADS123,u,15,ADS,9.74,129.999999999999,380.62079707472975,763.8597664006146
2018,MADS123,u,15,ADS,10.05,199.9999999999993,404.9850826304376,693.9196985002286
2019,MADS123,i,15,ADS,10.66136385516051,128.63614483948993,407.39964075224833,2767.0272069256307
2020,MADS123,u,15,ADS,16.82698025929068,84.31662038259091,452.6541122486189,1015.4066986613013
2021,MADS123,u,15,ADS,19.67374526998665,134.0772488051094,362.3987132035857,1156.4976934544216
2022,MADS123,u,15,ADS,27.72202226597566,136.84172816191165,362.89275940960476,927.0995543176737
2023,MADS123,u,15,ADS,28.67,129.999999999999,379.9299728869937,1047.8389347746495
2024,MADS123,a,15,ADS,31.85210788395001,111.9614139506524,879.9003057046689,1310.4268139895098
2025,MADS123,a,15,ADS,34.08,109.99999999999943,909.0059538875153,1232.341843074404
2026,MADS123,i,15,ADS,40.48376344464609,106.23655535391663,318.47429581061937,2628.058730805124
2027,MADS123,i,15,ADS,42.30476178867521,76.65748091024227,319.9341051189448,2084.3189433582365
2028,MADS123,a,15,ADS,45.8,115.83976355113634,941.9945915564701,1279.0841261278115
2029,MADS123,a,15,ADS,47.33,120.00000000000455,1017.7762410640261,1316.1467418941784
2030,MADS123,a,15,ADS,48.72,101.48131814712968,1014.4737374833378,1253.7980506348836
2031,MADS123,i,15,ADS,51.3260801107584,63.9198892416033,339.75522828939734,2618.1463342286565
2032,MADS123,i,15,ADS,55.7,59.99999999999517,394.536576303576,2490.846891858902
2033,MADS123,i,15,ADS,55.97106899478666,58.931005213338494,319.91718569153096,2441.519875141962
2034,MADS123,a,15,ADS,56.23,91.83504380015961,772.8422681964736,1297.8377597110016
2035,MADS123,i,15,ADS,62.26,140.00000000000057,312.7811265208641,2848.6680064175994
2036,MADS123,i,15,ADS,63.99,100.00000000000142,330.48882036815536,2560.631855151106
2037,MADS123,a,15,ADS,65.84,69.99999999999318,760.8840054730632,1259.6297875071114
2038,MADS123,a,15,ADS,66.97,79.9999999999983,729.841757642404,1177.9106914927056
2039,MADS123,i,15,ADS,69.16,41.19249513645684,363.4691436200588,2255.237310570739
2040,MADS123,u,15,ADS,72.11418623452712,97.56406661301753,396.02910846132875,949.321017100024
2041,MADS123,u,15,ADS,81.59217495677252,117.82504322746945,417.8468787499885,1808.4921446343028
2042,MADS123,a,15,ADS,89.87,164.3246470949009,924.9720877795211,1260.482773153079
2043,MADS123,u,15,ADS,91.12,93.5935564256738,445.9684909410186,1236.8634655520875
2044,MADS123,a,15,ADS,93.16,100.00000000000853,705.7162874108708,1134.6007429431452
2045,MADS123,i,6,ADS,5.73747733921719,85.09351871968462,398.81192773364546,2326.9650690500675
2046,MADS123,u,6,ADS,7.36,149.99999999999946,437.2018316556778,883.7953356291017
2047,MADS123,u,6,ADS,8.44,148.63857058855245,456.6644181052545,1199.0447760755076
2048,MADS123,u,6,ADS,8.79,221.71035794364082,490.99146477814395,1444.4415309276558
2049,MADS123,i,6,ADS,9.405503129839513,108.04637574275588,414.55768395316466,2542.193014888712
2050,MADS123,u,6,ADS,15.9587421510882,165.14860540990918,425.6404777726113,782.9993954544436
2051,MADS123,u,6,ADS,19.28,133.11502599022873,322.6643008553766,1883.4883989688828
2052,MADS123,u,6,ADS,27.16461293802142,205.38706197858048,373.1745965531603,750.6486022400974
2053,MADS123,u,6,ADS,28.21,169.99999999999815,403.10034331128105,889.6570319920169
2054,MADS123,a,6,ADS,32.2,140.00000000000057,640.8290886475684,1170.2529083369348
2055,MADS123,a,6,ADS,34.61,142.3798022345082,770.4388259154568,1143.2698391846047
2056,MADS123,i,6,ADS,41.46641512534712,133.5848746528825,319.51935134423564,2627.919053995952
2057,MADS123,i,6,ADS,43.21149397303071,83.41404137653541,343.73116608919554,2009.9146670463217
2058,MADS123,a,6,ADS,46.96,126.65530264150959,801.9933232315562,1237.2856656836282
2059,MADS123,a,6,ADS,49.87,80.0000000000054,948.8561695197898,1333.7779196044712
2060,MADS123,i,6,ADS,52.57938150455921,89.0122991870328,378.49623740064203,2625.4226927662603
2061,MADS123,u,6,ADS,54.8,86.13015699843629,392.4854920575569,882.5848651674967
2062,MADS123,i,6,ADS,56.72,74.96672443352992,384.95002674929106,2625.5110555714923
2063,MADS123,i,6,ADS,57.02349615994217,57.66205544819769,382.6111889994461,2397.09813758112
2064,MADS123,a,6,ADS,57.34222824765549,104.687421056461,822.1538329410848,1146.3231620220745
2065,MADS123,i,6,ADS,64.14,135.94826737738686,330.2578638654654,2491.1086500044084
2066,MADS123,i,6,ADS,65.97439350038927,132.11888432792307,334.7518077741171,2511.518504774393
2067,MADS123,a,6,ADS,67.97,70.00000000000739,755.6745149880222,1254.2308306047566
2068,MADS123,a,6,ADS,69.15,68.85837933087657,674.7372419202432,1188.0546195739644
2069,MADS123,i,6,ADS,71.46700497132991,67.7389195071072,388.3833132332297,2614.5684823810852
2070,MADS123,u,6,ADS,74.7286505887767,128.75992964163174,460.22962576036014,1869.5270024740882
2071,MADS123,u,6,ADS,83.75,109.99999999999943,478.92723504201444,1191.3434534845114
2072,MADS123,a,6,ADS,92.0533506910714,155.07174135098012,857.9002299263931,1282.4860301649871
2073,MADS123,a,6,ADS,95.44,116.49911038011851,781.3715876533378,1206.4696953676562
2074,MADS124,i,6,ADS,5.7,99.99999999999964,328.6738488320559,2236.1577035570685
2075,MADS124,u,6,ADS,7.134718865893134,195.28113410686564,389.845326427465,963.7783593024657
2076,MADS124,u,6,ADS,7.839646153777881,140.35384622211922,355.5040695864619,844.9526859585688
2077,MADS124,u,6,ADS,8.15,236.71219041613156,413.20951357241944,927.6985575714849
2078,MADS124,i,6,ADS,8.76,97.49297133729229,390.4598167371836,2204.230598284531
2079,MADS124,u,6,ADS,17.73341804324569,86.58195675431202,410.30977410207623,926.6457956177255
2080,MADS124,u,6,ADS,24.86,140.35484962780131,411.0866206772188,852.1089096677968
2081,MADS124,u,6,ADS,25.82438434027913,145.61565972086754,436.99416545948594,825.9326062688253
2082,MADS124,a,6,ADS,29.23,79.9999999999983,796.9312925964468,1353.0315697781255
2083,MADS124,a,6,ADS,31.72,109.99999999999943,765.7177650072931,1286.601835860094
2084,MADS124,i,6,ADS,38.78963156766394,90.36843233606362,401.86713119533044,2140.5102056862884
2085,MADS124,i,6,ADS,40.62782822429421,92.17177570578627,399.202903738348,2364.3001480908893
2086,MADS124,a,6,ADS,45.5,119.99999999999744,751.0212323544379,1267.112297138901
2087,MADS124,a,6,ADS,46.88,89.9999999999963,638.2224993278729,1287.0677904657239
2088,MADS124,i,6,ADS,49.11548941024665,66.94369439043868,385.07731333339075,2092.763545999487
2089,MADS124,i,6,ADS,53.81271927836097,68.13911750455048,416.8173481190545,2065.609949487955
2090,MADS124,a,6,ADS,54.07546137831602,94.53862168398075,733.1481277453679,1333.8741456521964
2091,MADS124,i,6,ADS,59.91964611933275,110.3538806672546,348.35824521401145,2360.2249864083947
2092,MADS124,i,6,ADS,61.47285808655789,88.4613104445151,347.91767147888345,2146.055430292203
2093,MADS124,a,6,ADS,62.71683135519802,93.16864480198461,743.5641501453252,1233.1409367213669
2094,MADS124,a,6,ADS,63.57,79.9999999999983,670.5557037381013,1276.7173914538
2095,MADS124,i,6,ADS,65.58,40.00000000000625,430.91440721726997,1640.7697337027564
2096,MADS124,u,6,ADS,68.55330652811934,76.69347188065956,435.5475649714709,1004.7882424430991
2097,MADS124,u,6,ADS,75.92613402135682,83.86597864318901,413.61527174419274,946.9787990666989
2098,MADS124,a,6,ADS,82.85,120.00000000000455,736.7981442292885,1242.569446411407
2099,MADS124,u,6,ADS,83.94,100.00000000000853,411.1434157032245,927.3504333220662
2100,MADS124,a,6,ADS,86.10640004965838,99.22011847154977,680.781493856065,1272.7399966388691
2101,MADS125,i,6,ADS,5.42,99.99999999999964,405.0679659009916,2573.9748812873067
2102,MADS125,u,6,ADS,7.03,163.9141455498301,388.8223782228917,733.9370388330739
2103,MADS125,u,6,ADS,8.5,150.00000000000034,466.48324306546743,1385.6157146004707
2104,MADS125,u,6,ADS,8.86,253.22190178012426,726.3836794752729,1002.4499203827386
2105,MADS125,i,6,ADS,9.94,80.00000000000007,339.7617955886278,2406.517037783652
2106,MADS125,u,6,ADS,17.33,237.83874016390172,472.21828055149757,1875.0705769305548
2107,MADS125,u,6,ADS,20.09588924193047,114.11075806952908,455.1009374583893,1038.0150283167695
2108,MADS125,u,6,ADS,28.37,106.81610652853735,406.82148999445667,821.4911806007705
2109,MADS125,u,6,ADS,29.48542122695116,154.57877304883993,394.6115042572286,802.7981462952698
2111,MADS125,a,6,ADS,35.34,119.99999999999744,747.8206532739181,1217.688322238005
2112,MADS125,i,6,ADS,40.91368470114133,96.31529885866996,407.614935909279,2536.185374313826
2113,MADS125,i,6,ADS,42.77168716738878,118.31283261122394,419.3698450680654,2136.011833840309
2117,MADS125,i,6,ADS,52.10438543944832,95.61456055168094,376.85143862998575,2464.5037105935376
2118,MADS125,i,6,ADS,56.33717173726924,82.82826273076438,429.13458571352436,2488.9927886886744
2119,MADS125,i,6,ADS,56.67970825990949,90.29174009051388,414.26519743211566,2219.321050057573
2120,MADS125,a,6,ADS,57.03732934194809,128.80119924892597,714.3473912476677,1172.6018686705424
2121,MADS125,i,6,ADS,62.29404622137838,145.9537786216174,334.1059264256438,2216.388557261932
2122,MADS125,i,6,ADS,63.91,130.00000000000966,414.63377620524744,2666.240488355564
2123,MADS125,a,6,ADS,65.61627407994115,83.72592005885338,708.1974701330503,1143.6660115916327
2124,MADS125,a,6,ADS,66.5,95.8981063236024,667.6835562193243,1193.4086336791795
2125,MADS125,i,6,ADS,68.66,40.00000000000625,513.0298262914067,1714.1291801294433
2127,MADS125,u,6,ADS,80.13249484216738,77.46738795405861,433.96751962745464,992.1079559355034
2128,MADS125,a,6,ADS,87.94,120.00000000000455,669.2097118343431,1213.905582356228
2129,MADS125,a,6,ADS,91.41594266092356,103.60096461327828,660.6721364171879,1193.0768843701107
2130,MADS126,i,6,ADS,7.62,96.10725183604885,358.6825330092426,2191.200347406162
2131,MADS126,u,6,ADS,9.056823609241638,153.17639075836274,382.98960133118675,907.3538106180168
2132,MADS126,u,6,ADS,10.01,150.00000000000034,324.6060092050682,943.7404059948767
2133,MADS126,u,6,ADS,10.51,189.9999999999995,475.2446989545769,771.6858135852648
2134,MADS126,i,6,ADS,11.5,86.44224625036045,407.49913625373154,2644.5927978805785
2135,MADS126,u,6,ADS,18.60945453553708,144.64407552578962,333.8377714803453,932.6959335268413
2136,MADS126,u,6,ADS,22.2291438597088,105.73397333756063,381.2195849695418,646.4848923823256
2137,MADS126,u,6,ADS,30.18,129.41305890159072,382.43672324013943,1356.0822596003134
2138,MADS126,u,6,ADS,31.0,129.999999999999,399.9520162284727,911.7673984232117
2139,MADS126,a,6,ADS,35.45840514126413,161.59485873586732,787.4985383186257,1484.6759653039871
2140,MADS126,a,6,ADS,37.65,120.00000000000455,754.772651037277,1385.6531893672534
2141,MADS126,i,6,ADS,44.16929964492348,111.65507584448164,461.7262302944603,2576.9401661343336
2142,MADS126,i,6,ADS,45.95512457230058,82.04956330994406,341.9617899542467,2491.2082014173184
2143,MADS126,a,6,ADS,49.82,109.99999999999943,687.9647603981006,1360.6396974308536
2144,MADS126,a,6,ADS,50.97,120.00000000000455,591.2065444748356,1129.1228896080192
2145,MADS126,a,6,ADS,52.26,130.00000000000256,683.7379361979774,1240.093491247306
2146,MADS126,i,6,ADS,54.67835032425484,145.489947312484,407.9917576584878,2396.4392126612106
2147,MADS126,i,6,ADS,59.33018962202507,61.748640429129864,475.2909489086157,2387.3739875121287
2148,MADS126,i,6,ADS,59.68180625982747,82.04956330995117,373.2188835247184,2565.948382914314
2149,MADS126,a,6,ADS,60.03502862590526,104.97137409473822,778.1253221101451,1397.432393304205
2150,MADS126,i,6,ADS,65.84,149.99999999999147,370.97662357342955,2439.1953801579093
2151,MADS126,i,6,ADS,67.63,94.32345356115945,372.5211421877367,2617.543459484441
2152,MADS126,a,6,ADS,68.94,90.00000000000341,678.0215775456024,1064.0475134072472
2153,MADS126,a,6,ADS,70.0,99.99999999999432,644.7444496420703,1113.6343638101378
2154,MADS126,u,6,ADS,72.40643412548556,123.56587451444057,491.97013325579996,1115.4909488446422
2155,MADS126,i,6,ADS,72.64,42.27913099053637,489.6453534946008,2007.1669446936899
2156,MADS126,u,6,ADS,75.41112686533438,100.6587426173553,411.1253362329495,914.7840215101428
2157,MADS126,u,6,ADS,84.75,158.06087256878243,478.12552279896295,946.5041636311462
2158,MADS126,a,6,ADS,92.19685850896067,173.14149103933119,794.645889089587,1379.218527224216
2159,MADS126,u,6,ADS,94.02,121.26289251962419,379.27597717346384,970.4425474280506
2160,MADS126,a,6,ADS,96.11861486402512,125.1890244316769,787.923994014062,1153.6134273181788
2161,MADS127,i,15,ADS,6.812648558541288,127.35144145871224,375.4307184145199,2514.8041773543787
2162,MADS127,u,15,ADS,8.44,179.99999999999972,344.84787394893453,626.1114157705236
2163,MADS127,u,15,ADS,9.38,129.999999999999,359.5083180870025,915.4300045669706
2164,MADS127,u,15,ADS,9.714294836856052,197.45524424900827,362.9232964782329,944.7914355829375
2165,MADS127,i,15,ADS,10.32,119.99999999999922,375.5349321287001,2366.715055674527
2166,MADS127,u,15,ADS,17.01,155.44637045484677,358.19881161111067,666.1175116662648
2167,MADS127,u,15,ADS,20.31248872823905,128.7751592928288,335.8283253596326,671.9639577287746
2168,MADS127,u,15,ADS,28.49,150.00000000000213,351.9424928205162,663.8145308156915
2169,MADS127,u,15,ADS,29.93,160.00000000000014,336.2128449691558,608.5402362896602
2170,MADS127,a,15,ADS,33.64110608944745,136.40627984351994,854.044198984239,1297.314066461073
2171,MADS127,a,15,ADS,36.37,162.7531582958497,831.8107369607969,1296.9701125911256
2172,MADS127,i,15,ADS,42.92633822270406,113.6617772959383,378.6166157452126,2395.593613760156
2173,MADS127,i,15,ADS,45.31707884595279,102.92115404720903,298.6587121063023,2550.283422040489
2174,MADS127,a,15,ADS,49.49856415688637,111.43584311363242,841.8405884910654,1283.8844916661928
2175,MADS127,a,15,ADS,50.87,160.0000000000037,828.5381650223072,1244.9316339434079
2176,MADS127,a,15,ADS,52.36,142.40792715069972,839.225573722805,1320.790270974532
2177,MADS127,i,15,ADS,55.01291074507405,83.62944925323035,426.22697358766715,2229.199058055339
2178,MADS127,i,15,ADS,59.13,79.9999999999983,397.2376595214113,2295.3837883642477
2179,MADS127,i,15,ADS,59.47240510230387,77.59489769613026,393.6564007156614,2244.582921028621
2180,MADS127,a,15,ADS,59.78710610260433,103.97401750309143,736.3964659742594,1349.8810017480557
2181,MADS127,i,15,ADS,65.76204942172193,117.95057827806943,330.18366002953735,2477.3661180490376
2182,MADS127,i,15,ADS,67.51,129.99999999999545,381.4543813657041,2440.951393184321
2183,MADS127,a,15,ADS,69.6,92.31641296811688,658.8271495941916,1117.2015718633754
2184,MADS127,a,15,ADS,70.72618306241132,105.88179764076244,768.1424132996324,1195.3166138594322
2185,MADS127,i,15,ADS,73.27,52.84886333402028,404.68596716342563,1926.3554793840642
2186,MADS127,u,15,ADS,76.92063617455533,124.00570894864416,333.52181738901464,747.5825366615234
2187,MADS127,u,15,ADS,86.75892674812636,147.8529606695531,338.0805178339396,631.0679981045971
2188,MADS127,a,15,ADS,95.02,170.0000000000017,731.8678412496567,1233.8653775906675
2189,MADS127,u,15,ADS,96.88,131.0068942283209,354.32026433595394,751.9646579604312
2190,MADS127,a,15,ADS,98.93,139.99999999998636,679.1311319249633,1213.4064084220142
2191,MADS127,i,18,ADS,7.976196653025328,111.0831701876176,365.01004801791487,2414.3067485845086
2192,MADS127,u,18,ADS,9.50015379984439,288.093750323986,330.26704053618334,783.8833390774116
2193,MADS127,u,18,ADS,10.44117653340052,94.82709650161958,478.5408360448406,898.2853346195722
2194,MADS127,u,18,ADS,10.73770083419226,202.2991658077391,414.44069560361254,825.2934348649795
2195,MADS127,i,18,ADS,11.44497964143438,127.33924387361029,387.7795818537372,2264.0450048532125
2196,MADS127,u,18,ADS,18.9040111239495,189.65419300325337,413.44911292635453,781.6728639585119
2197,MADS127,u,18,ADS,21.81177583687067,118.3080918258419,340.1814357107106,774.3737330652368
2198,MADS127,u,18,ADS,30.15697288823877,48.768221057979844,357.76664365241976,863.6996240976437
2199,MADS127,u,18,ADS,31.23970467322857,203.2009210749095,384.55402955607815,717.4425118215181
2200,MADS127,a,18,ADS,34.9708196201118,104.76136375418577,784.1457780562141,1366.0117301997198
2201,MADS127,a,18,ADS,37.98058246556874,184.23550177458026,804.4265643332045,1208.649639213001
2202,MADS127,i,18,ADS,45.12489058158527,177.91369534115375,372.3147944555309,2483.4638617753803
2203,MADS127,i,18,ADS,47.56432672234952,125.67327765047764,319.30365905836743,2552.1420304448666
2204,MADS127,a,18,ADS,51.5549322463797,137.27351112616049,803.764359556299,1346.9355848902069
2205,MADS127,a,18,ADS,52.91,201.9028702154415,884.1766786936779,1425.25537302377
2206,MADS127,a,18,ADS,54.49,155.20910667266463,775.8741809892608,1326.0320294035641
2207,MADS127,i,18,ADS,57.12796137199326,94.82709650162491,390.07782709333986,2335.380797864673
2208,MADS127,i,18,ADS,61.57830926114957,61.69073885043019,408.2437619264368,2461.525638588823
2209,MADS127,i,18,ADS,61.90463636369896,70.4429859726261,309.9491175200467,2373.8328446441415
2210,MADS127,a,18,ADS,62.2434907978353,101.14890293507273,689.2771393271257,1299.9755027419992
2211,MADS127,i,18,ADS,68.27525140216243,115.59874621150357,353.6890037152053,2519.0861682180125
2212,MADS127,i,18,ADS,70.09,138.9672193193121,402.3799338573219,2558.3359076636825
2213,MADS127,a,18,ADS,72.2479780195511,97.53644211596679,728.3336065684622,1188.8504214317759
2214,MADS127,a,18,ADS,73.26434186444486,119.7333582731801,682.1961053755088,1194.6160534202259
2215,MADS127,i,18,ADS,75.64971492959131,43.34952982931384,420.95911303251273,1855.4561372054225
2216,MADS127,u,18,ADS,79.18601884543388,131.85481989749803,387.1265927057088,777.221530902754
2217,MADS127,u,18,ADS,88.60445035216799,157.14204563126088,290.19010787900993,665.9584343162073
2218,MADS127,a,18,ADS,97.01516264952429,178.8168105459107,757.5691312920492,1228.4434140614464
2219,MADS127,u,18,ADS,99.16,109.99999999999943,362.88567329447216,727.35929818854
2220,MADS127,a,18,ADS,101.54,153.25281222629883,706.2586303194078,1204.6331506700342
2221,MADS127,i,6,ADS,7.72,108.20791975181265,352.18587177397734,2407.9156522577787
2222,MADS127,u,6,ADS,9.36,230.00000000000043,350.4444022700742,655.6152605046691
2223,MADS127,u,6,ADS,10.24154281806715,134.35686707196837,307.81091453722667,878.2995149911977
2224,MADS127,u,6,ADS,10.62,260.0000000000016,382.17906450545274,830.892465364449
2225,MADS127,i,6,ADS,11.35,99.99999999999964,363.4360985300675,2165.903180287497
2226,MADS127,u,6,ADS,17.60276541587659,197.23458412341088,448.9529352067246,856.9223828484676
2227,MADS127,u,6,ADS,22.48576702426526,134.23297573474002,337.36768911959877,830.4068864283504
2228,MADS127,u,6,ADS,30.66,138.81841226240965,346.14712457762107,647.3218230889526
2229,MADS127,u,6,ADS,31.83658961758257,153.41038241742666,323.0723580856042,821.7471989193238
2230,MADS127,a,6,ADS,35.71,119.99999999999744,808.3632779075137,1340.9160246857994
2231,MADS127,a,6,ADS,38.19,109.99999999999943,817.916188758483,1298.685728679282
2232,MADS127,i,6,ADS,46.42275339936437,136.58777012296497,407.58058904840794,2453.902767802512
2233,MADS127,i,6,ADS,49.29272164201981,118.73315964936637,304.9949586092955,2012.0610471486088
2234,MADS127,a,6,ADS,53.53,129.99999999999545,827.3686092819667,1398.2919434874505
2235,MADS127,a,6,ADS,54.99,159.9999999999966,980.883937495996,1331.2132203700403
2236,MADS127,a,6,ADS,56.47,130.00000000000256,780.8709918501565,1351.8627809395773
2237,MADS127,i,6,ADS,59.3127322691427,97.2677308572969,434.86036283926325,2329.3564475581607
2238,MADS127,i,6,ADS,63.7174820643489,70.96571670904694,363.9581824445894,2342.0922247573403
2239,MADS127,i,6,ADS,64.06030106506644,102.62734416384944,405.51311221503255,2471.4060413528523
2240,MADS127,a,6,ADS,64.4,137.5466373377634,785.4473770536724,1379.591776378339
2241,MADS127,i,6,ADS,71.34455741714696,143.02321367514992,321.47862918221495,2535.5190328452054
2242,MADS127,i,6,ADS,73.36543449220136,144.56550779864585,353.7144808837981,2529.565960104073
2243,MADS127,a,6,ADS,75.17,120.00000000000455,712.3077524477633,1182.3826534423242
2244,MADS127,a,6,ADS,76.18,99.99999999999432,704.2887909190779,1223.2433648820593
2245,MADS127,i,6,ADS,78.65,41.707024339658005,389.3940046932429,1952.2194901879893
2246,MADS127,u,6,ADS,82.5261347255538,133.8652744461939,420.67419874249987,1276.7865745208123
2247,MADS127,u,6,ADS,92.06,146.90622829562017,344.90087821275085,587.0324347557664
2248,MADS127,a,6,ADS,100.94,159.9999999999966,772.6484248926135,1343.3293090675304
2249,MADS127,u,6,ADS,103.05,151.47139871780269,440.56318451216407,1397.638449050976
2250,MADS127,a,6,ADS,105.4298647020582,150.13529794180158,780.2418939421548,1283.7823999270458
2251,MADS128,i,15,ADS,7.745719006936508,114.2809930634927,321.0227294497526,1698.9382752326378
2252,MADS128,u,15,ADS,9.38,219.99999999999886,422.51118199929965,1639.3770523599155
2253,MADS128,u,15,ADS,10.87,130.0000000000008,341.2056675818097,1027.9646619103362
2254,MADS128,u,15,ADS,11.25418214485875,315.81785514125113,385.21556263228587,794.6431492533583
2255,MADS128,i,15,ADS,12.32314611251975,106.85388748025026,378.3151482575118,2086.308995628107
2256,MADS128,u,15,ADS,21.60349561342815,103.98200983542694,473.9193989730999,1985.0463340369179
2257,MADS128,u,15,ADS,25.87193760452282,137.06719478306084,441.1409125037163,1337.4973109385983
2258,MADS128,u,15,ADS,36.93,141.52277143401903,310.70367427575513,1307.7649114221767
2259,MADS128,u,15,ADS,38.14,159.9999999999966,386.3031754585696,767.83178061517
2260,MADS128,a,15,ADS,43.98946351203316,129.18976979553065,617.4454917433445,1211.6472465862512
2261,MADS128,a,15,ADS,47.68,119.99999999999744,662.7345703017426,1177.7073642391751
2262,MADS128,i,15,ADS,56.28357386164598,126.42613835401306,321.4921517772845,2616.326529722358
2263,MADS128,i,15,ADS,59.18,100.00000000000142,333.46562825913855,2248.3821215817366
2264,MADS128,a,15,ADS,65.22,123.24710797744842,539.8318946235031,1152.5090638596207
2265,MADS128,a,15,ADS,67.57,124.21897304390939,765.0191914970795,1192.4553068648408
2266,MADS128,a,15,ADS,69.52,104.83648911042565,599.260238682957,1199.3572835078905
2267,MADS128,i,15,ADS,73.2741412664896,115.85873351040732,372.1509900836363,2517.274699447171
2268,MADS128,i,15,ADS,79.69,49.99999999999716,367.2592886095904,2450.0637835019857
2269,MADS128,i,15,ADS,80.06,90.00000000000341,379.35682542363304,2510.2231856526782
2270,MADS128,a,15,ADS,80.42,98.96762148193261,629.1956565491063,1131.2967516419803
2271,MADS128,i,15,ADS,89.34815824817059,171.84175182940464,273.6480944531244,2501.0526944820062
2272,MADS128,i,15,ADS,92.43,144.77297164279435,253.18015909172976,2548.9503421937798
2273,MADS128,a,15,ADS,94.95,95.75345154904369,650.6240849101537,1575.8106321821522
2274,MADS128,a,15,ADS,96.59,81.1069880540316,694.8175606415871,1586.394335537573
2275,MADS128,i,15,ADS,99.65,49.99999999999716,366.96783758546417,2125.24526837462
2276,MADS128,u,15,ADS,105.4531964649213,126.80353507869313,495.2188631117008,1602.7418925511138
2277,MADS128,u,15,ADS,123.02,116.94887836260648,364.03709158626305,889.3304337312175
2278,MADS128,a,15,ADS,135.2006210474013,186.63109239227538,739.2932515968287,1115.0250550621117
2279,MADS128,u,15,ADS,137.83,89.99999999997499,422.04738808246884,1478.8777608920918
2280,MADS128,a,15,ADS,141.47,128.66111242229294,737.6272256030296,1131.273223700889
2281,MADS128,i,18,ADS,7.473016541938574,126.4361286688347,301.8763646430031,1963.4654020444045
2282,MADS128,u,18,ADS,9.318349393754476,191.6506062455241,397.27683148585555,692.3736901531604
2283,MADS128,u,18,ADS,10.83161975831389,142.69220235483004,342.8985787349985,1127.100412322852
2284,MADS128,u,18,ADS,11.27432192469842,265.6780753015795,329.32323799195797,667.1650533101006
2285,MADS128,i,18,ADS,12.28634016140622,140.88597194526997,306.2179358993456,1858.5616964174476
2286,MADS128,u,18,ADS,20.87,227.58473270435786,411.59384121847353,703.5039449004147
2287,MADS128,u,18,ADS,25.6522314005576,149.01400878827076,349.89485849192874,850.4731758373015
2288,MADS128,u,18,ADS,38.36,139.42090927999828,343.418343333516,766.6086409487192
2289,MADS128,u,18,ADS,39.81677358567601,203.2264143239928,324.3410214068042,943.7517667961629
2290,MADS128,a,18,ADS,45.33,123.88639575344484,681.5395328816119,1153.7577402445634
2291,MADS128,a,18,ADS,49.36,139.41620066091076,762.6487767390485,1187.7808800967794
2292,MADS128,i,18,ADS,59.12630516020261,110.18005498284111,401.1734838020578,2539.1557403996317
2293,MADS128,i,18,ADS,62.01618057620246,86.69905965863478,315.8226170950654,2587.519478943328
2294,MADS128,a,18,ADS,67.68,98.05941545424446,780.3119323327783,1240.5273092796035
2295,MADS128,a,18,ADS,69.94,121.36565191146076,733.7081503365166,1165.5646962243488
2296,MADS128,a,18,ADS,72.37,125.82079130372392,747.73436929837,1168.2635357265272
2297,MADS128,i,18,ADS,76.54627329170958,80.37725322517986,367.1872167867975,2614.3247159042166
2298,MADS128,i,18,ADS,82.57737656856223,88.5052900681842,307.2505811646467,2517.5462128397357
2299,MADS128,i,18,ADS,82.96294720561673,70.44298597263321,414.08158643534836,2400.3454510391084
2300,MADS128,a,18,ADS,83.96351598730266,135.46728071661107,588.7359808326015,1187.215068126955
2301,MADS128,i,18,ADS,92.47,161.90570022334327,334.6437205990575,2620.535022686092
2302,MADS128,i,18,ADS,95.29142275795002,140.88597194526642,316.7437948751368,2556.33546041286
2303,MADS128,a,18,ADS,97.97,97.77034083019487,717.5770979692452,1079.395207475383
2304,MADS128,a,18,ADS,100.24,106.5814815945032,529.7010648618319,959.0007367302968
2305,MADS128,i,18,ADS,103.1726004007374,48.76822105801182,432.12815570625986,1263.3586420252514
2306,MADS128,u,18,ADS,107.890129214027,129.14547428320589,280.8462706476218,1158.2392687759616
2308,MADS128,i,6,ADS,10.98387677041021,145.70291446326956,391.31372973791963,2645.052544646836
2309,MADS128,u,6,ADS,13.42,119.99999999999922,486.14616703781195,1487.6607579655024
2310,MADS128,u,6,ADS,14.88,139.9999999999988,313.7689678711072,861.4888635013018
2311,MADS128,u,6,ADS,15.27683553748023,353.1644625197714,317.36977403271845,757.8604282838099
2312,MADS128,i,6,ADS,17.02,70.00000000000028,417.9891289323123,2442.641020876317
2313,MADS128,u,6,ADS,26.03189746942041,228.26789932580027,522.6600601082148,1844.3527361656
2314,MADS128,u,6,ADS,31.55331121923029,146.91710541713832,415.3589401218572,982.9683418054477
2315,MADS128,u,6,ADS,42.56,129.99999999999545,353.0915440201022,624.8658176646924
2316,MADS128,u,6,ADS,43.76,143.57320519800965,419.01840542294286,1088.0172017304124
2317,MADS128,a,6,ADS,48.61,107.49085276898285,898.9431908098189,1301.921261305302
2318,MADS128,a,6,ADS,53.83972750347928,140.2724965207156,661.5792643128051,1051.7260690138364
2319,MADS128,i,6,ADS,62.27634187289498,121.82560312434987,363.46730697970963,2599.838642860685
2320,MADS128,i,6,ADS,64.80451799101965,93.9797509816458,334.33466025334997,2510.348622475969
2321,MADS128,a,6,ADS,70.70655562680628,130.52743191894933,817.6815047357251,1496.9060293621528
2322,MADS128,a,6,ADS,72.66,140.00000000000057,801.8056731446535,1299.6732840697453
2323,MADS128,a,6,ADS,74.48,117.63056689243001,738.9689525599889,1192.3231219356378
2324,MADS128,i,6,ADS,79.37341677679413,123.56596888326976,390.32339662522776,2672.2128304886246
2325,MADS128,i,6,ADS,85.67,149.99999999999147,365.95989230782806,2197.980729751648
2326,MADS128,i,6,ADS,86.18063172205842,83.53755642812644,351.31413281283204,2167.0090642872738
2327,MADS128,a,6,ADS,86.5,126.71961034300239,555.0597018487139,1122.9869936024238
2328,MADS128,i,6,ADS,95.39,189.99999999999773,283.1256206100827,2328.6510104604577
2329,MADS128,i,6,ADS,98.26,129.99999999999545,272.72710936147115,2244.062731915362
2330,MADS128,a,6,ADS,100.4889292500592,110.51322569140609,605.7611753756644,1148.766477707685
2331,MADS128,a,6,ADS,102.1148104164571,100.94121401729694,700.4280619760885,1199.44294430617
2332,MADS128,i,6,ADS,104.96,61.92911870350315,439.9830807162209,1869.3612742695889
2333,MADS128,u,6,ADS,109.480095032344,109.64304281191062,375.32335317113615,789.9049631693864
2334,MADS128,u,6,ADS,127.5,109.99999999999943,356.15925261339584,1472.525087528771
2335,MADS128,a,6,ADS,139.98,189.99999999999773,803.3769250690692,1131.664351581388
2336,MADS128,u,6,ADS,141.8700827828999,141.5450557251745,366.7353029809833,725.4040972830752
2337,MADS128,a,6,ADS,146.03,120.00000000000455,739.9950974086632,1291.6271033228543
2338,MADS129,i,6,ADS,6.270992883866075,103.55323643006997,371.8615918967398,2197.0749479760348
2339,MADS129,u,6,ADS,7.77,190.51162565953206,489.2743517913718,1012.3934719369161
2340,MADS129,u,6,ADS,8.55,139.9999999999988,335.81309218509614,764.2104741695159
2341,MADS129,u,6,ADS,8.8631705617055,136.82943829449988,456.23349738756485,1011.4108578974647
2342,MADS129,i,6,ADS,9.37103760045195,78.96239954804862,458.92680663889354,1991.176306109601
2343,MADS129,u,6,ADS,16.58309216367918,207.10647286013995,485.1136209339359,1705.4839884130874
2344,MADS129,u,6,ADS,20.18732485549942,132.67514450058115,365.98885775729616,960.1100666530021
2345,MADS129,u,6,ADS,30.37,160.30775923967866,467.80314815728866,1534.5765306231428
2347,MADS129,a,6,ADS,37.83,120.00000000000455,722.8115383377858,1223.7007120227395
2348,MADS129,i,6,ADS,45.91690079679475,147.93319490009793,325.3004193821175,2579.3512368037273
2349,MADS129,i,6,ADS,48.44985086575986,124.014491544159,256.4856587963873,2399.025723524029
2351,MADS129,a,6,ADS,54.02,129.99999999999545,897.2267162362415,1321.4832199220818
2352,MADS129,a,6,ADS,55.64,149.99999999999858,794.3212151980465,1318.5411390578913
2353,MADS129,i,6,ADS,58.3,109.99999999999943,404.63813204275215,2490.6872904323895
2354,MADS129,u,6,ADS,61.2,159.9999999999966,499.23029336840733,761.091519997939
2355,MADS129,i,6,ADS,64.11,69.83140397164789,429.9915134414938,2507.788355648418
2356,MADS129,i,6,ADS,64.43380549126661,76.19450873339417,357.43052307512824,2506.276815615822
2357,MADS129,a,6,ADS,64.74,152.25503851861788,772.861909892522,1223.2858878652592
2358,MADS129,i,6,ADS,72.56,140.00000000000057,292.25195112664386,2610.9331162682647
2359,MADS129,i,6,ADS,74.72,99.99999999999432,403.9647227955488,2587.431184468242
2360,MADS129,a,6,ADS,76.58963697138816,78.5834401864065,759.3371192795498,1206.4360592174028
2361,MADS129,a,6,ADS,77.9,79.9999999999983,745.854795725822,1247.5478819717566
2362,MADS129,i,6,ADS,79.6171221006267,52.8778993732999,373.34472079390025,1959.9575460828783
2363,MADS129,u,6,ADS,83.24452260405987,120.33089278541809,501.685114155494,1830.1511381021878
2364,MADS129,u,6,ADS,95.96,135.71707589278503,520.5827168732212,1160.8389453994268
2365,MADS129,a,6,ADS,105.67,170.0000000000017,791.3177998929805,1249.0156334972903
2366,MADS129,u,6,ADS,108.1242576154763,167.0127462705011,494.60660222635374,1514.2924328318732
2367,MADS130,i,15,ADS,6.91,109.99999999999943,334.25315084358306,2334.004024193856
2368,MADS130,u,15,ADS,8.52,268.70224752624415,420.0003748459482,812.0881234257444
2369,MADS130,u,15,ADS,9.8,179.99999999999972,470.4526464523169,1331.3598848623583
2370,MADS130,u,15,ADS,10.18159077775894,208.40922224106072,389.2374113475838,944.5906059154034
2371,MADS130,i,15,ADS,10.97,99.99999999999964,348.9656034449927,2728.090791433276
2372,MADS130,i,15,ADS,14.1464661009403,92.22550061343959,451.31015369555894,2759.8105889210437
2373,MADS130,u,15,ADS,18.73,160.00000000000014,343.18768826985496,718.5546742991357
2374,MADS130,u,15,ADS,22.34887319979213,131.12680020786982,406.46821702923756,809.4868401271615
2375,MADS130,u,15,ADS,31.52,160.00000000000014,422.82362901429775,1169.4330292411237
2376,MADS130,u,15,ADS,32.55,160.0000000000037,438.1298746897509,771.5410810485309
2377,MADS130,a,15,ADS,36.72,170.0000000000017,506.65390534442065,1244.6899766797867
2378,MADS130,a,15,ADS,39.92296527662684,130.200706748397,703.9867027734451,1441.338018648848
2379,MADS130,i,15,ADS,46.71782944765857,132.17055234142805,391.30319326068224,2155.9712865879155
2380,MADS130,i,15,ADS,48.93198483340621,108.01516659378763,363.7894162093789,2611.7525278536777
2382,MADS130,a,15,ADS,54.77893718624118,121.06281375881878,657.1271732316663,1391.5764828605852
2383,MADS130,a,15,ADS,56.21,119.05774426493565,697.4251388538144,1399.623794242052
2384,MADS130,i,15,ADS,59.49708005087057,122.91994912942528,398.0172145187294,2657.4174963530822
2385,MADS130,i,15,ADS,64.1,70.00000000000739,404.3487820915275,2435.8367395734226
2386,MADS130,i,15,ADS,64.4840421453335,86.80047116560274,405.05133340076344,2508.8329072885754
2387,MADS130,a,15,ADS,64.81,184.3678053680975,711.2942484488524,1338.9639269314368
2388,MADS130,i,15,ADS,73.12,129.46545017274502,411.7564302508843,2730.356005381753
2389,MADS130,i,15,ADS,74.92,120.00000000000455,366.5389555869231,2695.1918132481173
2390,MADS130,a,15,ADS,77.22,137.54471581636096,686.0122317224374,1321.9841527354022
2391,MADS130,a,15,ADS,78.03,99.99999999999432,714.6819883660589,1325.8503363063273
2392,MADS130,i,15,ADS,80.81440232420958,55.597675790423295,507.5947288093272,1832.8882443838327
2393,MADS130,u,15,ADS,86.84,147.54128555723867,408.73339363232003,973.8796428739678
2394,MADS130,u,15,ADS,99.37,131.7136425471972,452.85928809572243,798.7246352972005
2395,MADS130,a,15,ADS,108.27,170.0000000000017,746.960872968258,1322.494813477281
2396,MADS130,u,15,ADS,109.7808725189165,122.96733415129779,593.5965887656392,2078.4468600291484
2397,MADS130,u,15,ADS,111.26,147.37973622749223,540.9446598019796,1240.1794059292351
2398,MADS130,a,15,ADS,112.13,178.30751650730292,754.6266913094651,1331.1696681401522
2399,MADS130,i,18,ADS,7.468983436053649,111.96013527990712,381.23670975674776,2096.6837003887426
2400,MADS130,u,18,ADS,9.16,196.32155353066418,369.0112700760843,707.4383461253253
2401,MADS130,u,18,ADS,10.39822125217908,171.77874782091962,396.2607396101501,812.5657072345655
2402,MADS130,u,18,ADS,10.78716581748288,252.83418251711964,422.06971129896044,663.4758271803967
2403,MADS130,i,18,ADS,11.90188918398102,104.76136375418044,351.938271698186,2584.984550316316
2404,MADS130,u,18,ADS,18.84,89.99999999999986,436.83521318776,716.9108740802043
2405,MADS130,u,18,ADS,22.40172122777219,102.05201813984033,462.3265568422842,1091.0061287432318
2406,MADS130,u,18,ADS,29.89,159.53182380564002,353.18172429214934,826.203630917287
2408,MADS130,a,18,ADS,35.38128391806081,109.27693977806285,774.213322349584,1463.6580888232238
2409,MADS130,a,18,ADS,38.16,139.09192435380646,743.1206396425533,1401.4963621802096
2410,MADS130,i,18,ADS,45.41055922926111,140.88597194526642,382.27574168436115,2578.7178509187747
2411,MADS130,i,18,ADS,47.47052123200497,89.47876799503263,369.9308056024528,2574.0382129370782
2412,MADS130,a,18,ADS,51.47265487123993,115.59874621149646,604.4156395288254,1423.8286799205757
2413,MADS130,a,18,ADS,53.04673805352301,72.24921638218973,784.513056143285,1510.9569772890502
2414,MADS130,a,18,ADS,54.77676049289837,99.3426725255091,997.4312845411459,1697.3665091604898
2415,MADS130,i,18,ADS,57.40962903949887,86.69905965863478,365.96839746353044,2354.286237879025
2416,MADS130,i,18,ADS,61.76079275298307,49.20724701693047,429.56204814604,2301.0345860089474
2417,MADS130,i,18,ADS,62.09615100758023,83.8489924197674,376.1597713670743,2378.6747305627787
2418,MADS130,a,18,ADS,62.45022889374741,108.3738245732917,731.3138463497359,1588.0764190663724
2419,MADS130,i,18,ADS,68.48830404934746,129.14547428316325,415.718283492288,2644.8386364488956
2420,MADS130,i,18,ADS,70.24182796437796,93.92398129685375,360.20830546951447,2165.271236842052
2421,MADS130,a,18,ADS,71.9602466677021,102.05201813984388,615.5671269085045,1567.9740682763138
2422,MADS130,a,18,ADS,72.93982416206032,108.3738245732917,816.7673348889927,1568.3691760452791
2424,MADS130,u,18,ADS,88.0212769134479,119.2112070306166,498.54226912571295,877.8688966019245
2425,MADS130,a,18,ADS,96.5259314671568,139.0797415357241,783.4272568926085,1445.7889692381627
2426,MADS130,u,18,ADS,97.8902098886377,115.59874621150357,395.41118782586625,783.0206568631452
2427,MADS130,a,18,ADS,100.0448827066032,158.045160836096,606.0358383876528,1381.8978633197642
2428,MADS130,i,6,ADS,7.71,120.00000000000011,376.1954034054071,2537.769521826492
2429,MADS130,u,6,ADS,9.25,160.00000000000014,412.4971123762926,815.9592426333169
2430,MADS130,u,6,ADS,10.18,179.99999999999972,405.7141808227581,745.703970080314
2431,MADS130,u,6,ADS,10.59,172.60764181228083,493.0891906240087,639.958094890677
2432,MADS130,i,6,ADS,11.15376690168202,119.76559868345937,414.6880108979307,2555.678902498629
2433,MADS130,u,6,ADS,17.99970128076768,72.6447073981582,424.0664360403496,1965.9050506878016
2434,MADS130,u,6,ADS,21.25318492693494,104.05863492170297,434.71690656192504,801.5936844723453
2435,MADS130,u,6,ADS,28.73,169.99999999999815,420.88198863050826,725.4956842108929
2436,MADS130,a,6,ADS,33.59,109.99999999999943,581.7532532931491,1375.175185848033
2437,MADS130,a,6,ADS,36.67,129.99999999999545,616.1520519183921,1420.915752627165
2438,MADS130,i,6,ADS,44.1783933314594,133.50919197501554,421.74453385860244,2601.5876541260677
2439,MADS130,i,6,ADS,46.40496606429382,95.03393570617646,392.2186619315099,2464.6602558258933
2440,MADS130,a,6,ADS,50.32310330655988,131.99799835950898,814.9979494437308,1521.0917467224347
2441,MADS130,a,6,ADS,51.84,109.99999999999943,613.7591441846286,1667.3966005147995
2442,MADS130,a,6,ADS,53.28,129.99999999999545,704.5171663070685,1431.0838847674916
2443,MADS130,i,6,ADS,55.71533462171677,107.06504311382758,402.1753373599468,2505.1205275475136
2444,MADS130,i,6,ADS,59.96,66.82159971770574,437.36409718417684,2466.3965070006616
2445,MADS130,i,6,ADS,60.31868384053485,81.31615946514614,442.2614600664469,2409.215678903287
2446,MADS130,a,6,ADS,60.64,119.99999999999744,853.8892606902965,1507.76439962902
2447,MADS130,i,6,ADS,66.88637367014206,93.6263298579405,460.5116799084598,2552.8622788010666
2448,MADS130,i,6,ADS,68.69076332962085,89.23667037915095,442.4159107146798,2637.8569193845924
2449,MADS130,a,6,ADS,70.4,59.99999999998806,740.1429661713609,1407.7879929679793
2450,MADS130,a,6,ADS,71.37,108.84444815739869,785.5222843812553,1552.4602858059745
2451,MADS130,i,6,ADS,73.53101608740437,58.98391259563596,465.2204545803336,1729.7435143327957
2452,MADS130,u,6,ADS,77.0442496368212,135.75036317880063,431.61450363560783,1028.9302874112434
2453,MADS130,u,6,ADS,87.03407920489494,55.920795105066645,422.1094984881162,1154.6925494227014
2454,MADS130,a,6,ADS,95.157169383605,142.8306163950026,659.3266144971996,1262.9712123960448
2455,MADS130,u,6,ADS,96.65,107.44690246197308,524.5110178955608,1031.5708671970863
2456,MADS130,u,6,ADS,98.06139288014106,101.93178762206401,554.8231528070756,1495.2783266550762
2457,MADS131,i,12,ADS,4.2,120.00000000000011,402.68735015630875,2545.1089778301825
2458,MADS131,u,12,ADS,5.78,179.99999999999972,370.03102527274575,722.4501709057672
2459,MADS131,u,12,ADS,6.47,100.00000000000054,471.22267313760614,945.4102125359359
2460,MADS131,u,12,ADS,6.74,149.99999999999946,420.9094057919785,908.6912557389794
2461,MADS131,i,12,ADS,7.277906520354902,92.09347964509806,379.3969442996022,2602.8882470685767
2462,MADS131,u,12,ADS,12.94,100.52503729685114,481.5527837360151,1652.9343134948176
2463,MADS131,u,12,ADS,15.22823076135306,71.76923864694018,345.5244159672515,958.8047513632621
2464,MADS131,u,12,ADS,21.59,71.08661262644844,402.255381621481,752.2186704454075
2465,MADS131,u,12,ADS,22.4,150.00000000000213,291.65605577263227,795.8350046017074
2466,MADS131,a,12,ADS,25.35,99.99999999999787,772.0996751457684,1352.6889841702491
2467,MADS131,a,12,ADS,26.99,100.00000000000142,775.683979543796,1354.3167378108806
2468,MADS131,i,12,ADS,34.76854953970186,81.45046029814296,400.4748113296336,2700.6446029127505
2469,MADS131,i,12,ADS,36.82749792760807,82.5020723919252,424.6573365179794,2575.4205586803546
2470,MADS131,a,12,ADS,39.88,116.23104241666482,658.6295049139268,1350.7353398434047
2472,MADS131,a,12,ADS,42.24,100.00000000000142,813.2091034881979,1410.7770637654685
2473,MADS131,i,12,ADS,44.13803809851771,71.96190148228965,417.2525228335893,2572.358303764975
2474,MADS131,i,12,ADS,47.97,70.00000000000028,364.7537929882041,2238.042831884797
2475,MADS131,i,12,ADS,48.27477392490025,65.22607509975131,338.1326381316979,2501.763586480986
2476,MADS131,a,12,ADS,48.56,79.9999999999983,718.4353209521662,1387.360941891773
2477,MADS131,i,12,ADS,53.62,140.00000000000057,344.3308028799193,2110.33172760702
2478,MADS131,i,12,ADS,55.22,109.99999999999943,405.68920170763425,2492.954473614107
2479,MADS131,a,12,ADS,56.55,90.00000000000341,764.6993741396465,1398.984378496478
2480,MADS131,a,12,ADS,57.49,100.00000000000142,728.6888996102225,1312.8719354736772
2481,MADS131,i,12,ADS,59.14680408658202,53.19591341798002,525.9831579447425,1603.3683774602177
2482,MADS131,u,12,ADS,61.86730774679705,102.69225320294595,372.0541543561852,929.8528782249232
2483,MADS131,u,12,ADS,69.56,88.67387861177178,357.18122445469197,728.5347856537384
2484,MADS131,a,12,ADS,75.7,159.9999999999966,772.4457819261121,1349.0740096914944
2485,MADS131,u,12,ADS,77.65816369296287,111.70917262178648,341.00287290888656,693.2097341777783
2486,MADS131,a,12,ADS,79.4900184423024,139.98155769759535,758.369323212002,1359.9990334347717
2487,MADS131,i,15,ADS,4.53,114.23907222796271,375.51581814717133,2499.482084567642
2488,MADS131,u,15,ADS,6.18,220.00000000000063,423.0127493295304,905.3343248733299
2489,MADS131,u,15,ADS,7.69,89.99999999999986,433.0824218186731,960.8299862247741
2490,MADS131,u,15,ADS,7.97,123.5521108847708,427.6647080699146,1008.7124978316912
2491,MADS131,i,15,ADS,8.47,109.99999999999943,359.28225582823984,2526.344546897276
2492,MADS131,u,15,ADS,14.46,101.56919118847973,460.31702870601475,1676.884728906985
2494,MADS131,u,15,ADS,23.95,117.58699856143906,392.82892044880396,855.544945640607
2496,MADS131,a,15,ADS,28.57,125.3860743539903,731.7996439897695,1362.4997520003387
2497,MADS131,a,15,ADS,30.64,111.62668736627879,756.6405783135906,1321.7744649550923
2498,MADS131,i,15,ADS,35.78378564946411,106.21435053589323,391.97323004640015,2614.0614223134703
2499,MADS131,i,15,ADS,37.5853661489305,111.57978713345074,390.992944159044,2824.7785475118685
2500,MADS131,a,15,ADS,41.07,143.5807472681816,799.3210477620614,1291.1228761240664
2501,MADS131,a,15,ADS,42.18,109.99999999999943,903.6008973303859,1356.9537216615613
2502,MADS131,a,15,ADS,43.63,119.99999999999744,739.4241492913839,1338.473493276135
2503,MADS131,i,15,ADS,45.82738270225482,92.61729774517846,396.26860425189545,2537.8171134686077
2504,MADS131,i,15,ADS,50.15187475370535,91.70941408228828,418.7551530104497,2499.701271562978
2505,MADS131,i,15,ADS,50.52514731589797,81.00998243936175,388.5448213385418,2621.0126118614007
2506,MADS131,a,15,ADS,50.84,128.48972019349958,749.175716168085,1357.395147722883
2507,MADS131,i,15,ADS,55.43,130.00000000000256,396.42225809939873,2546.4818791067496
2508,MADS131,i,15,ADS,57.15,97.57176704312087,422.11081554001,2517.542338444725
2509,MADS131,a,15,ADS,58.46563807781901,94.36192218099393,785.0703946417061,1349.378138591903
2510,MADS131,a,15,ADS,59.41,90.00000000000341,720.5067409979396,1268.8748305553963
2511,MADS131,i,15,ADS,61.54362025968397,56.37974031603221,479.1075719034247,2183.2443379335054
2512,MADS131,u,15,ADS,64.71212837834229,99.3518652558123,353.14960896976385,791.3825126268067
2513,MADS131,u,15,ADS,72.36,120.00000000000455,386.7925843054966,635.9994965041757
2514,MADS131,a,15,ADS,79.47,151.11848518530735,849.7501767907783,1333.5086480600705
2515,MADS131,u,15,ADS,81.18,89.76972494994584,624.7834725763305,1901.5473495038873
2516,MADS131,a,15,ADS,83.28,124.54906157138623,756.5504222197775,1366.404619089541
2517,MADS131,i,18,ADS,4.498844300886774,110.18005498284111,320.166409254159,2199.5746134288215
2518,MADS131,u,18,ADS,5.88,207.75987578750232,396.9963686026223,794.9923749158909
2519,MADS131,u,18,ADS,6.931787213422234,98.21278657776666,509.5075781145443,945.7416759577321
2520,MADS131,u,18,ADS,7.214107458667827,168.88254329337204,386.97308122428433,996.0444935167418
2521,MADS131,i,18,ADS,7.742240791626775,98.43955732073528,365.5580093522417,2584.2037792332676
2522,MADS131,u,18,ADS,13.7910093431521,86.69905965863123,473.1562179804541,1087.736706309117
2524,MADS131,u,18,ADS,23.26,103.5677041036891,381.2099838385923,673.3367250184596
2525,MADS131,u,18,ADS,24.24900883470782,150.99116529217937,359.635344518206,710.0889913085741
2526,MADS131,a,18,ADS,27.41919973301294,100.69734533268004,758.8538914871741,1310.5134568674198
2527,MADS131,a,18,ADS,29.35826356460166,121.4689950425587,707.2686689772229,1322.6276523599113
2528,MADS131,i,18,ADS,35.2249118030382,121.01743744017313,334.5933220037889,2540.2426834648363
2529,MADS131,i,18,ADS,37.52781179586717,92.11775088729013,334.32366202533757,2672.37282879183
2530,MADS131,a,18,ADS,40.88273765672344,123.7267830545008,840.6963332237851,1337.6314586208705
2532,MADS131,a,18,ADS,43.22240666027596,93.92398129685375,815.3301679874693,1386.544424826847
2533,MADS131,i,18,ADS,45.51033182909494,89.40840527296245,342.83556269806786,2610.6254595699456
2534,MADS131,i,18,ADS,49.32803080926845,82.18348363474348,353.9984471722212,2518.4365894468256
2535,MADS131,i,18,ADS,49.64939739077679,41.54329941975732,464.3266615729327,2180.852400243327
2536,MADS131,a,18,ADS,49.9419471617392,98.05283826079858,775.7474333618577,1379.054377595667
2537,MADS131,i,18,ADS,55.0794056502983,158.9482760408245,343.40377658600516,2507.2760433182784
2538,MADS131,i,18,ADS,56.72047785458832,95.73021170641027,280.967382890849,2412.6661313603404
2539,MADS131,a,18,ADS,58.41626667239667,75.86167720130277,796.8307215542741,1319.9280119753594
2540,MADS131,a,18,ADS,59.33657448213734,102.95513334462214,795.8217100753661,1278.9812942913336
2541,MADS131,u,18,ADS,64.08113877616398,83.9897140442929,349.02397250936116,773.7152815197568
2542,MADS131,u,18,ADS,72.11189165403673,101.14890293506562,394.6536200343417,745.2240628740564
2543,MADS131,a,18,ADS,79.4030385547286,139.0797415357241,828.6231860738783,1277.3419307352883
2544,MADS131,u,18,ADS,81.14,99.15465284750269,328.8028008804472,692.7880745851204
2545,MADS131,a,18,ADS,83.15113526845825,117.40497662106009,727.7296589997156,1302.7043829476977
2546,MADS131,i,6,ADS,4.754364903497744,135.6350965022557,365.2986532856771,2467.5595126685284
2547,MADS131,u,6,ADS,6.42,169.99999999999994,326.9694540917494,729.1534203691277
2548,MADS131,u,6,ADS,7.5,139.9999999999997,428.7447561272449,864.2162214026297
2549,MADS131,u,6,ADS,7.79,190.21603549494782,443.3165714993746,956.1153196144568
2550,MADS131,i,6,ADS,8.48,109.99999999999943,346.8053268628958,2603.927712190496
2552,MADS131,u,6,ADS,17.65191074509784,98.0892549021597,343.1037354091036,728.2935242687893
2553,MADS131,u,6,ADS,25.24,129.81468697488197,343.196774839095,672.5896219730337
2554,MADS131,u,6,ADS,26.26,160.00000000000014,541.0582717950725,1987.8010996713863
2555,MADS131,a,6,ADS,29.9,100.00000000000142,831.7465736198628,1301.8384056459945
2556,MADS131,a,6,ADS,32.38,109.99999999999943,860.7484788585565,1312.718869242138
2557,MADS131,i,6,ADS,39.11096901292692,99.03098707307834,358.7520097352478,2594.870605542041
2558,MADS131,i,6,ADS,41.03009244277121,110.48890834874925,325.33718154958075,2637.153244142771
2559,MADS131,a,6,ADS,44.7,148.50639994731551,788.8332009259329,1371.203288342791
2560,MADS131,a,6,ADS,45.88,99.99999999999432,862.3604961585454,1352.8693852371266
2561,MADS131,a,6,ADS,47.1,100.00000000000142,864.1313481639339,1415.1558168403265
2562,MADS131,i,6,ADS,49.69531214990175,87.53017414641562,379.28978806582046,2491.0919651797817
2563,MADS131,i,6,ADS,53.84,59.99999999999517,402.60502592818705,2418.231722529037
2564,MADS131,i,6,ADS,54.12677080167472,63.22919832527418,368.47685283691203,2360.568822800199
2565,MADS131,a,6,ADS,54.42,145.85659329443956,757.51371564961,1375.6159035191477
2566,MADS131,i,6,ADS,59.59,121.74810144836812,352.75417841802846,2280.4181412863845
2567,MADS131,i,6,ADS,61.12,112.77623184556518,319.40280712200496,2545.7085474540163
2568,MADS131,a,6,ADS,62.64,119.99999999999744,792.5653184774035,1313.260478446307
2569,MADS131,a,6,ADS,63.59,121.84628869768943,799.3515856559987,1314.9782449789338
2570,MADS131,i,6,ADS,65.38,40.00000000000625,481.5599677007584,1970.1835715029185
2571,MADS131,u,6,ADS,68.68609801299195,103.31430391052265,342.3765293950755,908.5851044514438
2572,MADS131,u,6,ADS,76.96,107.88509935677837,386.68764023079575,694.2384457586877
2573,MADS131,a,6,ADS,84.09073061420928,147.79685142755739,781.267199330901,1225.5891225792354
2574,MADS131,u,6,ADS,86.29,121.46815218153506,346.9647854975821,1027.1754123626106
2575,MADS131,a,6,ADS,88.46,109.99999999999943,731.6431751694712,1341.7618022625763
2576,MADS131,i,9,ADS,7.81,100.00000000000054,322.741575052014,2514.360122323625
2577,MADS131,u,9,ADS,9.29,150.00000000000034,364.7497572255185,771.5455590468713
2578,MADS131,u,9,ADS,10.39046968385139,109.53031614861075,368.98226396829057,1097.6105897148027
2579,MADS131,u,9,ADS,10.67879288934226,131.2071106577406,500.6366157253558,1006.6078044235717
2580,MADS131,i,9,ADS,11.19,80.00000000000007,388.3586582098137,2568.770790860785
2581,MADS131,u,9,ADS,16.70126171383582,111.19352136875094,400.4673544948952,741.6362021952058
2582,MADS131,u,9,ADS,18.99893940158442,121.85591382877092,446.1731930122643,1686.0249123557644
2583,MADS131,u,9,ADS,25.78,89.56068353760926,390.16018500294905,750.7461585345706
2584,MADS131,u,9,ADS,26.68,129.999999999999,175.06505580081355,794.7990104832204
2585,MADS131,a,9,ADS,29.66,97.43899414425883,740.2861001474414,1476.9076314182478
2586,MADS131,a,9,ADS,31.44039029783957,109.60970216043009,754.3171586753078,1321.222965248975
2587,MADS131,i,9,ADS,37.13637251378208,93.62748621791894,357.0509399587291,2620.526524780604
2588,MADS131,i,9,ADS,38.82833666277156,108.14712352302536,367.7292722085931,2657.6254926991846
2590,MADS131,a,9,ADS,43.36,100.00000000000142,782.068277643557,1331.357395844179
2591,MADS131,a,9,ADS,44.55,109.99999999999943,732.1312800279011,1467.2687287026397
2592,MADS131,i,9,ADS,47.0127301517746,77.68314506585483,380.3567577434738,2234.886406365169
2593,MADS131,u,9,ADS,48.9948124542709,99.00792998587349,370.6959729279235,954.8299725019809
2594,MADS131,i,9,ADS,51.07,89.9999999999963,383.24706584817534,2371.5091952033404
2595,MADS131,i,9,ADS,51.42177373135797,62.45115583723759,383.31614403055914,2402.1463417983055
2596,MADS131,a,9,ADS,51.67919434932124,80.80565067875511,716.8005994797087,1351.8780373483014
2597,MADS131,i,9,ADS,56.77055002287701,119.44997712298999,378.68689565483476,2641.973814083849
2598,MADS131,i,9,ADS,58.29,109.99999999999943,390.4225815828969,2630.1595817134166
2600,MADS131,a,9,ADS,60.58109434785014,76.86524339148093,680.2823407140718,1349.3805279765327
2601,MADS131,i,9,ADS,62.283605221786,56.39477821400618,472.8575197313141,1921.3439450882108
2602,MADS131,u,9,ADS,65.65529249228777,91.33399508870355,350.1085391304527,887.2525134246353
2603,MADS131,u,9,ADS,73.33,77.64055917937185,378.22859185967314,815.9117665749935
2604,MADS131,a,9,ADS,80.18,149.99999999999147,755.9518021049,1250.046375697243
2605,MADS131,u,9,ADS,81.83,79.9999999999983,339.0546917166147,760.0908750525513
2606,MADS131,a,9,ADS,83.83,123.83152656653351,655.1031943790036,1314.4051205177095
2607,MADS132,i,15,ADS,5.27,100.00000000000054,347.0321649084524,2263.775059237037
2609,MADS132,u,15,ADS,7.964053544827729,95.94645517227107,382.50350078503357,759.2690139620556
2610,MADS132,u,15,ADS,8.268413453308643,141.58654669135728,370.70222000546573,787.6153557007113
2611,MADS132,i,15,ADS,8.76,80.00000000000007,391.5030753303918,2347.5188942826835
2612,MADS132,u,15,ADS,15.22,179.99999999999972,341.9244326893275,724.0395979815008
2613,MADS132,u,15,ADS,18.37322885111761,152.45522690478097,324.7065983299193,665.8528431455682
2614,MADS132,u,15,ADS,26.01,139.99999999999702,380.00326458089614,743.8281518757997
2615,MADS132,u,15,ADS,26.88,160.00000000000014,445.1851368799495,1054.630768835901
2616,MADS132,a,15,ADS,30.32,104.32410473235976,741.3363109599379,1376.6731786204425
2617,MADS132,a,15,ADS,32.58,117.63147987819877,609.7055307775674,1397.6639572678187
2618,MADS132,i,15,ADS,38.91853641859042,98.7909870342989,356.5051723101066,2417.7005780266027
2619,MADS132,i,15,ADS,41.02,119.99999999999744,362.10802693934636,2411.3715704579195
2620,MADS132,a,15,ADS,45.03320442563187,153.67486872001024,700.6582994585725,1377.3306149728048
2621,MADS132,a,15,ADS,46.23,130.00000000000256,754.9108137343203,1384.144637613024
2622,MADS132,i,15,ADS,49.83086370665795,70.73922528381615,434.3733277419425,2190.143839426322
2624,MADS132,i,15,ADS,54.81,77.21514625959003,407.7216775985481,2226.3052493064797
2625,MADS132,a,15,ADS,55.09,117.68658582868596,721.4954139939763,1554.6034371042067
2626,MADS132,i,15,ADS,59.88792093305506,130.5016742305014,340.3530369747426,2449.792238044246
2627,MADS132,i,15,ADS,61.63002456467279,99.97543532720954,345.97887317458924,2441.1869902033263
2628,MADS132,a,15,ADS,63.14,109.58759291399645,657.6396748670757,1239.8939553072737
2629,MADS132,a,15,ADS,64.06866222394953,84.15528525144111,607.5770120460531,1284.204997906944
2630,MADS132,i,15,ADS,65.81,71.45057656565257,520.1685734480557,1829.6835773658804
2631,MADS132,u,15,ADS,68.90724832395219,106.10883792573134,500.1027530824283,1334.926690782201
2632,MADS132,u,15,ADS,78.33,113.27185033958642,337.63091953869906,730.2983886271991
2633,MADS132,a,15,ADS,85.67,163.0869378559794,693.2575069539207,1298.0051539929668
2634,MADS132,u,15,ADS,86.96,112.38744982007631,355.0147730175528,770.5349397515813
2635,MADS132,a,15,ADS,89.0,120.00000000000455,653.9970293120267,1251.269495982845
2636,MADS132,i,18,ADS,6.740863287419172,85.76979434136422,357.18845087307216,2449.012586937065
2638,MADS132,u,18,ADS,9.18708099018353,79.47413802041048,355.71046024894315,809.9441055588602
2639,MADS132,u,18,ADS,9.464639871674946,191.46042341280634,344.1775472247608,912.8666423315861
2640,MADS132,i,18,ADS,10.05,90.96697422434907,364.75449641148333,2356.196018945386
2641,MADS132,u,18,ADS,16.46914727349386,205.91026668924073,406.3204397478006,758.8862588176457
2642,MADS132,u,18,ADS,18.91497391684497,111.98912028316954,366.45659600269937,791.0199091920404
2643,MADS132,u,18,ADS,26.03,160.1672520762385,419.73621977809154,800.0581435332539
2644,MADS132,u,18,ADS,26.85730029085453,172.69970914547272,540.7151044600982,1208.6484396344595
2646,MADS132,a,18,ADS,32.01,116.2997461235733,571.4742981053453,1356.3107460232561
2647,MADS132,i,18,ADS,37.59655997073734,100.24578773029447,400.0757919321187,2273.6456919348575
2648,MADS132,i,18,ADS,39.75430420332746,95.69579667254402,343.55176661505175,2289.77034365133
2649,MADS132,a,18,ADS,43.37524035013942,110.18005498284111,674.6928756954787,1356.3374917073966
2650,MADS132,a,18,ADS,44.9208615357263,109.27693977806996,667.5340943783827,1311.9498986923566
2651,MADS132,a,18,ADS,46.26570911255879,121.01743744015891,615.5822308602817,1366.4685881304663
2652,MADS132,i,18,ADS,48.61947881531956,81.28036842995812,442.9697201617219,2160.257176881321
2653,MADS132,i,18,ADS,52.94191175422311,68.08824577688455,384.94472779720456,2230.723404885401
2654,MADS132,a,18,ADS,53.21282016554383,69.53987076785495,679.1137150088558,1457.0080705089283
2655,MADS132,i,18,ADS,58.46894440006903,111.05559993097103,350.797130277675,2492.9942106957155
2657,MADS132,a,18,ADS,61.8793242430343,80.71158674397338,693.2332203331191,1231.3074361822817
2658,MADS132,a,18,ADS,62.44502634558366,88.50529006817709,636.0448829131471,1191.773358935035
2659,MADS132,u,18,ADS,64.35900509373035,41.54329941975732,508.12401776038246,1303.9501604588413
2660,MADS132,i,18,ADS,64.5161471393616,65.02429474397786,489.7924373550289,1790.7392395942154
2661,MADS132,u,18,ADS,67.65703469668563,106.56759416373518,348.96013955553815,737.4471368305478
2662,MADS132,u,18,ADS,76.54,83.91943790987,446.15982103154306,743.4762026557503
2663,MADS132,a,18,ADS,84.61008533722973,158.9482760408174,581.31155741607,1263.141889890428
2665,MADS132,a,18,ADS,88.63261563222233,102.05201813984388,639.3309422255293,1398.3033470467276
2666,MADS132,i,6,ADS,6.11,89.99999999999986,331.3329599553348,2053.054954475467
2667,MADS132,u,6,ADS,7.570865016746216,259.0813752887238,303.73516770214223,1090.2461897173393
2668,MADS132,u,6,ADS,8.809689047367742,150.70746667121782,470.6269104904343,1051.207522023641
2669,MADS132,u,6,ADS,9.09,310.0000000000005,460.0819754732705,1026.9056451622034
2670,MADS132,i,6,ADS,9.75,70.00000000000028,371.0375688609098,2296.708428414225
2671,MADS132,u,6,ADS,16.4570481874744,174.41425918130093,353.51788419661375,797.4326155219777
2672,MADS132,u,6,ADS,18.93505043954751,116.84062022824904,404.65104491295585,737.0546253699506
2673,MADS132,u,6,ADS,26.58940085057184,132.84259043228985,401.6168069413519,674.9401501473207
2674,MADS132,u,6,ADS,27.43,129.999999999999,423.54348308040926,837.4007128860442
2675,MADS132,a,6,ADS,30.84,100.00000000000142,800.6466307368421,1441.35916288
2676,MADS132,a,6,ADS,33.54853735780995,101.46264219005019,712.1362012496298,1411.702512465722
2677,MADS132,i,6,ADS,40.3233449336658,96.65506633420051,383.11372108078103,2207.722673919992
2678,MADS132,i,6,ADS,42.28837299724041,102.88788866814258,344.4196983199987,2394.566911891361
2679,MADS132,a,6,ADS,49.17546733290315,104.53266709684783,693.3607357726961,1467.4068309886347
2680,MADS132,a,6,ADS,50.0,109.99999999999943,824.8290724132726,1393.675354140881
2681,MADS132,a,6,ADS,51.03,89.9999999999963,868.4967257390945,1546.8997479900522
2682,MADS132,i,6,ADS,53.07732718527121,70.83535696607157,397.7287636849523,2199.4249274173026
2683,MADS132,i,6,ADS,56.8380271984753,49.10178153328815,276.63221397467726,2001.8531727743414
2684,MADS132,i,6,ADS,57.1060746288128,53.92537118719787,376.7861334592437,2208.4158776706313
2685,MADS132,a,6,ADS,57.35484729561754,118.32724402285777,716.9101868631404,1476.3105009449125
2686,MADS132,i,6,ADS,62.27933885341799,98.20356306659761,391.52130986084535,2514.3645573647145
2687,MADS132,i,6,ADS,63.88488274558566,82.9095655398362,342.2040580078736,2407.563761497276
2688,MADS132,a,6,ADS,65.2889305800213,89.34914344582978,676.1581109572539,1294.8323497969504
2689,MADS132,a,6,ADS,66.33202400906531,73.25019868081029,650.2278498126632,1255.6006481896886
2690,MADS132,u,6,ADS,67.7833105796448,55.54135943930305,371.2760806215076,1040.3953871671392
2691,MADS132,i,6,ADS,67.94430002729496,40.24736191253453,458.3132589570452,1771.1114274293013
2692,MADS132,u,6,ADS,71.26324769292775,96.75230707225069,421.5319874702052,978.3261498354659
2693,MADS132,u,6,ADS,80.93,69.99999999999318,476.89599504709633,1107.039666360732
2694,MADS132,a,6,ADS,88.35684870102165,113.15129897835163,708.295456296071,1246.5467007930922
2695,MADS132,u,6,ADS,89.89,98.74209838163495,485.86768769352784,716.9578684193266
2696,MADS132,a,6,ADS,91.96062340000982,89.37659999017455,630.6680546130762,1266.0223145169823
2697,MADS133,i,15,ADS,5.92,60.0000000000005,366.43892827246225,2418.093807096148
2698,MADS133,u,15,ADS,7.269169887381128,150.83011261887157,372.4719401435462,783.7217498876767
2699,MADS133,u,15,ADS,8.25,89.99999999999986,404.24881078362466,830.6645922544229
2700,MADS133,u,15,ADS,8.517947645392235,142.05235460776498,445.7317451144157,747.2743649417853
2701,MADS133,i,15,ADS,9.107749840930165,92.25015906983458,370.193748987185,2230.4491767443415
2702,MADS133,u,15,ADS,15.29,120.000000000001,388.54256173648093,744.1980221936524
2703,MADS133,u,15,ADS,18.71767188792934,72.32811207066092,364.82342837935295,808.6038010650385
2704,MADS133,u,15,ADS,26.76,99.99999999999787,506.7556526664761,940.1947591860526
2705,MADS133,u,15,ADS,27.68,116.65967204679006,442.5667469013921,870.2665015285844
2706,MADS133,a,15,ADS,31.30172503274953,111.68914545286057,612.1236898395064,1147.947750425928
2707,MADS133,a,15,ADS,33.66,142.90946947154026,555.0343365497743,1145.4612267405782
2708,MADS133,i,15,ADS,39.71964757954793,94.9797457394368,377.34792848570464,2559.773328541642
2709,MADS133,i,15,ADS,41.75604731600181,83.95268399819145,360.00014282140427,2478.352845742753
2710,MADS133,a,15,ADS,45.91,124.41571090126047,628.2510934408857,1295.2270774340366
2711,MADS133,a,15,ADS,47.01,100.00000000000142,697.1040125966801,1292.2226151128314
2712,MADS133,a,15,ADS,48.44,110.63269423487299,685.0320965298525,1336.0114508552847
2713,MADS133,i,15,ADS,50.94754811149298,82.45188850702334,363.0965228797222,2430.5229795762802
2714,MADS133,i,15,ADS,55.13956623061389,54.525409591150265,391.26837638000427,2040.959212397283
2715,MADS133,a,15,ADS,55.39,110.9340098154803,658.4055455723285,1297.6989207410104
2716,MADS133,i,15,ADS,61.62599052049321,104.00947950678585,365.19502847207957,2507.83724275777
2717,MADS133,i,15,ADS,63.42,119.99999999999744,352.07451038681376,2371.9965087264636
2718,MADS133,a,15,ADS,65.04,79.9999999999983,666.1847143784217,1220.5712031776234
2719,MADS133,a,15,ADS,66.26,79.9999999999983,731.0345099242962,1375.0327821616768
2720,MADS133,u,15,ADS,71.512359053214,87.64094678599577,332.21947574607333,818.4317809763777
2721,MADS133,u,15,ADS,80.71,109.99999999999943,473.2803151534555,722.6346979343381
2722,MADS133,a,15,ADS,88.56,149.99999999999147,652.3940026545629,1231.5547947547825
2723,MADS133,u,15,ADS,90.71,109.99999999999943,362.46300435595174,737.8360684270838
2724,MADS133,a,15,ADS,92.7,129.99999999999545,657.2849683008512,1191.371648803766
2725,MADS133,i,18,ADS,5.682269825228083,80.37725322518784,340.4087252006113,2472.3416108878605
2726,MADS133,u,18,ADS,6.88,190.17325880458725,342.6965823978437,654.0702532454454
2727,MADS133,u,18,ADS,8.300653868367663,69.3461316323365,389.9079416618747,787.2827967477183
2728,MADS133,u,18,ADS,8.570516733091216,219.48326690878338,427.91030162115163,879.5410045003845
2729,MADS133,i,18,ADS,9.331573753166357,87.60217486340593,370.1269826050113,2234.572268006904
2730,MADS133,u,18,ADS,15.4,129.14990103261027,375.80605473105487,740.3712337639847
2731,MADS133,u,18,ADS,18.16860652212794,86.69905965863833,364.29870582719394,811.1518512596174
2732,MADS133,u,18,ADS,25.72,128.54104641069952,369.07341751942454,755.6392926832452
2733,MADS133,a,18,ADS,29.57167636865307,79.47413802041225,841.3701904873964,1312.6372201492586
2734,MADS133,a,18,ADS,32.19,96.16717259140017,728.5340958368567,1151.7990377581377
2735,MADS133,i,18,ADS,37.64,89.73792541716819,388.17086090411175,2513.9357950470826
2736,MADS133,i,18,ADS,39.34561019485032,74.38980514967852,335.3317497516705,2616.575612747466
2737,MADS133,a,18,ADS,43.10940145574049,102.35453176458975,597.4699915355617,1267.3091620636424
2738,MADS133,a,18,ADS,44.36,142.09524347418778,801.540861943693,1285.27626038631
2739,MADS133,a,18,ADS,45.84,118.30802378811711,816.6435479743617,1329.9517030751072
2740,MADS133,i,18,ADS,48.59081450137841,78.57102281563755,401.3364396827665,2157.4800399502437
2741,MADS133,i,18,ADS,52.45,42.16886207746029,344.07878546522375,2416.7006533308795
2742,MADS133,a,18,ADS,52.99745079169522,92.54920830478142,655.7419379703085,1270.5049825820292
2743,MADS133,i,18,ADS,58.32345081588605,120.11432223539487,323.4803342040522,2592.645266922386
2744,MADS133,i,18,ADS,60.36616349857172,107.47070936850633,323.35685554311914,2533.1268947068675
2745,MADS133,a,18,ADS,62.19,101.06692005263085,708.0905096561718,1341.132990260592
2746,MADS133,a,18,ADS,63.50479988046904,88.5052900681913,615.6239406942893,1143.0253084706321
2747,MADS133,u,18,ADS,68.86234212628106,109.27693977806996,301.3064265726612,849.878408173297
2748,MADS133,u,18,ADS,78.21333316305792,126.66683694207848,345.8021831158006,804.0918773803857
2749,MADS133,a,18,ADS,86.08796527739138,132.0347226086227,620.2474537670132,1170.8421942126092
2751,MADS133,a,18,ADS,89.60327065074573,109.27693977805575,702.0670908668872,1325.6024731231091
2752,MADS133,i,6,ADS,6.978169542825861,70.00169042958592,308.029712403203,2200.2592983043724
2753,MADS133,u,6,ADS,8.193741547492479,156.2584525075206,334.32146680250344,651.6440462774123
2754,MADS133,u,6,ADS,9.679548848150397,190.0151215809114,436.0511749290223,998.3557034881289
2755,MADS133,i,6,ADS,10.29,59.00779239753007,391.7737850127956,2149.959088361422
2756,MADS133,u,6,ADS,16.02,100.00000000000142,467.26024682008824,1453.1701964183796
2757,MADS133,u,6,ADS,18.54641036733103,75.48008359363934,414.76140051426887,762.331031924497
2758,MADS133,u,6,ADS,26.03267650274752,142.05300428017864,384.97193518325287,725.1830960689176
2759,MADS133,u,6,ADS,26.91,120.000000000001,397.8258337650409,700.971769881313
2760,MADS133,a,6,ADS,29.64021584347413,109.37545225102951,787.474393852436,1277.0051077756827
2761,MADS133,a,6,ADS,31.95628991099741,129.49640808966834,777.889268711088,1221.5033950496716
2762,MADS133,i,6,ADS,37.67437734387731,105.2480766943873,369.03111080669197,2614.7513918421746
2763,MADS133,i,6,ADS,39.6347049182495,103.70031086064557,341.493222429118,2635.8985460885374
2764,MADS133,a,6,ADS,43.30429549572595,119.69389114264573,711.7530899622337,1298.1554035741685
2765,MADS133,a,6,ADS,44.47,140.00000000000057,835.0614438871081,1286.714036505316
2766,MADS133,a,6,ADS,45.73,100.00000000000142,821.1388205129665,1355.104584615097
2767,MADS133,i,6,ADS,47.7791648793923,83.06343307745578,397.95251433653317,2385.923002876595
2768,MADS133,i,6,ADS,51.38,39.99999999999915,395.1796578075874,2474.678905625952
2769,MADS133,i,6,ADS,51.69007297509793,65.5220869617068,354.8612498187129,2523.2665089915436
2770,MADS133,a,6,ADS,51.97521769597516,104.78230402483746,740.376717862447,1294.369267045877
2771,MADS133,i,6,ADS,57.14159096952197,118.40903047802698,305.9030939211367,2571.4860197665357
2772,MADS133,i,6,ADS,59.21,79.9999999999983,390.25170790265537,2554.8594983724993
2773,MADS133,a,6,ADS,60.8,60.000000000002274,622.0457507673398,1125.6450046965952
2774,MADS133,a,6,ADS,61.67,79.9999999999983,618.8948702284521,1227.9676038049065
2775,MADS133,i,6,ADS,63.24,47.4069957255665,489.047836910925,1852.508895662822
2776,MADS133,u,6,ADS,65.91553325937768,84.46674062231807,459.1717466470324,1334.5596136553586
2777,MADS133,u,6,ADS,73.69,107.29161798900577,354.28098087591593,723.6518823102448
2778,MADS133,a,6,ADS,80.8,130.00000000000966,647.0073115853039,1311.2251595003347
2779,MADS133,u,6,ADS,82.42,99.92909643584369,344.6554672764502,819.5037854773667
2780,MADS133,a,6,ADS,84.35914447190493,110.85552809507249,677.9407553216236,1339.2510662503687
2781,MADS134,i,6,ADS,4.841129837307529,128.8701626924711,363.8967870623501,2201.292677490964
2782,MADS134,u,6,ADS,6.46,150.00000000000034,363.14316299019896,726.8578022990254
2783,MADS134,u,6,ADS,7.52,170.00000000000082,467.69734709362604,921.7832269056212
2784,MADS134,u,6,ADS,7.88,158.36810918783596,525.5606819472018,1088.653621895268
2785,MADS134,i,6,ADS,8.35,110.00000000000121,430.7138808599936,2112.6652447513297
2786,MADS134,u,6,ADS,14.60561739635705,144.3826036429492,462.28832758622036,903.0478976778476
2787,MADS134,u,6,ADS,17.82429078872611,115.70921127389155,429.23923597494814,1173.8887124590551
2788,MADS134,u,6,ADS,26.37,189.99999999999773,329.60702676044355,861.9613560567859
2789,MADS134,u,6,ADS,27.46,140.00000000000057,390.35735313286654,766.9623878506377
2790,MADS134,a,6,ADS,32.13,119.99999999999744,883.9457123007724,1320.0700116188877
2791,MADS134,a,6,ADS,34.88,109.99999999999943,824.7984919357614,1255.487236265464
2792,MADS134,i,6,ADS,41.25798068777458,112.01931222542072,403.0740949132675,2364.674008855297
2793,MADS134,i,6,ADS,43.27945833687531,100.54166312469448,361.5771469226715,2376.4344499363933
2794,MADS134,a,6,ADS,47.66386045087068,124.20013931478024,784.754627132776,1403.9342542649968
2795,MADS134,a,6,ADS,48.96,109.99999999999943,749.4106392743249,1270.3151989135763
2796,MADS134,a,6,ADS,50.33,95.6758741485828,792.5790608209016,1220.5001784350836
2797,MADS134,i,6,ADS,53.61224475033632,105.16216175557958,417.27560103258196,2217.3661904562287
2798,MADS134,i,6,ADS,57.83,53.41576357589872,400.33259557136944,2247.1687883273594
2799,MADS134,i,6,ADS,58.15720001228439,56.20736231763601,410.00154950047903,2055.546393519058
2800,MADS134,a,6,ADS,58.39,100.57788907801779,796.4122667197043,1463.9709073136842
2801,MADS134,i,6,ADS,64.10490247353981,135.0975264601857,436.9820484417114,2407.686998831928
2802,MADS134,i,6,ADS,66.09,119.7769539957676,366.73040149058016,2393.6366204970186
2803,MADS134,a,6,ADS,67.94683152574086,103.16847425913522,712.2211757495938,1194.9359492061665
2804,MADS134,a,6,ADS,69.1,95.86688448305836,690.4303702496002,1226.4376968217873
2805,MADS134,i,6,ADS,71.4,39.99999999999204,462.54404489267984,1615.4401116048314
2806,MADS134,u,6,ADS,74.23821055964457,105.83438357690511,396.65890563267453,853.220584090564
2807,MADS134,u,6,ADS,83.14,159.9999999999966,367.41125662753205,854.3971194507828
2808,MADS134,a,6,ADS,91.70522028737912,174.77971262087522,790.9523291492228,1252.3052534735864
2809,MADS134,u,6,ADS,93.37,125.80265600728069,353.63072444239015,819.0533670416609
2810,MADS134,a,6,ADS,95.49,109.99999999999943,776.8424223062583,1307.630339113798
2811,MADS134,i,9,ADS,8.42,169.99999999999994,369.3941382078897,2344.1021842705995
2812,MADS134,u,9,ADS,10.42,169.99999999999994,403.1022592096452,769.5474135578793
2813,MADS134,u,9,ADS,11.56,259.9999999999998,435.19362239087036,862.7707886302387
2814,MADS134,u,9,ADS,12.02499202143879,118.22124902270126,468.1708185858133,1116.1868494875491
2815,MADS134,i,9,ADS,12.43,80.00000000000007,487.0800300496632,2040.2279792561535
2816,MADS134,u,9,ADS,18.53,145.5777036182404,372.23576011120866,788.5316555070593
2817,MADS134,u,9,ADS,22.16182417663087,141.07073412792204,401.61875588027954,723.3893863420899
2818,MADS134,u,9,ADS,30.06,200.00000000000284,481.2760536873737,918.7222766870744
2819,MADS134,u,9,ADS,31.1,99.99999999999787,403.9272614287423,888.4340664626264
2820,MADS134,a,9,ADS,34.85,129.9859296846151,863.3922327698536,1379.540561287929
2821,MADS134,a,9,ADS,38.24,157.8365661391885,870.9240223507531,1342.733711109522
2822,MADS134,i,9,ADS,45.6287255369498,111.27446305020072,432.0257706645764,2351.8950045010156
2823,MADS134,i,9,ADS,47.62977316165618,89.41102867262885,363.026311733635,2098.335107030916
2824,MADS134,a,9,ADS,52.11,109.99999999999943,749.5283277326662,1411.2592158339019
2826,MADS134,a,9,ADS,54.73,80.0000000000054,817.0988686511375,1348.5553887067326
2827,MADS134,i,9,ADS,57.56532663233128,99.34558741403521,379.17186762468003,2221.984557907516
2828,MADS134,i,9,ADS,61.71011916885604,69.88083114396204,367.55481416411664,2320.468793704355
2829,MADS134,a,9,ADS,61.99403980885372,96.36521979160761,747.9089077431623,1426.670918244224
2830,MADS134,i,9,ADS,67.39984296426864,120.15703573135283,433.3737774085785,2367.8890620637517
2831,MADS134,i,9,ADS,69.6,118.92152683330437,356.06048350135956,1868.415711823052
2832,MADS134,a,9,ADS,71.08,103.91845951681944,718.9596058874074,1206.576623801353
2833,MADS134,a,9,ADS,71.73,108.97611643014216,718.7578598981688,1201.6809266147732
2834,MADS134,u,9,ADS,77.80635457908025,84.44374930192566,384.67667145031476,829.2314608247347
2835,MADS134,u,9,ADS,88.13,100.00000000000853,426.98675987179564,1077.3117864092117
2836,MADS134,a,9,ADS,96.0606686404644,218.56029231088314,761.8420548385131,1296.7900927451049
2837,MADS134,u,9,ADS,97.24861150385075,100.33904328818721,394.06098437918445,785.5171297636099
2838,MADS134,a,9,ADS,99.35436485327575,126.16889601584091,802.8253819492866,1443.7292908519971
2839,MADS135,i,15,ADS,5.31,120.00000000000011,375.5351476808377,2583.2078275757867
2840,MADS135,u,15,ADS,6.74,246.81612782051053,476.9444028701008,777.1135806681776
2841,MADS135,u,15,ADS,7.76,95.01653982184254,393.00402235525075,870.5502025928081
2842,MADS135,u,15,ADS,8.05,169.99999999999994,471.36398084117803,883.5834938276771
2843,MADS135,i,15,ADS,8.59,89.99999999999986,468.95069601994226,2149.406123236001
2844,MADS135,u,15,ADS,15.81,179.99999999999972,491.9915533290756,976.2717264059663
2845,MADS135,u,15,ADS,18.49275993151285,119.37818241421994,429.52608277882956,796.2436058820094
2846,MADS135,u,15,ADS,26.32,210.00000000000085,444.11821218256927,1089.932621624402
2847,MADS135,u,15,ADS,27.44,259.999999999998,414.01141860686016,742.7019584919486
2848,MADS135,a,15,ADS,31.26795691322797,141.82536201348128,786.4658187333032,1266.2613519666115
2849,MADS135,a,15,ADS,34.01,144.26337033944492,696.0362149921531,1176.2015690227652
2850,MADS135,i,15,ADS,41.44961550760606,130.38449239393657,402.2661341123443,2548.6600514043043
2851,MADS135,i,15,ADS,44.10663614449231,203.3638555076891,372.5138713526614,2732.436505907199
2852,MADS135,a,15,ADS,48.21,129.8346525597367,789.2978750335076,1339.8110318786894
2853,MADS135,a,15,ADS,49.56,149.99999999999858,951.9021043485566,1343.0191462160924
2854,MADS135,a,15,ADS,51.07,119.99999999999744,691.7064141381835,1281.819922038038
2855,MADS135,i,15,ADS,53.65406730496515,95.93269503484692,451.2208185195632,2459.85790425228
2856,MADS135,i,15,ADS,58.54556768446191,74.43231553808971,394.6713246620695,2466.745649619829
2857,MADS135,a,15,ADS,58.95,120.1412132797941,785.9051680570872,1315.16730458127
2858,MADS135,i,15,ADS,64.93,129.99999999999545,406.25351595827107,2527.5255220223025
2859,MADS135,i,15,ADS,66.78,99.99999999999432,368.15736016147156,2481.14836654031
2860,MADS135,a,15,ADS,68.48,109.99999999999943,706.2497537331186,1281.1343442850466
2861,MADS135,a,15,ADS,69.43242928738799,72.44317052486338,640.9567139848781,1238.9096585788348
2862,MADS135,i,15,ADS,71.75,69.0010886470418,479.83595858946535,2161.4015807874694
2863,MADS135,u,15,ADS,75.37527811834404,124.7218816559581,334.0471491720425,710.0257171848459
2864,MADS135,u,15,ADS,83.96,140.00000000000057,436.9909922870944,1016.969104592565
2865,MADS135,a,15,ADS,92.50043592286124,209.5640771387508,794.8337190576165,1186.82903181139
2867,MADS135,a,15,ADS,97.46594113944634,134.05886055365102,729.394968764131,1289.5112210112484
2868,MADS135,i,18,ADS,7.886355894217727,104.57054011653977,395.28735752850315,2105.2205256035854
2869,MADS135,u,18,ADS,9.31176182205279,215.78047960555935,468.89623435112617,842.9241048674372
2870,MADS135,u,18,ADS,10.31052933101742,107.89023980276902,402.6097651228359,724.7389720530888
2871,MADS135,u,18,ADS,10.66968427835045,150.31572164954986,420.7683454530197,936.7500460978739
2872,MADS135,i,18,ADS,11.18632045607345,106.23038995966105,395.45751569279804,2392.4165112686787
2873,MADS135,u,18,ADS,18.7232698341551,207.48123038995914,446.7651486322044,880.4173965214901
2874,MADS135,u,18,ADS,21.9,57.36455064996093,372.6387948432649,970.7527039778759
2875,MADS135,u,18,ADS,29.81,197.9654583146626,431.5900402836867,770.8388633294729
2876,MADS135,u,18,ADS,31.16318719184224,306.81280815775835,375.87999870684666,941.771092800391
2877,MADS135,a,18,ADS,35.32624537763326,144.406936351416,838.5066284693415,1200.8123224124245
2878,MADS135,a,18,ADS,38.21,151.88130322703586,772.2620071163569,1273.1262162868347
2879,MADS135,i,18,ADS,44.65721859592057,131.1281376064528,370.75675149094025,2513.2512240965316
2880,MADS135,i,18,ADS,47.04547050089582,144.406936351416,421.52110562334764,2709.70220899024
2881,MADS135,a,18,ADS,50.70075372590688,107.890239802785,835.6279608468034,1321.9108226988392
2882,MADS135,a,18,ADS,52.25,150.74812303814156,1020.0970978296845,1350.3604099732431
2883,MADS135,a,18,ADS,53.58,138.63514119139353,664.219778710104,1191.2224938799131
2884,MADS135,i,18,ADS,56.09510617436025,81.33264231287285,435.69559746648684,2632.875534229218
2885,MADS135,u,18,ADS,58.43,122.42057933549688,377.1788585927123,754.6446788342076
2886,MADS135,i,18,ADS,60.77358401501446,59.754594352313006,344.66540359534815,2189.3265904911896
2887,MADS135,a,18,ADS,61.12050649932643,87.97204168534023,788.7535276367709,1286.995808178921
2888,MADS135,i,18,ADS,67.45382077927898,130.81116261582793,363.78730458870024,2382.638171590856
2889,MADS135,i,18,ADS,69.34020672305725,107.29454911185599,381.55607916315114,2085.365447366733
2890,MADS135,a,18,ADS,70.91901711303356,99.94560739185943,780.2601283086467,1265.3869118193536
2891,MADS135,a,18,ADS,71.98094629957998,91.86177149986463,804.9124311931032,1277.5794295141593
2892,MADS135,i,18,ADS,74.14961185463868,70.5498405119016,474.8159400231288,2173.152309946984
2893,MADS135,u,18,ADS,88.96,135.66564260106873,450.5548626221014,1192.314091142213
2894,MADS135,a,18,ADS,96.88,188.36455501907778,794.1679726669447,1176.6602285320714
2895,MADS135,u,18,ADS,98.54658956809185,113.17370248782765,394.23729199493243,829.4568183831232
2896,MADS135,a,18,ADS,100.98,154.80394022779365,756.8734001073535,1239.9590432459395
2897,MADS135,i,6,ADS,5.75,129.9999999999999,343.7551666967871,2345.106359299933
2898,MADS135,u,6,ADS,7.62511106705919,194.88893294081055,438.66020093979233,876.9261741185016
2899,MADS135,u,6,ADS,8.73,151.75954061821528,502.08135797073066,819.7270078696573
2900,MADS135,i,6,ADS,9.66,109.99999999999943,363.26092284642476,2600.2082890814754
2901,MADS135,u,6,ADS,17.39756386919156,152.43613080843943,473.4274394178245,895.3589753118528
2902,MADS135,u,6,ADS,19.73990856861583,140.09143138416746,465.27114477426807,1272.445431144208
2903,MADS135,u,6,ADS,28.35310334248688,166.00854261817943,430.977293667281,713.9549463517804
2904,MADS135,u,6,ADS,29.39917021065858,160.82978934142034,440.5109156558045,767.7510007160773
2905,MADS135,a,6,ADS,33.31790586426668,150.54190821276592,725.6814008420833,1270.457251929842
2906,MADS135,a,6,ADS,36.21,179.99999999999972,778.1108865208215,1217.7604656232645
2907,MADS135,i,6,ADS,44.17160092795974,128.3990720402599,425.27688662564225,2144.661300385609
2908,MADS135,i,6,ADS,46.63465598898836,116.51531252084624,415.0602122524408,2435.658982278952
2909,MADS135,a,6,ADS,50.4672682306972,145.38636341095668,869.6799300170339,1300.3030597777604
2910,MADS135,a,6,ADS,52.0083661027552,151.6338972447997,773.2589046144848,1285.2688607794885
2911,MADS135,a,6,ADS,53.5,159.9999999999966,852.0147768008385,1301.6020594655483
2912,MADS135,i,6,ADS,56.08061930272036,114.45309460011543,442.02202731388974,2454.3966241506105
2913,MADS135,i,6,ADS,60.46,70.00000000000028,457.1198192985621,2237.1781995546744
2914,MADS135,i,6,ADS,60.83420469993415,75.79530006584889,450.6683828913704,2264.82980537873
2915,MADS135,a,6,ADS,61.21487676020969,105.12323979030924,872.0289693862321,1211.745285786548
2916,MADS135,i,6,ADS,66.72,129.99999999999545,402.1599450864231,2285.4914763828383
2917,MADS135,i,6,ADS,68.57,140.00000000000057,371.05977798304684,2170.2611130218224
2918,MADS135,a,6,ADS,70.58193442476458,130.9508379658979,797.9465715815518,1176.020006790255
2919,MADS135,a,6,ADS,71.4361208753196,133.87912468039076,740.3968293244885,1199.648434537721
2920,MADS135,i,6,ADS,73.79,49.99999999999716,575.304115297483,1778.4405963268139
2921,MADS135,u,6,ADS,77.14222467828041,127.77532171958228,406.88100971471533,1149.2207540183229
2922,MADS135,u,6,ADS,86.41,130.00000000000966,452.07349466255147,688.3602004998186
2923,MADS135,a,6,ADS,95.18401867778816,165.98132221183448,864.7055914555096,1231.3257528813685
2924,MADS135,u,6,ADS,97.64231833571996,114.45309460012254,365.01178839290463,835.6187557918433
2925,MADS135,a,6,ADS,99.82,150.00000000000568,814.8349954610184,1199.2573999365843
2926,MADS135,i,9,ADS,8.04,108.28417112297295,389.17123958919063,2602.72425672558
2927,MADS135,u,9,ADS,9.741937032197642,278.0629678023576,511.24258922905835,938.0491141260903
2928,MADS135,u,9,ADS,10.8,129.999999999999,476.76826243739356,714.7870141917732
2929,MADS135,u,9,ADS,11.17,140.00000000000057,425.71985026500556,736.3248397430984
2930,MADS135,i,9,ADS,11.75,109.99999999999943,373.2383244562944,2513.125198999276
2931,MADS135,u,9,ADS,19.82441052868925,154.07855509283053,483.5525267288666,762.7562927317041
2932,MADS135,u,9,ADS,23.16425402038049,125.74597961950928,338.2120190515723,826.5585766349453
2933,MADS135,u,9,ADS,30.79293628306247,217.06371693753113,362.26001272409326,686.0638602241487
2934,MADS135,u,9,ADS,32.24,189.99999999999773,457.43479667336277,834.8315562735227
2935,MADS135,a,9,ADS,35.96105494824389,141.75227068540863,888.7692734032136,1243.4769122902264
2936,MADS135,a,9,ADS,38.57,170.0000000000017,851.5350355544273,1240.4729273743121
2937,MADS135,i,9,ADS,45.356660431598,163.3395684020016,410.58368169882596,2192.2876923630756
2938,MADS135,i,9,ADS,47.40003636073099,119.96363926901665,344.37099221907397,2483.6003699880416
2939,MADS135,a,9,ADS,51.2,168.71407970516827,815.5603288014843,1285.7653421898153
2940,MADS135,a,9,ADS,52.65,160.0000000000037,744.6808414349857,1279.5782044211319
2941,MADS135,a,9,ADS,53.99,119.99999999999744,885.8393111081244,1258.6247768942658
2942,MADS135,i,9,ADS,56.39363284505665,86.36715494334624,422.18338618039115,2376.2038061360377
2943,MADS135,i,9,ADS,61.25999413811777,80.0058618822348,308.91719668035955,1801.4484353319183
2944,MADS135,i,9,ADS,61.64519052584986,78.58006309733412,421.8058554982948,2298.939858280422
2945,MADS135,a,9,ADS,62.01274330431965,126.3444151761206,745.4417103010234,1209.8607075535797
2946,MADS135,i,9,ADS,67.21,103.79243555533435,380.20310234268317,2195.1310709072645
2947,MADS135,i,9,ADS,69.07,110.00000000001364,397.86529513215584,2466.7955921529265
2948,MADS135,a,9,ADS,71.21,100.00000000000853,754.1172180736089,1168.9476941163468
2949,MADS135,a,9,ADS,72.31,102.9483765705379,785.4779457143011,1191.495885553023
2950,MADS135,i,9,ADS,74.67796823886702,62.03176113297104,459.0601705676369,2020.383303835007
2951,MADS135,u,9,ADS,78.15480561482707,152.53776954190812,283.6287120221101,703.2028467339517
2952,MADS135,u,9,ADS,86.59,99.99999999999432,419.4092477046126,750.9996731470403
2953,MADS135,a,9,ADS,94.89,189.99999999999773,781.939108742057,1151.6592647583516
2954,MADS135,u,9,ADS,98.11,100.21339423920494,414.1843605011034,774.7611508276563
2955,MADS135,a,9,ADS,100.62,149.99999999999147,777.530248182581,1180.5593411833408
2956,MADS136,i,15,ADS,4.78,80.00000000000007,334.60090971925547,2469.441601451411
2957,MADS136,u,15,ADS,6.85,150.00000000000034,322.2077059079388,739.6151438566499
2958,MADS136,u,15,ADS,7.41,99.99999999999964,263.72246426945935,814.740091700891
2959,MADS136,u,15,ADS,7.65,139.9999999999997,383.4664326469373,863.355372373681
2960,MADS136,i,15,ADS,8.07,49.999999999998934,418.19668933748795,2202.4952249491434
2962,MADS136,u,15,ADS,15.43909180568885,82.98153873792025,380.98807650436106,840.1037433851394
2963,MADS136,u,15,ADS,22.42,64.45722350752803,378.28232416306076,1028.3002429854068
2964,MADS136,u,15,ADS,23.22374028961676,130.2068046863205,357.6786008664193,873.2855200840245
2965,MADS136,a,15,ADS,26.17,95.5905830202397,700.2450302359716,1437.0430571029924
2966,MADS136,a,15,ADS,28.07,79.9999999999983,717.2081548763575,1360.6666988155032
2967,MADS136,i,15,ADS,32.68328388417905,73.53648554823167,338.5158695820675,2386.8769312466648
2968,MADS136,i,15,ADS,34.38511453472751,74.8854652724944,371.65449588981943,2233.6090304728627
2969,MADS136,a,15,ADS,37.40765850820895,82.34149179105543,846.074365927596,1287.1959988544472
2970,MADS136,a,15,ADS,38.33,100.00000000000142,889.27490883386,1340.5587810461643
2971,MADS136,a,15,ADS,39.4,90.65001131330064,968.6269144703285,1279.7234893834186
2972,MADS136,i,15,ADS,43.04892735912732,76.9097188302581,409.40263727471756,2351.920264990712
2973,MADS136,i,15,ADS,46.77944771109609,60.55228890391362,358.9007441186726,2730.203529251383
2974,MADS136,a,15,ADS,47.05079893908681,74.88577886105219,803.2121010914212,1383.524739395536
2975,MADS136,i,15,ADS,51.11,179.01946387315348,325.7597494403779,2831.2283084246606
2976,MADS136,i,15,ADS,53.05,90.00000000000341,323.8364484588422,2403.9655105102433
2977,MADS136,a,15,ADS,54.51,80.0000000000054,668.3563309596532,1215.7520496756042
2978,MADS136,a,15,ADS,55.25,79.9999999999983,651.5299315667282,1175.440242193808
2979,MADS136,u,15,ADS,65.84,99.83578812880012,336.6596468902343,945.8446337070852
2980,MADS136,a,15,ADS,72.01,126.39596501333017,772.9511063947551,1377.3532993504634
2981,MADS136,a,15,ADS,74.63,79.9999999999983,626.6647417856517,1228.000876194767
2982,MADS136,i,18,ADS,5.283367670641785,73.03339309726465,365.9282002800839,2393.2562341366156
2983,MADS136,u,18,ADS,6.74,139.9999999999997,435.152739017114,836.2099014634289
2984,MADS136,u,18,ADS,8.012292200000813,147.7077999991874,379.7833252735297,861.1312304719779
2985,MADS136,u,18,ADS,8.437636636352227,272.215374271628,395.9517553237621,896.3732873437451
2986,MADS136,i,18,ADS,9.18,95.87467422761975,411.19651365965126,2586.7217780722467
2987,MADS136,u,18,ADS,17.23,175.21255522277102,335.419938599603,722.9436455461304
2988,MADS136,u,18,ADS,19.60487890439357,101.25084043029986,417.27324411986405,1304.6351256640414
2989,MADS136,u,18,ADS,28.7,140.68935934660232,441.50221898401134,693.3802971627408
2990,MADS136,u,18,ADS,29.67619739946315,133.80260053684978,328.95538517853043,596.7287002108155
2991,MADS136,a,18,ADS,33.29942913411127,107.8902398027779,704.133285908483,1351.6794734060895
2992,MADS136,a,18,ADS,36.16,137.3923512783506,759.2888328678256,1187.5358729409174
2993,MADS136,i,18,ADS,43.65641254961954,137.7675369789344,345.52111331203855,2797.1986633550555
2994,MADS136,i,18,ADS,45.33845787682704,87.97204168534023,435.35226722697433,2559.243134068056
2995,MADS136,i,18,ADS,47.52982497678213,112.86978933213732,419.3461718568568,2733.369614270569
2996,MADS136,a,18,ADS,51.94922883155559,184.24333258629133,630.892028313788,1224.3467638772872
2997,MADS136,a,18,ADS,55.19,96.86722241157497,625.1758431499746,1256.9470855750615
2998,MADS136,i,18,ADS,57.77491462268041,132.78798744957498,385.2260008338717,2528.9157057715074
2999,MADS136,i,18,ADS,64.33994683917497,114.52963917525949,399.0730927380004,3164.5523401025416
3000,MADS136,a,18,ADS,64.70843350434755,107.8902398027708,611.265830276856,1138.4043050342716
3001,MADS136,i,18,ADS,71.48733982438306,164.32513446885366,307.08746415005277,2737.660288004596
3002,MADS136,i,18,ADS,74.28098028830044,107.12946300760962,428.97228869055795,2817.131128818756
3003,MADS136,a,18,ADS,76.74057794946789,188.24139488418723,766.1845531862886,1406.5572915722048
3004,MADS136,a,18,ADS,77.7177197095535,121.11655639836272,648.1953757769372,1237.8344513306236
3005,MADS136,i,18,ADS,80.05782676503053,71.50254534361977,451.51437358518245,1921.7781836961094
3006,MADS136,u,18,ADS,83.52598100208535,121.11655639834851,372.72124591262525,701.2262094027597
3007,MADS136,u,18,ADS,93.89,151.69598869283618,400.3404770794214,763.4990724374209
3008,MADS136,a,18,ADS,104.7089279125658,161.97515373750093,746.8501653116548,1316.4077882135264
3009,MADS136,u,18,ADS,107.0128553463449,81.71719467839011,449.6743112430013,1079.3017981429916
3010,MADS136,a,18,ADS,110.47,156.16116743500186,706.6794341260429,1326.2564545965795
3011,MADS136,i,6,ADS,6.37,70.00000000000028,365.3683665803835,2518.3459258978237
3012,MADS136,u,6,ADS,7.85,189.26647212779636,338.2464912179084,808.0364751633551
3013,MADS136,u,6,ADS,8.64,199.9999999999993,371.92682046777503,824.2653088445045
3014,MADS136,u,6,ADS,9.0258909731549,344.10902684509995,365.2338557513499,854.527583363998
3015,MADS136,i,6,ADS,9.92,70.00000000000028,392.4495316498187,2494.651275238722
3016,MADS136,u,6,ADS,18.05,179.99999999999972,515.5475436099729,1615.6565475373568
3017,MADS136,u,6,ADS,21.44649750478756,123.50249521244194,427.3161427269659,803.680995936767
3018,MADS136,u,6,ADS,29.51152647727686,138.47352272313884,454.31492383338065,867.8871171288702
3020,MADS136,a,6,ADS,35.60574238217971,114.25761782028587,775.9194914082356,1314.2567707407425
3021,MADS136,a,6,ADS,38.42,119.99999999999744,796.4969355014896,1290.8335533398797
3022,MADS136,i,6,ADS,46.05288913031109,147.11086968891607,405.4632874950186,2543.645532810775
3023,MADS136,i,6,ADS,49.53,117.18933902005801,375.97681067977396,2688.401168747804
3024,MADS136,a,6,ADS,53.96,109.99999999999943,747.819878050761,1270.2438447041388
3025,MADS136,a,6,ADS,55.36,149.99999999999858,757.4147371800851,1185.5898984982996
3026,MADS136,a,6,ADS,57.13444456570074,125.5554342992582,788.8193953597139,1226.9617600646143
3027,MADS136,i,6,ADS,59.67266095501723,98.82566974960127,395.3953724858297,2674.5369051791786
3028,MADS136,i,6,ADS,64.72,63.18088576512082,477.1158956013623,2424.3561891537593
3029,MADS136,i,6,ADS,65.0543179796935,81.08772902531314,317.3153409434546,2642.571595931751
3030,MADS136,a,6,ADS,65.39659959959673,119.09760200592245,724.4292534996673,1292.9558434404546
3031,MADS136,i,6,ADS,72.05,150.00000000000568,336.9656379844725,2198.446802473225
3032,MADS136,i,6,ADS,74.42,120.00000000000455,362.7460962756479,2515.8489057098045
3033,MADS136,a,6,ADS,77.0864494035615,152.03949192245148,669.686356590095,1226.4719839384145
3034,MADS136,a,6,ADS,77.94897369089477,89.9566993874572,663.5307042329283,1105.7203904474247
3035,MADS136,u,6,ADS,83.95787365844562,125.43258083603348,417.6620937904791,808.3564603149362
3036,MADS136,u,6,ADS,95.19817442342377,120.36459777191055,376.12090000129973,817.0307059642762
3037,MADS136,a,6,ADS,103.79,199.99999999998863,774.0501957650006,1255.783698071678
3038,MADS136,u,6,ADS,108.38,113.38435727130047,261.6390113853282,893.7332782711053
3039,MADS136,a,6,ADS,110.63,150.00000000000568,704.3880086372305,1156.5848274859347
3040,MADS136,i,9,ADS,9.41014738789161,89.85261210838935,374.10117568534,2626.2390229107004
3041,MADS136,u,9,ADS,11.04,130.0000000000008,367.55233633454225,705.3755763771927
3042,MADS136,u,9,ADS,11.96,209.9999999999991,371.1441646084479,654.9259154946947
3043,MADS136,u,9,ADS,12.41492241667086,225.07758332914028,344.00280884906374,762.1510012003379
3044,MADS136,i,9,ADS,13.1,80.00000000000007,392.6547436956232,2459.7467216768587
3046,MADS136,u,9,ADS,23.04369588616659,109.42244645953281,297.3780266992523,898.9582610350881
3047,MADS136,u,9,ADS,31.23060910728157,80.24312740365147,420.94528641775656,1014.2772325671723
3048,MADS136,u,9,ADS,32.13,169.9999999999946,374.03100467183225,645.8927694677968
3049,MADS136,a,9,ADS,37.15,90.00000000000341,680.8186039726049,1123.0686379939968
3050,MADS136,a,9,ADS,41.98217304502861,137.82695497138775,730.1255379203005,1112.455548025197
3051,MADS136,i,9,ADS,48.09368969996799,118.54098366448795,321.43313139875215,2781.317821533837
3052,MADS136,i,9,ADS,50.53443857321011,118.54098366450216,391.54390286399456,2845.0020866033524
3053,MADS136,a,9,ADS,56.2,99.61183367570925,763.0035390481709,1194.4154602013575
3054,MADS136,a,9,ADS,57.82,159.9999999999966,746.7289899325415,1186.663746205244
3055,MADS136,a,9,ADS,59.83,109.99999999999943,798.9828852163241,1270.6922177929578
3056,MADS136,i,9,ADS,63.21528195665839,94.71804334161504,391.9768793804955,2692.7476091787094
3057,MADS136,i,9,ADS,69.28242756330893,57.57243669107481,400.5861596415303,2421.96365338517
3058,MADS136,i,9,ADS,69.67634837056326,123.65162943673624,288.7318419853112,2559.243555967241
3059,MADS136,i,9,ADS,77.43783720165638,151.3677176023549,347.2881080720197,2296.2907533895004
3060,MADS136,i,9,ADS,80.03,140.00000000000057,359.44964502308153,2932.507239879465
3061,MADS136,a,9,ADS,82.52340841664865,104.05472198898735,765.8197085943958,1198.2152104719235
3062,MADS136,a,9,ADS,83.61962715793916,180.3728420608337,635.3175066885481,1118.2763464374439
3063,MADS136,u,9,ADS,89.52564682251398,113.31262315806612,405.6746574914745,876.1923662408418
3064,MADS136,a,9,ADS,112.07,150.00000000000568,735.6372232106772,1240.5295358315527
3065,MADS136,u,9,ADS,115.42,90.45536633379925,353.1346725748016,909.0904748857567
3066,MADS136,a,9,ADS,117.65,129.99999999999545,703.8653776462596,1169.8503313446763
3067,MADS137,i,15,ADS,5.741738275161437,118.2617248385629,369.43761569706777,2312.1745884932407
3068,MADS137,u,15,ADS,7.37,280.0000000000002,385.96698221069454,685.0373332857187
3069,MADS137,u,15,ADS,8.436142297110687,103.85770288931262,399.459840183108,599.245419113608
3070,MADS137,u,15,ADS,8.746607350947333,113.39264905266688,429.7788208486762,673.823005011229
3071,MADS137,i,15,ADS,9.28,89.99999999999986,358.28850011325034,2213.39154699872
3072,MADS137,u,15,ADS,16.57378010455519,147.08733896820902,402.6315778518126,911.767810183534
3073,MADS137,u,15,ADS,19.5849332646628,116.30161685857843,375.90021847589816,559.184579599302
3074,MADS137,u,15,ADS,27.01,149.99999999999858,381.71667883996855,750.3512805128573
3075,MADS137,u,15,ADS,28.05644350747744,194.97624002763203,382.141060085592,695.51780798233
3076,MADS137,a,15,ADS,31.42869632224815,163.05030598801906,639.5282663724158,1097.896180551678
3077,MADS137,a,15,ADS,33.5,128.15073608088312,749.3602262073721,1157.9098355631706
3078,MADS137,i,15,ADS,39.84580380130406,74.19619869594385,388.53705174673917,2160.8016229146638
3079,MADS137,i,15,ADS,41.51,80.0000000000054,390.6155032694074,2164.3037157751005
3080,MADS137,a,15,ADS,45.12172800455825,168.75136563795223,687.8599852103121,1126.099526590895
3081,MADS137,a,15,ADS,46.12,150.00000000000568,599.8718631785036,1131.7359474301857
3082,MADS137,a,15,ADS,47.7,140.00000000000057,711.1063849016798,1092.3558979908148
3083,MADS137,i,15,ADS,50.20725979334254,82.74020665746207,389.3903083107756,2169.0840938298957
3084,MADS137,i,15,ADS,54.1161589443186,73.84105568139887,336.8639157078936,1996.415961039666
3085,MADS137,i,15,ADS,54.47760612612421,63.85186807921883,395.0348959597236,2035.4191880563358
3086,MADS137,a,15,ADS,54.76,112.12231347515456,721.2815253468116,1216.74277494491
3087,MADS137,i,15,ADS,59.72849448216995,131.12437194840965,376.95470154535894,2290.923118574499
3088,MADS137,i,15,ADS,61.61592716958025,124.07283041974893,369.5387260264216,2279.491525191931
3089,MADS137,a,15,ADS,62.91,110.00000000000654,648.6841648135404,998.0943353487716
3090,MADS137,a,15,ADS,64.84,109.99999999999943,591.229812344301,1023.1739724998365
3091,MADS137,i,15,ADS,66.74,54.60594990513812,421.1059586363699,1689.2054623893853
3092,MADS137,u,15,ADS,69.80045153318093,111.74076913864894,356.13675768341943,694.976154118393
3093,MADS137,u,15,ADS,78.35,134.34562601548805,361.64108312008506,789.7386876468056
3094,MADS137,a,15,ADS,86.03,150.00000000000568,642.5187956070108,966.4698524720143
3095,MADS137,u,15,ADS,87.58623794039936,84.37568281897256,353.9411566026758,2029.8123614355763
3096,MADS137,a,15,ADS,89.19,158.45411605106108,652.4732578827161,1053.1411995477763
3097,MADS137,i,18,ADS,5.453235236621895,101.25083979890093,345.9644909147333,2242.9581214943146
3098,MADS137,u,18,ADS,7.2,200.00000000000017,380.84346414580176,688.9905956532468
3099,MADS137,u,18,ADS,8.273120251967876,106.87974803212441,342.23210334996696,1158.5977772449169
3100,MADS137,u,18,ADS,15.15,115.66590094127882,330.15382504872576,719.3645174960088
3101,MADS137,u,18,ADS,17.20703545215152,121.16903854774108,351.4548476679935,644.1442717780076
3102,MADS137,u,18,ADS,23.9170401619377,192.95983806230055,355.08854549704955,611.4469410328136
3103,MADS137,u,18,ADS,24.9,179.99999999999972,333.33601051419606,641.1570245321805
3104,MADS137,a,18,ADS,28.34,119.58379427749932,755.2086561740417,1199.1399208120617
3105,MADS137,a,18,ADS,30.53,142.04177276250007,741.910383999799,1228.047464384981
3106,MADS137,i,18,ADS,36.79531454842341,98.76106566562015,353.20259465925636,2228.500352270442
3107,MADS137,i,18,ADS,38.89692866485093,120.33911362616578,392.37922968228673,2331.573717992404
3108,MADS137,a,18,ADS,40.68,97.97338974998127,677.7061177714546,1199.1408354985265
3109,MADS137,a,18,ADS,42.19762944364951,149.3864858807683,724.0554866472905,1186.6822743809898
3110,MADS137,a,18,ADS,43.45,149.99999999999858,801.8631216632473,1212.3560074320105
3111,MADS137,a,18,ADS,44.48717512103622,150.2164108023365,798.1826563670415,1104.9068424673317
3112,MADS137,i,18,ADS,48.01544096314721,91.29174137157747,380.3546934040145,1985.0868230741494
3113,MADS137,i,18,ADS,52.08344592168579,41.496246077990406,346.58016136287165,1916.0014441861688
3114,MADS137,a,18,ADS,52.37443783954772,89.63189152846951,692.6365539870449,1244.4015539270138
3115,MADS137,i,18,ADS,57.46,189.99999999999773,329.0476590572403,2338.9429795059878
3116,MADS137,i,18,ADS,58.961899950148,150.2164108023294,346.1860340708948,2182.6650746441037
3117,MADS137,a,18,ADS,60.72699701984761,112.03986441058333,640.6085908308775,1113.9381685342023
3118,MADS137,a,18,ADS,61.85,89.9999999999963,582.6603830236503,1139.6022602418382
3119,MADS137,u,18,ADS,66.08299765277857,122.82888762490529,363.7864226340228,698.7691106347339
3120,MADS137,u,18,ADS,73.67920729114574,107.98343263709853,400.94616031487595,812.571204984127
3121,MADS137,a,18,ADS,79.92288084311457,138.6273797368176,688.7804453741579,1145.610460438343
3122,MADS137,u,18,ADS,81.66906180221363,103.6057259085652,351.3081725097471,724.0563459506423
3123,MADS137,a,18,ADS,83.3073411140923,125.49425955121762,682.4611769588297,1141.418202191701
3124,MADS137,i,6,ADS,6.91,109.99999999999943,292.29546546652205,2290.625121228636
3125,MADS137,u,6,ADS,8.426246608469262,213.753391530739,383.36732784231447,678.2353510850548
3126,MADS137,u,6,ADS,9.56,89.99999999999986,435.32478199439765,1061.9348115535454
3127,MADS137,u,6,ADS,9.840565997149874,159.43400285012643,423.02177801182097,783.9883459273149
3128,MADS137,i,6,ADS,10.34,80.00000000000007,352.8518121946313,2145.521838237279
3129,MADS137,u,6,ADS,17.56365792013245,204.81780607909172,459.33947630511545,1674.0660509482466
3130,MADS137,u,6,ADS,21.28563641856703,123.96867210050999,420.4781892726258,605.2834928350554
3131,MADS137,u,6,ADS,29.15,170.0000000000017,386.7975141438869,756.4765665994156
3132,MADS137,u,6,ADS,30.17,259.999999999998,368.0298413900585,680.1497453328728
3133,MADS137,a,6,ADS,33.74,109.99999999999943,680.2939709470703,1172.122845501597
3134,MADS137,a,6,ADS,35.68,130.00000000000256,746.4722153187213,1214.7392043665222
3135,MADS137,i,6,ADS,42.16004288918516,109.95711081483961,360.7027318743921,2293.1070847812925
3136,MADS137,i,6,ADS,44.2597913576444,88.26030459329814,371.8409943942653,2262.425670527318
3137,MADS137,a,6,ADS,47.98178913451807,148.21086548193563,734.6129596141261,1236.2414210866652
3138,MADS137,a,6,ADS,49.24,169.9999999999946,661.7433041175957,1202.6252233578623
3139,MADS137,a,6,ADS,50.39,140.00000000000057,794.319605659879,1279.5294934882154
3140,MADS137,i,6,ADS,52.9888759858371,71.4167350144308,357.4908769661793,2191.2055636241043
3141,MADS137,i,6,ADS,56.57,58.59371466188179,343.4038413550347,2174.148822234142
3142,MADS137,i,6,ADS,56.91524883308131,62.65807883341523,346.4943965026002,2191.585767512215
3143,MADS137,a,6,ADS,57.23400462103441,122.62118653420373,665.3957291822522,1269.859264358173
3144,MADS137,i,6,ADS,62.64,143.17853409315973,304.12689239843985,2429.762333740915
3145,MADS137,i,6,ADS,64.61,109.69677581697113,294.3339810784605,2246.8005406911743
3146,MADS137,a,6,ADS,66.27,109.99999999999943,623.2349523700431,1159.7671974449079
3147,MADS137,a,6,ADS,67.08,109.99999999999943,581.7262295243265,1182.1141764545755
3148,MADS137,i,6,ADS,69.16,40.00000000000625,469.3541519105331,1658.0424906825976
3149,MADS137,u,6,ADS,71.96356180530901,136.43819469098162,326.82113178061064,633.4514594164447
3150,MADS137,u,6,ADS,81.18,119.99999999999034,415.4875424613598,847.0161722778191
3151,MADS137,a,6,ADS,88.89,158.74379930801297,703.0223430955898,1260.596664823448
3152,MADS137,u,6,ADS,90.38593409814682,94.06590185318464,361.3385125170756,709.7595314222258
3153,MADS137,a,6,ADS,92.63,174.9083456910654,657.1510558388027,1229.779843916981
3154,MADS137,i,9,ADS,5.993700801750403,116.29919824959688,381.90850065558647,2252.9299102114273
3155,MADS137,u,9,ADS,7.634846779964331,215.1532200356687,292.18574408825236,732.2589500300952
3156,MADS137,u,9,ADS,8.8,98.12263587732417,456.8878938519258,635.90144100938
3157,MADS137,u,9,ADS,9.06,121.58305578451589,457.64690273768065,854.4310313123945
3158,MADS137,i,9,ADS,9.507507544850943,82.49245514905645,377.79310177657163,2164.967259761399
3159,MADS137,u,9,ADS,16.05852887275399,149.7252474381625,396.68972241970425,591.268856912651
3160,MADS137,u,9,ADS,19.57196434879883,108.03565120117042,361.5221268436808,1382.5133031291427
3161,MADS137,u,9,ADS,26.9855358115494,144.46418845059839,364.9230632670561,907.5597478646943
3162,MADS137,u,9,ADS,27.98,179.99999999999972,363.71884235767834,601.1150428443357
3163,MADS137,a,9,ADS,31.12,114.73179474569761,630.4432561199496,1203.1822374301903
3164,MADS137,a,9,ADS,33.44740510919117,132.59489080882503,664.4670764546688,1207.8518899075173
3165,MADS137,i,9,ADS,40.48349488758629,87.21859074068306,336.82604354907704,2299.7469209689984
3166,MADS137,i,9,ADS,42.94559224904,111.26509491439407,393.67212736313604,2233.4495488538314
3167,MADS137,a,9,ADS,46.17488762115401,138.0961020060738,489.20665406357756,1268.3539179477723
3168,MADS137,a,9,ADS,47.51,140.00000000000057,837.2632080360308,1337.6979317273617
3169,MADS137,a,9,ADS,49.05,130.00000000000256,694.8063440596288,1234.6406750982633
3170,MADS137,i,9,ADS,51.59477466810438,55.2253318956204,362.0077748241847,2197.826809900044
3171,MADS137,i,9,ADS,55.19,39.99999999999915,355.49363625502514,2027.9199400572334
3172,MADS137,i,9,ADS,55.51329679475157,77.04308848759212,319.31340934115457,1899.2140832581958
3173,MADS137,a,9,ADS,55.79,90.00000000000341,608.0034843740791,1260.497620504264
3174,MADS137,i,9,ADS,61.94969737008433,142.45703154310263,320.09527378557345,2401.995185476533
3175,MADS137,i,9,ADS,63.55,97.84384924747513,374.7874148319578,2290.649765426089
3176,MADS137,a,9,ADS,65.21805547450357,91.94452549643017,608.6635157959489,1144.2908665071916
3177,MADS137,a,9,ADS,66.06662607814447,85.76494756165687,610.1900797304259,1162.3765694980045
3178,MADS137,i,9,ADS,67.72421050262516,65.78949737485118,423.4346456093272,1658.805850578282
3179,MADS137,u,9,ADS,70.63336453334476,146.63546665524052,416.28701706713736,1509.402355461624
3180,MADS137,u,9,ADS,79.38560140963459,106.11595206782454,368.347229321537,613.4757045959042
3181,MADS137,a,9,ADS,86.97003733763874,149.96266236126132,621.4539216146828,1213.6900488654205
3182,MADS137,u,9,ADS,88.36,142.02012309699796,320.9613250127543,722.822012854792
3183,MADS137,a,9,ADS,90.25200370620888,138.0961020060738,552.6087561656077,1225.917092822356
3184,MADS138,i,15,ADS,4.930428426842286,89.57157315771357,448.55297349306255,2028.544261463505
3185,MADS138,u,15,ADS,6.17,110.00000000000031,321.93164764087436,657.4567882358376
3186,MADS138,u,15,ADS,7.14,100.00000000000054,409.5466900866691,928.898090769601
3187,MADS138,u,15,ADS,7.455002011625933,214.99798837406735,386.590603479399,643.2293942103013
3188,MADS138,i,15,ADS,8.042887521372291,77.11247862770776,413.89631287055533,2315.8777612685717
3189,MADS138,u,15,ADS,13.34,126.98642865785992,336.468520786266,780.2032303603474
3190,MADS138,u,15,ADS,15.82,70.00000000000028,364.74535303209524,872.3452957516633
3191,MADS138,u,15,ADS,23.46,144.6463893414176,399.4521240167595,643.4673886460316
3192,MADS138,u,15,ADS,24.42,189.99999999999773,371.896621076721,790.2672128308302
3193,MADS138,a,15,ADS,27.77,118.15340293179943,741.905453722046,1420.3297679286964
3194,MADS138,a,15,ADS,30.09,109.99999999999943,766.7644558941186,1246.8122831941428
3195,MADS138,i,15,ADS,37.20888513022123,111.11486977876694,507.5625593406315,2462.5800317346384
3196,MADS138,i,15,ADS,39.26686282029772,95.78515049853564,478.4734655195023,2276.019129669273
3197,MADS138,a,15,ADS,43.16,128.6584211012567,659.9233399213058,1181.72696259214
3198,MADS138,a,15,ADS,44.25758975124479,95.78515049852143,680.4440336962547,1268.671422290341
3199,MADS138,a,15,ADS,45.73,105.86931979396041,626.0228601350567,1211.301871516584
3200,MADS138,i,15,ADS,48.05933592510622,82.81424470185073,470.0185458236334,2450.7552768805417
3201,MADS138,i,15,ADS,52.44,40.23631965335284,430.7722054763712,2064.0227217175225
3202,MADS138,i,15,ADS,52.74264772153992,87.35227846008087,479.61926964412,2259.052215289871
3203,MADS138,a,15,ADS,53.02,109.46815974014612,673.1992039480108,1389.7813672218326
3204,MADS138,i,15,ADS,58.22776830858786,113.74486621699731,454.4453534623547,2449.269259436761
3205,MADS138,i,15,ADS,60.28,98.62368199127047,406.4604059294261,2410.848971090185
3206,MADS138,a,15,ADS,61.58,91.08735141214197,703.0231826173531,1322.5005781106734
3207,MADS138,a,15,ADS,62.73,80.82105729098288,665.083605284418,1292.7311925462323
3208,MADS138,i,15,ADS,64.93,39.99999999999204,429.54963083844564,1991.4898983014
3209,MADS138,u,15,ADS,68.15693633107965,83.06366892034589,362.9443747689737,790.7995850037887
3210,MADS138,u,15,ADS,76.85682952544526,112.74710423263912,395.9822159524709,805.4785057763701
3211,MADS138,a,15,ADS,84.39,150.00000000000568,630.7547557493193,1213.8328582759777
3212,MADS138,u,15,ADS,85.88,112.54619171964464,358.5061802141797,620.1620477289913
3213,MADS138,u,15,ADS,87.5092219735834,110.77802641661094,530.4714713173377,1002.3325582255865
3214,MADS138,a,15,ADS,88.19,100.00000000000853,677.3109790489855,1186.4444379897568
3215,MADS138,i,18,ADS,7.055625547159636,109.55008964589919,401.35775138281423,2305.4573753524296
3216,MADS138,u,18,ADS,8.594129581225085,105.87041877491465,416.04962766861786,907.1788305380272
3217,MADS138,u,18,ADS,9.627568762085698,84.65234199910299,353.14337370794055,978.749959707355
3218,MADS138,u,18,ADS,9.891498754241685,185.90318242940464,410.38115955846314,888.7486224459374
3219,MADS138,i,18,ADS,10.41829853572981,107.89023980277967,367.8592556154816,2192.087295558909
3220,MADS138,u,18,ADS,18.44,147.08271322876953,392.40868160417205,760.7053417440034
3221,MADS138,u,18,ADS,21.60361355702083,81.33264231286219,379.4466666389399,913.6207245827635
3222,MADS138,u,18,ADS,29.43853959915449,137.76753697893085,472.62854408976136,965.4724214268124
3224,MADS138,a,18,ADS,33.66,117.79399740641594,695.4647168843546,1272.5758463023617
3225,MADS138,a,18,ADS,36.34196617356049,114.52963917525949,764.8808748889012,1188.3797807874237
3226,MADS138,i,18,ADS,42.39423337436708,89.6318915284553,405.87995041942196,2492.4735036287066
3227,MADS138,i,18,ADS,44.26330261578458,91.29174137158458,436.3009217535591,2427.322331443688
3228,MADS138,a,18,ADS,47.5870294339153,107.89023980279211,680.2554123519783,1226.306249677934
3229,MADS138,a,18,ADS,48.58,145.43149577094994,748.679398373497,1319.5594877959543
3230,MADS138,a,18,ADS,49.76259938573056,102.0807653518574,701.9085256301278,1142.2873930824085
3231,MADS138,i,18,ADS,52.0874943319429,87.97204168534734,454.4098048737576,2538.4449106368083
3233,MADS138,i,18,ADS,57.54103429440343,41.496246077990406,403.7445928947739,2243.4960450012304
3234,MADS138,a,18,ADS,57.82331795363694,100.42091550874943,639.5362518891407,1279.8337834695324
3235,MADS138,i,18,ADS,63.8002507332198,125.31866315553941,344.4314646233714,2590.792461999587
3236,MADS138,i,18,ADS,65.58105047268633,84.65234199910299,421.5969367423155,2453.1379137396875
3237,MADS138,a,18,ADS,68.03428395823083,89.63189152846951,677.0296938615081,1131.0811329499763
3238,MADS138,a,18,ADS,68.71822746730747,74.69324294038415,531.9224736498409,1146.292212583647
3239,MADS138,i,18,ADS,71.41992499644228,40.07500355771754,382.5404532713103,1785.7274882787976
3240,MADS138,u,18,ADS,84.13,120.75308146484076,396.238049591904,1152.853450580253
3241,MADS138,a,18,ADS,91.59462550414476,159.34558493950135,635.2848310599818,1164.3570769736016
3242,MADS138,u,18,ADS,93.06043735981476,90.46181645004481,390.3266435224074,683.6628932845765
3243,MADS138,u,18,ADS,94.09381308818762,110.38001456746827,349.39474780958415,653.3244028010171
3244,MADS138,a,18,ADS,96.23971865183609,131.9580625280139,700.3595797332102,1291.8237682702904
3245,MADS138,i,6,ADS,5.982493484683225,87.50651531677534,355.1392828860404,2124.3550190394894
3246,MADS138,u,6,ADS,7.832398634578079,147.60136542192103,375.0251033108196,715.9434583047964
3247,MADS138,u,6,ADS,8.427879378587948,122.12062141205315,353.6718022119987,1007.2864188664435
3248,MADS138,u,6,ADS,8.72,167.67167329709486,341.7385737522553,964.2862264113191
3249,MADS138,i,6,ADS,9.22,89.79808068407458,392.58857979246744,2152.735659660244
3250,MADS138,u,6,ADS,14.57579814659666,175.628816433969,377.44263375022825,767.8064491900295
3251,MADS138,u,6,ADS,17.5457852430481,84.8543719849495,292.8764546148889,890.313891791518
3252,MADS138,u,6,ADS,24.54,179.99999999999972,408.08299428263064,751.7551419641513
3253,MADS138,u,6,ADS,25.45182026716705,148.1797328329506,381.2940848383273,781.7485263456452
3254,MADS138,a,6,ADS,29.5,79.9999999999983,813.6660484726567,1319.2151858652376
3255,MADS138,a,6,ADS,31.97,111.2023724393083,694.2523630349256,1317.2940873863108
3256,MADS138,i,6,ADS,37.56301532054022,99.98344605978104,385.2576829199654,2241.27041310231
3257,MADS138,i,6,ADS,39.06973195155032,103.93016103584074,363.32326534337983,2456.5678832730828
3258,MADS138,a,6,ADS,42.56285052874688,99.98344605978815,648.1709648648601,1400.0651889587007
3259,MADS138,a,6,ADS,43.77963417017929,103.2723752064868,755.9581292737834,1111.073536104332
3260,MADS138,a,6,ADS,45.22,90.00000000000341,708.5133834672134,1087.2368159627392
3261,MADS138,i,6,ADS,47.80364504181838,86.35495818162298,308.33897334484465,2352.0248305707564
3262,MADS138,i,6,ADS,51.89,90.32135602920022,353.73784059930483,2174.3011696130347
3263,MADS138,i,6,ADS,52.23620004364273,74.98758454485,428.5087311557145,2274.8605268268016
3264,MADS138,a,6,ADS,52.51,98.9333836645514,740.4832288100558,1382.6306964449948
3265,MADS138,i,6,ADS,58.17559711476927,124.40288523072951,370.3681756665477,1893.1458425958988
3266,MADS138,i,6,ADS,59.8499505233016,109.85023349989831,369.0750364074964,2479.0143383316076
3267,MADS138,a,6,ADS,61.55837258972367,106.56130435319255,706.5653004456099,1306.6007144316675
3268,MADS138,a,6,ADS,62.52,119.99999999999744,662.0658900625409,1266.9901133997762
3269,MADS138,i,6,ADS,64.25,46.403280576370776,420.1229787719977,1755.094558376158
3270,MADS138,u,6,ADS,67.55425857812065,99.32566023044842,361.9024350628951,933.6027002899859
3271,MADS138,u,6,ADS,75.98,119.99999999999034,308.0046885018238,867.449610300215
3272,MADS138,a,6,ADS,83.12,179.95497674174032,730.4921627949834,1199.832126047986
3273,MADS138,u,6,ADS,84.52,113.36204536823402,356.5360462676684,829.2695742695257
3274,MADS138,a,6,ADS,87.19,105.3172162503273,668.2449326733738,1303.0229779960841
3275,MADS138,i,9,ADS,6.33,120.00000000000011,406.29641080538204,2185.167914354399
3276,MADS138,u,9,ADS,7.88,159.99999999999926,322.70459156268566,727.5141228589823
3277,MADS138,u,9,ADS,8.86583760688323,174.16239311676838,395.2364183899859,965.1082752098246
3278,MADS138,u,9,ADS,9.198576258032643,281.4237419673571,455.9792093839273,888.588296599502
3279,MADS138,i,9,ADS,9.854833770944197,105.1662290558042,370.3945206514278,2199.3331488430854
3280,MADS138,u,9,ADS,16.05,120.000000000001,371.2901779067816,984.1648776489369
3281,MADS138,u,9,ADS,18.57855776770085,101.62405438288857,412.0796872255309,958.1741140043141
3282,MADS138,u,9,ADS,25.52819154746275,106.66326369112866,453.28029856535807,899.7523576865588
3283,MADS138,u,9,ADS,26.45,129.999999999999,346.68578072896736,767.7704426051115
3284,MADS138,a,9,ADS,29.61,100.00000000000142,744.4193725095067,1221.722277969048
3285,MADS138,a,9,ADS,31.97,109.99999999999943,725.1599983726002,1197.4911810895494
3286,MADS138,i,9,ADS,38.19682278228549,123.17721771451318,407.84843058294894,2533.396995221358
3287,MADS138,i,9,ADS,40.45962673269313,90.37326730686601,422.4056664626335,2619.6225330913853
3288,MADS138,a,9,ADS,43.37083157866405,102.46392260093984,768.9407517794434,1317.314141797683
3289,MADS138,a,9,ADS,44.67,131.97444630829125,670.7729091661122,1084.991554076651
3290,MADS138,a,9,ADS,45.95,109.99999999999943,681.1225635071426,1136.8908733398825
3291,MADS138,i,9,ADS,48.86829301600617,71.70698399382758,372.3509802531007,2421.4615872487375
3292,MADS138,i,9,ADS,53.2,67.56257660381948,559.5644769952737,2279.3206501595437
3293,MADS138,i,9,ADS,53.51298315002736,57.95090704477701,469.80033923813664,1835.243704940681
3294,MADS138,a,9,ADS,53.74,100.00000000000142,802.4151750488983,1307.0477432809353
3295,MADS138,i,9,ADS,59.54,140.00000000000057,391.0671359129904,2395.4264478500845
3296,MADS138,i,9,ADS,61.39717571940274,112.82428059725902,435.7390447965464,2534.0350414447817
3297,MADS138,a,9,ADS,62.9,100.37805663870358,764.7347643169346,1266.333260838628
3298,MADS138,a,9,ADS,63.69,69.19763464568973,669.0713404695036,1227.283405973811
3299,MADS138,i,9,ADS,65.87,39.99999999999204,483.7512846523347,1526.6544426233918
3300,MADS138,u,9,ADS,69.22127616076764,88.72383923235816,353.64778400635174,931.4720479590227
3301,MADS138,u,9,ADS,77.38,111.0439189611725,364.88132741635746,783.1920492968485
3302,MADS138,a,9,ADS,84.3,159.9999999999966,813.2670200730178,1213.3384176360712
3303,MADS138,u,9,ADS,85.95,98.17768502300339,356.4698486901787,851.4100169448749
3304,MADS138,a,9,ADS,87.83222905086716,127.77094913283804,717.8975679781813,1230.1487526454484
3305,MADS139,i,6,ADS,6.52,120.00000000000011,412.6113639760342,2461.314798930997
3307,MADS139,u,6,ADS,9.01,160.00000000000014,362.89051377418286,864.450312371893
3308,MADS139,u,6,ADS,9.35,153.48471571941678,447.83243298021375,1285.8154769989126
3309,MADS139,i,6,ADS,9.870250715352274,99.74928464772681,391.54407657301635,2545.8333750378915
3310,MADS139,u,6,ADS,16.56836930822906,141.61854024969145,430.6490441436107,2357.9094909887936
3311,MADS139,u,6,ADS,19.48293804870326,117.06195129674057,340.50740980509596,706.5139716858622
3312,MADS139,u,6,ADS,26.64,129.999999999999,302.09447406388404,616.3729991939987
3313,MADS139,u,6,ADS,27.83,230.00000000000043,386.8025860739445,810.1245417072635
3314,MADS139,a,6,ADS,31.54,100.00000000000142,715.4892800225746,1230.5753003348154
3315,MADS139,a,6,ADS,33.95,149.99999999999858,716.0085766874413,1102.9597959305088
3316,MADS139,i,6,ADS,40.49071433200299,158.69816319438002,360.42871820391423,2495.8747123413227
3317,MADS139,i,6,ADS,43.62428875158201,164.39137084261546,397.8693732767363,2305.6193344420026
3318,MADS139,a,6,ADS,48.79,130.7626182168775,718.3107432257088,1205.3809592249324
3319,MADS139,a,6,ADS,50.54,140.00000000000057,726.0893416965305,1135.3890218428267
3320,MADS139,a,6,ADS,51.94495191375213,108.17094531635973,958.7125980751922,1556.3702981529561
3321,MADS139,i,6,ADS,54.68766943252366,119.5573606128093,349.3487209982521,2583.4502542598466
3322,MADS139,i,6,ADS,59.19,50.28121632841476,478.98548761854687,2205.55744975057
3323,MADS139,i,6,ADS,59.54059925924859,98.91948288798602,352.9959770448903,2321.720497551407
3324,MADS139,a,6,ADS,60.29835369885195,128.80882304119012,674.2367327233638,1206.7256736919862
3325,MADS139,i,6,ADS,65.68,169.9999999999875,379.63837652636136,2526.5885244930732
3326,MADS139,i,6,ADS,67.57,97.74731652059643,425.2779648430712,2414.332763077069
3327,MADS139,a,6,ADS,69.16,85.87880090551891,574.605833747147,1219.06430251271
3328,MADS139,a,6,ADS,69.91,121.59942993073969,677.0523711146216,1186.0628722050465
3329,MADS139,i,6,ADS,72.31,76.67362189917526,456.52576562780644,2152.201851250655
3330,MADS139,u,6,ADS,75.26721599512335,122.78400487664953,399.3283958406531,1097.1191466962996
3331,MADS139,u,6,ADS,84.71,125.30340978619847,414.90001184043086,835.329382398894
3332,MADS139,a,6,ADS,93.22,150.00000000000568,612.9772404821074,1096.7558851587492
3333,MADS139,u,6,ADS,95.45,117.00079007788133,343.3927924211588,951.2814878166132
3334,MADS139,a,6,ADS,97.95,138.70921603964348,667.0634468435693,1285.56292281973
3335,MADS140,i,15,ADS,6.23,119.99999999999922,390.5584585568076,2348.2044075036106
3336,MADS140,u,15,ADS,7.51,120.00000000000011,388.1602312493909,1812.3586805885734
3337,MADS140,u,15,ADS,8.49,129.999999999999,365.3976937216089,742.5553247976075
3338,MADS140,u,15,ADS,8.820737321414784,155.0811654083475,436.580854789162,1681.9117316611503
3339,MADS140,i,15,ADS,9.43,89.99999999999986,383.5202827771924,2254.426042431465
3340,MADS140,u,15,ADS,15.52,105.28858478656034,335.8843073551464,790.16259974952
3341,MADS140,u,15,ADS,18.0532588215117,106.74117848829923,372.3444771897099,841.0362951745149
3342,MADS140,u,15,ADS,25.58,100.00000000000142,403.93571098622385,908.3212473272008
3343,MADS140,u,15,ADS,26.40114245016402,127.56676509395959,416.25083371120206,2336.4581717759047
3345,MADS140,a,15,ADS,32.65,97.56263669309817,748.6016876453477,1334.6662361406802
3346,MADS140,i,15,ADS,37.60457783425812,115.01136712362836,367.4657341844644,2351.0214434660675
3347,MADS140,i,15,ADS,39.27,89.9999999999963,333.6624163505632,2556.4447657308865
3349,MADS140,a,15,ADS,45.73,120.00000000000455,797.140648974273,1247.8567732209626
3350,MADS140,i,15,ADS,47.72735870464367,72.6412953563269,347.55812202414677,2508.7335397323986
3351,MADS140,i,15,ADS,52.4,100.00000000000142,387.92508697235667,2475.1027433095505
3352,MADS140,i,15,ADS,52.76,70.00000000000028,387.5462421951912,2475.6912459075324
3353,MADS140,a,15,ADS,53.05,127.30750979834227,723.193750855293,1330.0318848551747
3354,MADS140,i,15,ADS,58.7,89.9999999999963,382.93403851244227,2605.8422092213805
3355,MADS140,i,15,ADS,60.21,89.9999999999963,407.36700939471285,2511.0994695374948
3356,MADS140,a,15,ADS,62.01,100.00000000000142,776.5994436315673,1289.7819191623457
3357,MADS140,a,15,ADS,62.81,99.99999999999432,715.6605251304238,1221.9689746667048
3358,MADS140,i,15,ADS,64.98,62.43645946074139,499.2773008682467,1829.5887410882283
3359,MADS140,u,15,ADS,67.8237622104975,106.23778950250085,350.72899259236885,782.2330819621008
3360,MADS140,u,15,ADS,76.31,94.11173954465823,329.3038439878112,719.748625532107
3361,MADS140,a,15,ADS,83.88,131.3431370835474,677.6255467450917,1180.422771480274
3362,MADS140,u,15,ADS,85.1,113.56320000413689,412.548004965074,931.1113049981931
3364,MADS140,i,6,ADS,6.700220173973522,165.55698325409372,440.2728272086435,2346.9756160103
3366,MADS140,u,6,ADS,9.21,149.99999999999858,397.0249419767786,1230.1938644241445
3367,MADS140,u,6,ADS,9.510645750408914,159.35424959108602,370.58316484333864,764.3401239693183
3368,MADS140,i,6,ADS,10.05,99.99999999999964,343.2402518570388,2161.385836041294
3369,MADS140,u,6,ADS,16.32181694271943,153.25207233656002,391.8448048222751,720.4649704641128
3370,MADS140,u,6,ADS,19.47393133049696,126.06866950304152,347.09997761021793,866.4789790905165
3371,MADS140,u,6,ADS,26.76,145.0074402836279,409.05430783678844,620.3897159487084
3372,MADS140,u,6,ADS,27.80908898122877,162.20109845840014,391.3437681913883,1229.481404036211
3373,MADS140,a,6,ADS,34.18,109.43297187259304,905.0673790072044,1332.2383187828543
3374,MADS140,i,6,ADS,39.41323398087005,101.79517213596512,358.426842646836,2122.7633034161527
3375,MADS140,i,6,ADS,41.17,88.70994369137009,433.6709443355972,2556.0460215903204
3377,MADS140,a,6,ADS,46.21,119.99999999999744,773.5727045873252,1120.86995985379
3378,MADS140,a,6,ADS,47.75079479260319,121.93048091011605,810.5332709850564,1193.825915639668
3379,MADS140,i,6,ADS,50.45617121840991,96.20203080980616,376.9204936576311,2641.100856948158
3380,MADS140,i,6,ADS,54.69,109.99999999999943,382.6462020493679,2498.0209585530224
3381,MADS140,i,6,ADS,55.05685234745811,86.13437642274135,350.41748690671017,2412.5340157641795
3382,MADS140,a,6,ADS,55.33631507819338,121.93048091012315,715.9063900896141,1330.5187185063824
3383,MADS140,i,6,ADS,60.86073195654693,115.2187113187253,353.3581711231739,2569.9628050728847
3384,MADS140,i,6,ADS,62.64709600281586,110.74419825781234,342.1117300892778,2627.878929131968
3385,MADS140,a,6,ADS,64.46,88.96552524517176,760.7212491528841,1111.6620294049094
3386,MADS140,a,6,ADS,65.31,100.62214434704231,812.2135292727196,1252.7809777779735
3387,MADS140,i,6,ADS,67.71,47.87162080910434,536.9116892464131,1674.1665936085908
3388,MADS140,u,6,ADS,70.53769608590488,102.30391409511697,424.5274935030004,1256.089566414525
3389,MADS140,u,6,ADS,79.65,108.47317268867585,400.0828351898048,1044.6268307341502
3390,MADS140,a,6,ADS,87.52,96.61408201854726,684.5573521058639,1081.537929131663
3391,MADS140,u,6,ADS,88.84,124.13456234141051,410.5240229007276,648.8842235121114
3393,MADS141,i,9,ADS,8.75,109.05333792261018,310.59687253015284,2805.3828401356786
3394,MADS141,u,9,ADS,10.29,230.00000000000043,333.78715998783446,791.9228899650865
3396,MADS141,u,9,ADS,11.76,200.00000000000108,324.8195216128881,742.9735538516871
3397,MADS141,i,9,ADS,12.5,80.00000000000007,340.98401616627604,2155.9937457821866
3398,MADS141,u,9,ADS,19.27,100.00000000000142,399.2712831139349,756.6051538280874
3399,MADS141,u,9,ADS,31.07505166288022,90.48472879268132,302.2717208665271,871.9388459209136
3400,MADS141,u,9,ADS,32.23,110.00000000000654,307.55962065369556,761.8379160620342
3401,MADS141,a,9,ADS,36.2,140.00000000000057,821.0713418216989,1155.8596265244762
3402,MADS141,a,9,ADS,38.83,120.00000000000455,783.8890530072999,1128.6180931564072
3403,MADS141,i,9,ADS,45.32932835253823,100.67164746177326,331.9927633647349,2897.837782986017
3404,MADS141,i,9,ADS,47.2534295398185,116.57046018149941,296.466646096975,2484.3838678558463
3405,MADS141,a,9,ADS,50.73,156.5923508543463,536.8547644158642,947.1180139281074
3406,MADS141,a,9,ADS,52.30012388353281,149.87611646719046,662.6608961869886,1148.0430942687071
3407,MADS141,a,9,ADS,53.91,130.00000000000256,798.3511347015834,1401.8798176979399
3408,MADS141,i,9,ADS,56.4532998113589,86.70018864109608,358.65632487333744,1954.6146661224345
3409,MADS141,i,9,ADS,60.88,66.38509228227463,431.6851986741156,2749.611110734424
3410,MADS141,i,9,ADS,67.54,169.9999999999875,294.19523392416437,2755.0434745681246
3411,MADS141,i,9,ADS,69.53,140.00000000000057,351.2555467903494,2806.5387253364815
3412,MADS141,a,9,ADS,71.3688241015141,111.1758984859108,751.6806414056538,1123.371456820691
3413,MADS141,a,9,ADS,72.26,109.99999999999943,763.6232965343714,1172.1558894889904
3414,MADS141,u,9,ADS,87.23,109.0862383899065,247.700648981758,965.803779912904
3415,MADS141,a,9,ADS,95.4133264837493,216.67351625069387,756.8383643329023,1364.8819366319058
3416,MADS141,u,9,ADS,96.68,69.99999999999318,293.3278645308759,704.3223409585686
3417,MADS141,a,9,ADS,99.08,150.00000000000568,585.951294986404,1183.672447869732
3418,MADS142,i,12,ADS,6.6,104.10489006674251,510.96109807965684,2858.0450698735926
3420,MADS142,u,12,ADS,9.43,130.0000000000008,514.1332401583616,895.4513089131848
3422,MADS142,i,12,ADS,10.6,120.000000000001,490.30034342347466,2838.0150923465835
3423,MADS142,u,12,ADS,17.85024424804208,179.75575195792004,503.78741077408534,809.6878524006095
3424,MADS142,u,12,ADS,20.83944979363114,90.55020636886013,611.2637243818411,1048.1105029527096
3425,MADS142,u,12,ADS,28.4,130.00000000000256,425.0403922173192,946.9730531236943
3426,MADS142,u,12,ADS,29.53826393357251,181.73606642749007,467.7703242403259,971.4678639978337
3427,MADS142,a,12,ADS,33.49,140.00000000000057,722.7218530158234,1077.8128889870243
3428,MADS142,a,12,ADS,35.99,129.99999999999545,1046.8656891501378,1475.8903576433802
3429,MADS142,i,12,ADS,41.57913683714016,100.86316285983798,450.84520861452785,2785.4761597453275
3430,MADS142,i,12,ADS,44.24944052500206,140.55947499794286,369.44289551783,2717.1883432583772
3431,MADS142,a,12,ADS,48.98,204.15352663158615,902.3222042101531,1466.0861402214548
3433,MADS142,a,12,ADS,51.78,149.99999999999858,1066.1658571977787,1448.822034749261
3434,MADS142,i,12,ADS,54.2840357651707,75.96423482929993,419.67184258143806,1441.0630250237352
3435,MADS142,i,12,ADS,59.0339690677505,76.03093224950186,532.1291046703412,2772.6887103261465
3436,MADS142,a,12,ADS,59.36,100.00000000000142,971.9375273581245,1610.3032797580518
3437,MADS142,i,12,ADS,66.18401333025642,103.72746535594501,471.12604258434357,2672.685717469223
3438,MADS142,i,12,ADS,67.88,120.00000000000455,457.56491978424776,2796.97595391544
3439,MADS142,a,12,ADS,69.79244302681214,127.55697318786474,870.447569395404,1497.2452788766618
3440,MADS142,a,12,ADS,70.72,70.00000000000739,832.1683988832757,1587.7955668154343
3441,MADS142,i,12,ADS,72.96,40.00000000000625,630.4511956078177,1967.0897301680097
3442,MADS142,u,12,ADS,77.22377647917294,160.67587770824332,355.77896507675234,859.7440115847152
3443,MADS142,u,12,ADS,85.97,133.30257442429172,420.58723633651823,870.6494004898174
3444,MADS142,a,12,ADS,93.88946642432988,130.53357567011403,767.486959786788,1398.9547587377615
3445,MADS142,u,12,ADS,95.48,142.71335971947963,416.9583925611424,879.3168324051517
3446,MADS142,a,12,ADS,97.7534261302714,116.57386972861161,875.7956404736254,1541.7848944324369
3447,MADS142,i,15,ADS,6.23,139.9999999999997,457.82788876407415,2919.8397580935675
3449,MADS142,u,15,ADS,10.17,109.99999999999943,484.87617317499536,949.869335543952
3450,MADS142,u,15,ADS,10.55210160280231,187.89839719769043,632.555033211651,1112.2375484729807
3451,MADS142,i,15,ADS,11.38362676299224,136.37323700775994,460.9135268621466,2767.238081386858
3452,MADS142,u,15,ADS,18.97,150.00000000000213,501.36211871430805,1075.0517921834721
3453,MADS142,u,15,ADS,21.61,120.000000000001,512.2480049476939,939.2849147329962
3454,MADS142,u,15,ADS,29.82,169.99999999999815,420.2412653751084,802.4244698880127
3456,MADS142,a,15,ADS,34.82,134.45109815184964,1103.107082320456,1641.345031491445
3457,MADS142,a,15,ADS,37.12,130.00000000000256,970.3267436703643,1396.0222045297194
3458,MADS142,i,15,ADS,42.40548830229587,104.51169770412605,459.80015772075217,3010.808906156458
3459,MADS142,i,15,ADS,45.2796733168256,160.32668317439658,466.60242636121785,3005.4086150197577
3460,MADS142,a,15,ADS,48.84,132.94652653431882,941.4562548075821,1486.1119020774809
3461,MADS142,a,15,ADS,50.34022497995193,159.7750200480732,987.6437770592444,1578.704758017402
3463,MADS142,i,15,ADS,53.58988065803709,80.98873642076398,435.29040824058666,2970.421586799463
3464,MADS142,i,15,ADS,57.84,49.99999999999716,490.49426294621844,2635.341786733907
3465,MADS142,i,15,ADS,58.16,80.0000000000054,534.1337179234189,2743.0185144722263
3466,MADS142,a,15,ADS,58.47,120.00000000000455,932.4507057888633,1477.8944174318208
3467,MADS142,i,15,ADS,64.36,170.64551319768384,396.6822272748858,2962.813295712522
3468,MADS142,i,15,ADS,66.61,129.99999999999545,431.97452574252856,2978.731859853152
3469,MADS142,a,15,ADS,68.28,99.99999999999432,896.002301184755,1542.84396870151
3470,MADS142,a,15,ADS,69.13,90.20539320390242,848.8857818282328,1724.2540463099513
3471,MADS142,i,15,ADS,71.34,49.643814115754026,604.933305852979,2201.1767036113106
3472,MADS142,u,15,ADS,74.64352295712409,126.70063537811416,438.7253051486035,832.1236889960898
3474,MADS142,a,15,ADS,92.73,129.99999999999545,814.1683683862428,1484.4356781549154
3475,MADS142,u,15,ADS,94.34,130.07131963719587,457.38210424174645,943.37274722022
3476,MADS142,u,15,ADS,95.69679177572569,80.75425112011203,431.30346374308084,1134.527697658718
3477,MADS142,a,15,ADS,96.32,130.00000000000966,848.382498529357,1471.829743812007
3478,MADS142,i,18,ADS,5.961896465990498,133.6179123711343,513.928631286474,2860.6100012316606
3479,MADS142,u,18,ADS,8.178204245573639,131.79575442636173,404.9027435961622,779.1644972881542
3480,MADS142,u,18,ADS,9.183509391808522,149.38648588077186,553.4296938604994,852.1066061566667
3482,MADS142,i,18,ADS,10.03268857154856,124.48873823396944,409.28574773240945,1160.6434845539634
3483,MADS142,u,18,ADS,16.74,178.61192430526174,377.4229048936933,770.856260698631
3484,MADS142,u,18,ADS,18.98017323369569,99.59099058717769,510.29954081355544,885.6014288467325
3485,MADS142,u,18,ADS,26.10395712282966,180.093707978493,420.0897476654048,763.2719441209349
3487,MADS142,a,18,ADS,30.55379592909043,131.958062528021,1008.7739960654097,1425.379027637157
3488,MADS142,a,18,ADS,32.92229646136293,120.33911362618,1085.1714395346148,1497.375023197318
3489,MADS142,i,18,ADS,38.14120320161367,113.6997142536984,463.4742340529377,2926.900620858422
3490,MADS142,i,18,ADS,40.56967473904073,166.81490923352982,470.30114081409084,2968.9873660435746
3491,MADS142,a,18,ADS,44.14064526094779,164.32513446884656,967.0362397635972,1456.8075117811234
3492,MADS142,a,18,ADS,45.76,130.00000000000256,1056.7869085961656,1476.871766922623
3493,MADS142,a,18,ADS,47.00209960499767,118.67926378306493,766.6151654298221,1465.9505367414454
3494,MADS142,i,18,ADS,49.18057114242474,92.12166629313856,466.60561220061214,2847.715185573156
3495,MADS142,i,18,ADS,53.63728590038059,59.754594352313006,516.8216958017257,2644.408623744649
3496,MADS142,a,18,ADS,53.934917217615,88.80196660690132,976.297588626333,1535.241956666856
3497,MADS142,i,18,ADS,59.25287962206488,129.8719701138964,403.02945788892384,2824.331991441771
3498,MADS142,i,18,ADS,61.26954978695878,118.48601780843637,418.0415854242031,2890.338757097007
3499,MADS142,a,18,ADS,63.24950302636459,100.68725772874387,881.1084869751567,1563.427634597182
3500,MADS142,a,18,ADS,64.00368300548736,84.63566591692029,926.1578810545135,1601.1806983161664
3501,MADS142,u,18,ADS,69.50244627806322,109.44267144429887,452.696589325243,851.2402414954138
3502,MADS142,u,18,ADS,77.24484423999338,88.2837549650759,539.9139275639105,1009.9422758594693
3503,MADS142,a,18,ADS,85.3061853309914,159.78630030868146,832.297826995918,1427.1906558074245
3504,MADS142,a,18,ADS,88.85263976978946,115.27961392133079,900.9173025718216,1377.0278685699125
3505,MADS142,i,6,ADS,7.32,139.9999999999997,524.6687463360648,2917.167938730977
3507,MADS142,u,6,ADS,10.3,109.99999999999943,533.2146639119961,1084.6811564126156
3508,MADS142,u,6,ADS,10.63,241.8797116093394,637.6075496228106,1033.7605940878968
3509,MADS142,i,6,ADS,11.19,130.0000000000008,448.40772581783943,2872.154372233824
3510,MADS142,u,6,ADS,19.04496108972943,152.33930001339857,429.6953406043832,876.0362703619746
3511,MADS142,u,6,ADS,22.15344467349885,116.55532650114964,531.4223075744137,989.5400206040229
3512,MADS142,u,6,ADS,29.77,170.0000000000017,504.55475091023226,937.4203933956373
3513,MADS142,u,6,ADS,30.8074044238808,197.43173281736048,498.23707279596016,1026.3626546833627
3514,MADS142,a,6,ADS,34.57,165.4373330399892,1158.183029736083,1580.4417162173381
3515,MADS142,a,6,ADS,37.14043092530552,179.56907469447714,1081.0063310459764,1626.472671284037
3516,MADS142,i,6,ADS,45.58540694798497,124.59305201502957,412.39690579097453,2954.0092268921685
3517,MADS142,i,6,ADS,47.81249918813396,167.50081186603438,447.83639349723956,2473.6851335374668
3518,MADS142,a,6,ADS,51.71,149.99999999999858,877.5162951173338,1604.8615310780137
3520,MADS142,a,6,ADS,54.74,161.3093836980113,1081.3514908085774,1581.0012407114657
3521,MADS142,i,6,ADS,57.42461897257672,98.71586640868202,456.85152213014345,2789.8188387063806
3522,MADS142,i,6,ADS,62.77,39.99999999999915,462.4825951486752,2626.3867149548096
3523,MADS142,i,6,ADS,63.07999115157146,84.09129360740053,465.99891849321915,2529.589506274536
3524,MADS142,a,6,ADS,63.4,129.36371550350856,832.9463098453116,1627.1116526533813
3525,MADS142,i,6,ADS,69.93,179.9999999999926,527.6902415921652,2900.850884928697
3526,MADS142,i,6,ADS,71.77,150.00000000000568,510.89908614301123,2986.5101294951123
3527,MADS142,a,6,ADS,73.61,133.11529762223984,858.0709696328317,1563.93130235419
3528,MADS142,a,6,ADS,74.22,106.72721163896881,875.2349611421423,1475.3710661672021
3529,MADS142,i,6,ADS,76.77,60.000000000002274,563.1812205208677,2085.4822953802664
3530,MADS142,u,6,ADS,79.94,159.9999999999966,434.7279514185926,862.7446538183842
3531,MADS142,u,6,ADS,90.45,129.99999999999545,420.8123140207403,869.0742321797164
3532,MADS142,a,6,ADS,99.47,200.00000000000284,912.3289582402015,1515.5332030030195
3533,MADS142,u,6,ADS,101.11,119.32232956729649,495.21857186719467,985.2216632625762
3534,MADS142,u,6,ADS,102.65,115.03165594339748,357.4846896561366,1110.1459178237296
3535,MADS142,a,6,ADS,103.38,139.0725031359068,751.34424690909,1505.461861541446
3536,MADS143,i,6,ADS,7.934837206692166,118.05738287574474,389.9588756297477,2595.2095437476405
3537,MADS143,u,6,ADS,9.724449491109487,135.55050889051222,362.1898174575747,625.0482336304344
3538,MADS143,u,6,ADS,10.75,130.0000000000008,426.3614242222159,796.5101962529319
3539,MADS143,u,6,ADS,11.11,250.0,376.7781882607041,885.9026780263921
3540,MADS143,i,6,ADS,12.00862903059186,91.37096940813905,361.14811682538146,2415.596366492344
3541,MADS143,u,6,ADS,18.74972786964376,272.573663404291,329.9165102357906,718.7052841226014
3542,MADS143,u,6,ADS,23.48406849954241,95.4875890906699,479.74570282346934,758.9301665481853
3543,MADS143,u,6,ADS,31.04,109.99999999999943,427.01084301106926,679.9967665781573
3545,MADS143,a,6,ADS,36.14,133.84878731393712,837.5926864356665,1281.2986346693917
3546,MADS143,a,6,ADS,38.91,141.95219784824076,844.9601459447416,1303.5902343399887
3547,MADS143,i,6,ADS,46.65774688849186,90.27917514028161,413.06919408178544,2449.3485157135224
3548,MADS143,i,6,ADS,48.95756644031398,142.4335596860189,395.3525187134276,2538.023796940079
3549,MADS143,a,6,ADS,53.31,167.10061360221573,866.9032782947648,1229.380961950778
3550,MADS143,a,6,ADS,54.81834418592273,201.65581407727018,1012.8890432324263,1259.4942659289488
3551,MADS143,a,6,ADS,56.26389948454247,138.8910386773361,727.1082680036346,1291.4578211931162
3552,MADS143,i,6,ADS,59.118249519058,109.37669295840635,393.1105895271511,2450.058073776171
3553,MADS143,i,6,ADS,63.63,39.99999999999915,447.1592994152893,2470.9708799688783
3554,MADS143,i,6,ADS,63.98526864264473,104.16827900801451,428.96309836382255,2473.10104136366
3555,MADS143,a,6,ADS,64.32,158.7474013343808,803.4695432090068,1253.5443962029146
3556,MADS143,i,6,ADS,72.09,129.99999999999545,368.2488890615492,2499.162524026898
3557,MADS143,i,6,ADS,73.76,116.85033395139044,379.6037777881639,2035.7926231011127
3558,MADS143,a,6,ADS,75.16,116.53403805605933,681.2026686654655,1174.1520653370071
3559,MADS143,a,6,ADS,76.15,109.99999999999943,723.9946861182947,1214.4687289001772
3560,MADS143,i,6,ADS,78.35,70.10187935432555,426.21183887633754,2276.535629782346
3561,MADS143,u,6,ADS,81.90941853296773,121.5296588426753,352.2405989262244,692.40852200374
3562,MADS143,u,6,ADS,91.57,130.00000000000966,418.2649948711957,716.4230754054943
3564,MADS143,u,6,ADS,102.5083790090524,154.51628052849742,451.2368157090499,1082.815105763377
3565,MADS143,a,6,ADS,104.71,109.99999999999943,840.6746264433153,1244.7492021202147
3566,MADS143,i,9,ADS,7.53,89.99999999999986,438.7500997169972,2548.3933438297963
3567,MADS143,u,9,ADS,9.07,160.00000000000014,387.0429226031953,778.4326583001333
3568,MADS143,u,9,ADS,9.82,150.00000000000034,380.8661495302593,918.2547990595062
3569,MADS143,u,9,ADS,10.16798698018767,282.0130198123287,376.27372710007455,834.3424225932515
3570,MADS143,i,9,ADS,10.84,80.00000000000007,428.8744112934919,2359.8825441529907
3571,MADS143,u,9,ADS,17.5736825288455,176.31747115450125,421.32738802019855,739.1755340392167
3572,MADS143,u,9,ADS,20.69440779465266,105.59220534734237,464.43618458064554,702.0999106173902
3573,MADS143,u,9,ADS,28.5,120.000000000001,457.9746246462732,776.5845129102516
3575,MADS143,a,9,ADS,33.38,99.99999999999432,842.3176246036546,1301.6399371892755
3576,MADS143,a,9,ADS,35.2,129.99999999999545,825.1784560919787,1230.237115688603
3577,MADS143,i,9,ADS,42.1267003113098,83.29968869020377,386.53782616417215,2291.065886077362
3578,MADS143,i,9,ADS,44.11,100.00000000000142,373.7916976452512,2454.6228792389256
3579,MADS143,a,9,ADS,47.65125280404489,171.70676538789564,847.3426279509354,1232.946766597358
3580,MADS143,a,9,ADS,48.94156358798415,148.43641201585456,723.8112451104003,1237.139372297391
3581,MADS143,a,9,ADS,50.26056898977378,126.91369615627224,742.3512230938304,1147.930591437124
3582,MADS143,i,9,ADS,52.85177136655697,84.60913077082921,368.87643100985264,2100.3776466449845
3583,MADS143,i,9,ADS,57.01,60.000000000002274,429.5680863267657,2435.3552150326727
3584,MADS143,i,9,ADS,57.4029009930808,72.16661153982784,379.6236281053793,2515.9388386498717
3585,MADS143,a,9,ADS,57.72,140.00000000000057,885.236536744854,1286.9889870594186
3586,MADS143,i,9,ADS,64.66,126.29837042575787,394.23418129266173,2446.462615767363
3587,MADS143,i,9,ADS,66.27,109.99999999999943,443.00506532511474,2601.186478724651
3588,MADS143,a,9,ADS,67.52220875326732,89.58613846324681,754.9495710979317,1272.0282772099358
3589,MADS143,a,9,ADS,68.58,100.00000000000853,700.8124295045686,1294.405110086163
3590,MADS143,i,9,ADS,70.79,59.99999999998806,467.37839891678834,2196.07342556752
3592,MADS143,u,9,ADS,84.78480701389168,125.19298610831697,377.3224472646703,572.235433226667
3593,MADS143,a,9,ADS,92.57,142.0193052506704,823.7596828971256,1254.8643195376912
3594,MADS143,u,9,ADS,94.84,145.59640291567177,445.2443269586768,935.3341347310984
3595,MADS144,i,15,ADS,8.494372785503343,105.62721449665702,307.28376164893024,2318.4360302128953
3596,MADS144,u,15,ADS,11.21,117.54096563190863,330.28428384124805,779.6501607167104
3597,MADS144,u,15,ADS,11.52411351616234,203.76080909320038,352.54110063038394,691.9560707641875
3598,MADS144,i,15,ADS,12.18,89.99999999999986,425.3227715566271,2138.4583558622526
3599,MADS144,u,15,ADS,22.64,140.00000000000057,347.3238027552771,741.9521720801564
3600,MADS144,u,15,ADS,32.74,140.00000000000057,336.46357181566935,775.1495901861687
3601,MADS144,a,15,ADS,37.2,110.50094588635773,680.8608111286638,1123.2281218069074
3602,MADS144,a,15,ADS,40.29,152.74586657172762,688.0732801692193,1140.4325622724714
3603,MADS144,i,15,ADS,47.99809253421755,121.90746578244926,388.5865240573888,2485.437149812015
3604,MADS144,i,15,ADS,50.4,120.00000000000455,517.1654386902512,2294.3072480508918
3607,MADS144,a,15,ADS,57.86896016774824,108.3285314166389,587.5499302871884,1104.3873824951188
3608,MADS144,i,15,ADS,60.29946454862319,90.53545137680885,349.4126888479487,2242.3024904884996
3609,MADS144,i,15,ADS,64.87,49.99999999999716,390.21991050961003,2189.9463082158227
3610,MADS144,i,15,ADS,65.20294053722495,72.21902094443067,392.43811410247815,2200.413428896954
3611,MADS144,a,15,ADS,65.51,103.04140615936319,554.7579917424051,1227.8650685220102
3612,MADS144,i,15,ADS,71.67,149.99999999999147,312.08838124476216,2158.0574900670813
3613,MADS144,i,15,ADS,73.58897416339012,121.0258366098742,338.71812878171994,1908.2655748610282
3614,MADS144,a,15,ADS,75.6,100.00000000000853,562.5014409220363,1123.61774828277
3615,MADS144,a,15,ADS,76.92,120.00000000000455,629.4001482951522,1111.9199742844178
3616,MADS144,i,15,ADS,79.62,47.79018828764947,421.2653785064108,1548.2238229930847
3617,MADS144,u,15,ADS,83.64,120.00000000000455,393.0473608581961,829.1772737490218
3618,MADS144,u,15,ADS,94.84,79.9999999999983,378.6341611082215,888.3179469639646
3619,MADS144,a,15,ADS,105.55,140.00000000000057,655.4750356226555,1230.9492381534274
3620,MADS144,u,15,ADS,107.77,101.32036029480673,410.8739428361892,754.1669450864067
3621,MADS144,a,15,ADS,110.42,120.00000000000455,593.3643704794314,1150.7159984107864
3622,MADS144,i,18,ADS,5.454527545694763,112.46486942177737,375.3892028604259,2595.951400021903
3623,MADS144,u,18,ADS,7.05,140.00000000000057,440.8346183192237,1268.2519838237622
3624,MADS144,u,18,ADS,8.084280836788425,75.938130322724,355.55208697078996,760.9224233841609
3625,MADS144,u,18,ADS,8.395960331689816,160.17550986104823,360.41743700563336,893.3825225856223
3626,MADS144,i,18,ADS,8.980744201030923,100.42091550874055,436.78019973734143,2184.600323364231
3627,MADS144,u,18,ADS,15.93,148.91542469744934,480.7422799672881,2435.9134529916655
3628,MADS144,u,18,ADS,18.35138685006726,110.66800201702875,361.8382612433805,900.31031804659
3629,MADS144,u,18,ADS,26.34523458510769,92.12166629313856,351.4421037440287,867.7467514293118
3630,MADS144,u,18,ADS,27.46,149.99999999999858,411.1068720298847,868.1481578950523
3631,MADS144,a,18,ADS,31.40150650633141,101.25084043030341,667.4793572196984,1139.6059432815541
3632,MADS144,a,18,ADS,34.39030567150385,140.25731174360345,756.4309098288857,1137.0683387235279
3633,MADS144,i,18,ADS,40.9963545285183,104.57054011652644,374.53494622093297,2642.54583832439
3634,MADS144,i,18,ADS,43.06983461032009,107.0603148812097,363.62613239811606,2529.359389788132
3635,MADS144,a,18,ADS,47.70942076843282,112.86978933213732,639.5742680029684,1187.0072852588517
3637,MADS144,a,18,ADS,51.10108769189749,118.67926378305782,778.8048513061616,1223.2813400442162
3638,MADS144,i,18,ADS,53.42685304375754,80.50271739129755,364.61167674334405,2426.357633368054
3639,MADS144,i,18,ADS,58.1433772341428,51.455345136716346,327.2709202520628,2221.5532833006823
3640,MADS144,a,18,ADS,58.73159145982635,108.72016472433899,677.4360019297508,1191.9898465258027
3641,MADS144,i,18,ADS,64.42320599646881,158.51566001794026,394.099980854303,2484.0265913481103
3642,MADS144,i,18,ADS,66.414999264622,134.94631751605368,353.10458474208394,2133.4428195368023
3643,MADS144,a,18,ADS,68.71015877129079,96.271290900944,643.6515751685956,1112.8599876744206
3644,MADS144,a,18,ADS,69.82,69.28675481832158,616.650359216505,1152.160701737492
3646,MADS144,u,18,ADS,85.46621693683082,58.509706969971376,319.7358557634971,900.0208777453385
3647,MADS144,a,18,ADS,94.46608341346644,148.55656095922143,645.1506943518074,1094.6885395686716
3649,MADS144,a,18,ADS,98.58936809522332,123.65881331241724,612.2685389299777,1142.2780291188365
3650,MADS144,i,6,ADS,8.437550072159553,102.44992784044626,364.71414234367967,2492.028721262509
3651,MADS144,u,6,ADS,10.27,130.0000000000008,353.0822598627964,788.48935250614
3652,MADS144,u,6,ADS,11.28,107.86793856315136,361.1366098299999,1250.4773081060443
3653,MADS144,u,6,ADS,11.56178932779832,158.2106722016814,394.1114248828545,749.0775727867906
3654,MADS144,i,6,ADS,12.24915111381217,80.84888618783026,369.12566484966834,2356.3854748038734
3655,MADS144,u,6,ADS,20.59,160.00000000000014,359.4452539831906,622.0372223882528
3656,MADS144,u,6,ADS,24.68790798694397,132.09201305603102,392.0858303380916,693.7540451320657
3657,MADS144,u,6,ADS,34.02078346462325,129.2165353767487,387.4453124181889,946.3547797580459
3658,MADS144,u,6,ADS,35.17,159.9999999999966,350.75899842503884,1027.3948042264356
3659,MADS144,a,6,ADS,40.45,99.99999999999432,827.4977285226545,1231.5862809509786
3660,MADS144,a,6,ADS,43.67,109.99999999999943,759.5581551185306,1064.2753254948295
3661,MADS144,i,6,ADS,51.18459634078393,153.3590448508093,330.41227148654986,2501.971774363421
3662,MADS144,i,6,ADS,53.62122098074228,108.77901925771738,322.06128855252734,2510.5797833376123
3663,MADS144,a,6,ADS,58.32042989275717,116.13597571225398,707.7007560672267,1134.1615887005928
3664,MADS144,a,6,ADS,60.33180264277031,148.8922765541787,854.2601560248734,1197.1144237867359
3665,MADS144,a,6,ADS,62.06,97.16415342402485,693.2185295536207,1170.5131315562978
3666,MADS144,i,6,ADS,64.83925283703014,101.24674805685174,344.5689719142066,2353.7042210873287
3667,MADS144,i,6,ADS,69.63,40.00000000000625,352.56052742857463,2270.9398922669548
3668,MADS144,i,6,ADS,69.9726174309166,81.89075210479757,372.7734564504363,2451.680925300386
3669,MADS144,a,6,ADS,70.3,120.48573667807716,655.9087668508976,1223.8495673234406
3670,MADS144,i,6,ADS,76.59079664748083,193.55995952042804,324.6626534557992,2364.6308678806968
3671,MADS144,i,6,ADS,78.75,119.95241029144665,307.09303002328613,2502.301103618217
3672,MADS144,a,6,ADS,81.28,133.72000003538176,585.4454315771992,1018.51294550686
3673,MADS144,a,6,ADS,82.43,99.99999999999432,632.7686174021815,1146.5950607303123
3674,MADS144,i,6,ADS,85.06131645247825,52.11229679395046,461.2253880214786,1677.449172910201
3675,MADS144,u,6,ADS,88.72039298937895,136.98089442985406,366.2455978323026,711.775854331881
3677,MADS144,a,6,ADS,108.8710031844144,158.99681558559564,668.0439085640164,1112.1428572784648
3679,MADS144,a,6,ADS,113.18,139.99999999998636,691.9198978023227,1140.6594824946183
3680,MADS145,i,18,ADS,5.7136730091276,129.85629473126892,313.13818962996237,1868.8084107221623
3681,MADS145,u,18,ADS,7.023589820894667,276.4101791053326,420.88111897511067,867.8831897354896
3682,MADS145,u,18,ADS,7.728432091158699,91.56790884130129,442.7196059646693,994.2088610388245
3683,MADS145,u,18,ADS,7.997342606792031,216.08087443283085,342.78388780970454,851.466806217028
3684,MADS145,i,18,ADS,8.52886686163693,85.18572934371171,331.36700755203793,1907.0564512436315
3685,MADS145,u,18,ADS,13.80586771139513,145.4390500990197,327.784118975759,939.2947917722288
3686,MADS145,u,18,ADS,16.55427514643627,69.08354879702827,339.4063956951319,798.851054692454
3687,MADS145,u,18,ADS,22.02131876965046,167.80885253346156,321.3281821717936,983.341718343718
3688,MADS145,u,18,ADS,22.83552686436087,139.20594795193253,328.490058879067,788.6844996954494
3689,MADS145,a,18,ADS,25.59114802445993,85.18572934370994,593.7882561489997,1577.846906898338
3690,MADS145,a,18,ADS,27.74256092862027,65.96699772347847,554.4065365718991,963.642955506089
3691,MADS145,i,18,ADS,32.78096410243864,60.7727459342442,349.7835017062224,1847.2615084062388
3692,MADS145,i,18,ADS,34.43269790036777,90.37998113296197,287.1784159197128,1855.4897609407408
3693,MADS145,a,18,ADS,37.51578555188912,132.97284580483648,551.1091274695669,1178.5194564789867
3694,MADS145,a,18,ADS,38.50376926492231,210.88662264358504,544.6706671207057,1096.9130180166471
3695,MADS145,a,18,ADS,39.53681254758592,130.89514508912004,582.0893685514809,1126.2205122216353
3696,MADS145,i,18,ADS,41.29045504235563,58.17562003960575,351.55672257457434,1808.2391679603404
3697,MADS145,i,18,ADS,44.71,50.57837051766256,368.19970280728893,1829.556321300162
3698,MADS145,i,18,ADS,45.04321610471175,71.68067469165607,342.3275333740884,1791.4472045542375
3699,MADS145,a,18,ADS,45.32474455168914,90.45041799180353,541.1671985731581,1217.2495368160096
3700,MADS145,i,18,ADS,49.36586178709466,81.03032791230902,328.7915478058012,1932.5414012275703
3701,MADS145,i,18,ADS,50.76250269500583,71.68067469166317,351.6801585480881,1790.3722961976575
3702,MADS145,a,18,ADS,52.0480144392582,70.64182433380495,566.4929729918879,1099.7372089263322
3703,MADS145,a,18,ADS,52.7379406701839,68.21649706929378,558.0721630787082,1012.3469737106019
3704,MADS145,u,18,ADS,54.42441400389165,58.69504521853486,393.40840991921243,721.7836221238568
3705,MADS145,u,18,ADS,57.09774242443419,86.22457970156461,422.955726837138,1416.6786446504866
3706,MADS145,u,18,ADS,63.98514497764906,180.75996226592395,262.6596450764413,580.8589570781036
3707,MADS145,a,18,ADS,70.53787864851448,138.16709759406365,604.2357495772752,1304.6283317280572
3708,MADS145,u,18,ADS,72.61652398873142,116.3512400792115,303.6119731776212,702.3849451267808
3709,MADS145,i,6,ADS,5.62,99.99999999999964,357.5745181630142,2445.347471335016
3710,MADS145,u,6,ADS,6.88,200.00000000000017,440.8128578581354,799.2600541064057
3711,MADS145,u,6,ADS,7.465359817349075,144.64018265092537,401.1854932484369,1100.9916731293604
3712,MADS145,u,6,ADS,7.797035118086671,150.0108206655524,397.19524658304505,790.5692291130009
3713,MADS145,i,6,ADS,8.434967691427445,125.0323085725551,343.7329033820798,2386.070020269277
3714,MADS145,u,6,ADS,14.7191089043929,185.79321825549044,375.54115275866445,746.2490696173444
3715,MADS145,u,6,ADS,18.2759219402604,104.07805973959938,372.1350074718921,773.6682789689378
3716,MADS145,u,6,ADS,25.47,174.17643883781153,415.51537381416415,855.2023876776323
3717,MADS145,u,6,ADS,26.43730965274837,239.4668146404193,266.2930087607741,907.8587101010312
3718,MADS145,a,6,ADS,29.95,120.000000000001,760.0206281933965,1239.3563872786442
3719,MADS145,a,6,ADS,32.38,156.85722340819552,788.23680267658,1246.1695212533773
3720,MADS145,i,6,ADS,39.43707247249443,127.99088368711864,388.734401728854,2674.573174051151
3721,MADS145,i,6,ADS,41.79538239991588,127.99088368713285,381.7322299395112,2795.9358975358546
3722,MADS145,a,6,ADS,45.56246118915219,145.882082482089,821.8833270366652,1398.4887452775201
3723,MADS145,a,6,ADS,47.15,130.00000000000256,648.6536980137687,1122.5212050400382
3724,MADS145,a,6,ADS,48.50597558655071,125.23839156482097,773.9314819416084,1405.772374280625
3725,MADS145,i,6,ADS,51.02622889061868,126.6146376259698,386.58420757010055,2797.012706831788
3726,MADS145,i,6,ADS,55.06,51.182344098748445,396.2821636539102,2605.938412834633
3727,MADS145,i,6,ADS,55.3754215878399,103.2184545863899,365.8799395936612,2543.377318551383
3728,MADS145,a,6,ADS,55.70296815039404,123.86214550366503,777.6375842688885,1375.0215622414783
3729,MADS145,i,6,ADS,61.05432969823899,135.67030176101014,317.74815299452825,2523.2727140474767
3730,MADS145,i,6,ADS,63.1,156.2165036114891,386.95362691682374,2602.8653927883574
3731,MADS145,a,6,ADS,64.34,179.9999999999926,684.3597710199599,1162.4981999246024
3732,MADS145,a,6,ADS,65.37,149.99999999999147,659.1752537017875,1239.480443019554
3733,MADS145,i,6,ADS,67.42,39.99999999999204,442.3750977646822,1904.5456954136837
3734,MADS145,u,6,ADS,70.3791993093165,160.80069068350156,365.418789106905,678.8728627513009
3735,MADS145,u,6,ADS,78.35,120.00000000000455,407.6267210259336,949.1726897264524
3736,MADS145,a,6,ADS,85.87,199.99999999998863,823.7804974959192,1313.6486662047566
3737,MADS145,u,6,ADS,87.66,131.30838051472438,352.23674402403304,758.7700721351382
3738,MADS145,a,6,ADS,89.64350546247854,167.90201946051297,720.267617684333,1328.7549358026001
3739,MADS145,i,9,ADS,5.934147793634853,95.85220636514703,388.31116357931444,2683.119967838546
3740,MADS145,u,9,ADS,7.214305002600358,165.6949973996422,446.7176660214449,827.5274510099415
3741,MADS145,u,9,ADS,7.83,169.99999999999994,376.0895381419988,753.9007011462643
3742,MADS145,u,9,ADS,8.187513848012328,142.48615198767212,410.62485421195447,719.6892780605382
3743,MADS145,i,9,ADS,8.7,100.00000000000142,348.154139978343,2575.519917644319
3744,MADS145,u,9,ADS,14.64,109.99999999999943,391.1671209382649,691.7623706685517
3745,MADS145,u,9,ADS,16.99582596783518,94.17403216481901,473.641462198065,977.212917142766
3746,MADS145,u,9,ADS,24.2,140.00000000000057,383.93121424958633,632.7975788390867
3747,MADS145,u,9,ADS,25.04,199.9999999999993,360.07571603027213,777.7826634960428
3748,MADS145,a,9,ADS,28.06,130.00000000000256,891.2432019382622,1377.257775682342
3749,MADS145,a,9,ADS,30.21,109.99999999999943,774.2790104479221,1357.2969110580354
3750,MADS145,i,9,ADS,36.33,149.99999999999858,386.6245374966322,2607.4993706078476
3751,MADS145,i,9,ADS,38.60782271492659,122.17728507340553,435.8802593678438,2606.6182596828316
3752,MADS145,a,9,ADS,42.16,139.18682708860075,744.9324818226404,1393.7832972790445
3753,MADS145,a,9,ADS,43.42,149.99999999999858,969.5302296217563,1316.966444439943
3754,MADS145,a,9,ADS,44.62,109.99999999999943,742.1550556230029,1288.923685664958
3755,MADS145,i,9,ADS,47.05,150.00000000000568,356.148247575253,2745.1526576133833
3756,MADS145,i,9,ADS,50.68,41.91033148384804,341.8130044860475,2447.334928604084
3757,MADS145,i,9,ADS,50.97769347651901,64.87253678428573,413.0882884843029,2314.5035919310862
3758,MADS145,a,9,ADS,51.24,149.99999999999858,734.9152930623668,1397.2814553382632
3759,MADS145,i,9,ADS,56.42495255048713,155.04744951287108,375.6306833046643,2676.4209334196335
3760,MADS145,i,9,ADS,58.14,111.67715609683171,412.15435971657246,2578.235942709064
3761,MADS145,a,9,ADS,59.33,133.0910849716247,701.2219804266298,1248.6399874440422
3762,MADS145,a,9,ADS,60.05,120.00000000000455,693.6278604307884,1239.9363102357293
3763,MADS145,i,9,ADS,61.99,39.99999999999915,444.94540472459437,1763.5289558615607
3764,MADS145,u,9,ADS,65.28459363003307,115.40636996693365,357.3976853068386,728.4329785707785
3765,MADS145,u,9,ADS,73.33,150.00000000000568,343.7830277496695,859.0881758756495
3766,MADS145,a,9,ADS,80.95,179.9999999999926,766.6747608747097,1306.8132174676368
3767,MADS145,u,9,ADS,82.63,121.17890429695422,393.4018682197358,738.3286920914989
3768,MADS145,a,9,ADS,84.35,160.0000000000108,746.0029237782034,1328.1259779821964
3769,MADS146,i,6,ADS,6.61,80.00000000000007,353.2573264003199,2250.9724964903367
3770,MADS146,u,6,ADS,9.07,140.00000000000057,359.298833542896,739.4631727337619
3771,MADS146,u,6,ADS,9.403087726880573,186.91227311942703,508.6047127109449,820.5600529762609
3772,MADS146,i,6,ADS,10.09116661736729,78.83338263271078,361.3811418248095,2173.6529266614734
3774,MADS146,u,6,ADS,19.95296320861173,137.03679138826885,326.1970023144043,616.4230740515023
3775,MADS146,u,6,ADS,27.95,109.99999999999943,433.93690333581293,941.0001174866096
3776,MADS146,a,6,ADS,33.05,123.24705836736172,970.3093529721372,1494.7029609499348
3777,MADS146,a,6,ADS,35.84,129.99999999999545,747.7576246264535,1404.6672264266315
3778,MADS146,i,6,ADS,42.65101314286476,158.98685713523975,409.9550636454193,2597.8547441762867
3779,MADS146,i,6,ADS,45.5443754189565,92.40340391858837,480.311389709856,2397.456512221546
3780,MADS146,a,6,ADS,50.10798004270932,153.04313774016975,782.4735472303214,1441.8572080903723
3781,MADS146,a,6,ADS,51.55,140.00000000000057,313.0969226499363,1163.3434687514887
3782,MADS146,a,6,ADS,52.94284801234853,107.15198765146994,950.5209050487929,1329.6619408306992
3783,MADS146,i,6,ADS,55.7091608932496,100.83910675039931,386.23428578465627,2664.5317582001267
3784,MADS146,i,6,ADS,60.16196111856597,66.41494656648916,425.5487104686389,2483.8827094891876
3785,MADS146,i,6,ADS,60.48441049682356,63.527340194035276,458.5526143596749,2449.8817672938367
3786,MADS146,a,6,ADS,60.74513421458162,99.14115212099261,839.0283085656748,1596.2964702235126
3787,MADS146,i,6,ADS,67.41,150.00000000000568,355.8557714176956,2531.702926645112
3788,MADS146,i,6,ADS,69.21,143.79420333904136,369.16695829818775,2264.9567841014145
3789,MADS146,a,6,ADS,71.23,96.58472114084304,794.219411345483,1323.3146192050249
3790,MADS146,a,6,ADS,72.46605574480661,103.95382940842524,822.1255824561459,1178.4276322477767
3791,MADS146,i,6,ADS,75.1,50.00000000001137,442.4619258207233,1411.8578633582483
3792,MADS146,u,6,ADS,78.33630052533773,92.40340391859547,412.3501996304599,922.3592371181035
3793,MADS146,u,6,ADS,88.61637518327338,113.62481672662739,409.60220216773524,1303.7030432473678
3795,MADS146,u,6,ADS,99.75,90.00000000000341,422.6392966386514,845.3149111749543
3796,MADS146,u,6,ADS,101.29,119.99999999999034,396.28474995440257,1007.6842017215197
3797,MADS146,a,6,ADS,102.0992919661108,110.69157761080817,779.290429134215,1345.7889136940084
3798,MADS147,i,12,ADS,5.310685509340835,109.31449065916522,364.91645090190667,2560.1064848148226
3799,MADS147,u,12,ADS,6.91,99.99999999999964,465.8457762353955,2045.2807504896955
3801,MADS147,u,12,ADS,8.11,169.99999999999994,386.25358358942765,860.4486835560517
3802,MADS147,i,12,ADS,8.72,89.99999999999986,379.9977098379206,2304.8061370747964
3804,MADS147,u,12,ADS,17.23,79.9999999999983,395.60133410894616,1399.8522676478394
3805,MADS147,u,12,ADS,24.15,100.00000000000142,351.3219286320592,927.0379917081897
3807,MADS147,a,12,ADS,28.25166371762168,79.61969594033036,737.6768689935641,1215.349470799505
3808,MADS147,a,12,ADS,30.94979366257908,110.14057938412236,303.10738308986623,1074.5485029582803
3809,MADS147,i,12,ADS,36.02792937449515,82.27368580502059,307.1496885035397,2485.2297184792924
3810,MADS147,i,12,ADS,37.55,105.66978547275596,306.51900775264505,2652.7828996712497
3812,MADS147,a,12,ADS,41.63,109.99999999999943,734.2054893001573,1162.0876539623096
3813,MADS147,a,12,ADS,43.07,109.99999999999943,820.2406899878945,1160.045796949537
3814,MADS147,i,12,ADS,44.96074016066691,75.63871114331278,314.88424874606136,2384.2321083709044
3815,MADS147,i,12,ADS,48.91588623318668,66.34974661693605,353.3639922389714,2550.9142789410716
3817,MADS147,i,12,ADS,54.45,98.06967974765968,322.3716490784522,2533.5700433973293
3818,MADS147,i,12,ADS,56.14061737462472,59.714771955249546,306.8115701521568,2242.053778225454
3820,MADS147,a,12,ADS,58.6,43.97629037877948,387.4796773603642,1240.099056309668
3821,MADS147,i,12,ADS,61.25101027146633,50.42580742887992,360.8880898994502,1559.2158894196946
3823,MADS147,a,12,ADS,78.5761225943835,175.16333106871684,654.5662794514049,1158.099995988092
3824,MADS147,a,12,ADS,81.57843160469717,101.56839530283435,697.7915046341288,1150.9250484077377
3825,MADS147,i,15,ADS,23.06403226660469,109.41562403344918,352.7605780387619,2610.310932096607
3826,MADS147,u,15,ADS,24.52570988425576,143.8612834513897,466.1518320618772,1848.0968909948813
3827,MADS147,u,15,ADS,25.36589961584156,107.38940877357095,513.7480721655526,1969.51426900376
3828,MADS147,u,15,ADS,25.67793676586289,147.91371397114972,514.729934757224,1767.2496939049647
3829,MADS147,i,15,ADS,26.2916645915206,87.12725617478867,399.69872221557335,2269.2306890384584
3831,MADS147,u,15,ADS,34.01221447098884,89.15347143467045,357.2488052104182,603.3563002977355
3832,MADS147,u,15,ADS,40.98,120.17548285088964,397.3300867027907,1040.0065319225955
3833,MADS147,u,15,ADS,41.87,208.14785210845343,863.652254579551,1681.012708759948
3834,MADS147,a,15,ADS,45.21,113.56341006977999,570.7142017010208,1258.747586544689
3835,MADS147,a,15,ADS,47.0,130.00000000000256,651.9525426656376,1154.4298906388772
3836,MADS147,i,15,ADS,51.92040432300038,74.9699646155193,434.57764192549075,2318.9655619470414
3837,MADS147,i,15,ADS,53.53361687973361,86.38312026639028,365.0198312686773,2459.743723523109
3839,MADS147,a,15,ADS,57.39,119.99999999999744,831.5997982341229,1372.6154338367085
3840,MADS147,a,15,ADS,58.4,108.68767059792361,685.2507387094993,1250.1032285348185
3841,MADS147,i,15,ADS,60.66208069790843,64.8388883161175,446.7022926142134,2246.0021502114464
3842,MADS147,i,15,ADS,64.46265773819172,57.342261808273065,421.17500340651196,2019.269667745858
3843,MADS147,a,15,ADS,64.77,134.37266484530141,701.499748956761,1287.4834219482045
3844,MADS147,i,15,ADS,69.9802370177556,172.22829708970266,372.5655770868989,2550.4554406409598
3845,MADS147,i,15,ADS,71.57,130.00000000000966,360.1312434497601,2500.4663101515403
3847,MADS147,i,15,ADS,75.61941071179686,50.58928820314179,459.10780122337604,1603.7390644827576
3850,MADS147,a,15,ADS,91.66,128.78415984732783,612.913032041214,1326.0612132952983
3851,MADS147,a,15,ADS,94.46,124.44442676984124,672.1841580971327,1311.5985314681993
3852,MADS147,i,18,ADS,7.884445946324427,131.95806252801478,369.1786043192261,2616.993948425608
3854,MADS147,u,18,ADS,10.25317675649926,90.46181645001994,380.1695048798279,735.2781434938985
3855,MADS147,u,18,ADS,10.52882101636031,227.39942850740036,415.33394801482376,823.2470743680983
3856,MADS147,i,18,ADS,11.18600242324064,64.73414388167065,410.6861732152964,2362.3962093783775
3857,MADS147,u,18,ADS,16.28,99.36687584042758,372.61075084357384,726.5191530236912
3858,MADS147,u,18,ADS,18.95587103597046,102.08076535186095,415.4019522732519,747.8091057269831
3859,MADS147,u,18,ADS,25.68926133180201,120.73866819798695,387.4485644179442,803.157300729021
3860,MADS147,a,18,ADS,30.09063711620367,83.822417077549,679.485027215216,1149.7056321816372
3861,MADS147,a,18,ADS,32.196864704729,105.40046503809464,693.7443115739245,1154.9039571232695
3862,MADS147,i,18,ADS,37.43488353036749,75.52316786194524,396.64461451499767,2535.002896941116
3863,MADS147,i,18,ADS,39.03513762046156,82.16256723441973,349.9991574371627,2520.703281389419
3865,MADS147,a,18,ADS,44.46565329448645,89.6318915284624,744.0471773266156,1239.3092888721317
3866,MADS147,i,18,ADS,46.91875378193588,58.92466943076613,421.7599423899177,2396.2298786473184
3867,MADS147,i,18,ADS,52.08,90.00000000000341,439.14630400034304,2656.481446678349
3868,MADS147,i,18,ADS,52.4764339141633,48.13564545046489,449.9592479362326,2227.6311132030414
3869,MADS147,i,18,ADS,58.62694209435127,124.48873823397832,355.7855761334505,2534.341856445598
3870,MADS147,i,18,ADS,60.14582306140633,80.50271739130466,325.9721204082599,2331.600717104368
3871,MADS147,i,18,ADS,62.06983569587505,179.2637830569177,331.33431458184543,1944.19101607881
3872,MADS147,a,18,ADS,63.56925986104756,82.99249215597371,682.3382519300177,1145.8634629410685
3875,MADS147,u,18,ADS,76.3066681841084,93.33181589160233,401.8826089426885,809.4345282230395
3877,MADS147,a,18,ADS,87.13239991875602,91.29174137159168,727.8968984957372,1014.5284366166658
3878,MADS147,i,6,ADS,4.65,169.99999999999994,345.16247798066445,2529.887459112068
3879,MADS147,u,6,ADS,6.35,233.90658711147518,381.1595968846521,883.3874906949327
3880,MADS147,u,6,ADS,7.22,110.00000000000031,405.0539226524905,715.9953433873337
3882,MADS147,u,6,ADS,16.63,112.30847877479988,351.45093696841417,936.1214959678687
3883,MADS147,u,6,ADS,24.45,109.99999999999943,399.3411978477856,792.9359864401795
3885,MADS147,a,6,ADS,29.44,89.70547947614804,471.0774168122795,1368.2208127654353
3887,MADS147,i,6,ADS,38.80557055669263,80.72318204793305,343.55845270029084,2183.4430503136164
3888,MADS147,i,6,ADS,40.86097791316874,109.02208683125991,359.20466620769497,2593.2377822381
3890,MADS147,a,6,ADS,46.78,140.00000000000057,861.4962801008732,1278.4583207828632
3891,MADS147,a,6,ADS,47.78,109.99999999999943,517.8765820416979,1048.0695552972536
3892,MADS147,i,6,ADS,54.15,55.81759667884256,417.38245924783297,2468.078365720557
3893,MADS147,i,6,ADS,54.51921347992371,60.786520076291595,425.24928311459263,2055.8203756169787
3894,MADS147,a,6,ADS,54.76,107.95258725688939,638.9667257920066,1409.155971055483
3895,MADS147,i,6,ADS,60.57256337893638,122.27187869022771,376.54874773427997,2363.4443414590914
3897,MADS147,a,6,ADS,63.82327768196419,86.72231803580388,817.3068555540899,1174.3602337878176
3899,MADS147,u,6,ADS,70.57182872107845,86.6587101396874,387.997730363765,922.1335822506801
3900,MADS147,u,6,ADS,79.09,92.88299536589761,327.24081681807843,763.959264068055
3901,MADS147,a,6,ADS,87.07,99.8540555245171,751.0041872881228,1269.8991940598894
3903,MADS147,i,9,ADS,6.593372736525182,116.62726347481822,355.6156648320406,2603.9198394378395
3904,MADS147,u,9,ADS,8.687203303081127,172.79669691887278,378.7525174787793,886.232035289336
3905,MADS147,u,9,ADS,9.85,99.99999999999964,420.5502458549863,825.0456392687772
3906,MADS147,u,9,ADS,10.08604561505942,203.9543849405785,445.19227842699524,875.5913178087002
3907,MADS147,i,9,ADS,10.71,59.99999999999872,374.85291487867744,2102.2424648117203
3908,MADS147,u,9,ADS,17.10093610762864,135.2812629388076,510.5851695977449,2233.7114829962024
3909,MADS147,u,9,ADS,20.43376553523729,106.2344647627107,309.32820852238933,710.8224663699114
3910,MADS147,u,9,ADS,28.37,119.99999999999744,391.7990883089603,779.18483592808
3912,MADS147,i,9,ADS,41.59,109.99999999999943,343.9802701609786,2609.376443868505
3913,MADS147,i,9,ADS,43.57995445151118,110.04554848882009,324.91574804498185,2343.5448038474215
3914,MADS147,a,9,ADS,46.69,134.10985331369574,677.6239327461906,1106.684132249907
3915,MADS147,a,9,ADS,48.14,140.00000000000057,851.0964651862045,1293.7640225191196
3916,MADS147,a,9,ADS,49.2,99.99999999999432,816.2822317992808,1240.8184028940198
3919,MADS147,a,9,ADS,55.32592721826099,87.75000839274583,895.3845333554003,1304.4196947246458
3920,MADS147,i,9,ADS,60.17,89.9999999999963,368.0295290338481,2395.8986511908797
3921,MADS147,i,9,ADS,61.67,89.9999999999963,336.8150865627613,2027.571109736494
3922,MADS147,a,9,ADS,63.42,100.28500182704647,750.8116720468852,1273.983841879355
3923,MADS147,a,9,ADS,64.37,99.99999999999432,676.9754662690641,1204.032492485242
3925,MADS147,u,9,ADS,69.41,79.9999999999983,383.84770145045536,1042.5178506306584
3926,MADS147,u,9,ADS,91.1310928207004,98.16555592577458,372.4009070938105,872.899893312404
3928,MADS147,a,9,ADS,100.85,90.00000000000341,720.5983099002244,1334.674025604945
3929,MADS148,i,15,ADS,5.23,99.99999999999964,398.78981474417145,2530.957103885598
3930,MADS148,u,15,ADS,7.31,200.00000000000017,421.29819220219093,1769.4475344474088
3931,MADS148,u,15,ADS,8.16,192.71660589978978,360.2210460191544,821.2049486488826
3932,MADS148,u,15,ADS,8.71,139.9999999999988,363.7402646374596,672.7439451222767
3933,MADS148,i,15,ADS,9.37,70.00000000000028,380.4234936640654,2446.2550124888803
3934,MADS148,u,15,ADS,16.62583165259306,158.36160677287836,417.7627829189868,2272.0419913200235
3935,MADS148,u,15,ADS,19.51753079975893,122.46920024107055,413.8725570893481,1085.2766785637582
3936,MADS148,u,15,ADS,28.07,115.00691040524913,466.8323184908618,2176.463263738046
3937,MADS148,u,15,ADS,29.01,129.999999999999,388.001647698611,798.901343662482
3938,MADS148,a,15,ADS,33.61,90.00000000000341,731.9356338762202,1312.0727942294893
3939,MADS148,a,15,ADS,36.05,109.99999999999943,699.6258186711442,1332.6367397694023
3940,MADS148,i,15,ADS,43.09262348748087,107.3765125191315,385.90599346159576,2418.846997195004
3941,MADS148,i,15,ADS,45.45102858386333,88.97141613667259,298.8895658000911,2337.509696884605
3942,MADS148,a,15,ADS,49.75,113.63275276094242,704.3549882299782,1347.9223545684138
3944,MADS148,a,15,ADS,52.7,119.99999999999744,616.1504841850402,1253.917486563852
3945,MADS148,i,15,ADS,55.17044979623693,79.55020376306976,376.72817142238125,2441.0104577938764
3946,MADS148,i,15,ADS,59.64,49.99999999999716,378.3368224001156,2402.914836847881
3947,MADS148,i,15,ADS,59.97771447085927,65.12066072902911,360.71035441605926,2367.20559772032
3948,MADS148,a,15,ADS,60.28,110.6386604819889,691.2408970536962,1292.0476902421124
3949,MADS148,i,15,ADS,67.09,129.99999999999545,294.49654275672754,2507.4008025093435
3950,MADS148,i,15,ADS,68.87,129.99999999999545,376.78241578046055,2463.6368492822976
3952,MADS148,a,15,ADS,72.18,105.85629137897001,691.4587444661692,1218.8939323166828
3953,MADS148,u,15,ADS,77.64071088493134,146.52148664032438,371.3913784828361,588.1908296538787
3954,MADS148,u,15,ADS,89.2,106.90381603436094,360.24964181792893,631.6029138288056
3955,MADS148,a,15,ADS,98.36,170.0000000000017,624.4273339811799,1138.8768031524392
3956,MADS148,u,15,ADS,100.14,98.93033459650269,349.88621372402235,822.635801488916
3957,MADS148,a,15,ADS,102.27,128.90318003469758,734.2113955791287,1238.8205729050571
3958,MADS148,i,18,ADS,7.562639721537334,94.61144105782182,403.90980246993036,2700.9294824304707
3960,MADS148,u,18,ADS,10.01545404246967,264.54595753032885,413.81822928906723,822.5964534696783
3961,MADS148,u,18,ADS,10.56694706689818,149.38648588077007,364.2969864431758,861.9391983140265
3962,MADS148,i,18,ADS,11.04852189320926,96.27129090094044,406.73090087187694,2294.495471307272
3963,MADS148,u,18,ADS,17.55760918590319,127.80843792021201,365.0547542204723,645.1125031455845
3964,MADS148,u,18,ADS,20.55775349498716,115.27961392132013,315.2534492959566,669.4467363773466
3965,MADS148,u,18,ADS,29.09,142.496500526601,348.9243875456478,739.9072689060412
3967,MADS148,a,18,ADS,34.0775996452672,97.76878649024212,819.8396492507059,1319.906581352497
3968,MADS148,a,18,ADS,36.84,125.7971920463632,761.8673732356261,1226.6337196619472
3969,MADS148,i,18,ADS,43.72240152122391,94.85031525171905,394.2893414419993,2353.329824504181
3970,MADS148,i,18,ADS,45.82587868192445,106.5242002057829,313.9362787585752,2567.1847581479387
3971,MADS148,a,18,ADS,50.03150233597289,126.95349887539464,640.8873385230066,1305.3472163883296
3972,MADS148,a,18,ADS,51.73289728745875,107.9834358250551,704.8959631248017,1112.4700108865768
3973,MADS148,a,18,ADS,53.18952664385464,86.09490153617827,887.0205554068349,1280.8801554823212
3974,MADS148,i,18,ADS,55.69300380455517,93.39107963246107,390.89611685683593,2264.4041187198673
3975,MADS148,i,18,ADS,60.17,59.99999999999517,377.3870325984057,2356.245224091962
3976,MADS148,a,18,ADS,60.72899383404631,91.9318440132102,690.076041873629,1376.665866464776
3977,MADS148,i,18,ADS,66.96727610098705,125.49426325612956,333.1809283761723,2419.7314012087186
3978,MADS148,i,18,ADS,68.92081754582094,144.464326306462,383.3583376530844,2531.4171491971947
3980,MADS148,a,18,ADS,72.18323838144728,102.14649334801607,608.6997856975296,1197.7025210914728
3982,MADS148,u,18,ADS,88.25515089610262,112.36114268280062,373.2990863952428,763.9106184602622
3983,MADS148,a,18,ADS,96.81572679130969,129.8719701138964,763.1396106472087,1234.8256399608326
3984,MADS148,a,18,ADS,101.0837320240694,131.3312057331899,674.3054789926241,1304.0425303565696
3985,MADS148,i,6,ADS,5.35,112.90225370744179,396.5911043959074,2685.0156847175763
3986,MADS148,u,6,ADS,6.79,211.31519242466635,453.3066784286592,1376.9344134063874
3987,MADS148,u,6,ADS,7.6,180.0000000000006,373.3784791492039,879.7147356981465
3988,MADS148,u,6,ADS,7.982582692826379,197.4173071736205,353.78500869487283,769.8279480856694
3989,MADS148,i,6,ADS,8.69,120.000000000001,440.909136398372,2485.80015615337
3990,MADS148,u,6,ADS,15.34096309719776,202.56666708761983,521.4203110927078,1274.3899271598473
3991,MADS148,u,6,ADS,18.42051865551413,119.48134448586956,365.85388153998264,1663.8321020600515
3992,MADS148,u,6,ADS,26.3,145.58568750128842,366.3702083100312,773.5634368812498
3993,MADS148,u,6,ADS,27.4,140.00000000000057,395.320278935205,598.602671953638
3994,MADS148,a,6,ADS,31.38,128.7151767176411,914.7703250902754,1476.1057124941535
3995,MADS148,a,6,ADS,33.67,149.99999999999858,818.4808685551329,1357.2289516701862
3996,MADS148,i,6,ADS,40.02399252666383,116.73333357591531,375.81701868959925,2404.9539933450556
3997,MADS148,i,6,ADS,42.19320824265026,115.01666690568157,378.29445443233567,2574.633534599668
3998,MADS148,a,6,ADS,46.1546388421438,137.33333361873434,744.8599679722986,1336.9268617795035
3999,MADS148,a,6,ADS,47.52,109.99999999999943,1039.6000487827214,1346.2370848088651
4000,MADS148,a,6,ADS,48.7,129.99999999999545,860.3794680851271,1248.7728564828171
4001,MADS148,i,6,ADS,51.1098074185673,101.2833335438117,399.61311843984345,2533.2579440936297
4002,MADS148,i,6,ADS,55.06,49.99999999999716,435.46414438631405,2268.7150355294457
4003,MADS148,i,6,ADS,55.38292064500502,57.07935499497552,442.7260775401528,2324.399584960719
4004,MADS148,a,6,ADS,55.67,121.41484794404533,861.5451515788657,1296.6530773829272
4005,MADS148,i,6,ADS,62.01,120.00000000000455,355.6787710517206,2611.195500577657
4006,MADS148,i,6,ADS,63.7,119.99999999999744,342.8346138154186,2439.507342686419
4007,MADS148,a,6,ADS,65.53,90.00000000000341,709.5316667764603,1201.7869249052815
4008,MADS148,a,6,ADS,66.59,99.99999999999432,848.0131409790848,1261.3848141542358
4009,MADS148,u,6,ADS,72.22761800234191,106.99247937441214,372.0074391834092,1542.238851549856
4010,MADS148,u,6,ADS,81.92,129.99999999999545,361.2424915509415,713.4133870319469
4011,MADS148,a,6,ADS,90.04,169.9999999999875,851.5613183347916,1125.0678511319416
4012,MADS148,u,6,ADS,91.79,136.4657267963878,350.58685901321707,1478.9834442395693
4013,MADS148,a,6,ADS,93.85,109.99999999999943,733.9983371670079,1213.7884099819798
4014,MADS149,i,6,ADS,5.64,140.00000000000057,421.8251379412598,2433.3210282847026
4015,MADS149,u,6,ADS,7.4,209.99999999999997,529.1314389529767,1423.801484311655
4016,MADS149,u,6,ADS,8.22,139.9999999999988,437.795823490713,895.0468794563279
4017,MADS149,u,6,ADS,8.561053002629146,191.6525623079064,366.89452653467026,872.4120449593185
4018,MADS149,i,6,ADS,9.18,99.99999999999964,388.01623069576885,2317.5235088089307
4019,MADS149,u,6,ADS,16.68,185.19862105400975,595.8215558138176,2426.8232026776736
4020,MADS149,u,6,ADS,19.58111596660378,106.47364572661999,425.3002252915064,1038.527244160046
4021,MADS149,u,6,ADS,26.49,130.00000000000256,398.1492628365445,585.8258718393918
4023,MADS149,a,6,ADS,30.55,149.99999999999858,723.9370176311004,1192.3592981342877
4024,MADS149,a,6,ADS,32.85,96.21592733585516,666.9621879315454,1258.4791001862009
4025,MADS149,i,6,ADS,39.98565652991891,106.47364572660933,426.37452253276786,2386.4540128467697
4026,MADS149,i,6,ADS,42.13070793685239,129.29206314760933,392.9851277926666,2371.5903321623364
4027,MADS149,a,6,ADS,45.52965728841529,126.13031878383651,774.9997568892435,1381.5477138587287
4028,MADS149,a,6,ADS,46.72,149.99999999999858,894.852882167226,1252.265117123021
4029,MADS149,a,6,ADS,47.76,170.0000000000017,865.8407268217035,1443.821155796612
4031,MADS149,i,6,ADS,53.9,50.00000000000426,417.5256613399491,2138.1593905434206
4032,MADS149,i,6,ADS,54.29354271054279,76.45728945720975,319.97207385561194,2222.139467014262
4033,MADS149,a,6,ADS,54.60968753554643,124.49226269573188,711.6422063714468,1425.5603188718874
4034,MADS149,i,6,ADS,61.51913036739023,130.86963260976603,341.2054537653515,2340.5324710722084
4035,MADS149,i,6,ADS,63.06837116713266,99.92142137421212,421.32016170875994,2395.8039960757505
4036,MADS149,a,6,ADS,64.56,129.99999999999545,690.8128607010427,1388.6775496826433
4037,MADS149,a,6,ADS,65.62937667226808,76.98863614078277,680.2075332537016,1436.0009943034
4038,MADS149,i,6,ADS,67.57,55.58248771048113,508.7842893616847,2012.7990236551707
4039,MADS149,u,6,ADS,70.86806349204733,163.80560881017914,393.32465047625567,576.4899502387882
4040,MADS149,u,6,ADS,81.83,115.78807980791339,428.02697354100127,901.3981536762653
4041,MADS149,a,6,ADS,89.0,170.0000000000017,766.9874772411135,1205.7836828969755
4042,MADS149,u,6,ADS,90.22,153.53555934676422,348.428557725329,739.6309381729063
4043,MADS149,a,6,ADS,92.2,159.9999999999966,683.2006292173378,1242.0818251142432
4044,MADS150,i,12,ADS,5.1,86.6502523027215,373.84820318505706,2423.439605292876
4045,MADS150,u,12,ADS,6.29,150.00000000000034,400.367070494674,750.7092376112
4046,MADS150,u,12,ADS,7.43,100.00000000000054,466.8763065310719,840.4224040051677
4047,MADS150,u,12,ADS,7.67,120.00000000000011,434.1819530726273,813.0745380352578
4048,MADS150,i,12,ADS,8.168113322010516,101.88667798948359,348.09743245309176,2487.6767635722713
4049,MADS150,u,12,ADS,14.70120944848828,114.04476795132013,392.6930874568594,1274.8688071965537
4050,MADS150,u,12,ADS,17.25685776593575,93.1422340642527,371.55308024257414,773.1783270781057
4051,MADS150,u,12,ADS,23.99,103.82816446579213,417.53531221302256,736.275648180394
4052,MADS150,u,12,ADS,25.09,140.00000000000057,532.247738211948,1049.1460090343774
4053,MADS150,a,12,ADS,28.57482246362312,115.17753637687989,635.8284031675181,1245.4160437588562
4054,MADS150,a,12,ADS,30.85,79.9999999999983,663.6954116359083,1082.0892829359514
4055,MADS150,i,12,ADS,36.61091790126,89.0820987400005,362.0870402217591,2534.99409724622
4056,MADS150,i,12,ADS,38.57857262107002,91.42737892997843,319.86525628894276,2483.7432123561357
4057,MADS150,a,12,ADS,43.14,95.69103857116801,700.8084342758681,1337.6987616355045
4058,MADS150,a,12,ADS,45.6909652145647,159.0347854353027,736.3925953610265,1513.3272176612393
4059,MADS150,i,12,ADS,48.21624921246728,88.34453855384083,397.5706796498913,2508.3758948164163
4060,MADS150,i,12,ADS,52.38,49.99999999999716,393.7948773938541,2181.8809463192083
4061,MADS150,i,12,ADS,52.70850302781141,62.64430915634733,452.23717250642807,2369.473414683836
4062,MADS150,a,12,ADS,53.03,70.00000000000028,644.8326314524874,1077.6462535367925
4063,MADS150,i,12,ADS,57.29,114.3264922734275,316.69836144120205,2541.676569499072
4064,MADS150,i,12,ADS,59.3,80.0000000000054,332.6636766337063,2398.8999945947603
4065,MADS150,a,12,ADS,60.75,76.29715287797723,655.4888403054166,1145.035647397377
4066,MADS150,a,12,ADS,61.51,80.0000000000054,657.9462048895032,1143.1529836188524
4067,MADS150,u,12,ADS,63.15298499753923,73.8881595177645,319.18368999369056,1014.7797910348573
4068,MADS150,u,12,ADS,66.65764522606169,94.76959590320178,367.3731433044036,858.0987123242656
4069,MADS150,u,12,ADS,74.17,109.99999999999943,408.2283314444841,834.0858050257967
4070,MADS150,a,12,ADS,81.66,140.00000000000057,602.612577794903,1008.2036757908269
4071,MADS150,u,12,ADS,83.57,140.00000000000057,345.38576827723006,723.98188896899
4072,MADS150,u,12,ADS,84.90543424811665,84.56575188334625,376.69895554715623,866.9895653147696
4073,MADS150,a,12,ADS,85.61,129.99999999999545,621.2265734999131,1034.931828277668
4074,MADS150,i,15,ADS,6.0,89.99999999999986,407.73412206843125,2277.0418807796345
4075,MADS150,u,15,ADS,7.35,167.1258455247493,403.1856049867864,723.7907666579997
4076,MADS150,u,15,ADS,8.33,99.99999999999964,460.144421494483,784.4737959995787
4077,MADS150,u,15,ADS,8.625728547231889,164.2714527681104,393.3990303669978,987.3736832603568
4078,MADS150,i,15,ADS,9.25,89.99999999999986,373.1551606165693,2361.8182987765313
4079,MADS150,u,15,ADS,16.92,112.09638216544704,427.5083723217484,715.6663248816697
4080,MADS150,u,15,ADS,19.20333596902053,78.54080178607958,375.56685953032354,952.7526931314645
4081,MADS150,u,15,ADS,26.56,148.1890336985323,463.078471515349,1174.8454702827103
4082,MADS150,u,15,ADS,27.81,170.0000000000017,374.0140961450654,685.0372425078167
4084,MADS150,a,15,ADS,33.97335653214989,87.14801294071606,657.0266768903482,1143.7328316119585
4085,MADS150,i,15,ADS,40.47074162618775,79.25837381224454,353.2693481483567,2756.0748056227435
4086,MADS150,i,15,ADS,43.02480783862936,85.19216137064234,362.4826859122786,2695.5094411921864
4087,MADS150,a,15,ADS,47.39,97.90209106317604,640.9155696818939,1240.0791453270315
4089,MADS150,a,15,ADS,50.17,179.99999999999972,894.8029244869775,1317.5614309368275
4090,MADS150,i,15,ADS,52.39,70.00000000000028,425.8937908815378,2559.5429700169657
4091,MADS150,i,15,ADS,56.77,47.314048913193574,439.54039546193405,2470.1054311748876
4092,MADS150,i,15,ADS,57.11964234071991,70.3576592800843,352.5752238986562,2524.6483871698406
4093,MADS150,a,15,ADS,57.45,93.68513701033976,659.832099483519,1201.5901602361835
4094,MADS150,i,15,ADS,63.42243825408285,127.56174591714853,316.70539572241483,2700.315355299216
4095,MADS150,i,15,ADS,65.4,130.80599542310267,317.1142461846367,2569.882552374321
4096,MADS150,a,15,ADS,67.18,89.9999999999892,615.3475109499018,1133.8153357490712
4097,MADS150,a,15,ADS,68.22,90.00000000000341,643.0162981053887,1233.3110460056114
4098,MADS150,u,15,ADS,70.21,130.79873670098152,345.0393396505448,951.3254426369215
4099,MADS150,i,15,ADS,70.66,56.25434899980064,465.06574300645696,1941.1944809756653
4100,MADS150,u,15,ADS,74.39,113.55620364429342,384.4611298419889,845.1273754861977
4101,MADS150,u,15,ADS,83.05400335240797,91.45161851805028,412.20173181839755,684.4696290669156
4102,MADS150,a,15,ADS,90.94,130.52811573544432,667.4746238897715,1186.5887967678946
4104,MADS150,u,15,ADS,93.88,100.00000000000853,529.624270615774,1405.8394247958565
4105,MADS150,a,15,ADS,94.67,139.41440763505852,712.1592377725959,1231.2609466490794
4106,MADS150,i,6,ADS,5.917845440460229,92.15455953977082,334.5975919920148,1991.5257300872672
4107,MADS150,u,6,ADS,7.07,160.00000000000014,283.60961799385603,812.4199093738639
4108,MADS150,u,6,ADS,7.770432966672771,99.56703332722938,470.73078907163335,721.6734112741084
4109,MADS150,u,6,ADS,8.05,179.99999999999972,498.2269736697219,1058.024219704524
4110,MADS150,i,6,ADS,8.62,100.00000000000142,456.69914357058076,2199.70514791901
4111,MADS150,u,6,ADS,14.67,168.52118019570028,385.45848756669494,743.4303252519285
4112,MADS150,u,6,ADS,18.70557561830807,103.37149249738786,382.08874228736727,949.5202233646888
4113,MADS150,u,6,ADS,25.16498097457076,135.7529238821087,379.30951641133623,816.5771281722766
4114,MADS150,u,6,ADS,26.33528274193636,186.8159502964879,444.4756557419198,1008.115898887549
4115,MADS150,a,6,ADS,29.78,129.999999999999,748.2506954215372,1080.4222680934483
4116,MADS150,a,6,ADS,31.81,92.87794352999157,582.997950887638,1160.8057925421497
4117,MADS150,i,6,ADS,37.01876229532882,81.23770467118163,437.94615038598494,2658.0662553158345
4118,MADS150,i,6,ADS,38.85093591376361,99.06408623639607,413.2451766382132,2700.093331600758
4119,MADS150,a,6,ADS,42.41322254500092,112.08957017788634,708.3261686867748,1241.437030807923
4120,MADS150,a,6,ADS,43.79,149.99999999999858,869.8524079020805,1267.6750896946364
4121,MADS150,a,6,ADS,45.0,189.99999999999773,712.9209242414896,1351.3554021702657
4122,MADS150,i,6,ADS,47.07041028207255,99.58971792745075,310.4069069921166,2763.510140902619
4123,MADS150,i,6,ADS,50.96,70.00000000000028,459.8695631317967,2161.5827872860295
4124,MADS150,i,6,ADS,51.28514863404968,70.99006111265993,342.5930220240852,2283.4903644203882
4125,MADS150,a,6,ADS,51.59,79.9999999999983,775.370832634708,1364.3473067088075
4126,MADS150,i,6,ADS,57.08050956263222,109.49043736777497,311.70614827967734,2740.544508393015
4127,MADS150,i,6,ADS,59.16,110.00000000000654,465.2603949157638,2672.7624799860255
4128,MADS150,a,6,ADS,60.82,89.9999999999963,665.4017014606738,1233.5322216024265
4129,MADS150,a,6,ADS,61.72,84.9510418107684,648.0775020639646,1134.8544741474961
4130,MADS150,u,6,ADS,63.58,170.0000000000017,376.7870462975577,738.0099969159429
4131,MADS150,i,6,ADS,63.93,39.99999999999915,467.19737096766306,1835.4605604746862
4132,MADS150,u,6,ADS,67.1315863911204,108.4136088796015,370.16138601889384,728.3177911677066
4133,MADS150,u,6,ADS,74.6,120.00000000000455,421.6207533540646,634.8856449622006
4134,MADS150,a,6,ADS,81.73,159.9999999999966,682.6757570621294,1258.313427389667
4135,MADS150,u,6,ADS,83.04,138.5587728229325,370.35887211498255,571.752858999771
4136,MADS150,u,6,ADS,84.36,109.99999999999943,351.88520139366784,912.8952012050221
4137,MADS151,i,18,ADS,6.026502757710905,120.33911362617732,322.4465061048245,2590.2846464883332
4138,MADS151,u,18,ADS,7.577419947311982,149.38648588077274,377.609457053894,791.575108640307
4139,MADS151,u,18,ADS,8.521947975662505,105.40046503809997,336.85350288305756,781.1308614648998
4140,MADS151,u,18,ADS,8.845932385680436,260.9101159793852,306.7791259538891,926.5261848280273
4141,MADS151,i,18,ADS,10.04762991481537,128.63836284177842,326.6687455544276,2577.3593563205495
4142,MADS151,u,18,ADS,18.01596082023905,118.67926378305782,357.25454064512337,941.8880806081505
4143,MADS151,u,18,ADS,22.73678195736217,121.28449095851224,311.4698006280882,821.3349297341947
4144,MADS151,u,18,ADS,31.74497241304946,103.74061519497957,348.1716431837779,836.7391341236435
4145,MADS151,a,18,ADS,37.21627080782733,122.82888839084904,741.7995376519176,1413.904409332937
4146,MADS151,a,18,ADS,40.20353121515573,96.46878484426935,805.7365826850089,1384.1629876466775
4147,MADS151,i,18,ADS,48.65905907541977,119.50918870461891,335.60540187447623,2528.8352710260224
4148,MADS151,i,18,ADS,51.06324637931926,110.38001456744695,326.0195535814107,2546.830641860719
4149,MADS151,a,18,ADS,55.47286916567189,210.12992917304985,596.477065314986,1361.413322586276
4150,MADS151,a,18,ADS,56.9680591840964,100.68725772876519,761.7797866962817,1266.984596126947
4151,MADS151,a,18,ADS,58.78504360620462,174.95639379538375,921.0306466532214,1408.6205690902138
4152,MADS151,i,18,ADS,61.29952931818288,89.01337277469423,342.55556385534493,2523.8580574955986
4153,MADS151,i,18,ADS,66.1304760940309,41.588215148820495,375.8382455357621,2447.709481207975
4154,MADS151,i,18,ADS,66.4784057329271,100.68725772875098,387.0108546007119,2527.9988358892006
4155,MADS151,a,18,ADS,66.84689175073551,134.24967697166323,760.8552143155764,1472.425100543801
4156,MADS151,i,18,ADS,74.61799579352441,82.00420647558815,319.27298832754326,2610.4861914742246
4157,MADS151,i,18,ADS,76.74873387213384,121.11655639836272,262.4794503200048,2516.9945267605417
4158,MADS151,a,18,ADS,80.62261376952733,80.25795905915345,680.6468486827342,1363.2221013727858
4159,MADS151,u,18,ADS,86.79730847971383,145.92356192572709,387.85250433338376,631.2922026511123
4160,MADS151,u,18,ADS,98.42523875300444,109.44267144432729,519.8961156890601,1699.7698137550085
4161,MADS151,a,18,ADS,107.0257772905835,157.59744687979094,749.9343292855608,1231.666658699004
4162,MADS151,u,18,ADS,108.92,109.62000420089169,376.10305241740764,812.489815368103
4164,MADS151,i,6,ADS,6.05,169.99999999999994,298.68151342385016,2479.8804613730654
4165,MADS151,u,6,ADS,7.74,292.8334214241595,310.2656775767183,1008.2040412499941
4166,MADS151,u,6,ADS,8.58,150.00000000000034,425.49259531433836,1004.6699203867097
4167,MADS151,u,6,ADS,8.945015748104257,214.98425189574277,397.3045631346812,880.1381514973684
4168,MADS151,i,6,ADS,9.54,100.00000000000142,351.6514343981877,2505.2812587775684
4169,MADS151,u,6,ADS,16.43,185.22551363288997,339.2108382452027,781.4827359596353
4170,MADS151,u,6,ADS,20.21380171379902,126.83026415930243,348.4429361152929,935.3374167197493
4171,MADS151,u,6,ADS,28.45,120.000000000001,403.4760593971164,850.6377497698213
4172,MADS151,u,6,ADS,29.53,227.52061772535725,551.8607530843768,1319.880991229216
4173,MADS151,a,6,ADS,34.11,102.56259406983759,785.7438739476287,1369.0887525386484
4174,MADS151,a,6,ADS,36.48,122.02005142804495,775.6152915279959,1427.275089880692
4175,MADS151,i,6,ADS,45.2158859533837,119.35520795925214,347.95648081732224,2585.501670063074
4176,MADS151,i,6,ADS,47.68426833708717,123.69539733958135,315.5732701376268,2580.426803410608
4177,MADS151,a,6,ADS,51.47207156358063,132.37577610025397,771.4933636176249,1365.9014684042131
4178,MADS151,a,6,ADS,53.26145203823657,168.54796176343,842.1822528478974,1351.6142351560447
4179,MADS151,a,6,ADS,54.66981622940968,150.18377059031707,969.6389251865108,1362.654633190995
4180,MADS151,i,6,ADS,57.2899285802774,104.1645451280857,347.808971839706,2502.913967457278
4181,MADS151,i,6,ADS,62.11138280347031,68.61719652968645,396.78626203837837,2367.6193376930432
4182,MADS151,i,6,ADS,62.45,79.9999999999983,319.81996715841785,2492.3005286302823
4183,MADS151,a,6,ADS,62.79,162.6968902439998,670.4868241116844,1520.8349472506006
4184,MADS151,i,6,ADS,70.72,129.99999999999545,331.9683268338225,2593.6468288634005
4185,MADS151,i,6,ADS,72.77,150.00000000000568,318.8742918882457,2553.6464460625543
4186,MADS151,a,6,ADS,74.48252120785617,91.14397698705545,702.4681167594239,1450.8331936628308
4187,MADS151,a,6,ADS,75.58454545425288,91.14397698706966,669.8802707712982,1332.5585261380095
4188,MADS151,i,6,ADS,78.11,40.00000000000625,474.71271509299135,1873.4003940880125
4189,MADS151,u,6,ADS,81.47,150.00000000000568,331.7098271313098,700.9040691920975
4190,MADS151,u,6,ADS,93.69,111.36497893107844,353.93493704710784,761.7454237280431
4193,MADS151,a,6,ADS,107.42,129.99999999999545,780.739655952091,1414.2643117494713
4194,MADS152,i,6,ADS,7.49,89.99999999999986,391.3304895882241,2365.606405482151
4195,MADS152,u,6,ADS,9.25,232.78722217620464,839.0450287821039,2060.189547839571
4196,MADS152,u,6,ADS,10.41,160.00000000000014,289.64456522370125,836.1464327126755
4197,MADS152,u,6,ADS,10.79,200.00000000000108,436.33055668163075,875.317885137013
4198,MADS152,i,6,ADS,11.45,98.93862968772993,432.9292819007826,2440.0148697137124
4199,MADS152,u,6,ADS,19.36797210953514,209.17777789735226,401.3141686042443,1075.0863111808085
4200,MADS152,u,6,ADS,22.8,99.99999999999787,308.53436530553694,989.3791324105895
4201,MADS152,u,6,ADS,31.93,137.33711692164974,394.3123634339696,1824.4539001893704
4203,MADS152,a,6,ADS,37.52,120.68171604247624,982.3201452681823,1303.7533273228894
4204,MADS152,a,6,ADS,40.36,110.52981097147807,923.2855502949012,1348.5722699042458
4205,MADS152,i,6,ADS,47.8,130.00000000000256,385.5646651758901,2740.5568188988022
4206,MADS152,i,6,ADS,50.69,135.04429122237127,316.123343767022,2735.483233242467
4208,MADS152,a,6,ADS,57.09,149.99999999999858,1004.3684140373394,1245.3742892123266
4209,MADS152,a,6,ADS,58.61,149.99999999999858,872.0956413758051,1239.189103918525
4210,MADS152,i,6,ADS,61.36,100.00000000000142,393.3255790692044,2849.7596654730323
4211,MADS152,i,6,ADS,66.11,40.00000000000625,463.8083291679719,2615.029607733086
4212,MADS152,i,6,ADS,66.44253062413284,69.72592596578409,423.16189909675205,2575.521166782699
4213,MADS152,a,6,ADS,66.77,90.00000000000341,972.0500393433148,1323.2824058626895
4214,MADS152,i,6,ADS,73.27,160.0000000000108,372.68596784073173,2909.9924781434347
4215,MADS152,i,6,ADS,75.48,109.99999999999943,454.722134367389,2556.7875216939315
4216,MADS152,a,6,ADS,77.43,109.99999999999943,800.891486486037,1242.6977630310696
4217,MADS152,a,6,ADS,78.68,109.87208130546833,822.5801494553845,1314.9603678080653
4218,MADS152,u,6,ADS,86.0,94.92163224720684,398.5648110340302,1247.9368470233303
4219,MADS152,u,6,ADS,96.35,109.99999999999943,392.4803584341438,888.9990212753384
4220,MADS152,a,6,ADS,103.57,160.0000000000108,843.1149149593241,1233.1827243489574
4221,MADS152,u,6,ADS,105.64,108.78492088809821,414.9968682030838,1019.9639242637388
4223,MADS153,i,12,ADS,7.71,110.00000000000031,411.16591492408327,2459.3128788316494
4225,MADS153,u,12,ADS,10.16,169.99999999999994,360.8957020843264,979.2979755872723
4226,MADS153,u,12,ADS,10.61321212181422,245.59369207197966,479.42235042769533,917.1862118129163
4227,MADS153,i,12,ADS,11.57,119.99999999999922,350.07319878386147,2545.891080716004
4228,MADS153,u,12,ADS,18.67,153.30589783569692,440.1656655372524,892.1151471690494
4229,MADS153,u,12,ADS,22.50635703978985,83.64296021014894,353.6640360348951,866.3121891043368
4230,MADS153,u,12,ADS,31.01,99.99999999999787,343.1041296736796,861.040831471336
4232,MADS153,a,12,ADS,35.62,109.99999999999943,795.9892662329689,1291.041614284396
4233,MADS153,a,12,ADS,38.57,109.99999999999943,744.4841534818587,1255.6249497010342
4234,MADS153,i,12,ADS,46.53770902893263,112.29097106736674,387.7265640535567,2744.565759405087
4235,MADS153,i,12,ADS,48.44770041499359,112.29958500641146,335.1578168327889,2647.8421741011107
4236,MADS153,a,12,ADS,53.45313368601827,123.84639172859835,888.9556448064942,1335.7522521015212
4237,MADS153,a,12,ADS,55.29,130.00000000000256,810.8429537224532,1276.0243997328016
4238,MADS153,a,12,ADS,56.85,119.99999999999744,814.1404469212938,1386.7317848344396
4239,MADS153,i,12,ADS,59.97600782968954,93.99217031045737,345.31126806657164,2418.185224980377
4240,MADS153,i,12,ADS,64.69,49.99999999999716,379.75337443997097,2478.8517936986304
4241,MADS153,i,12,ADS,65.06433248861858,85.66751138143047,335.06322525402237,2701.0509456081895
4242,MADS153,a,12,ADS,65.37,120.24584094513102,821.6818362227657,1357.793127198099
4243,MADS153,i,12,ADS,72.03,150.00000000000568,290.3323603959449,2586.775456130338
4244,MADS153,i,12,ADS,73.89,109.99999999999943,402.24587642034004,2549.788808096044
4245,MADS153,a,12,ADS,75.89987387818701,60.87365017168622,691.1874012518115,1188.0006001332863
4246,MADS153,a,12,ADS,76.97,99.99999999999432,705.7587914254624,1307.4419524382167
4247,MADS153,i,12,ADS,79.11,40.00000000000625,511.9884041340988,1935.4353213449824
4248,MADS153,u,12,ADS,82.10375199930394,96.55820372060475,396.82454782342285,938.0547889851281
4249,MADS153,u,12,ADS,91.58,90.00000000000341,367.0960054259568,862.5184735568408
4250,MADS153,a,12,ADS,99.26,149.99999999999147,769.5663849718271,1215.1297798270762
4251,MADS153,u,12,ADS,101.17,116.09617180960186,411.1705826896774,971.2602961596738
4252,MADS153,a,12,ADS,103.07,80.0000000000125,737.5365786179527,1293.1061536318157
4253,MADS153,i,15,ADS,6.19,99.99999999999964,405.3596514189324,2490.841352431271
4254,MADS153,u,15,ADS,8.08,140.00000000000057,357.557169561189,770.9880713334727
4255,MADS153,u,15,ADS,9.153496867047526,146.50313295247486,316.65363896105447,868.0630153247299
4256,MADS153,u,15,ADS,9.5,199.9999999999993,387.67486718555307,815.1707967549543
4257,MADS153,i,15,ADS,10.11,110.00000000000121,369.9557747376419,2111.4678620938153
4258,MADS153,u,15,ADS,16.84716915505907,162.2101659241899,408.0533097197142,842.5884637688268
4259,MADS153,u,15,ADS,20.4,140.00000000000057,357.6764194353598,755.3750477084193
4260,MADS153,u,15,ADS,28.16,101.27431621605965,405.64665268664487,878.2922426454961
4261,MADS153,u,15,ADS,29.14643033336375,143.5696666362496,386.32640644474117,941.5987301861561
4262,MADS153,a,15,ADS,32.87,120.00000000000455,886.8586166392237,1465.9370952224826
4263,MADS153,a,15,ADS,35.44,109.99999999999943,817.6652861285315,1441.2022659311463
4264,MADS153,i,15,ADS,43.62584331784904,144.1566821509639,398.0999327439315,2777.2105941767804
4265,MADS153,i,15,ADS,45.41635863706826,103.64136293174653,343.7785796977344,2378.7286077943154
4266,MADS153,a,15,ADS,49.13,111.7788861021296,779.556654961596,1349.0473248511798
4267,MADS153,a,15,ADS,50.85,170.0000000000017,823.5606335401498,1220.4927117051652
4268,MADS153,a,15,ADS,52.08,124.52528546268837,783.0424689338892,1427.219493719727
4269,MADS153,i,15,ADS,55.47144019650742,74.98394462533042,352.565251380724,2437.0046505973414
4270,MADS153,i,15,ADS,60.4,70.00000000000028,420.36022969860693,2559.7997746398323
4271,MADS153,i,15,ADS,60.74651277988269,73.48722011730757,432.73090721708076,2491.043090564211
4272,MADS153,a,15,ADS,61.03,130.2433427944294,727.6500771543114,1398.5398141929493
4273,MADS153,i,15,ADS,67.43,200.53363190078244,336.880596701883,2599.402930690726
4274,MADS153,i,15,ADS,69.4117209060692,98.27909393079892,417.1966082910795,2534.792553553147
4275,MADS153,a,15,ADS,71.26,111.88603110950623,722.2194833857283,1379.6940220593167
4276,MADS153,a,15,ADS,72.46,60.000000000002274,695.1694163229179,1342.0010653653733
4278,MADS153,u,15,ADS,88.2,92.62502755652235,394.0534288127633,735.2479717311911
4279,MADS153,a,15,ADS,97.2,170.0000000000017,730.301727299222,1362.3290976207652
4280,MADS153,u,15,ADS,99.47,97.24633011475703,432.00754700609093,913.8746714177564
4281,MADS153,a,15,ADS,101.4694562455664,149.96788925068927,738.2424249441375,1331.1921484986754
4282,MADS153,i,18,ADS,5.598558802106672,112.86978933213909,365.2417076776562,2389.035628554454
4283,MADS153,u,18,ADS,7.09,141.87878193634518,354.0451735384256,755.4700521109606
4284,MADS153,u,18,ADS,8.426732406992375,74.69324294038415,387.20973099569164,826.6400261903389
4285,MADS153,u,18,ADS,8.745437443971309,275.53507395786704,396.20816413979185,768.5629208003301
4286,MADS153,i,18,ADS,9.494452599731062,111.2099394890187,358.9337236828687,2490.7981283605454
4287,MADS153,u,18,ADS,16.44855474002697,134.44783729269005,364.3314433330192,804.3623141955379
4288,MADS153,u,18,ADS,19.52477868668769,97.93114074405906,279.9561589740866,947.1036791355434
4290,MADS153,u,18,ADS,28.14204522215395,157.95477784605083,392.3207445174088,770.0834447768887
4291,MADS153,a,18,ADS,31.73166905955874,130.29821268489883,824.8944133151199,1407.4638394306394
4292,MADS153,a,18,ADS,34.23728313396472,98.76106566561305,823.1553980982223,1337.8482812305342
4293,MADS153,i,18,ADS,40.03728698593667,117.84933886148963,297.9228734372373,2651.597714921776
4294,MADS153,i,18,ADS,41.82334893965691,100.42091550874233,366.02505396611105,2479.8077490414485
4295,MADS153,a,18,ADS,45.65607026162142,116.64079324390997,849.6625243019595,1332.2904444785831
4297,MADS153,a,18,ADS,48.08836414412275,108.71305363465922,917.6356430341436,1510.5976645929572
4298,MADS153,i,18,ADS,50.66085372795448,89.01337277470134,368.7956039507643,2554.4253265886246
4299,MADS153,i,18,ADS,54.85297234515376,70.04330972434758,378.8750864226398,2208.257764846076
4300,MADS153,i,18,ADS,55.21038701557512,52.53248229325891,435.9996120721698,2346.927881308393
4301,MADS153,a,18,ADS,55.46356439551625,89.98856315204762,763.3558877435097,1380.2484452459064
4302,MADS153,i,18,ADS,61.13673927423081,173.2607257691896,272.16357389253886,2632.917279911749
4303,MADS153,i,18,ADS,62.70819797146945,91.9318440132102,353.64040676359036,2665.3772913426506
4304,MADS153,a,18,ADS,64.48362795059218,90.47260839395221,675.096093155809,1299.8822926563985
4305,MADS153,a,18,ADS,65.25759869409572,102.14649334800185,763.7757375727862,1316.6625536079264
4306,MADS153,i,18,ADS,67.18264268427319,48.15477543547786,498.7452230858844,1883.9626699364496
4309,MADS153,a,18,ADS,85.24562277765177,138.62738382944428,667.8286417965866,1498.306396810238
4310,MADS153,u,18,ADS,86.95,91.71904009433263,456.5911791113611,1007.4987259870957
4311,MADS153,a,18,ADS,88.76133251276849,106.5242002057829,707.1924728256995,1328.6138597844454
4312,MADS153,i,6,ADS,5.58,139.9999999999997,366.0636600942523,2202.630161889726
4313,MADS153,u,6,ADS,6.999689424000548,180.3105759994521,529.7922895221906,992.1888656006769
4314,MADS153,u,6,ADS,8.31,160.00000000000014,408.0907899378613,902.471913941556
4315,MADS153,u,6,ADS,8.67,280.2726203442028,473.8774149828895,980.8987643311868
4316,MADS153,i,6,ADS,9.52,99.99999999999964,334.4776325772692,2386.0064795161607
4317,MADS153,u,6,ADS,16.57,210.3288030812287,482.79307628134933,922.6842056812766
4318,MADS153,u,6,ADS,21.61807340610481,105.15017303348984,380.5837989118412,741.4815563043088
4319,MADS153,u,6,ADS,30.61,140.00000000000057,368.8514076411713,839.855923084314
4321,MADS153,a,6,ADS,35.16,110.00000000000654,814.2358268634673,1397.2165037422617
4322,MADS153,a,6,ADS,37.55,170.0000000000017,774.6115735387707,1352.345022751366
4323,MADS153,i,6,ADS,45.19232638426321,117.67361573679125,286.86970066132375,2537.709097095394
4324,MADS153,i,6,ADS,47.80422624338733,134.45431961658727,306.18153146651116,2345.686561229155
4326,MADS153,a,6,ADS,53.81,129.99999999999545,874.8101447641168,1332.5102580290222
4327,MADS153,a,6,ADS,55.72,120.00000000000455,906.6461785747513,1406.0687892930428
4328,MADS153,i,6,ADS,58.37393034141151,84.4648930924734,374.5221953500899,2344.4779320993694
4329,MADS153,i,6,ADS,63.1,49.99999999999716,405.8975223822764,2144.1253465027844
4330,MADS153,i,6,ADS,63.41,70.00000000000028,340.14198819092786,2297.6308237135636
4331,MADS153,a,6,ADS,63.71,153.47439702618004,726.926389108382,1412.6643129835093
4332,MADS153,i,6,ADS,70.63,174.46270318298218,301.4803990552028,1810.7284133191301
4333,MADS153,i,6,ADS,72.19710983069898,102.8901693010198,393.9610614664659,2547.6571938196266
4334,MADS153,a,6,ADS,73.75,114.19027256448544,703.7615774202567,1310.6365198487454
4335,MADS153,a,6,ADS,74.66211129718751,103.4263997050715,713.1621583692321,1317.9938876510728
4336,MADS153,u,6,ADS,76.69,129.99999999999545,676.7730297626613,1200.4308920251503
4337,MADS153,i,6,ADS,76.98,39.99999999999204,542.1836738443055,2143.182692789959
4338,MADS153,u,6,ADS,80.69254251820513,86.18866642089529,427.79044732227686,893.1488842841685
4339,MADS153,u,6,ADS,92.39,132.7053824476394,418.03034170525507,717.9917808681665
4340,MADS153,a,6,ADS,100.1782341901163,171.76580988369494,768.0670993548092,1314.1991586952595
4341,MADS153,u,6,ADS,101.82,148.01008767830126,439.6373413074486,910.6390902774697
4342,MADS153,a,6,ADS,103.92,109.99999999999943,733.6305228485792,1395.4615610412623
4343,MADS154,i,15,ADS,6.910356263906742,99.64373609325783,323.20460819927723,2519.212433623309
4344,MADS154,u,15,ADS,8.31,179.99999999999972,347.86381363299785,816.0938158180753
4345,MADS154,u,15,ADS,9.29,140.00000000000057,396.1744512175527,738.8797979625364
4346,MADS154,u,15,ADS,9.68,140.00000000000057,473.88809573649894,1192.2579897601754
4347,MADS154,i,15,ADS,10.21,89.99999999999986,376.1634630158527,2606.372084112296
4348,MADS154,u,15,ADS,17.01,168.68014568429857,434.95828794721893,1252.7092182489978
4349,MADS154,u,15,ADS,19.72142434231684,136.93197955975833,384.6076212002626,1082.4814970669358
4350,MADS154,u,15,ADS,27.33,110.00000000000298,410.5979855098398,801.1142609089668
4351,MADS154,u,15,ADS,28.27,160.00000000000014,367.6237285497715,815.3320299572724
4352,MADS154,a,15,ADS,31.82,110.5345176711694,805.5055068067514,1310.7813224419854
4353,MADS154,a,15,ADS,34.49,119.99999999999744,932.9800575625633,1427.9997007914008
4354,MADS154,i,15,ADS,41.02558912997785,94.41087002214488,365.1954488513446,2428.3512303602743
4355,MADS154,i,15,ADS,43.50513204998406,94.86795001593862,397.754390307705,2707.716511644863
4356,MADS154,a,15,ADS,47.09,113.20293246858881,680.5724394644947,1292.127776352012
4357,MADS154,a,15,ADS,49.21,140.00000000000057,630.3849763995718,1257.6348292906011
4358,MADS154,a,15,ADS,50.62,120.00000000000455,659.9776635226463,1281.8841013030324
4359,MADS154,i,15,ADS,53.25469972605012,86.55134557079691,365.5825416111997,2461.645735611849
4360,MADS154,i,15,ADS,58.03,53.909813385395466,305.3156149017223,2389.4499151172663
4361,MADS154,a,15,ADS,58.3,119.78070664521567,794.7509054073641,1268.8753865812496
4362,MADS154,i,15,ADS,64.97,143.56023100971527,419.375424320866,2659.073029642361
4363,MADS154,i,15,ADS,66.75,140.00000000000057,407.8284833089077,2628.704922369916
4364,MADS154,a,15,ADS,68.54,109.99999999999943,671.7941546805545,1281.274083563477
4365,MADS154,a,15,ADS,69.42,90.00000000000341,677.9440319724024,1360.9369394572525
4366,MADS154,i,15,ADS,71.77612899162835,40.04614496558645,433.95407771003516,2047.8742832720563
4368,MADS154,u,15,ADS,84.52,120.00000000000455,398.4914951973684,758.1153473872655
4369,MADS154,a,15,ADS,92.77,180.00000000000682,827.9088292877998,1313.9001921926797
4370,MADS154,u,15,ADS,94.61610071505297,103.34489023379945,344.83489946137024,722.0085913165984
4371,MADS154,a,15,ADS,96.78,140.00000000000057,657.9952420430159,1265.419243131344
4372,MADS154,i,18,ADS,6.880411554014697,97.93114074406084,362.75715616116986,2683.0344728456603
4373,MADS154,u,18,ADS,8.447223569192454,202.77643080754615,451.2985336060109,886.85332291317
4374,MADS154,u,18,ADS,9.448870686508462,102.91069027342026,403.1390513152869,885.8592332825904
4375,MADS154,u,18,ADS,9.812377802151673,129.46828776333064,328.67483602303156,911.4077234604666
4376,MADS154,i,18,ADS,10.29526833763676,97.93114074406084,381.67671992012185,2556.7039078704265
4377,MADS154,u,18,ADS,16.96,142.79064881219838,428.74500630319653,892.634553768906
4378,MADS154,u,18,ADS,19.3537078384133,112.86978933214087,333.93835906474635,903.5167015691065
4379,MADS154,u,18,ADS,27.05543688368455,121.16903854773042,377.47526385817605,841.8249798109881
4380,MADS154,u,18,ADS,27.99321828776344,172.62438368445032,341.77260601769626,717.8159411658182
4381,MADS154,a,18,ADS,31.62429263783071,109.55008964590007,907.5794524586402,1387.1279103451798
4382,MADS154,a,18,ADS,34.45,117.38598162260416,1139.1624361705688,1528.0702387788458
4383,MADS154,i,18,ADS,40.44513993164475,106.23038995965572,367.63563078642113,2774.7076156824583
4384,MADS154,i,18,ADS,42.65675327767782,116.18948901837456,373.56758646685375,2715.746816499758
4385,MADS154,a,18,ADS,46.56,143.8984760191957,799.7238281990191,1456.2898494264934
4386,MADS154,a,18,ADS,47.82784905871753,149.3864858807683,861.5090765058444,1533.8149199334387
4387,MADS154,a,18,ADS,49.39741973890575,129.46828776333064,903.7093236385829,1293.1085397171967
4388,MADS154,i,18,ADS,52.47926056140675,79.67279246975068,423.6253851524403,2498.6281994605524
4389,MADS154,i,18,ADS,56.81,89.9999999999963,334.06847234551157,2728.729087643284
4390,MADS154,i,18,ADS,57.25015744060873,48.135645450472,410.99339645828286,2580.9669172064346
4391,MADS154,a,18,ADS,57.56699812303813,109.55008964590007,852.4476476446941,1359.9394494129679
4392,MADS154,i,18,ADS,63.9518304592786,202.0832237778336,399.58714486699205,2683.6935305170678
4393,MADS154,i,18,ADS,65.92783560449737,116.07173477504773,360.65833852608336,2552.275651742954
4394,MADS154,a,18,ADS,68.16,132.97284280284316,595.8367473283496,1250.9823449511603
4395,MADS154,a,18,ADS,69.17,105.7746973523166,678.2662289628489,1222.0171670422415
4396,MADS154,i,18,ADS,71.17,46.057782291711646,386.3894989997202,1632.5490368252574
4397,MADS154,u,18,ADS,74.5501048744027,117.84933886150384,340.255590160573,851.5675235266776
4398,MADS154,u,18,ADS,82.91,129.09502736070522,427.50088893737944,739.9433115925164
4399,MADS154,a,18,ADS,91.17249197659834,190.05280703721894,892.8561210605526,1347.1258983168311
4400,MADS154,u,18,ADS,92.51,106.11857341586983,348.08192050277125,848.7618357552503
4401,MADS154,a,18,ADS,94.5433273643167,131.12813760646702,618.1074227385446,1267.930012800194
4402,MADS154,i,6,ADS,7.102403215719742,127.5967842802581,339.85774452587873,2649.790920863281
4403,MADS154,u,6,ADS,8.5,213.01665205391095,421.1983913427412,764.0952690189488
4404,MADS154,u,6,ADS,9.53,140.00000000000057,438.22762068730384,953.3389163917739
4405,MADS154,u,6,ADS,9.89,161.84443777584966,334.8056466773572,688.8673343983066
4406,MADS154,i,6,ADS,10.41,89.99999999999986,402.28330866870516,1932.422440783201
4407,MADS154,u,6,ADS,16.89761514280085,186.20789798201187,426.24815320059565,1248.028877102369
4408,MADS154,u,6,ADS,19.57844092218075,131.5590778192508,406.7397440709768,875.5705833022979
4409,MADS154,u,6,ADS,27.42,149.99999999999858,423.19590763044,739.0320768014342
4410,MADS154,u,6,ADS,28.4,236.05157574178293,356.53117318267493,1261.63708975947
4411,MADS154,a,6,ADS,31.9439680120408,118.49593507945855,846.3574101354067,1332.4213315244774
4412,MADS154,a,6,ADS,34.81,129.99999999999545,1002.6192069154287,1322.6347996664708
4413,MADS154,i,6,ADS,40.25118999957175,106.64634157151909,411.3035173457974,2604.355328644904
4414,MADS154,i,6,ADS,43.24531850984131,114.6814901586879,414.390757008048,2667.1528130927395
4415,MADS154,a,6,ADS,46.86,205.9507114290824,859.8683327174282,1665.0531088766882
4416,MADS154,a,6,ADS,48.41,170.0000000000017,832.6716428516406,1334.580008654651
4417,MADS154,a,6,ADS,50.01,109.99999999999943,796.0347641401122,1353.7348997784252
4418,MADS154,i,6,ADS,52.46768331981347,84.63995362819077,420.3280399437882,2635.6921241011883
4419,MADS154,i,6,ADS,56.5,83.95481626128287,325.4877407358115,2430.1470924580526
4420,MADS154,i,6,ADS,56.802325896622,72.79036012025131,453.30097537085203,2501.6837711114017
4421,MADS154,a,6,ADS,57.09,99.99999999999432,739.8115013995413,1305.7387520707903
4422,MADS154,i,6,ADS,62.57,159.9999999999966,431.1188139703379,2689.026527737236
4423,MADS154,i,6,ADS,64.7,135.7865930263813,335.77089555096245,2491.7352893360035
4424,MADS154,a,6,ADS,66.52,90.00000000000341,659.2579235152177,1313.7826114518718
4425,MADS154,a,6,ADS,67.58,100.00000000000853,719.4320372740168,1310.1845784304262
4426,MADS154,i,6,ADS,69.85,53.552588975904314,463.90024329604637,2154.922781493596
4427,MADS154,u,6,ADS,73.17,120.00000000000455,350.20751715902736,712.591391131206
4428,MADS154,u,6,ADS,82.05,158.34778417716677,337.53764446880376,877.7260032018595
4429,MADS154,a,6,ADS,90.11260962294972,177.39037705028693,754.9715970424667,1243.0288121772471
4430,MADS154,u,6,ADS,92.5601663864793,162.5087109661223,394.4934631413549,618.7016490591689
4431,MADS154,a,6,ADS,94.7,150.8194096108042,860.4316171464892,1305.4648782521099
4432,MADS154,i,9,ADS,6.85,100.00000000000054,361.42069653606785,2602.9205943785523
4433,MADS154,u,9,ADS,8.26,150.00000000000034,426.8256107850099,712.5621420898644
4434,MADS154,u,9,ADS,9.32,89.99999999999986,359.97418334332986,900.0743527095268
4435,MADS154,u,9,ADS,9.66,140.00000000000057,389.2647174584346,970.773831834811
4436,MADS154,i,9,ADS,10.1656290087733,84.37099122670055,375.93871816782,2576.723701730611
4437,MADS154,u,9,ADS,16.64,99.99999999999787,363.0688297042358,856.2000975330391
4438,MADS154,u,9,ADS,19.27809730848589,101.90269151410902,359.16990282397506,902.0568764031738
4439,MADS154,u,9,ADS,26.98457414182103,135.42585817896935,336.51281031199335,897.4351518236828
4440,MADS154,u,9,ADS,27.89,179.99999999999972,364.8475147921688,705.7204268958188
4441,MADS154,a,9,ADS,31.57,100.00000000000142,777.4413660147142,1308.62331517019
4442,MADS154,a,9,ADS,34.0,109.99999999999943,925.30572650872,1298.094075510205
4443,MADS154,i,9,ADS,39.9827651811329,67.23481886709948,338.55023772072093,2512.925460190928
4444,MADS154,i,9,ADS,42.86799276180162,112.00723819838032,370.37934740481694,2786.8669028007434
4445,MADS154,a,9,ADS,48.02,117.3392299748599,691.9255784484802,1260.3052836078982
4446,MADS154,a,9,ADS,49.32,149.99999999999858,707.2222661740227,1303.0756846047946
4447,MADS154,a,9,ADS,50.48,120.00000000000455,694.0184588942016,1221.0913968814946
4448,MADS154,i,9,ADS,53.24230266035485,67.69733964515012,384.3864033699798,2589.754156776341
4449,MADS154,i,9,ADS,57.1,39.99999999999915,332.22279365686285,2507.3362227879097
4450,MADS154,i,9,ADS,57.41401092605663,80.29920154973524,293.5417605686349,2171.402177984692
4451,MADS154,a,9,ADS,57.67453722441802,132.04757588179916,711.9014098897783,1324.7735038670864
4452,MADS154,i,9,ADS,64.33,159.9999999999966,337.49726560829515,2745.84705722967
4453,MADS154,i,9,ADS,66.11,79.9999999999983,361.0429160860861,2524.295156954138
4454,MADS154,a,9,ADS,67.82,90.00000000000341,720.6861720348406,1292.1666281483517
4455,MADS154,a,9,ADS,68.69,79.9999999999983,698.486336430939,1299.7870765323585
4456,MADS154,u,9,ADS,73.75,129.99999999999545,302.57686049411814,810.6431876125074
4457,MADS154,u,9,ADS,82.75,150.00000000000568,348.3428013185883,710.9024013356133
4458,MADS154,a,9,ADS,89.95,200.00000000000284,673.0271716434202,1267.8144878212515
4459,MADS154,u,9,ADS,92.37,135.8134109974145,258.19504534891354,1177.583489450852
4460,MADS154,a,9,ADS,94.21,109.99999999999943,654.5166701284959,1310.5141515782532
4461,MADS155,i,12,ADS,4.91,89.99999999999986,419.26324781121986,2534.94135874978
4462,MADS155,u,12,ADS,6.23,159.99999999999926,379.81257453403225,829.9323995558743
4463,MADS155,u,12,ADS,6.89,119.81905472825628,461.48770333563823,576.0672772139193
4464,MADS155,u,12,ADS,7.245421082337534,114.57891766246675,447.71922610630844,576.9781054115151
4465,MADS155,i,12,ADS,7.72,60.0000000000005,374.3602200856569,2407.0145815377655
4466,MADS155,u,12,ADS,13.33,119.99999999999922,457.3667603101023,1533.7873792173048
4467,MADS155,u,12,ADS,15.4044118762276,105.58812377239946,439.6188304920703,721.6695233927251
4468,MADS155,u,12,ADS,21.74483961479503,105.16038520497162,378.8913761189377,770.1041165508605
4469,MADS155,u,12,ADS,22.61867698585332,161.3230141466815,429.9526454263686,808.8864420199366
4470,MADS155,a,12,ADS,26.10384602903686,101.97699702492002,409.42242239097214,1426.8258315166534
4471,MADS155,a,12,ADS,28.23,101.51195044833017,637.0385841324356,1307.4769957810163
4472,MADS155,i,12,ADS,32.81043345595986,109.56654404014188,418.11816563111813,2507.8781134873393
4473,MADS155,i,12,ADS,34.39515270775982,94.84729224018196,409.35064389293115,2503.379413826067
4474,MADS155,a,12,ADS,37.6,147.3703378618083,710.6415735454113,1341.0198133926883
4475,MADS155,a,12,ADS,38.69507016700748,94.92983299251989,491.0652813576832,1279.1544411269488
4476,MADS155,a,12,ADS,39.80600516134005,103.99483865994341,458.79914652660625,1336.0266601985184
4477,MADS155,i,12,ADS,41.73804785058045,79.120083898637,391.7836663972379,2408.5663492101216
4478,MADS155,i,12,ADS,45.84,69.99999999999318,376.8324643164581,2290.5101164712178
4479,MADS155,i,12,ADS,46.18859218873281,65.0542912055343,411.56175810415044,2395.055337433313
4480,MADS155,a,12,ADS,46.47869916302781,107.2516692848211,665.3366350865006,1462.4724741845841
4481,MADS155,i,12,ADS,51.57,149.99999999999858,436.2312257033023,2499.731126201467
4482,MADS155,i,12,ADS,52.83345532270999,96.54467729001226,408.90445448825693,2472.219624752261
4483,MADS155,a,12,ADS,53.97,100.00000000000142,655.8556362242068,1224.6362645402767
4484,MADS155,a,12,ADS,54.79,100.00000000000142,622.3643124910899,1238.9592726523892
4485,MADS155,i,12,ADS,56.61,49.99999999999716,477.5368550151958,1816.1639414944818
4486,MADS155,u,12,ADS,59.14709871089677,112.9012891032275,358.6344825669383,637.0010312413195
4487,MADS155,u,12,ADS,66.09,116.09779760658512,419.8950026636662,633.1912215481062
4488,MADS155,a,12,ADS,72.19,140.00000000000057,592.2055479995412,1350.443116084951
4489,MADS155,u,12,ADS,73.52,106.40993594168435,394.40573026527596,739.3829301127391
4490,MADS155,u,12,ADS,74.33921944423486,80.87830798527307,385.1540136321549,1342.9657690490383
4491,MADS155,a,12,ADS,75.23,109.99999999999943,606.0903868476944,1502.5507960976793
4492,MADS155,i,15,ADS,8.32,89.99999999999986,440.88769588228195,2637.910787101022
4493,MADS155,u,15,ADS,9.72,209.9999999999991,359.40605217896683,797.3256237366197
4494,MADS155,u,15,ADS,10.39,179.99999999999972,343.72628282661003,961.8744828486584
4495,MADS155,u,15,ADS,10.79,140.818872192801,414.79403214590604,871.5223797677643
4496,MADS155,i,15,ADS,11.3,69.99999999999851,392.89216243194284,2202.16486211216
4497,MADS155,u,15,ADS,16.72159530215951,124.98607266812911,417.1571747148323,1071.2437843977732
4498,MADS155,u,15,ADS,18.78324020887149,94.61562510391985,435.21682556078855,924.536258196504
4499,MADS155,u,15,ADS,25.18,159.7463278788389,365.34051844696063,872.9575126559293
4500,MADS155,u,15,ADS,26.26,179.99999999999972,339.35076634896427,716.7085727172854
4501,MADS155,a,15,ADS,29.43,101.56633276523053,523.0459622391553,1402.5690156932578
4502,MADS155,a,15,ADS,31.24281823733507,97.18176266493117,680.1063160108695,1319.1995826781083
4503,MADS155,i,15,ADS,36.02795958589387,102.04041410613485,477.6090638253596,2710.7406533125018
4504,MADS155,i,15,ADS,37.67059333463893,109.40666536107102,436.04892701070787,2764.9032989758534
4505,MADS155,a,15,ADS,40.89,133.82746604843732,781.8659870617576,1431.996459181681
4506,MADS155,a,15,ADS,42.03,129.99999999999545,723.4456510451929,1373.7879908111086
4507,MADS155,a,15,ADS,43.17,129.99999999999545,594.3988452832764,1349.8478635000079
4508,MADS155,i,15,ADS,44.90913722009805,100.86277990194503,422.9884958797074,2565.84091057459
4510,MADS155,i,15,ADS,49.31819924182664,74.75802477347315,433.8338392023711,2703.1613903016664
4511,MADS155,a,15,ADS,49.64,133.44481069886172,737.1092389268747,1490.8499846907175
4512,MADS155,i,15,ADS,55.35487997717529,124.98607266814332,448.52271362335995,2591.9079888316714
4513,MADS155,i,15,ADS,57.03,100.00000000000142,393.328107700111,2328.474768324921
4514,MADS155,a,15,ADS,58.22,109.99999999999943,635.140238605459,1404.5946121414352
4515,MADS155,a,15,ADS,58.83,79.9999999999983,648.470941647518,1359.0124463548009
4516,MADS155,u,15,ADS,60.71,49.99999999999716,438.95967681164836,1366.0198845182174
4517,MADS155,i,15,ADS,60.93657930293145,57.23661271718328,448.2599133971583,1952.7089783965505
4518,MADS155,u,15,ADS,63.67409287442329,126.15416680523595,339.89483493355203,930.1905750496747
4519,MADS155,u,15,ADS,70.7,100.05362845741672,403.6305918443758,789.8221027395107
4520,MADS155,a,15,ADS,76.70101826993574,128.98173006425395,599.5497384499155,1327.8431720492547
4521,MADS155,u,15,ADS,77.86,99.99999999999432,354.10110193532176,885.8412548674296
4522,MADS155,a,15,ADS,79.78,140.00000000000057,672.7568934129633,1474.5430274433415
4523,MADS155,i,18,ADS,3.843050664730587,94.85031525172305,384.3024457002843,2285.16855311149
4524,MADS155,u,18,ADS,5.034753446512983,237.85540593893728,334.110128442856,892.2390849183915
4525,MADS155,u,18,ADS,5.581266209870803,148.84203316424217,311.59266270711186,842.87306110948
4526,MADS155,u,18,ADS,5.93,119.58278735572935,431.00437012204634,944.3791916229455
4527,MADS155,i,18,ADS,6.382232812330605,95.5799330613516,394.0736042146226,2611.68196654203
4528,MADS155,u,18,ADS,12.37315157743522,237.85540593894083,422.1430384115064,846.0048006687113
4529,MADS155,u,18,ADS,14.56036059770228,80.25795905916056,377.22881964862563,1026.6904500766275
4530,MADS155,u,18,ADS,20.58388135227259,138.62738382944784,399.76722495594464,732.5349894026087
4531,MADS155,u,18,ADS,21.45999858912415,132.79044135241946,327.44273919463706,790.240244055536
4532,MADS155,a,18,ADS,24.56573065955632,99.22802210948944,741.7694675491633,1323.2042775550103
4533,MADS155,a,18,ADS,26.28958839548666,103.60572896725984,628.950183601923,1140.529660478114
4534,MADS155,i,18,ADS,31.29991146120503,131.82235086858896,443.1869609817897,2662.121951356653
4535,MADS155,i,18,ADS,32.97712238075898,86.09490153618538,431.3143048323399,2797.7303237748533
4536,MADS155,a,18,ADS,36.60559480819712,115.27961392132369,808.7908213411014,1367.8623350084213
4537,MADS155,a,18,ADS,37.63,133.51395988878778,711.9596662282767,1243.7972696930206
4538,MADS155,a,18,ADS,38.55370573552764,80.25795905913924,776.9891616751594,1270.0117237411337
4539,MADS155,i,18,ADS,40.54289180881912,105.06496458653203,426.9904022700159,2630.036009321824
4540,MADS155,i,18,ADS,44.32,49.99999999999716,379.6177174261349,2596.911437230075
4541,MADS155,a,18,ADS,45.02336172531017,74.42101658213574,799.6385640244766,1467.0814522224714
4542,MADS155,i,18,ADS,49.52273416052486,140.08661944868805,472.46871462323037,2379.3159231677496
4543,MADS155,i,18,ADS,50.86845999471555,109.44267144429887,405.94553487377993,2535.0632672755114
4544,MADS155,a,18,ADS,52.17524161559991,107.98343582503378,825.6559079559386,1251.7036319513734
4545,MADS155,a,18,ADS,52.86,90.00000000000341,836.1804969146292,1293.513530477886
4546,MADS155,i,18,ADS,54.35570827189767,44.29172810232984,504.99191194064076,1309.1410945207285
4547,MADS155,u,18,ADS,57.28184594477752,115.27961392133079,345.8254654995571,993.8258388692274
4548,MADS155,u,18,ADS,62.44259425635613,93.39107963246818,347.4534868034752,786.2206770185854
4549,MADS155,a,18,ADS,68.82086157949792,133.520059162052,710.1210300448498,1379.0255880948046
4550,MADS155,u,18,ADS,69.85317738605178,71.50254534361977,348.56035031193835,712.2464783229077
4551,MADS155,a,18,ADS,71.8407095991547,102.8761111576415,793.7908584889617,1474.371594608291
4552,MADS155,i,6,ADS,5.81,97.37847211739847,420.08553850248154,2625.722073917144
4553,MADS155,u,6,ADS,7.27115220101108,269.5042544015207,314.57243181780433,793.4420528888492
4554,MADS155,u,6,ADS,8.49,220.00000000000063,362.4383386605677,919.7835216192414
4555,MADS155,u,6,ADS,8.89,148.22025202985145,363.01499878761797,942.1008021379319
4556,MADS155,i,6,ADS,9.4,105.08369707906695,404.8922573075978,2371.7063871681157
4557,MADS155,u,6,ADS,15.15012888905454,141.58288019249989,424.68740276044014,1097.4040432940014
4558,MADS155,u,6,ADS,17.92,119.99999999999744,420.9430251235447,1427.584436591061
4559,MADS155,u,6,ADS,25.3,130.71171430837936,457.96542658475914,1066.0337329614867
4560,MADS155,u,6,ADS,26.36,201.49345318350953,379.7281255455476,780.0049853621869
4561,MADS155,a,6,ADS,29.51,108.72950496073841,503.17902705973574,1388.4243755020666
4562,MADS155,a,6,ADS,31.78,119.99999999999744,794.9456896602198,1364.4827077292634
4563,MADS155,i,6,ADS,37.56903601617993,150.9639838200698,324.2641697098971,2611.5432051875005
4564,MADS155,i,6,ADS,39.65072401118562,139.0989700136842,364.1968646127484,2790.7247970365747
4565,MADS155,a,6,ADS,43.00785243887932,144.0667903713191,784.5630845192326,1372.784762389699
4566,MADS155,a,6,ADS,44.2,149.99999999999858,657.3557368208067,1272.9399327321432
4567,MADS155,a,6,ADS,45.49,149.99999999999858,819.7958943629001,1370.4363028472753
4568,MADS155,i,6,ADS,47.67303180537336,121.37051682948652,379.17965537357696,2612.15290835415
4569,MADS155,i,6,ADS,51.72,50.00000000000426,420.89747639053655,2159.602676605788
4570,MADS155,i,6,ADS,52.05,88.46440769219299,438.25713060326933,2487.8561833279355
4571,MADS155,a,6,ADS,52.39,129.0731603478079,751.0382383836849,1463.3143512994607
4572,MADS155,i,6,ADS,58.33459657743217,135.40342256782623,426.4500908436161,2839.478163395627
4573,MADS155,i,6,ADS,59.9370765050012,114.25986822553114,415.6262135315995,2681.6082612360246
4574,MADS155,a,6,ADS,61.34750614421272,112.49385578727811,682.8047015096593,1345.1475031907494
4575,MADS155,a,6,ADS,62.33,109.99999999999943,795.4647534048527,1383.0489709703954
4576,MADS155,i,6,ADS,64.44,61.44950403364646,470.3573865302868,1438.527894530584
4577,MADS155,u,6,ADS,67.42899454750507,152.76047599718368,397.1943839066995,1057.4710652252047
4578,MADS155,u,6,ADS,76.22,102.89936510361031,343.9992314209253,827.1948917522469
4579,MADS155,a,6,ADS,83.32,140.00000000000057,796.8289005001687,1413.5493470951815
4580,MADS155,u,6,ADS,84.52,107.50415873651775,375.07785836346903,894.7630753744611
4581,MADS155,a,6,ADS,86.50465346221186,168.90589215947216,700.2461964694966,1402.7462975548444
4582,MADS156,i,15,ADS,6.9,139.9999999999997,393.10301208391246,2375.778363277497
4584,MADS156,u,15,ADS,9.16,80.00000000000007,418.3022616968051,835.0429261586976
4585,MADS156,u,15,ADS,9.45,180.55838364384158,424.93835577990734,862.3232783143172
4586,MADS156,i,15,ADS,10.04,60.0000000000005,377.10715951817025,2172.5717312891757
4588,MADS156,u,15,ADS,21.15894270263682,93.70230813393832,400.9564643606207,869.990057997129
4589,MADS156,u,15,ADS,28.09,128.80048105940034,408.55277223037285,749.065903500209
4590,MADS156,u,15,ADS,28.95,129.999999999999,451.34503639585574,726.1376582010371
4592,MADS156,a,15,ADS,35.01,93.98703747913117,785.5602779145227,1296.7319165261044
4593,MADS156,i,15,ADS,42.19844601775465,101.55398224534906,413.5679951022986,2374.3553317059623
4594,MADS156,i,15,ADS,43.85587125500845,74.12874499154753,357.7303132814833,2212.5613765214052
4596,MADS156,a,15,ADS,48.7,89.9999999999963,994.6671215884484,1498.6220492869988
4598,MADS156,i,15,ADS,52.19189557685122,88.10442314877776,402.3160624643124,2218.245563524675
4599,MADS156,i,15,ADS,56.2,70.00000000000028,381.37609499430505,2248.930708233208
4600,MADS156,i,15,ADS,56.50244315301864,47.55684698135809,419.90193639635606,1971.896597184523
4601,MADS156,a,15,ADS,56.77,103.43567109126894,777.7039310038673,1337.574616645492
4602,MADS156,i,15,ADS,64.17979227400288,106.26992896965248,340.8965481595471,2417.0431148615176
4603,MADS156,i,15,ADS,65.65885769217584,91.14230782415689,352.4589802577498,2300.539089876351
4605,MADS156,a,15,ADS,68.22,84.81308314112823,716.7537490737126,1272.7684225530627
4606,MADS156,i,15,ADS,70.31,39.99999999999204,486.0100113465875,1740.2977780015385
4607,MADS156,u,15,ADS,73.72434623228484,96.60902633603996,391.12628731896945,948.3364896918242
4608,MADS156,u,15,ADS,84.89,48.541301125226255,455.503373637861,901.4078114514642
4609,MADS156,a,15,ADS,92.38,109.99999999999943,690.3565566624843,1265.2533440324842
4610,MADS156,u,15,ADS,94.38026246599166,109.03018686497035,406.38432423409745,866.3477535086661
4611,MADS156,a,15,ADS,96.46749729401,112.50270598999634,716.0366021695216,1305.7172170761748
4612,MADS156,i,6,ADS,4.99,89.99999999999986,407.1159846363346,2243.954595883176
4613,MADS156,u,6,ADS,7.07,120.00000000000011,390.66976089163114,709.2210759320496
4614,MADS156,u,6,ADS,7.32,219.99999999999974,470.7951301571289,810.5226474107527
4615,MADS156,i,6,ADS,7.94,79.99999999999918,317.4059701147671,2367.6166714856154
4616,MADS156,u,6,ADS,14.31,146.003582478329,470.77094238548216,845.4414043995951
4617,MADS156,u,6,ADS,17.48476580339427,116.82165358995888,427.58701948854514,953.6516718335719
4618,MADS156,u,6,ADS,23.85,140.0051614964184,383.6304438879283,704.4988404426106
4620,MADS156,a,6,ADS,27.86,104.93954591170152,873.3769154917534,1464.4339588917032
4621,MADS156,a,6,ADS,29.93,109.99999999999943,911.2502024179523,1334.5985353616938
4622,MADS156,i,6,ADS,37.0,122.23283784138772,509.9060282700151,2502.392584141181
4623,MADS156,i,6,ADS,38.70249562707104,80.40970961387472,390.7478781443889,2116.354493099703
4624,MADS156,a,6,ADS,42.12,99.0247898215344,825.5569386139194,1285.3634042073259
4625,MADS156,a,6,ADS,43.46,119.99999999999744,883.6015322689894,1409.9117585163633
4626,MADS156,a,6,ADS,44.43,100.00000000000142,1045.5754443485835,1399.118474757363
4627,MADS156,i,6,ADS,46.97,100.00000000000142,401.8652304497005,2263.182092255157
4628,MADS156,i,6,ADS,50.66,50.00000000000426,353.17664159812455,2485.3908644980843
4629,MADS156,i,6,ADS,50.94,50.20115018326976,413.4818635814265,2028.6441415445875
4630,MADS156,a,6,ADS,51.21,100.00000000000142,904.3587018511636,1354.5607898655278
4631,MADS156,i,6,ADS,57.66,129.38622913434017,479.20719558800636,2262.67480788743
4634,MADS156,a,6,ADS,61.32,109.99999999999943,730.3539904838926,1197.6893152366627
4636,MADS156,u,6,ADS,74.84,85.14725486264751,499.6918615981813,984.7989078535617
4637,MADS156,a,6,ADS,81.92,120.00000000000455,909.753306359255,1276.3785577655626
4638,MADS156,u,6,ADS,83.30216932932592,100.13284593424032,371.5799213191142,782.1279826855675
4639,MADS156,a,6,ADS,85.17,120.00000000000455,824.5562270762101,1400.7599735101692
4640,MADS157,i,15,ADS,5.87,89.99999999999986,413.6478344472159,2457.2127758718025
4641,MADS157,u,15,ADS,8.54,40.000000000000924,420.3164322565023,943.979688723937
4642,MADS157,u,15,ADS,8.713992272387307,146.00772761269275,379.51056597558386,830.9024509466257
4643,MADS157,i,15,ADS,9.4,60.0000000000005,447.1635173645427,2269.836968727155
4644,MADS157,u,15,ADS,17.5,52.39310485879045,468.2020102545167,1817.9225035951342
4646,MADS157,u,15,ADS,30.59,107.88939522241137,329.32186292978975,805.9388988840061
4647,MADS157,u,15,ADS,31.66662359047239,123.37640952760864,403.60569011988514,663.8746916551273
4648,MADS157,a,15,ADS,35.93,112.08863522565338,628.5294539377694,1292.8842733009437
4649,MADS157,a,15,ADS,40.02,119.99999999999744,687.2962263148604,1158.1558008677737
4650,MADS157,i,15,ADS,48.81368545731765,97.95134909140302,339.8556730397661,2623.5158754984614
4651,MADS157,i,15,ADS,50.96737353124214,62.6264687578626,355.35274452513875,2421.862249655731
4652,MADS157,a,15,ADS,55.71866098527318,101.33901472681828,721.5772881440519,1200.5971263847919
4653,MADS157,a,15,ADS,57.55554290191906,143.40344683537154,916.1624178656273,1758.9651134131468
4654,MADS157,i,15,ADS,77.19,83.99071813339276,356.53312049230203,2602.143750655558
4655,MADS157,a,15,ADS,81.56,97.64447863176429,682.1189775739083,1114.611065060644
4656,MADS157,a,15,ADS,82.76,82.08765845948562,779.808422715776,1281.73189937817
4657,MADS157,a,15,ADS,84.15034360294256,98.32190134390828,712.6988044784082,1178.3896758780975
4658,MADS157,i,15,ADS,87.99,120.00000000000455,341.2511715661377,2661.0874831757883
4659,MADS157,i,15,ADS,93.51,39.99999999999204,362.54102121234104,2239.887414306689
4660,MADS157,i,15,ADS,93.78283977351836,57.160226481641985,386.7889560041703,2436.3101648439497
4661,MADS157,a,15,ADS,94.08,116.7781046282812,705.9946376705693,1157.6526828678882
4662,MADS157,i,15,ADS,101.9975811878638,102.41881213619308,313.57232282058584,2589.5035887359054
4663,MADS157,i,15,ADS,104.15,99.99999999999432,360.69286917741573,2538.2773416950736
4664,MADS157,a,15,ADS,107.51,67.48413563440181,676.4797213933931,1299.485425600512
4665,MADS157,a,15,ADS,108.67,79.9999999999983,608.8875419033134,1201.5070485463868
4666,MADS157,u,15,ADS,114.5292650912338,90.73490876620838,374.18209002052953,1033.2775970341324
4667,MADS157,u,15,ADS,126.6,80.0000000000125,491.4330747541078,1393.2847694634577
4668,MADS157,a,15,ADS,136.43,180.00000000000682,625.7362699715463,1165.63888584202
4669,MADS157,u,15,ADS,137.78,72.65306755340362,392.00535459748124,869.6123294589526
4670,MADS157,a,15,ADS,140.41,120.00000000000455,645.0957047104586,1133.4727911496352
4671,MADS157,i,18,ADS,5.833221499246658,126.77850075334175,559.6840840294169,2558.05656248502
4672,MADS157,u,18,ADS,8.137856626783023,72.14337321697784,440.45263355081295,656.5922950812836
4673,MADS157,u,18,ADS,9.554446472028534,72.96178096286354,461.761644881273,847.2753659759721
4674,MADS157,u,18,ADS,9.784423598332612,165.57640166738707,395.5043913570136,784.7993625781121
4675,MADS157,i,18,ADS,10.34826441266311,91.73558733689013,554.5437916217002,2225.358129849721
4677,MADS157,u,18,ADS,23.18884889578801,141.15110421198906,399.3397601800973,981.5411756393145
4678,MADS157,u,18,ADS,33.13161437348118,128.41273449464552,422.09851094873596,797.7035332804563
4679,MADS157,u,18,ADS,34.65950070265296,110.90190706354974,468.3245990007167,1116.179256763674
4680,MADS157,a,18,ADS,41.96756426744971,120.38693858872307,603.1222039972962,954.2471758619103
4681,MADS157,i,18,ADS,49.04741979826265,80.25795905916056,388.25162134227674,2843.5755720389966
4682,MADS157,i,18,ADS,52.20142377727785,84.63566591692029,377.30721886849886,2688.1304906625005
4683,MADS157,a,18,ADS,55.7693858704265,99.22802210948589,641.3975794032226,994.1511489287129
4684,MADS157,a,18,ADS,56.88097110952722,79.02889047277739,697.376635615122,1132.6851092949887
4685,MADS157,a,18,ADS,58.66692559468576,129.8719701138893,674.0704937403505,1172.7390288024721
4686,MADS157,i,18,ADS,61.70593504176878,45.23630419695479,413.23156625070993,2529.7166932955097
4687,MADS157,i,18,ADS,65.87374564995912,41.588215148834706,459.9805511432391,2518.73781547538
4688,MADS157,i,18,ADS,66.19691064340883,56.91018915102575,428.2190405126878,2533.5663032542
4689,MADS157,a,18,ADS,66.50986098752372,75.8802522013724,607.4545744221177,1095.0312624115734
4690,MADS157,i,18,ADS,73.5133741449458,165.62324278568497,488.62445836631787,2839.8499469900453
4691,MADS157,i,18,ADS,76.16642910687017,169.27133183384058,479.2608911516722,2847.129717158631
4692,MADS157,a,18,ADS,78.44185908599286,88.14091400714119,725.2110385029764,1177.9716489334755
4693,MADS157,a,18,ADS,79.49005229581766,97.7687864902208,725.2994700982678,1105.0670290861108
4694,MADS157,u,18,ADS,84.80697243379235,133.02756620764455,427.51140836947735,613.6085856528412
4695,MADS157,u,18,ADS,95.46050380268412,100.68725772876519,439.1305579317475,825.3807363232398
4696,MADS157,a,18,ADS,104.1007541215945,173.89461125929984,581.7373456752623,958.824052329988
4697,MADS157,u,18,ADS,105.1418363674489,75.88025220140082,506.4757048922926,1773.254140232806
4698,MADS157,a,18,ADS,107.2346367576252,116.73884954051061,574.6946867631443,1045.2041686985087
4699,MADS157,i,6,ADS,6.29,80.00000000000007,461.15672885377376,2742.539252111276
4700,MADS157,u,6,ADS,7.62,205.0868270096746,451.23344462361786,2075.682529227728
4701,MADS157,u,6,ADS,8.59,80.00000000000007,509.4773199707636,1012.1288625585653
4702,MADS157,u,6,ADS,8.81,219.99999999999886,477.9868460574241,895.5952930518195
4703,MADS157,i,6,ADS,9.49,80.00000000000007,449.69908878398036,2178.3604614054448
4704,MADS157,u,6,ADS,15.20602628371873,148.55904336472037,289.16994690207224,1537.6515397098578
4705,MADS157,u,6,ADS,18.3583082382081,101.69176179190131,359.8352684440981,809.3393433718023
4706,MADS157,u,6,ADS,25.67,119.99999999999744,441.38058464919294,1643.716618661625
4707,MADS157,u,6,ADS,26.46,177.26039077953004,413.8079696953057,1177.4031009765963
4708,MADS157,a,6,ADS,29.49726445718946,102.73554281054231,701.0217377776249,1297.4312517027606
4709,MADS157,a,6,ADS,32.28498157340547,75.2318232423903,613.1380737899024,1338.0514100542282
4710,MADS157,i,6,ADS,37.41621111226761,84.75483884269153,415.2346827055575,2609.630375310778
4711,MADS157,i,6,ADS,39.28507909695228,88.56404508281202,292.2708309234196,2731.668971083163
4713,MADS157,a,6,ADS,44.98,110.00000000000654,906.0174725605832,1294.7107925517653
4714,MADS157,i,6,ADS,47.05011405029766,61.899601401968596,428.31476985692314,2246.2053076377497
4715,MADS157,i,6,ADS,50.53,49.99999999999716,336.74626615193984,2564.0847703664017
4716,MADS157,i,6,ADS,50.8070905426418,56.18579204178786,423.32253001434657,2446.2778220933587
4717,MADS157,a,6,ADS,51.07325035228793,73.32722012233006,575.1624319482629,1343.2986376475226
4718,MADS157,i,6,ADS,57.11,113.16170251310353,336.24076004162055,2943.1973080156718
4719,MADS157,i,6,ADS,58.92,88.50961005759928,325.8284992856315,2761.2113895797547
4720,MADS157,i,6,ADS,60.73,80.0000000000054,395.8992229769362,2644.71524510981
4721,MADS157,a,6,ADS,62.03,70.00000000000028,624.2244154199074,1260.1134947857536
4722,MADS157,u,6,ADS,66.38707678924945,102.92321075054645,359.01044799580154,768.546740785848
4723,MADS157,u,6,ADS,74.63,90.00000000000341,310.7803100308973,679.7985331777846
4724,MADS157,a,6,ADS,81.97,136.59296830211076,695.8283253169395,1232.6053526752667
4725,MADS157,u,6,ADS,83.27,121.1969144888343,405.49766002860247,759.9713228543981
4726,MADS157,a,6,ADS,85.64131276864845,108.56237784345524,601.0274935610034,1166.9282988232922
4727,MADS158,i,6,ADS,7.32,120.00000000000011,388.2454138999431,2555.5263189899474
4728,MADS158,u,6,ADS,9.116493091882496,204.96397340739315,451.6088744154237,1556.5505562195021
4729,MADS158,u,6,ADS,9.91,179.99999999999972,436.7680659703385,734.3103851919375
4730,MADS158,u,6,ADS,10.27,142.82543187801977,452.8983845629439,1126.6125831388063
4731,MADS158,i,6,ADS,10.82,100.05586658142995,454.452086974247,2374.0448724286475
4732,MADS158,u,6,ADS,18.44,88.26265034798908,517.943177996048,1066.1894971472102
4733,MADS158,u,6,ADS,21.37980020617867,93.06472306065317,447.9355531931651,1227.2972350311722
4734,MADS158,u,6,ADS,29.68,149.99999999999858,460.30135827909606,783.4753584342586
4735,MADS158,u,6,ADS,30.9007198870616,208.28771351670738,357.18572264074413,1037.0914944042433
4736,MADS158,a,6,ADS,34.86,163.7129030952238,835.3217330461702,1472.988643775329
4738,MADS158,i,6,ADS,45.5442901359751,128.51795089328988,404.92146351094226,2285.941116204916
4739,MADS158,i,6,ADS,47.75213894858532,115.22299045605422,397.1860271145058,2490.3447033275725
4740,MADS158,a,6,ADS,52.50684914033952,160.64743861661412,727.8151883037875,1366.7257569606456
4741,MADS158,a,6,ADS,54.21,159.9999999999966,640.4170025960782,1365.464307433127
4742,MADS158,a,6,ADS,55.32,79.9999999999983,929.4646301770017,1357.2325138569347
4743,MADS158,i,6,ADS,58.29701844907767,121.87047067465784,411.71738339961456,2271.197946480168
4744,MADS158,i,6,ADS,62.82,51.38475665899733,442.037744780519,2227.4953769470144
4745,MADS158,i,6,ADS,63.09407534398271,70.90645566527343,444.8858517928387,2074.2997256842323
4746,MADS158,a,6,ADS,63.4008344898221,138.4891712211953,834.372474391353,1549.3255386079659
4747,MADS158,i,6,ADS,69.62625037976076,113.74962023923274,365.05938638232703,2397.513833623956
4748,MADS158,i,6,ADS,71.77,109.99999999999943,443.815229700596,2443.780716141853
4749,MADS158,a,6,ADS,73.80814776842765,84.20141610250198,678.4042057052261,1402.3579395717088
4750,MADS158,i,6,ADS,76.89,60.000000000002274,511.82366314775265,2021.9215687076842
4751,MADS158,u,6,ADS,81.19319169474515,95.28054980019363,455.25756483075804,1285.3165702712345
4752,MADS158,u,6,ADS,89.69,129.99999999999545,379.24044453300905,1089.256401938409
4753,MADS158,a,6,ADS,98.17,179.9999999999926,876.4412702983975,1322.622551059639
4754,MADS158,u,6,ADS,100.0496809066789,116.33090382589728,435.1413386828532,1124.8621461335456
4756,MADS159,i,15,ADS,6.73,79.99999999999918,359.13568758403346,1841.005214597731
4757,MADS159,u,15,ADS,7.92,160.00000000000014,339.97578660771796,767.8563557800255
4758,MADS159,u,15,ADS,9.031220628826595,118.77937117340487,383.79437127645315,945.59255804712
4759,MADS159,u,15,ADS,9.32,131.07102223932367,394.2265284796368,854.586559588432
4760,MADS159,i,15,ADS,9.82,70.00000000000028,431.8748888859746,2254.327880029768
4761,MADS159,u,15,ADS,16.61377229689577,123.02698436752735,448.4435096740237,894.181352937614
4762,MADS159,u,15,ADS,19.95232703874355,80.93880550496024,336.02629592773405,794.4171561377441
4763,MADS159,u,15,ADS,27.52704780532418,98.20575067934811,439.3815322232786,1118.4013641841682
4764,MADS159,u,15,ADS,28.43,149.99999999999858,389.47050658727176,812.9481875433387
4765,MADS159,a,15,ADS,32.18,120.21374481115288,794.9653480749092,1536.8862630851559
4766,MADS159,a,15,ADS,34.86,106.29681574577887,836.0402388078645,1355.9254979102225
4767,MADS159,i,15,ADS,41.76561019167597,104.38980832402933,423.4153065469233,2867.1005662861526
4768,MADS159,i,15,ADS,45.04967639833432,80.32360166568253,346.41931501195785,2714.6381256164987
4769,MADS159,a,15,ADS,49.33436129090556,118.71024807393127,747.6859890265529,1357.1763819968053
4770,MADS159,a,15,ADS,50.83,100.00000000000142,731.9923564936519,1269.3718986369154
4771,MADS159,a,15,ADS,52.11,79.9999999999983,418.1117666233229,1199.9180993040834
4772,MADS159,i,15,ADS,54.57541494898457,64.58505101542755,447.78074517997527,2774.236453542625
4773,MADS159,i,15,ADS,58.86,39.99999999999915,374.432232323824,2672.4212575257434
4774,MADS159,i,15,ADS,59.17900899576262,60.9910042373798,443.41760827345007,2757.970939080892
4775,MADS159,a,15,ADS,59.73,112.32123596487043,766.8806342060864,1445.3116007113952
4776,MADS159,i,15,ADS,66.69,109.21938104178253,394.32366660423946,2362.60892446569
4777,MADS159,i,15,ADS,68.63,100.00000000000853,362.8543962032736,1869.769405516685
4778,MADS159,a,15,ADS,70.18,79.9999999999983,751.6031521422026,1325.8221313385288
4779,MADS159,a,15,ADS,71.25,60.000000000002274,724.5348892216833,1265.720131976961
4780,MADS159,i,15,ADS,73.49,40.00000000000625,442.66914090141944,1951.7813493995745
4781,MADS159,u,15,ADS,76.65525656804705,71.22614884436018,418.3391228918475,1043.5149583101643
4782,MADS159,u,15,ADS,84.53343636233302,76.56363766697893,354.35795263264544,729.7491359171617
4783,MADS159,a,15,ADS,91.92122946010112,111.15595956012214,718.9268305035217,1324.65136835419
4784,MADS159,u,15,ADS,93.47,99.99999999999432,479.4458529137777,1602.1516297063808
4785,MADS159,a,15,ADS,95.57,120.00000000000455,764.3226932453382,1383.5886608944702
4786,MADS159,i,18,ADS,4.851254944908163,73.86331801882574,367.566035344144,2510.9573102905088
4787,MADS159,u,18,ADS,6.1549375,180.02262195881346,398.29998152223936,959.715081769174
4788,MADS159,u,18,ADS,7.325326619605605,94.67338039439532,411.43785638436447,865.8436518599897
4789,MADS159,u,18,ADS,7.650766374760244,149.38648588077098,466.156891302262,917.8700872907759
4790,MADS159,i,18,ADS,8.141565694011701,79.67279246974357,409.40491481510264,2009.4591733521468
4791,MADS159,u,18,ADS,15.194593056645,64.73414388167065,451.19682687829714,774.667965517589
4792,MADS159,u,18,ADS,17.54605463497314,85.48226692066052,392.2602396013737,979.340225656644
4793,MADS159,u,18,ADS,24.74322659439291,158.5156600179296,381.2364835895552,883.9850305525065
4794,MADS159,u,18,ADS,25.66617657478288,163.49520954728902,355.7501939535212,856.3357366525598
4795,MADS159,a,18,ADS,28.84791017238489,91.29174137158103,981.0873669838973,1350.033733254847
4796,MADS159,a,18,ADS,31.44560298110297,99.59099058718124,877.964212845776,1378.139286340806
4797,MADS159,i,18,ADS,37.46333507993732,118.67926378304361,318.14550510236654,2318.572511571063
4798,MADS159,i,18,ADS,39.2382586007799,96.27129090093689,295.1227247701584,2169.787848414026
4799,MADS159,a,18,ADS,42.93623557999305,102.91069027341848,1008.6607479502858,1512.043433509422
4800,MADS159,a,18,ADS,44.18419249393292,90.46181645002349,802.7393500289718,1247.6854231654374
4802,MADS159,i,18,ADS,48.06747920672965,66.39399372478749,393.7304425508373,2568.5901270059417
4803,MADS159,i,18,ADS,52.42887614196024,58.09474450919083,310.0512270979106,2207.665288949735
4804,MADS159,a,18,ADS,52.71861721939187,92.12166629314567,761.5028075310319,1436.651147974503
4805,MADS159,i,18,ADS,57.97,77.24997936467304,401.52518764893136,2839.0292960126967
4806,MADS159,i,18,ADS,59.75719437089304,77.18301770506031,367.9697435252499,2280.410846841946
4807,MADS159,a,18,ADS,61.06256468549405,105.24460023529514,760.1641964314855,1308.6111159084571
4808,MADS159,a,18,ADS,62.13952989167953,85.1218974114687,775.9580053752878,1240.864941207697
4809,MADS159,i,18,ADS,64.12415341392281,43.98602084266656,403.7114191119899,1804.0898128567578
4810,MADS159,u,18,ADS,67.13843946731699,67.22391864633437,355.2054942797258,910.5992508798709
4811,MADS159,u,18,ADS,74.51,76.69370028585831,383.8790589039205,942.0106721398346
4812,MADS159,a,18,ADS,82.59195661489778,121.99896346929506,778.6724655005312,1317.0686549824886
4813,MADS159,u,18,ADS,83.77638974466015,74.69324294038415,405.445898744403,989.7658313190188
4814,MADS159,a,18,ADS,85.85527029150003,139.42738682204947,743.6413356015663,1176.5680108683437
4815,MADS159,i,6,ADS,6.017801889419736,112.1981105802643,360.1689674827518,2716.8392046364484
4816,MADS159,u,6,ADS,7.364434508166117,195.56549183388228,373.10505178377906,1416.3408987357313
4817,MADS159,u,6,ADS,8.563621946269597,151.63609391096776,322.08742388625717,890.6323648631127
4818,MADS159,u,6,ADS,8.92,300.0000000000007,358.2316212249963,883.3027931085827
4819,MADS159,i,6,ADS,9.74196014091346,85.50907551370557,364.0041506487714,2290.4120826200706
4820,MADS159,u,6,ADS,16.73041611399301,157.33669894521185,337.8650898061849,868.3021149206893
4821,MADS159,u,6,ADS,20.43861267139086,123.13306873972962,337.1213421661673,763.2848914103663
4822,MADS159,u,6,ADS,28.45089918997472,144.79536786986813,304.80785297271416,857.7287171146489
4823,MADS159,u,6,ADS,29.5,219.99999999999886,337.71417097762566,942.7194742807253
4824,MADS159,a,6,ADS,33.38,136.64358585323555,772.5195106555332,1256.1771067987206
4825,MADS159,a,6,ADS,36.21,119.99999999999744,837.5732759265103,1275.8655626538612
4826,MADS159,i,6,ADS,43.64995991937217,110.5917376643859,367.9001516320285,2486.8865420157913
4827,MADS159,i,6,ADS,45.67501813931106,108.31149565069609,330.18142939724106,2280.640546672987
4828,MADS159,a,6,ADS,49.67807364926585,151.6360939109589,806.4275929606404,1232.916780662958
4829,MADS159,a,6,ADS,51.17,129.99999999999545,857.8839381434206,1194.7640532931466
4830,MADS159,a,6,ADS,52.55,109.99999999999943,620.3473185455575,1125.8315329015727
4831,MADS159,i,6,ADS,54.91841548419018,96.91028558219017,375.3614806281795,2590.2863587026955
4832,MADS159,i,6,ADS,59.71,63.27999922442018,334.14521889175,2520.677919931687
4833,MADS159,i,6,ADS,60.03897069924332,95.77016457534882,315.4829677186397,2641.713282708635
4834,MADS159,a,6,ADS,60.34,72.4980012728551,761.9362692357248,1346.5257860759095
4835,MADS159,i,6,ADS,68.25,118.07412612164114,415.25577083726597,2275.724993887322
4836,MADS159,i,6,ADS,70.06,118.71568262095877,352.0385852213384,1797.619016276379
4837,MADS159,a,6,ADS,71.9,134.37076617925925,718.4569970350007,1148.6321183929292
4838,MADS159,a,6,ADS,72.7,99.99999999999432,767.440828722033,1189.8132423528957
4839,MADS159,i,6,ADS,74.91,40.00000000000625,465.54107230293755,1803.3946095172014
4840,MADS159,u,6,ADS,78.36,102.42491498665629,337.3287949307744,875.9864204730839
4841,MADS159,u,6,ADS,88.65,100.2488976450735,362.9893293772405,770.3276614549154
4842,MADS159,a,6,ADS,96.35,160.0000000000108,814.3097908930389,1180.8585800498197
4843,MADS159,a,6,ADS,100.43,129.99999999999545,949.6218801920622,1227.8045307931463
4844,MADS159,i,9,ADS,8.7,100.00000000000142,354.82635820369484,2613.6522835518226
4845,MADS159,u,9,ADS,11.25698447151603,173.01552848396895,358.05526864647777,939.5136532884867
4846,MADS159,u,9,ADS,11.63536784002105,194.63215997894957,363.44056994555797,827.3139166960618
4847,MADS159,i,9,ADS,12.30714645053262,79.51534555540896,400.7869438850415,2690.1181816675967
4848,MADS159,u,9,ADS,19.17631018662383,152.65465446587,345.2462766087185,835.0543504432429
4849,MADS159,u,9,ADS,24.00838091583775,81.61908416224861,346.66289615343527,879.089849448921
4850,MADS159,u,9,ADS,32.42,149.99999999999858,401.20238949985617,793.3393610331824
4851,MADS159,u,9,ADS,33.42,189.99999999999773,366.59986019504663,1241.5396752472873
4852,MADS159,a,9,ADS,37.36387396247778,116.12603752221418,657.3738685733271,1222.0566173112734
4853,MADS159,a,9,ADS,40.24,109.99999999999943,802.0946345230052,1254.3608944423904
4854,MADS159,i,9,ADS,47.27530474307363,94.69525692636438,392.4613658471264,2859.6239396211404
4855,MADS159,i,9,ADS,49.46686798963452,113.13201036547582,383.3148156418433,2829.177144223017
4856,MADS159,a,9,ADS,53.32,140.66885568197307,754.3395389124928,1543.0637960888691
4857,MADS159,a,9,ADS,54.82,100.00000000000142,752.4190963398846,1176.5948373845674
4858,MADS159,a,9,ADS,56.36,79.9999999999983,760.1382802606417,1192.521287980283
4859,MADS159,i,9,ADS,58.92193342908686,58.06657091313383,412.8966429330972,2762.6518357726877
4860,MADS159,i,9,ADS,63.25,45.519398986030524,411.55137228711123,2475.3833055877863
4861,MADS159,i,9,ADS,63.58009782891622,69.9021710837755,345.0667318036304,2879.607723950225
4862,MADS159,a,9,ADS,63.91,80.0000000000054,696.2526832691924,1215.707910210813
4863,MADS159,i,9,ADS,71.96,123.07527045037148,344.8878657323613,2425.953434495447
4864,MADS159,i,9,ADS,73.91,109.99999999999943,340.08682883448915,2525.5531937733667
4865,MADS159,a,9,ADS,75.75,99.99999999999432,746.5612649589206,1221.2333832725096
4866,MADS159,a,9,ADS,76.73,84.30042545089123,750.2851255511041,1153.937260020166
4867,MADS159,u,9,ADS,82.45,90.00000000000341,401.6879043402883,1011.5754419378203
4868,MADS159,u,9,ADS,92.88,120.00000000000455,335.895174102866,777.7939677099735
4869,MADS159,a,9,ADS,101.03,109.99999999999943,785.2992994908532,1278.2254200292846
4871,MADS159,a,9,ADS,104.83,129.99999999999545,777.8866724965335,1149.7073801184392
4872,MADS160,i,15,ADS,4.12,80.00000000000007,332.67322651019356,2432.6270388851135
4873,MADS160,u,15,ADS,6.19,219.99999999999974,365.05503481498596,821.6374409827104
4874,MADS160,u,15,ADS,6.75,99.99999999999964,285.85590086775295,762.2947147407648
4875,MADS160,u,15,ADS,6.99,139.9999999999997,378.93195257996416,951.7991847650084
4876,MADS160,i,15,ADS,7.41,49.99999999999982,426.68914724167473,2296.6899742896508
4878,MADS160,u,15,ADS,14.76,89.99999999999986,388.6286708203759,875.6191246859842
4879,MADS160,u,15,ADS,21.71,89.99999999999986,430.7632101212901,912.1189469384003
4880,MADS160,u,15,ADS,22.55,199.9999999999993,417.36083650794046,847.5793618815699
4881,MADS160,a,15,ADS,25.52,59.99999999999872,719.7391360731579,1389.5779005977702
4882,MADS160,a,15,ADS,27.42,69.99999999999673,769.131573795689,1376.596369541578
4883,MADS160,i,15,ADS,32.02,59.99999999999517,328.05037366609656,2438.646752247548
4884,MADS160,i,15,ADS,33.73,70.00000000000028,344.4343398230463,2527.6799012199936
4885,MADS160,a,15,ADS,36.74,89.9999999999963,790.3780193994571,1295.185469587594
4886,MADS160,a,15,ADS,37.67,89.9999999999963,929.2845261089215,1344.172295830093
4887,MADS160,a,15,ADS,38.74,79.9999999999983,890.5076482377983,1402.7912559236745
4888,MADS160,i,15,ADS,42.38,70.00000000000028,376.94671415549374,2388.502124352175
4889,MADS160,a,15,ADS,46.38,70.00000000000028,817.6235386772119,1377.4818286512557
4890,MADS160,i,15,ADS,50.45,279.99999999999403,340.50141789040026,2794.03921325358
4891,MADS160,i,15,ADS,52.39,79.9999999999983,339.2664533242976,2517.6167611668297
4892,MADS160,a,15,ADS,53.85,89.9999999999963,702.3354997723417,1205.113588869806
4893,MADS160,a,15,ADS,54.59,69.99999999999318,661.9539196514506,1192.133468271316
4895,MADS160,u,15,ADS,65.17,109.99999999999943,326.8951940876246,762.5036914210268
4896,MADS160,a,15,ADS,71.35,100.00000000000853,720.2613078833247,1250.3571929403658
4897,MADS160,a,15,ADS,73.97,79.9999999999983,615.4332791113461,1201.137608776063
4898,MADS160,i,6,ADS,3.85,100.00000000000009,416.8840575297216,2379.228685925601
4899,MADS160,u,6,ADS,5.15,159.99999999999926,393.3049109778343,1357.392113704309
4900,MADS160,u,6,ADS,5.82,89.99999999999986,298.199766221144,1185.2663845438747
4901,MADS160,u,6,ADS,6.09,165.44518818299548,374.7132462425559,924.8154618922151
4903,MADS160,u,6,ADS,12.84853454844336,181.46545155663853,430.8458882959015,957.4872626133562
4904,MADS160,u,6,ADS,15.36504131182766,93.32423319983896,312.6391019605665,707.4521356964146
4905,MADS160,u,6,ADS,22.14,115.09039177560965,410.2422288585163,1004.0373306310403
4907,MADS160,a,6,ADS,27.35,73.07231983939033,727.5149781472306,1389.5087593297021
4908,MADS160,a,6,ADS,29.69,99.99999999999787,819.6798394632149,1313.165402000466
4909,MADS160,i,6,ADS,35.17295356198156,81.863362456005,345.3652473525877,2536.139818283887
4910,MADS160,i,6,ADS,36.88072442111149,74.49565983495887,342.00678291136563,2537.851051028333
4911,MADS160,a,6,ADS,40.41741739783334,121.15777643487036,804.3967836194695,1473.8666212249727
4912,MADS160,a,6,ADS,41.44,109.99999999999943,876.9032222311969,1272.5689955825233
4913,MADS160,a,6,ADS,42.78743380831337,73.6770262103903,695.1877480185274,1278.6667544195432
4914,MADS160,i,6,ADS,44.96065970862758,69.34029137241993,412.20068340412723,2371.8022684095445
4915,MADS160,i,6,ADS,48.45,43.145362982905056,415.7265905039952,1976.8450598086565
4916,MADS160,i,6,ADS,48.73728794367003,49.93665109815737,450.8389454798715,2130.7947606402913
4917,MADS160,a,6,ADS,48.9659070259231,108.05963844191524,612.543768995445,1464.5239956789735
4918,MADS160,i,6,ADS,54.45248212861689,131.80001355414817,358.80957137402964,2788.137105050633
4919,MADS160,i,6,ADS,56.08,90.00000000000341,349.77908009938164,2267.9550117747212
4920,MADS160,a,6,ADS,57.42,70.00000000000028,847.6847059711762,1321.6169638483227
4921,MADS160,a,6,ADS,58.39,79.9999999999983,737.2493666857034,1309.7990560857374
4922,MADS160,u,6,ADS,63.35,89.9999999999963,446.34009039533294,1172.8946375094706
4923,MADS160,u,6,ADS,71.57,88.71917799942253,336.1840241910615,903.3258835738015
4924,MADS160,a,6,ADS,78.34,60.000000000002274,764.0016800526569,1255.624641208025
4926,MADS160,a,6,ADS,81.22,103.01593336431836,771.5866021371156,1331.8705800821385
4927,MADS161,i,6,ADS,5.831085595005974,68.91440499402623,399.37190063460406,2511.5895952753094
4928,MADS161,u,6,ADS,7.04,179.33281599515283,297.8692120777231,1437.0343235727814
4929,MADS161,u,6,ADS,7.89883459998507,69.8179569492936,434.73626803110875,1083.8866024599656
4930,MADS161,u,6,ADS,8.175756028534176,82.00839387694892,429.99718526033513,1263.9831765688743
4931,MADS161,i,6,ADS,8.56,139.9999999999988,398.1271057092148,2308.1851337139856
4932,MADS161,u,6,ADS,15.55575165519881,106.1524650509611,454.64772965293946,1449.4695040739732
4933,MADS161,u,6,ADS,19.5448448013728,49.5378170237899,418.13304576816046,1272.4569446293049
4934,MADS161,u,6,ADS,26.59476883452274,165.23116547726246,402.1089874885059,1027.8430483986872
4935,MADS161,u,6,ADS,27.85864057654153,181.35942345847056,303.7094093481386,874.0903466011595
4936,MADS161,a,6,ADS,31.14473019223411,128.16927261708955,829.5175890803741,1187.355777716814
4937,MADS161,a,6,ADS,33.65,124.93409607229466,757.3372119636962,1172.4314574896498
4938,MADS161,i,6,ADS,40.5673649552058,112.63504479420305,354.7671023422915,2575.782994895267
4939,MADS161,i,6,ADS,42.61235431076389,102.81513965460931,320.43103456616996,2561.2067976867943
4940,MADS161,a,6,ADS,46.35487913461725,135.2461036204886,802.3065258252395,1235.8527412898286
4941,MADS161,a,6,ADS,47.60050521491467,129.49478508532763,795.4843407022922,1172.9619049608755
4942,MADS161,a,6,ADS,48.93788834498061,122.11165501939547,862.0840194534602,1243.5521233190557
4943,MADS161,i,6,ADS,51.03554718141378,78.6314555933103,341.75565626256275,2401.863308071508
4944,MADS161,i,6,ADS,55.33,60.000000000002274,377.0282623033071,2561.341501640648
4945,MADS161,i,6,ADS,55.72019203559993,103.79352138316733,383.81838483182844,2615.214685356191
4946,MADS161,a,6,ADS,56.06015554302297,119.51981250182087,781.8282289995188,1229.1232964635906
4947,MADS161,i,6,ADS,62.5324411855666,87.28091570857544,399.92997030049895,2532.425833049477
4948,MADS161,i,6,ADS,64.08816441453385,114.80192516623333,364.517140180716,2431.484931186131
4949,MADS161,a,6,ADS,65.58,120.00000000000455,796.7526837386423,1172.478361670641
4950,MADS161,a,6,ADS,66.42,99.76740970952847,715.9580893851503,1250.7904429897762
4951,MADS161,i,6,ADS,68.54,63.73581907547532,390.62305598119707,2359.0606913472207
4952,MADS161,u,6,ADS,72.4064227293903,133.6734745086119,339.3272428021566,822.2309829122067
4953,MADS161,u,6,ADS,82.68,99.99999999999432,419.70644224974524,817.214826530763
4954,MADS161,a,6,ADS,90.15,203.73017533690074,689.19541390012,1043.6128802381008
4955,MADS161,u,6,ADS,91.91,109.99999999999943,421.97063140110845,1091.289965922022
4956,MADS161,a,6,ADS,94.39,159.9999999999966,657.9027948071678,1138.501492146402
4957,MADS162,i,6,ADS,7.05,80.00000000000007,371.2550812425311,2120.0404963036344
4958,MADS162,u,6,ADS,8.46,209.9999999999991,439.5732813922657,1466.504706023104
4959,MADS162,u,6,ADS,9.44,100.98807833345802,496.9256987129365,989.4950902613314
4960,MADS162,u,6,ADS,9.64,219.99999999999886,487.2332535086434,825.4964122587126
4961,MADS162,i,6,ADS,10.82137385287505,97.4046593218496,394.0260215704923,2140.7736480186168
4962,MADS162,u,6,ADS,17.35,113.07269723475954,402.5014336044141,866.5036071351228
4963,MADS162,u,6,ADS,21.3657824551852,104.3005644065893,472.70205610996095,954.7415999361515
4964,MADS162,u,6,ADS,28.82,149.99999999999858,483.7529438738027,1177.525268365064
4965,MADS162,u,6,ADS,29.98060286923649,169.39713076351026,401.91659449525395,967.1737144062312
4966,MADS162,a,6,ADS,34.02,119.99999999999744,794.9785289337149,1409.5312153173268
4967,MADS162,a,6,ADS,36.74,79.9999999999983,811.3252794621574,1343.8109434757039
4968,MADS162,i,6,ADS,45.85397133767746,104.56084820918932,418.67125010061875,2536.4775974895706
4969,MADS162,i,6,ADS,48.2290921716965,80.90782830350207,378.0469339650546,2230.425248926761
4970,MADS162,a,6,ADS,51.7279275032283,113.95957613810026,750.5852187815002,1436.6880108674627
4971,MADS162,a,6,ADS,53.03,129.99999999999545,782.9938893936117,1260.415289303837
4972,MADS162,a,6,ADS,54.24,115.98303082713102,797.6744819169438,1302.5750457524985
4973,MADS162,i,6,ADS,58.47,100.00000000000142,362.81432072794934,2515.716487774133
4974,MADS162,i,6,ADS,64.03,49.99999999999716,366.27451702069817,2202.9375222237622
4975,MADS162,i,6,ADS,64.341741541877,62.26657252905454,378.3395901616595,1992.48496346834
4976,MADS162,a,6,ADS,64.60746465103342,139.80607794262312,746.0870721291633,1469.6344736170765
4977,MADS162,i,6,ADS,71.40843620421718,113.95957613810026,340.9421527689036,2520.6010231232885
4978,MADS162,i,6,ADS,73.33,74.11371084943141,381.8883173608049,2471.9870526762315
4979,MADS162,a,6,ADS,74.87,110.2245639755921,623.1387804853408,1194.709214933426
4980,MADS162,a,6,ADS,75.85,98.56843146229721,616.5883816184453,1241.2991282805956
4981,MADS162,i,6,ADS,78.07,40.00000000000625,552.8354029922086,1707.50105249948
4982,MADS162,u,6,ADS,81.5611569713309,118.65894010256284,383.3265026541433,950.4620497434104
4983,MADS162,u,6,ADS,90.11,89.60700332308136,448.7941313610232,1074.1421935152066
4984,MADS162,a,6,ADS,97.74,180.00000000000682,777.8657379156548,1340.3860684351073
4985,MADS162,u,6,ADS,99.49,70.00000000000739,405.8147185442093,925.5992756943317
4986,MADS162,a,6,ADS,101.51,132.30839883769363,748.8973239245944,1287.1701471209478
4987,MADS163,i,12,ADS,5.63,80.00000000000007,395.45265361082704,2726.3330050405048
4989,MADS163,u,12,ADS,8.03,130.0000000000008,488.34037819499844,1160.072447644637
4990,MADS163,u,12,ADS,8.36,290.0000000000009,505.78650849000275,1096.1978401599872
4991,MADS163,i,12,ADS,9.063661007812618,96.33899218738229,390.6607243056603,2620.6900418321843
4992,MADS163,u,12,ADS,17.29589299378741,162.71257477679768,365.19470138063144,822.6299376681342
4993,MADS163,u,12,ADS,20.46,89.99999999999986,420.6373846795855,835.8423139001538
4994,MADS163,u,12,ADS,29.32,120.000000000001,432.912730820546,1091.8459271659194
4995,MADS163,u,12,ADS,30.66,183.14672217455907,471.2202806101242,969.1539495219215
4997,MADS163,a,12,ADS,38.57860614522219,111.39385477780905,846.3792682230173,1308.425136771523
4998,MADS163,i,12,ADS,45.9623754578106,57.624542189401495,427.6619658657325,2540.4286312881663
4999,MADS163,i,12,ADS,48.4569433598359,83.05664016410219,335.9582860845386,1747.403111958679
5000,MADS163,a,12,ADS,53.77,167.67742522810636,1000.4958660460235,1459.9116293261568
5002,MADS163,a,12,ADS,56.73852727730978,126.7644477912313,861.2666515140977,1275.994033951993
5003,MADS163,i,12,ADS,59.58,79.9999999999983,416.75199071730776,1916.884742524243
5004,MADS163,i,12,ADS,64.8,58.68856453255944,406.9850420532372,2382.307663769779
5005,MADS163,i,12,ADS,65.11,90.00000000000341,369.3206426469209,2074.686959299686
5006,MADS163,a,12,ADS,65.42,120.00000000000455,871.496193667983,1424.4862296405486
5007,MADS163,i,12,ADS,71.73646689781904,123.53310218095714,341.59744223539815,2512.0706834702787
5008,MADS163,i,12,ADS,73.68,103.01210625841861,391.30183115343925,2065.1579489668347
5009,MADS163,a,12,ADS,75.7,85.07469280843338,784.4373479659331,1312.1725434923433
5010,MADS163,a,12,ADS,77.05,81.8190454133827,802.8123841691116,1312.4404832580144
5011,MADS163,i,12,ADS,79.0588258720599,41.17412794009567,447.9159152451391,1618.1727361391643
5013,MADS163,u,12,ADS,92.23,140.00000000000057,570.1390000085195,1557.8819510956546
5014,MADS163,a,12,ADS,101.12,179.9999999999926,925.7895740212717,1348.1831942034755
5015,MADS163,a,12,ADS,106.37,119.99999999999034,809.9923356699843,1298.9124109700786
5016,MADS163,i,15,ADS,5.5,120.00000000000011,449.8019560655063,1887.8175393520214
5017,MADS163,u,15,ADS,6.96,169.99999999999994,390.96420528394503,868.0039055261304
5018,MADS163,u,15,ADS,7.767844399259831,112.15560074016918,334.3531531085889,708.9672643156003
5019,MADS163,u,15,ADS,8.088187824742292,203.35794245644223,384.4857590221953,971.0937926003228
5020,MADS163,u,15,ADS,16.42586646108104,186.95810838736904,352.72033850824914,722.834788964616
5021,MADS163,u,15,ADS,20.05678608016742,100.58564895695099,396.17190783945773,860.3181323609045
5022,MADS163,u,15,ADS,27.93680211361115,151.9717957066895,568.8895589524268,964.2597505581431
5023,MADS163,u,15,ADS,29.15,100.00000000000142,440.40464388344685,2135.4849139766898
5025,MADS163,a,15,ADS,35.48870041429528,131.299585704717,888.1957916829126,1269.9910604613192
5026,MADS163,i,15,ADS,42.23118736333858,86.37245943043581,454.2822798869999,2534.034483872361
5027,MADS163,i,15,ADS,44.24470283429404,85.2971657059598,429.2014400238853,2848.6412424601504
5028,MADS163,a,15,ADS,48.35222097804206,97.77902195794042,842.7406668991633,1253.8540603098716
5029,MADS163,a,15,ADS,49.84,139.99999999999346,682.3733135374471,1347.3350714167232
5030,MADS163,a,15,ADS,51.17,99.24614679461996,780.5552879957033,1219.2528377274468
5031,MADS163,i,15,ADS,53.87122845723642,87.46578170170238,451.993501977383,2563.7332232719855
5032,MADS163,i,15,ADS,57.96039536963956,59.604630360439614,440.7795988967174,2421.880323292131
5033,MADS163,i,15,ADS,58.52015558999979,79.84441000021292,462.02232118049335,2528.921712135387
5034,MADS163,a,15,ADS,58.83,102.54912326008281,838.9095428303553,1468.5944544405631
5035,MADS163,i,15,ADS,65.08261458996886,138.85192845144445,346.7205784458983,2735.6575087079755
5036,MADS163,i,15,ADS,67.16,70.00000000000739,350.94387086581435,2577.064800149489
5037,MADS163,a,15,ADS,68.9,65.5588115939878,804.2758806080665,1331.7865582732297
5038,MADS163,a,15,ADS,70.62641903824792,77.6258812602606,805.045452148088,1321.2024854432632
5039,MADS163,i,15,ADS,72.58,40.00000000000625,513.7293924880308,1720.0476426168839
5040,MADS163,u,15,ADS,76.99,79.9999999999983,446.0976567226281,1074.867062959471
5041,MADS163,u,15,ADS,85.93,107.56024922311269,431.89681078790113,776.0482633277368
5042,MADS163,a,15,ADS,94.06126513924724,168.7348607527639,773.4076646439185,1212.1254443387738
5044,MADS163,i,18,ADS,5.073159457642227,81.33264231286486,442.6611599041661,2513.017991077979
5046,MADS163,u,18,ADS,7.329174137158133,130.82586284186704,378.95277795703345,870.603787787193
5047,MADS163,u,18,ADS,7.703063228372833,166.93677162716725,411.7812184722188,973.5630878303458
5048,MADS163,u,18,ADS,15.24,136.657188480509,369.921853493479,786.4733845718434
5049,MADS163,u,18,ADS,19.36495153518607,73.03339309726198,409.912147108813,797.6826324667986
5050,MADS163,u,18,ADS,27.16,114.59519273883956,349.24749610977085,752.3486978641123
5051,MADS163,u,18,ADS,28.09557359368013,84.42640631987075,380.9717504912608,1476.9456884558606
5053,MADS163,a,18,ADS,34.48,150.22803675490337,990.3149707540834,1331.5171582703604
5054,MADS163,i,18,ADS,41.17,95.9256989576005,509.2665488837644,2832.9291989050876
5055,MADS163,i,18,ADS,43.11647590066082,77.59798016586217,372.8366180155433,2117.6558382293456
5057,MADS163,a,18,ADS,50.43,101.76767004647047,853.7630774455603,1295.4173897521257
5058,MADS163,i,18,ADS,53.11494407636643,75.05592363357039,399.6549183869123,2674.9126766741033
5059,MADS163,i,18,ADS,57.89355512522329,71.37354325415401,477.28790818003284,2386.211198295882
5060,MADS163,i,18,ADS,58.28361983835646,66.38016164354354,419.6311218533135,2849.332013927012
5061,MADS163,a,18,ADS,58.58447553647389,99.59099058718834,844.6182276128636,1342.3197019194822
5062,MADS163,i,18,ADS,64.37,139.31949658132226,348.828652154008,2256.20743768393
5063,MADS163,i,18,ADS,66.4788663645777,78.01294262664271,402.5038849738043,2808.6530102242405
5065,MADS163,a,18,ADS,69.55305913127431,95.03743416630073,718.5269898994158,1169.356391995251
5066,MADS163,i,18,ADS,71.61066653126305,72.67302358810923,529.7300314845323,2450.992704505723
5068,MADS163,u,18,ADS,85.14,117.81071408424282,459.33576603165614,931.9837654832504
5069,MADS163,a,18,ADS,93.74597360348342,154.0263965165849,914.8448063726324,1383.4638578332726
5070,MADS163,a,18,ADS,99.25,149.04026361325862,757.3373130733193,1311.9156213295514
5071,MADS163,i,6,ADS,6.04,123.72547598233209,363.19615573586424,1739.9799853246998
5073,MADS163,u,6,ADS,8.71,169.99999999999994,374.9378412722708,733.2646363663561
5074,MADS163,u,6,ADS,9.1,220.00000000000063,349.451273973885,875.0231180509713
5075,MADS163,u,6,ADS,17.4434951480635,144.63567506527752,414.34000660199405,1165.0718516637035
5076,MADS163,u,6,ADS,21.54752000623364,101.747222438199,356.5409925464797,1041.9216279349587
5077,MADS163,u,6,ADS,31.62881894648996,141.18105351003862,425.2479863045749,733.1793851433298
5079,MADS163,a,6,ADS,39.88,119.99999999999744,765.2777406025787,1235.3635423111434
5080,MADS163,i,6,ADS,49.12373761475988,96.26238524011654,331.7927128098643,2691.1063219004327
5081,MADS163,i,6,ADS,52.39155987249887,98.44012750113507,333.5785369487939,2804.887589768872
5082,MADS163,a,6,ADS,57.7640532720627,95.94672793730297,720.2154228575919,1253.5285942341095
5083,MADS163,a,6,ADS,59.62833462196865,161.66537803135128,912.9330501079886,1202.7910794817633
5084,MADS163,a,6,ADS,61.19,104.97908857651339,643.3594704417387,1172.6144512716949
5086,MADS163,i,6,ADS,69.78,49.08416135214111,425.6206226644712,2689.8392664508133
5087,MADS163,i,6,ADS,70.12269058627177,73.30176240172648,435.18873568795607,2535.63582232298
5088,MADS163,a,6,ADS,70.4465360460299,77.13095894509081,792.4841219091476,1341.2938287597065
5089,MADS163,i,6,ADS,77.6843152952846,139.25253175708008,378.39342892878597,2769.447571501708
5090,MADS163,i,6,ADS,80.08,85.80648292904414,348.8785177797566,2522.0295088511284
5091,MADS163,a,6,ADS,82.79,79.9999999999983,740.2516748825143,1301.564256411383
5092,MADS163,i,6,ADS,85.62637140298996,52.51469545197551,452.05268527413256,2369.4899473218497
5094,MADS163,u,6,ADS,101.11,86.15789853480749,419.925878562458,660.3395111319934
5095,MADS163,a,6,ADS,110.16,150.00000000000568,958.6905838752159,1225.7781788251016
5096,MADS163,u,6,ADS,112.63,131.6989086092093,353.34101871328147,1218.6023036380984
5097,MADS163,a,6,ADS,115.34,109.99999999999943,850.1760821099783,1371.8126195889615
5098,MADS164,i,12,ADS,5.77,100.00000000000054,395.7299116470989,2145.956817011679
5099,MADS164,u,12,ADS,7.13,230.00000000000043,452.71663050791875,1308.7717623424571
5100,MADS164,u,12,ADS,7.88,89.99999999999986,457.8023697083238,1152.5020097683703
5101,MADS164,u,12,ADS,8.15,160.00000000000014,412.2782181851668,944.4255551088088
5102,MADS164,i,12,ADS,8.72,139.9999999999988,365.6529981627689,2291.6133343544716
5103,MADS164,u,12,ADS,14.59,109.99999999999943,379.95011954389787,1224.4327864182496
5104,MADS164,u,12,ADS,16.74862159784567,111.37840215432959,372.3741214055075,745.8366966714003
5105,MADS164,u,12,ADS,23.41,149.99999999999858,410.19572834104457,812.9841676877887
5106,MADS164,u,12,ADS,24.27,210.00000000000085,533.2845582664557,1534.675245265841
5107,MADS164,a,12,ADS,27.67,119.99999999999744,980.8996324926406,1466.6162879423923
5108,MADS164,a,12,ADS,30.28,106.52770495027752,815.8188015537263,1437.7444564941898
5109,MADS164,i,12,ADS,35.98171094616551,108.28905383449694,350.61044130655836,2197.9211535616014
5110,MADS164,i,12,ADS,37.66489290383983,145.10709616017436,354.0343558832782,2444.770219418857
5111,MADS164,a,12,ADS,41.26,165.5686357409749,762.779346636705,1229.3739635434495
5112,MADS164,a,12,ADS,42.45,149.99999999999858,835.2821022614639,1287.9996617256156
5113,MADS164,a,12,ADS,43.58,160.0000000000037,802.9772246649358,1276.2416438912742
5114,MADS164,i,12,ADS,45.85559202623563,94.40797376437615,344.68821418160775,2312.814793066853
5115,MADS164,i,12,ADS,50.25,70.00000000000028,365.20635372059695,2137.6984492603574
5116,MADS164,i,12,ADS,50.58394619435419,76.053805645806,409.8341595400022,2033.9425310798445
5117,MADS164,a,12,ADS,50.87,143.3883720581548,724.4525757679903,1261.7583116476012
5118,MADS164,i,12,ADS,56.53,131.696772776408,363.33594075823146,2394.4946847465585
5119,MADS164,i,12,ADS,58.13,89.9999999999963,356.62530625094104,2275.242984274985
5120,MADS164,a,12,ADS,59.91,90.00000000000341,775.2741552018937,1312.6962102844473
5121,MADS164,a,12,ADS,61.03,70.00000000000028,764.8824633797227,1371.0427228642588
5122,MADS164,i,12,ADS,63.01,39.99999999999915,475.2272433074326,1831.8868609289216
5123,MADS164,u,12,ADS,66.40322032534384,153.9208204018081,486.71809479640183,1110.1057233167664
5124,MADS164,u,12,ADS,74.83,120.00000000000455,377.79923338250524,620.2685610262231
5125,MADS164,a,12,ADS,82.81,200.00000000000284,875.2148719206057,1359.616935521839
5126,MADS164,u,12,ADS,84.35441321970764,124.52021425764315,466.2155288300984,1611.0861383294703
5127,MADS164,a,12,ADS,86.38,180.00000000000682,730.3411842052973,1327.3629421043622
5128,MADS164,i,15,ADS,6.02,90.00000000000074,411.22597997052,2205.3510947640043
5129,MADS164,u,15,ADS,7.48,239.99999999999932,432.15780252217627,734.850307271559
5130,MADS164,u,15,ADS,8.423811303261834,116.18869673816512,434.4964055568236,794.8623646094911
5131,MADS164,u,15,ADS,8.73388992882824,176.11007117175959,464.37034644243136,869.6582885846761
5132,MADS164,i,15,ADS,9.29,140.00000000000057,409.37210028613913,2254.8190504536306
5133,MADS164,u,15,ADS,15.58470439428281,165.07695887946028,477.92046179900154,1293.905669616049
5134,MADS164,u,15,ADS,18.80988206645473,130.11793354527157,471.5261586529478,764.8704079352234
5135,MADS164,u,15,ADS,27.32,179.99999999999972,399.93874440694503,853.5445750535843
5136,MADS164,u,15,ADS,28.25014166036731,219.8583396326903,490.5643644276882,964.8851867129647
5137,MADS164,a,15,ADS,31.70156015110759,148.43984889241213,808.689404389194,1297.8082330831419
5138,MADS164,a,15,ADS,34.33,109.99999999999943,797.5318855374542,1295.459515113958
5139,MADS164,i,15,ADS,41.01671505119683,112.18822448118004,339.08776689042475,2323.944121704556
5140,MADS164,i,15,ADS,42.73466564181842,125.33435818158267,344.54959183822234,2433.797724441689
5141,MADS164,a,15,ADS,46.15215438791266,139.43393614090382,752.9299424920293,1205.0417927315905
5142,MADS164,a,15,ADS,47.60054517262736,159.4548273726346,871.986598140483,1279.145672417032
5143,MADS164,a,15,ADS,48.98,150.00000000000568,800.9223367833725,1357.1455492188527
5144,MADS164,i,15,ADS,51.32443237658161,91.35326850611136,327.96949114722025,2327.904599577639
5145,MADS164,i,15,ADS,55.55434087622538,44.87528979246491,474.27635947468104,2085.322185496252
5146,MADS164,i,15,ADS,55.79794959224167,72.05040775832572,444.30497750327896,1923.8825816979595
5147,MADS164,a,15,ADS,56.07,131.8272003739267,797.5707676828031,1313.503293541943
5148,MADS164,i,15,ADS,62.40231819911191,125.00973585046182,393.02777204833234,2435.2450489198927
5149,MADS164,i,15,ADS,64.34114339031825,102.57209095422581,380.9845209426759,2435.2585038420066
5150,MADS164,a,15,ADS,66.43,102.90106223644102,853.888054803629,1327.1771990899374
5151,MADS164,a,15,ADS,67.41,76.33236361628803,709.6036027933897,1354.0001742262134
5152,MADS164,i,15,ADS,69.2,46.80528281465968,522.6416012619952,1739.3740041891006
5153,MADS164,u,15,ADS,72.09090105488329,129.09894511670927,406.5628071795297,914.9618225134404
5154,MADS164,u,15,ADS,81.65,105.44335202534683,374.81926353561175,735.8474156990205
5155,MADS164,a,15,ADS,91.03444586808658,205.55413191341643,771.8583773914689,1227.6738055339297
5156,MADS164,u,15,ADS,92.49,143.8375355874797,448.4048994913669,725.7357624193521
5157,MADS164,a,15,ADS,94.57,180.00000000000682,751.8003625581639,1338.296750250861
5158,MADS164,i,18,ADS,6.942790810526274,69.71369341102651,379.05767509715287,2297.290287597023
5159,MADS164,u,18,ADS,8.482785978052048,261.4263502913499,527.8173324535603,1103.3295588135506
5160,MADS164,u,18,ADS,9.682662084618626,157.33791538137433,417.33693365149094,657.8568135900175
5161,MADS164,u,18,ADS,10.04646363101038,283.8343231734708,415.9375806372868,826.11527604087
5162,MADS164,i,18,ADS,10.92451425292881,106.23038995965928,373.1189747629384,2286.029379658186
5163,MADS164,u,18,ADS,17.72393225494591,132.78798744956788,418.8167644314218,741.777659300636
5164,MADS164,u,18,ADS,21.10181605144976,136.10768713581223,368.3123787738907,924.912770150261
5165,MADS164,u,18,ADS,29.35595587103747,165.98498431196163,381.2327754435791,821.8233121521678
5166,MADS164,u,18,ADS,30.41574814468158,258.93657552667196,393.19557149592606,1035.0185358694812
5167,MADS164,a,18,ADS,34.13404129889309,131.09293079697437,807.4400511969374,1306.2067352313618
5168,MADS164,a,18,ADS,36.98233760543563,74.54303908063764,732.7095804074241,1324.526773960826
5169,MADS164,i,18,ADS,43.44017329580709,122.09635711482036,344.56920240038994,2392.1569311910625
5170,MADS164,i,18,ADS,45.42660749549369,115.6702330561572,334.7355998353854,2527.6452344681334
5171,MADS164,a,18,ADS,49.09687639149336,147.80085334952986,758.5390524668761,1234.6276933016277
5172,MADS164,a,18,ADS,50.63,172.33413035620515,734.0411006852156,1280.6784244063233
5173,MADS164,a,18,ADS,52.38,158.4443840236105,828.7989418666451,1426.3336021295588
5174,MADS164,i,18,ADS,54.82749639028746,128.1513694817491,328.7157809959409,2457.0844860099005
5175,MADS164,i,18,ADS,59.17988899145852,50.111008541477986,456.0835334637489,2130.9469825301658
5176,MADS164,i,18,ADS,59.50762131845096,59.120341339813365,382.9759128460518,2318.7850817473727
5177,MADS164,a,18,ADS,59.82329174278835,115.6702330561572,740.0624623406056,1417.5789965259044
5178,MADS164,i,18,ADS,66.6718284782428,111.81455862094936,340.54801603372346,2599.5158528959973
5179,MADS164,i,18,ADS,68.79300380711558,109.24410899747272,359.7066027906451,2389.6308628620327
5180,MADS164,a,18,ADS,71.09308040910058,104.10320975054788,816.6612845524419,1369.3868594362139
5181,MADS164,a,18,ADS,72.08,88.23518006629172,723.9380317422671,1342.2588119331472
5182,MADS164,u,18,ADS,77.8666554455476,158.08265184341508,438.8996208467808,733.4433801564389
5183,MADS164,u,18,ADS,87.55,115.22180859572018,463.5793112726227,669.6102908661971
5184,MADS164,a,18,ADS,97.13716956228916,194.8044461147589,858.1912260288955,1272.7978263934515
5185,MADS164,u,18,ADS,98.93044143955802,125.95203155005663,421.79408897978436,800.4373416352846
5186,MADS164,a,18,ADS,101.120105177707,190.21327213680195,785.2598642612088,1312.3284697261433
5187,MADS164,i,6,ADS,5.3,80.00000000000007,351.7361786381298,2161.4862161989654
5188,MADS164,u,6,ADS,6.59,219.99999999999974,412.56487141212784,671.2469926843817
5189,MADS164,u,6,ADS,7.64,87.80744758007319,462.7574596291232,1131.1308929977645
5190,MADS164,u,6,ADS,7.91,119.89562519702801,406.54515924083216,890.6155720165666
5191,MADS164,i,6,ADS,8.4,129.999999999999,468.1256870568745,2272.440296919907
5192,MADS164,u,6,ADS,13.95114477504381,128.85522495619028,426.1996459496773,611.5596514399084
5193,MADS164,u,6,ADS,16.29101309318668,120.06261452320999,335.8184936597672,858.6254658714547
5194,MADS164,u,6,ADS,23.73,140.00000000000057,398.5763228822513,782.4907955678267
5195,MADS164,u,6,ADS,24.57544177393795,194.55822606204976,409.85697306694453,733.366529079746
5196,MADS164,a,6,ADS,27.59,123.43212730080921,979.1095258035406,1434.1851016550538
5197,MADS164,a,6,ADS,30.11,89.99999999999986,892.1692854292522,1283.2528180082384
5198,MADS164,i,6,ADS,35.28259682936363,120.06261452321354,331.23766436712236,2525.5689781638716
5199,MADS164,i,6,ADS,37.03,119.99999999999744,328.0517830408834,2589.5471788829227
5200,MADS164,a,6,ADS,40.256647278343,189.14317540509984,811.0244591405781,1180.7990993468743
5201,MADS164,a,6,ADS,41.49625488511379,163.74511488620414,873.4508426881805,1278.637413301355
5202,MADS164,a,6,ADS,42.60910434799839,140.89565200161047,979.1648025148569,1267.0025077202176
5203,MADS164,i,6,ADS,44.78687328402459,100.85259619950193,337.51163173986384,2432.657859876602
5204,MADS164,i,6,ADS,48.58,60.000000000002274,452.0237960833804,2093.9229573001458
5205,MADS164,i,6,ADS,48.85699213089585,51.62692424498516,388.9886081873878,1916.1477340254464
5206,MADS164,a,6,ADS,49.11767355901265,99.65197005426063,735.9384226536798,1294.4438207627336
5207,MADS164,i,6,ADS,54.4190104821484,150.98951785159898,315.33787153233243,2565.557178022841
5208,MADS164,i,6,ADS,56.29584433866973,104.15566133026744,352.1481448597171,2431.211933666605
5209,MADS164,a,6,ADS,58.14,93.25337598591688,815.0527305131817,1281.6136377151952
5210,MADS164,a,6,ADS,58.97,89.70300469746917,786.7677570651362,1293.894501355936
5211,MADS164,i,6,ADS,61.04,60.41638903879232,548.0973221486844,1863.4900250706066
5212,MADS164,u,6,ADS,63.96530588139017,164.6941186098232,412.34751177231306,1002.441864930251
5213,MADS164,u,6,ADS,71.32,106.85413634266183,435.82147024771575,823.1216171716227
5214,MADS164,a,6,ADS,79.23692261064845,193.07738935155783,866.016305564044,1217.3979670675012
5215,MADS164,u,6,ADS,80.79,109.99999999999943,396.93381366228573,735.0060230722605
5216,MADS164,a,6,ADS,82.62480657983338,185.19342016662677,834.0677471465847,1272.3896347368604
5217,MADS165,i,15,ADS,8.32,109.99999999999943,378.7465435283277,1720.6918251737527
5218,MADS165,u,15,ADS,9.87,130.0000000000008,389.6100067520108,857.7846291171534
5219,MADS165,u,15,ADS,11.05358104648441,105.06801078569872,363.22764126668335,873.1763893272775
5220,MADS165,u,15,ADS,11.43250301040958,157.49698959042036,390.2157500035395,1001.817157819754
5221,MADS165,i,15,ADS,12.31,70.00000000000028,425.6031431746845,2233.281782212295
5222,MADS165,u,15,ADS,19.2918415057277,167.83591333300052,517.1847709610764,751.903608500942
5223,MADS165,u,15,ADS,22.99,120.000000000001,438.7815520578716,953.2559946066084
5224,MADS165,u,15,ADS,32.07,109.99999999999943,369.4076384720278,791.0608486966948
5225,MADS165,u,15,ADS,33.3,158.63147231669217,368.61996143468906,928.4315872619889
5226,MADS165,a,15,ADS,37.47,120.83882373886468,875.2717862193606,1363.19812800012
5227,MADS165,a,15,ADS,40.84,142.98325339784412,846.4142700343074,1259.615068489528
5228,MADS165,i,15,ADS,47.8911727763607,158.82722363929958,374.7965196432916,2454.970984106368
5229,MADS165,i,15,ADS,50.37297136398637,177.02863601362395,455.09024515132546,2451.140052406657
5230,MADS165,a,15,ADS,54.10470076462042,95.29923537958496,790.1946935138055,1271.6657342200422
5231,MADS165,a,15,ADS,55.79204176544931,137.95823455068756,786.5476214002563,1174.6006996158778
5232,MADS165,a,15,ADS,57.56693468756847,113.06531243153017,725.0565235763447,1287.9302218098755
5233,MADS165,i,15,ADS,60.08885129308702,57.309824064930126,423.50132217207977,2304.5799628398418
5234,MADS165,i,15,ADS,65.54,71.25294613487654,408.6097874583923,2323.4378069220684
5235,MADS165,i,15,ADS,65.93459613995867,45.40386004133268,350.3553407108699,2441.503523449327
5236,MADS165,a,15,ADS,66.23,94.16363901941338,499.77642380418195,1234.517135223883
5237,MADS165,i,15,ADS,72.23,111.97041638190797,354.1132704341498,2603.137968161901
5238,MADS165,i,15,ADS,74.65,106.81733532246085,371.14575207839783,2455.896551684165
5239,MADS165,a,15,ADS,76.97672406830802,105.06801078568628,748.1159165521591,1423.551780924931
5240,MADS165,a,15,ADS,77.81,69.99999999999318,718.8541467942089,1352.3571838652065
5241,MADS165,i,15,ADS,80.53,67.10410371192665,502.74996632921403,1860.8766952697226
5242,MADS165,u,15,ADS,84.71743956391136,98.24541268272924,379.65160279190803,1049.4484186538625
5243,MADS165,u,15,ADS,95.17119461919262,114.61964812984604,115.6256243553731,823.0743348198846
5244,MADS165,a,15,ADS,104.23,229.99999999998977,727.4754168004206,1220.0689589554172
5245,MADS165,u,15,ADS,107.31,99.99999999999432,403.3984814554492,724.217807761314
5246,MADS165,a,15,ADS,109.9,135.42311598349954,691.4664580969378,1255.0362485697126
5247,MADS165,i,6,ADS,5.44,139.9999999999997,416.30501112530857,2490.934534472097
5248,MADS165,u,6,ADS,6.956004979825865,189.1358793244109,504.2973202202225,945.2599518880519
5249,MADS165,u,6,ADS,8.030155797146497,128.74912267264094,397.92762638934045,1113.8719299667466
5250,MADS165,u,6,ADS,8.380407505071016,176.60277888725238,398.22620300091495,977.2656967670526
5251,MADS165,i,6,ADS,8.95,110.00000000000121,459.9439228753819,2144.1437537420634
5252,MADS165,u,6,ADS,16.74959545985594,160.4045401440608,388.7047736603983,813.6451099925789
5253,MADS165,u,6,ADS,19.95100294868265,104.82229456534142,393.47304765067696,909.8835239651245
5254,MADS165,u,6,ADS,28.4,140.00000000000057,467.6142079764343,831.892021248853
5255,MADS165,u,6,ADS,29.57,190.00000000000128,428.92057240979625,979.35896515945
5256,MADS165,a,6,ADS,33.87,121.52344592891495,813.6286389057171,1429.2998165029821
5257,MADS165,a,6,ADS,37.05,160.0000000000037,869.2350175887276,1269.9770536263643
5258,MADS165,i,6,ADS,45.31467225302939,155.32774697060603,432.2691028090523,2591.3292474682344
5259,MADS165,i,6,ADS,47.53341225315665,109.37978563339357,395.2825642591079,2453.7922328084755
5260,MADS165,a,6,ADS,51.34,135.81753268063324,718.2638025024512,1204.0671099249475
5263,MADS165,i,6,ADS,56.89930306526172,112.79790393442823,369.21650324363185,2496.637829174388
5264,MADS165,i,6,ADS,62.61,70.00000000000028,420.665774298562,2404.5829905177197
5265,MADS165,i,6,ADS,62.98696284633866,76.33797538996845,413.80929285462605,2388.623968446403
5266,MADS165,a,6,ADS,63.32,89.9999999999963,644.8220942084976,1209.8108038260964
5267,MADS165,i,6,ADS,69.68,129.99999999999545,366.35996137888225,2498.7227098952994
5268,MADS165,i,6,ADS,71.61,142.54306121449645,380.80948251140364,2432.7724759692524
5269,MADS165,a,6,ADS,73.28,95.71140288855418,804.0505616429704,1382.8728388254917
5270,MADS165,a,6,ADS,74.62,89.19624099809198,893.9912448106517,1340.560833907784
5271,MADS165,i,6,ADS,76.9027686672166,45.57491068058539,484.58033518802046,2093.9321227541905
5272,MADS165,u,6,ADS,80.4287372452949,112.79790393443534,435.96772383836355,931.8685032425897
5273,MADS165,u,6,ADS,88.46,127.71496946378136,437.0323774039964,1172.7631708210706
5274,MADS165,a,6,ADS,97.0,219.99999999999886,736.2708827924299,1244.07007571409
5275,MADS165,u,6,ADS,99.82,101.1982061416461,342.80365022145634,801.908674491168
5276,MADS165,a,6,ADS,101.97,120.00000000000455,726.1455826534425,1376.5197625229785
5277,MADS165,i,9,ADS,7.58,120.00000000000011,370.0569668193806,2363.371189267449
5278,MADS165,u,9,ADS,9.33,150.00000000000034,344.6012306814122,767.7524220559018
5279,MADS165,u,9,ADS,10.33,89.99999999999986,396.2947027619261,876.8411156809489
5280,MADS165,u,9,ADS,10.63,169.99999999999994,441.83152270506156,950.8021217474901
5281,MADS165,i,9,ADS,11.27,89.99999999999986,430.4931773712693,2236.8083475918447
5282,MADS165,u,9,ADS,18.93,170.0000000000017,385.5958750698777,854.9732437510565
5283,MADS165,u,9,ADS,22.46882482031112,81.17517968888066,355.8952455043482,913.9617304825373
5284,MADS165,u,9,ADS,30.72,125.86180899073085,356.6272363623316,778.2002021166625
5285,MADS165,u,9,ADS,31.99,169.99999999999815,415.4207164132346,807.5096108494286
5286,MADS165,a,9,ADS,36.41,110.00000000000654,564.083459032019,1392.1492669936124
5287,MADS165,a,9,ADS,39.24,100.00000000000142,810.0528740893037,1343.329034506065
5288,MADS165,i,9,ADS,46.93122215157524,138.16564986614566,417.41814599919564,2457.383976743941
5289,MADS165,i,9,ADS,49.74,189.99999999999773,317.9356943916813,2426.9841702827302
5290,MADS165,a,9,ADS,54.17,165.31911665990862,700.891938004923,1222.5023267207591
5291,MADS165,a,9,ADS,55.86,189.99999999999773,691.7451896507441,1307.1564082424022
5292,MADS165,a,9,ADS,57.82,130.00000000000256,687.2102155418297,1248.5044262116205
5293,MADS165,i,9,ADS,60.2,119.99999999999744,322.127603958408,2373.562506858487
5294,MADS165,i,9,ADS,65.79,89.9999999999892,370.5587890372238,2274.538574496137
5295,MADS165,i,9,ADS,66.27694994325803,83.05005674196764,395.49500840847384,2370.357524363445
5296,MADS165,a,9,ADS,66.64,107.51411309199455,632.7701271635242,1273.2402648091145
5297,MADS165,i,9,ADS,73.53,120.00000000000455,362.36456178024594,2507.594733821142
5298,MADS165,i,9,ADS,75.85,90.00000000000341,384.7931224820243,2358.8470533639565
5299,MADS165,a,9,ADS,77.77,91.60387331147035,689.8285965234309,1328.9972846646479
5300,MADS165,a,9,ADS,79.4,79.9999999999983,680.1933775411331,1495.3437582506567
5301,MADS165,u,9,ADS,81.69,60.000000000002274,472.0966060789066,1077.378233793166
5302,MADS165,i,9,ADS,81.98,39.99999999999204,505.0524204696736,2120.9291097652626
5303,MADS165,u,9,ADS,85.8463970479782,113.60295202179316,393.64845600040877,778.6896937650101
5304,MADS165,u,9,ADS,95.64,106.95716875099492,418.9381279254264,1091.354990777152
5305,MADS165,a,9,ADS,103.93,219.99999999999886,655.9881466447221,1207.4923005231594
5306,MADS165,u,9,ADS,106.43,125.21967510789977,361.9335944804471,717.1424880930709
5307,MADS165,a,9,ADS,108.6,109.99999999999943,675.6065328455755,1228.0871771057043
5308,MADS166,i,18,ADS,6.461805349338773,90.04825470641009,332.8113913362897,2667.534593765581
5309,MADS166,u,18,ADS,7.766557527453966,123.44247254603324,289.9441913325082,657.1206535282886
5310,MADS166,u,18,ADS,8.593791461228067,96.2085387719327,377.7497899841162,971.5098374744662
5311,MADS166,u,18,ADS,8.888523994284991,171.47600571500908,579.4692305750601,982.0669580807905
5312,MADS166,i,18,ADS,9.418890912146946,112.039864410578,367.8607384355313,2547.2399358032453
5313,MADS166,u,18,ADS,19.24243863123523,91.29174137158813,294.7052244469823,896.9702983278087
5314,MADS166,u,18,ADS,26.42396212126217,156.02588525323924,424.90086165856667,813.378016440305
5315,MADS166,u,18,ADS,27.4228442789269,127.1557210731018,383.37664979492354,765.3980618618375
5316,MADS166,a,18,ADS,31.17,61.74303509004986,674.4260144939179,1286.7002041653218
5317,MADS166,a,18,ADS,33.82,89.08727534097238,808.6780723656741,1336.7612336553343
5318,MADS166,i,18,ADS,40.02740907610264,126.14858807708629,378.2366574903124,2427.4734945032897
5319,MADS166,i,18,ADS,41.84031654472649,73.03339309726198,467.37356653104445,2591.7013666696707
5320,MADS166,a,18,ADS,45.70945160187557,100.42091550874233,812.6184391414783,1346.3216517198139
5321,MADS166,a,18,ADS,48.08555445653705,91.29174137159168,634.8379964747935,1245.2521997551698
5322,MADS166,i,18,ADS,51.06380958316173,60.58451927385988,342.0300719477617,2550.332890015604
5323,MADS166,i,18,ADS,54.92,60.70230223370032,403.62587894317795,2545.203306552306
5324,MADS166,i,18,ADS,55.23206232856717,40.66632115642932,391.2615094849508,2261.8356420604355
5325,MADS166,a,18,ADS,55.46278145676081,80.50271739130466,636.2211261294725,1480.884433106346
5326,MADS166,i,18,ADS,62.23427390302614,112.03986441056912,423.75090373158946,2603.3830094719397
5329,MADS166,u,18,ADS,80.42,92.72456976658816,355.9816551188798,819.4929451080245
5330,MADS166,a,18,ADS,87.35055941120508,149.44058879491706,691.1351072127718,1351.967183826273
5331,MADS166,u,18,ADS,88.8400363834148,98.76106566562726,281.3983713871388,1023.0124248848957
5332,MADS166,a,18,ADS,90.63215524827352,102.08076535188582,698.3448766750821,1194.1482675603452
5333,MADS166,i,6,ADS,6.34,89.99999999999986,421.87281864585646,2563.523337408119
5334,MADS166,u,6,ADS,7.53,129.9999999999999,388.6194228343166,747.8880556228742
5335,MADS166,u,6,ADS,8.39,119.99999999999922,340.05231676423705,823.0444138600894
5336,MADS166,u,6,ADS,8.63,199.9999999999993,499.3476212973247,958.0350984642507
5337,MADS166,i,6,ADS,9.2,100.00000000000142,355.3948920610737,2492.488644525554
5338,MADS166,u,6,ADS,15.05,119.26846773036992,314.18520351034266,705.7427258473087
5339,MADS166,u,6,ADS,19.11004902821498,112.13438061077952,376.6259707931139,689.487058454471
5340,MADS166,u,6,ADS,25.42,109.99999999999943,416.1428213719795,751.8448190669246
5342,MADS166,a,6,ADS,29.52,107.55917564262063,887.6631477687705,1284.5367948682963
5343,MADS166,a,6,ADS,31.29,130.00000000000256,850.2701488740754,1342.0060985930388
5344,MADS166,i,6,ADS,37.70576149973083,102.13513647987327,369.2531269611814,2285.89975626269
5345,MADS166,i,6,ADS,39.39830220157452,101.69779842547655,343.0270166378969,2582.9620553450927
5346,MADS166,a,6,ADS,42.68313680902472,114.27707578168622,886.6386918370038,1366.173602645912
5347,MADS166,a,6,ADS,45.02289371138915,112.84861233441035,691.0916925143321,1213.2753583039357
5348,MADS166,i,6,ADS,47.19662599165287,83.56511166534375,362.8861642385227,2570.2515515182063
5349,MADS166,i,6,ADS,51.18,39.99999999999915,423.0169557856686,2536.1916674995236
5350,MADS166,i,6,ADS,51.45163179761416,47.139293759940415,343.7253704435636,2292.180089386666
5351,MADS166,a,6,ADS,51.69414280287591,99.99244130897011,778.6970906594231,1290.9939878040018
5352,MADS166,i,6,ADS,58.92,100.00000000000142,364.86514718280813,2544.2501977889706
5353,MADS166,i,6,ADS,60.47,106.91486724699928,359.9639764604541,2658.125835598088
5354,MADS166,a,6,ADS,61.63,129.99999999999545,842.2357086336979,1206.6756984686288
5355,MADS166,a,6,ADS,62.52,149.99999999999858,683.8204552482426,1176.1228684806463
5356,MADS166,i,6,ADS,64.41,49.99999999999716,455.49565997829205,1755.1821017228579
5357,MADS166,u,6,ADS,67.33229776819728,97.70223180272808,267.1316954769882,861.4257220558347
5358,MADS166,u,6,ADS,76.33041579665698,86.4220385599026,355.96238824800207,853.7223659776814
5359,MADS166,a,6,ADS,83.32,172.22342416478398,797.8106980785957,1175.4232546732874
5361,MADS166,a,6,ADS,86.56,109.99999999999943,734.2144603759424,1208.969415749314
5362,MADS168,i,12,ADS,7.46,110.00000000000031,395.00170776264923,2636.91261005284
5363,MADS168,u,12,ADS,8.9,160.00000000000014,423.78403115185307,712.3933076352455
5364,MADS168,u,12,ADS,9.972800721337189,67.19927866281061,482.716892552774,1016.385585668426
5365,MADS168,u,12,ADS,10.21501601626222,234.98398373777894,555.6352279654145,975.9947452320388
5366,MADS168,i,12,ADS,11.13,80.00000000000007,397.8226887240012,2252.2746399771686
5367,MADS168,u,12,ADS,19.3,169.99999999999815,538.0774671269525,1416.773359189928
5368,MADS168,u,12,ADS,23.0598187564971,84.1595516264988,416.80328932070665,947.4422052781212
5369,MADS168,u,12,ADS,32.03,107.55702903682618,377.99633011676383,716.479010996803
5370,MADS168,u,12,ADS,33.22,189.99999999999773,454.0732532834568,1065.6104660806693
5371,MADS168,a,12,ADS,37.64,100.00000000000142,734.2071732634456,1171.4357332305644
5372,MADS168,a,12,ADS,40.93,160.0000000000037,662.1906154969074,1011.9405280058245
5373,MADS168,i,12,ADS,49.44949973483615,110.50026516385003,410.5878278305121,2720.8462971488734
5374,MADS168,i,12,ADS,51.61117390326968,98.8260967303205,443.47020270780746,2515.0259774105753
5375,MADS168,a,12,ADS,56.18947330770351,119.05497547162014,666.2418372922397,1220.473678591054
5376,MADS168,a,12,ADS,58.16,130.00000000000256,635.4295345662719,1175.2224825058959
5377,MADS168,a,12,ADS,59.67,109.99999999999943,681.8670533612056,1127.5728043870076
5378,MADS168,i,12,ADS,62.42498600527749,75.0139947225108,418.65432459938523,2460.871647808199
5379,MADS168,i,12,ADS,67.86767087990201,52.329120097994064,406.7007906763294,2192.8073583289975
5380,MADS168,i,12,ADS,68.13041289473594,69.58710526406264,327.115747892661,2383.02170044856
5381,MADS168,a,12,ADS,68.4061584187257,112.89695949895417,626.5938261754335,1231.2700948857268
5382,MADS168,i,12,ADS,75.77,158.32412873839985,332.1338371265889,2569.861843334209
5383,MADS168,i,12,ADS,77.9,89.9999999999892,372.68033936326276,2604.9254995212223
5384,MADS168,a,12,ADS,79.62217012233123,97.82987766877227,599.6678319685169,1099.882067771432
5385,MADS168,a,12,ADS,81.24,97.85110014740894,643.179988385829,1005.4973456651682
5386,MADS168,i,12,ADS,84.0,40.00000000000625,615.6517950560592,1768.8289597446667
5387,MADS168,u,12,ADS,88.24352773568243,102.6335995445038,430.63364796618134,1551.018822861786
5388,MADS168,u,12,ADS,99.1,130.00000000000966,398.3611454024235,606.0112288962332
5389,MADS168,a,12,ADS,108.49,160.0000000000108,612.0299580556142,998.5174609831628
5390,MADS168,a,12,ADS,113.1,116.73117204919947,619.0469658096257,1063.2266175060558
5391,MADS168,i,15,ADS,6.55,160.00000000000014,438.51110778135813,2521.5222388943516
5392,MADS168,u,15,ADS,8.28,169.99999999999994,500.1483275447621,2085.4935610592147
5393,MADS168,u,15,ADS,9.41,72.59893035348775,471.2007313638909,948.7213902368533
5394,MADS168,u,15,ADS,9.627721899072826,177.47724833881938,509.1470178572401,815.8530352084794
5395,MADS168,i,15,ADS,11.08,99.99999999999964,394.6571318223007,2544.630053782345
5396,MADS168,u,15,ADS,19.7804319515497,119.56804845029723,416.85484955035486,825.3495229256713
5397,MADS168,u,15,ADS,23.71264759703299,135.10655391558046,394.9125443785023,786.6622396414668
5398,MADS168,u,15,ADS,33.03690031028029,146.29881281984325,331.91944428051954,738.4492312961846
5399,MADS168,u,15,ADS,34.02543058975006,187.87006017848285,496.77345079883753,651.3762295947427
5400,MADS168,a,15,ADS,38.94,120.00000000000455,654.4373384593389,1112.6377751979892
5401,MADS168,a,15,ADS,41.54394393858615,136.0560614138464,647.452187587935,1054.1593564352377
5402,MADS168,i,15,ADS,49.20851346340525,131.48653659475684,404.3177307706672,2610.0747399756397
5403,MADS168,i,15,ADS,51.4323325307741,97.66746922590386,388.72332413296306,2637.2498116369607
5404,MADS168,a,15,ADS,56.46798419388322,102.01580611678196,675.3886590336865,1157.14739565403
5405,MADS168,a,15,ADS,58.54,130.00000000000256,738.0180633510267,1331.4326047122538
5406,MADS168,a,15,ADS,59.93,140.00000000000057,671.2014965116219,1161.7683645286052
5407,MADS168,i,15,ADS,62.81897199972716,70.35134168384616,438.45337367807247,2184.4739974862096
5408,MADS168,i,15,ADS,68.3687396619217,71.26033807830368,373.7099722570165,1840.4100634003044
5409,MADS168,i,15,ADS,68.66133417343102,70.35134168386037,401.5133340563093,2121.5918061083316
5410,MADS168,a,15,ADS,68.96,109.99999999999943,648.1625442075868,1264.8191526105593
5411,MADS168,i,15,ADS,76.47976770342675,107.12590665497146,407.4229605885991,2416.296243884641
5412,MADS168,i,15,ADS,78.84,89.53477198407711,361.13704215730843,2499.9367046699745
5413,MADS168,a,15,ADS,80.84,99.99999999999432,684.6406314208099,1137.0946472651717
5414,MADS168,a,15,ADS,82.43506343825226,64.75521223173075,596.4581023489436,1180.6245259763161
5415,MADS168,i,15,ADS,85.391726598752,48.27340124799662,463.21854898787853,1614.1216461186807
5416,MADS168,u,15,ADS,90.33463928823848,75.36071176151893,546.7158385625946,1466.4145247697165
5417,MADS168,u,15,ADS,102.6295912918209,120.31847348629299,416.35397244865607,676.8313860833039
5418,MADS168,a,15,ADS,112.02,140.00000000000057,610.701776425652,1047.8931927282404
5419,MADS168,a,15,ADS,117.12,149.99999999999147,613.9550596878662,1100.2155660416986
5420,MADS168,i,18,ADS,6.130657216494755,109.3427835052454,415.3678052978146,2463.4880319522863
5421,MADS168,u,18,ADS,7.810302694979734,129.6973050202661,480.53887518565637,1510.2023014611752
5422,MADS168,u,18,ADS,9.132555748543169,69.71369341102296,469.43509650339337,963.867404250119
5423,MADS168,u,18,ADS,9.373233975795518,207.48123038995737,443.672830495624,919.9757655534041
5424,MADS168,i,18,ADS,10.56884146683094,90.46181645002171,402.3070786536181,2436.2066793740883
5425,MADS168,u,18,ADS,18.18219282272525,101.25084043031052,484.65008456601197,2394.607486034872
5426,MADS168,u,18,ADS,22.04737085387725,70.54361833258938,442.67296441692963,880.5876037259482
5427,MADS168,u,18,ADS,30.90337082586303,168.474759076652,374.7627712586871,725.1293444724963
5428,MADS168,u,18,ADS,31.79436274372498,179.26378305692836,467.5046695050121,978.6093823422009
5429,MADS168,a,18,ADS,36.58171286698787,102.0807653518574,665.0588763859645,1210.4891478546563
5430,MADS168,a,18,ADS,39.62482568074834,104.57054011654066,704.5361882844331,1211.2404239430061
5431,MADS168,i,18,ADS,47.72642508964529,139.42738682206368,360.6525712364186,2547.3320239698432
5432,MADS168,i,18,ADS,50.54197445091812,98.76106566561305,390.71088024785746,2524.5071928479865
5433,MADS168,a,18,ADS,54.76734269946117,150.12109199910384,641.9738829928854,1201.751022061925
5435,MADS168,a,18,ADS,58.13798990082813,99.59099058718124,667.0528099575774,1163.9383567275354
5436,MADS168,i,18,ADS,61.08467734480045,81.33264231286574,424.7644095910897,2443.4284184084127
5437,MADS168,i,18,ADS,66.2319746610261,50.62542021515526,391.6255207925048,2260.893108904397
5438,MADS168,a,18,ADS,66.48272117324035,80.50271739129755,675.0236245067643,1215.9530501458612
5439,MADS168,i,18,ADS,73.44407797792398,151.04633572389048,351.78155492957126,2716.4496868924343
5440,MADS168,i,18,ADS,75.64411565721568,107.8902398027708,407.52995177966693,2539.540455224127
5441,MADS168,a,18,ADS,77.5,105.98869621155416,608.4177020105802,1106.701099010837
5442,MADS168,i,18,ADS,81.13477357406879,45.645870685788736,526.5843262867231,1854.9413137948939
5443,MADS168,u,18,ADS,82.01954700806697,60.58451927385988,443.3308385110523,783.710450836106
5444,MADS168,u,18,ADS,84.65071282496507,67.22391864634858,577.5802083870713,1466.3293513076087
5445,MADS168,u,18,ADS,95.8,144.53832361976993,352.83193151455515,636.6483483393017
5446,MADS168,a,18,ADS,104.7026479857663,175.94408337069467,641.1790497869002,1078.354473812557
5447,MADS168,u,18,ADS,106.7487524512525,137.76753697899835,453.72415044530544,2211.002415946339
5448,MADS168,a,18,ADS,109.3292809418396,136.10768713580512,624.9083357137896,1084.9901214637416
5449,MADS168,i,6,ADS,8.596729368603103,143.27063139689676,364.1194126824069,1867.1717892714405
5451,MADS168,u,6,ADS,11.4573628091193,92.63719088070133,431.82157944410625,863.0068112284655
5452,MADS168,u,6,ADS,11.71,219.99999999999886,348.501021126438,855.8941062307449
5453,MADS168,i,6,ADS,12.64,109.99999999999943,390.25295447633937,2512.975644219552
5454,MADS168,u,6,ADS,21.26991004447942,183.34325355418812,381.73258928853426,860.231136440257
5455,MADS168,u,6,ADS,26.02380416736784,98.79175312871169,441.0895628711129,714.5291136534985
5456,MADS168,u,6,ADS,35.15,130.00000000000256,299.7593218281438,799.2619427612431
5457,MADS168,u,6,ADS,36.19,140.00000000000057,459.4936143697631,677.4327193956893
5458,MADS168,a,6,ADS,41.06,119.99999999999744,707.998351309672,1151.6498454057032
5459,MADS168,a,6,ADS,44.86,130.00000000000256,595.3413469205499,1097.013157372509
5460,MADS168,i,6,ADS,54.06005765653075,179.94234346924998,390.01514280167765,2685.7425556728426
5461,MADS168,i,6,ADS,56.80106624239483,118.93375760516989,398.06631812709503,2514.734729018578
5462,MADS168,a,6,ADS,64.95,119.99999999999034,690.942740344656,1056.1799047243003
5463,MADS168,a,6,ADS,67.16701617406149,142.983825938515,822.1136740030757,1179.2513563264642
5464,MADS168,a,6,ADS,68.72,170.0000000000017,740.1721353211287,1220.3134150216786
5465,MADS168,i,6,ADS,72.64493652836653,134.56156065090852,303.17247070027463,2572.907005508456
5466,MADS168,i,6,ADS,78.54,69.99999999999318,437.15325857379787,2282.17567162162
5467,MADS168,i,6,ADS,78.85285875633821,68.17785739646354,296.20072857008176,2484.1668890306432
5468,MADS168,a,6,ADS,79.18,143.32609150929443,639.4344079743845,1158.464989563139
5469,MADS168,i,6,ADS,87.48,159.9999999999966,319.13119661720117,2481.551887453644
5470,MADS168,i,6,ADS,89.81,115.97072888801563,410.6480746129087,2303.100224453551
5471,MADS168,a,6,ADS,92.01265936911987,113.03171094677111,590.3533473076052,1032.311208364566
5472,MADS168,a,6,ADS,93.21,109.99999999999943,685.3576681709544,1078.0568312856715
5473,MADS168,i,6,ADS,95.93,53.18400893060016,495.8014286638652,1888.8967758267884
5474,MADS168,u,6,ADS,100.2059867806758,134.5615606508943,406.60696587794064,697.9406183306625
5475,MADS168,u,6,ADS,111.89,129.99999999999545,408.8069229294125,781.4764222577178
5476,MADS168,a,6,ADS,125.14,79.9999999999983,851.5220848202467,1493.7151424776723
5478,MADS168,a,6,ADS,130.43,150.00000000000568,709.5450869560045,1104.855758093652
5479,MADS169,i,15,ADS,4.989603942640722,160.39605735927864,352.49124629681285,2701.2417728832565
5480,MADS169,u,15,ADS,6.44,199.9999999999993,419.3099598446529,923.2782848433337
5481,MADS169,u,15,ADS,7.433542476234629,146.45752376537135,353.5452830656797,915.5147434149072
5482,MADS169,u,15,ADS,7.74838482307365,181.61517692634987,395.8544637692338,630.444851436004
5483,MADS169,i,15,ADS,8.28,110.00000000000121,368.03659105424157,2507.2319858181977
5484,MADS169,u,15,ADS,15.71,175.4886125254185,462.43249175708445,932.4970662967628
5487,MADS169,a,15,ADS,33.08398832658396,134.72603789005433,860.2411786274121,1234.530951262725
5488,MADS169,a,15,ADS,35.77,189.99999999999773,573.6004884720303,1197.8479443216534
5489,MADS169,i,15,ADS,42.73642508470336,134.72603789005433,350.6665198977066,2558.2736145248596
5490,MADS169,i,15,ADS,45.16,120.00000000000455,360.1217660325897,2480.470969970701
5491,MADS169,a,15,ADS,49.46,160.46450164137838,441.32187943012707,1091.563119764669
5492,MADS169,i,15,ADS,55.52137578857131,98.62421142868527,384.4542435365672,2624.484285762092
5493,MADS169,i,15,ADS,60.0204877539248,65.54239681138085,366.8051215423221,2234.3081970701865
5494,MADS169,a,15,ADS,60.33,151.10515373812206,674.3395302019896,1156.7524633984067
5495,MADS169,i,15,ADS,65.79,150.82422505555826,329.0444928786229,2569.8693205734953
5496,MADS169,i,15,ADS,67.7,109.99999999999943,343.29835374408503,2540.5710523837693
5497,MADS169,a,15,ADS,69.68,92.56957981673963,721.1674727838861,1185.9559185207968
5498,MADS169,a,15,ADS,71.00286160310577,67.36301894503072,422.40706774972807,994.518981950081
5499,MADS169,i,15,ADS,73.52,65.32264510985897,427.3105327239054,2215.1529506481224
5501,MADS169,u,15,ADS,86.24,160.0000000000108,291.885045154753,707.757675703516
5502,MADS169,a,15,ADS,95.86,150.00000000000568,713.5156640268607,1196.2359130799416
5503,MADS169,u,15,ADS,97.92,153.12441350555162,461.3160450300154,1491.1232423689175
5504,MADS169,a,15,ADS,100.23,151.0887637357996,653.8317856937778,1181.3157861031702
5505,MADS169,i,18,ADS,4.630217966149765,119.50918870461713,333.409717823086,2284.564875214731
5506,MADS169,u,18,ADS,6.596893003440241,163.10699655975912,296.22533978619856,853.0842075475473
5507,MADS169,u,18,ADS,7.866827290218009,173.17270978198974,259.0594846532029,669.7220909506079
5508,MADS169,u,18,ADS,8.275954637538886,97.10121582250153,296.66710379765817,602.2028562363114
5509,MADS169,i,18,ADS,8.959179677565922,100.42091550874233,384.1198399112232,2516.3127375526606
5510,MADS169,u,18,ADS,15.62,80.00000000000007,373.35232548949864,779.8613875804676
5511,MADS169,u,18,ADS,18.42899113346037,113.6043954504693,317.69104016589375,605.4662591457741
5513,MADS169,a,18,ADS,32.03,122.6802722996112,770.6350489786269,1210.0738078045856
5514,MADS169,a,18,ADS,34.89,162.02347601976186,613.3211293005587,1137.5705596947846
5515,MADS169,i,18,ADS,41.39302624943944,111.20993948902225,354.40954355374606,2478.234941474936
5516,MADS169,i,18,ADS,43.64001022523496,149.3864858807683,295.91862292802716,2413.7983282660193
5517,MADS169,a,18,ADS,47.99427092671392,177.60393321381684,613.953260116481,1342.379661461699
5518,MADS169,i,18,ADS,53.81709174262382,81.77047785027725,350.4468725164523,2394.8222737885826
5519,MADS169,i,18,ADS,58.04582124682972,56.393433000195614,313.386416375156,2372.1728444219943
5521,MADS169,i,18,ADS,65.11,193.41789535158682,428.65764003269396,2681.721702030159
5522,MADS169,i,18,ADS,67.06637646407026,155.0819407505486,330.6028347008034,2524.710562004566
5523,MADS169,a,18,ADS,68.92,96.08910781440727,667.903020682169,1170.7511335124927
5525,MADS169,u,18,ADS,85.29311916380281,88.81965697530347,357.44628143300395,883.986949673071
5526,MADS169,a,18,ADS,93.99149577238197,149.44259745051625,699.1925248128271,1086.30205765604
5527,MADS169,u,18,ADS,95.63260816788538,107.1475227003873,367.0726865034487,977.8789173803016
5528,MADS169,a,18,ADS,98.22396014025482,83.18031367528533,730.2398376777649,1172.010769432823
5529,MADS169,i,6,ADS,5.43,160.00000000000014,288.6235985075378,2390.708705798921
5530,MADS169,u,6,ADS,6.98,209.99999999999997,400.5047667525524,990.5206319172491
5531,MADS169,u,6,ADS,8.29,210.00000000000085,349.83678382443526,1669.8921828317805
5532,MADS169,u,6,ADS,8.698528965325043,196.54256324398568,409.02964278286885,829.6416779702768
5533,MADS169,i,6,ADS,9.28,100.00000000000142,390.576037107658,1918.9070685311026
5534,MADS169,u,6,ADS,19.62010463915155,152.54049684607196,405.6934605167976,1965.5391104633313
5535,MADS169,u,6,ADS,28.52,98.91817678382964,297.4856525315002,1113.6838800078676
5537,MADS169,a,6,ADS,33.86,100.00000000000142,970.365067113004,1395.6222707120812
5538,MADS169,a,6,ADS,36.52,159.9999999999966,582.130732421888,1110.0770760919124
5539,MADS169,i,6,ADS,44.06471164919687,115.87210818114357,360.76670090530865,2293.4256735513295
5540,MADS169,i,6,ADS,46.5139528052033,176.0082655916193,326.0356780316254,1835.2785432950036
5542,MADS169,i,6,ADS,57.15,109.99999999999943,370.513503999358,2552.277168922691
5543,MADS169,i,6,ADS,61.84,59.99999999999517,358.23743204899586,2282.214394355866
5544,MADS169,a,6,ADS,62.16,130.00000000000256,639.8534647409587,1197.0994861001052
5545,MADS169,i,6,ADS,67.98,161.46924399272677,386.5057983480683,2563.176819020041
5546,MADS169,i,6,ADS,69.83,112.59102082699712,307.98866498879175,2173.8329497601226
5547,MADS169,a,6,ADS,72.02,79.9999999999983,639.978633248101,1105.463412747591
5548,MADS169,a,6,ADS,73.46691985810226,127.60599255392435,518.3907069643866,1235.7956616859092
5549,MADS169,i,6,ADS,75.56,53.855408677279115,395.4711359969822,1765.9531103718102
5550,MADS169,u,6,ADS,78.79,69.99999999999318,421.22892997950464,1467.8345429641295
5551,MADS169,u,6,ADS,87.78,130.20192985281653,368.2754636908779,2012.123426067854
5552,MADS169,a,6,ADS,96.99,180.00000000000682,672.2567368960908,1198.0502576473227
5553,MADS169,u,6,ADS,98.63,133.8583035538079,358.87708537128776,1144.0433352333011
5554,MADS169,a,6,ADS,101.09,140.00000000000057,671.8120861962748,1144.7583702258873
5555,MADS170,i,12,ADS,5.65,99.99999999999964,334.96274108392254,2484.3833380386595
5556,MADS170,u,12,ADS,7.1,150.00000000000034,351.9858242843651,583.7269813473058
5557,MADS170,u,12,ADS,8.0,92.19201024343526,320.4250956724293,1106.287232713624
5558,MADS170,u,12,ADS,8.3,99.99999999999964,359.06747474683857,1519.7926359681537
5559,MADS170,i,12,ADS,8.784117989079183,75.88201092081626,300.6342560202151,2498.6698321062554
5560,MADS170,u,12,ADS,14.91,117.2416614277001,367.8432410529027,1240.6147919239904
5561,MADS170,u,12,ADS,17.22298837643407,117.01162356592931,381.0064996887054,1364.2504472156738
5562,MADS170,u,12,ADS,24.22,89.99999999999986,445.1581860830593,1298.5052398614446
5564,MADS170,a,12,ADS,28.96,105.45108525738911,518.9347520480742,1574.8089734867535
5565,MADS170,a,12,ADS,31.4,112.56663427035107,563.6972745174609,1191.4595617327032
5566,MADS170,i,12,ADS,36.52913875165809,90.86124834190912,329.3020499788913,2248.603776399335
5567,MADS170,i,12,ADS,38.25,91.17908375564099,373.288848581062,2498.8953504925007
5568,MADS170,a,12,ADS,41.86,130.00000000000256,658.1344624436906,997.8018980702981
5569,MADS170,a,12,ADS,42.95,119.99999999999744,698.4414396730043,1105.6462382129448
5570,MADS170,a,12,ADS,44.35,109.99999999999943,805.1135246906983,1395.143752723522
5571,MADS170,i,12,ADS,46.97382427742421,76.17572257579042,386.07573769609996,2540.028064613782
5572,MADS170,i,12,ADS,50.91,90.00000000000341,332.0739133082895,2472.9490601330685
5573,MADS170,i,12,ADS,51.31,49.99999999999716,291.811098767588,2506.4931787242285
5574,MADS170,a,12,ADS,51.58,88.41990908306485,503.0644616882983,1271.8551088739675
5575,MADS170,i,12,ADS,56.90264715298208,116.00124459585004,253.95491742818476,2591.2151401235737
5576,MADS170,i,12,ADS,58.73,120.49015780418415,271.2055064891603,2399.0743915447474
5577,MADS170,a,12,ADS,61.97,75.03576290287839,657.2233105437242,979.9927806058853
5578,MADS170,i,12,ADS,63.9011799806216,48.820019378403856,488.81210251978047,1999.8337757601398
5579,MADS170,u,12,ADS,74.28,99.99999999999432,347.15973299484085,734.2775548002239
5580,MADS170,a,12,ADS,82.06,140.00000000000057,652.4497012874161,944.3682254750427
5581,MADS170,u,12,ADS,83.5,118.7887773788674,230.97419907114104,677.8093019258072
5582,MADS170,a,12,ADS,85.5,120.00000000000455,722.0261614958831,1005.3026167868575
5583,MADS170,i,15,ADS,5.69,99.99999999999964,275.2625209321124,2673.5904626843476
5584,MADS170,u,15,ADS,7.1,140.00000000000057,281.98045495223806,665.1406045928923
5585,MADS170,u,15,ADS,8.161177732214949,84.1741468857844,316.849145685713,673.928607272221
5586,MADS170,u,15,ADS,8.46,119.99999999999922,312.69184498715254,756.893527094251
5587,MADS170,i,15,ADS,8.93,99.99999999999964,402.0008723439551,2504.5908629529636
5588,MADS170,u,15,ADS,13.5128801260143,97.1198739856991,505.41208633236204,946.4605843769798
5589,MADS170,u,15,ADS,15.42980835550165,99.58631462543899,338.75637476128077,683.8851629142948
5590,MADS170,u,15,ADS,18.02972423859987,124.4828932817903,348.6699260751059,567.625756976533
5591,MADS170,u,15,ADS,25.07,130.70611277822053,383.5305791100248,733.1107666459495
5593,MADS170,a,15,ADS,29.3,104.65302150928935,646.6335565840391,1099.5045276594637
5594,MADS170,a,15,ADS,31.59,126.52160487903075,463.2217094374918,872.4054922264879
5595,MADS170,i,15,ADS,37.58,120.00000000000455,349.99461060453075,2397.173123066826
5596,MADS170,i,15,ADS,39.92,89.9999999999963,330.1593389453968,2591.191973218978
5597,MADS170,a,15,ADS,43.68,126.48461744507955,540.2228246938813,1050.7397699233754
5598,MADS170,a,15,ADS,44.95,140.00000000000057,642.5314368502512,1050.8944811905883
5599,MADS170,a,15,ADS,46.41,100.00000000000142,736.7787943284383,1209.7636638899469
5600,MADS170,i,15,ADS,49.12380102900725,66.19897099275107,401.64604697193397,2417.304439365218
5601,MADS170,i,15,ADS,53.20547441238341,84.52558761658935,329.46267220734705,2594.473350715196
5602,MADS170,i,15,ADS,53.56,49.99999999999716,343.05616788408054,2443.543774388616
5603,MADS170,a,15,ADS,53.81,87.6746745009882,593.1468160958364,1000.0956027901487
5604,MADS170,i,15,ADS,58.40894619640645,114.99848236509536,389.32037073804076,2705.836830104502
5605,MADS170,i,15,ADS,60.86,109.99999999999943,316.0503299863154,2577.401143321569
5606,MADS170,a,15,ADS,62.50808936597492,78.24639006284428,585.7149966592438,1126.168999962637
5607,MADS170,a,15,ADS,63.48571573389287,64.2842661071299,520.2733517064206,1029.9041115267191
5608,MADS170,u,15,ADS,65.27,90.00000000000341,326.05596770546543,786.136826624375
5609,MADS170,i,15,ADS,65.52,55.185865126318845,459.3665798899799,2216.7070719187236
5610,MADS170,u,15,ADS,68.39315983557593,96.84016442406573,303.3173844045534,828.5805003919249
5611,MADS170,u,15,ADS,76.16,90.00000000000341,371.1281017184527,761.0313663846434
5612,MADS170,a,15,ADS,83.62,132.54678996592872,523.5339109507784,1003.426159840319
5613,MADS170,u,15,ADS,85.0,89.04005521129932,264.56531848864097,1252.4008985202531
5614,MADS170,a,15,ADS,87.1,90.00000000000341,589.4009753160319,1013.8163290217342
5615,MADS170,i,18,ADS,5.747220416853343,89.63189152846152,300.9843738530669,2743.4893601415997
5616,MADS170,u,18,ADS,7.21,139.9999999999997,343.4435413349939,692.7563305316665
5617,MADS170,u,18,ADS,8.209254678395252,70.74532160474689,349.20653196592815,766.6480239387878
5618,MADS170,u,18,ADS,8.521415634804935,88.58436519506441,357.59273533755515,888.8446979008353
5619,MADS170,i,18,ADS,9.054272327431567,88.8019666069031,334.87047113604467,2611.4684541689735
5620,MADS170,u,18,ADS,15.48607371974452,111.20993948902047,377.99535731121034,1094.0529436498136
5621,MADS170,u,18,ADS,18.13959407216498,112.86978933214087,340.6821327002051,771.6697306339638
5622,MADS170,u,18,ADS,25.39,99.99999999999787,329.18489204192156,763.6339264937346
5623,MADS170,u,18,ADS,26.48,160.00000000000014,360.03013932777765,852.8196022244208
5624,MADS170,a,18,ADS,30.92674739466624,91.29174137158103,522.4530608848258,991.5933293656317
5625,MADS170,a,18,ADS,33.24,128.49773083831906,448.4647683504394,1134.244785720468
5626,MADS170,i,18,ADS,39.25881849506931,79.67279246973646,405.27940303194475,2606.252444290861
5627,MADS170,i,18,ADS,40.85907258516337,87.97204168535444,362.73848578573677,2583.7286616777083
5628,MADS170,a,18,ADS,44.37499992996374,106.23038995966994,626.9715892533586,1083.9399739359494
5629,MADS170,a,18,ADS,45.87,132.1801462343899,717.7707352231849,1165.3939017007983
5630,MADS170,a,18,ADS,47.44420649372424,90.46181645000928,578.3234358263788,1811.4591289104728
5631,MADS170,i,18,ADS,50.31657118444573,74.69324294039126,375.71548323031067,2460.4440825302454
5632,MADS170,i,18,ADS,54.14507094632361,59.754594352313006,433.3934063554059,2437.640331780461
5633,MADS170,a,18,ADS,54.75,68.10153798652152,477.6105708033341,1140.8242860726498
5634,MADS170,i,18,ADS,59.97325440398459,128.63836284176955,359.55869837410984,2572.333651961506
5635,MADS170,i,18,ADS,61.53404062653046,94.61144105781472,355.5134283000384,2422.9005509208423
5636,MADS170,a,18,ADS,63.23043020799609,79.5697920039089,653.3033953586234,1012.062056790928
5637,MADS170,a,18,ADS,63.98101234605076,81.33264231285864,515.9342512068482,948.621257466109
5638,MADS170,i,18,ADS,66.15,47.74384257689235,449.1566382303881,1713.905315329552
5639,MADS170,u,18,ADS,69.35863925102589,106.23038995966283,384.4657365584399,1116.6145994211652
5640,MADS170,u,18,ADS,77.81,95.41592068039506,351.4374265426526,855.7120567964437
5641,MADS170,a,18,ADS,86.01615991160348,161.8353597041846,529.4558173295957,1082.3070038034448
5642,MADS170,u,18,ADS,87.53,95.71910591093058,347.5667335644714,994.4662325720698
5643,MADS170,a,18,ADS,89.74997672581222,112.03986441057623,567.4154617129769,1216.5854044151356
5644,MADS170,i,6,ADS,6.28,99.99999999999964,361.3688816542468,2299.363142705908
5645,MADS170,u,6,ADS,7.69,139.9999999999997,365.86247735127125,847.0457448385514
5646,MADS170,u,6,ADS,8.68,106.81194418858198,361.1547976136208,858.8256247500436
5647,MADS170,u,6,ADS,8.977901531848655,122.09846815134462,371.50505919007736,790.9635704996241
5648,MADS170,i,6,ADS,9.45,70.00000000000028,375.30176195694946,2186.961095394785
5649,MADS170,u,6,ADS,15.80112212095743,258.7338994592692,1072.4350056004619,2162.597623714846
5650,MADS170,u,6,ADS,18.96969504292318,98.0871797950087,349.5838216996508,689.1309026006045
5651,MADS170,u,6,ADS,26.14,129.999999999999,427.19635818362144,1185.6292446865298
5652,MADS170,u,6,ADS,27.15,154.74533711359229,509.1367297232465,2039.2679825607552
5653,MADS170,a,6,ADS,30.44,88.0076750015597,571.6040746737381,1284.3933521938793
5654,MADS170,a,6,ADS,32.67,119.99999999999744,653.408653864856,1189.1445076433904
5655,MADS170,i,6,ADS,38.86369062526018,115.85099975788893,377.0296510654507,2623.3144760845066
5656,MADS170,i,6,ADS,41.24676912875201,123.23087124799059,345.257523589954,2423.6043388172207
5658,MADS170,a,6,ADS,45.74,109.99999999999943,689.7152356994442,1069.3915693828112
5659,MADS170,a,6,ADS,46.96,89.9999999999963,625.8551088607481,1349.1335898506225
5660,MADS170,i,6,ADS,49.43421856121968,89.5914398127573,377.3370852271611,2393.771151162451
5661,MADS170,i,6,ADS,53.13,70.00000000000028,388.34583236547934,2331.259613798886
5662,MADS170,i,6,ADS,53.5,64.01613139939144,390.42597328526693,2302.497726642001
5663,MADS170,a,6,ADS,53.78,128.64409472536664,652.4891906876148,1489.818590586829
5664,MADS170,i,6,ADS,58.88450725134506,175.49274865493913,298.83917226042223,2214.384548494121
5665,MADS170,i,6,ADS,60.51830739425579,61.692605744205764,387.6490036205805,2345.0377769778374
5666,MADS170,a,6,ADS,61.93900801956077,90.99198043923451,654.3283290294817,1116.9226081616034
5667,MADS170,a,6,ADS,62.98,80.0000000000054,504.075688085743,884.9124632670173
5668,MADS170,u,6,ADS,64.69,189.99999999999773,340.7485716337516,743.8056222296063
5669,MADS170,i,6,ADS,65.07,80.0000000000125,345.18943598261757,2337.3763946223557
5671,MADS170,u,6,ADS,76.07,110.00000000001364,435.4907909086179,1426.0468334769434
5673,MADS170,u,6,ADS,85.27,146.64471105517407,514.3128367795553,1633.5223629783288
5674,MADS170,u,6,ADS,86.5965325408766,112.7616397643294,464.33357220612953,899.6802799069244
5675,MADS170,a,6,ADS,87.33,130.03329918747397,595.7392276207812,934.9949970981089
5676,MADS170,i,9,ADS,6.539522162593341,90.47783740665861,349.5682132810852,2673.100950688653
5677,MADS170,u,9,ADS,7.949501074472233,184.04172077553494,416.7338864175811,1881.5066608347367
5678,MADS170,u,9,ADS,8.87,90.00000000000163,298.40855773915507,675.116408283344
5679,MADS170,u,9,ADS,9.140891522533575,89.10847746642503,330.36964593287735,806.7143294156365
5680,MADS170,i,9,ADS,9.58,80.00000000000007,334.4681001953828,1985.6880646263803
5681,MADS170,u,9,ADS,15.61,151.4309325032297,353.19024215001025,1378.3804021943106
5682,MADS170,u,9,ADS,17.73945370390305,90.54629609694942,290.2341970476474,633.5842985371489
5683,MADS170,u,9,ADS,24.68,109.99999999999943,386.5482758466387,1060.1914929816955
5684,MADS170,u,9,ADS,25.58,80.00000000000185,329.6829044865702,646.494471762193
5685,MADS170,a,9,ADS,28.64,89.99999999999986,514.9944177128011,1113.9630957028087
5686,MADS170,a,9,ADS,30.69,124.09795641505994,564.4558139640691,967.3131014904335
5687,MADS170,i,9,ADS,36.05214041519081,77.85958480918964,367.1857426955854,2547.7060703466086
5688,MADS170,i,9,ADS,37.60892984233911,81.07015766088921,346.2659777982734,2383.1910432300797
5689,MADS170,a,9,ADS,41.17,79.9999999999983,648.6904036169067,1134.9708230601268
5691,MADS170,a,9,ADS,43.39,100.00000000000142,679.7461936766302,1021.3148753367518
5692,MADS170,i,9,ADS,45.74854625786399,71.45374213600775,369.9192199051445,2471.7831421878714
5693,MADS170,i,9,ADS,49.24,39.99999999999915,365.6326999143886,2369.1113417894067
5694,MADS170,i,9,ADS,49.56850664093351,51.49335906648389,392.0568669538994,2462.5275195112504
5695,MADS170,a,9,ADS,49.83,101.42253172995908,466.2103607525744,1624.9692899636761
5696,MADS170,i,9,ADS,54.39777072771216,135.209269598505,370.73730861363026,2700.755324379165
5697,MADS170,i,9,ADS,56.22,75.9233873258296,316.78762664124736,2494.0016789844685
5698,MADS170,a,9,ADS,57.76,70.00000000000028,627.9512514125629,1094.8883627545604
5699,MADS170,a,9,ADS,58.33,79.9999999999983,676.0768947841997,1256.7396219860889
5700,MADS170,u,9,ADS,62.9673781334683,82.62186653169579,401.6794263221764,1040.3928718287227
5701,MADS170,u,9,ADS,70.79,109.99999999999943,423.7956278355504,1923.7045516834955
5702,MADS170,a,9,ADS,78.1,109.99999999999943,524.5026820137605,983.1749950985588
5703,MADS170,u,9,ADS,79.59,101.78921507272776,348.40374762266026,1468.6294477305917
5704,MADS170,a,9,ADS,81.46,100.00000000000853,591.1713829939206,1065.8231859539617
5705,MADS171,i,12,ADS,5.59,120.00000000000011,474.92182478183815,2319.5919650550222
5706,MADS171,u,12,ADS,6.85,160.00000000000014,351.6940902468901,835.9786692419851
5707,MADS171,u,12,ADS,7.82,199.9999999999993,402.15513651447094,742.2551034230798
5708,MADS171,u,12,ADS,8.28,180.00000000000148,389.8323942778992,751.8581058661281
5709,MADS171,i,12,ADS,9.08,99.99999999999964,391.7540862101077,2280.2923950949657
5710,MADS171,u,12,ADS,15.83,150.00000000000034,370.80279580979294,893.0299231611122
5711,MADS171,u,12,ADS,18.00284000111865,127.15999888134988,331.30717681586685,887.1471463404818
5712,MADS171,u,12,ADS,26.13713304230208,182.8669576979216,366.7684314749231,791.3314633969841
5713,MADS171,u,12,ADS,27.19,169.99999999999815,465.8057029772296,1126.0781050448622
5714,MADS171,a,12,ADS,30.72,160.00000000000014,532.1754048241243,1220.7634089098683
5715,MADS171,a,12,ADS,33.53,159.9999999999966,685.9495495188295,1221.56939260828
5716,MADS171,i,12,ADS,40.24278359225956,137.2164077404392,372.813647806027,2269.773387298204
5717,MADS171,i,12,ADS,42.62811782342651,96.85522099364618,327.83191801765315,2213.6233733228955
5718,MADS171,a,12,ADS,47.44,120.00000000000455,712.0282813328022,1233.2246223510044
5719,MADS171,a,12,ADS,49.06,159.9999999999966,756.4202838570228,1675.2940989098888
5720,MADS171,a,12,ADS,50.71,159.9999999999966,751.7051084348471,1240.9081963318495
5721,MADS171,i,12,ADS,53.33959751656278,100.65346495417771,399.40284755984504,2300.4920596557067
5722,MADS171,i,12,ADS,58.85,79.9999999999983,438.0337712565992,2108.8270945779636
5723,MADS171,a,12,ADS,59.36194769018019,125.34205069766102,788.4050586290226,1254.208073364007
5724,MADS171,i,12,ADS,66.568924536549,121.5438067371224,384.7056270255908,2379.7382378185357
5725,MADS171,i,12,ADS,68.71,80.0000000000125,385.2403763418587,2301.921710287742
5726,MADS171,a,12,ADS,70.64940601178135,96.85522099363197,555.5683640638556,1156.9770828494877
5727,MADS171,a,12,ADS,71.44,79.9999999999983,634.3045759365162,1319.597002744994
5728,MADS171,i,12,ADS,73.72,70.00000000000739,456.9214841834737,2006.3626761924043
5729,MADS171,u,12,ADS,77.68249193303319,117.74556277657666,470.48975202217696,1255.4469686793736
5730,MADS171,u,12,ADS,86.1,133.03592927302077,367.54963982101935,1193.2910205224891
5731,MADS171,a,12,ADS,94.23,219.99999999999886,564.490998477731,1074.1608910838274
5732,MADS171,u,12,ADS,96.76,129.99999999999545,428.4787694043493,849.1090393005113
5733,MADS171,a,12,ADS,98.428919939419,131.08006058099875,595.7601608978376,1186.5115910879647
5734,MADS171,i,15,ADS,7.55,169.99999999999994,356.2599103708141,2078.995729594426
5735,MADS171,u,15,ADS,9.11,116.22845610032684,363.7878167441854,871.2208916691546
5736,MADS171,u,15,ADS,10.22,199.6988872126497,430.27565246321086,789.5681701888506
5737,MADS171,u,15,ADS,10.66,172.72485639371916,397.2305759954276,852.0958123085627
5738,MADS171,i,15,ADS,11.39,99.99999999999964,421.9202897704955,1922.248892289933
5739,MADS171,u,15,ADS,18.24897546216437,121.0245378356305,410.56303534280767,661.0964405197006
5740,MADS171,u,15,ADS,21.71887365443616,211.1263455638408,423.4241391554563,663.9556728496644
5741,MADS171,u,15,ADS,31.20047315610484,103.7557179718469,395.0397611210974,744.6022340110233
5742,MADS171,u,15,ADS,32.35,159.9999999999966,367.5782791473268,645.7446394539165
5744,MADS171,a,15,ADS,39.46,138.21589234128595,741.3654404089889,1312.7823698818147
5745,MADS171,i,15,ADS,46.34851964849281,101.48035150719181,384.54119071622426,2587.640704163651
5746,MADS171,i,15,ADS,48.77182205372737,118.17794627263112,341.741376950712,2107.077560417939
5747,MADS171,a,15,ADS,53.11487562171146,110.52239523088048,658.2863758976794,1334.528385352545
5748,MADS171,a,15,ADS,54.57,149.99999999999858,1010.7166761420053,1393.9109018500133
5749,MADS171,a,15,ADS,56.19,137.68897869277907,903.9057444565644,1416.1665842130362
5750,MADS171,i,15,ADS,59.19201845683391,87.98154316609441,367.77641867358386,1795.512998196755
5751,MADS171,i,15,ADS,64.15,59.99999999998806,345.83656736633685,2582.6253484880635
5752,MADS171,i,15,ADS,64.54705380933693,72.94619066307462,430.05657519853827,2097.7661876476973
5753,MADS171,a,15,ADS,64.87,87.97335081531799,573.2095196473688,1198.5160745957585
5754,MADS171,i,15,ADS,71.37310753265159,126.8924673484122,386.9136169292546,2434.841551828082
5755,MADS171,i,15,ADS,73.45,109.99999999999943,362.41786874720094,2421.463661220623
5756,MADS171,a,15,ADS,75.81751212813741,112.4878718625979,687.9409107153796,1299.376888583534
5757,MADS171,a,15,ADS,77.3047668067046,111.6501747740557,609.3517519366831,1196.4581711673447
5758,MADS171,i,15,ADS,79.81,80.01742492214703,417.7698602601608,1927.5838625747824
5759,MADS171,u,15,ADS,83.08432962089601,119.54463157624673,440.735718382027,1016.3157406460014
5760,MADS171,u,15,ADS,92.13,180.00000000000682,271.1188929787853,675.9647122559427
5761,MADS171,a,15,ADS,101.4891332660614,212.0225541164018,617.2780948585174,1132.7320065246574
5762,MADS171,u,15,ADS,103.01,99.99999999999432,459.2371244109443,970.1038151174104
5763,MADS171,a,15,ADS,105.1,163.68571345600458,599.8947495341843,1148.9201111368732
5764,MADS171,i,18,ADS,8.418478400941213,162.66528462572973,385.9953254368246,2455.5522655140016
5766,MADS171,u,18,ADS,10.86986343007615,230.13656992385023,312.8915454915362,753.5343275674101
5767,MADS171,u,18,ADS,11.39296391752573,240.67822725234933,317.2177309387033,806.6450873857092
5768,MADS171,i,18,ADS,12.06,99.99999999999964,378.4849125108641,2242.5856878221684
5769,MADS171,u,18,ADS,18.97,139.69128193642177,421.6301831629364,907.9867289537399
5770,MADS171,u,18,ADS,22.01880294710903,134.44783729269005,321.01318472754167,1469.2572150325118
5771,MADS171,u,18,ADS,30.44001495265596,79.98504734403866,287.0411084731538,1034.7429666695834
5773,MADS171,a,18,ADS,34.84967808017716,90.46181645002349,525.1741900487102,1291.995398138518
5774,MADS171,a,18,ADS,37.22,110.1779961340199,709.9534632853467,1247.017928627598
5775,MADS171,i,18,ADS,44.07589922540307,111.20993948902225,388.25708398326725,2336.94884431081
5776,MADS171,i,18,ADS,46.36329543226089,131.1281376064457,363.18371655441547,2662.6778911216893
5777,MADS171,a,18,ADS,51.42216246217995,92.59088903554158,700.5057421673736,1563.2145669288989
5778,MADS171,a,18,ADS,53.11917338427233,99.59099058718124,678.401968135556,1439.9081105287364
5779,MADS171,a,18,ADS,54.74440863472049,158.51566001791895,790.3445154094559,1405.2652801730133
5781,MADS171,i,18,ADS,63.07,43.06758810418643,347.5118210790847,2276.3871399784066
5782,MADS171,i,18,ADS,63.44742010659364,56.43489466606866,443.36360810931194,2343.01326899174
5783,MADS171,a,18,ADS,63.75355517775006,116.18948901837456,551.9300239118882,1204.6319410580072
5784,MADS171,i,18,ADS,70.7284068418017,79.67279246973646,380.29598326472296,2380.567143648182
5785,MADS171,i,18,ADS,73.03433740825159,91.29174137157747,346.62953989844635,2267.990090522462
5786,MADS171,a,18,ADS,75.19544922750295,64.73414388166532,742.6023688474545,1341.9956219414694
5787,MADS171,a,18,ADS,76.30342007857865,100.42091550873522,700.1692137827193,1349.8176020437675
5788,MADS171,i,18,ADS,79.04761970878918,52.38029121080956,436.1536345858892,1608.348291807834
5789,MADS171,u,18,ADS,83.49496030717535,139.42738682204947,344.92710685928455,740.2087356596321
5790,MADS171,u,18,ADS,95.09,209.99999999999375,280.1499748435877,756.5265589692126
5791,MADS171,a,18,ADS,105.5121712691869,185.9031824294135,625.3767492151982,1205.669350954271
5792,MADS171,u,18,ADS,107.0,132.31218133390144,338.7434508632946,754.5282023573184
5793,MADS171,a,18,ADS,109.0713011436825,170.96453384129973,651.968059725359,1173.3441318745624
5794,MADS171,i,6,ADS,7.672201580928588,158.24527936602982,342.8664685614725,2232.8404607231896
5796,MADS171,u,6,ADS,10.43,245.9911572434006,336.4935891335277,890.4753145853992
5797,MADS171,u,6,ADS,10.88199088534803,308.00911465196987,333.42499122353024,845.0463700742362
5798,MADS171,i,6,ADS,11.79,60.0000000000005,449.4411397172984,2171.759887336916
5799,MADS171,u,6,ADS,18.85058208164963,251.56941847933822,347.453042532909,1103.2906974171776
5800,MADS171,u,6,ADS,22.71,129.999999999999,386.76195202290285,672.0270924919205
5801,MADS171,u,6,ADS,31.11,140.00000000000057,375.3609557136707,631.1005325260638
5802,MADS171,u,6,ADS,32.42872480033964,141.27519966036317,412.1358226276285,793.8205214517072
5803,MADS171,a,6,ADS,36.07,119.99999999999744,708.7613541085004,1344.9080992034408
5804,MADS171,a,6,ADS,38.66,148.96995421148063,720.8313980841373,1270.3571740072236
5805,MADS171,i,6,ADS,44.96415759289614,113.61199544228384,388.499260303573,2493.140599185375
5806,MADS171,i,6,ADS,47.00101513870527,121.72713797387047,336.3903099503482,2376.946603256922
5807,MADS171,a,6,ADS,51.29,139.73582424139153,587.6355759607562,1189.326846024153
5808,MADS171,a,6,ADS,52.49,109.99999999999943,802.8483218229368,1330.984855795346
5809,MADS171,a,6,ADS,55.18,119.99999999999744,623.0251134158176,1364.9604199509106
5810,MADS171,i,6,ADS,58.13309946446996,98.91469888989946,335.18395532407476,2368.706434059876
5811,MADS171,i,6,ADS,63.16,60.396976407460556,399.39198985202864,2421.728558884767
5812,MADS171,i,6,ADS,63.50753539547544,87.31780315796556,422.7215001898094,2207.0506867493496
5813,MADS171,a,6,ADS,63.86,116.4737855158009,598.5326973056619,1053.0162267222156
5814,MADS171,i,6,ADS,70.87,119.99999999999034,467.5168957507212,2740.3134239650626
5815,MADS171,i,6,ADS,72.51,80.25847840941935,377.2960637402373,2257.8659449463094
5816,MADS171,a,6,ADS,74.68,69.99999999999318,578.1346040519334,1222.8283574726252
5817,MADS171,a,6,ADS,76.06,79.9999999999983,691.8015379686774,1248.9160600893385
5818,MADS171,u,6,ADS,82.05544534004247,114.554659957534,417.49571510047144,915.4341779894587
5819,MADS171,u,6,ADS,91.52,120.00000000000455,376.65841926899077,654.3610481303106
5820,MADS171,a,6,ADS,100.47,230.00000000000398,603.7743668447677,1108.667693102825
5821,MADS171,u,6,ADS,102.59,132.8356714236918,342.6557077892569,663.4989956414315
5822,MADS171,a,6,ADS,104.21,130.00000000000966,676.5879379738694,1242.2810467229203
5823,MADS171,i,9,ADS,7.53,129.9999999999999,320.98728260981756,2478.3049842479254
5824,MADS171,u,9,ADS,9.01,160.00000000000014,424.78013013354814,959.0748169598661
5825,MADS171,u,9,ADS,9.89,139.9999999999988,347.1301492460087,907.4728796047078
5826,MADS171,u,9,ADS,10.28833539843771,131.66460156229044,376.43034053116986,977.8276648304532
5827,MADS171,i,9,ADS,11.43,80.00000000000007,442.47273168306174,2398.4321046011387
5828,MADS171,u,9,ADS,18.03190274814627,120.0281356085604,351.651257243898,744.5188139490747
5829,MADS171,u,9,ADS,20.59102047363181,158.97952636818857,345.09507787323446,844.184935128408
5831,MADS171,u,9,ADS,29.84184085689368,168.15914310632252,400.15496348029427,917.7892294679054
5832,MADS171,a,9,ADS,34.09,149.99999999999858,627.4104681512781,1152.1066224255724
5833,MADS171,a,9,ADS,37.0,119.99999999999744,763.4085061182644,1323.7829904840307
5834,MADS171,i,9,ADS,42.96026472001012,89.73527998987407,396.85203169595275,2479.238069710784
5835,MADS171,i,9,ADS,45.1390718957305,100.92810426949939,330.19401852125026,2322.0445276680202
5836,MADS171,a,9,ADS,50.33584847879587,108.43677746193947,718.2958431840225,1231.3231321280798
5837,MADS171,a,9,ADS,51.8891101393608,140.88986063919862,869.3190086508217,1215.2773648356394
5838,MADS171,a,9,ADS,53.74,149.99999999999858,718.9319502047035,1155.8246203147792
5839,MADS171,i,9,ADS,56.78495392747057,105.04607252943288,393.09232063981716,2347.2012232791985
5840,MADS171,i,9,ADS,61.81,49.99999999999716,422.1666401879114,2242.4063128701982
5841,MADS171,i,9,ADS,62.15484499838409,75.15500161590438,366.00230287548936,2513.982735889067
5842,MADS171,a,9,ADS,62.47,90.00000000000341,692.3844440542501,1206.8117017187255
5843,MADS171,i,9,ADS,69.22108769928079,138.91230071921257,401.94926331276463,2356.781808377292
5844,MADS171,i,9,ADS,71.13,72.38537756218477,354.03614348439874,2166.3727250868747
5845,MADS171,a,9,ADS,73.52,79.9999999999983,671.1898230534799,1097.3639165139864
5846,MADS171,a,9,ADS,74.37,89.9999999999892,728.2030049488021,1198.8503113557495
5847,MADS171,i,9,ADS,77.1,68.14336253900422,441.9299265881178,2249.165511388888
5848,MADS171,u,9,ADS,81.41808265983532,111.91734016468047,366.1114201772747,883.8178419987833
5849,MADS171,a,9,ADS,100.72,159.9999999999966,520.6241639544969,1140.7537043987766
5850,MADS171,u,9,ADS,102.99,112.91175826630706,350.66680718733386,1162.8790678558762
5851,MADS171,a,9,ADS,104.68,119.99999999999034,533.281937560096,1137.7820382028742
