index,spkid,IPA,AgeMonth,Register,time_start,duration(ms),F1,F2
0,FADS101,i,18,ADS,4.241120171472395,66.39399372478749,317.9658768817927,1981.4762717073459
1,FADS101,u,18,ADS,5.69,159.99999999999926,354.0489855474214,1115.6062709141788
2,FADS101,u,18,ADS,6.697327169455356,87.9720416853429,344.26273263246003,759.7012161068691
3,FADS101,u,18,ADS,6.922141504394846,97.10121582250065,346.778546177172,698.3041366250923
4,FADS101,i,18,ADS,7.354016154215554,80.50271739130466,380.6638211689803,2054.8138931166504
5,FADS101,u,18,ADS,12.93297205963919,117.02794036080988,458.1614541590012,1526.5209097360762
6,FADS101,u,18,ADS,15.49348089698885,83.82241707754012,390.51639816911586,791.3701450125351
7,FADS101,u,18,ADS,22.31916913936903,78.83551378305853,315.92703667154274,1130.367538895135
8,FADS101,u,18,ADS,23.11,181.83575467607938,305.52783238776,657.058919180033
9,FADS101,i,18,ADS,35.41622277549097,71.3735432541398,348.2268412401283,1981.2166392988113
10,FADS101,a,18,ADS,40.28059945635131,79.40054364868843,680.5406109203459,1232.8254247988618
11,FADS101,a,18,ADS,41.72510556347815,66.39399372478039,510.84400790977486,939.7042335809936
12,FADS101,a,18,ADS,43.05,90.00000000000341,690.6926446451657,1010.9123747678962
13,FADS101,a,18,ADS,43.98840649355422,64.73414388166532,631.5582820927142,1078.914028649123
14,FADS101,i,18,ADS,46.47024731605526,68.05384356790967,367.3236655404223,1994.879579519892
15,FADS101,a,18,ADS,52.0,79.9999999999983,542.3817851169744,948.9240310181915
16,FADS101,i,18,ADS,58.03895943048951,79.67279246975068,395.07930272069444,1990.0321505117395
17,FADS101,i,18,ADS,59.8462738354648,99.59099058718124,349.17882345688497,1810.1245854597196
18,FADS101,a,18,ADS,61.48,91.65595110793134,699.110333979356,1259.8434309353026
19,FADS101,a,18,ADS,62.22,60.000000000002274,655.7158733732224,1173.4796461090325
20,FADS101,u,18,ADS,67.39198871592853,108.0112840714662,333.92684115644363,876.2605574653271
21,FADS101,u,18,ADS,75.27,66.25565059891869,330.873477636571,1291.3379686023768
22,FADS101,a,18,ADS,82.7,95.9177275822043,570.0316874185434,960.7527390823569
23,FADS101,u,18,ADS,84.1,75.62819934375398,332.7056912569398,637.8664598316493
24,FADS101,a,18,ADS,85.79574529929893,97.93114074406617,511.892618802527,918.5966169595553
25,FADS102,i,12,ADS,7.378975009831078,81.02499016892217,300.7659608194837,2266.16540858262
27,FADS102,u,12,ADS,9.671606073864318,118.39392613568123,301.357253739052,734.8990365452455
28,FADS102,u,12,ADS,9.971988842402103,128.21215730271618,335.19896634952033,759.4579381861336
29,FADS102,i,12,ADS,10.42,89.99999999999986,299.7424683242597,2215.8701789523425
30,FADS102,u,12,ADS,16.44,115.60460678801832,297.7226297276899,587.283889375436
31,FADS102,u,12,ADS,18.9397893976945,81.81156704078063,304.368275292356,688.130225755318
32,FADS102,u,12,ADS,24.8,120.000000000001,313.6603517327436,628.6272480794574
33,FADS102,a,12,ADS,28.73,89.99999999999986,583.8084953196825,1107.3820233476256
34,FADS102,a,12,ADS,30.21,70.84990352052856,606.459161665642,1168.7941625403735
35,FADS102,i,12,ADS,36.40960458378012,70.39541621987411,333.5972416645649,2163.2681429644194
36,FADS102,i,12,ADS,38.08467501770496,155.324982295042,340.49022592504707,2298.2083542251466
37,FADS102,a,12,ADS,41.283168344957,152.6335205984708,610.4375373100095,1075.6759832001858
38,FADS102,a,12,ADS,42.37,130.00000000000256,617.9496771392621,1098.8763320580465
39,FADS102,a,12,ADS,43.46,109.99999999999943,607.988718945154,1073.2098084490167
40,FADS102,i,12,ADS,45.94868272300099,64.71661273374707,349.2719021073182,2036.3332598715751
41,FADS102,i,12,ADS,49.00324593851423,54.94806741544522,343.93529300859166,2118.7761025541176
42,FADS102,i,12,ADS,49.33293434300692,70.82195355769016,358.80284523535164,2098.833264255919
43,FADS102,a,12,ADS,49.67622243115702,134.31749812664862,481.9149920275697,1024.9211964891906
44,FADS102,i,12,ADS,55.07,100.00000000000142,346.10893535990954,2208.0879853942656
45,FADS102,i,12,ADS,56.33,79.47062609647304,310.2670690626843,2095.045626324424
46,FADS102,a,12,ADS,57.57,111.18554363255839,600.1548191178246,1129.8017094119534
47,FADS102,a,12,ADS,58.44,85.17635245588906,552.390880361229,992.9582726506064
48,FADS102,i,12,ADS,60.1078222423797,42.17775762030129,429.4448980303246,1642.5595303740238
49,FADS102,u,12,ADS,63.15652720737144,93.47279262856034,323.82234944439745,674.7427732744707
50,FADS102,u,12,ADS,70.09,79.9999999999983,303.09137776392555,657.502866340619
51,FADS102,a,12,ADS,76.72,140.00000000000057,570.4449736719455,1057.7377580491889
52,FADS102,u,12,ADS,78.49109957646003,94.0222486886455,330.93440433618434,716.1790091962846
53,FADS102,a,12,ADS,80.31455498728786,98.90652134781419,573.2716605877496,1124.083361152714
54,FADS103,i,15,ADS,7.78,109.99999999999943,270.09495314598536,2315.331729720852
55,FADS103,u,15,ADS,9.74,220.00000000000063,339.81474860585433,738.0645871316981
56,FADS103,u,15,ADS,11.13979402568665,140.2059743133499,322.2765553030143,874.7644220424877
57,FADS103,u,15,ADS,11.47,229.99999999999864,349.8935757496472,798.181791712976
58,FADS103,i,15,ADS,12.21,89.99999999999986,307.92550800048946,2067.7074249529
59,FADS103,u,15,ADS,20.64174884243939,148.25115756060825,334.8083954571882,710.1229914110605
60,FADS103,u,15,ADS,34.26258439770412,117.41560229588544,282.64900589380056,579.762986256573
61,FADS103,u,15,ADS,35.51,149.99999999999858,375.6295622883851,705.4287462798547
62,FADS103,a,15,ADS,40.33,124.50969690075198,682.2873496094087,1270.4993640318519
63,FADS103,a,15,ADS,43.94,154.91323270817503,578.6623171212987,1081.6211417460513
64,FADS103,i,15,ADS,51.46630488200886,133.6951179911381,334.4721935513892,2385.4681296429953
65,FADS103,i,15,ADS,54.17874031759795,94.60710522660065,332.3719287914648,2146.634473570787
66,FADS103,a,15,ADS,59.1,115.08677877867513,645.2268961458105,1161.1400748777894
67,FADS103,a,15,ADS,60.84,149.99999999999858,683.6263948133837,1114.835447259537
68,FADS103,a,15,ADS,62.71,136.95316376525568,728.3492131609695,1128.9153946044585
69,FADS103,i,15,ADS,65.96557148081627,103.61730572438432,285.50759511862185,2382.422844050616
70,FADS103,i,15,ADS,71.32954889249918,180.45110750082927,421.7245512738289,2396.255365958873
71,FADS103,i,15,ADS,71.98155658395238,108.44341604762064,317.08764855614396,2300.0088810899556
72,FADS103,a,15,ADS,72.37,153.5782398182306,611.8598822894998,1145.6424937534787
73,FADS103,i,15,ADS,80.07,190.00365245574358,314.92294625461085,2442.838062270238
74,FADS103,i,15,ADS,82.49,132.64456582926698,317.3169026870153,2274.7882963916772
75,FADS103,a,15,ADS,84.72858683909982,121.4131609001754,628.5324345285165,1042.3642042650201
76,FADS103,a,15,ADS,86.31,112.5902399618326,626.7494853420244,982.1584738797505
77,FADS103,u,15,ADS,88.91,188.40070373724416,448.5085431030062,787.1030328504618
78,FADS103,i,15,ADS,89.42141543384479,52.5595029036765,385.1329228501188,1789.1860870183718
79,FADS103,u,15,ADS,93.7919055423882,123.13940680287772,368.99896785715987,806.4452292188316
81,FADS103,a,15,ADS,116.12,140.00000000000057,643.0271910282835,1072.0358944962682
82,FADS103,u,15,ADS,118.69,123.51469637330581,360.83538927506027,808.8252536755652
83,FADS103,a,15,ADS,121.75,133.47539488439963,611.5980399231826,1026.5790220648719
84,FADS104,i,12,ADS,6.21,99.99999999999964,313.07289910324425,2278.0650715272586
85,FADS104,u,12,ADS,7.57,149.99999999999946,275.45195684141765,543.5064746424889
86,FADS104,u,12,ADS,8.155965025574416,104.03497442558418,327.94090872643926,716.6282438013775
87,FADS104,u,12,ADS,8.475603054565909,204.39694543409104,352.93117455865377,654.5218534767972
88,FADS104,i,12,ADS,9.05,89.99999999999986,314.69515310131885,2119.288586087617
89,FADS104,u,12,ADS,15.21,129.999999999999,391.5323027650033,2319.850284026841
90,FADS104,u,12,ADS,17.63234526077458,140.13686985341778,302.0581718932318,854.6690974335673
91,FADS104,u,12,ADS,24.39404988987277,105.49629528291149,343.2089772107115,721.7429364264187
92,FADS104,u,12,ADS,25.35,189.99999999999773,308.0853642223841,696.76651411182
93,FADS104,a,12,ADS,28.26,76.87260493707981,669.1028609875408,1140.6603180506443
94,FADS104,a,12,ADS,30.6,99.99999999999787,702.9390467214395,1123.5237906722919
95,FADS104,i,12,ADS,36.35699393394984,93.00606605016526,331.56679573642543,2048.637796770657
96,FADS104,i,12,ADS,38.14908817625118,110.9118237488147,322.14730991291657,2122.124439281771
97,FADS104,a,12,ADS,41.37841353213264,157.4571571386727,653.4339969465635,1124.560270351685
98,FADS104,a,12,ADS,42.58,140.00000000000057,751.9267960461373,1189.2217857821795
99,FADS104,a,12,ADS,43.96,140.00000000000057,718.5009217230731,1165.8896461171005
100,FADS104,i,12,ADS,46.17478697263908,95.21302736091997,343.1508920571527,2163.058772137724
101,FADS104,i,12,ADS,50.19,39.99999999999915,301.2527346402626,1233.7328953468798
102,FADS104,i,12,ADS,50.57254329480222,74.00486385516558,326.05783885909955,2211.4475098900684
103,FADS104,a,12,ADS,50.91273425781593,116.51829628261368,744.4216792261693,1280.8971423216612
104,FADS104,i,12,ADS,56.11,130.00000000000256,338.24764466515813,2274.5531041926884
105,FADS104,i,12,ADS,57.52,142.89714763013706,288.9671311835895,2183.302720516463
106,FADS104,a,12,ADS,59.3,95.10824006242302,581.7832563470934,1006.4581093743438
107,FADS104,a,12,ADS,59.96,83.59657340979254,562.4439341170508,999.4584241766659
108,FADS104,u,12,ADS,64.73310022768815,105.49629528290438,296.47793843910176,748.8106020348649
109,FADS104,u,12,ADS,72.5,163.67205775803484,363.2806493857413,886.1226689023985
110,FADS104,a,12,ADS,79.42494045216615,113.36915313984264,605.6037555171623,1085.1688547646302
111,FADS104,u,12,ADS,81.21,100.33657843162302,330.64713825191905,695.7852667994082
112,FADS104,a,12,ADS,83.0705713014907,129.11486885370493,565.7064517450838,1095.944402463134
113,FADS104,i,15,ADS,5.855706019094407,114.29398090559317,312.79139553101015,2447.1425141310883
114,FADS104,u,15,ADS,7.35,169.99999999999994,344.99990380796277,734.3648897968208
115,FADS104,u,15,ADS,7.99,160.00000000000014,282.52256507275854,694.2266677098283
116,FADS104,u,15,ADS,8.37,150.00000000000034,407.94306178336336,1088.961231088145
117,FADS104,i,15,ADS,8.82,99.99999999999964,285.913609774247,2088.6342004622
118,FADS104,u,15,ADS,14.47457478754316,101.35549881110961,440.73445821557004,1820.5157857082695
119,FADS104,u,15,ADS,16.59580275012064,135.14066508146882,266.21068222785436,663.0596568657712
120,FADS104,u,15,ADS,23.03,121.45790445361726,339.96582048268317,658.294008258913
121,FADS104,u,15,ADS,25.07,129.999999999999,306.19524055387154,686.6081227182134
122,FADS104,a,15,ADS,27.65,101.10941184057154,671.0623433988092,1180.9357910397366
123,FADS104,a,15,ADS,29.34,118.63244056052125,695.181286113514,1162.3016289873651
124,FADS104,i,15,ADS,35.37605570738459,113.94429261541461,293.6700834801871,2215.6179311118904
125,FADS104,i,15,ADS,37.42014973129601,109.85026870399395,353.5977712613522,2110.8465664389882
126,FADS104,a,15,ADS,41.0850104287973,119.45469502738604,688.059194745742,1210.2488516398762
127,FADS104,a,15,ADS,42.26,130.00000000000256,749.9587562505054,1182.0037072087598
128,FADS104,a,15,ADS,43.7,129.99999999999545,706.9020453006483,1145.1379576029635
129,FADS104,i,15,ADS,46.1813324109279,117.04146886519595,314.62566921339015,2130.879007875055
130,FADS104,i,15,ADS,50.15,50.00000000000426,323.9991598944205,1914.1863647841674
131,FADS104,i,15,ADS,50.52404938647451,85.95061352549038,286.5666071535219,2114.297939690107
132,FADS104,a,15,ADS,50.88,131.81945498751446,770.2213690188938,1249.4006391338146
133,FADS104,i,15,ADS,55.74113721932927,128.86278067072965,292.2744456891036,2167.49895674038
134,FADS104,i,15,ADS,57.22,140.00000000000057,267.8998363106205,2157.5501342211296
135,FADS104,a,15,ADS,58.93,79.9999999999983,633.6177697486887,1032.491839137782
136,FADS104,a,15,ADS,59.45,122.21976031149495,587.5218146644918,955.4026676394313
137,FADS104,i,15,ADS,61.23296801853152,53.09097556772002,431.98758985202215,1532.5123554828344
138,FADS104,u,15,ADS,64.16490710682793,126.69437351387103,344.89942337287425,807.0125707037635
139,FADS104,u,15,ADS,71.91,150.00000000000568,402.2369374275336,711.5780054450895
140,FADS104,a,15,ADS,78.87,140.47977313610716,699.7491691918332,1083.2297779765536
141,FADS104,u,15,ADS,80.42,129.99999999999545,378.1114735607635,616.2787882110953
142,FADS104,a,15,ADS,82.1,130.00000000000966,641.2802832508968,1130.6143306849015
143,FADS104,i,9,ADS,6.42,89.99999999999986,363.53076893408877,2288.200326594482
144,FADS104,u,9,ADS,7.78,128.54845508346278,399.3907215813287,1800.429889624224
145,FADS104,u,9,ADS,8.62,160.00000000000014,279.82827904058655,608.736600303669
147,FADS104,i,9,ADS,9.65,109.99999999999943,369.0148775604544,2228.050480774277
148,FADS104,u,9,ADS,15.86,157.95046781759225,301.3447974178699,578.3615075587467
149,FADS104,u,9,ADS,18.28,131.39014946703753,298.52948087912716,733.330985029535
150,FADS104,u,9,ADS,25.38,140.00000000000057,314.9627345277931,664.6024921766896
151,FADS104,u,9,ADS,26.33,170.0000000000017,300.4380319961965,668.95862653787
152,FADS104,a,9,ADS,29.65,80.00000000000185,589.4254776104399,1149.6374454557026
153,FADS104,a,9,ADS,32.11,119.99999999999744,694.9015114697828,1180.9765156195292
154,FADS104,i,9,ADS,38.34,109.99999999999943,301.546276858486,2191.8299219075952
155,FADS104,i,9,ADS,39.98,110.00000000000654,285.87918208210885,2197.5132055657223
156,FADS104,a,9,ADS,43.69,171.28535305010217,627.8209118141459,1198.2854213027763
157,FADS104,a,9,ADS,44.87,140.00000000000057,657.4391473898822,1100.226944768883
158,FADS104,a,9,ADS,46.19,109.99999999999943,617.3702516621688,1128.3045108235995
159,FADS104,i,9,ADS,48.30749486774293,102.5051322570647,307.61051294307686,2246.8542588750024
160,FADS104,i,9,ADS,52.19,60.000000000002274,341.43189214222565,1833.8620803278388
161,FADS104,i,9,ADS,52.58,79.9999999999983,317.1745234205162,2186.54208982226
162,FADS104,a,9,ADS,52.93,151.61526364011735,670.8954894192647,1201.4900663051326
163,FADS104,i,9,ADS,57.41,150.00000000000568,292.16681401621054,2156.5732563340675
164,FADS104,i,9,ADS,59.09,139.99999999999346,351.2904876813724,2287.0108219801164
165,FADS104,a,9,ADS,60.69,157.81102577685147,546.135041446629,1072.2900907768567
166,FADS104,a,9,ADS,61.46,89.9999999999963,575.622986132915,1100.1087074720135
167,FADS104,i,9,ADS,63.43,42.877729194273684,409.8946706304631,1567.0219678749409
168,FADS104,u,9,ADS,66.58,120.00000000000455,335.2213306312195,700.004752688779
169,FADS104,u,9,ADS,73.78,140.00000000000057,330.2997752196262,602.2595294740472
170,FADS104,a,9,ADS,80.44,100.00000000000853,613.5150301440781,1110.9751240386129
171,FADS104,u,9,ADS,81.95,99.99999999999432,326.375781409865,649.1584714320832
172,FADS104,a,9,ADS,83.84,119.99999999999034,610.4986189187322,1180.0549972549159
173,FADS105,i,12,ADS,7.219796047930521,89.02865627055422,374.68545666084685,2250.1436646767293
174,FADS105,u,12,ADS,8.54,133.19261220626368,325.7765365949428,889.8037124328337
175,FADS105,u,12,ADS,9.513770633013198,76.2293669868015,318.9931657411273,748.4336369572422
176,FADS105,u,12,ADS,9.79736546759823,182.63453240177085,277.3454015363233,840.5883625318481
177,FADS105,i,12,ADS,10.39494162422153,92.95639110601961,349.6325118103206,2124.0546130728135
178,FADS105,u,12,ADS,18.30923915593627,167.58335297986804,322.42959356517895,882.476169661958
179,FADS105,u,12,ADS,22.4,110.00000000000298,298.900898290987,1040.0906732553487
180,FADS105,u,12,ADS,30.67,169.99999999999815,361.8613790600215,706.2420282721174
181,FADS105,u,12,ADS,32.03675080480159,119.1412900091251,343.6137370002116,603.3504422809616
182,FADS105,a,12,ADS,35.96,79.9999999999983,646.6718263059843,1091.2883296443338
183,FADS105,a,12,ADS,38.72,130.00000000000256,457.0081403032399,1039.8321669006723
184,FADS105,i,12,ADS,45.69987198655536,110.12801344464407,350.4723394229349,2450.702953413911
185,FADS105,i,12,ADS,48.0005147173141,99.48528268590451,339.0450897491019,2064.3262484366796
186,FADS105,a,12,ADS,52.6669821952731,112.59506528335095,558.0700287648932,1095.6949066202428
187,FADS105,a,12,ADS,54.22,130.00000000000256,722.1891070351858,1218.2175831523718
188,FADS105,a,12,ADS,56.32425290821481,95.74709178519214,603.6392576778356,1151.8132355622624
189,FADS105,i,12,ADS,59.02353934176472,76.46065823528403,415.7588492654239,2383.7099250083265
190,FADS105,i,12,ADS,63.86,100.00000000000142,268.18263592061874,2161.3333091636423
191,FADS105,i,12,ADS,64.22934295929609,44.51432813527845,280.6287063244747,1691.057319966221
192,FADS105,a,12,ADS,64.48,109.99999999999943,534.5057418806839,1139.8142945840902
193,FADS105,i,12,ADS,71.24,120.06602014082546,327.1756307367807,2367.161239374273
194,FADS105,i,12,ADS,73.35,107.30085480250295,303.0863312097829,2327.890543618687
195,FADS105,a,12,ADS,74.92,90.00000000000341,582.2005165125811,1086.8403561069942
196,FADS105,a,12,ADS,75.74,130.00000000000966,471.22965997516343,926.7843160454747
197,FADS105,i,12,ADS,78.71114438353798,56.29753264167903,458.78779208163115,1713.2270874652347
198,FADS105,u,12,ADS,82.32149002927603,108.50997072397206,356.5169368711566,940.3042223253351
199,FADS105,u,12,ADS,92.07,102.77124022836404,431.87765742821983,785.0855126388714
200,FADS105,a,12,ADS,100.36,150.00000000000568,553.4608653478465,975.660932300982
201,FADS105,u,12,ADS,102.16,128.17940699950725,340.31210854481554,754.520535943659
202,FADS105,a,12,ADS,104.5003226578257,125.53992783509216,615.2428440701104,1062.6514682183697
203,FADS105,i,18,ADS,7.005811985872682,154.09569474249452,273.8061687172418,2156.250073866602
204,FADS105,u,18,ADS,8.615306017525048,86.16103361945804,334.1141564789377,1107.7444667776247
205,FADS105,u,18,ADS,9.820902293454967,147.46792292561219,296.83083636779145,732.2106621947044
206,FADS105,u,18,ADS,10.1758913403076,130.89849338340898,331.3446934007167,722.2215371674786
207,FADS105,i,18,ADS,10.84794086418101,121.78530713519997,308.386404801551,1752.9873863064115
208,FADS105,u,18,ADS,17.67,134.7883695457881,341.6590339802531,691.3901552447737
209,FADS105,u,18,ADS,21.31,120.000000000001,312.01801335695274,748.7078492870385
210,FADS105,u,18,ADS,29.24401520512256,153.75528547332706,300.5416509061432,701.1014101564015
212,FADS105,a,18,ADS,34.40614186463483,93.85813536516707,624.4741988818001,1025.09809244813
213,FADS105,a,18,ADS,37.32217839533841,167.82160466159013,611.334916478672,1078.5038915839662
214,FADS105,i,18,ADS,45.09431616987861,144.4069363514089,282.2588666889001,1840.2937098360283
215,FADS105,i,18,ADS,47.4929361833254,122.82888839084904,349.63603019288047,1906.55617375362
216,FADS105,a,18,ADS,52.4764375,113.56250000000045,614.222506386418,1102.7187557331172
217,FADS105,a,18,ADS,53.84,159.9999999999966,584.4372867289974,1093.7173554646456
218,FADS105,a,18,ADS,55.28,119.99999999999744,727.6010505640837,1119.1536950545808
219,FADS105,i,18,ADS,58.80454728821059,95.45271178940595,336.17885162790503,1891.588518903212
220,FADS105,i,18,ADS,63.0,60.000000000002274,274.53785442014964,2140.3547914476467
221,FADS105,i,18,ADS,63.48017158785179,76.35309278350633,341.7859252596544,1676.474273636987
222,FADS105,a,18,ADS,63.78994004930403,114.52963917525949,515.014327554768,1159.3462533276033
223,FADS105,i,18,ADS,69.61576885365153,116.18948901838166,307.48547226268573,2203.228322536888
224,FADS105,i,18,ADS,71.83968175705799,117.84933886148963,273.68453523817243,2135.4641071915717
225,FADS105,a,18,ADS,73.45198957866258,169.30468399822018,630.2069517766076,1133.7451735613583
226,FADS105,a,18,ADS,74.07506065105163,114.93934894836855,538.2520760912026,1041.6231595087324
227,FADS105,u,18,ADS,80.13367744284872,126.1485880771005,357.8832325283271,772.2918628516771
228,FADS105,u,18,ADS,90.06,99.99999999999432,358.3931951756166,721.8825055585769
229,FADS105,a,18,ADS,98.34156810286574,162.6652846257457,627.0315008390685,1099.3259608789422
230,FADS105,u,18,ADS,99.85,86.68772411178338,299.0398406669412,722.8515209404108
231,FADS105,a,18,ADS,102.29,131.21091998799272,546.4843306275278,979.7402728469352
232,FADS105,i,9,ADS,7.19,139.9999999999997,321.09813469585345,2138.8839355651457
233,FADS105,u,9,ADS,8.85,210.00000000000085,362.3349280683075,1056.84901694081
234,FADS105,u,9,ADS,10.01,140.00000000000057,278.82711699502863,634.7584030745658
235,FADS105,u,9,ADS,10.37,169.99999999999994,257.12666355121485,630.1222612316319
236,FADS105,i,9,ADS,10.91,99.99999999999964,327.3039958179818,1483.6554032853755
237,FADS105,u,9,ADS,18.64,167.76561526701883,348.415665657492,947.649767874968
238,FADS105,u,9,ADS,23.32,142.32229352809966,267.5887877105239,1314.8735011714252
239,FADS105,u,9,ADS,32.01,179.99999999999972,419.7323860298359,731.4789454509485
240,FADS105,u,9,ADS,33.35,140.00000000000057,354.6584148817415,719.6606134568938
241,FADS105,a,9,ADS,37.42,89.9999999999963,618.7760541400132,1008.2559730254927
242,FADS105,a,9,ADS,40.03,140.00000000000057,618.877388480923,1029.284197869374
243,FADS105,i,9,ADS,48.11,130.00000000000256,320.55589696803185,2535.22236837715
244,FADS105,i,9,ADS,50.37,120.00000000000455,355.29997130920026,2002.8657602732892
245,FADS105,a,9,ADS,54.68489344368874,148.5566108923777,642.9303891548589,1066.265794665497
246,FADS105,a,9,ADS,56.83,109.99999999999943,689.0136383316867,1189.87598012106
247,FADS105,a,9,ADS,58.55,109.99999999999943,774.8445426180409,1154.7839199113068
248,FADS105,i,9,ADS,61.75,100.00000000000142,393.144410834929,2245.973737045536
249,FADS105,i,9,ADS,66.58,79.9999999999983,258.0446850690615,1931.1169588349521
250,FADS105,i,9,ADS,67.02,70.00000000000739,441.1809392053477,2279.645360201963
251,FADS105,a,9,ADS,67.32,110.00000000001364,597.2780269095443,1131.3643949614402
252,FADS105,i,9,ADS,74.79,176.2374972562526,208.09858364892423,2248.577174469897
253,FADS105,i,9,ADS,76.76,136.02295782705198,369.5552800681671,2218.3807628921195
254,FADS105,a,9,ADS,78.62,140.00000000000057,630.1617467532637,957.8179184706906
255,FADS105,a,9,ADS,79.6,120.00000000000455,582.617533955741,1057.1267531758544
256,FADS105,i,9,ADS,82.24,50.00000000001137,381.2006645016834,1622.8549528887033
257,FADS105,u,9,ADS,85.42,120.00000000000455,268.8795089369391,827.7968083642756
258,FADS105,u,9,ADS,96.02,140.00000000000057,281.7860844388047,597.3119433482793
259,FADS105,a,9,ADS,105.51,129.99999999999545,596.0322849443525,1033.7653436567336
260,FADS105,u,9,ADS,107.49,114.32000106221096,335.7705487345426,704.7962922533917
261,FADS105,a,9,ADS,110.1,130.00000000000966,583.0171340352445,1036.8166922525156
262,FADS106,i,12,ADS,6.621891841730365,98.1081582696346,326.91116034882356,2165.0808060132176
263,FADS106,u,12,ADS,7.88,200.00000000000017,301.85123096076734,716.9659691548734
264,FADS106,u,12,ADS,8.64,99.99999999999964,318.924748133004,895.8152239498404
265,FADS106,u,12,ADS,8.91,109.99999999999943,300.5588599883819,719.271643436177
266,FADS106,i,12,ADS,9.420684954379178,105.33826958748627,340.5575555937037,2160.002506784176
267,FADS106,u,12,ADS,15.22,149.99999999999858,292.4922874482299,719.5467145360158
268,FADS106,u,12,ADS,18.53167414330166,105.33826958748804,234.9275788580457,837.293973132778
269,FADS106,u,12,ADS,26.50517774798972,134.82225201028086,311.0491526849047,909.4161458950603
270,FADS106,u,12,ADS,27.46,198.14253925101966,336.5684199843824,987.6457541314494
271,FADS106,a,12,ADS,30.55,109.74794057063875,542.6512416479925,1089.121440097851
272,FADS106,a,12,ADS,32.51,149.99999999999858,569.2406314565333,1065.8856729990289
273,FADS106,i,12,ADS,39.46754276343245,117.83603038600177,258.85458024876044,2177.1886642916033
274,FADS106,i,12,ADS,41.35299263753043,127.00736246956978,253.42158013854296,1266.1069167453861
275,FADS106,a,12,ADS,45.05192592171293,169.61246797983875,605.0130426437968,1064.0323126774879
276,FADS106,a,12,ADS,46.33362846132842,146.37153867157338,574.381047847572,1004.1963294806701
277,FADS106,a,12,ADS,47.4,120.00000000000455,527.6090162412313,1008.8517746187292
278,FADS106,i,12,ADS,49.80342455308055,86.57544691944707,309.58796996635806,2307.670983694815
279,FADS106,i,12,ADS,53.84,50.85114351191322,300.1922837175861,1995.2299564476664
280,FADS106,i,12,ADS,54.13009399308349,69.90600691651139,275.95623870537503,1861.5594341465928
281,FADS106,a,12,ADS,54.41,100.00000000000142,573.1461184780604,1154.0599093186688
282,FADS106,i,12,ADS,59.84,106.84508400422743,316.76158657913317,2292.159863941166
283,FADS106,i,12,ADS,61.12,109.99999999999943,351.9882817668921,1791.0193252180304
284,FADS106,a,12,ADS,62.41,113.29861205579306,526.0276283657336,962.823423199921
285,FADS106,a,12,ADS,63.25,110.60993100714711,478.8449247423504,1022.0625750498548
286,FADS106,i,12,ADS,65.13,40.00000000000625,467.0831227817022,1534.4602799477188
287,FADS106,u,12,ADS,67.72,132.21967414638414,346.3264717207849,753.8674490213874
288,FADS106,u,12,ADS,76.16,102.49954297599118,260.494418274812,700.640566685789
289,FADS106,a,12,ADS,82.83,149.42945997968593,517.9620014064125,1046.066434321222
290,FADS106,u,12,ADS,84.35136976529463,128.54839678472274,400.8410612862607,721.965702319108
291,FADS106,a,12,ADS,86.15119801730114,124.97760798514435,522.8662876057336,1044.1754820324386
292,FADS106,i,9,ADS,5.49,139.9999999999997,257.92639038972675,2333.1466436781575
293,FADS106,u,9,ADS,6.86,199.9999999999993,258.2379094220624,664.4373943282625
294,FADS106,u,9,ADS,7.6,150.00000000000034,331.5383712573903,697.309166301173
295,FADS106,u,9,ADS,7.92,250.0,311.85287258319687,668.2420513418244
296,FADS106,i,9,ADS,8.54,110.00000000000121,313.32316830449264,1993.2213159031749
297,FADS106,u,9,ADS,14.55,119.99999999999922,355.3478411994496,860.3271140387413
298,FADS106,u,9,ADS,18.21,109.99999999999943,347.79802096604345,1121.9475629680358
299,FADS106,u,9,ADS,24.26,116.04827876321977,397.6456503163617,1081.3973361271924
300,FADS106,u,9,ADS,25.1,129.999999999999,371.6025466114143,2493.043418392652
301,FADS106,a,9,ADS,28.76,79.9999999999983,588.6233606320362,1121.6980526060072
302,FADS106,a,9,ADS,31.05,99.99999999999787,589.2828337302121,1102.162138735399
303,FADS106,i,9,ADS,36.67,100.00000000000142,292.1682696646828,2389.5510881666078
304,FADS106,i,9,ADS,38.31,99.99999999999432,274.76503915157235,2094.233704753037
305,FADS106,a,9,ADS,41.61,170.0000000000017,699.1694646945425,1124.5527555818685
306,FADS106,a,9,ADS,42.8,130.00000000000256,640.0897350498298,1084.7396991220055
307,FADS106,a,9,ADS,43.8,130.00000000000256,575.4538209047249,1104.8027785071733
308,FADS106,i,9,ADS,46.2,89.9999999999963,297.7627456813088,2171.9083664621216
309,FADS106,i,9,ADS,49.88,70.00000000000028,260.1015306597668,2050.4211832507935
310,FADS106,i,9,ADS,50.16,60.000000000002274,314.3872778753243,1789.4620563266158
311,FADS106,a,9,ADS,50.42,119.99999999999744,606.7645403944011,1115.5680724116226
312,FADS106,i,9,ADS,55.79,130.00000000000256,284.37266082762056,2331.3823719804213
313,FADS106,i,9,ADS,57.12,130.00000000000256,295.24247148876714,2077.4241745600925
314,FADS106,a,9,ADS,58.39,89.9999999999963,554.4288069175072,1011.3661468352009
315,FADS106,a,9,ADS,59.18,100.00000000000142,533.735740846162,1057.7463548750868
316,FADS106,i,9,ADS,61.08,50.00000000000426,369.8659930288301,1600.6890595816556
317,FADS106,u,9,ADS,63.73,130.00000000000256,305.8022839677605,940.9016579613324
318,FADS106,u,9,ADS,71.42,120.00000000000455,308.23448127021754,690.0199331222036
319,FADS106,a,9,ADS,78.78,170.0000000000017,534.0392181733898,1065.2179982825855
320,FADS106,u,9,ADS,82.29,179.9999999999926,272.31388253269284,865.4420070342655
321,FADS106,a,9,ADS,84.13,120.00000000000455,553.1598556349677,1071.6716486106095
322,FADS107,i,12,ADS,7.15,99.99999999999964,324.4481626551367,2019.3809577760985
323,FADS107,u,12,ADS,8.63,153.13483053158984,330.0687270758907,707.728585702621
324,FADS107,u,12,ADS,9.97,129.999999999999,341.8339045127086,687.7183571949234
325,FADS107,u,12,ADS,10.32,217.84657115196993,439.10915137362144,801.4724845806343
326,FADS107,i,12,ADS,11.12,90.00000000000163,347.48134804228204,1916.7828877675897
327,FADS107,u,12,ADS,19.19933838578693,128.33388680181912,326.1544974535847,533.1855002539118
328,FADS107,u,12,ADS,23.06111136818985,120.60292976557108,310.9944149869565,643.1223890789724
329,FADS107,u,12,ADS,32.11763840391836,122.36159608163888,317.44929507310576,656.1347671703273
332,FADS107,a,12,ADS,40.76,149.99999999999858,594.7646964098942,996.1761667283072
333,FADS107,i,12,ADS,48.91937614597284,95.86386724956242,335.3410386441057,1985.5938652981008
334,FADS107,i,12,ADS,51.72,90.00000000000341,322.98843727469955,2011.1912389945694
335,FADS107,a,12,ADS,57.74107953258992,120.60292976556752,578.7728747147514,1021.8028951836417
336,FADS107,a,12,ADS,59.57,140.00000000000057,538.7524013463216,1127.570262950712
337,FADS107,a,12,ADS,61.35,140.00000000000057,675.9465544468887,1209.0294730809087
338,FADS107,i,12,ADS,64.56494229988547,95.8638672495482,310.6755977029644,2071.9737524815205
339,FADS107,i,12,ADS,70.82,90.00000000000341,350.35437532899925,1599.9656554937087
340,FADS107,a,12,ADS,71.18424617800595,135.75382199404373,609.0984833746287,1082.0506611103408
341,FADS107,i,12,ADS,78.99,180.00000000000682,277.6293961134071,2005.174036394701
342,FADS107,i,12,ADS,81.54684332944366,133.15667055634606,316.6572037564125,2062.2957347971587
343,FADS107,a,12,ADS,83.94172698468385,98.27301531615262,606.9387727713732,1055.2927698708502
344,FADS107,a,12,ADS,85.34,99.99999999999432,555.7782941850551,940.3788825239258
345,FADS107,i,12,ADS,88.24368758963573,46.3124103642798,387.3411146215376,1675.7972163152795
347,FADS107,u,12,ADS,104.41,130.00000000000966,238.9619321183684,599.8749300955014
349,FADS108,i,12,ADS,5.493791300269852,86.20869973014766,332.9941352136096,1991.8703017247935
351,FADS108,u,12,ADS,7.49,109.99999999999943,300.81991322535197,817.9949487781913
352,FADS108,u,12,ADS,7.76,180.0000000000006,318.86210584764217,820.4615513604031
353,FADS108,i,12,ADS,8.34,60.0000000000005,348.52861754551077,1836.768648918849
354,FADS108,u,12,ADS,17.50142603499594,112.91448468464083,387.761459506726,1861.2029227903895
355,FADS108,u,12,ADS,23.71608558001467,103.91441998532969,329.9748758859877,795.91762721658
356,FADS108,u,12,ADS,24.6601247142633,159.87528573669962,333.95404213137914,622.163781336938
357,FADS108,a,12,ADS,27.9,112.5813131856006,752.7930842786436,1795.3649259312451
358,FADS108,a,12,ADS,30.08,130.00000000000256,633.0817112282189,1011.4496181644066
359,FADS108,i,12,ADS,35.88834232641221,119.85721767550217,293.82751759161545,2039.1610361599496
360,FADS108,i,12,ADS,37.64845360953469,91.54639046531088,271.5068603533481,2123.733102330089
361,FADS108,a,12,ADS,41.2,152.37222697161457,631.623727810208,1053.5617924853661
362,FADS108,a,12,ADS,42.4345692447824,155.4307552176013,762.5063142988643,1058.2899180266706
363,FADS108,a,12,ADS,43.57,119.99999999999744,664.8781689245053,953.8152714706724
364,FADS108,i,12,ADS,45.90641412957504,101.76556217731303,329.97853869335984,1963.579262793296
365,FADS108,i,12,ADS,49.53286366412237,65.58225118093475,306.61989266013205,2078.595088052247
366,FADS108,i,12,ADS,49.86,60.000000000002274,283.76486221444827,1844.8180529985705
367,FADS108,a,12,ADS,50.14324176006312,140.2103301109534,643.2281451131088,1082.8347355358942
368,FADS108,i,12,ADS,55.26145327246808,118.54672753192119,289.5416945874879,2103.5715044267695
369,FADS108,i,12,ADS,56.82475629429831,151.51761479732073,316.11130382755607,2180.605215663155
370,FADS108,a,12,ADS,58.68,109.16277204606217,606.7717880743018,986.8210357176929
371,FADS108,a,12,ADS,59.37,100.00000000000142,596.8115699385601,1000.5971622116169
372,FADS108,i,12,ADS,61.22504987904186,44.950120958141326,388.54352911710106,1279.0439794121282
373,FADS108,u,12,ADS,71.98,168.89430503344727,301.62893944913225,660.3398600574388
374,FADS108,a,12,ADS,78.87,199.99999999998863,627.0699754708769,974.9035387055623
375,FADS108,u,12,ADS,80.73,114.56736963639003,229.2063546551983,707.5326355051769
376,FADS108,a,12,ADS,82.62,129.99999999999545,582.4711489031012,1001.5543256585345
377,FADS108,i,18,ADS,4.907375,111.9802682430926,297.2756626045009,2096.851144748145
379,FADS108,u,18,ADS,7.09,120.00000000000011,304.54835663730955,659.9402925626415
380,FADS108,u,18,ADS,7.370531149539675,149.38648588077274,336.0948076386468,1621.836596978134
381,FADS108,i,18,ADS,7.90529232236499,99.59099058718036,318.2921344098033,2099.5524905349994
382,FADS108,u,18,ADS,16.53846564081513,101.53435918487119,336.603274663343,875.6783716661146
383,FADS108,u,18,ADS,23.6,160.00000000000014,315.7789560228282,669.0145861422117
385,FADS108,a,18,ADS,27.52929368919681,99.59099058718124,470.64465369061963,1044.38228024785
386,FADS108,a,18,ADS,29.58858548659709,131.414513402909,683.9269249370259,1018.6829600508521
387,FADS108,i,18,ADS,36.63,111.19167736440971,347.25574418612337,1975.7060852791217
388,FADS108,i,18,ADS,38.15743271277448,102.56728722551856,326.9619009872465,2046.9262221383951
389,FADS108,a,18,ADS,41.41,130.00000000000256,579.7302789976987,1087.4611244268901
390,FADS108,a,18,ADS,42.7300625,149.93750000000006,709.6781213529752,1097.2772375399702
391,FADS108,a,18,ADS,44.19,128.03684208843435,672.1359913877025,1044.164189115952
392,FADS108,i,18,ADS,46.47843095051055,73.03339309726908,376.4990450988603,1919.0880096195685
393,FADS108,i,18,ADS,49.79,50.00000000000426,368.6015400348823,1973.4442042298651
394,FADS108,i,18,ADS,50.14739007758343,45.64587068579584,313.3726369570204,1901.925046526708
395,FADS108,a,18,ADS,50.4539375,102.04884887432542,577.7854344285989,1067.7346111734528
396,FADS108,i,18,ADS,55.80196013691441,138.0398630855879,311.31410224857797,2163.9010277990483
397,FADS108,i,18,ADS,57.19988847622407,139.42738682206368,297.75261003573377,2190.499288535649
398,FADS108,a,18,ADS,58.97473768902096,92.12166629314567,589.7866978087061,1010.3602452953045
399,FADS108,a,18,ADS,60.04,92.4067822725334,603.0457794029826,1032.5381132368534
400,FADS108,u,18,ADS,65.23319082745606,92.12166629313856,320.7465731552331,775.4115743889901
401,FADS108,u,18,ADS,72.60267725450643,149.38648588078252,321.7580959961179,624.6633860124139
402,FADS108,a,18,ADS,80.16613219343492,123.86780656508734,595.7362735285229,1034.9531867849878
403,FADS108,u,18,ADS,81.75226565376656,77.18301770506741,322.99716237382273,702.3240895068009
404,FADS108,a,18,ADS,83.83,122.72424856702457,573.146912904648,1041.6863342447407
405,FADS109,i,18,ADS,5.638257787987443,117.84933886149761,315.17131746414714,2377.577302161926
406,FADS109,u,18,ADS,6.84,179.99999999999972,302.00735589862165,680.5475172634899
407,FADS109,u,18,ADS,8.182877493276546,117.12250672345448,354.1449489386125,805.1507331886266
408,FADS109,u,18,ADS,8.51588385253249,304.1161474675107,424.31561081134447,1041.2022458071644
409,FADS109,i,18,ADS,9.22,86.80426378305484,369.7967940038656,2163.3374468585416
410,FADS109,u,18,ADS,15.38127689376967,138.72310623033002,411.58925329460567,1524.3950562015698
411,FADS109,u,18,ADS,18.30666972489919,83.33027510080981,342.37101023949066,733.1063704122573
412,FADS109,u,18,ADS,26.33,130.00000000000256,346.08909933538473,720.7226251082463
413,FADS109,u,18,ADS,27.3577066057822,202.29339421779713,316.10131892971566,655.3332372001763
414,FADS109,a,18,ADS,31.37366217503371,87.97204168534734,669.353786558901,1138.343307071007
415,FADS109,a,18,ADS,34.78235572613171,77.64427386828743,692.8582022894228,1158.0273478833296
416,FADS109,i,18,ADS,41.34,73.88481902693655,347.6333505235317,2150.0191758769715
417,FADS109,i,18,ADS,43.41012949630159,109.87050369841,273.5156932347055,2427.055755953386
418,FADS109,a,18,ADS,47.84343287763258,93.78151613626073,665.7120262339668,1193.2267946722172
419,FADS109,a,18,ADS,49.71,119.99999999999744,706.4052651848135,1214.2544746270319
420,FADS109,a,18,ADS,51.73,115.415522746666,632.2333121868393,1221.1380961948696
421,FADS109,i,18,ADS,54.31730445988234,67.22391864635568,352.88695981146674,2104.476088243994
422,FADS109,i,18,ADS,59.44125945483948,58.740545160517854,392.8824615857475,2263.509497795724
423,FADS109,i,18,ADS,59.74178955625138,60.58451927385988,405.1048395520931,1926.0355109066709
424,FADS109,a,18,ADS,60.01369320091743,110.38001456746116,692.9859179825135,1263.96958441479
425,FADS109,i,18,ADS,66.204698985879,105.30101412099668,339.4139285051115,2468.3163748881825
426,FADS109,i,18,ADS,67.88303752521107,119.50918870462601,284.8477208984427,2410.293721364954
427,FADS109,a,18,ADS,70.5203500654823,94.61144105782182,613.1829436950279,1126.76605745527
428,FADS109,a,18,ADS,71.66,100.00000000000853,610.9462998529642,1062.2196724636758
429,FADS109,i,18,ADS,74.69,40.00000000000625,414.04255337211004,1574.3699906898937
430,FADS109,u,18,ADS,77.95560786747662,109.55008964590718,351.18072636556957,798.3601841762834
431,FADS109,u,18,ADS,88.25,109.99999999999943,386.8233740010164,959.3472012793526
432,FADS109,a,18,ADS,98.28,109.35710255213849,599.2209794009239,1076.8000657008206
433,FADS109,u,18,ADS,100.21,100.00000000000853,332.1061497597983,684.9920973831981
434,FADS109,a,18,ADS,103.12,129.68307703928872,707.8573077779243,1131.6621171782206
435,FADS109,i,9,ADS,7.64,110.00000000000031,310.6453795616892,2332.306965130246
436,FADS109,u,9,ADS,9.08,269.99999999999955,280.006399750502,650.51346067309
437,FADS109,u,9,ADS,10.39,179.99999999999972,386.2368562393707,725.8325010568982
438,FADS109,u,9,ADS,10.8,250.0,432.24631520898305,824.4327682407245
439,FADS109,i,9,ADS,11.57,80.00000000000007,326.59309633039703,2170.0339799442486
440,FADS109,u,9,ADS,18.16583566428982,164.1643357101792,305.48301485376504,633.3141589122265
441,FADS109,u,9,ADS,21.0,149.99999999999858,353.34846004011786,737.4280332902665
442,FADS109,u,9,ADS,29.21,140.00000000000057,349.38462008830265,764.3315604406538
443,FADS109,u,9,ADS,30.33498942227366,275.01057772633783,474.206658021184,1493.7787503528134
444,FADS109,a,9,ADS,34.08,79.9999999999983,702.9488513316691,1171.2035143638175
445,FADS109,a,9,ADS,36.9,90.00000000000341,676.8118220116647,1115.0462857918258
446,FADS109,i,9,ADS,43.62002156920213,89.9784307978706,281.04091930689407,2170.1430936058073
447,FADS109,i,9,ADS,45.69586748909478,124.13251090521982,329.1028128417496,2413.9365426011377
448,FADS109,a,9,ADS,49.73,130.00000000000256,686.0828667693713,1227.7656235848947
449,FADS109,a,9,ADS,51.16,130.00000000000256,709.2686455565887,1148.007118187559
450,FADS109,a,9,ADS,52.45,99.99999999999432,698.2494810537742,1164.860612427722
451,FADS109,i,9,ADS,54.88764562590273,62.354374097274956,363.27423377928403,2092.0984749529384
452,FADS109,i,9,ADS,59.54,50.00000000000426,364.7708141602137,2079.000105504984
453,FADS109,i,9,ADS,59.81818292721592,71.81707278407856,395.6314920973293,1981.580290065391
454,FADS109,a,9,ADS,60.13,89.9999999999963,646.3679882071978,1180.3643450015502
455,FADS109,i,9,ADS,66.37,152.9238511144939,288.704900554175,2360.1317071491612
456,FADS109,i,9,ADS,68.0,109.99999999999943,360.08986642991636,2328.6690170413412
457,FADS109,a,9,ADS,69.92,109.99999999999943,675.242991685253,1145.0884306634907
458,FADS109,a,9,ADS,71.02,92.14565980681755,647.8078753515593,1047.6168859208926
459,FADS109,i,9,ADS,73.79,39.99999999999204,448.11899283142793,1633.1268110008668
460,FADS109,u,9,ADS,77.42156964346906,108.43035653094546,349.70854884908897,720.399675611049
461,FADS109,u,9,ADS,86.77,160.0000000000108,343.1642797531463,613.4834996947036
462,FADS109,a,9,ADS,95.93,159.9999999999966,695.9117803871442,987.2669815633001
463,FADS109,u,9,ADS,97.5,139.578288980843,344.7838430856287,761.4717716814633
464,FADS109,a,9,ADS,99.91,117.02392022270658,611.6883899195911,1052.2580150513172
466,FADS110,u,15,ADS,6.12,149.99999999999946,298.6920460577617,670.7826641537868
467,FADS110,u,15,ADS,6.843478555102926,96.52144489707482,264.4145410003838,750.213159254834
468,FADS110,u,15,ADS,7.118000499861314,181.99950013868627,343.83629824544124,867.0649141386089
469,FADS110,i,15,ADS,7.78,76.51080903896369,289.4709262506826,1916.1186469974296
470,FADS110,u,15,ADS,13.05585291335952,173.79806574632005,426.723428644478,2116.9783137935187
471,FADS110,u,15,ADS,15.08,67.20936659555932,329.3177953471498,865.6529016219591
473,FADS110,a,15,ADS,25.07,98.08441990088923,664.7541048954829,1038.0746797040174
474,FADS110,a,15,ADS,27.48,96.61406340289957,642.1623453744327,1112.490728595573
475,FADS110,i,15,ADS,31.83370933394426,92.82396693269135,330.0338655157375,1921.141698560924
476,FADS110,i,15,ADS,33.41,80.0000000000054,301.7090752515138,1961.7068048000956
477,FADS110,a,15,ADS,36.12354173632425,118.49868119067253,577.3719316591564,1045.9341229784943
478,FADS110,a,15,ADS,38.12,80.0000000000054,580.9522839819571,982.5293527339438
480,FADS110,i,15,ADS,43.40518909874518,54.810901254818134,355.87514760903974,1883.4783118097503
481,FADS110,i,15,ADS,43.68397478810082,73.07418673425303,321.0885642320716,1633.2180999189545
482,FADS110,i,15,ADS,47.71,112.68904816054004,278.82632321024704,2032.0102037063027
483,FADS110,i,15,ADS,48.97,100.00000000000142,332.14240523842744,2008.8747673288715
484,FADS110,a,15,ADS,50.1,98.87379552085918,568.3053590821297,1072.9963640665933
485,FADS110,a,15,ADS,51.04,92.78925795403836,567.6915013998041,974.2814348137442
486,FADS110,i,15,ADS,52.62099294374359,49.00705625641422,354.57119801488574,1398.9988792613256
487,FADS110,u,15,ADS,55.64563728229771,96.77392297237475,387.6144690866788,1218.499342720415
488,FADS110,u,15,ADS,62.85,70.00000000000028,322.782374548254,745.8163250496885
489,FADS110,a,15,ADS,68.98,121.74218490133626,574.3280910389478,1005.4570311422606
490,FADS110,a,15,ADS,71.78,105.28231075561223,544.5757117802766,996.1821545413687
491,FADS110,i,9,ADS,5.39,90.00000000000074,248.01145697965737,2008.494634597538
492,FADS110,u,9,ADS,6.8,80.00000000000007,301.1272621116345,1012.0786402354782
493,FADS110,u,9,ADS,7.74,59.99999999999961,301.24329104810926,447.76423585280577
494,FADS110,u,9,ADS,7.95,239.99999999999932,321.32874227784527,587.5502424904168
495,FADS110,i,9,ADS,8.7,60.0000000000005,321.09022450607443,1890.7949561637938
496,FADS110,u,9,ADS,15.48324839599218,126.75160400782026,357.7959537614243,708.9408948135774
497,FADS110,u,9,ADS,18.06,89.99999999999986,329.4623692594125,926.3330902550762
498,FADS110,u,9,ADS,24.78,89.99999999999986,320.70099918124555,652.3299385042727
499,FADS110,u,9,ADS,25.7,70.00000000000028,316.46671145174025,1311.9129694124717
501,FADS110,a,9,ADS,31.57,100.00000000000142,571.467664975976,1026.965572900773
502,FADS110,i,9,ADS,38.44370160037701,83.49467970332114,319.932131006895,1918.6598812622765
503,FADS110,i,9,ADS,40.73,100.00000000000142,307.2306694237005,1937.2768546992352
504,FADS110,a,9,ADS,44.1,100.00000000000142,601.7314513593961,1061.902944227239
505,FADS110,a,9,ADS,45.33,109.99999999999943,602.3829363992479,1112.3799046791964
506,FADS110,a,9,ADS,46.72,109.99999999999943,636.4190214557702,1196.907855151511
507,FADS110,i,9,ADS,48.9,90.00000000000341,276.4130460059821,1988.435111564329
508,FADS110,i,9,ADS,52.95,49.99999999999716,290.7266275202008,1976.1723662480147
509,FADS110,i,9,ADS,53.21,60.000000000002274,274.5794761970764,1794.5165471860462
510,FADS110,a,9,ADS,53.48,90.00000000000341,433.63667607388425,1082.9861988542614
511,FADS110,i,9,ADS,59.06,109.99999999999943,304.5581360206378,2055.8857538320126
512,FADS110,i,9,ADS,60.64,109.99999999999943,294.3265331960766,1914.6793170154783
513,FADS110,a,9,ADS,62.7,79.9999999999983,550.118616516181,1025.3096855614547
514,FADS110,a,9,ADS,63.48,80.0000000000054,592.3342845614877,1072.5642381897155
515,FADS110,u,9,ADS,68.67,90.00000000000341,304.69816692730274,853.8091842630247
516,FADS110,a,9,ADS,88.32,102.58671995465818,575.3241142706589,1101.7404523693735
517,FADS111,i,12,ADS,5.217972100442539,92.02789955746039,256.9023546879413,2141.93317435689
518,FADS111,u,12,ADS,6.47,220.00000000000063,312.52220198333157,675.0916093640084
519,FADS111,u,12,ADS,7.132855503837055,117.14449616294509,284.71747880218106,683.7713668536694
520,FADS111,u,12,ADS,7.473752014964835,206.24798503516485,310.003470937908,776.049082303586
521,FADS111,i,12,ADS,8.08,99.99999999999964,310.02825109925686,2167.820978310945
522,FADS111,u,12,ADS,13.88203750831742,136.2262962987799,400.7729809755888,1231.271001604459
523,FADS111,u,12,ADS,16.01979176303306,83.93741489116024,302.14576754805597,682.8546171139144
524,FADS111,u,12,ADS,22.77,230.00000000000043,322.80421547947196,754.6205944656663
525,FADS111,a,12,ADS,25.7031760145453,110.08185559497008,609.7508758601888,1149.4424695087619
526,FADS111,a,12,ADS,27.74,123.1222477084124,583.0865123044449,1189.142249131038
527,FADS111,i,12,ADS,33.68322920231986,60.5450205772442,321.5177418764348,1965.0614945001516
528,FADS111,i,12,ADS,36.02711749872368,79.80934530634443,291.90525829881864,2119.650270824692
529,FADS111,a,12,ADS,39.27917909493279,130.72220351901365,662.0727272919561,1259.0985340558343
530,FADS111,a,12,ADS,40.59,149.99999999999858,632.5870581837544,1113.080716751506
531,FADS111,a,12,ADS,43.57,89.9999999999963,507.3584433726653,1002.3275524611591
532,FADS111,i,12,ADS,45.08911902978129,72.92922933166324,341.16035522030876,1922.2229352530403
533,FADS111,i,12,ADS,49.3634700207513,46.52997924869595,329.58542060104963,1974.463725889912
534,FADS111,i,12,ADS,49.68270740197672,53.6649046025488,308.0268649694963,1855.557060293277
535,FADS111,a,12,ADS,49.91112725233629,96.3216236456006,642.4925709000386,1285.753364289091
536,FADS111,i,12,ADS,54.51,80.0000000000054,332.05742476353174,2179.8867468798835
537,FADS111,a,12,ADS,56.65351895335901,103.20173962028889,566.5835593053725,994.4835388490308
538,FADS111,a,12,ADS,57.3,100.00000000000142,556.7584134166128,1043.3490158293218
539,FADS111,u,12,ADS,61.39891090417182,121.08909582818228,308.3614832735159,728.3221693637431
540,FADS111,u,12,ADS,68.26,106.52737313650107,322.8936360048164,617.8692316631132
541,FADS111,a,12,ADS,74.42,129.99999999999545,613.048520314631,1061.516344837677
542,FADS111,u,12,ADS,75.74836771232951,141.73038907853197,438.78183152772203,1192.7299630925002
543,FADS111,a,12,ADS,77.39,150.00000000000568,581.9724418189619,1052.1626243975832
544,FADS111,i,15,ADS,5.72482465633056,85.17534366944002,349.4647681384998,2132.4642522141476
545,FADS111,u,15,ADS,7.035234042827278,205.61672847690636,307.19763770500606,671.770162457878
546,FADS111,u,15,ADS,7.736522369181047,131.2857984641269,302.1136485055731,638.6884355800051
547,FADS111,u,15,ADS,8.049770930033239,151.55787028579402,307.80446822186843,677.5542506532215
548,FADS111,i,15,ADS,8.59,120.000000000001,343.1479074340624,1559.632589196813
549,FADS111,u,15,ADS,14.27,80.00000000000007,385.1131978617317,710.2128126672874
550,FADS111,u,15,ADS,16.83088894787403,104.25636936857074,293.868317647595,726.4064952596393
551,FADS111,u,15,ADS,22.78,99.99999999999787,350.54551155123534,709.2744026913032
552,FADS111,u,15,ADS,23.56,130.00000000000256,299.85823576756815,615.1349726902441
553,FADS111,a,15,ADS,26.62059840752147,79.40159247852918,621.0377211866529,1109.2835283276809
554,FADS111,a,15,ADS,28.75336595485567,89.77631806737918,627.0326566036721,1139.7709503721992
555,FADS111,i,15,ADS,33.21056196692629,68.53890949228969,359.7974450198167,2039.4914447344413
556,FADS111,i,15,ADS,35.2178997019068,92.1002980932002,365.4354090458902,2076.5280585709097
557,FADS111,a,15,ADS,38.62,133.59553918646583,666.0260510643028,1244.248214742546
558,FADS111,a,15,ADS,41.06,102.41104177691795,742.2025818003867,1102.7474870265362
559,FADS111,i,15,ADS,43.2545385549185,72.40025650595072,397.4971817365281,1984.9771042698237
560,FADS111,i,15,ADS,47.22,39.99999999999915,335.97176148541286,2129.2120042516776
561,FADS111,i,15,ADS,47.52,59.99999999999517,346.42414953881865,2006.4549944555167
562,FADS111,i,15,ADS,52.88,79.9999999999983,330.76258034489354,2321.1703603522737
563,FADS111,i,15,ADS,53.97,79.9999999999983,341.9536432419356,2233.9102579980704
564,FADS111,a,15,ADS,55.45,79.9999999999983,661.9516644801962,1140.9158898583235
565,FADS111,a,15,ADS,56.33,90.00000000000341,633.0338913808329,1095.9510501866946
566,FADS111,i,15,ADS,58.4,40.41615353843042,417.17385594553,1716.1059924709896
567,FADS111,u,15,ADS,60.92305752402493,106.94247597507456,392.9503975509244,728.3306851668318
568,FADS111,u,15,ADS,67.29,89.9999999999892,369.4314137973491,700.7745675371644
569,FADS111,a,15,ADS,73.95,99.99999999999432,681.8389668822704,1097.8981417714958
570,FADS111,u,15,ADS,74.99,91.07530198956226,356.6230055388449,643.8011440691702
571,FADS111,a,15,ADS,76.91859048080887,101.4095191911224,703.0563909557501,1162.4473633546202
572,FADS111,i,9,ADS,5.95,89.99999999999986,285.15750441131075,2042.2094156355454
573,FADS111,u,9,ADS,7.33,180.4041335321358,405.931032191412,1482.170383947657
574,FADS111,u,9,ADS,7.87,110.00000000000031,403.2971469720427,1124.1485178113949
575,FADS111,u,9,ADS,8.19,99.99999999999964,447.32375646273766,1568.872698333702
576,FADS111,i,9,ADS,8.81,99.99999999999964,315.1459375237043,2215.989876861099
577,FADS111,u,9,ADS,14.02,158.5121693390299,397.19878712293007,1566.201660049323
578,FADS111,u,9,ADS,16.71498007780057,105.0199221994319,371.49344954415506,874.9495668586014
579,FADS111,u,9,ADS,23.54,130.00000000000256,366.0495306166653,741.7486509466772
581,FADS111,a,9,ADS,27.75,59.99999999999872,616.8333361454463,1138.6195869238559
582,FADS111,a,9,ADS,30.61,97.41168754981899,574.7041690755449,1186.9399817948927
583,FADS111,i,9,ADS,35.32161493506536,72.7538805633543,365.8914603034459,1963.4636859185098
584,FADS111,i,9,ADS,37.86898082630796,91.0191736920396,322.01549703077836,2160.7723984676927
585,FADS111,a,9,ADS,40.41,100.00000000000142,686.4424127574639,1151.922296886275
586,FADS111,a,9,ADS,41.87,120.00000000000455,811.6520732582538,1099.94781383327
587,FADS111,a,9,ADS,43.18,70.00000000000028,789.479768901153,1114.5550621423859
588,FADS111,i,9,ADS,45.71571209652961,66.42745616655077,365.94884853502674,1962.3620714953004
589,FADS111,i,9,ADS,49.21,39.99999999999915,279.71743451368326,2022.959115754832
590,FADS111,i,9,ADS,49.5432927992422,56.707200757799114,309.20014678783025,2120.8450696748982
591,FADS111,i,9,ADS,54.73,100.00000000000142,270.8026717156296,2293.956047356779
592,FADS111,i,9,ADS,56.14,76.21001642351644,240.35186501280992,2280.585563374973
593,FADS111,a,9,ADS,57.29,70.00000000000028,588.4127406951491,1002.9331844871008
594,FADS111,u,9,ADS,60.42,49.99999999999716,454.9996176925087,1054.4411621596046
595,FADS111,i,9,ADS,60.65,39.99999999999915,438.40848169749347,1695.9890186747596
596,FADS111,u,9,ADS,63.69,120.00000000000455,318.5174241757461,937.9796672042038
597,FADS111,u,9,ADS,73.04,89.9999999999892,365.0470391992443,956.3039248720872
598,FADS111,a,9,ADS,79.44,170.0000000000017,660.4676676296202,1134.429513956743
599,FADS111,u,9,ADS,80.65,69.99999999999318,375.7543344554757,719.7448322296397
600,FADS111,a,9,ADS,82.63,100.00000000000853,636.4747751333103,1106.8569411476767
601,FADS112,i,15,ADS,7.035380135833175,124.61986416682524,302.3582584761116,2172.452027126151
602,FADS112,u,15,ADS,8.41,185.58056686637414,380.88922090581855,739.2943250799464
603,FADS112,u,15,ADS,9.12,110.00000000000121,284.96517310539895,670.7367964576965
604,FADS112,u,15,ADS,9.435349921486845,166.470788184796,374.4073242556973,723.5577679901165
605,FADS112,i,15,ADS,10.16,80.00000000000007,340.3701469986846,1846.512092297574
606,FADS112,u,15,ADS,16.59214087411602,130.90010694872944,387.1404320504771,765.1984087315138
607,FADS112,u,15,ADS,19.50707970535685,132.92029464314936,299.73070187743355,697.3711267055775
608,FADS112,u,15,ADS,26.3,99.99999999999787,317.23616128959134,1097.626737800825
609,FADS112,u,15,ADS,27.15,168.19198198422214,306.30647509399813,636.896458380121
610,FADS112,a,15,ADS,30.6,83.59214439265017,646.2285992417288,1164.5890100742852
611,FADS112,a,15,ADS,32.98,158.0815897084733,645.8769983061774,1167.3073359537104
612,FADS112,i,15,ADS,39.55267509701157,85.36963496655403,297.81409536499143,2314.301710967275
613,FADS112,i,15,ADS,41.25854092370559,111.45907629440899,274.78370331917085,2339.3187443149873
614,FADS112,a,15,ADS,45.30415594071673,140.8598976948241,652.8761206537397,1234.5359484461676
615,FADS112,a,15,ADS,47.19,143.85147337787174,621.7220476061023,1118.3233612544986
616,FADS112,a,15,ADS,49.46,110.1395973227497,671.0607217582244,1304.2494780867312
617,FADS112,i,15,ADS,51.25471954329804,75.28045670196093,336.0824906206537,2209.520739033816
618,FADS112,i,15,ADS,55.66,90.00000000000341,350.1946909240608,1995.9417292626836
619,FADS112,i,15,ADS,55.99332659614558,56.673403854418325,370.88558725909854,1831.9784578889203
620,FADS112,a,15,ADS,56.26793225528802,115.24900720486642,622.4356684236241,1251.0429242692192
621,FADS112,i,15,ADS,63.25142092359982,108.57907640018283,321.25713597367667,2148.743514148646
622,FADS112,i,15,ADS,64.57,112.59629911704394,336.3570085384648,2096.613642777526
623,FADS112,a,15,ADS,66.01,94.8390149773104,585.1086836850268,1142.106743425242
624,FADS112,a,15,ADS,66.88,79.9999999999983,575.5093181996382,1162.0490959246986
625,FADS112,i,15,ADS,68.492681691661,47.31830833900119,388.0675829556091,1323.0244723407518
626,FADS112,u,15,ADS,71.64665550080836,99.59790746098918,349.8812160651724,663.2166004357741
627,FADS112,u,15,ADS,80.66,120.61043391545923,362.8417114987215,813.4616909178685
628,FADS112,a,15,ADS,89.67259994258309,147.97403394204878,664.2678960831337,1189.2593246156478
629,FADS112,u,15,ADS,91.7851020958266,116.6718344542943,351.4405484217094,679.6709593086769
630,FADS112,a,15,ADS,93.57,127.50398578144484,655.74916579661,1160.222545184358
631,FADS116,i,12,ADS,7.07,109.99999999999943,391.62734476745356,2195.8524252267594
632,FADS116,u,12,ADS,8.94,190.00000000000128,325.03637218860956,687.7705725569828
633,FADS116,u,12,ADS,10.24832423318943,151.6757668105697,378.2522053838578,638.7961940183659
634,FADS116,u,12,ADS,10.72480605597092,225.19394402907977,334.0021213351471,668.953950203018
635,FADS116,i,12,ADS,11.67,99.99999999999964,345.0369519726958,2105.558695514084
636,FADS116,u,12,ADS,24.22241904465436,104.81791528860995,385.09627423449217,542.2964019748974
637,FADS116,u,12,ADS,33.84,154.70270113079465,312.61024130290394,645.776360314355
639,FADS116,a,12,ADS,40.32,149.99999999999858,585.8813891402424,984.7661300921254
640,FADS116,a,12,ADS,43.31114597156078,158.85402843922236,646.5503192471037,1028.30354159902
641,FADS116,i,12,ADS,53.78734655003001,126.57257695228452,296.02504276426174,2107.9935443163595
642,FADS116,i,12,ADS,56.25230480528176,107.6951947182394,331.7234928666705,2154.7659369468047
643,FADS116,a,12,ADS,62.32,121.5952416856183,628.5652214557318,1039.7882578946683
644,FADS116,a,12,ADS,64.25,150.00000000000568,582.6891016220347,1050.14162202481
645,FADS116,a,12,ADS,65.64376786380814,126.23213619185947,633.6277615928763,1142.3364444904275
646,FADS116,i,12,ADS,69.19810314504818,91.89685495182687,351.7218717588834,1924.437817825044
647,FADS116,i,12,ADS,75.09,69.99999999999318,354.9466461916817,2095.539097862197
648,FADS116,i,12,ADS,75.34,90.00000000000341,299.5290864618821,2025.2571309342834
649,FADS116,a,12,ADS,75.72420110163004,115.7988983699596,658.2550243168537,1060.0348669356215
650,FADS116,i,12,ADS,84.2624974910256,158.215721190345,278.9946447352394,2308.497920710433
651,FADS116,i,12,ADS,86.6,80.0000000000125,281.04228183935766,2170.64055347348
652,FADS116,a,12,ADS,88.71,80.0000000000125,585.6598769023371,1153.3030687834894
653,FADS116,a,12,ADS,90.03,79.9999999999983,631.047469832582,1169.7439078846
654,FADS116,i,12,ADS,92.71461274192175,71.19707453564672,451.9343372413804,1554.9308063319977
655,FADS116,u,12,ADS,97.10982975912634,114.70639786300296,292.94571691094893,717.7062053496215
656,FADS116,u,12,ADS,107.87,98.49487835089121,331.6802955939042,754.7283054698258
657,FADS116,a,12,ADS,116.7,140.00000000000057,592.6042491187709,1110.1195107201543
658,FADS116,u,12,ADS,119.01,127.28727543529317,350.85988091390436,781.8696610638045
659,FADS116,a,12,ADS,120.97,150.00000000000568,589.3294622007036,1010.26334560742
660,FADS116,i,15,ADS,6.533576631194948,104.57601518378645,403.85591689521095,2065.799478022491
661,FADS116,u,15,ADS,8.38,191.39272113340766,330.895169952812,691.4208389916112
662,FADS116,u,15,ADS,9.64,258.3310354734891,374.78152623845307,766.5936919249127
663,FADS116,u,15,ADS,10.26,236.39209868241016,343.94110747189256,720.8276676008246
664,FADS116,i,15,ADS,11.39,109.99999999999943,393.12571270909046,2182.100826821697
665,FADS116,u,15,ADS,18.28184685817968,131.50882452582024,414.52041527986944,764.0132960521389
666,FADS116,u,15,ADS,22.0421420814455,117.85791855449901,316.6171274982792,608.1777385108533
667,FADS116,u,15,ADS,30.16,149.99999999999858,333.665449603422,670.0553351837643
668,FADS116,u,15,ADS,31.27,160.00000000000014,257.99934619354843,742.5001456681092
669,FADS116,a,15,ADS,35.65,133.90479414527334,574.2644913434457,973.4036471559348
670,FADS116,a,15,ADS,38.65,170.0000000000017,685.4768669598843,1047.0092637895173
671,FADS116,i,15,ADS,46.94287937982638,107.12062017361745,338.21297918740964,2223.506136212688
672,FADS116,i,15,ADS,50.23,110.00000000000654,300.64695420073446,2051.834481919524
673,FADS116,a,15,ADS,54.28958213247641,130.4178675235903,615.3092225228694,1041.6350228627716
674,FADS116,a,15,ADS,56.23,179.99999999999972,686.1302858611548,1068.0810357778757
675,FADS116,a,15,ADS,57.40179129162184,138.20870837815846,728.9432609285,1128.9218131396203
676,FADS116,i,15,ADS,60.0495188808797,90.4811191202981,327.5970575632935,2036.1492615598734
677,FADS116,i,15,ADS,64.79,69.99999999999318,351.27117794840876,2026.5108503330996
678,FADS116,i,15,ADS,65.09161024373078,78.38975626921751,367.7056321841691,1882.3292927020875
679,FADS116,a,15,ADS,65.45227140200221,137.7285979977927,628.3234692110568,978.0379023355163
680,FADS116,i,15,ADS,71.94808087446475,158.44850785423148,322.07925266687965,2297.8761894539452
681,FADS116,i,15,ADS,73.69,129.99999999999545,365.8533770729906,2185.4707174091172
682,FADS116,a,15,ADS,75.26872156439997,96.12542809821889,643.1464114128695,1118.0204747017601
683,FADS116,a,15,ADS,76.28,89.54370723736815,644.6296532848046,1154.2577927481868
684,FADS116,i,15,ADS,79.1772168964829,42.783103517095356,454.0879374295204,1256.2508799869872
685,FADS116,u,15,ADS,83.34821202690414,113.02660226934336,284.716629555328,675.5439327117404
686,FADS116,u,15,ADS,92.95578301577817,127.81512966907371,328.512430840542,711.1901569300743
687,FADS116,a,15,ADS,101.02,150.00000000000568,606.6446901541768,1135.1553737972688
688,FADS116,u,15,ADS,103.3114061146435,133.09674659760162,377.1199482480015,718.9182470565954
689,FADS116,a,15,ADS,105.98,161.62578177079467,588.6539657771049,1004.6698599079317
690,FADS117,i,9,ADS,6.29,110.00000000000031,332.9542607514056,2082.184564629117
691,FADS117,u,9,ADS,8.01,169.99999999999994,369.6927239094847,1230.6929596973582
692,FADS117,u,9,ADS,9.49,109.99999999999943,285.5387201834092,747.4193801538092
693,FADS117,u,9,ADS,9.774553815274558,185.44618472544272,280.9080504929122,1039.8536181307625
694,FADS117,i,9,ADS,10.39,109.99999999999943,419.0636072238105,2069.22435488329
695,FADS117,u,9,ADS,18.16,79.1102497269911,364.4050169289371,1203.5531568646454
696,FADS117,u,9,ADS,21.99,92.04333279436128,317.1835619086114,824.6297958743908
697,FADS117,u,9,ADS,29.92,139.99999999999702,356.9433241345988,909.8937616811427
698,FADS117,u,9,ADS,31.02,170.0000000000017,427.89986060103456,1947.0328508514938
699,FADS117,a,9,ADS,35.28,111.2483482656259,524.7859630085392,1007.9126099935837
700,FADS117,a,9,ADS,38.4,109.99999999999943,630.7514184634078,1026.1536465501167
701,FADS117,i,9,ADS,46.8,90.00000000000341,277.6921728749599,2248.5222665220745
702,FADS117,i,9,ADS,48.81,84.23731723098626,360.9267822450711,2100.22716196362
703,FADS117,a,9,ADS,52.85943105121748,120.56894878251967,461.6969888176342,904.1858467295241
704,FADS117,a,9,ADS,54.08165064370516,128.3493562948408,645.3121943232989,1086.0401325843873
705,FADS117,a,9,ADS,55.72201962287318,147.98037712682088,620.5807844549917,1082.7100367083876
706,FADS117,i,9,ADS,58.0215553395237,88.44466047629851,283.70633120134465,2195.1983963314974
707,FADS117,i,9,ADS,64.36,40.00000000000625,376.5089164471896,2149.221061457459
708,FADS117,i,9,ADS,64.66,54.46943057133069,246.7816012501443,2092.8563054795604
709,FADS117,a,9,ADS,64.96,100.00000000000853,606.9256029918732,1076.4644481497226
710,FADS117,i,9,ADS,71.89,146.03254688350376,349.6641913790674,2298.820280722474
711,FADS117,i,9,ADS,73.87,99.99999999999432,333.979449911559,2087.2603550955896
712,FADS117,a,9,ADS,75.49,100.00000000000853,553.1291876980587,1047.3680559902377
713,FADS117,a,9,ADS,76.38,79.9999999999983,611.9820635709757,1552.2059966340562
714,FADS117,i,9,ADS,79.56758662374463,42.41337625536801,351.25580591153096,1683.5329568789082
715,FADS117,u,9,ADS,82.63514766089517,134.85233910482464,383.74902129458843,1813.1144958810185
716,FADS117,u,9,ADS,92.77,84.05276687592789,296.61411711827554,618.3289556266062
717,FADS117,a,9,ADS,101.2279550889611,155.11125307810403,545.9401860919024,991.0865830400842
718,FADS117,u,9,ADS,102.82,112.53568590259988,366.05711177734844,1029.6508251259747
719,FADS117,a,9,ADS,104.72,120.00000000000455,573.9792292459481,1076.661110278364
720,FADS118,i,12,ADS,8.66,89.99999999999986,319.27943505990964,2051.578217160286
721,FADS118,u,12,ADS,9.973854898261717,176.14510173828359,304.94589859868125,766.6236921196902
722,FADS118,u,12,ADS,11.47766078794173,152.33921205827096,251.6406556967775,593.0182550436873
723,FADS118,u,12,ADS,11.8516071466795,168.39285332049946,318.52642610204043,604.4711753738009
724,FADS118,i,12,ADS,12.72,89.99999999999986,336.16476362259635,2030.7520365303435
725,FADS118,u,12,ADS,21.37,135.53221596031761,322.5737784693299,795.6659697170983
726,FADS118,u,12,ADS,26.21110429728527,110.69255791129962,338.0479098001274,563.752416781448
727,FADS118,u,12,ADS,35.89890294666233,131.09705333766897,326.2705660230015,680.062224420849
729,FADS118,a,12,ADS,44.74,157.2137550754391,530.9906997841363,976.6649870089504
730,FADS118,i,12,ADS,53.05040420714285,122.69536539564996,262.4595933671536,1977.4972908810466
731,FADS118,i,12,ADS,55.36906059373437,100.93940626563125,300.07443704205576,1921.9392675954914
732,FADS118,a,12,ADS,59.85,119.74291330720632,601.7131388751353,1258.4066459278247
733,FADS118,a,12,ADS,61.41,150.00000000000568,541.505161708298,1087.8037080560334
734,FADS118,a,12,ADS,63.12002262063324,99.97737936675577,508.1150406657989,1101.9670606015084
735,FADS118,i,12,ADS,66.02696362331162,85.35329766654343,329.69599418781814,1901.5497558088914
736,FADS118,i,12,ADS,71.52,49.99999999999716,265.4965741055489,1920.1127118352813
737,FADS118,i,12,ADS,71.78728176838432,52.71823161568534,335.5059565257786,1749.230700066355
738,FADS118,a,12,ADS,72.13,159.78375506853126,701.2701869660722,1278.3502080075984
739,FADS118,i,12,ADS,79.27,233.29350247190916,280.6550733836052,2042.4183591118833
740,FADS118,i,12,ADS,81.57370593504771,126.29406495229034,292.2614955515785,2028.6733570957012
741,FADS118,a,12,ADS,83.42,88.21501574816182,494.42258769814424,1021.3924168221631
742,FADS118,a,12,ADS,84.64,102.87472548066035,542.7862201129662,1006.681425977517
743,FADS118,i,12,ADS,87.00399843253014,46.00156746985817,393.9329116572655,1408.0330441971862
745,FADS118,u,12,ADS,102.0350882374939,134.91176250610692,302.2774861554114,582.4276002950028
746,FADS118,a,12,ADS,111.37,126.10972355248862,520.6978377997777,1094.379210802268
747,FADS118,u,12,ADS,113.26,119.99999999999034,305.36110726440165,597.5510752878502
748,FADS118,a,12,ADS,116.03,114.77115649259417,593.2153065040386,1213.4158701050083
749,FADS118,i,15,ADS,6.905846889666805,104.15311033319519,294.95529895583,2046.4578136049336
750,FADS118,u,15,ADS,8.19,169.99999999999994,324.71857511760123,712.9082694878097
751,FADS118,u,15,ADS,9.467782062476324,152.21793752367495,328.368968034791,694.5314197734735
752,FADS118,u,15,ADS,9.861177473323067,185.44301304261168,289.63308941267337,621.5691256136512
753,FADS118,i,15,ADS,10.46,109.99999999999943,301.95601270184187,2040.17089286205
754,FADS118,u,15,ADS,20.95727707025392,82.72292974607964,286.16508854287986,657.8027489800922
755,FADS118,u,15,ADS,29.3,109.99999999999943,359.7968336508396,744.6868757362085
756,FADS118,a,15,ADS,34.12,83.50355141696042,501.68467501317025,1073.3924060358231
757,FADS118,a,15,ADS,36.69,120.00000000000455,516.9937622905825,912.0853954702003
758,FADS118,i,15,ADS,42.81314024189724,73.91784435964155,351.5383177676802,1909.0922492272048
759,FADS118,i,15,ADS,44.90693778282066,93.06221717933738,331.9975241569224,1916.385815846012
760,FADS118,a,15,ADS,49.04854347815853,114.11877725699071,546.5131125116791,1171.9446137923476
762,FADS118,a,15,ADS,52.14765605132063,97.26032152585162,473.23206392713485,937.5935917122542
763,FADS118,i,15,ADS,54.6208417736461,76.51145293365857,366.4396919166358,1776.9808119784118
764,FADS118,i,15,ADS,59.14,39.99999999999915,353.4453155877264,1918.0798671606194
765,FADS118,i,15,ADS,59.41177703625433,88.22296374567173,344.9178700367446,1891.6956292555924
766,FADS118,a,15,ADS,59.7,139.22426158949008,537.8147320297294,1065.2198452175746
767,FADS118,i,15,ADS,64.47495519809623,135.04480190377421,288.6665154815391,2005.1269388729072
768,FADS118,i,15,ADS,66.16,120.00000000000455,296.2706625654273,1965.598384388045
769,FADS118,a,15,ADS,67.99,99.13092914298716,468.8824049133091,822.3748673593964
770,FADS118,a,15,ADS,69.02,100.00000000000853,486.05277090903485,889.6467652217116
771,FADS118,u,15,ADS,71.11,70.00000000000739,386.11971248670693,926.8865592688817
772,FADS118,i,15,ADS,71.32,45.570786599526514,386.59646722223374,1412.406471578975
773,FADS118,u,15,ADS,73.98,79.9999999999983,389.74986313549823,997.7412283330713
774,FADS118,u,15,ADS,82.44,130.73075249548083,337.3533877836299,536.7396570191015
775,FADS118,a,15,ADS,90.22,109.23459631044352,558.2117918048513,1010.5808955565416
776,FADS118,u,15,ADS,91.79,132.25958827757722,332.711690068557,686.8083837136743
778,FADS120,i,12,ADS,7.25,99.99999999999964,278.44961424706355,2203.5335658084964
779,FADS120,u,12,ADS,8.61,212.97282918495597,385.681840543838,706.9920664673574
780,FADS120,u,12,ADS,9.47,139.9999999999988,270.58189731790657,673.7633765978662
781,FADS120,u,12,ADS,9.8,169.99999999999994,300.24866224414745,685.6891601489313
782,FADS120,i,12,ADS,10.35255295993097,97.44704006902971,1061.482545929423,2349.0524914135303
783,FADS120,u,12,ADS,16.51230149301514,150.25815126464082,345.36951103072545,618.1050208968651
784,FADS120,u,12,ADS,20.02413872437287,80.33604127020766,340.0870104550509,793.6965030282458
785,FADS120,u,12,ADS,26.57,141.70734621901815,376.3284254475239,1600.6937539606229
786,FADS120,u,12,ADS,27.46381994842296,202.32780764348135,342.7177819983453,767.1605123873055
787,FADS120,a,12,ADS,31.25,112.8392892010801,713.3306537775985,1133.692935979834
788,FADS120,a,12,ADS,33.51,140.93351548149968,675.4623016443425,1044.7472055250473
789,FADS120,i,12,ADS,40.28882153633397,91.17846366603288,260.13822517365355,2178.0979003188104
790,FADS120,i,12,ADS,42.33,100.00000000000142,311.59028578228765,2117.2052735493976
791,FADS120,a,12,ADS,46.4152900814269,139.84421998887342,687.7106371391235,1184.549058721425
792,FADS120,a,12,ADS,47.59,139.99999999999346,701.2997120232423,1149.878438039072
793,FADS120,a,12,ADS,48.97,109.99999999999943,686.5116572672209,1133.809031601502
794,FADS120,i,12,ADS,51.36713795541328,72.86204458672074,272.9754398475861,2071.608087099714
795,FADS120,i,12,ADS,56.68,49.99999999999716,317.32007065920817,1897.8262920691277
796,FADS120,i,12,ADS,56.99263681987721,77.36318012278787,260.5635170090163,2074.755039630103
797,FADS120,a,12,ADS,57.30210743574227,123.47947084123945,636.3586963198251,1189.1830921742778
798,FADS120,i,12,ADS,63.26261116168339,136.8688110529419,248.24659415641108,2174.7500698670774
799,FADS120,i,12,ADS,65.28,150.00000000000568,306.9868704958075,2128.2283945359263
800,FADS120,a,12,ADS,67.06,120.00000000000455,608.9720792147746,1047.83712403297
801,FADS120,a,12,ADS,68.0494314312898,110.5685687101925,488.34858693092997,1002.1625737454739
802,FADS120,u,12,ADS,69.88,90.00000000000341,453.7218638711721,945.3236808135885
803,FADS120,u,12,ADS,73.4586267943476,114.5532440334307,388.40861080715285,797.0014567237836
804,FADS120,u,12,ADS,82.32873435295816,93.72538148190301,343.57184222606514,587.9190117632791
805,FADS120,a,12,ADS,89.46,140.00000000000057,565.5179762009845,1092.352688748017
806,FADS120,u,12,ADS,91.2727764595085,107.22354049148919,411.6722459681031,554.0378939447612
807,FADS120,a,12,ADS,93.36,129.99999999999545,579.1167964886254,1085.1871372242267
808,FADS120,i,18,ADS,4.464862309502464,97.93114074406084,293.7931197262857,2272.531909404179
809,FADS120,u,18,ADS,5.844201451142985,225.7985488570151,343.80073307587645,760.4320000982666
810,FADS120,u,18,ADS,6.83,89.99999999999986,363.5547095452826,649.0899784415623
811,FADS120,u,18,ADS,7.118318859255938,165.98498431196785,347.3129090991779,665.0300516741667
812,FADS120,i,18,ADS,7.7092392705065,100.76072949349957,285.10884771624706,2155.8268290177048
813,FADS120,u,18,ADS,13.54,100.17060735102135,382.2308865056709,1249.7336178873652
814,FADS120,u,18,ADS,15.79848512322916,87.97204168535089,383.79953117468006,612.4974122111531
815,FADS120,u,18,ADS,23.02685124121484,91.29174137158103,322.7769537515683,673.2456015824216
816,FADS120,u,18,ADS,23.95435985562543,255.6401443745706,306.8885715861477,865.7596376954264
817,FADS120,a,18,ADS,27.74,121.8156629988627,680.5319943120612,1108.9202841741676
818,FADS120,a,18,ADS,30.87074663565691,154.36603541012772,624.2912419827876,1066.5070866049646
819,FADS120,i,18,ADS,37.58732818541015,96.27129090093689,294.42702665292927,2116.4808602391195
820,FADS120,i,18,ADS,39.67131460293415,88.685397065845,311.1517241149525,2128.1117609139774
821,FADS120,a,18,ADS,43.83702291693676,92.97708306323926,696.1137302584236,1190.5109108651945
822,FADS120,a,18,ADS,45.22051617968064,136.93761205738042,732.8280220489819,1154.059383755921
823,FADS120,a,18,ADS,46.79305715065773,86.9428493422717,662.1497289521717,1114.973768584413
824,FADS120,i,18,ADS,49.53543942037971,74.69324294037705,313.11807606838084,1986.458883023764
825,FADS120,a,18,ADS,54.63107508733178,87.14211676379335,675.4917871963677,1128.932019847405
826,FADS120,i,18,ADS,61.08492791578674,110.38001456745405,597.7922926522888,2288.3686771897883
827,FADS120,i,18,ADS,62.84843049344254,106.23038995965572,221.64619092481254,2167.3116209622317
828,FADS120,a,18,ADS,64.37358357665698,85.48226692066407,588.6358749669615,1108.4507818578243
829,FADS120,a,18,ADS,65.58672885203791,82.99249215599502,518.4014972275057,982.4480769129991
830,FADS120,u,18,ADS,70.74340462970444,100.68725772875098,372.26942736539456,839.0206682406226
831,FADS120,u,18,ADS,79.41,122.3450586329875,298.60611878785915,592.9540107487281
832,FADS120,a,18,ADS,87.2721168247526,153.2197400220241,641.6411121024029,1058.483931212199
833,FADS120,u,18,ADS,88.66,106.70512813602784,392.75172595447674,635.0368186117086
834,FADS120,a,18,ADS,90.79485746590396,137.1681482101792,564.0821741724461,1046.5322756450219
835,FADS120,i,9,ADS,11.76,89.99999999999986,372.51454481670174,2171.754815760937
836,FADS120,u,9,ADS,13.12,230.00000000000043,387.5217290311231,1257.0851893901777
837,FADS120,u,9,ADS,13.93798294667912,132.01705332087954,343.16240951471394,684.3988158561782
838,FADS120,u,9,ADS,14.27168945763143,218.31054236857028,357.1945546951212,765.9213402513598
839,FADS120,i,9,ADS,14.91,80.00000000000007,301.26818602961345,2069.9267648909135
840,FADS120,u,9,ADS,21.31,130.00000000000256,312.03177495470953,663.6930594931515
841,FADS120,u,9,ADS,24.08898834585345,103.98286947284774,409.3440500458507,1929.3804085821841
842,FADS120,u,9,ADS,31.09,129.999999999999,323.52558535264546,562.1278929953678
843,FADS120,u,9,ADS,32.0,259.999999999998,460.4132921801998,1615.0508860960333
844,FADS120,a,9,ADS,35.59,119.99999999999744,704.929112112596,1118.4089304557908
845,FADS120,a,9,ADS,38.34,112.71390936710901,682.9427010792936,1061.442318235078
846,FADS120,i,9,ADS,44.46885993074416,121.1400692558442,277.0958959242709,2120.623641898965
847,FADS120,i,9,ADS,46.66455877940264,125.4412205973594,300.5986055929587,2040.4724291803122
848,FADS120,a,9,ADS,50.64,119.99999999999744,680.9368996313824,1160.2196723651386
849,FADS120,a,9,ADS,52.14,140.00000000000057,682.7844359580184,1134.5109562229886
850,FADS120,a,9,ADS,53.62,130.00000000000256,669.3566030026836,1122.12829071977
851,FADS120,i,9,ADS,56.05231051752574,101.24441678939178,336.7162699315656,2037.322446584516
852,FADS120,i,9,ADS,60.58,39.99999999999915,343.09495626306796,1891.5531692412967
853,FADS120,i,9,ADS,60.88,99.99999999999432,269.125057065067,2068.664837937375
854,FADS120,a,9,ADS,61.25147766880541,129.71940901140044,605.7365324676059,1126.3395345378779
855,FADS120,i,9,ADS,68.75,159.9999999999966,275.66168386873295,2150.82886329334
856,FADS120,i,9,ADS,70.26,140.00000000000057,331.3870624512606,2084.445396855843
857,FADS120,a,9,ADS,71.85,109.99999999999943,582.9501605285557,1035.693889022085
858,FADS120,a,9,ADS,73.13,140.00000000000057,512.3044879632587,937.957077191284
859,FADS120,u,9,ADS,77.70030522026408,121.80968894973887,456.05850359406804,1411.9117276659379
860,FADS120,u,9,ADS,86.09,90.00000000000341,331.7998414571333,700.6036038570073
861,FADS120,a,9,ADS,93.7,129.99999999999545,611.4756470423526,1084.0499792822338
862,FADS120,u,9,ADS,95.38,90.00000000000341,431.74202058379933,1588.7683246013503
863,FADS120,a,9,ADS,97.54,149.99999999999147,576.8950598615678,1103.9958436684306
864,FADS121,i,12,ADS,5.61,69.9999999999994,377.48115690467597,1743.6714350054872
866,FADS121,u,12,ADS,7.88,129.9999999999999,405.0524567045876,911.2712307533939
867,FADS121,u,12,ADS,8.17,193.57086318086834,467.5911845731419,920.3773826588471
868,FADS121,i,12,ADS,8.868163175815868,101.83682418413298,413.6943571259098,1684.0425277342945
869,FADS121,u,12,ADS,16.12,126.62614969547903,376.8529566737708,680.9660843590079
870,FADS121,u,12,ADS,18.86605800911586,71.35840825943873,405.5074992772584,993.5766706166896
871,FADS121,u,12,ADS,26.40282352647625,118.1508071180879,359.0208447040201,745.5316289232711
873,FADS121,a,12,ADS,30.99,80.00000000000185,573.8892301086593,1080.7086956441708
874,FADS121,a,12,ADS,34.2,91.67503588840731,586.3512155186068,1135.0469106341159
875,FADS121,i,12,ADS,41.01928423272664,84.22631794555713,359.8576558362881,1690.6278521691381
876,FADS121,i,12,ADS,43.38387360823358,85.39612791702922,319.74281230942717,1823.5445244647324
877,FADS121,a,12,ADS,47.73,93.25644808303224,437.77647578969965,1104.5102503672674
878,FADS121,a,12,ADS,49.09,99.99999999999432,481.30745298744176,1243.845102420339
879,FADS121,a,12,ADS,50.12,120.00000000000455,598.0832826403189,1175.4741955526808
880,FADS121,i,12,ADS,53.809470257811,94.75460768876331,336.9643475516909,1929.13402738257
881,FADS121,i,12,ADS,58.81,70.00000000000028,359.19751999815736,1884.3873404291965
882,FADS121,a,12,ADS,59.08670038027034,91.24517777436125,550.5474294322713,1133.2220332602658
883,FADS121,i,12,ADS,64.24003629967406,119.32061708954222,383.9824197896422,1726.2457483124101
884,FADS121,i,12,ADS,66.3490444055887,91.24517777435415,370.8442758366237,1762.627891237302
885,FADS121,a,12,ADS,67.74,90.00000000000341,533.0007534115903,1083.655610406782
886,FADS121,a,12,ADS,68.87,89.9999999999892,540.9037934821253,1139.5242815831693
887,FADS121,u,12,ADS,74.6658878836779,114.11211632210438,390.93964131520244,943.2504152606975
888,FADS121,u,12,ADS,83.93543132942023,74.56867057977945,353.52277153513955,859.8432703974073
889,FADS121,a,12,ADS,92.12,101.24422547892209,551.6670296192643,1138.6377548251066
890,FADS121,u,12,ADS,94.73,91.52810106337483,395.0556654457586,947.4724896201312
891,FADS121,u,12,ADS,98.25605337579628,157.92434614792228,452.91302674496956,885.2156502039345
892,FADS121,a,12,ADS,99.15992908603396,114.64137720368228,517.2909710532163,1036.9457711898397
893,FADS121,i,15,ADS,6.824176726821158,75.82327317884196,352.3878363790785,1958.526529590723
894,FADS121,u,15,ADS,8.29,70.00000000000028,299.4686855240575,1402.8124251844738
895,FADS121,u,15,ADS,9.4,129.999999999999,324.4581899153331,681.1250340065226
896,FADS121,u,15,ADS,9.69,169.99999999999994,382.49574703820537,627.6535133285602
897,FADS121,i,15,ADS,10.20566654332631,84.33345667368997,387.0891753403492,1775.5184499466593
898,FADS121,u,15,ADS,16.75868623341981,116.24330656263027,361.112980254971,681.3404870363613
899,FADS121,u,15,ADS,19.76876250032729,94.80036651709867,379.5115593934678,686.4019713888878
900,FADS121,u,15,ADS,27.16,89.26225093977891,321.1986896366651,921.1856405067523
902,FADS121,a,15,ADS,32.56,88.27950081926872,589.7884938259685,1093.7712791617919
903,FADS121,a,15,ADS,35.53,108.67667734655129,514.5480024495042,1019.0510689258793
904,FADS121,i,15,ADS,42.6032827541875,83.51460859840643,364.47554671447824,1899.0531829004788
905,FADS121,i,15,ADS,45.07,81.48746070006752,334.2077501473256,1980.5926723876823
906,FADS121,a,15,ADS,49.38,88.12570505444484,548.6739903616668,1195.455724612238
907,FADS121,a,15,ADS,51.02,109.99999999999943,575.7604953352454,1273.7997124543535
908,FADS121,a,15,ADS,51.99,119.99999999999744,669.510984489474,1188.7936289656534
909,FADS121,i,15,ADS,55.16438442167085,75.61457805530836,346.7127557515994,1919.0869895425872
910,FADS121,i,15,ADS,61.45,59.99999999999517,362.69270175045966,1975.3400421975348
911,FADS121,i,15,ADS,61.74807746347518,91.92253652482663,312.6133465615862,1883.6500580915895
912,FADS121,a,15,ADS,62.0,86.23915530753123,485.1628779604235,1138.525600040114
913,FADS121,i,15,ADS,67.35754795818988,104.95754864392381,362.8865408280391,2069.81127194806
914,FADS121,i,15,ADS,69.45694569963774,106.08612443580512,366.53180127699505,2036.2872542436783
915,FADS121,a,15,ADS,70.92,69.99999999999318,513.9629771090539,1013.2733124096894
916,FADS121,a,15,ADS,72.79074383629614,68.84312330409159,548.6418582568799,1108.9553495916587
917,FADS121,i,15,ADS,75.0271252820354,69.97169909595868,432.7320011907229,1458.9664822226196
918,FADS121,u,15,ADS,78.42,99.99999999999432,404.214753885204,775.561273401076
919,FADS121,u,15,ADS,87.69,76.65403870606724,361.56280728306444,789.0651724419102
920,FADS121,u,15,ADS,97.41,118.22237537489855,378.9035839249636,814.0046326490559
921,FADS121,a,15,ADS,100.86,113.09181874050012,521.2207921847526,1135.7864342565165
922,FADS121,i,9,ADS,5.53,69.9999999999994,348.6613555098278,1917.6836544293496
923,FADS121,u,9,ADS,7.79,139.9999999999997,386.22347147166323,1429.9491932537974
924,FADS121,u,9,ADS,9.01,160.00000000000014,292.8465389210705,742.3814998133147
925,FADS121,u,9,ADS,9.32,230.00000000000043,373.59676204906896,782.7950062994702
926,FADS121,i,9,ADS,10.38,80.00000000000007,412.62841357114655,1752.0710194635706
927,FADS121,u,9,ADS,19.65,157.09488696636242,428.24842480025114,1076.3192822691822
928,FADS121,u,9,ADS,23.04778478062579,82.21521937420917,354.93683870740733,1010.1884526898281
929,FADS121,u,9,ADS,30.62,140.00000000000057,319.63525815955177,661.1131917250608
930,FADS121,u,9,ADS,31.47,200.00000000000284,276.6229607018013,654.5307352316776
931,FADS121,a,9,ADS,34.55,80.0000000000054,523.0739368964621,1001.5807387119426
932,FADS121,a,9,ADS,37.2,109.99999999999943,634.0401074619286,1172.7457030425476
933,FADS121,i,9,ADS,45.71128447497868,102.15169192217388,363.6970400620576,1980.5342924859629
934,FADS121,i,9,ADS,48.89,89.9999999999963,269.1046305701427,1749.2223537363843
935,FADS121,a,9,ADS,52.97,115.88039711138975,682.2758569422194,1168.7458439611007
937,FADS121,a,9,ADS,55.89,119.99999999999744,695.0354785795539,1168.9879889046697
938,FADS121,i,9,ADS,57.74213099551245,93.77860242036462,352.4829513050157,2016.6692041672175
939,FADS121,i,9,ADS,63.76,80.0000000000054,327.1256296105176,1848.619077120892
940,FADS121,i,9,ADS,64.09702083130956,72.97916869043775,370.60563841587395,1890.0960535341287
941,FADS121,a,9,ADS,64.37,89.9999999999892,611.5071413644129,1120.8553390166242
942,FADS121,i,9,ADS,70.52,111.7604540657311,370.3400170159203,2081.486412643954
943,FADS121,i,9,ADS,72.06,79.9999999999983,365.76732272884584,1919.768872933811
944,FADS121,a,9,ADS,73.79,79.9999999999983,550.5587120635278,1121.6574346625193
945,FADS121,a,9,ADS,74.4,59.99999999998806,524.2955375593355,1119.1817577215909
946,FADS121,u,9,ADS,81.09,99.99999999999432,319.5267650794789,989.7216144131746
947,FADS121,u,9,ADS,89.89,140.00000000000057,335.34661048714156,891.2566560307494
948,FADS121,a,9,ADS,97.82166811098509,133.75422063027997,497.128770345151,888.0778774290188
949,FADS121,u,9,ADS,101.2,69.99999999999318,344.24763917402527,787.1316350047418
950,FADS121,a,9,ADS,103.43,109.99999999999943,548.4519372209847,1022.8319733981164
951,FADS123,i,12,ADS,7.46,80.00000000000007,287.3643920228083,2171.7973268679198
952,FADS123,u,12,ADS,9.08,182.52346566891651,289.96690127966417,613.9004724961891
953,FADS123,u,12,ADS,10.23969240055765,100.30759944234902,319.6165898014721,745.797853274938
954,FADS123,u,12,ADS,10.50119459360203,170.24840528645944,375.1738485510248,757.1349043099312
955,FADS123,u,12,ADS,17.72,116.82196368338182,328.5508753430378,579.3510843588582
956,FADS123,u,12,ADS,22.6272806078502,161.10755131133914,270.07105708155586,451.86519481897335
957,FADS123,u,12,ADS,30.68,120.000000000001,432.42091653359563,1026.4485031297766
958,FADS123,u,12,ADS,31.89,119.99999999999744,317.8230412685466,893.5611591420345
959,FADS123,a,12,ADS,41.17,89.9999999999963,773.7573815912581,1136.0780221625218
960,FADS123,i,12,ADS,48.36494401627386,85.05598372614287,266.4037040315054,2187.4201625388387
961,FADS123,i,12,ADS,50.75693465944166,63.06534055833879,293.24801194170016,2133.0995368960976
962,FADS123,a,12,ADS,54.79911512390269,80.88487609731487,685.0843877736462,1115.6997254957826
963,FADS123,a,12,ADS,58.6,70.00000000000028,712.3434115171402,1108.763898461302
964,FADS123,i,12,ADS,65.23,48.67098557626548,350.583633210836,1961.7826026042667
965,FADS123,i,12,ADS,65.4626306718254,57.36932817460172,328.92385706289053,2022.0758828029313
966,FADS123,a,12,ADS,65.7427151999614,92.55114649799623,668.8458690564698,1176.5639089219624
967,FADS123,i,12,ADS,72.7896496635507,113.11806794201118,293.60088582706385,2027.7168586443904
968,FADS123,i,12,ADS,74.80913331256683,63.98597782578008,359.74411574511055,1802.3314314423953
969,FADS123,a,12,ADS,76.7,109.99999999999943,513.0484745000912,977.5215548981173
970,FADS123,a,12,ADS,77.68865594867204,81.34405132796019,589.6479772043616,955.4202140119248
971,FADS123,u,12,ADS,93.69741286195116,92.58713804884167,318.0261214027045,784.5509882715974
972,FADS123,a,12,ADS,101.78,129.99999999999545,666.1436095573492,1036.2040300108806
973,FADS123,a,12,ADS,105.3050993064297,87.98071951039788,604.8588124446999,1009.1835669888466
974,FADS123,i,18,ADS,5.835919710891964,107.89023980277967,279.7129386316374,2160.721277358957
975,FADS123,u,18,ADS,7.389761457866411,200.23854213358928,269.6885976214257,864.3768865461823
976,FADS123,u,18,ADS,8.71,169.99999999999994,326.60114346715955,696.0768021021958
977,FADS123,u,18,ADS,9.05,319.9999999999985,315.58164468117064,752.2937710228922
978,FADS123,i,18,ADS,9.77,57.82272523532406,353.44087157686135,1827.1054607413846
979,FADS123,u,18,ADS,17.2,50.118780815871844,423.15988231222246,1465.3223182352053
980,FADS123,u,18,ADS,20.69498627297189,106.23038995966994,351.17341648538314,1195.9328994661569
981,FADS123,u,18,ADS,29.03,88.61406039914854,383.1373425341883,889.9156163667055
982,FADS123,a,18,ADS,33.09962691898274,50.37308101725557,646.3700400340111,1051.7296731985566
983,FADS123,a,18,ADS,36.54,109.99999999999943,706.3358535096769,1113.0636796281524
984,FADS123,i,18,ADS,43.26943894273836,105.40046503810174,347.3490352133618,2323.5838823046743
985,FADS123,i,18,ADS,45.91739585667816,69.71369341102474,292.5110372514136,1943.1157953453103
986,FADS123,a,18,ADS,50.36696925019093,73.03074980907098,709.5178796332328,1044.5051592276814
987,FADS123,a,18,ADS,53.0818097785413,70.54361833257872,595.7630687302111,1056.0364363836004
988,FADS123,i,18,ADS,56.18,59.90172161599361,333.4875897289821,2050.519717334133
989,FADS123,i,18,ADS,60.49603399133785,43.96600866214584,351.2896712590521,1906.4387448404632
990,FADS123,i,18,ADS,60.74117553380759,60.58451927386699,371.93981611701076,1938.2816057574591
991,FADS123,a,18,ADS,60.98,80.0000000000054,618.2497891289456,1145.1061655234007
992,FADS123,i,18,ADS,67.92225053227254,116.18948901836745,304.827666920784,2118.562502105746
993,FADS123,i,18,ADS,69.9,128.09964701916954,275.957987687156,1819.6095699745072
994,FADS123,a,18,ADS,71.74,90.57191281917198,684.732955319007,1113.3139134446017
995,FADS123,a,18,ADS,72.74,70.00000000000739,671.3511490309226,1046.3445644330502
996,FADS123,u,18,ADS,79.33316260925542,86.83739074457719,551.7017028923284,1448.4805123652263
997,FADS123,u,18,ADS,90.1983271935221,161.6728064778954,345.80455848204775,818.712413462504
998,FADS123,a,18,ADS,99.15771816169756,132.2818383024469,680.3997764171878,1107.5682192972165
999,FADS123,u,18,ADS,100.66,40.00000000000625,418.14664394099907,660.2107770640121
1000,FADS123,a,18,ADS,103.01,120.87845977009692,624.7621027015331,1049.0186285028972
1001,FADS123,i,9,ADS,9.79,100.00000000000142,301.75752097678105,2012.0649923402414
1002,FADS123,u,9,ADS,11.69,130.0000000000008,404.0918385031423,688.1104424478689
1003,FADS123,u,9,ADS,12.74,99.99999999999964,344.56983772488115,873.751047387173
1004,FADS123,u,9,ADS,12.97,219.99999999999886,344.47800780905476,628.0194597492713
1005,FADS123,i,9,ADS,14.12,70.00000000000028,323.9473537773407,2099.3835096804128
1007,FADS123,u,9,ADS,26.83,150.00000000000213,385.5125361093005,858.5762548481193
1008,FADS123,u,9,ADS,36.07,79.9999999999983,395.85129422486574,904.7285441447981
1009,FADS123,a,9,ADS,40.79,79.9999999999983,761.1025723373737,1486.7221871386555
1010,FADS123,a,9,ADS,43.77,129.99999999999545,738.116625258841,1068.85918813695
1011,FADS123,i,9,ADS,51.68,170.0000000000017,333.2789331203308,2263.10888247901
1012,FADS123,i,9,ADS,54.53,79.9999999999983,250.84986571164055,2215.9142550497686
1014,FADS123,a,9,ADS,59.7,79.9999999999983,705.369246659757,1136.2444322843762
1015,FADS123,a,9,ADS,61.19,90.00000000000341,798.9363433636244,1147.8403178817339
1016,FADS123,i,9,ADS,63.95,79.9999999999983,274.7779372795491,2162.6171678499345
1017,FADS123,i,9,ADS,68.11,40.00000000000625,363.8003715373558,2092.468852640081
1018,FADS123,i,9,ADS,68.33946913422007,60.32454476537907,366.30829233566334,1822.9050848739664
1019,FADS123,a,9,ADS,68.56,90.00000000000341,689.3802838813559,1179.1453436075794
1020,FADS123,i,9,ADS,75.02867123467675,349.15115303594746,294.82612471694114,1927.8421960052196
1021,FADS123,i,9,ADS,77.08,70.00000000000739,344.6941323098826,1826.2710566397789
1022,FADS123,a,9,ADS,79.81,79.9999999999983,594.0069750500619,1008.2118319404364
1023,FADS123,a,9,ADS,80.66,94.65733750393213,610.3136829902487,1054.6791985686327
1024,FADS123,u,9,ADS,82.93,199.99999999998863,455.0320184022121,769.8480864969008
1027,FADS123,a,9,ADS,107.13,200.00000000000284,855.347241920198,1058.1245029303877
1028,FADS123,u,9,ADS,108.6,114.52662439360495,372.5834578590071,534.8938995109604
1029,FADS124,i,9,ADS,7.44,59.99999999999961,242.7145346100013,1888.3823219191486
1030,FADS124,u,9,ADS,8.95,130.0000000000008,524.946433170909,690.5213984375396
1031,FADS124,u,9,ADS,9.77,50.00000000000071,429.1039404427099,1159.414234959033
1032,FADS124,u,9,ADS,9.99,209.9999999999991,430.1389602708862,979.7486584669957
1033,FADS124,i,9,ADS,10.72668413422457,53.31586577542957,294.05967663875987,1921.4895872664092
1034,FADS124,u,9,ADS,17.47,67.16593849992947,461.95129098011256,1048.230092311882
1035,FADS124,u,9,ADS,20.02,100.41000659052202,417.21065099429615,830.8572653888945
1036,FADS124,u,9,ADS,27.52,129.999999999999,383.3153696598721,1260.3739407311693
1037,FADS124,u,9,ADS,28.72,140.00000000000057,463.4170665962636,1232.9626101573547
1039,FADS124,a,9,ADS,34.83,84.4573557926438,749.8020897992411,1248.5629176714017
1040,FADS124,i,9,ADS,40.19854350775316,94.02776143310376,327.5189214446969,1920.6872403468287
1041,FADS124,i,9,ADS,42.39,130.00000000000256,280.1563946248408,1886.9220817625232
1042,FADS124,a,9,ADS,46.8,113.5554771797942,558.548819110056,1333.240448365575
1043,FADS124,a,9,ADS,48.22,100.00000000000142,746.6441774130453,1437.6240654811697
1044,FADS124,a,9,ADS,49.51,60.000000000002274,655.241177393,1277.4063891738936
1045,FADS124,i,9,ADS,56.94,43.304101098740944,300.05289623772313,2058.2647722263255
1046,FADS124,i,9,ADS,57.29,50.00000000000426,319.5556293277235,1925.2423548995703
1047,FADS124,a,9,ADS,57.54,103.30244195240113,578.5722417377156,1425.290740860059
1048,FADS124,i,9,ADS,63.20285308176102,127.14691823897795,301.7954819678319,1947.130461586976
1049,FADS124,i,9,ADS,64.98,88.70218326779877,337.34223668349875,1674.2519231598942
1050,FADS124,a,9,ADS,66.67,79.9999999999983,639.5329821176676,1297.6557957346447
1051,FADS124,a,9,ADS,67.31,74.7779428070885,613.2095696327922,1355.184067170401
1052,FADS124,i,9,ADS,69.91,49.99999999999716,360.0941001938984,1797.2634552215136
1053,FADS124,u,9,ADS,81.81,93.2313380797467,283.51072184204526,727.1705040018417
1055,FADS124,u,9,ADS,91.22,70.00000000000739,264.2033824718628,934.3249720893782
1056,FADS124,a,9,ADS,93.58,120.00000000000455,646.9287200708768,1179.632669074601
1057,FADS126,i,12,ADS,5.715970440991907,74.0295590080926,369.2722861473126,1811.7976235975218
1058,FADS126,u,12,ADS,6.82,169.99999999999994,347.5567368002638,796.4209858445031
1059,FADS126,u,12,ADS,7.492534852944843,117.09678402061918,291.13162123015303,674.5260706507247
1060,FADS126,u,12,ADS,7.723725939344527,106.2740606554735,373.769440396803,812.9842528647637
1061,FADS126,i,12,ADS,8.26,70.00000000000028,357.84534013308064,1623.2614858317881
1062,FADS126,u,12,ADS,14.36,110.78181100944029,349.21132370806106,909.2423764087926
1063,FADS126,u,12,ADS,17.64573365605656,74.26634394343878,313.87418955094125,710.2083963084216
1064,FADS126,u,12,ADS,24.17,129.999999999999,422.5601468729328,1270.038297498235
1065,FADS126,u,12,ADS,24.87,169.99999999999815,348.38968857330747,1116.8159278077435
1066,FADS126,a,12,ADS,27.88,92.01525250809084,564.5784939640758,1093.0262469625495
1067,FADS126,a,12,ADS,30.33,110.00000000000298,661.3658872247281,1134.9293345132662
1068,FADS126,i,12,ADS,36.74020208193552,69.79791806448077,359.0647239069984,1819.9747169360753
1069,FADS126,i,12,ADS,40.56,99.99999999999432,255.01045960772754,1894.4913898019574
1070,FADS126,a,12,ADS,43.586508530768,136.61291469072268,604.8389752519322,1086.952240289625
1071,FADS126,a,12,ADS,44.9,100.00000000000142,645.1363639044582,1228.2331129477745
1072,FADS126,a,12,ADS,45.78,100.00000000000142,621.6408421715136,1144.517202844555
1073,FADS126,i,12,ADS,47.78302600587119,88.57320842584926,379.9544756040272,1847.6287368309852
1074,FADS126,i,12,ADS,51.71,60.000000000002274,300.89134302311584,1906.2163210964748
1075,FADS126,i,12,ADS,52.00146366836236,78.53633163763618,360.3169937426682,1788.731437587022
1076,FADS126,a,12,ADS,52.30959028158358,80.4097184164192,572.188351186955,1230.16651728858
1077,FADS126,i,12,ADS,57.38491980079196,157.63028618160035,285.50785051871026,2005.5785200395012
1078,FADS126,i,12,ADS,58.7858243805849,96.07941252973973,326.7911154757152,1978.003695000672
1079,FADS126,a,12,ADS,59.99,89.9999999999963,560.3834555370406,1039.5419947466953
1080,FADS126,a,12,ADS,61.0,104.24625685366351,606.6771366330946,1201.6839356358764
1081,FADS126,u,12,ADS,65.62427499834776,115.72500165223687,281.1965434987552,722.806971165898
1082,FADS126,u,12,ADS,72.82,110.00000000001364,481.2076197852338,1031.9006883083653
1083,FADS126,a,12,ADS,78.55,120.00000000000455,627.4602696801726,1135.346025769976
1084,FADS126,u,12,ADS,79.98,109.12410281584073,371.4158407410306,754.9343516817985
1085,FADS126,a,12,ADS,81.52,90.00000000000341,552.2097248861467,1134.182472692741
1086,FADS126,i,15,ADS,5.08,120.00000000000011,356.33896047943523,1974.7188676851727
1087,FADS126,u,15,ADS,6.91,179.99999999999972,343.80779271180234,713.1519443665536
1088,FADS126,u,15,ADS,7.47,100.00000000000054,338.35300204737734,770.0905002170686
1089,FADS126,u,15,ADS,7.721842168289272,95.60649647852593,341.78934071822016,795.4675508624944
1090,FADS126,i,15,ADS,8.18,99.99999999999964,376.7674678690775,1978.8141093486347
1091,FADS126,u,15,ADS,16.52441088091927,85.58911908072986,322.7840935943145,565.5967643927261
1092,FADS126,u,15,ADS,22.21,149.99999999999858,342.68129705302425,732.8723039422468
1093,FADS126,u,15,ADS,22.99,161.13377180696276,464.96405429696983,1905.843295761304
1094,FADS126,a,15,ADS,26.16,95.70870954837929,611.1328045717937,1225.2040876784235
1095,FADS126,a,15,ADS,28.16,125.01348287729996,672.7158017431684,1242.6704927601652
1096,FADS126,i,15,ADS,35.00721205488744,99.76330067325279,352.8067204644665,1923.4270647386268
1097,FADS126,i,15,ADS,38.12,80.0000000000054,326.8584109953153,1943.9438531844405
1098,FADS126,a,15,ADS,41.13921331121549,91.44969228379551,649.9861368822584,1242.0127509300883
1099,FADS126,a,15,ADS,42.20751874522791,117.42971850079442,612.7189509772562,1229.741950224819
1100,FADS126,a,15,ADS,43.36,100.00000000000142,577.1036559683383,1131.5793620923216
1101,FADS126,i,15,ADS,45.41291682982064,74.82247550494492,362.16799279023724,1917.2940003359547
1102,FADS126,i,15,ADS,49.10178419902213,58.21580097786949,361.70019619855975,2004.9926050930562
1103,FADS126,i,15,ADS,49.36927177112035,70.72822887964492,331.8845963442193,1911.261835563529
1104,FADS126,a,15,ADS,49.62331166497386,112.23371325739606,631.8333616610289,1359.929390085485
1105,FADS126,i,15,ADS,55.42084164411253,79.158355887472,336.9180107608254,2014.14030021189
1106,FADS126,i,15,ADS,56.80684662262981,93.15337737018581,323.8666423163872,2163.082017933597
1107,FADS126,a,15,ADS,58.26684827147695,83.15172852304897,661.8561546699739,1156.8370055127841
1108,FADS126,a,15,ADS,58.9064041646814,73.59583531859926,581.9496002085248,1159.4692423946717
1109,FADS126,i,15,ADS,60.94,50.00000000000426,406.2234700394677,1475.0616772228807
1110,FADS126,u,15,ADS,63.67532480095127,98.72409962456885,397.17698885942275,713.2479142743878
1111,FADS126,u,15,ADS,71.30876493271755,101.23506728244536,300.8131915658462,672.1690041546663
1112,FADS126,a,15,ADS,77.44064231826933,121.58652269552306,635.5055301472977,1238.6958356032767
1113,FADS126,u,15,ADS,78.88,97.29015858640366,364.9817018969487,853.4671035044239
1114,FADS126,a,15,ADS,80.84,107.03015007055683,610.2570242904039,1360.332106074822
1115,FADS126,i,18,ADS,4.770974478933208,111.2099394890187,340.5959933334681,1948.5410242235007
1116,FADS126,u,18,ADS,5.94,169.99999999999994,298.3716892144791,703.2271490423552
1117,FADS126,u,18,ADS,6.696189769161799,103.81023083820118,344.3973252454806,840.6927065232517
1118,FADS126,u,18,ADS,6.950146795159109,99.85320484089044,351.2655791123984,891.9142447977483
1119,FADS126,i,18,ADS,7.478525465038084,91.2917413715828,364.53019825415237,2037.2240065689257
1120,FADS126,u,18,ADS,13.34258236216948,107.41763783051894,339.47381572928737,1035.470529848395
1121,FADS126,u,18,ADS,15.92037525212918,73.0333930972602,347.32942745296896,961.3858879197085
1122,FADS126,u,18,ADS,22.04,130.00000000000256,341.91630463859025,840.9338485527128
1123,FADS126,u,18,ADS,22.76,169.99999999999815,378.07365565435794,747.0035110045983
1124,FADS126,a,18,ADS,25.92,83.23670719407872,595.4985454783059,1115.679173009606
1125,FADS126,a,18,ADS,27.91240356062306,136.93761205736976,651.4929837612068,1185.2933347871613
1126,FADS126,i,18,ADS,33.31570330008965,99.59099058718124,357.64865879581043,1950.757066536717
1127,FADS126,i,18,ADS,35.26399019581915,101.2508404302892,307.2177401745687,2110.559968466324
1128,FADS126,a,18,ADS,39.14,119.99999999999744,709.465627519894,1177.2944989665702
1129,FADS126,a,18,ADS,40.05022478793003,121.16903854773398,633.357257703873,1241.0276176247498
1130,FADS126,a,18,ADS,41.15,109.01835023385331,565.1876452306603,1187.4837488438063
1131,FADS126,i,18,ADS,43.1,99.95262858426202,343.1835469231533,2043.0846575838082
1132,FADS126,i,18,ADS,46.9,39.99999999999915,301.66973070466423,2040.2580455279585
1133,FADS126,i,18,ADS,47.17123470500716,76.35309278349922,349.92562385954193,2079.221721729371
1134,FADS126,a,18,ADS,47.46711085359522,82.8891464047743,643.3938106904951,1255.5764267104912
1135,FADS126,i,18,ADS,52.79,130.00000000000256,285.4295480463777,2337.0605212174983
1136,FADS126,i,18,ADS,54.06,120.13136009415604,296.8641697694988,2088.267112206375
1137,FADS126,a,18,ADS,55.26856671327711,97.93114074405906,622.3678178432604,1093.18356916855
1138,FADS126,a,18,ADS,56.15,70.00000000000028,551.5430972925724,1106.9631865126194
1139,FADS126,i,18,ADS,57.88,55.345809892195064,425.9428295701884,1521.3341233551287
1140,FADS126,u,18,ADS,61.12482474310582,105.17525689417795,343.21117165413295,835.6951355870979
1141,FADS126,u,18,ADS,67.93,109.99999999999943,340.986043215257,762.5136018638945
1142,FADS126,a,18,ADS,74.08,159.56813172005013,647.1119117199247,1170.4969602699532
1143,FADS126,u,18,ADS,75.29,80.09662230715264,300.43477243900804,815.0369423155903
1144,FADS126,a,18,ADS,77.07658306336486,134.44783729268295,620.3831429424483,1198.907750230647
1145,FADS126,i,9,ADS,7.4,59.99999999999961,349.98654224593395,1937.5516288044505
1146,FADS126,u,9,ADS,8.74,169.99999999999994,371.8561364878138,756.5772152314995
1147,FADS126,u,9,ADS,9.69,110.00000000000121,321.6472782848658,795.2436591611051
1148,FADS126,u,9,ADS,9.92,119.99999999999922,307.09904969712784,848.3540757830481
1149,FADS126,i,9,ADS,10.49,70.00000000000028,347.22986321697647,1674.8453951210774
1150,FADS126,u,9,ADS,16.74,117.39216411012166,381.88956543686083,1928.0244243304817
1151,FADS126,u,9,ADS,20.59,80.00000000000185,303.4647257445122,1094.9416310097745
1152,FADS126,u,9,ADS,27.75,129.999999999999,297.58451192257024,837.502341133662
1153,FADS126,u,9,ADS,28.53,160.00000000000014,341.1162435092456,679.1434703772267
1154,FADS126,a,9,ADS,32.03,79.9999999999983,641.3329933963383,1233.3012248395798
1155,FADS126,a,9,ADS,34.69,109.99999999999943,666.0026250300645,1209.8753107914692
1156,FADS126,i,9,ADS,40.48760612538088,82.39387461912173,290.27947548896884,1983.0763735123999
1157,FADS126,i,9,ADS,43.63841796796888,91.58203203111981,267.38878698058807,1942.4039660505562
1158,FADS126,a,9,ADS,47.18,79.9999999999983,633.4407694717383,1104.9314824541789
1159,FADS126,a,9,ADS,48.47,109.99999999999943,647.0560277482639,1171.2042473837635
1160,FADS126,a,9,ADS,49.61,119.99999999999744,568.4777743298134,1121.5751682064592
1161,FADS126,i,9,ADS,51.90915599656513,72.3665943913403,332.90115623980853,1930.9395447054867
1162,FADS126,i,9,ADS,56.05,50.00000000000426,281.54189882103833,1971.9770736332594
1163,FADS126,i,9,ADS,56.37251166551802,68.27037206730324,304.2546708714534,1985.8212301146036
1164,FADS126,a,9,ADS,56.68753181705046,92.4681829495384,559.31121651647,1134.6662176632478
1165,FADS126,i,9,ADS,62.89,119.99999999999744,292.7212707563711,2094.03839249823
1166,FADS126,i,9,ADS,64.35,90.00000000000341,319.43147497988207,1991.3915498328906
1167,FADS126,a,9,ADS,65.77,109.99999999999943,574.6842765881465,1083.6764875740448
1168,FADS126,a,9,ADS,66.89,69.99999999999318,650.899777411428,1138.521248066568
1169,FADS126,i,9,ADS,69.15,49.99999999999716,402.80273667463393,1597.3258562800772
1170,FADS126,u,9,ADS,71.90194908093477,106.50178042499192,352.06164620000794,1073.3770504570543
1171,FADS126,u,9,ADS,79.18,139.99999999998636,317.4165673040786,704.5453203236004
1172,FADS126,a,9,ADS,86.18,129.99999999999545,549.198216940703,1115.0479754941657
1173,FADS126,u,9,ADS,87.43,99.99999999999432,328.97060712611955,759.6597762153511
1174,FADS126,a,9,ADS,90.36,113.52231862514373,577.0356981510514,1087.2238788022241
1175,FADS127,i,12,ADS,5.386026185119191,113.9738148808087,316.72863547335237,2211.3999228825323
1176,FADS127,u,12,ADS,6.91,189.9999999999995,320.33560875391066,653.4031671854843
1177,FADS127,u,12,ADS,7.86,139.9999999999997,305.849703671297,646.8067063830146
1178,FADS127,u,12,ADS,8.162047478014227,161.8317087940486,365.51841036316586,657.6225875108257
1180,FADS127,u,12,ADS,18.8989055954826,141.09440451739985,383.7375667568307,874.0259615923704
1181,FADS127,u,12,ADS,22.97250238100319,102.71952773754123,294.10604076800104,678.8691902235535
1182,FADS127,u,12,ADS,30.85,129.999999999999,317.86539081315243,736.3799803620885
1183,FADS127,u,12,ADS,31.87592097493481,164.07902506518823,348.80367322247105,675.4495984659494
1185,FADS127,a,12,ADS,40.03,79.9999999999983,655.9149822528614,1173.7789378740638
1186,FADS127,i,12,ADS,51.66685253674693,173.1474632530734,315.7956948603839,2295.7167794946554
1187,FADS127,i,12,ADS,54.19143755578868,108.56244421131578,318.1682996089321,2204.947165141444
1188,FADS127,a,12,ADS,59.05854968329353,131.45031670647,628.0727883863306,1106.3950803748749
1189,FADS127,a,12,ADS,61.89,140.00000000000057,665.4826001412009,1172.309212253177
1190,FADS127,i,12,ADS,65.31575626206693,94.24373793306984,316.8329899425809,2120.3839783494495
1191,FADS127,i,12,ADS,71.05,60.000000000002274,312.91890958608985,1985.171840860333
1192,FADS127,i,12,ADS,71.96346904948211,66.53095051788682,327.68947633702334,1965.78911857113
1193,FADS127,a,12,ADS,72.325391838313,104.60816168701115,617.2230512179399,1189.4200123229996
1194,FADS127,i,12,ADS,79.76749426663268,132.5057333673243,307.07213673790915,2209.208192007751
1195,FADS127,i,12,ADS,81.37,179.9999999999926,309.5909488313843,2151.196158091747
1196,FADS127,a,12,ADS,83.69,109.99999999999943,655.3532712623105,937.635978175113
1197,FADS127,a,12,ADS,84.7,99.99999999999432,602.5884242893387,890.0564024117003
1198,FADS127,i,12,ADS,88.25,63.12130413144246,377.5370704485874,1865.3682368156653
1199,FADS127,u,12,ADS,92.04857717004631,121.42282995368703,330.9520233660244,651.2384305361576
1200,FADS127,u,12,ADS,102.73,109.99999999999943,381.4154529689513,1449.6881904668828
1201,FADS127,a,12,ADS,113.12,170.0000000000017,612.0052805759846,1015.729073245589
1202,FADS127,u,12,ADS,116.56,130.33638352050048,336.1158857337895,630.3623280983811
1203,FADS127,u,12,ADS,118.5475067332118,215.1295769597965,368.45476190432146,834.2511045576898
1204,FADS127,a,12,ADS,120.4275627502422,175.3984388725911,588.6605758277344,950.214565477047
1205,FADS127,u,9,ADS,8.96,199.9999999999993,275.2679100638733,702.1158819475966
1206,FADS127,u,9,ADS,9.78,150.00000000000034,324.97483769015,894.8461963501225
1207,FADS127,u,9,ADS,10.18,230.00000000000043,288.05441539549753,644.5176184769024
1209,FADS127,u,9,ADS,19.73,140.00000000000057,278.80262241854564,632.2578309703885
1210,FADS127,u,9,ADS,23.68314736316255,126.85263683744807,310.4834566350236,704.5994278369474
1211,FADS127,u,9,ADS,33.73,150.00000000000568,322.7236969118546,748.547442370902
1212,FADS127,u,9,ADS,34.63,169.9999999999946,264.9964536480957,691.0682348103032
1213,FADS127,a,9,ADS,40.45,140.00000000000057,584.6944423604018,1090.5591047257253
1214,FADS127,a,9,ADS,43.52,109.99999999999943,674.8565518174189,1118.3134979879856
1215,FADS127,i,9,ADS,53.34727008598092,202.72991401908058,274.38592305738354,2288.672462827555
1216,FADS127,i,9,ADS,56.51,160.0000000000037,257.30714596833116,2189.564089656875
1217,FADS127,a,9,ADS,62.28805860182371,131.9413981762949,624.739273428358,1067.207256647387
1218,FADS127,a,9,ADS,64.23,170.0000000000017,600.9827275183368,1126.5732492647128
1219,FADS127,a,9,ADS,65.91,180.00000000000682,622.0749918379945,1027.6160357231893
1220,FADS127,i,9,ADS,69.56561146927135,103.07227452368295,339.851526139186,2052.287901445306
1221,FADS127,i,9,ADS,78.24,79.9999999999983,331.7353270031098,2101.7099526863635
1222,FADS127,i,9,ADS,78.64,120.00000000000455,313.3683797691885,2099.89817710462
1223,FADS127,a,9,ADS,79.06,109.99999999999943,597.1001544497373,1128.3223424179887
1224,FADS127,i,9,ADS,85.31,120.00000000000455,253.99096702410944,2255.5923660483313
1225,FADS127,i,9,ADS,87.34,159.9999999999966,303.6140279338015,2174.939843915019
1226,FADS127,a,9,ADS,90.0,129.99999999999545,678.6415740341369,1305.2021386587792
1227,FADS127,a,9,ADS,91.20777842623136,119.06624815668465,585.4394896894634,981.125616738483
1228,FADS127,i,9,ADS,93.59,49.99999999999716,383.9807294178118,1544.4015859569697
1229,FADS127,u,9,ADS,97.48751355622584,132.48644377416952,283.9097145290732,737.7000064764578
1230,FADS127,u,9,ADS,108.56,140.00000000000057,305.6373296755077,708.0150225280654
1231,FADS127,a,9,ADS,119.34,189.99999999999773,685.3614296987997,1185.8118933772641
1232,FADS127,u,9,ADS,122.63,100.00000000000853,322.97558563006777,668.2901406087997
1233,FADS127,u,9,ADS,124.9799570066272,293.222849938104,433.55200035752506,796.0489829013685
1234,FADS127,a,9,ADS,126.52,150.00000000000568,589.3157922569718,1050.3266414287561
1235,FADS128,i,12,ADS,7.619975496507228,150.0245034927712,333.3894891279447,2133.652352898628
1237,FADS128,u,12,ADS,11.91349362898312,196.50637101687886,293.79508660900177,727.6314326403495
1238,FADS128,u,12,ADS,12.38451319143408,235.48680856591986,388.3304247963788,707.6216356982791
1239,FADS128,i,12,ADS,13.21,109.99999999999943,320.41929827067145,1942.766212671979
1240,FADS128,u,12,ADS,21.98,159.1579711606279,439.37561523421664,2191.6453690686603
1241,FADS128,u,12,ADS,26.4679136691573,124.58679578745802,304.46989543776897,656.2623892021379
1242,FADS128,u,12,ADS,36.9467528860037,130.73923014734135,322.24945487674074,790.9233417032009
1243,FADS128,u,12,ADS,38.36,140.00000000000057,386.9819393404878,836.1488541699331
1244,FADS128,a,12,ADS,43.55037004082141,103.05327552789834,692.9676635045357,1145.0011293344257
1245,FADS128,a,12,ADS,46.98,160.0000000000037,717.4890175515536,1011.5041068822867
1246,FADS128,i,12,ADS,55.2755391746278,114.46082537219837,301.3896848621371,2076.0242095543017
1247,FADS128,i,12,ADS,57.75,90.00000000000341,282.6435844045646,1783.1499340845025
1248,FADS128,a,12,ADS,62.90553671804003,104.59138411786029,689.1529493338305,1196.8398656100874
1249,FADS128,a,12,ADS,64.44,128.60144151602526,500.03711100287506,972.8803984385523
1250,FADS128,a,12,ADS,66.05208894922775,118.4343614275889,700.1061435527805,1076.3403462670663
1251,FADS128,i,12,ADS,69.17758177078349,102.41822921651078,316.1709952484221,1859.7322885988865
1252,FADS128,i,12,ADS,75.32,50.00000000001137,278.31867791601354,1878.748323046018
1253,FADS128,i,12,ADS,75.75261106040911,97.38893959088557,330.5935167107705,2034.204208343891
1254,FADS128,a,12,ADS,76.19403607418799,104.59138411786739,636.9545796383973,1159.015913959885
1255,FADS128,i,12,ADS,83.2,170.0000000000017,320.1148415303318,2125.655042641612
1256,FADS128,i,12,ADS,85.7,140.00000000000057,273.2512017115076,2016.442179654553
1257,FADS128,a,12,ADS,87.67227538905054,84.59597244828387,712.8154716347296,1169.4234309877133
1258,FADS128,a,12,ADS,88.75,79.9999999999983,705.1069936451863,1158.061951315983
1259,FADS128,i,12,ADS,91.59534090475776,54.65909524224344,386.95119164523214,1394.1309616486105
1260,FADS128,u,12,ADS,96.01925093725951,106.12949270785066,287.77033106672,763.4700084995414
1261,FADS128,u,12,ADS,108.22,129.99999999999545,275.1815513958369,627.5394594219403
1262,FADS128,a,12,ADS,118.48,140.00000000000057,614.1359099539122,1103.5182454168366
1263,FADS128,u,12,ADS,120.51,110.03596794239456,344.03506075167155,696.5926987111066
1264,FADS128,u,12,ADS,122.4279254560884,262.074543911595,494.8148331744791,831.2659994386632
1265,FADS128,a,12,ADS,123.6080472376557,104.59138411779634,607.9411834496395,1117.8727582506713
1266,FADS128,i,9,ADS,12.44,99.99999999999964,304.6553834793901,2172.814223374048
1267,FADS128,u,9,ADS,14.47,129.999999999999,322.1744652550201,645.5315555534817
1268,FADS128,u,9,ADS,16.11,240.000000000002,335.94990578351815,790.8572443376022
1269,FADS128,u,9,ADS,16.52571768067092,264.2823193290802,399.60753051221997,753.462854672681
1270,FADS128,i,9,ADS,17.26,89.99999999999986,312.7057111577033,1816.0386092856406
1271,FADS128,u,9,ADS,25.54,118.1933934450008,327.3523772367199,746.2938556488699
1272,FADS128,u,9,ADS,30.24205991832997,127.94008167002957,335.6345220197001,723.8873948815758
1273,FADS128,u,9,ADS,40.17826737764076,120.5017588194437,319.4601690951929,1304.3499778752334
1274,FADS128,u,9,ADS,41.45,159.9999999999966,314.74875299225516,541.3900218277838
1275,FADS128,a,9,ADS,45.73,90.00000000000341,647.1310296610608,1152.3731574498868
1276,FADS128,a,9,ADS,48.4,109.99999999999943,657.8959120691953,1008.7530094211172
1277,FADS128,i,9,ADS,56.26325529373231,148.0864987901498,292.79982006015666,2171.4390595756013
1278,FADS128,i,9,ADS,59.33388187334413,104.53164620480493,231.88688201290378,1918.3293933604798
1279,FADS128,a,9,ADS,63.92631406927813,113.68593072187849,561.0825785211688,1035.7438720685795
1280,FADS128,a,9,ADS,65.53,129.99999999999545,674.1782171278239,1157.796736252585
1281,FADS128,a,9,ADS,67.22,109.99999999999943,573.4251490537745,1100.7954809507396
1282,FADS128,i,9,ADS,70.3920951840851,101.62798936578099,279.6418245865199,2163.6431459012333
1283,FADS128,i,9,ADS,76.13,50.00000000001137,295.9860189563983,1997.4284462194314
1284,FADS128,i,9,ADS,76.48,89.9999999999892,317.8348365386044,2117.202000544868
1285,FADS128,a,9,ADS,76.8420739292221,103.07981778530007,566.691306689758,1080.6609590043759
1286,FADS128,i,9,ADS,84.51,179.9999999999926,291.42721589598835,2316.2076144465477
1287,FADS128,i,9,ADS,86.93,129.99999999999545,263.9452961862612,2056.844563769242
1288,FADS128,a,9,ADS,88.72,87.61267172707221,581.4406703726347,1027.442350302661
1289,FADS128,a,9,ADS,90.24,93.15949335088192,576.5120417771575,1006.0390635690768
1290,FADS128,u,9,ADS,92.77,120.00000000000455,433.94563955784884,852.5065763529784
1291,FADS128,i,9,ADS,93.16,40.00000000000625,374.63714011134107,1310.599252322823
1292,FADS128,u,9,ADS,97.54,109.99999999999943,346.1705054276435,688.3731252510503
1293,FADS128,u,9,ADS,110.08,189.99999999999773,202.98462740068376,707.2754871577057
1294,FADS128,a,9,ADS,120.83,140.00000000000057,592.6349451216577,983.1911085996082
1295,FADS128,u,9,ADS,122.98,109.99999999999943,300.7312927891344,807.1285757372211
1296,FADS128,u,9,ADS,124.99,150.00000000000568,399.5629357573487,825.4380900279565
1297,FADS128,a,9,ADS,125.75,120.00000000000455,592.0967075390072,1037.089974451857
1298,FADS130,i,12,ADS,6.187783188357687,142.21681164231282,365.7128976598443,2082.617635938586
1299,FADS130,u,12,ADS,8.01,205.2987935975903,300.17523337775924,636.8844197990277
1300,FADS130,u,12,ADS,9.35,150.00000000000034,313.1008170601466,591.383210596175
1301,FADS130,u,12,ADS,9.770967467174149,239.03253282585092,324.39718279808216,600.9345787316246
1302,FADS130,i,12,ADS,10.54,90.00000000000163,343.2656146921058,2031.9420734544215
1303,FADS130,u,12,ADS,19.06,140.00000000000057,335.05512627246605,920.4175249495165
1304,FADS130,u,12,ADS,22.16275451752955,127.24548247044964,264.7854230299475,515.4926503313516
1305,FADS130,u,12,ADS,32.01520980646371,134.79019353628985,238.93417471637215,503.9942042621271
1306,FADS130,u,12,ADS,33.35,210.00000000000085,331.4299577363592,602.314439037525
1307,FADS130,a,12,ADS,38.13,140.00000000000057,515.4480232160679,944.9681420047528
1308,FADS130,a,12,ADS,41.62,120.00000000000455,560.9696943001863,952.946931233854
1309,FADS130,i,12,ADS,49.19,127.99837552736903,367.3622647309635,2016.677490075038
1310,FADS130,i,12,ADS,52.12628056565664,93.71943434335606,323.404183173407,2022.8270157143627
1311,FADS130,a,12,ADS,57.40739074533735,93.75751687606027,638.1195938770643,1017.8611391172612
1312,FADS130,a,12,ADS,59.68,160.0000000000037,641.0718885718487,1006.3420348386488
1313,FADS130,a,12,ADS,61.65121901039115,128.78098960884898,701.6413830250128,1039.137838108703
1314,FADS130,i,12,ADS,64.8255640271026,84.43597289739557,377.74268984255167,2017.1498331615162
1315,FADS130,i,12,ADS,70.23,60.24123002218573,359.3261432318416,2189.9479297189187
1316,FADS130,i,12,ADS,70.6357621356796,84.23786432040004,322.02795720604587,2050.350167717007
1317,FADS130,a,12,ADS,71.00141645149625,108.58354850374496,591.0390211190022,958.002665384598
1318,FADS130,i,12,ADS,77.40685423859871,153.7623276767448,322.95823914149645,2067.276094316854
1319,FADS130,i,12,ADS,79.57,115.96376704417821,298.38983597585116,2132.849747347888
1320,FADS130,a,12,ADS,82.32,70.00000000000739,616.041163883927,985.3138910501165
1321,FADS130,a,12,ADS,83.08,116.48218198830307,526.8011027422249,864.460049304708
1322,FADS130,u,12,ADS,90.6997281823345,116.25932092630364,303.86756262703625,547.530380797324
1323,FADS130,u,12,ADS,102.25,180.00000000000682,295.1476046897183,613.6246846741413
1324,FADS130,a,12,ADS,112.89,129.99999999999545,597.4712649943037,1010.1843706937275
1325,FADS130,u,12,ADS,114.8066423627399,103.13326856370963,321.64034936326004,531.261113353828
1326,FADS130,a,12,ADS,117.53,109.99999999999943,581.9482265141072,1029.8510000356237
1327,FADS130,i,9,ADS,6.279683320020956,140.31667997904407,346.50628824737646,2128.270207338387
1328,FADS130,u,9,ADS,8.193009527688426,266.9904723115746,359.1134909244285,640.4589809342076
1329,FADS130,u,9,ADS,9.22,284.7466209768577,355.63382886729664,632.9178190354577
1330,FADS130,u,9,ADS,9.794297870073809,245.70212992619034,327.21291923706804,595.6583080120074
1331,FADS130,i,9,ADS,10.66,109.99999999999943,344.17094322966074,2025.338223591352
1332,FADS130,u,9,ADS,19.91290061515204,213.6781033996904,324.0031139449859,585.9436319609429
1333,FADS130,u,9,ADS,23.11378144195935,181.45680209338977,315.5011927672994,608.1151932693264
1334,FADS130,u,9,ADS,32.22,170.0000000000017,348.956363245654,575.266249100251
1335,FADS130,u,9,ADS,33.59,179.99999999999972,321.32716432337367,561.9332063149071
1336,FADS130,a,9,ADS,39.18,160.0000000000037,504.93185310633226,860.3620986997805
1337,FADS130,a,9,ADS,42.69,179.99999999999972,517.6412637588762,923.5744668259558
1338,FADS130,i,9,ADS,51.2492173586671,140.78264133289764,394.1148997124353,2175.3935853366297
1339,FADS130,i,9,ADS,53.54,109.99999999999943,311.78861290505046,2101.919441271678
1340,FADS130,a,9,ADS,58.55,127.88089634234012,557.9472954564407,856.3231516101331
1341,FADS130,a,9,ADS,60.49,159.9999999999966,585.8759562570185,960.8609572757842
1342,FADS130,a,9,ADS,62.51842673563547,151.57326436452934,534.8904180037936,979.6395508309341
1343,FADS130,i,9,ADS,65.78642276780647,133.5772321935309,363.75674530572417,2010.2450808800402
1344,FADS130,i,9,ADS,71.41517285949031,94.82714050969321,280.788782893174,2040.3906725583083
1345,FADS130,a,9,ADS,71.81193469430856,154.32307467756345,576.1662157074417,968.7190243916455
1346,FADS130,i,9,ADS,80.3,206.38534811455145,342.7786924526841,2099.690630746863
1347,FADS130,i,9,ADS,82.4,159.9999999999966,337.43633475053264,2102.2113118408024
1348,FADS130,a,9,ADS,84.8,147.93904588758267,523.48380127314,872.0043310681776
1349,FADS130,a,9,ADS,85.93,129.99999999999545,545.3928870753631,927.1510913176543
1350,FADS130,u,9,ADS,92.87797426595262,202.0257340473819,277.7513941021961,564.5198815889162
1351,FADS130,u,9,ADS,105.13,170.0000000000017,369.41107062662496,749.223833516013
1352,FADS130,a,9,ADS,115.3805492618744,203.50295561878795,455.59394334537564,914.431661791878
1353,FADS130,u,9,ADS,117.99,165.95257089390714,349.72118509489127,856.4961559805174
1354,FADS130,a,9,ADS,120.64,150.00000000000568,538.9575644351365,876.4550731618747
1355,FADS132,i,12,ADS,6.98,89.99999999999986,289.74242972751847,1987.0164785631573
1356,FADS132,u,12,ADS,8.23,189.9999999999995,287.3488416040489,629.0540725455262
1357,FADS132,u,12,ADS,9.84,89.99999999999986,408.06024028888555,894.45639133499
1358,FADS132,u,12,ADS,10.09,140.00000000000057,327.83774933950326,1269.7499665306095
1359,FADS132,i,12,ADS,10.71,69.99999999999851,312.8277341359018,1974.7719550691395
1360,FADS132,u,12,ADS,16.7,100.33395982313209,451.81174647380936,1448.2720410764596
1361,FADS132,u,12,ADS,20.19383054630201,86.16945369799112,315.41540306474934,807.075278552986
1362,FADS132,u,12,ADS,29.01,160.00000000000014,253.97972962254326,567.8973986496184
1363,FADS132,u,12,ADS,29.98890516748024,153.59534071005143,240.33649843809079,764.5418390573368
1364,FADS132,a,12,ADS,34.32,97.34295166059326,790.4744781782258,1149.8065880730996
1365,FADS132,a,12,ADS,37.77,70.00000000000028,578.4389345536508,1082.2095937745717
1366,FADS132,i,12,ADS,45.09345899812676,106.54100187323934,282.96233031719646,2096.6848775798453
1367,FADS132,i,12,ADS,47.08,70.00000000000028,247.01160019127536,2038.2349128795481
1368,FADS132,a,12,ADS,51.13520255357277,143.18209727209563,560.4869056824953,1059.449725337386
1369,FADS132,a,12,ADS,52.9,100.00000000000142,571.8348900808649,1005.4280747196071
1371,FADS132,i,12,ADS,62.02,71.67808913497709,339.1420417591339,2052.5944109663237
1372,FADS132,i,12,ADS,62.33,50.00000000000426,333.56741792802154,1813.8087050946795
1373,FADS132,a,12,ADS,62.61093331389716,96.32250180120394,557.6189013057165,1037.8707842421413
1374,FADS132,i,12,ADS,69.67,111.08547213760289,291.3929127242835,2133.945504029258
1375,FADS132,i,12,ADS,71.47747668782064,93.71919094172654,333.8010907130581,2274.204526599218
1376,FADS132,i,12,ADS,77.14236047546383,46.85959547084906,415.0931339968588,1435.411998647602
1378,FADS132,u,12,ADS,92.58,79.9999999999983,312.17325137995573,599.3128759128765
1379,FADS132,a,12,ADS,101.06,90.00000000000341,622.9467112992247,1068.1311851367573
1380,FADS132,u,12,ADS,102.3,109.99999999999943,378.8849199936971,830.1037222236968
1381,FADS132,i,9,ADS,9.73,99.99999999999964,265.9459248448692,2253.1750883466693
1382,FADS132,u,9,ADS,11.87,154.3866153912905,291.68794982976556,616.8211692247129
1383,FADS132,u,9,ADS,13.65,60.0000000000005,292.7421590958192,868.6600154873668
1384,FADS132,u,9,ADS,13.89,149.99999999999858,246.97248767305362,577.4310981270902
1385,FADS132,i,9,ADS,14.75,70.00000000000028,314.1355053442278,2009.2546288860317
1386,FADS132,u,9,ADS,22.84440023308284,159.86973397246018,236.71407156548318,800.5394465731753
1387,FADS132,u,9,ADS,27.57493505455146,153.03769405910117,243.53342735190853,676.2873652983405
1388,FADS132,u,9,ADS,37.43,160.0000000000037,260.8898270921851,716.4060229386614
1389,FADS132,u,9,ADS,38.83,320.0000000000003,263.89008218399925,799.5814018346758
1390,FADS132,a,9,ADS,44.94,200.00000000000284,572.2124602448882,998.0572445969098
1391,FADS132,a,9,ADS,49.16,110.00000000000654,569.6294990371589,1052.1974091010263
1392,FADS132,i,9,ADS,58.26172762586126,92.91574282159587,308.6517618662639,2157.6800928046423
1393,FADS132,a,9,ADS,65.7159514081595,133.90798230172152,385.3464365520216,956.3251983260276
1394,FADS132,a,9,ADS,67.22,99.99999999999432,913.5505170932528,1350.8920607545429
1395,FADS132,i,9,ADS,72.7,87.93573008620115,347.88592517416873,2186.111262774003
1396,FADS132,i,9,ADS,79.49301041558336,72.4196230815437,284.3204667061973,2372.675237428501
1397,FADS132,i,9,ADS,79.81,60.13901880044159,314.04845597667037,1935.2941837912542
1398,FADS132,a,9,ADS,80.12023047040498,110.67904659631722,544.6957816968363,1013.4335221183946
1399,FADS132,i,9,ADS,88.62,99.99999999999432,204.26661879682644,2381.605805299081
1400,FADS132,i,9,ADS,90.58,150.00000000000568,1091.5865444310277,2249.956170131888
1401,FADS132,a,9,ADS,94.42,79.9999999999983,534.8810671625085,1005.0314043864888
1403,FADS132,u,9,ADS,113.88,90.00000000000341,365.9362347027392,1293.1518586609664
1404,FADS132,a,9,ADS,125.04,94.84926855499509,683.9259345119137,1370.5731085341617
1405,FADS132,u,9,ADS,127.63,150.00000000000568,272.82188783888205,852.141311259845
1406,FADS132,a,9,ADS,130.66,99.99999999999432,632.2342263980224,1169.02651053225
1407,FADS133,i,12,ADS,6.358297839495179,101.70216050482139,266.8627893178685,2081.528069855463
1408,FADS133,u,12,ADS,7.73,247.44988059430818,298.9410625237799,1115.433450237879
1409,FADS133,u,12,ADS,8.70515207010388,114.84792989612025,293.23614538621825,756.3234887068683
1410,FADS133,u,12,ADS,8.99674192484521,133.2580751547905,315.89373923858574,641.5869902203559
1411,FADS133,i,12,ADS,9.47,69.99999999999851,347.9369518061261,2121.6513946191753
1412,FADS133,u,12,ADS,15.38711357411143,146.70048592576103,388.968486326759,1398.222473490393
1413,FADS133,u,12,ADS,17.71,140.00000000000057,345.7548749846609,984.3041632393507
1414,FADS133,u,12,ADS,24.55,99.99999999999787,399.1627240311874,843.4525718491485
1415,FADS133,u,12,ADS,25.45483678557465,225.1632144253506,346.55694263398794,740.8068356927096
1417,FADS133,a,12,ADS,31.39,140.00000000000057,542.791838492948,956.2360021847902
1418,FADS133,i,12,ADS,36.57,78.7813285479686,289.459294451223,1954.0980388337466
1419,FADS133,i,12,ADS,38.58,90.00000000000341,279.2135147852777,2218.5631203472453
1420,FADS133,a,12,ADS,41.67,109.99999999999943,573.1846264698809,1061.0151181775911
1421,FADS133,a,12,ADS,43.01,80.0000000000054,643.1943318454022,1067.7553286565512
1422,FADS133,a,12,ADS,44.11,79.9999999999983,567.9363189108075,1058.7419608289283
1423,FADS133,i,12,ADS,46.07528236065954,74.71763934045583,338.5097877786556,1988.9664476961784
1424,FADS133,i,12,ADS,49.23,50.00000000000426,331.3499439009405,1989.207209150771
1425,FADS133,i,12,ADS,49.56,79.9999999999983,260.0814381332529,2130.3245313061793
1427,FADS133,i,12,ADS,55.37253700554434,97.46299445566109,263.9233172895381,2162.2578752098034
1428,FADS133,i,12,ADS,56.69,100.50829189664512,302.8130366300061,2002.9569626419805
1429,FADS133,a,12,ADS,58.1,89.9999999999963,597.5032110553404,1000.6310158876894
1430,FADS133,a,12,ADS,58.94,110.47226238755314,546.293299344978,995.8390915519657
1431,FADS133,i,12,ADS,60.62509017047851,47.08904486505361,422.016947901931,1707.6135448417972
1432,FADS133,u,12,ADS,63.36,100.00000000000142,316.1883243698138,765.2848853893262
1433,FADS133,u,12,ADS,71.38,100.00000000000853,311.69482487604785,720.1238574042944
1434,FADS133,a,12,ADS,77.27,97.9106508838612,583.6843301313673,935.5602045753036
1435,FADS133,u,12,ADS,78.33,91.68729798625463,333.44299134293954,673.7247881153854
1436,FADS133,a,12,ADS,79.97,90.00000000000341,568.6024595175204,1074.1974900044734
1437,FADS133,i,9,ADS,6.05,89.99999999999986,261.83072199407354,2158.451708506518
1438,FADS133,u,9,ADS,7.8,250.00000000000088,259.21405914051434,561.6913643330323
1439,FADS133,u,9,ADS,8.92,99.99999999999964,345.1333109864758,849.7320321232556
1440,FADS133,u,9,ADS,9.16,199.9999999999993,311.28469397058615,713.8290867261429
1441,FADS133,i,9,ADS,9.66,80.00000000000007,332.8368807424576,1970.3064318875079
1442,FADS133,u,9,ADS,15.63,129.999999999999,257.4365601432011,534.4252774054584
1443,FADS133,u,9,ADS,17.97487519221998,85.1248077800193,315.07393341317066,797.851649407982
1444,FADS133,u,9,ADS,23.96,109.99999999999943,355.0169908808739,638.3231562070613
1445,FADS133,u,9,ADS,24.65,220.00000000000242,276.9197739789246,588.5649633177919
1446,FADS133,a,9,ADS,27.85,109.99999999999943,430.99074527794903,961.3808519789886
1447,FADS133,a,9,ADS,30.19,99.51083440148878,470.3879553835131,975.1920655863875
1448,FADS133,i,9,ADS,35.25899779083393,71.92533490886888,334.4792706036924,2071.724627793746
1449,FADS133,i,9,ADS,36.96,89.9999999999963,281.42867768099455,2259.811595809658
1450,FADS133,a,9,ADS,40.06248039745474,112.24711356990724,582.9416077671787,1098.0987886158564
1451,FADS133,a,9,ADS,41.26,100.00000000000142,630.0915848435602,971.2552724350003
1452,FADS133,a,9,ADS,42.33,88.45103309587188,656.1070990807002,1120.3086647053835
1453,FADS133,i,9,ADS,44.36033497959901,71.92533490886888,320.4650785260063,2095.490084079676
1454,FADS133,i,9,ADS,47.87,60.000000000002274,330.16121845785375,1903.2137654002395
1455,FADS133,i,9,ADS,48.18680674181317,83.19325818683154,304.5925083723867,2001.846395824132
1456,FADS133,a,9,ADS,48.51,104.47907502336307,579.9677684249194,1132.7479887262332
1457,FADS133,i,9,ADS,53.18,149.99999999999858,290.7317861677806,2169.4535093042327
1458,FADS133,i,9,ADS,54.7,79.9999999999983,334.08973820781506,2124.162385809622
1459,FADS133,a,9,ADS,56.44,113.93019255045544,500.0076563509342,916.0731191604697
1460,FADS133,a,9,ADS,57.09,119.99999999999744,497.513303539132,831.9620921458768
1461,FADS133,i,9,ADS,58.77,39.99999999999915,396.99366489246,1640.0311079389217
1462,FADS133,u,9,ADS,61.11657190500595,101.34933555341519,278.1913467583895,707.0593339969765
1463,FADS133,u,9,ADS,68.78,120.00000000000455,295.61947070830865,743.9379708584311
1464,FADS133,a,9,ADS,75.2,140.00000000000057,591.2893172959114,993.6159824433705
1465,FADS133,u,9,ADS,76.6,104.4149042059388,273.27351095581236,598.8571714537223
1466,FADS133,a,9,ADS,78.47,109.99999999999943,582.670730134927,1051.0013964436648
1467,FADS134,i,12,ADS,5.02,100.00000000000054,335.377612795145,2147.4021773266863
1468,FADS134,u,12,ADS,6.499129764501613,83.27742985099374,403.3432492590986,880.0151641867471
1469,FADS134,u,12,ADS,7.35,160.00000000000014,324.9642239030348,802.5960414088776
1470,FADS134,u,12,ADS,7.737886558685274,192.11344131472606,330.1213899035168,778.5847919160709
1471,FADS134,i,12,ADS,8.31,70.00000000000028,356.5216298517315,1968.2460090675143
1472,FADS134,u,12,ADS,14.03954657987712,93.07477453934965,390.6231653761313,519.2148778495554
1473,FADS134,u,12,ADS,16.53707589242784,78.37875750681889,371.5852096566595,1008.2181918338777
1474,FADS134,u,12,ADS,22.65,89.99999999999986,371.03874027476223,747.8664051192039
1475,FADS134,a,12,ADS,26.87,109.99999999999943,610.7498805306789,1051.523783176209
1476,FADS134,a,12,ADS,29.26,99.99999999999787,659.6379726514798,1096.8469144494875
1477,FADS134,i,12,ADS,36.17044262486398,86.54321141377608,332.4957550665061,2034.3464500710572
1478,FADS134,i,12,ADS,37.7331433459732,96.85665402680144,309.78004157919815,2057.831028678039
1479,FADS134,a,12,ADS,41.62,111.03475896334913,651.4930020250918,1206.6664551495464
1480,FADS134,a,12,ADS,42.66,100.00000000000142,661.3323487894877,1079.9464744062443
1481,FADS134,a,12,ADS,43.84,79.9999999999983,601.0465626441487,1076.2918824155752
1482,FADS134,i,12,ADS,46.2694642690395,76.7458667254175,341.7055821095997,1940.2295266681697
1483,FADS134,i,12,ADS,50.37,50.00000000000426,357.23261606742875,1967.2318877301477
1484,FADS134,i,12,ADS,50.66,65.93346394130606,337.9152601104899,1916.0592736043232
1485,FADS134,i,12,ADS,55.74,159.9999999999966,325.5835097495677,2137.7407177773266
1486,FADS134,i,12,ADS,57.8,109.99999999999943,318.4595249435639,2055.2676111326373
1487,FADS134,a,12,ADS,59.64,79.9999999999983,589.3696701850085,1014.1352163008248
1488,FADS134,a,12,ADS,60.35,89.9999999999963,694.6108713059571,1047.1996849701443
1489,FADS134,i,12,ADS,62.59270238355844,47.297616441561274,411.9312713947531,1358.5619380676037
1490,FADS134,u,12,ADS,65.61,90.00000000000341,363.790220177797,866.6850105678935
1491,FADS134,u,12,ADS,74.12302967029407,101.23922844630329,317.8567480759275,676.0702786421901
1492,FADS134,a,12,ADS,81.23,179.9999999999926,602.3317761274591,1094.2080701091545
1493,FADS134,u,12,ADS,82.71,113.57487815716638,431.90345472992306,562.9847162035679
1494,FADS134,a,12,ADS,84.68,69.99999999999318,597.8797167345638,1053.0276056650914
1495,FADS134,i,15,ADS,5.05,100.00000000000054,339.743535505525,1973.5944758916366
1496,FADS134,u,15,ADS,6.41,149.99999999999946,367.6617391652411,1303.740023657151
1497,FADS134,u,15,ADS,7.59,120.00000000000011,417.4645660825741,1163.4038537273725
1498,FADS134,i,15,ADS,8.064802916430754,85.1970835692466,358.7559622249054,1864.7657905241067
1499,FADS134,u,15,ADS,13.76,121.74018171543999,321.15575573857143,626.6971342018651
1500,FADS134,u,15,ADS,16.21802019611103,92.8122660657209,406.93941033922454,1262.222807721245
1501,FADS134,u,15,ADS,22.74,152.62189755561195,291.3431001623546,668.637721071271
1502,FADS134,a,15,ADS,26.92749639807105,155.79201803888054,611.221804865288,1129.2530329987176
1503,FADS134,a,15,ADS,29.24757595090562,97.23189778312857,622.1082827812517,1181.2087278015645
1504,FADS134,i,15,ADS,35.0396782953243,140.8281670117404,313.9634231055893,1962.2823178404517
1505,FADS134,i,15,ADS,37.31125165143773,68.74834856227352,305.45925703430237,2015.635639076244
1506,FADS134,a,15,ADS,41.05717447110579,90.60245020700819,615.7277660911202,1168.6695135608907
1507,FADS134,a,15,ADS,43.57,100.00000000000142,600.4678113811877,1049.176999193352
1508,FADS134,i,15,ADS,45.48342783338727,64.08465990251955,345.09817770702404,1858.0250570862152
1509,FADS134,i,15,ADS,49.57727951240593,64.08465990251955,322.22445722688485,1802.2645614763726
1510,FADS134,i,15,ADS,49.91,63.51701457104042,331.0245842081125,1903.6483822598184
1511,FADS134,a,15,ADS,50.17,93.39799987515818,650.4028439788034,1200.0793338341114
1512,FADS134,i,15,ADS,57.19,109.99999999999943,321.3709371224687,2013.5228242690453
1513,FADS134,i,15,ADS,58.67827338267769,101.72661732231347,344.0422158995385,1953.4284809782826
1514,FADS134,a,15,ADS,60.36,84.51609348841771,561.0009970008753,998.3811235870644
1515,FADS134,a,15,ADS,61.35,100.00000000000142,533.2567799804222,963.7273629584461
1516,FADS134,i,15,ADS,63.14,49.53880421719248,292.243645833031,1994.8522470022667
1517,FADS134,u,15,ADS,66.07861660400948,83.97300263089846,539.5953374801044,1194.3293855306788
1518,FADS134,u,15,ADS,74.64364971303388,136.3502869661204,376.7814990310921,718.2480254369518
1519,FADS134,a,15,ADS,81.06,204.82072605591384,611.509261519125,1074.3290733589579
1520,FADS134,u,15,ADS,82.70761076920897,100.54662157119765,391.7171869721018,724.6853870317611
1521,FADS134,a,15,ADS,85.21,88.87567428496368,564.1907692723854,935.1379716390867
1522,FADS134,i,18,ADS,3.717350753585833,115.33802807037397,322.76860857276114,1992.9536647177888
1523,FADS134,u,18,ADS,4.95,229.99999999999955,416.81161178577514,1551.6867272348402
1524,FADS134,u,18,ADS,5.97,89.99999999999986,330.94189138307496,815.8155481937328
1525,FADS134,u,18,ADS,6.185840605389953,175.9440833706858,447.1302369527689,864.0443844286253
1526,FADS134,i,18,ADS,6.628397054291789,96.27129090094132,342.30878464865543,1737.7602828922693
1527,FADS134,u,18,ADS,12.03071580149038,119.50918870461891,439.51106201646047,593.3894751623935
1528,FADS134,u,18,ADS,14.24553917105563,102.91069027342026,262.7508437726829,613.5389405712708
1529,FADS134,u,18,ADS,20.37069699686247,105.40046503809819,390.58371961049943,765.3178718779469
1530,FADS134,u,18,ADS,21.0,120.000000000001,489.4372014085149,1167.5492805789174
1531,FADS134,a,18,ADS,23.89362701703284,121.16903854773753,594.3301890842149,1089.4179369872559
1532,FADS134,a,18,ADS,25.73,114.46604661600901,589.1732853828236,1112.8577794344537
1533,FADS134,i,18,ADS,30.38769750112077,90.98001176602111,299.9223643088509,1974.6803391933909
1534,FADS134,i,18,ADS,32.07,101.04136317814749,328.72677328163604,1882.2137809662154
1535,FADS134,a,18,ADS,35.51680552442856,93.1944755714369,611.1584889144077,1174.4626371540808
1536,FADS134,a,18,ADS,37.76,120.00000000000455,582.3069405119477,1080.9558815619187
1537,FADS134,i,18,ADS,39.84,73.47777061841754,353.4433956449751,1853.363643410638
1538,FADS134,i,18,ADS,44.72,41.8098666513842,235.06913189661032,1800.7354530922876
1539,FADS134,i,18,ADS,44.97095094688446,70.54361833258582,353.58876075241113,1800.9208692493046
1540,FADS134,a,18,ADS,45.25821415564734,93.78151613627494,617.3430524376014,1207.0290537819976
1541,FADS134,i,18,ADS,49.39,130.1090452340503,324.6297277880119,2041.4170041589937
1542,FADS134,i,18,ADS,50.82327308904021,106.72691095979303,306.6689370656848,2014.6634652942766
1543,FADS134,a,18,ADS,52.27,89.9999999999963,552.1846708738848,1068.9264600290153
1544,FADS134,a,18,ADS,53.2,79.9999999999983,526.5582860982279,992.7520978210414
1545,FADS134,u,18,ADS,57.6925157639123,91.20222620359186,412.8218390986904,855.8374967503448
1546,FADS134,u,18,ADS,65.07,131.47970603570514,387.63194011070385,688.006398468961
1547,FADS134,a,18,ADS,71.85213570030463,163.43438935680865,601.8533849004478,1040.5731325032646
1548,FADS134,u,18,ADS,73.38,90.00000000000341,448.87522662179435,885.5447498588233
1550,FADS135,i,12,ADS,5.43,100.00000000000054,258.6732035419454,1735.282799112768
1551,FADS135,u,12,ADS,6.9,149.99999999999946,328.5175074229096,740.9404615810829
1552,FADS135,u,12,ADS,7.94,110.00000000000031,331.0903333583959,794.0211570796821
1553,FADS135,u,12,ADS,8.215846911763055,174.1530882369453,389.0396756698202,674.8800352980805
1554,FADS135,i,12,ADS,9.087855106407236,92.14489359276357,334.98552596175915,1984.3302070909876
1555,FADS135,u,12,ADS,15.89148998251633,118.51001748367196,422.30151967858177,720.1479535641138
1556,FADS135,u,12,ADS,19.82615492896846,103.8450710315395,305.5219572536609,858.315464009544
1557,FADS135,u,12,ADS,27.56,130.00000000000256,386.81078888819735,665.9250350401758
1558,FADS135,u,12,ADS,28.6,160.00000000000014,335.0077908967496,676.6404859900362
1559,FADS135,a,12,ADS,32.7,89.9999999999963,703.0154088248149,1087.3199422413923
1560,FADS135,a,12,ADS,35.74,169.9999999999946,693.1427781473222,1018.2224377414684
1561,FADS135,i,12,ADS,44.32589121986924,110.53577604909748,260.74021780271846,1998.3208171749116
1562,FADS135,i,12,ADS,46.60916898172808,90.83101827192053,303.7137424532,1896.492827591469
1563,FADS135,a,12,ADS,51.11,119.2551046896071,780.991927151451,1141.0949926171554
1564,FADS135,a,12,ADS,52.57,119.99999999999744,746.3597727202606,1116.1151415669635
1565,FADS135,a,12,ADS,54.1,109.99999999999943,661.3277885616217,1074.2445974282134
1566,FADS135,i,12,ADS,57.0243684195596,95.02198291939834,270.99478755614143,2051.0660847617046
1567,FADS135,i,12,ADS,61.82,39.99999999999915,322.55748350477495,1986.5782545404468
1568,FADS135,i,12,ADS,62.13,89.9999999999963,314.27533222489797,1869.9238166726839
1569,FADS135,a,12,ADS,62.44,136.15718496448181,751.2344354510892,1120.1543629921384
1570,FADS135,i,12,ADS,70.89,126.77609916890731,251.4212237445472,1642.27168862769
1571,FADS135,i,12,ADS,72.57,110.00000000001364,297.5035574582193,2000.7562754550372
1572,FADS135,a,12,ADS,74.3,140.00000000000057,615.800459109395,1030.6407466112432
1573,FADS135,a,12,ADS,75.34,94.76141086597067,601.4144095475763,1097.6059026600124
1574,FADS135,i,12,ADS,77.57800795762648,41.992042373522054,441.9263677782758,1463.5162431609822
1575,FADS135,u,12,ADS,81.04,109.99999999999943,353.51383677458944,884.3633450907504
1576,FADS135,u,12,ADS,92.29,145.52756632933495,305.4241397893368,644.3091743781139
1577,FADS135,a,12,ADS,100.86,150.00000000000568,705.2970449164093,1058.4420648933249
1578,FADS135,u,12,ADS,102.87,98.51964553959647,342.3592275379989,676.7175443662218
1579,FADS135,a,12,ADS,105.35,150.00000000000568,661.0766207584549,970.1000384338791
1580,FADS136,i,12,ADS,5.92,80.00000000000007,247.9702259452272,1916.3922968122406
1582,FADS136,u,12,ADS,7.75,129.9999999999999,347.5736461190654,586.1404412737395
1583,FADS136,u,12,ADS,8.157171137433277,162.82886256672313,378.9125790148979,750.7072520168584
1584,FADS136,i,12,ADS,8.71,79.9999999999983,341.9926196395591,2007.2395767098203
1585,FADS136,u,12,ADS,13.84740935576246,111.01267432787942,352.30378916424104,669.4327607268722
1586,FADS136,u,12,ADS,16.52,100.00000000000142,514.9529818860144,1278.299728689592
1587,FADS136,u,12,ADS,22.87399618429095,106.00381570905171,489.8044514874898,1022.1354591782018
1589,FADS136,a,12,ADS,26.76638843804622,94.28473710038077,663.339117541291,1178.3133728063879
1590,FADS136,a,12,ADS,28.68,100.00000000000142,651.8484010231215,1079.8567515501193
1591,FADS136,i,12,ADS,34.03,100.00000000000142,317.5987348989761,2053.0197054857754
1592,FADS136,i,12,ADS,35.51678082636109,103.2191736389052,320.93509246717906,1970.3138174172636
1593,FADS136,a,12,ADS,38.62,120.00000000000455,665.9839115172489,1209.837641562307
1594,FADS136,a,12,ADS,39.96,89.9999999999963,646.3351780306449,1070.9811812846947
1595,FADS136,a,12,ADS,41.13,99.99999999999432,471.56693922009123,1125.0415170840297
1596,FADS136,i,12,ADS,43.30217865386717,77.55679987290875,349.31039707026423,1910.561784269275
1597,FADS136,i,12,ADS,46.79,50.00000000000426,325.55300703169877,1857.4339716849936
1598,FADS136,i,12,ADS,47.13,89.9999999999963,302.26040116226744,2010.4039344887124
1599,FADS136,a,12,ADS,47.45,99.99999999999432,551.0322316857486,1145.102705754099
1600,FADS136,i,12,ADS,51.9,130.00000000000256,245.16785190550019,2020.9622118651962
1601,FADS136,i,12,ADS,53.29,90.00000000000341,320.11860040965746,1960.7833375904056
1602,FADS136,a,12,ADS,54.68,79.9999999999983,599.9774175111046,1014.8898260219416
1603,FADS136,a,12,ADS,55.31,79.9999999999983,566.5624194507087,1071.9370822419046
1604,FADS136,i,12,ADS,57.3,40.00000000000625,463.47032591520303,1527.4561856232135
1605,FADS136,u,12,ADS,60.15567649297406,84.32350702594249,470.0381593226976,800.8832941658012
1606,FADS136,u,12,ADS,67.32,139.68049603008126,362.48660891989687,810.7495899464354
1607,FADS136,a,12,ADS,74.14,109.99999999999943,626.2851999478823,1103.723287073508
1608,FADS136,u,12,ADS,75.72,101.7007218312358,310.06674317827185,661.4605014926735
1609,FADS136,a,12,ADS,77.62,116.89989340000295,597.3810116768866,1095.8797097263262
1610,FADS137,i,12,ADS,6.61,129.9999999999999,257.37727930945783,2168.516542698615
1611,FADS137,u,12,ADS,8.58,189.9999999999995,416.0054906824383,1816.5472280479466
1612,FADS137,u,12,ADS,9.86,89.99999999999986,372.838973816409,947.3012635912562
1613,FADS137,u,12,ADS,10.10327977749258,186.7202225074198,431.2184030024191,749.4909876629954
1614,FADS137,i,12,ADS,10.73,89.99999999999986,319.39159829468895,2138.1527659834683
1615,FADS137,u,12,ADS,18.2340080079922,165.99199200780035,314.843931597539,672.5694910205091
1616,FADS137,u,12,ADS,22.18989068308145,140.10931691854722,356.63262268383835,1078.420468085579
1617,FADS137,u,12,ADS,30.65,155.97147300289294,352.155635968075,1086.9653759759722
1618,FADS137,u,12,ADS,31.59,239.99999999999844,347.52078796174357,696.2303582041196
1619,FADS137,a,12,ADS,36.01,109.99999999999943,598.1071635856927,1022.4947929153061
1620,FADS137,a,12,ADS,39.03,140.00000000000057,599.0564265854141,1055.2625772691272
1621,FADS137,i,12,ADS,47.64,149.99999999999858,284.6117339744228,2337.2990186043926
1622,FADS137,i,12,ADS,49.75,140.00000000000057,282.48138174918614,2278.1596845063445
1623,FADS137,a,12,ADS,54.04,140.00000000000057,644.3814421447697,1118.1146579508231
1624,FADS137,a,12,ADS,55.55,140.00000000000057,636.0579752558976,1083.9299927128416
1625,FADS137,a,12,ADS,57.23,140.00000000000057,535.8309789842243,1073.0965779191736
1626,FADS137,i,12,ADS,59.74,104.58775936243825,289.599780343489,2062.7102922325626
1627,FADS137,i,12,ADS,64.1,109.99999999999943,326.9739346899511,2022.0946856132532
1628,FADS137,i,12,ADS,64.5720868357193,87.91316428069251,297.4167481416409,2308.7577377418265
1629,FADS137,a,12,ADS,64.92,111.18598649022715,652.5821024557922,1091.1368440657445
1630,FADS137,i,12,ADS,72.41,140.00000000000057,280.0807810989452,2137.5178792167453
1631,FADS137,i,12,ADS,74.53,129.99999999999545,243.52701967873512,2226.7093664870895
1632,FADS137,a,12,ADS,76.27,100.00000000000853,516.3717909735789,1008.1577272536803
1633,FADS137,a,12,ADS,77.45,119.99999999999034,525.0110115233705,957.0669875500391
1634,FADS137,u,12,ADS,79.42,170.0000000000017,515.287669883184,1482.652042047598
1635,FADS137,i,12,ADS,79.81,92.04108526192556,319.70546363875894,1997.6651548336824
1636,FADS137,u,12,ADS,84.38,103.34606995026263,294.68346876463573,965.9447370590151
1637,FADS137,u,12,ADS,94.64,159.9999999999966,317.9624148162199,1393.1306186124566
1638,FADS137,a,12,ADS,103.86,120.00000000000455,584.9641668292335,1060.5072708854784
1639,FADS137,u,12,ADS,105.43,119.99999999999034,319.6959323796036,735.5686834419719
1640,FADS138,i,12,ADS,8.12,70.00000000000028,296.9657144826367,2082.365728884086
1641,FADS138,u,12,ADS,9.99,179.99999999999972,425.9331708056139,1848.7515532749967
1642,FADS138,u,12,ADS,11.53,130.0000000000008,318.9078355633252,641.7132414547801
1643,FADS138,u,12,ADS,11.82,109.99999999999943,391.6799344289721,750.6407704525179
1644,FADS138,i,12,ADS,12.23970785187558,64.23744513008955,341.1014196777743,1790.1569383226167
1645,FADS138,u,12,ADS,22.63554775668204,131.46267840576087,266.74120947391,762.0437735500417
1646,FADS138,u,12,ADS,27.3523706629972,87.62933700280229,359.8063814717583,743.2157065680344
1647,FADS138,u,12,ADS,35.13,109.99999999999943,370.66001075404927,969.646993634858
1648,FADS138,u,12,ADS,36.58786863173616,122.13136826384385,387.98345466233565,601.735627262962
1649,FADS138,a,12,ADS,42.18,109.99999999999943,571.4773884926877,986.1083415265447
1650,FADS138,a,12,ADS,45.42,119.99999999999744,575.4857543381312,941.4075626531052
1651,FADS138,i,12,ADS,55.78179780382771,128.202196172289,319.33448208214537,1928.7151153651419
1652,FADS138,i,12,ADS,58.58219502328566,67.80497671434205,281.13720796516054,2017.2359977667302
1653,FADS138,a,12,ADS,63.09,139.99999999999346,572.2507028316043,1053.641259320788
1654,FADS138,a,12,ADS,65.42,90.00000000000341,442.0687318342478,915.5813071384152
1655,FADS138,i,12,ADS,68.8497185751089,80.2814248911119,335.6598758721739,2039.9131943067157
1656,FADS138,i,12,ADS,74.35,180.00000000000682,431.2099511431822,2228.584628368706
1657,FADS138,i,12,ADS,74.88,70.00000000000739,298.00168658047295,2109.60663136098
1658,FADS138,a,12,ADS,75.16,141.09362191378239,585.1721963516409,1138.607905954431
1659,FADS138,i,12,ADS,82.69624300489026,183.7569951097322,285.9361230322579,2197.2245125552663
1660,FADS138,i,12,ADS,84.71,100.00000000000853,288.8137473797753,2082.609598263551
1661,FADS138,a,12,ADS,88.15,78.96988086605461,535.9146719549312,946.2835762234229
1662,FADS138,a,12,ADS,89.01,79.9999999999983,553.8015010008162,950.0156052935503
1663,FADS138,u,12,ADS,94.85199902144468,138.00097855531135,336.20764602551714,734.5688464497623
1664,FADS138,u,12,ADS,107.24,120.00000000000455,375.95603973281317,831.8564619677771
1665,FADS138,a,12,ADS,117.2119157023367,188.08429766330903,534.3624077939464,944.6173512751589
1666,FADS138,u,12,ADS,119.17,99.99999999999432,323.97640534306305,701.9225401919691
1667,FADS138,a,12,ADS,122.22,120.00000000000455,582.9535164162012,906.4926311174077
1668,FADS139,i,12,ADS,6.050531355123916,102.84417848701023,330.29399477444497,1971.6438928677699
1669,FADS139,u,12,ADS,7.42,179.99999999999972,398.3555516785411,721.2840726901522
1670,FADS139,u,12,ADS,8.461577945955145,198.4220540448547,309.79941160138446,862.2416426491758
1671,FADS139,u,12,ADS,8.96,199.9999999999993,424.3812756892535,658.5254007628845
1672,FADS139,i,12,ADS,9.59,89.99999999999986,346.0430326349335,1971.1690549008122
1673,FADS139,u,12,ADS,15.56,139.9999999999988,348.6742813387482,707.7465402586486
1674,FADS139,u,12,ADS,25.41,89.99999999999986,359.02228096633814,784.4129384300387
1675,FADS139,a,12,ADS,32.21,170.0000000000017,600.099175616619,999.9175775927027
1676,FADS139,i,12,ADS,38.85062866926526,88.5241030014754,357.75763932514985,1981.4823646890118
1677,FADS139,i,12,ADS,40.72,100.00000000000142,287.75867172251407,2130.8470796964343
1678,FADS139,a,12,ADS,44.66676122443482,108.0514786635689,676.9462918143009,1133.4897209385958
1679,FADS139,a,12,ADS,46.04,109.99999999999943,610.7693346935071,1116.0683007001371
1680,FADS139,a,12,ADS,47.2,119.99999999999744,600.1978636131939,1084.1322497888837
1681,FADS139,i,12,ADS,49.47824544696024,100.24052839874287,329.8768278760833,2058.2025763457887
1682,FADS139,i,12,ADS,53.61,48.5260508790617,324.79263593508153,2028.8117129867587
1683,FADS139,i,12,ADS,54.99207833886704,57.92166113295849,295.04491100894217,1991.9551785566498
1684,FADS139,a,12,ADS,55.29,90.00000000000341,624.2658562621327,1097.189698926194
1685,FADS139,i,12,ADS,61.72714596353438,148.40805503188648,301.8600370797502,2142.1379519844268
1686,FADS139,i,12,ADS,63.85,89.9999999999963,287.9963346811904,2075.803731001808
1687,FADS139,a,12,ADS,65.18,99.97501231438832,588.3339544551469,1010.9619166066714
1688,FADS139,a,12,ADS,66.17,79.9999999999983,577.2930983993805,951.0364258761056
1689,FADS139,i,12,ADS,68.41,117.13859776115498,409.4385456041006,1815.9530640641735
1690,FADS139,u,12,ADS,71.53422670002436,100.24052839874287,360.53779434422586,819.290444251691
1691,FADS139,u,12,ADS,80.52,109.16819025084123,343.3274707798921,836.6250102066039
1692,FADS139,a,12,ADS,88.14,120.00000000000455,639.9308980287933,990.6175065646262
1693,FADS139,u,12,ADS,89.66095710776848,111.95695379598192,320.4792785033025,737.0041510117757
1694,FADS139,a,12,ADS,91.61,90.00000000000341,586.5448653845301,1050.0067938748193
1695,FADS139,i,15,ADS,4.968936482842857,101.06351715714368,367.7729342214327,1973.9325252136123
1697,FADS139,u,15,ADS,6.926859183298523,123.14081670147647,369.3060047123325,907.7468924380024
1698,FADS139,u,15,ADS,7.26,200.00000000000017,323.7080419678584,737.9182232630047
1699,FADS139,i,15,ADS,7.84,82.95649257357596,343.179144890131,1949.1341169327989
1700,FADS139,u,15,ADS,13.46298999483442,127.14606450882115,304.9099044871324,831.6656622829295
1701,FADS139,u,15,ADS,15.51138981898908,91.25806242970924,351.06569185172634,721.5605465829337
1702,FADS139,u,15,ADS,22.88,79.65969416471097,359.3443941998164,841.9837344276933
1703,FADS139,u,15,ADS,23.98,140.00000000000057,333.227410785076,628.3940590594646
1704,FADS139,a,15,ADS,26.92,74.32597130236829,604.8329113626808,1036.2577469410508
1705,FADS139,a,15,ADS,28.97,120.000000000001,618.3299876802871,933.8767432069701
1706,FADS139,i,15,ADS,33.64890410826254,111.76549218920684,325.38121154562447,1942.57755300518
1707,FADS139,i,15,ADS,35.22,130.00000000000256,336.5664496610245,2011.9008740366558
1708,FADS139,a,15,ADS,38.56724348013389,117.91772111705257,642.899265159111,1088.9974432962797
1709,FADS139,a,15,ADS,39.44,125.81928971006562,634.9400252740637,1005.1813698817558
1710,FADS139,a,15,ADS,40.34956285399221,100.43714600779197,748.3294082265589,1175.6301884021063
1711,FADS139,i,15,ADS,42.30038943161776,124.06995004489829,323.2797463379726,1997.3567611265585
1712,FADS139,i,15,ADS,45.81,75.23006814730593,361.440985525586,1835.6663514229876
1713,FADS139,i,15,ADS,46.04143281405884,65.62377523036389,357.88919059136066,1913.5013424387998
1714,FADS139,a,15,ADS,46.27419214182902,95.80785817097848,696.6596152288365,1122.657438242392
1715,FADS139,i,15,ADS,50.41645441534852,123.54558465148102,284.77034619464257,2066.9806952684085
1716,FADS139,i,15,ADS,52.07847941477084,110.74012070123018,275.02670034592074,2128.9152640712305
1717,FADS139,a,15,ADS,53.21,75.00194244141767,604.5188232526973,984.0676630043611
1718,FADS139,a,15,ADS,54.11,70.00000000000028,628.3061881106195,992.3035711373017
1719,FADS139,i,15,ADS,55.63284407821129,57.155921788705655,407.1282831111545,1612.5697100299758
1720,FADS139,u,15,ADS,58.37167866124236,111.76549218920684,406.95282810231913,707.2394020061213
1721,FADS139,u,15,ADS,64.1,129.23104503565241,386.7097402852679,1324.5267322159038
1722,FADS139,a,15,ADS,69.99,130.36935350869783,596.9392168940325,1001.3486398425407
1723,FADS139,u,15,ADS,71.43,111.70375707683888,404.04543062911534,1300.178989204518
1724,FADS139,a,15,ADS,73.25,104.16629201517935,663.4915497988429,973.6730163123609
1725,FADS139,i,18,ADS,5.310358423341206,134.44783484897104,314.6138352509788,1817.1524227896862
1727,FADS139,u,18,ADS,7.27,180.0000000000006,312.9129348620854,949.3245368653121
1728,FADS139,u,18,ADS,7.69,191.22586256595665,387.86949551288114,1145.4019023235549
1729,FADS139,i,18,ADS,8.136423787442403,87.97204008636328,332.81751055578917,2004.5709779949043
1731,FADS139,u,18,ADS,15.6856788524409,119.50918653240983,359.3242370870459,841.8295225705527
1732,FADS139,u,18,ADS,22.01,110.82322666369748,289.8718831657899,639.7448975660348
1733,FADS139,a,18,ADS,26.28808058941988,76.35309139570978,541.4324163953829,1117.7735163502568
1734,FADS139,a,18,ADS,28.59643138305787,195.86227792813204,561.1829429333407,1050.0607932045102
1735,FADS139,i,18,ADS,33.98806445754391,157.68573223027005,265.0679266300084,2053.934615236023
1736,FADS139,i,18,ADS,36.005760833225,102.91068840291473,266.5728095636767,2290.837800597662
1737,FADS139,a,18,ADS,39.75,116.20429281970246,653.039228406765,1154.1821088007443
1738,FADS139,a,18,ADS,40.96,100.00000000000142,549.7837407106675,1106.6900461306284
1739,FADS139,a,18,ADS,42.42,100.00000000000142,587.6687520819468,1124.8148222644556
1740,FADS139,i,18,ADS,44.47520066790005,94.79933209995295,298.78078136627994,2255.8633282540486
1741,FADS139,i,18,ADS,47.73,60.000000000002274,286.1825041071137,1934.0691250226735
1742,FADS139,i,18,ADS,48.09,79.55379500352677,266.78555387782296,1978.2896562260794
1743,FADS139,a,18,ADS,48.41853126694607,126.14858578422172,516.2136191187742,1081.0211801842324
1744,FADS139,i,18,ADS,54.88,89.9999999999963,340.53527132961773,2071.4460906588124
1745,FADS139,i,18,ADS,56.16560444666683,129.46828541011968,302.1208527266981,2042.0571234162803
1746,FADS139,a,18,ADS,57.74,82.114689801287,535.209530791165,1047.457787043104
1747,FADS139,a,18,ADS,58.74,101.84225177123807,652.9279500170456,1326.8003186828955
1748,FADS139,i,18,ADS,61.03,62.43628864052653,382.21098990666366,1507.3333856043084
1749,FADS139,u,18,ADS,63.91494538289604,69.71369214389966,442.55658608402183,2405.0254108390254
1750,FADS139,u,18,ADS,71.85985319671376,102.91068840291473,452.10316053444285,2417.2383490581324
1751,FADS139,a,18,ADS,79.59,129.99999999999545,602.4843423583862,1075.1211906964759
1752,FADS139,u,18,ADS,81.2590029105155,119.5091865324116,489.13610322913894,2474.91117211628
1753,FADS139,a,18,ADS,83.04122892329018,97.93113896405714,549.7136630141765,1016.3672679897522
1754,FADS139,i,9,ADS,6.87811088964758,81.88911035241998,326.47630717406406,2031.2112521196793
1755,FADS139,u,9,ADS,8.16,189.9999999999995,325.93883991680605,722.8341512170239
1756,FADS139,u,9,ADS,9.12,230.00000000000043,381.7726837891581,742.0996334819806
1757,FADS139,u,9,ADS,9.96,189.9999999999995,437.7614443734116,688.9114849216803
1758,FADS139,i,9,ADS,10.69,80.00000000000007,336.42014214942515,1914.6787271662627
1759,FADS139,u,9,ADS,16.42051266908229,139.48733091771004,418.51262977535293,655.9982036071658
1760,FADS139,u,9,ADS,19.12,102.30925511543987,315.55970343565804,814.9347676483866
1761,FADS139,u,9,ADS,25.80762966969619,134.84543606536903,355.7168429632478,752.5687807087085
1762,FADS139,a,9,ADS,29.76,105.61847999801799,524.0910074048486,1036.3919551033518
1763,FADS139,a,9,ADS,31.93,100.00000000000142,617.4522691072873,1016.8503434752178
1764,FADS139,i,9,ADS,37.78960923847257,124.33799948885849,347.1734348548787,2022.7617852795408
1765,FADS139,i,9,ADS,39.55301409337915,92.81568975929133,349.11815803429954,2011.9706311839918
1766,FADS139,a,9,ADS,44.02,109.99999999999943,621.729461475425,992.9687655001942
1767,FADS139,a,9,ADS,45.8,120.00000000000455,627.557615910418,1064.9992244567159
1768,FADS139,a,9,ADS,46.73,120.00000000000455,586.1260833667584,1015.0730561765429
1770,FADS139,i,9,ADS,52.76,50.00000000000426,314.84710076088913,1854.6021857508952
1771,FADS139,i,9,ADS,53.06,70.00000000000028,338.1706524047803,2021.7389780553735
1772,FADS139,a,9,ADS,53.34,133.42653827129425,622.1455768856497,1073.8487816394324
1773,FADS139,i,9,ADS,59.24379579130095,126.20420869905047,317.1456321062145,2088.3513988570703
1774,FADS139,i,9,ADS,61.22,109.99999999999943,301.96349062138563,2028.7006000570686
1775,FADS139,a,9,ADS,62.61,134.48212787891123,533.3351678948063,977.7294599552349
1776,FADS139,a,9,ADS,63.6,100.00000000000142,581.3361554629744,1003.5402236072865
1777,FADS139,u,9,ADS,69.12656284691408,89.31321090044264,372.4510456118163,879.7948245651264
1778,FADS139,u,9,ADS,77.83,100.00000000000853,351.6166586834219,726.2789648195171
1779,FADS139,a,9,ADS,86.1,168.9980674045728,621.3460426877888,1023.0379126394245
1780,FADS139,u,9,ADS,87.68915999414475,133.0941966359518,346.1649421738287,745.4959856105463
1781,FADS139,a,9,ADS,89.52,90.00000000000341,560.4939942891485,1022.1121991741832
1782,FADS140,i,12,ADS,5.737945077891776,102.05492210822342,336.5865016912809,1877.2781706732403
1783,FADS140,u,12,ADS,7.34,179.99999999999972,360.17995777840906,617.4132780647703
1784,FADS140,u,12,ADS,8.18,80.00000000000007,370.5706422635785,819.2317911517013
1785,FADS140,u,12,ADS,8.48,189.9999999999995,318.3021545270403,641.688417028248
1786,FADS140,i,12,ADS,9.142873096588843,97.12690341115682,369.50764293889324,1721.0762280803915
1787,FADS140,u,12,ADS,15.09,144.13862294667013,459.57689381116165,2248.184065856775
1788,FADS140,u,12,ADS,17.96312519969444,90.0066409382525,317.2961491683995,808.6909246392897
1789,FADS140,u,12,ADS,25.56,120.000000000001,294.0574532953647,794.816969721631
1791,FADS140,a,12,ADS,30.56,80.00000000000185,653.262961082594,1103.611028052677
1792,FADS140,a,12,ADS,33.93579564320094,144.92594727345676,658.6757635505749,1049.4139200996992
1793,FADS140,i,12,ADS,40.62774781240197,106.78754009622793,323.2138606270164,1941.860096528495
1794,FADS140,i,12,ADS,43.05240638661338,117.59361338662444,289.89118407773543,2018.5062790699674
1796,FADS140,a,12,ADS,48.89,100.00000000000142,696.2986201069889,1139.0121451037362
1797,FADS140,a,12,ADS,50.67,119.99999999999744,674.9198970918803,1090.5771466884767
1798,FADS140,i,12,ADS,53.57577137361302,79.32788692862403,386.27080591279645,1713.430462406002
1799,FADS140,i,12,ADS,59.08957195509419,50.42804490580721,316.68734029803153,1697.84824136249
1800,FADS140,i,12,ADS,59.40230689394743,67.69310605256607,340.25890236279866,1589.5378338214737
1801,FADS140,a,12,ADS,59.67304012469213,116.95987530787022,602.5140995522488,1060.980257668746
1802,FADS140,i,12,ADS,65.35476359135104,145.23640864895526,299.0743806363794,1829.5134523018999
1804,FADS140,a,12,ADS,68.66,107.43318508163213,644.8937898165731,1029.2694475117578
1805,FADS140,a,12,ADS,69.65,119.99999999999034,597.1693546139293,1037.100723812446
1806,FADS140,i,12,ADS,72.13,40.00000000000625,404.411439937706,1431.4181670229384
1807,FADS140,u,12,ADS,75.75913674795795,112.8896852445962,355.45744384139795,753.585941666194
1808,FADS140,u,12,ADS,84.45,119.99999999999034,310.1633730856381,632.1943142882981
1809,FADS140,a,12,ADS,93.74,144.3538657181307,630.9918321705997,1128.0971359242362
1810,FADS140,u,12,ADS,95.6319830357804,109.8386126704014,473.94282775613215,578.9705482880869
1811,FADS140,a,12,ADS,97.94,140.00000000000057,589.2897834988582,1071.0597904839246
1812,FADS140,i,18,ADS,6.746408335783606,132.7879874495741,319.8576205007397,1937.5014689921932
1813,FADS140,u,18,ADS,8.28295710875537,199.18198117436071,424.77712988687404,554.7523288902418
1814,FADS140,u,18,ADS,9.5,60.0000000000005,354.3311900365611,943.0726223341833
1815,FADS140,u,18,ADS,9.81,300.4180287464191,347.7309190695774,888.4200628575236
1816,FADS140,i,18,ADS,10.85151913251156,126.14858807708984,340.0509324311611,1842.5694682023654
1818,FADS140,u,18,ADS,20.79267948661297,117.84933886150029,398.75622075203944,1608.2915710800246
1819,FADS140,u,18,ADS,28.93,138.66895321995898,251.3494002975569,713.4987991759511
1820,FADS140,i,18,ADS,43.5457268868815,91.29174137157747,325.3914382299679,1985.4154255925705
1821,FADS140,i,18,ADS,45.04231572036423,81.33264231285864,334.5372062500636,1971.608249817678
1822,FADS140,a,18,ADS,48.81149125823946,124.48873823397122,661.7616121506514,1032.910730281996
1823,FADS140,a,18,ADS,51.63,146.0962559981951,711.8639405859348,996.6191343605788
1824,FADS140,i,18,ADS,54.07430726003218,87.97204168535444,399.4045694499323,1725.819309589718
1825,FADS140,i,18,ADS,58.78628860376499,43.71139623501108,354.3162406927859,1892.800638869445
1826,FADS140,i,18,ADS,59.17,69.42761093667116,349.5728217013215,1837.0091659037253
1827,FADS140,a,18,ADS,59.45915517144764,110.84482855235933,644.051696153684,1017.2820254919782
1828,FADS140,i,18,ADS,64.99388287203007,166.11712796992606,297.0859159057825,1884.8120263809658
1829,FADS140,i,18,ADS,68.18605412371079,103.9458762892167,330.3139454695539,1950.4871222226811
1830,FADS140,a,18,ADS,69.73,79.9999999999983,586.8948455098305,983.1652830930984
1831,FADS140,a,18,ADS,71.14,117.38704616696793,543.1016654413639,911.7289224333664
1832,FADS140,u,18,ADS,76.70042786306493,89.57213693507526,403.63944504197866,1011.8397330846598
1833,FADS140,u,18,ADS,86.44,90.00000000000341,397.88877987866533,1039.1591405337697
1834,FADS140,a,18,ADS,94.05432269721928,135.67730278072077,615.082375123216,1019.9133711280089
1835,FADS140,u,18,ADS,95.34,79.9999999999983,353.25427370603836,784.9469577822365
1836,FADS140,a,18,ADS,98.27,120.00000000000455,604.1837118209041,1017.6094800194627
1837,FADS140,i,9,ADS,7.77,150.00000000000034,336.02841736344845,1987.7451149164624
1839,FADS140,u,9,ADS,10.96,79.9999999999983,384.86701715903763,834.9251675521245
1840,FADS140,u,9,ADS,11.26577432613828,249.23128269941054,362.0398644577356,749.7107063977448
1841,FADS140,i,9,ADS,12.04,80.00000000000007,306.20027233300135,1922.494268837595
1844,FADS140,a,9,ADS,38.16,115.19386512401297,684.7061546867666,1163.3854100357576
1845,FADS140,a,9,ADS,41.3,150.00000000000568,738.4311771993572,1048.2869832554654
1846,FADS140,i,9,ADS,47.62,130.00000000000256,291.89826108624726,1977.343533604314
1847,FADS140,i,9,ADS,49.62,100.00000000000142,275.2405021138967,2033.4831693104768
1848,FADS140,a,9,ADS,53.9,169.95967453965477,638.6598582152976,1089.5923177952918
1849,FADS140,a,9,ADS,55.32,140.00000000000057,673.0950166704623,1093.2776518284222
1850,FADS140,a,9,ADS,57.0,100.00000000000142,691.5141997491698,1107.5434263954548
1851,FADS140,i,9,ADS,59.84,91.18207421443003,360.9813020534184,1904.9426053508453
1852,FADS140,i,9,ADS,64.89,51.29969003830581,349.61196055903326,1773.8063634835185
1853,FADS140,i,9,ADS,65.27,60.000000000002274,355.99718911631743,1815.8568081513008
1854,FADS140,a,9,ADS,65.57,150.00000000000568,663.5294487232791,1039.9164995094307
1855,FADS140,i,9,ADS,71.83,170.0000000000017,280.99960798738925,1985.5823310791627
1856,FADS140,i,9,ADS,73.84,79.9999999999983,353.2923343071749,2003.264505500183
1857,FADS140,a,9,ADS,75.4,89.9999999999892,645.2656679655089,1013.0989685583098
1858,FADS140,a,9,ADS,76.41,90.00000000000341,617.1560750231787,1079.527917035523
1859,FADS140,i,9,ADS,78.98,79.9999999999983,466.2313209113335,1584.5695708710698
1860,FADS140,u,9,ADS,82.6,103.62641164877573,416.6983184602568,1086.680207588857
1861,FADS140,u,9,ADS,91.92,170.0000000000017,296.25390123604944,810.9435662652606
1862,FADS140,a,9,ADS,101.52,130.00000000000966,590.8871686802102,1055.2407840004078
1863,FADS140,u,9,ADS,103.0,120.00000000000455,366.377981767924,1491.0362771574578
1864,FADS140,a,9,ADS,106.27,142.52851197819894,705.8007303556008,1096.6871705839071
1865,FADS142,i,9,ADS,7.51,140.00000000000057,320.96735820936055,2048.3650931402713
1866,FADS142,u,9,ADS,8.95,190.00000000000128,410.74235372013135,1063.8866275876815
1867,FADS142,u,9,ADS,10.13,124.67916616228969,416.8689655330821,911.8826394854113
1868,FADS142,u,9,ADS,10.38,199.9999999999993,361.25126444606303,827.8069238381186
1869,FADS142,i,9,ADS,10.99,99.99999999999964,379.0232165392678,1665.123799870052
1870,FADS142,u,9,ADS,17.28821323514357,158.53358167352027,363.8703698898532,755.7071956769009
1871,FADS142,u,9,ADS,22.60675565741311,81.08206085591974,362.8940655331069,948.9784461430745
1872,FADS142,u,9,ADS,29.82,77.50415313983083,394.34500945058755,919.6649249174998
1873,FADS142,u,9,ADS,30.73,190.00000000000128,282.41580921661904,765.851428718948
1874,FADS142,a,9,ADS,34.46,259.999999999998,650.6531445196832,1177.0033240394714
1875,FADS142,a,9,ADS,37.37,100.00000000000142,618.967411192402,1153.9448722587338
1876,FADS142,i,9,ADS,45.33570422149887,114.29577850113048,368.9170665950638,1994.41889526265
1877,FADS142,i,9,ADS,48.81,140.00000000000057,329.8102646904251,2019.2497245957256
1878,FADS142,a,9,ADS,55.26,130.00000000000256,622.0519718433821,1154.01996649746
1879,FADS142,a,9,ADS,56.28,109.99999999999943,576.2922122938393,1183.0306239326787
1880,FADS142,i,9,ADS,58.87957521209783,90.42478790216535,363.54629109524944,2139.8497513030966
1881,FADS142,i,9,ADS,63.25,60.000000000002274,400.13128966307886,2210.644230639575
1882,FADS142,i,9,ADS,63.63,70.00000000000028,387.46585381817636,1960.6193254146015
1883,FADS142,a,9,ADS,63.99061090172868,129.38909827132505,606.9656947071855,1179.1226440815676
1884,FADS142,i,9,ADS,70.71,110.21659204003242,347.6497395024651,1980.8646783222182
1885,FADS142,i,9,ADS,72.69276242957021,98.02458103477818,400.34269441921435,1963.5975686239249
1886,FADS142,a,9,ADS,74.2,116.01118446886005,627.9096701478804,1164.7991361160346
1887,FADS142,a,9,ADS,74.69,79.9999999999983,634.4285684288292,1167.7727306166655
1888,FADS142,u,9,ADS,76.73,159.9999999999966,430.9119699947077,957.3835509512685
1889,FADS142,u,9,ADS,79.9995904612384,100.4095387615962,351.5432706291171,857.3413469962968
1890,FADS142,u,9,ADS,89.48157355417864,98.42644582136018,379.41726892219026,856.6213086107044
1891,FADS142,a,9,ADS,97.42,179.9999999999926,653.7086520172634,1199.9715874683352
1892,FADS142,u,9,ADS,99.89,150.00000000000568,276.0274681530784,569.5989996255577
1894,FADS143,i,12,ADS,6.0,160.00000000000014,270.5240203431868,2175.8385006699855
1895,FADS143,u,12,ADS,7.59,219.99999999999974,418.69990851688607,1861.9717745682715
1896,FADS143,u,12,ADS,8.735459846509054,154.54015349094698,381.63353225009513,777.861451343987
1897,FADS143,u,12,ADS,9.132364387085708,277.63561291429187,330.40461486166754,1025.1074999066302
1898,FADS143,i,12,ADS,9.88,119.99999999999922,312.9224688265489,2096.2415589000466
1899,FADS143,u,12,ADS,16.79150975335407,151.1381139008101,569.0644433611945,2253.156924732933
1900,FADS143,u,12,ADS,19.58,110.38024788865997,511.9706016617298,2340.9133077623746
1901,FADS143,u,12,ADS,26.41188110034836,138.1188996516407,443.383051707479,1869.5578230622802
1902,FADS143,u,12,ADS,27.49,188.4823871683814,381.0048480210808,757.7060545482551
1903,FADS143,a,12,ADS,30.51,109.99999999999943,667.5518290722251,1108.558102512085
1904,FADS143,a,12,ADS,32.78975500685743,180.2449931425656,590.1292397160433,1019.4040431734213
1905,FADS143,i,12,ADS,38.22378584897329,146.41504784139414,276.7814505744369,2142.529837403049
1906,FADS143,i,12,ADS,40.06757239449349,122.427605506509,270.8012171953779,2149.288717601352
1907,FADS143,a,12,ADS,43.65299475420174,141.69198178199593,621.046238504942,1243.4462465716006
1908,FADS143,a,12,ADS,44.99,149.99999999999858,687.3068034801603,1259.3074113422385
1909,FADS143,a,12,ADS,46.27,109.99999999999943,642.4917884212082,1232.9221236506116
1910,FADS143,i,12,ADS,48.40660416096935,77.14341230354194,360.4348754835729,2095.6669658937844
1911,FADS143,i,12,ADS,52.34633997092614,53.66002907386047,343.88961795306653,1967.9555779288785
1912,FADS143,i,12,ADS,52.67,88.58596110096784,326.0965265376569,2148.471015323087
1913,FADS143,a,12,ADS,52.99,126.21511364282867,642.4098291528151,1278.0389184491582
1914,FADS143,i,12,ADS,58.94976417190097,138.54327107573994,294.26833718927253,2146.2115995937975
1915,FADS143,i,12,ADS,60.77,129.99999999999545,292.23784640106425,2085.717600198928
1916,FADS143,a,12,ADS,62.54,90.4026252495882,667.3035173866625,1206.9893388023388
1917,FADS143,a,12,ADS,63.49,116.96985857390985,555.646824345844,915.277636275084
1918,FADS143,i,12,ADS,65.56,49.99999999999716,392.3772821967101,1671.9891419679277
1919,FADS143,u,12,ADS,68.92799978378336,102.0002162166378,306.03726166856313,874.8693207455333
1920,FADS143,u,12,ADS,76.38,120.00000000000455,411.89240219123405,2158.5321901848747
1921,FADS143,a,12,ADS,83.56,149.99999999999147,615.5767428436077,1109.050567228833
1922,FADS143,u,12,ADS,85.22,107.35298381671043,354.0106916123823,735.6882054685843
1923,FADS143,a,12,ADS,86.92324502682219,126.75497317781037,587.0435560857964,973.5736574123786
1924,FADS143,i,15,ADS,6.13,120.00000000000011,284.5532794870568,2127.3550449805016
1925,FADS143,u,15,ADS,7.81,170.00000000000082,305.73174557973954,657.4440386268709
1926,FADS143,u,15,ADS,8.83427140195245,145.72859804755112,389.6394298015286,763.5469389019781
1927,FADS143,u,15,ADS,9.16,181.93354030224995,338.8735914179123,733.9941274343262
1928,FADS143,i,15,ADS,9.82,99.99999999999964,303.0090278983753,2066.5495417922375
1929,FADS143,u,15,ADS,15.79,126.69613305432037,346.01922186746447,861.7708203891389
1930,FADS143,u,15,ADS,19.3771970949315,111.4562496976319,422.6856444168066,2260.7923223793273
1931,FADS143,u,15,ADS,26.06,210.00000000000085,336.04165795363826,869.278802966925
1932,FADS143,u,15,ADS,27.2,220.00000000000242,371.4086959293186,1844.403782412411
1933,FADS143,a,15,ADS,30.21,119.77980983263947,677.9431794990813,1198.2471903291523
1934,FADS143,a,15,ADS,32.21,117.0215502391514,623.591983784203,1142.0492702010777
1935,FADS143,i,15,ADS,39.08633175918411,113.66824081589044,246.43965150494756,2090.1630002219435
1936,FADS143,i,15,ADS,40.91780897700686,112.19102299314443,288.96027597214356,2290.9238109994935
1937,FADS143,a,15,ADS,44.63376924974806,138.9924996229297,680.0667408937516,1137.4377835124435
1938,FADS143,a,15,ADS,45.86,149.99999999999858,676.8561008110044,1167.0628929728468
1939,FADS143,a,15,ADS,47.18,130.00000000000256,547.3296776194377,1007.9670545168402
1940,FADS143,i,15,ADS,49.45504354364687,70.80749980791978,324.9539554574778,2165.167531057109
1941,FADS143,i,15,ADS,53.69,60.000000000002274,326.63672726274325,2274.941851443984
1942,FADS143,i,15,ADS,54.01968633447025,80.31366552975072,312.6843667657384,2232.751917541671
1943,FADS143,a,15,ADS,54.36,127.01230752004733,594.5798839388261,1143.5000479923704
1944,FADS143,i,15,ADS,59.25344854001055,156.0387495766804,249.95198843303936,2167.1718536371754
1945,FADS143,i,15,ADS,60.99,89.29002711038692,303.2393341655318,2091.181039835768
1946,FADS143,a,15,ADS,63.71,129.43601279835804,646.2198986602323,1072.4399237847656
1947,FADS143,u,15,ADS,66.08277597308322,76.05249979367557,469.8418668843242,1018.2822821838764
1948,FADS143,i,15,ADS,66.34,54.0371478404893,326.3312848210198,1889.016935095281
1949,FADS143,u,15,ADS,69.39044257133041,133.7474996371526,352.02133489455844,1368.0379556702778
1950,FADS143,u,15,ADS,81.4,149.99999999999147,383.07035568064623,659.236724588795
1951,FADS143,a,15,ADS,89.85,152.51592911991452,635.3770140041322,1125.4264924464342
1952,FADS143,u,15,ADS,91.48,119.99999999999034,385.33141686982543,1084.6349702552093
1953,FADS143,a,15,ADS,93.38,170.2715202952021,605.4186336238292,1095.0146448531302
1954,FADS143,i,18,ADS,7.159023957355657,112.86978933213909,333.27411904150614,2177.110988620216
1955,FADS143,u,18,ADS,8.852419435840648,127.58056415935215,366.07915932782043,1205.0536141550579
1956,FADS143,u,18,ADS,9.71229512219207,227.7048778079287,350.4125959902379,784.5358514529639
1957,FADS143,u,18,ADS,10.20611431762013,273.8856823798699,385.772788670035,804.2098026815603
1958,FADS143,i,18,ADS,10.99877799142112,108.72016472434076,352.7654476936192,2042.4766020888228
1959,FADS143,u,18,ADS,17.53,149.99999999999858,475.38355494535506,1343.5968255945124
1960,FADS143,u,18,ADS,20.64775121862398,87.14211676377914,549.6961236413787,1859.8095350731621
1961,FADS143,u,18,ADS,27.51407951871371,146.0667861945275,499.57326836008843,1992.7930340322566
1962,FADS143,u,18,ADS,28.58143643545509,124.48873823398188,427.92993633968956,662.8297769406361
1963,FADS143,a,18,ADS,32.18421517817139,97.10121582249798,616.076531366816,1131.1736125057832
1964,FADS143,a,18,ADS,34.72720444867777,130.29821268490593,641.1273914799546,1099.0794324041042
1965,FADS143,i,18,ADS,40.7,144.70823061382987,334.8644734017033,2456.5869397843617
1966,FADS143,i,18,ADS,42.97213343231701,107.06031488122392,343.6161231073616,2395.2199493296785
1967,FADS143,a,18,ADS,46.98079595752973,123.65881331241013,626.7478602123377,1182.7503765200986
1968,FADS143,a,18,ADS,48.22,120.00000000000455,677.4209152663307,1095.2662979646907
1969,FADS143,a,18,ADS,49.57,89.9999999999963,633.7860606025824,1130.9809445741528
1970,FADS143,i,18,ADS,56.04679662987415,93.203370125849,273.6996060760028,2005.0905972981936
1971,FADS143,a,18,ADS,56.67524435510945,104.75564489055245,588.1520711087655,1181.05977599902
1972,FADS143,i,18,ADS,61.94615124943908,160.17550986104823,271.373552836556,2195.413965881117
1973,FADS143,i,18,ADS,63.85146830176979,94.61144105781472,317.5083548590169,2075.577732645923
1974,FADS143,a,18,ADS,65.54920880490732,100.79119509268253,572.0211792838766,974.2964442111452
1975,FADS143,a,18,ADS,66.47,120.00000000000455,507.6941145151398,868.8287284417031
1976,FADS143,u,18,ADS,72.88766241315435,87.97204168534734,338.7913442763293,661.1886612406195
1977,FADS143,u,18,ADS,81.64,120.00000000000455,367.96887087105097,1175.7896666514544
1978,FADS143,a,18,ADS,89.19,109.99999999999943,673.9905750645917,1121.9237530367448
1979,FADS143,u,18,ADS,90.51,79.9999999999983,361.7450529272953,763.6361541151236
1980,FADS143,a,18,ADS,92.51,119.99999999999034,572.8142117820782,1098.0208738374004
1981,FADS144,i,12,ADS,7.64,90.00000000000074,316.1656635246529,1817.4238508483702
1982,FADS144,u,12,ADS,9.12,180.00000000000148,334.4977993913275,735.9322897385589
1983,FADS144,u,12,ADS,10.04546952113537,134.53047886462954,430.2742697581016,1121.228859324437
1984,FADS144,u,12,ADS,10.374311287962,125.68871203800036,339.180235668419,777.8188224320384
1985,FADS144,i,12,ADS,11.03,89.99999999999986,311.22150885530993,1906.2733049783287
1986,FADS144,u,12,ADS,17.82,154.43686190788952,326.15999678873,944.7265151023988
1987,FADS144,u,12,ADS,21.26,108.79229936789869,327.94307431608206,663.8918715254601
1988,FADS144,u,12,ADS,28.55,89.99999999999986,411.0052957190245,848.0549700737477
1989,FADS144,a,12,ADS,33.52,119.99999999999744,570.2713013108016,918.0665187240445
1990,FADS144,a,12,ADS,36.02,117.69344319013442,558.5719704211558,921.0293572200909
1991,FADS144,i,12,ADS,42.51167680070672,119.27918233905643,339.92664421143365,1893.603296097156
1992,FADS144,i,12,ADS,44.47,130.00000000000256,305.5193663543605,2030.4000001262639
1993,FADS144,a,12,ADS,48.05,147.07893545404005,587.7598560894689,1382.0689600744877
1994,FADS144,a,12,ADS,49.54,119.99999999999744,587.1191553800305,1001.720415378184
1995,FADS144,a,12,ADS,50.94,130.00000000000256,525.8644955389618,985.1312916562747
1996,FADS144,i,12,ADS,53.64383662807644,89.45938675428522,355.287850702515,1788.1385521548682
1997,FADS144,i,12,ADS,58.0044158234662,85.5841765337999,296.51294378660276,2030.5729301591466
1998,FADS144,i,12,ADS,58.35,79.9999999999983,330.75900574949094,1778.8742943528487
1999,FADS144,a,12,ADS,58.62,100.00000000000142,562.8504791834199,1129.9624325397858
2000,FADS144,i,12,ADS,65.02612344051471,125.24314145599647,285.5309371333119,1908.4110178937572
2001,FADS144,i,12,ADS,66.73,101.33982854571855,340.82915143867547,1891.939842000735
2002,FADS144,a,12,ADS,68.68,97.04703430715256,450.4023519666041,780.8640778654926
2003,FADS144,a,12,ADS,69.85,107.824862016912,427.61909006416045,861.1740746382991
2004,FADS144,i,12,ADS,72.27,48.0057070447657,372.517545348612,1368.4600881193194
2006,FADS144,u,12,ADS,84.38,109.99999999999943,314.3923939386666,834.7160427025692
2009,FADS144,i,9,ADS,8.26,80.00000000000007,356.1908162697755,1899.5116122747704
2010,FADS144,u,9,ADS,11.58,199.9999999999993,335.84157184227587,616.6159300597614
2011,FADS144,u,9,ADS,12.0,189.9999999999995,318.52142859921537,686.4998333482393
2012,FADS144,u,9,ADS,20.19,137.0343416081674,327.91828925094194,614.6205719595436
2013,FADS144,u,9,ADS,25.15,89.99999999999986,362.6932952686946,1212.9550017814167
2014,FADS144,u,9,ADS,33.49,89.9999999999963,306.1439619686777,723.8498385488097
2015,FADS144,u,9,ADS,34.55,172.30962690790363,380.21327222894706,649.8680220758835
2016,FADS144,a,9,ADS,39.54,148.87085224776087,551.4345964572078,944.2224556711308
2017,FADS144,a,9,ADS,43.21,130.00000000000256,534.1978175089323,915.3923130644313
2018,FADS144,i,9,ADS,50.76,140.00000000000057,313.96688572058923,2018.1645192931474
2019,FADS144,i,9,ADS,53.48543783093915,124.5621690608516,315.5379509902846,2261.34955416746
2020,FADS144,a,9,ADS,58.58,90.00000000000341,543.9665091558512,1074.2544279380004
2021,FADS144,a,9,ADS,60.36,130.00000000000256,496.9194448442989,927.3747342124898
2022,FADS144,i,9,ADS,65.1475457062243,91.28398459328935,338.9911040596228,1958.9723747286944
2023,FADS144,i,9,ADS,70.15,79.9999999999983,303.51910956490514,1799.1951406444
2024,FADS144,i,9,ADS,70.49,79.9999999999983,342.17168141422036,1972.466997463787
2025,FADS144,a,9,ADS,70.81,134.44523859850221,533.7626955204179,980.7297817722592
2026,FADS144,i,9,ADS,77.43350542176492,129.20194742436308,283.4071360670141,1960.191257795394
2027,FADS144,i,9,ADS,79.45,146.76923679988363,272.63947369383806,1924.3033058361398
2028,FADS144,i,9,ADS,85.48374408204126,46.25591795874584,396.6415151038126,1180.201209802273
2030,FADS144,u,9,ADS,100.39,120.00000000000455,316.92457196994684,621.7623031186589
2031,FADS144,a,9,ADS,110.6988202875578,129.20194742440572,550.97983636945,925.9543883739707
2034,FADS145,i,12,ADS,7.77,110.00000000000031,275.1134029966598,1847.0674336763884
2036,FADS145,u,12,ADS,9.630780078502726,119.21992149727423,295.0560144511362,775.7887178996838
2037,FADS145,u,12,ADS,9.926734118197992,181.53881816359885,322.005368636819,745.4775028623203
2038,FADS145,i,12,ADS,10.4297384167786,100.26158322139977,379.5356527494615,1729.8723680166213
2039,FADS145,u,12,ADS,15.30447062355495,120.51736668002988,418.6884714999493,1371.5658348374006
2040,FADS145,u,12,ADS,17.27021815931844,80.85342321572142,351.92077411144095,998.822524559758
2041,FADS145,u,12,ADS,22.86,130.58283186704145,311.7013964160317,646.4169051270053
2042,FADS145,u,12,ADS,23.66871505476119,111.28494523881116,318.54096603957953,705.0156238618673
2043,FADS145,a,12,ADS,25.73662566164173,112.88968524458909,521.5410895032409,1058.1583478172654
2044,FADS145,a,12,ADS,27.43,149.99999999999858,512.3399672993792,985.007048511441
2045,FADS145,i,12,ADS,33.15466615958485,93.05771351242953,345.27887411319045,1802.6879577437874
2046,FADS145,i,12,ADS,35.33,100.00000000000142,300.9180170539834,1864.7331498663343
2047,FADS145,a,12,ADS,38.5384717764205,125.0939755412972,516.9798977136797,1080.9603064062408
2048,FADS145,a,12,ADS,39.39,140.00000000000057,602.8645897911009,1079.9872070306146
2049,FADS145,a,12,ADS,40.19945383713742,130.54616286257925,577.3616016645566,1064.0033122849297
2050,FADS145,i,12,ADS,41.82890320577174,59.49591519647868,363.4729809746751,1679.196128905864
2051,FADS145,i,12,ADS,45.5034279970982,96.57200290180157,344.93493565914054,1726.8673458071812
2052,FADS145,i,12,ADS,45.86040348827703,71.70020549317968,342.75399545818635,1749.707807109952
2053,FADS145,a,12,ADS,46.11,116.19041480712156,443.7998932436836,1188.0662179962535
2054,FADS145,i,12,ADS,50.18,100.00000000000142,342.0892983851894,1918.686899066527
2055,FADS145,a,12,ADS,52.61,82.63805197810115,535.9923798931516,1002.1063575098988
2056,FADS145,i,12,ADS,54.41,40.00000000000625,382.1114278705203,1555.4020320760574
2057,FADS145,u,12,ADS,57.12269294790278,107.30705209721947,305.3225092539496,700.5690809556398
2058,FADS145,u,12,ADS,62.83911333544175,68.6491329190062,326.6833239378257,835.4318177308918
2059,FADS145,a,12,ADS,67.71,170.0000000000017,525.2770699163112,879.0123862515247
2060,FADS145,u,12,ADS,68.73,115.15776261350652,284.6047886208689,815.1881892743099
2061,FADS145,u,12,ADS,70.09,93.10094650847134,294.1296842252843,711.5298708739192
2062,FADS145,a,12,ADS,71.9,119.99999999999034,491.6526360250075,925.6973198094951
2063,FADS145,i,15,ADS,4.408721789726036,91.27821027396443,330.32369695767477,1826.8340097772405
2064,FADS145,u,15,ADS,5.3,209.99999999999997,335.65237659122323,800.1999002807069
2065,FADS145,u,15,ADS,5.862215087005085,107.78491299491489,410.27096247471496,904.7341144457321
2066,FADS145,u,15,ADS,6.088853232688699,161.14676731130118,380.60164742311764,841.2257949490937
2067,FADS145,i,15,ADS,6.73,79.99999999999918,325.11275582648176,1777.8471140242605
2068,FADS145,u,15,ADS,10.64,90.89706828910948,508.1403364798561,2206.4382508543495
2069,FADS145,u,15,ADS,14.57720325824626,114.5119051875092,701.6096691339865,2167.06170993042
2070,FADS145,u,15,ADS,20.34,88.71546045891066,318.45766437616487,712.718454030019
2071,FADS145,u,15,ADS,21.00923758367332,213.51698988087264,368.4287760817462,1229.2677532664843
2072,FADS145,a,15,ADS,23.88,100.06846381525136,547.7315112678216,1098.590508143492
2073,FADS145,a,15,ADS,26.5816507112033,73.95560543359991,591.703819129752,1096.180576756783
2074,FADS145,i,15,ADS,31.3039697271436,89.46242592774212,339.07066998444515,1798.06365622404
2075,FADS145,i,15,ADS,33.55,103.43785377511949,306.06619796172095,1828.248408131548
2076,FADS145,a,15,ADS,36.08,149.99999999999858,599.7532550992972,1111.3114175975493
2077,FADS145,a,15,ADS,37.03655410796363,223.44589203636644,573.4326736965287,1110.042983672914
2078,FADS145,a,15,ADS,37.9,210.00000000000085,518.5005408040695,1042.9377431029482
2079,FADS145,i,15,ADS,39.31185338125501,97.81225234765856,439.96104917036723,1586.5947559176702
2080,FADS145,i,15,ADS,42.53,44.54095695103888,319.816500068309,1812.8693168251418
2081,FADS145,i,15,ADS,42.83,79.9999999999983,344.0364254352452,1992.952585517891
2082,FADS145,i,15,ADS,47.11,155.49091872512832,319.617999044911,1933.1081054189453
2083,FADS145,i,15,ADS,48.39,69.97373750365199,334.8909986958324,1812.8637327352762
2084,FADS145,a,15,ADS,49.42,98.31593114270731,543.5238186290669,982.8816297467007
2085,FADS145,i,15,ADS,51.39817164849831,65.60577901367992,899.3640174319714,1713.090477215991
2086,FADS145,u,15,ADS,54.24208841575871,135.98288741016518,324.5732543220118,706.1666919978782
2087,FADS145,u,15,ADS,60.61,71.72992528474964,318.52297390290846,775.9536184963504
2088,FADS145,a,15,ADS,67.42,159.9999999999966,502.28356417632693,978.4990522040148
2089,FADS145,u,15,ADS,69.48,95.61925416934969,304.8679512881838,673.39936870173
2090,FADS145,a,15,ADS,71.22635638430255,115.70473753322119,494.1900771764931,962.8797447498882
2091,FADS146,i,9,ADS,10.38,109.99999999999943,304.56442868177714,2078.671692974291
2093,FADS146,u,9,ADS,13.42,118.65434445994083,408.0646401989841,921.9828546667217
2096,FADS146,u,9,ADS,22.03,109.99999999999943,291.637546481707,671.6609785549019
2098,FADS146,a,9,ADS,45.07,130.00000000000256,731.0066149759787,1119.6531072327762
2099,FADS146,i,9,ADS,52.41,140.00000000000057,234.7632796043755,2200.4693475326494
2100,FADS146,a,9,ADS,60.58327304581066,125.8747237326645,673.2008934047103,1103.3996219664355
2101,FADS146,a,9,ADS,61.87054725427976,139.45274572024147,738.0745490118113,1134.501872934378
2102,FADS146,a,9,ADS,63.49,129.99999999999545,454.27578924187236,930.9182541095369
2103,FADS146,i,9,ADS,65.85692056328226,93.0794367177441,255.8874830334637,2116.156949677868
2104,FADS146,i,9,ADS,70.07921005863166,71.70079199960355,282.9748277289438,2075.8912462710423
2105,FADS146,a,9,ADS,70.85,90.00000000000341,627.2453017632749,1024.3233641606225
2106,FADS146,i,9,ADS,77.84807657153796,143.40158399922132,302.10844162270826,2168.589017975715
2107,FADS146,i,9,ADS,79.77,120.00000000000455,416.51189424773975,2188.713251491004
2109,FADS146,a,9,ADS,83.43,129.99999999999545,580.2773626994881,1007.6710518064593
2110,FADS146,i,9,ADS,85.61,40.00000000000625,335.0542635628818,1802.650722855219
2111,FADS146,u,9,ADS,89.13932886361113,90.82100319950825,261.09274285046905,714.247767971609
2112,FADS146,a,9,ADS,112.55,110.65527264840114,636.53319086845,1147.4017291679604
2113,FADS148,i,12,ADS,5.672182567015109,97.81743298489064,297.940527861959,2146.6526199826376
2114,FADS148,u,12,ADS,7.09,110.00000000000031,360.8291033545293,1153.951905150303
2115,FADS148,u,12,ADS,8.25,99.99999999999964,360.4036531256257,787.1018708665267
2116,FADS148,u,12,ADS,8.546588035896827,213.4119641031731,345.5111632057509,648.8943479144091
2117,FADS148,i,12,ADS,9.24,67.67392969937092,322.32532563803164,1864.1878418167105
2118,FADS148,u,12,ADS,16.17,119.99999999999744,305.0019440922252,598.0210304217304
2119,FADS148,u,12,ADS,19.6340251341372,105.97486586279814,305.2709481440266,1106.2952082295553
2120,FADS148,u,12,ADS,28.06828142998651,111.71857001349039,347.62099271433715,619.0885774139466
2121,FADS148,u,12,ADS,29.16,89.99999999999986,371.6783553883099,1193.6753512745302
2122,FADS148,a,12,ADS,33.36,101.26740683642765,617.207487220437,1148.6122449011891
2123,FADS148,a,12,ADS,36.22,133.97659506835424,583.8652661083744,1056.8119576077015
2124,FADS148,i,12,ADS,43.0723696177208,86.384943695208,326.4658326928368,1990.695723603139
2125,FADS148,i,12,ADS,44.84733786855578,91.11836526753336,301.043666440978,1986.8623838482254
2126,FADS148,a,12,ADS,50.2,140.00000000000057,663.9982893145741,1086.4766992682846
2127,FADS148,a,12,ADS,51.8,100.00000000000142,610.3059410659107,1085.8406751907348
2128,FADS148,i,12,ADS,54.54303722696482,101.76856380532229,324.797005186898,1947.6225475455667
2129,FADS148,i,12,ADS,59.31,49.99999999999716,322.99745124494365,1930.2170625896301
2130,FADS148,i,12,ADS,59.58,70.00000000000028,296.2619719149019,2002.423714965291
2131,FADS148,a,12,ADS,59.89430354466808,94.66843144680581,721.7731574049196,1283.5565778108555
2132,FADS148,i,12,ADS,66.36146021158152,134.90251481169935,313.16453613476386,2180.7426026656876
2133,FADS148,i,12,ADS,68.29,135.59498275053272,294.78651601403124,2184.848508555445
2134,FADS148,a,12,ADS,70.14,79.9999999999983,561.9608494004962,990.2234010164927
2135,FADS148,a,12,ADS,71.42,99.99999999999432,610.806428624932,1058.6748310463831
2137,FADS148,u,12,ADS,85.87519786447055,67.45125740584967,308.9732103002361,649.07602816795
2138,FADS148,a,12,ADS,93.9503440877614,145.55271334944564,594.6602745996332,1000.425016855875
2139,FADS148,u,12,ADS,95.61,100.89817166870318,386.34761361680717,1375.7987373898086
2140,FADS148,a,12,ADS,97.8,105.62984049836643,576.381395720277,1069.5916359776381
2141,FADS148,i,9,ADS,4.17,89.99999999999986,320.3299162913593,2106.19808050989
2142,FADS148,u,9,ADS,5.57,160.00000000000014,348.6323616669936,1081.2766055906384
2143,FADS148,u,9,ADS,6.66,109.99999999999943,354.83753362988267,612.382074723393
2144,FADS148,u,9,ADS,6.931287886328949,228.71211367105104,345.289551966816,612.5707957249435
2145,FADS148,i,9,ADS,7.63,75.25838913226046,338.95093173570615,2073.454720912677
2146,FADS148,u,9,ADS,14.43,109.99999999999943,407.2680399191541,1252.0345692951807
2147,FADS148,u,9,ADS,18.1540018451337,125.99815486630206,439.14144450405416,2232.3177718996676
2148,FADS148,u,9,ADS,25.77,109.99999999999943,333.130984774271,535.5821983915984
2149,FADS148,u,9,ADS,26.96,123.74660137517068,253.4524951145134,613.9142416551821
2150,FADS148,a,9,ADS,31.14,78.51637588239768,598.0141737906379,1284.5249072902893
2151,FADS148,a,9,ADS,34.03,100.00000000000142,647.9600135889227,949.732521984181
2152,FADS148,i,9,ADS,41.94998012551325,81.18976973169367,311.91610122379575,2015.0991230361228
2153,FADS148,i,9,ADS,43.72368740717626,82.4015573396295,328.9301511847319,1934.5453794847956
2154,FADS148,a,9,ADS,48.07527671883712,119.96697318564031,589.9826064236572,1151.5754779686629
2155,FADS148,a,9,ADS,49.58,109.99999999999943,625.2751221277823,981.8578013955762
2156,FADS148,a,9,ADS,51.13,89.9999999999963,675.1611798259054,789.7277629451783
2157,FADS148,i,9,ADS,53.75559007118649,74.40992881350894,356.48068656323363,2140.6781943505794
2158,FADS148,i,9,ADS,58.02,39.99999999999915,335.0339334295725,1941.9737487684622
2159,FADS148,i,9,ADS,58.33025074968745,78.76619451582201,319.0786565303221,2176.3165284943307
2160,FADS148,a,9,ADS,58.64,100.00000000000142,601.1178623657254,1266.5164734595614
2161,FADS148,i,9,ADS,65.75,140.00000000000057,359.3765959623953,2181.3532320411637
2162,FADS148,i,9,ADS,67.37,113.35020908229865,302.58855649630874,2054.1421040619834
2163,FADS148,a,9,ADS,69.03073654437483,64.22474322059202,566.2787864325566,1036.4836719611462
2164,FADS148,a,9,ADS,69.82,70.00000000000739,542.3728933123124,820.5644634093011
2165,FADS148,u,9,ADS,71.81,49.99999999999716,422.2856129447575,1229.8269652987713
2166,FADS148,i,9,ADS,71.98,47.5233057380251,406.5502201321493,1407.8992834857388
2167,FADS148,u,9,ADS,75.19051786103512,107.84909710628199,487.9574196651055,1914.994638936169
2168,FADS148,u,9,ADS,84.47915664318505,120.84335681494451,333.47014572922774,1125.4744750927753
2169,FADS148,a,9,ADS,92.31,175.48109241572263,706.2919355255409,1310.5692239680325
2170,FADS148,u,9,ADS,94.34,110.56037146568087,302.18763561021194,568.336364194466
2171,FADS148,u,9,ADS,95.73,109.99999999999943,390.7841449336434,1616.0652441991788
2172,FADS148,a,9,ADS,96.44205379134094,118.75518557769738,565.2739412404961,789.3591747751063
2173,FADS150,i,18,ADS,5.694539565314717,117.01941393993742,303.5281712326012,2066.2659190458653
2175,FADS150,u,18,ADS,7.97,207.70924819234526,275.35556420301083,765.0522887821003
2176,FADS150,u,18,ADS,8.51,349.99999999999966,342.2385896288454,887.5179761599215
2177,FADS150,i,18,ADS,9.37,109.64896132548141,356.5490512954912,2131.6180599585205
2178,FADS150,u,18,ADS,16.24,120.000000000001,335.2934860896343,658.9158193141001
2179,FADS150,u,18,ADS,18.99303488801284,114.52963917525949,300.699926486746,788.0821346033551
2180,FADS150,a,18,ADS,30.62424802498901,124.07377577319778,648.7391840573285,1144.121946656678
2181,FADS150,a,18,ADS,33.22166748375185,82.57752969520737,563.5600349012511,1075.3969681245703
2182,FADS150,i,18,ADS,40.63152653658655,148.47346341345258,334.0646039381328,1902.1096032711214
2183,FADS150,u,18,ADS,41.74027247450674,90.46181645002349,350.3235382451931,1103.193595577121
2184,FADS150,i,18,ADS,42.39039356650582,89.6318915284553,318.1846427508068,1944.398625934403
2185,FADS150,a,18,ADS,46.48,80.0000000000054,595.9638349463719,1173.4500174737705
2187,FADS150,i,18,ADS,55.14640250308084,48.13564545046489,340.61982943518484,2060.222114480968
2189,FADS150,a,18,ADS,55.89,109.99999999999943,548.7012795984035,1099.177915571593
2190,FADS150,i,18,ADS,62.22083080036874,119.1691996312656,313.76314719713986,2119.5396041069
2191,FADS150,i,18,ADS,63.45,119.99999999999744,259.81978721086756,2099.0052566205222
2192,FADS150,a,18,ADS,65.35,78.5255350739078,745.2306224471464,1414.7056804011288
2193,FADS150,i,18,ADS,67.1,45.594534401530495,378.38164267683226,1463.6650296556022
2196,FADS150,i,9,ADS,7.38,89.99999999999986,325.40325887005463,1969.5610996974497
2197,FADS150,u,9,ADS,9.65,199.9999999999993,315.2923484608712,744.4348717701323
2198,FADS150,u,9,ADS,10.12,183.49606774742,332.7349960378815,841.5850411430964
2199,FADS150,i,9,ADS,10.8,109.99999999999943,404.1907453186345,2087.1022277564152
2200,FADS150,u,9,ADS,17.25,154.9140061723584,339.36760999118496,715.6972356399643
2202,FADS150,u,9,ADS,27.90418242318395,103.4730159989401,833.2201749598436,1617.0550624387126
2204,FADS150,a,9,ADS,35.45,140.00000000000057,644.7514273713925,1132.0540241487033
2205,FADS150,i,9,ADS,42.33470751431697,120.94248623252923,299.37406762893204,2019.6094004205675
2206,FADS150,i,9,ADS,44.34965540970872,90.34459029128072,317.16643020874045,2292.7260724024873
2207,FADS150,a,9,ADS,51.15,149.99999999999858,757.8635189482518,1708.6894482838898
2208,FADS150,i,9,ADS,53.72051527334198,79.2845187524378,339.5754032048154,2346.853939681086
2209,FADS150,i,9,ADS,59.0,49.99999999999716,316.18994969766004,2235.666034427143
2210,FADS150,i,9,ADS,59.34862344290708,71.37655709291835,319.4984573355447,2134.207538249537
2211,FADS150,a,9,ADS,59.68085756529123,141.09956727129003,524.7862922015532,961.6773984140341
2212,FADS150,i,9,ADS,65.43,89.9999999999892,320.7487959928631,2171.4128065084537
2213,FADS150,i,9,ADS,67.03,140.00000000000057,306.67289887909806,2107.908727783768
2214,FADS150,a,9,ADS,68.5,79.9999999999983,596.1347774929168,1061.5386525666754
2216,FADS150,i,9,ADS,71.28,58.871719794041155,424.1954781557557,1187.3042770811076
2217,FADS150,a,9,ADS,91.04246844090888,147.5315590911208,677.1499880886316,1044.0337283795611
2219,FADS151,i,12,ADS,6.299708821404768,66.00348898586094,314.69934960612176,1843.4370087662462
2220,FADS151,u,12,ADS,8.34,99.99999999999964,324.34248021396013,669.7337529140278
2221,FADS151,u,12,ADS,8.58985567604659,170.14432395341038,360.84413501533743,706.4286821388432
2222,FADS151,i,12,ADS,9.25,80.00000000000007,361.01730409272005,1927.2531560572327
2223,FADS151,u,12,ADS,16.98,99.99999999999787,323.94286794454166,707.3055230216023
2224,FADS151,u,12,ADS,20.85572511945075,76.27069838367007,383.3725087906028,767.5723269350387
2225,FADS151,u,12,ADS,28.87693462264142,132.00697797172012,436.2664501976667,802.4954956372131
2227,FADS151,a,12,ADS,36.63,99.99999999999432,577.8428184884914,1048.8738331668023
2228,FADS151,i,12,ADS,44.49672953369399,83.27046630601131,301.5319901364655,1903.631992693486
2229,FADS151,i,12,ADS,47.25292643900561,107.0735609943867,289.87864493542276,1956.3894339315511
2230,FADS151,a,12,ADS,51.03,109.99999999999943,568.5357846711272,1091.0796422162161
2231,FADS151,a,12,ADS,54.78,100.00000000000142,441.1739895135906,993.9963484765632
2232,FADS151,i,12,ADS,57.10695539771951,99.73860557864356,418.91968332628755,1865.8227548626571
2233,FADS151,i,12,ADS,62.02,49.99999999999716,388.32462936718025,1916.4756507327672
2234,FADS151,i,12,ADS,62.3,50.00000000000426,316.59846983753334,1846.794933385271
2235,FADS151,a,12,ADS,62.59,146.8443716113086,519.8428118355682,1059.8954632920286
2236,FADS151,i,12,ADS,69.45546107330831,124.67325697329557,296.3387549227011,2022.8396243731047
2237,FADS151,i,12,ADS,71.2,99.99999999999432,324.65524934039047,2182.6899518669507
2238,FADS151,a,12,ADS,72.76,63.898355659674166,499.0912639145309,867.935220717895
2239,FADS151,a,12,ADS,73.9,89.9999999999892,474.22929428612224,945.001175966775
2240,FADS151,i,12,ADS,76.31,51.322475562443515,436.61194696231115,1684.5543370436853
2242,FADS151,u,12,ADS,91.08,100.00000000000853,353.28848262084557,679.2977297067457
2243,FADS151,a,12,ADS,99.68,149.99999999999147,523.3382945183178,1088.2921293341817
2244,FADS151,u,12,ADS,101.85,90.00000000000341,346.27426411100157,2096.893414868611
2245,FADS151,a,12,ADS,104.5,94.2306005133986,520.4242260468102,977.983638042769
2246,FADS151,i,15,ADS,5.200314684373165,124.71042046450887,285.72199153829365,1753.1174221496824
2248,FADS151,u,15,ADS,7.5,99.99999999999964,323.90301137809104,642.283834558758
2251,FADS151,u,15,ADS,19.56,70.00000000000028,409.51959558629744,989.4612656860728
2252,FADS151,u,15,ADS,27.31,120.000000000001,380.646250348576,730.3953521267931
2254,FADS151,i,15,ADS,44.33171456299819,88.28543700181513,353.2739729007518,2213.3992724764307
2255,FADS151,a,15,ADS,50.98,100.00000000000142,567.5037021839528,1071.155818691569
2256,FADS151,a,15,ADS,52.47465216040037,105.34783959963079,557.3023205210783,921.6346640836072
2257,FADS151,i,15,ADS,61.28013461312577,49.86538687423092,380.6044434783852,1948.411961610983
2258,FADS151,i,15,ADS,61.6175925100896,82.40748991040192,315.36861959746557,2086.4698572188936
2259,FADS151,a,15,ADS,61.92,134.34254859846106,606.973499923578,1031.0353246451857
2260,FADS151,i,15,ADS,68.78811575475078,98.1762884507873,309.07183006697954,2170.3239279767186
2261,FADS151,i,15,ADS,70.64235054556461,90.21604884665635,308.20537817154604,2155.02184796054
2262,FADS151,a,15,ADS,72.25,86.11542325739663,545.289017472664,850.8725399068003
2263,FADS151,a,15,ADS,73.19,83.65753855899527,496.6240140446374,886.210940061777
2264,FADS151,i,15,ADS,75.32,40.00000000000625,435.1503856785294,1109.591908027571
2265,FADS151,u,15,ADS,78.64250460717058,91.54275544734958,398.8650982768387,909.232188611348
2266,FADS151,u,15,ADS,89.45,99.99999999999432,380.9322598689467,785.5691485428406
2267,FADS151,a,15,ADS,97.52,125.57121488056566,506.5893339741895,869.9463996884838
2268,FADS151,u,15,ADS,99.24,130.69375841492104,347.53217442785626,742.1113306723935
2269,FADS151,a,15,ADS,101.92,99.99999999999432,471.80903147679004,971.3914703024104
2270,FADS151,i,9,ADS,7.4,80.00000000000007,324.4610858463278,1934.262810634089
2272,FADS151,u,9,ADS,9.216710518226524,83.28948177347684,366.216902269762,932.500545646903
2273,FADS151,u,9,ADS,9.5,160.00000000000014,542.5197274421131,1302.635488527593
2274,FADS151,i,9,ADS,10.27,80.00000000000007,369.85984046405804,1993.0450103491025
2275,FADS151,u,9,ADS,17.60664008714069,112.83468830464116,402.7125046993674,713.4763613781639
2276,FADS151,u,9,ADS,20.83118064901191,98.8193509880908,411.0587704131696,855.3492124110261
2277,FADS151,u,9,ADS,28.85,109.99999999999943,406.30008901717395,618.3585608356871
2279,FADS151,a,9,ADS,35.65,109.99999999999943,632.8772617166615,1038.6957275716345
2280,FADS151,i,9,ADS,42.32246558571104,87.53441428895314,252.4921927764527,1980.8112129881358
2281,FADS151,i,9,ADS,45.06,99.99999999999432,391.8532795837694,2163.4736597323895
2282,FADS151,i,9,ADS,59.73122722675655,68.77277324344533,321.15899879970516,1897.3440243097732
2283,FADS151,a,9,ADS,60.0,79.9999999999983,539.4668090852484,1091.1414829316216
2284,FADS151,i,9,ADS,66.21107939530411,130.10530386146968,303.834477936365,2048.0586850217846
2285,FADS151,i,9,ADS,68.09,99.99999999999432,308.00545344169024,1882.8383844537243
2286,FADS151,a,9,ADS,69.38,72.96018199673426,500.57113639276315,884.7214357335903
2287,FADS151,a,9,ADS,70.49660391251086,69.08246222732828,523.3319858541606,918.7651899028551
2288,FADS151,i,9,ADS,72.62,43.2609528208161,401.7709314029391,1465.5746056360103
2289,FADS151,u,9,ADS,85.98,179.9999999999926,391.4992905010148,1755.5676928436178
2290,FADS151,a,9,ADS,94.01,109.99999999999943,531.9557386396942,972.973872640869
2291,FADS151,a,9,ADS,97.82,100.00000000000853,476.743313787583,899.4776406850701
2292,FADS152,i,12,ADS,7.044120595629583,115.87940437041678,371.209294335987,2146.35743856221
2293,FADS152,u,12,ADS,9.13,139.9999999999988,388.648413362558,1101.5865919356547
2294,FADS152,u,12,ADS,10.22091328079574,119.08671920425995,425.4552042824566,794.3205985647356
2295,FADS152,u,12,ADS,10.48183456314159,178.1654368584107,353.7261025666275,710.2757020946503
2296,FADS152,i,12,ADS,11.45,100.00000000000142,412.9351161080695,1876.0862396991802
2297,FADS152,u,12,ADS,21.03,135.05034360646917,316.5569631453095,1273.4617858795311
2298,FADS152,u,12,ADS,26.05,109.99999999999943,365.61037263705794,792.3002070102195
2299,FADS152,u,12,ADS,36.49,119.99999999999744,340.2391707889304,773.222331557013
2300,FADS152,u,12,ADS,37.51,120.00000000000455,330.0692690017865,970.5779032785854
2301,FADS152,a,12,ADS,45.4,100.00000000000142,649.1381581767143,1034.9750137920134
2302,FADS152,i,12,ADS,53.75299992542444,117.00007457555728,312.4298381015236,2069.1009829184986
2303,FADS152,i,12,ADS,57.15,120.00000000000455,346.35718950417066,2225.353467411342
2304,FADS152,a,12,ADS,61.79,120.26341712650179,493.7944619607374,1019.0221705803068
2305,FADS152,a,12,ADS,63.5,140.00000000000057,680.5324159735783,1072.0932489335369
2306,FADS152,a,12,ADS,65.2,109.99999999999943,641.2303394614025,1104.9012285972567
2307,FADS152,i,12,ADS,68.26113453397939,75.64648337935864,323.22106251028407,2143.8385296812003
2308,FADS152,i,12,ADS,73.52,109.99999999999943,271.5503402491216,2025.466581532773
2309,FADS152,i,12,ADS,73.90891865992994,71.08134007006583,379.6709028784215,1838.6382915751115
2310,FADS152,a,12,ADS,74.2,122.16889522009922,605.6855406360813,1050.332354208043
2311,FADS152,i,12,ADS,82.69646373190086,86.9129809039606,288.5179690921106,2162.849316541476
2312,FADS152,i,12,ADS,85.05,108.74961481520984,363.0075025036108,2268.8831690049237
2313,FADS152,a,12,ADS,87.03,88.98264879837825,665.5832657992844,1135.7510124002124
2314,FADS152,a,12,ADS,88.42,79.9999999999983,693.7693998591288,1193.560994441286
2315,FADS152,i,12,ADS,90.99,48.34396293163934,367.9475303278662,1901.942559903497
2316,FADS152,u,12,ADS,94.69,109.99999999999943,340.8229325809514,734.3004674346676
2317,FADS152,u,12,ADS,106.63,100.00000000000853,340.6734019069577,1443.5452282248714
2318,FADS152,a,12,ADS,116.83,109.99999999999943,568.6629981777999,965.4274621187037
2319,FADS152,u,12,ADS,119.21,133.56323708561035,380.2157680853624,744.8249614094368
2320,FADS152,a,12,ADS,121.47,113.23342298760508,615.2538864319849,1050.7763299685812
2321,FADS152,i,15,ADS,6.37,89.99999999999986,363.450159847936,2074.995212926778
2322,FADS152,u,15,ADS,7.95,169.99999999999903,265.16072494628423,612.1184127172497
2323,FADS152,u,15,ADS,9.08,169.99999999999994,272.1680119850779,612.0083743773749
2324,FADS152,u,15,ADS,9.424620494820868,235.3795051791323,290.80145842433376,603.3661312201552
2325,FADS152,i,15,ADS,10.21,109.99999999999943,360.87447978139954,2070.922340757948
2327,FADS152,u,15,ADS,21.7304240580882,112.53093340694065,300.2861562571053,770.6990852162672
2328,FADS152,u,15,ADS,30.88,109.99999999999943,448.8040046536969,760.3070241351679
2329,FADS152,u,15,ADS,32.0,149.99999999999858,309.75602329793,1790.4452473186288
2330,FADS152,a,15,ADS,36.90441121294231,116.10334399126998,601.9121195070862,1028.1064814312394
2331,FADS152,a,15,ADS,39.8307113863588,137.53780749736677,637.6031834022539,1083.7644531770202
2332,FADS152,i,15,ADS,47.90661635852291,103.5999069460729,305.161597644812,2010.5297733810519
2333,FADS152,i,15,ADS,50.89629739192112,103.70260807888343,328.8853457696872,2041.4197511428304
2334,FADS152,a,15,ADS,55.31,118.38401489517025,606.3097531874118,1042.0806575518288
2336,FADS152,a,15,ADS,57.88059466506771,132.17919162083547,575.3542926119499,1088.8222382543647
2337,FADS152,i,15,ADS,60.98,121.19292836830198,294.1866535922087,2063.6818377700524
2338,FADS152,i,15,ADS,66.75574948753892,84.2505124610824,339.8501882621872,2090.3007264472512
2339,FADS152,i,15,ADS,67.24455443644484,75.44556355514942,398.98986436694685,2081.042870018474
2340,FADS152,a,15,ADS,67.54,113.59544835259783,570.6044365325171,1050.844084158193
2341,FADS152,i,15,ADS,74.42,159.9999999999966,309.15496484385534,2150.650301851996
2342,FADS152,i,15,ADS,76.85,94.7111041316333,358.1531574788031,2055.5089050048214
2343,FADS152,a,15,ADS,78.98810574216525,111.8942578347486,649.5072886621326,1151.546603854747
2344,FADS152,a,15,ADS,80.19,94.08596530857949,673.6082528955218,1194.1512433420642
2345,FADS152,u,15,ADS,82.62827273130162,148.25503925041517,520.8819633948266,864.1697425874017
2346,FADS152,i,15,ADS,83.023024100872,60.730979933893536,386.91595107941407,1689.0006652286015
2347,FADS152,u,15,ADS,87.31146505712978,142.89642337388386,338.5697448967484,732.4537916664218
2348,FADS152,u,15,ADS,98.19,109.99999999999943,282.0468065398903,677.3108702310328
2349,FADS152,a,15,ADS,108.15,119.99999999999034,571.6754095739972,968.2827182650568
2350,FADS152,u,15,ADS,110.32,144.54727893411246,304.4630571639585,559.4848075789548
2351,FADS152,a,15,ADS,112.87,124.81873280660238,606.8232359424458,1007.1426053535465
2352,FADS152,i,18,ADS,5.833554740026811,109.5500896458983,347.7345820347083,2120.165946061593
2353,FADS152,u,18,ADS,7.54,169.99999999999994,297.6389405467535,637.5461745047403
2354,FADS152,u,18,ADS,8.782260057149175,107.73994285082544,467.0418769578379,821.050034599587
2355,FADS152,u,18,ADS,9.091005995069391,258.9940049306083,309.88801445559,769.4309292993456
2356,FADS152,i,18,ADS,10.40909751792911,97.93114074405906,399.97669677507633,2013.0333795826334
2357,FADS152,u,18,ADS,19.43074532160469,59.25467839530896,374.8628970460887,753.1211436611445
2358,FADS152,u,18,ADS,24.62630946044387,74.6932429403806,325.28847247273166,700.5476222269647
2359,FADS152,u,18,ADS,33.90368577711797,79.67279246973646,318.92416824536934,762.9141702587955
2360,FADS152,u,18,ADS,34.87518041237117,154.81958762882897,476.48439377421414,1914.7433758454908
2361,FADS152,a,18,ADS,43.86,130.00000000000256,607.5667152086862,1028.8772604854037
2362,FADS152,i,18,ADS,53.17795937651611,92.04062348389641,456.3553929841994,1858.7906774166572
2363,FADS152,i,18,ADS,56.8947640751926,80.36173327968044,332.0487889662314,2098.2072997097603
2364,FADS152,a,18,ADS,61.80967337642627,108.52976350142995,614.5349973158618,1126.144835361735
2365,FADS152,a,18,ADS,63.52,119.8335382645297,618.6898535911884,1015.5309074061865
2366,FADS152,a,18,ADS,64.92,140.00000000000057,624.6336857415816,1119.7721508596358
2367,FADS152,i,18,ADS,67.8409407561649,41.423573855510654,444.29557078921806,1734.942061000736
2368,FADS152,i,18,ADS,73.13,60.000000000002274,358.7662698040304,2039.9477383393494
2369,FADS152,i,18,ADS,73.44967181169037,62.135360783273086,368.5166182206417,1954.0052248907348
2370,FADS152,a,18,ADS,73.73161303352512,102.73046316166301,624.1961129889465,1108.0652575467543
2371,FADS152,i,18,ADS,82.41,150.00000000000568,341.33834984924965,2109.9597709315544
2372,FADS152,i,18,ADS,84.69690273309537,83.09726690463037,326.6952615719101,2090.3039609974403
2373,FADS152,a,18,ADS,87.35,80.0000000000125,658.6574798983714,1190.1432326994097
2374,FADS152,a,18,ADS,88.87,79.32706696496439,667.2412476075119,1181.558851025512
2375,FADS152,i,18,ADS,91.8,40.00000000000625,366.6119810986995,1613.0756400430294
2376,FADS152,u,18,ADS,96.88881178565188,95.44136597938291,297.03162289083093,671.8777618928383
2377,FADS152,u,18,ADS,107.9776339225854,111.20993948900093,499.58425825159776,839.8636863164788
2378,FADS152,a,18,ADS,118.802828202056,111.20993948900093,585.9352976599437,963.5159114585954
2379,FADS152,u,18,ADS,121.44,109.99999999999943,305.6077520388695,774.8008051765246
2380,FADS152,a,18,ADS,123.4687078524368,87.9720416853047,510.9612959561535,1006.3353550712038
2381,FADS152,i,9,ADS,6.38,100.00000000000054,335.7100133527266,2140.9212154401102
2383,FADS152,u,9,ADS,9.21,199.9999999999993,361.1453193030699,780.3895867205091
2384,FADS152,u,9,ADS,9.607800107663824,222.19989233617633,310.20552955894027,644.4755036689668
2385,FADS152,i,9,ADS,10.37,110.00000000000121,357.99558351857445,2095.462170074791
2386,FADS152,u,9,ADS,19.86938944787368,108.11927393601195,338.46686337933363,1069.5527535788174
2387,FADS152,u,9,ADS,23.32248821360125,141.97480415839792,318.2287158467345,847.2134862407003
2388,FADS152,u,9,ADS,32.58,120.00000000000455,349.24308575856094,670.8414634548583
2390,FADS152,a,9,ADS,38.32164520448383,108.35479551617055,646.9380069992044,1032.5725911043648
2391,FADS152,a,9,ADS,41.65,109.99999999999943,568.1937579564632,1040.8329012353058
2392,FADS152,i,9,ADS,49.67252033854255,139.79057640212034,346.842464839217,2178.505878643675
2393,FADS152,i,9,ADS,52.66103336636697,138.96663363302508,389.8714949734656,2242.518165917451
2394,FADS152,a,9,ADS,57.8,123.07977175165519,547.7686421204663,1013.1227339884554
2395,FADS152,a,9,ADS,59.7,119.99999999999744,624.6257684401892,1057.1567918596852
2396,FADS152,a,9,ADS,61.73750590230389,142.49409769611532,636.1459143944603,1106.45158176567
2397,FADS152,i,9,ADS,64.39785112145364,119.04041271742472,269.9655723675221,2088.6311639266405
2398,FADS152,i,9,ADS,70.07,70.00000000000739,371.51129220858263,1983.6033125527165
2399,FADS152,i,9,ADS,70.40377550092829,86.22449907170449,409.9895051322468,2105.5398001187014
2400,FADS152,a,9,ADS,70.74,130.00000000000966,569.0156762601332,1086.7479805781581
2401,FADS152,i,9,ADS,77.88508516529573,158.3565123305135,312.875818624091,2194.933008468289
2402,FADS152,i,9,ADS,80.11,129.99999999999545,351.75056806957315,2193.831811829847
2403,FADS152,a,9,ADS,82.52,90.00000000000341,681.8669101236051,1243.1541072943612
2404,FADS152,a,9,ADS,83.78,79.9999999999983,696.6503415052331,1221.3280512629535
2405,FADS152,i,9,ADS,86.38485009144881,45.149908551195495,381.413118468786,1797.5077714694648
2406,FADS152,u,9,ADS,91.00254930873048,127.45069126951591,404.7966943787323,967.4368185109626
2407,FADS152,u,9,ADS,100.55,120.00000000000455,344.66873497130393,1200.3565650128494
2409,FADS152,u,9,ADS,113.2163778488749,112.48772944850316,314.5546560863356,775.5463564373532
2410,FADS152,a,9,ADS,115.66,124.68566799429937,608.4745634207665,1064.4131882077081
2411,FADS153,i,9,ADS,6.253240829522723,106.75917047727701,293.86763079772203,1876.057555015676
2412,FADS153,u,9,ADS,7.651713712373609,158.28628762639062,298.78491807531657,680.8559955703489
2413,FADS153,u,9,ADS,8.25,160.00000000000014,312.0775387485502,718.153571716217
2414,FADS153,u,9,ADS,8.59,250.0,446.9331437721074,1364.586687409772
2415,FADS153,i,9,ADS,9.33,89.99999999999986,323.33384488285054,1824.5406101188764
2416,FADS153,u,9,ADS,15.83,121.05785241103995,424.1682461180998,937.2462886019257
2417,FADS153,u,9,ADS,18.74096653667793,103.16070526975096,308.5228144840283,736.6289424462152
2418,FADS153,u,9,ADS,25.66,120.000000000001,327.54716298345085,557.6233333612881
2419,FADS153,u,9,ADS,26.73691327326563,173.08672673437187,305.83068152017233,615.3848384899891
2420,FADS153,a,9,ADS,30.65,110.00000000000298,560.3097085978993,1029.6455745987646
2421,FADS153,a,9,ADS,33.42,119.99999999999744,558.8844546368487,1035.5009431265871
2422,FADS153,i,9,ADS,39.5236092189113,106.39078108870592,281.3577605087355,2009.8975286131374
2423,FADS153,i,9,ADS,41.43375120043505,106.24879956495192,274.6555113270891,2016.376319347464
2424,FADS153,a,9,ADS,45.7118067303283,142.13252726054293,611.6242842773881,1072.5711182570149
2425,FADS153,a,9,ADS,47.59,159.9999999999966,603.4039110295842,1053.8761784697604
2426,FADS153,a,9,ADS,49.0,109.99999999999943,517.6971119672511,1013.8152525068356
2427,FADS153,i,9,ADS,51.51868791338901,96.28332491843139,325.3600239893065,1900.4050634660498
2428,FADS153,i,9,ADS,55.82,73.76999804237983,299.7692848779371,1983.6059977473587
2429,FADS153,i,9,ADS,56.18147374273913,98.52625726087183,317.0713458359302,1826.5419626091589
2430,FADS153,a,9,ADS,56.50356438919246,106.43561080753727,558.5853685337372,1101.8138924243333
2431,FADS153,i,9,ADS,64.31911390066229,124.93907638224755,261.34493231775025,2072.173022652706
2432,FADS153,i,9,ADS,65.78131184179198,128.377766557918,281.5195588639242,1966.8782833127386
2433,FADS153,a,9,ADS,67.46,104.36865545806029,498.5855115141479,960.2114315192059
2434,FADS153,a,9,ADS,68.71,108.24546321452999,527.5176872157301,993.68484856757
2435,FADS153,i,9,ADS,70.72,41.98167850300649,393.7214074997056,1400.138968330552
2436,FADS153,u,9,ADS,73.89196712809336,108.03287190664435,283.1429413353608,664.782014952887
2437,FADS153,u,9,ADS,82.75747475983076,112.52524016924781,297.5991085836614,615.405210371985
2438,FADS153,a,9,ADS,91.21,150.00000000000568,539.7486270017575,1024.2516755920856
2440,FADS153,a,9,ADS,95.27,120.00000000000455,534.4709644561948,1012.9138490011601
2441,FADS154,i,12,ADS,4.92,129.9999999999999,278.1316625035847,2100.3787707553934
2442,FADS154,u,12,ADS,7.65,69.9999999999994,269.99154976740283,833.019126277601
2443,FADS154,u,12,ADS,7.874776532905217,156.24893367616633,376.5917795946591,729.9233948677189
2444,FADS154,i,12,ADS,8.77,70.00000000000028,302.1217040226412,1922.8097675365539
2445,FADS154,u,12,ADS,18.16443026410096,149.146709418158,380.5380924033873,1401.1110603381812
2446,FADS154,u,12,ADS,23.68360638975495,131.3911487731403,368.5610590542447,944.2836673429537
2447,FADS154,u,12,ADS,32.55,130.00000000000256,367.8230095930462,678.2291375310758
2448,FADS154,a,12,ADS,38.13209547828464,101.20669567660912,487.3830007716171,919.6050233995592
2449,FADS154,a,12,ADS,40.7,119.99999999999744,624.6084310968586,1139.5857428982133
2450,FADS154,i,12,ADS,49.55,100.00000000000142,290.913567325156,2078.032907977274
2451,FADS154,i,12,ADS,52.82585898788506,81.67557896708644,344.1747012273347,2141.15192610007
2452,FADS154,a,12,ADS,57.77,122.11381602744353,712.589457356988,1202.1659910600283
2453,FADS154,a,12,ADS,59.56,119.99999999999744,694.5755949922798,1134.6407149164722
2454,FADS154,a,12,ADS,60.93,109.99999999999943,485.53539459861827,1067.4625933752243
2455,FADS154,i,12,ADS,63.67501397201546,79.90002290257792,290.13527780397345,2053.523190288479
2456,FADS154,i,12,ADS,69.17,194.11865871227008,351.15526479539113,2218.780747273823
2457,FADS154,i,12,ADS,70.14550310175156,104.496898248442,312.51788470038844,2200.614761714458
2458,FADS154,a,12,ADS,70.56,160.59931277584383,565.2063298899324,1224.3541919831941
2459,FADS154,i,12,ADS,76.10358244261249,158.02448974068284,330.77450642489725,2111.9094320656595
2460,FADS154,i,12,ADS,77.84,99.99999999999432,274.96326909380815,2094.369976165627
2461,FADS154,a,12,ADS,79.79,99.99999999999432,530.7752135372862,1028.2730448575755
2462,FADS154,a,12,ADS,80.93,109.99999999999943,476.740494251742,854.8432873098261
2463,FADS154,u,12,ADS,82.84932935389922,145.59559728915872,469.91455153299125,899.5705321701363
2464,FADS154,i,12,ADS,83.25,49.99999999999716,382.923311931924,1116.3644389721262
2465,FADS154,u,12,ADS,87.23520534206222,97.65558354760628,351.237677336162,820.091938520183
2467,FADS154,a,12,ADS,105.95,129.99999999999545,499.7660779369091,1011.9943389108204
2468,FADS154,u,12,ADS,108.48,91.3631911224968,381.7052209430851,1287.311764573268
2469,FADS154,u,12,ADS,109.767425795126,172.22893825669416,575.8249761663996,903.2978362283552
2470,FADS154,a,12,ADS,110.95,100.70646531190164,533.1738769051026,1045.320534573704
2471,FADS155,i,9,ADS,5.61,80.00000000000007,399.6973768747837,2023.1866722175766
2473,FADS155,u,9,ADS,7.94,129.9999999999999,402.1296824383387,820.2707895002277
2474,FADS155,u,9,ADS,8.24,233.2993777748662,371.1232992059323,823.9907456782962
2475,FADS155,i,9,ADS,9.07,80.00000000000007,470.9428948857084,1549.4321166291056
2476,FADS155,u,9,ADS,18.67,89.99999999999986,343.6474862219785,755.4636289654477
2477,FADS155,u,9,ADS,24.97,94.53591200851008,346.87604340816694,732.8413688491605
2479,FADS155,a,9,ADS,31.8,99.99999999999787,625.627307757454,1029.2199721682139
2480,FADS155,i,9,ADS,36.70321796858789,74.92185750021463,364.51453871419073,2198.4391556769247
2481,FADS155,i,9,ADS,38.50718209358607,70.44891078378157,293.9812501597527,2300.548113310541
2483,FADS155,a,9,ADS,44.64110224734252,98.89775265747858,712.9032629959904,1055.5188538511295
2484,FADS155,i,9,ADS,50.0,60.000000000002274,376.6030597574285,2314.125349143003
2485,FADS155,i,9,ADS,50.27,59.99999999999517,378.64715763007223,1947.3995014341049
2486,FADS155,i,9,ADS,56.15,70.00000000000028,351.7847544231522,2225.274442106833
2487,FADS155,i,9,ADS,57.27,79.67942805564832,351.212465396614,2216.955486935537
2488,FADS155,a,9,ADS,58.551018737359,98.98126264099716,659.7217318237076,1067.8446172535523
2489,FADS155,i,9,ADS,61.47,44.94941812804143,447.2658794358443,1191.4732108554158
2490,FADS155,u,9,ADS,64.21395875310374,86.04124689625792,367.5802678161548,818.0008276692608
2491,FADS155,u,9,ADS,72.83,100.00000000000853,310.53753533724216,696.7621352671276
2492,FADS155,a,9,ADS,80.47,99.99999999999432,629.3164623403295,1039.4123138652658
2493,FADS155,u,9,ADS,82.32,88.03243891712498,400.9874401856732,863.8812477402714
2495,FADS156,i,12,ADS,5.53,69.9999999999994,336.6948179341847,2057.4640205289425
2496,FADS156,u,12,ADS,6.85,150.00000000000034,402.46490039535996,950.8856356069431
2497,FADS156,u,12,ADS,7.89,90.00000000000074,338.6080310719792,782.5035505214337
2498,FADS156,u,12,ADS,8.11,160.00000000000014,416.80231210323126,855.3435995673079
2499,FADS156,i,12,ADS,8.719212051075134,74.15505393989363,355.5204213784177,1994.8794522114563
2500,FADS156,u,12,ADS,16.01059022871757,186.17651840228788,381.2462381262122,1592.470382682613
2501,FADS156,u,12,ADS,19.29119730729084,75.73282104499057,317.2868992015015,654.8304282801257
2502,FADS156,u,12,ADS,27.57,100.00000000000142,313.08449740262313,646.9315125200484
2503,FADS156,u,12,ADS,28.62,140.00000000000057,388.6451220678392,710.9546949980302
2504,FADS156,a,12,ADS,32.51,83.10751952637929,580.8134235601486,1194.6899963675896
2505,FADS156,a,12,ADS,35.59,100.0899652420486,560.4528029485438,1188.7007221553247
2506,FADS156,i,12,ADS,42.97794213890061,104.13262893687403,285.9260875475182,2046.8916087072025
2507,FADS156,i,12,ADS,44.90930992537731,70.69007462268928,305.76027962398825,2113.927451023897
2508,FADS156,a,12,ADS,49.16,111.12766419928022,599.6828727906358,1084.588739388772
2509,FADS156,a,12,ADS,50.63,109.99999999999943,724.3696441477084,1131.1835727538003
2510,FADS156,a,12,ADS,52.28,79.9999999999983,629.1592763672944,1072.1861098908212
2511,FADS156,i,12,ADS,55.10156106991882,69.42175262457795,318.79966665177903,1980.974292236568
2512,FADS156,i,12,ADS,59.86,39.99999999999915,336.40632397076325,1852.4575110125497
2513,FADS156,i,12,ADS,60.15608829136021,83.91170863978914,309.38192734354544,1982.581064537208
2514,FADS156,a,12,ADS,60.46,114.0462010651504,642.2511690263502,1213.198270547783
2515,FADS156,i,12,ADS,66.16616705043543,105.71039604197097,305.08374237576936,2041.638576242816
2516,FADS156,i,12,ADS,68.45999631617455,100.97709472665883,287.9870570209013,1376.9514909699592
2517,FADS156,a,12,ADS,72.12,65.89110589544589,578.559030025203,1064.001922006438
2518,FADS156,u,12,ADS,77.60336850318836,102.2138902783638,269.28020885142126,1392.5107601507304
2519,FADS156,u,12,ADS,86.67,84.33248550183237,310.09314466595686,687.8263326254057
2520,FADS156,a,12,ADS,95.62,149.99999999999147,580.8204936829026,1091.080954747013
2521,FADS156,u,12,ADS,97.28,131.75580947974197,361.94387220050857,518.3227338344238
2522,FADS156,a,12,ADS,99.83,122.44075574976421,619.9782638771566,1049.065535573724
2523,FADS156,i,18,ADS,7.197614858807617,97.93114074406084,306.80882868391495,2083.8243060430173
2525,FADS156,u,18,ADS,9.54,50.00000000000071,269.18556062173974,944.1912094992065
2526,FADS156,u,18,ADS,9.735723750560204,234.2762494397963,357.4574775111105,775.4026377527492
2527,FADS156,i,18,ADS,10.47,99.99999999999964,321.94061519030276,1914.7231985859346
2528,FADS156,u,18,ADS,18.2,70.00000000000028,437.8430161299897,1167.4073648731305
2529,FADS156,u,18,ADS,21.49939475011214,69.71369341103184,297.80204874499617,776.9316454348622
2532,FADS156,a,18,ADS,36.86890814096811,137.7675369789273,495.7980538137738,1012.2122696020297
2533,FADS156,i,18,ADS,43.5441611104882,149.3864858807754,341.20218258643064,2039.2226157592386
2534,FADS156,i,18,ADS,45.44795131107083,63.07429403855025,313.46540974674383,1970.861362017839
2535,FADS156,a,18,ADS,49.74019792133512,84.65234199910299,662.4953528020545,1113.8855486345867
2536,FADS156,a,18,ADS,50.94023560062686,89.76439937313785,621.4760130353836,1088.9070753458511
2537,FADS156,a,18,ADS,52.62,90.00000000000341,492.58010146127583,1051.7474773583422
2538,FADS156,i,18,ADS,54.95942500560201,91.29174137158458,317.1213654805621,1817.1029644971798
2539,FADS156,i,18,ADS,59.66085863962248,59.141360377516605,305.90207907852596,1968.4798389981538
2540,FADS156,i,18,ADS,60.00112785746201,82.99249215598081,329.4558542451684,1987.235420807981
2541,FADS156,a,18,ADS,60.340569111384,69.43088861599733,592.6562738960115,1093.158126863916
2542,FADS156,i,18,ADS,65.90330975459304,146.6902454069583,352.54050557231824,2266.311698084472
2543,FADS156,i,18,ADS,67.58695344015997,112.86978933215153,228.55981863159326,2050.0776018158444
2544,FADS156,a,18,ADS,69.25,74.49700246381497,552.3120572833666,1017.4038694199122
2545,FADS156,a,18,ADS,70.8363581353638,91.29174137157747,593.449238714961,1053.6713264463897
2546,FADS156,u,18,ADS,77.43714617884177,89.6318915284553,300.5210597915253,717.7754179084505
2547,FADS156,u,18,ADS,86.5298771571022,71.37354325415401,327.0069738554481,669.5811356727369
2548,FADS156,a,18,ADS,95.9962783295021,106.64535242045758,586.2508679581368,1035.6635243859582
2549,FADS156,u,18,ADS,98.38,79.9999999999983,342.77351944893087,795.0991908760848
2550,FADS156,a,18,ADS,101.5531643951674,104.5705401165975,586.3260955982512,1068.1217912004863
2551,FADS156,i,9,ADS,7.53,59.99999999999961,287.70011168186824,2088.3682651111017
2552,FADS156,u,9,ADS,8.73,89.99999999999986,365.1981458926115,1133.368227105787
2553,FADS156,u,9,ADS,10.06,70.00000000000028,329.303678337826,861.2395394029475
2554,FADS156,u,9,ADS,10.27,240.00000000000023,352.9715191737115,696.3654755798434
2555,FADS156,i,9,ADS,11.08,80.00000000000007,340.22073770477806,2055.6193547897547
2556,FADS156,u,9,ADS,17.89,160.4930436043297,295.14166287321825,1133.4691876092436
2557,FADS156,u,9,ADS,20.9903495974897,68.24204564350111,289.89717472723146,807.3360515646519
2558,FADS156,u,9,ADS,28.69,119.99999999999744,320.01165674411567,650.6194241896344
2560,FADS156,a,9,ADS,32.9,71.14852316475861,611.7925866262804,1103.314321525234
2561,FADS156,a,9,ADS,36.09,107.7933176344601,629.992258811834,1119.6114756617533
2562,FADS156,i,9,ADS,42.89733971944415,110.57415804826576,250.41991868289045,1804.3924236375774
2563,FADS156,i,9,ADS,45.04143636129388,68.56363870611659,297.9939834399921,2015.1515747895842
2564,FADS156,a,9,ADS,49.66,122.32421422977069,616.9234266558312,1166.066917112665
2565,FADS156,a,9,ADS,51.33,180.2651613739883,704.669313138739,1222.6404975950609
2566,FADS156,a,9,ADS,52.73,80.0000000000054,673.4291128655325,1176.5111923795791
2567,FADS156,i,9,ADS,55.94548307719774,84.63700986409606,305.88867741109635,1977.1605569712428
2568,FADS156,i,9,ADS,61.91,50.15030032729584,325.36084842285084,1881.688025862429
2569,FADS156,i,9,ADS,62.22,79.9999999999983,266.0296304855019,2041.3588167721684
2570,FADS156,a,9,ADS,62.5597541128395,99.65325354966836,593.4724619224777,1126.8567404254015
2571,FADS156,i,9,ADS,68.24,109.99999999999943,299.8937638388003,2137.461052530247
2572,FADS156,i,9,ADS,70.72,99.99999999999432,299.64941782412114,2108.481751225545
2573,FADS156,a,9,ADS,72.86,79.9999999999983,615.1391335293572,1050.1170976289818
2574,FADS156,a,9,ADS,74.5,120.00000000000455,572.3429739000014,997.6631924397805
2575,FADS156,u,9,ADS,80.4513136588694,88.68634113061091,333.07118959186425,814.143765948138
2576,FADS156,u,9,ADS,90.01,99.99999999999432,310.6386306039679,678.0974993773034
2577,FADS156,a,9,ADS,99.54,138.4607746863935,680.0344639804625,1142.2580443325787
2578,FADS156,u,9,ADS,101.39,104.8873205631935,532.8297057811776,1623.912097006786
2579,FADS156,a,9,ADS,103.68,110.06097270899318,579.2968923100135,1075.3021592852267
2580,FADS157,i,12,ADS,6.4,139.9999999999997,314.76593397436875,2095.643295488782
2581,FADS157,u,12,ADS,8.036558253424065,191.29456200186112,311.21686442303144,1460.0476442748022
2582,FADS157,u,12,ADS,8.896090150745042,103.90984925495772,396.2738586081902,647.030394086531
2583,FADS157,u,12,ADS,9.139631125390464,202.93857881936538,323.4001148735042,689.5356143933498
2584,FADS157,i,12,ADS,9.71,89.99999999999986,342.44030345798274,1940.989100482001
2585,FADS157,u,12,ADS,16.82428604890858,146.38192570577147,362.6093898254264,1780.7486874989083
2586,FADS157,u,12,ADS,20.48159594618018,101.46928940967825,318.59308234210346,794.2087753472974
2587,FADS157,u,12,ADS,27.8494753049497,160.5246950503023,391.3361236515476,1557.315974094616
2588,FADS157,u,12,ADS,28.6,179.99999999999972,304.2407009767284,616.411488976579
2589,FADS157,a,12,ADS,32.49,119.75696549750836,578.338185315607,1247.450282210933
2590,FADS157,a,12,ADS,35.05,160.0000000000037,511.4557795183099,920.4772388093952
2591,FADS157,i,12,ADS,41.13153802253358,114.7767372011046,288.75432397830355,2099.756373106926
2592,FADS157,i,12,ADS,43.15940718037512,100.59281962487887,318.2233201499535,2103.0434601069246
2593,FADS157,a,12,ADS,47.21484216998778,159.68937349719425,574.1220489840354,959.1435384803892
2594,FADS157,a,12,ADS,48.51,160.0000000000037,539.2952625107757,776.6222883716764
2595,FADS157,a,12,ADS,49.81,129.99999999999545,557.0854866713298,793.4609336794704
2596,FADS157,i,12,ADS,52.37554877905212,88.16184161825191,304.7631411354188,2074.9605577047823
2597,FADS157,i,12,ADS,57.05,80.0000000000054,330.5751118618604,1822.565248741643
2598,FADS157,a,12,ADS,57.36195594336437,134.73790888826898,609.3448648998651,874.1038064274564
2599,FADS157,i,12,ADS,62.69,119.06215182550284,301.03179678623206,2089.1662824042623
2600,FADS157,i,12,ADS,64.69,88.71122557964384,301.19840080374377,2062.4660011288684
2601,FADS157,a,12,ADS,66.3,109.99999999999943,535.5011152650695,901.6277283729842
2602,FADS157,a,12,ADS,67.58,76.66701141000942,526.9004655725621,893.6108294636377
2603,FADS157,u,12,ADS,69.27107939063481,98.92060936519442,331.1060907356964,718.3991659520677
2604,FADS157,i,12,ADS,69.44906650484523,40.933495154760635,390.0054531240141,1405.5491586425785
2605,FADS157,u,12,ADS,72.48763756125518,102.36243874481943,321.64801034207596,743.7522666140446
2606,FADS157,u,12,ADS,81.73,129.99999999999545,305.28825359934854,639.154378297768
2607,FADS157,a,12,ADS,89.79,169.77206865060168,558.1545626191337,869.7702010983725
2608,FADS157,u,12,ADS,90.87,119.99999999999034,344.16652257652436,607.5768879722211
2609,FADS157,a,12,ADS,92.86855188184376,129.74761596647966,531.0095736362257,861.380224693021
2610,FADS157,i,9,ADS,10.15,129.999999999999,279.05938563859235,2065.527894185854
2611,FADS157,u,9,ADS,11.67196325284782,228.0367471521796,278.1480116163626,653.1548288762862
2612,FADS157,u,9,ADS,12.97,109.99999999999943,373.1760034037507,738.3377082469586
2613,FADS157,u,9,ADS,13.2075394399505,142.46056004949992,263.9153747693654,701.9271672675526
2614,FADS157,i,9,ADS,13.69,99.99999999999964,366.98222073539483,1898.029155279091
2615,FADS157,u,9,ADS,20.96,179.99999999999972,277.25617677058915,655.0332192796795
2616,FADS157,u,9,ADS,24.04575897561021,105.99615321241984,290.4434993499166,763.6700160012423
2617,FADS157,u,9,ADS,32.68,149.99999999999858,361.99882563154495,987.9668947900766
2619,FADS157,a,9,ADS,37.48,110.00000000000654,577.9577026008388,995.0259598301168
2620,FADS157,a,9,ADS,40.5,119.99999999999744,586.3427331021602,1005.2106903488421
2621,FADS157,i,9,ADS,47.00196886931533,79.03221950049044,291.7261990191602,2031.7049381353277
2622,FADS157,i,9,ADS,49.14482624679828,105.17375320171851,263.6618645618536,2109.420330301564
2623,FADS157,a,9,ADS,53.97879772284607,128.31113283607465,487.6898110198387,1108.239409453579
2624,FADS157,a,9,ADS,55.38,129.99999999999545,468.02966733826634,952.6226108661148
2625,FADS157,a,9,ADS,56.87,120.00000000000455,456.2904158836665,916.7194214600665
2626,FADS157,i,9,ADS,59.99280623501154,85.54075522404503,330.60422502223696,1971.3989987890618
2627,FADS157,i,9,ADS,64.76,59.99999999998806,314.97122706934096,1950.3540083997132
2628,FADS157,i,9,ADS,65.06389396821518,66.10603178481256,258.637080059511,1934.5974088991043
2629,FADS157,a,9,ADS,65.3708527244937,122.7323879301565,546.585765457524,1043.2559495072348
2630,FADS157,i,9,ADS,71.1734396624105,136.5603375895006,261.1862808657178,2172.3949424434686
2631,FADS157,i,9,ADS,73.45015242239027,109.84757760972741,272.73252942393077,2074.138060236106
2632,FADS157,a,9,ADS,75.36,90.00000000000341,545.4347729167515,957.7060059653558
2633,FADS157,a,9,ADS,76.5609463417673,91.11950012996317,562.6249110392807,1026.375463045437
2634,FADS157,i,9,ADS,79.54,45.56997778163918,352.4172240009589,1590.1653704686241
2635,FADS157,u,9,ADS,83.22182349558558,107.8557348477176,260.2235270155732,593.351505744928
2636,FADS157,u,9,ADS,93.09,129.99999999999545,400.3406142471496,1348.1208976280018
2637,FADS157,a,9,ADS,103.83,140.00000000000057,535.9854266925915,1036.7689221076607
2638,FADS157,u,9,ADS,105.48,109.99999999999943,337.6305993978672,690.6963617289796
2639,FADS157,a,9,ADS,107.71,158.9732320869075,567.3012672595152,1021.0199246261325
2640,FADS158,i,12,ADS,8.55,89.99999999999986,353.18542761978284,1917.6035721917397
2641,FADS158,u,12,ADS,10.09,210.00000000000085,313.1593691850577,700.9218668264442
2642,FADS158,u,12,ADS,10.97,159.04406985544915,312.50717515652696,756.0311556091912
2643,FADS158,u,12,ADS,11.36,203.2901327773402,343.1315843312244,617.2152514713835
2644,FADS158,i,12,ADS,12.2,70.00000000000028,410.832529344327,1906.8296771337482
2645,FADS158,u,12,ADS,17.95683468696716,128.7621180140306,342.1902162779578,656.1219232166344
2646,FADS158,u,12,ADS,22.55,149.99999999999858,332.9078758353622,549.3439460393691
2647,FADS158,u,12,ADS,30.72,130.55620103095222,309.4563502133876,622.7265378322074
2648,FADS158,u,12,ADS,31.83,179.99999999999972,303.07259539921836,605.5456173661191
2649,FADS158,a,12,ADS,35.65,120.00000000000455,587.9101640948926,995.8970884096402
2650,FADS158,a,12,ADS,38.47,109.99999999999943,590.8166597122432,1048.8546778052616
2651,FADS158,i,12,ADS,46.836734561287,121.60866701324835,297.1365458524748,1979.0305047024433
2652,FADS158,i,12,ADS,49.02,99.99999999999432,285.8318431243601,2048.4932763129973
2653,FADS158,a,12,ADS,52.74723350986253,144.8573827657782,578.132570157111,856.6168617370589
2654,FADS158,a,12,ADS,54.55,120.00000000000455,601.5642987702195,1020.1471989471302
2655,FADS158,a,12,ADS,55.93,120.04780125032966,561.6372119822679,895.8250906407842
2656,FADS158,i,12,ADS,58.13448817491272,101.93667676109897,319.38949128605316,2002.8640707982713
2657,FADS158,i,12,ADS,63.0,60.000000000002274,392.83566816091536,1751.5192072239656
2658,FADS158,i,12,ADS,63.34,69.99999999999318,283.3878198630289,1786.2790258920413
2659,FADS158,a,12,ADS,63.66,132.87489147598563,547.9891335798673,1085.105933773371
2660,FADS158,i,12,ADS,70.59,90.00000000000341,331.17351286515884,1689.4939211873589
2661,FADS158,i,12,ADS,72.38599925826225,112.66685326226877,311.9360388949689,1959.2179900110696
2662,FADS158,a,12,ADS,74.58537654420307,84.62345579692965,577.5325452815521,1029.5044913085112
2663,FADS158,a,12,ADS,75.91,117.1253312178635,593.3120422464347,1048.5540252906524
2664,FADS158,u,12,ADS,82.33226205619498,107.73794380502011,330.7240365345599,710.4253185627213
2665,FADS158,u,12,ADS,92.89,170.0000000000017,295.444339872032,569.7394077594159
2666,FADS158,a,12,ADS,100.76,129.99999999999545,597.946090773105,1120.6658205850347
2667,FADS158,u,12,ADS,102.53,134.0109384973971,346.10332735445655,736.9359230012919
2668,FADS158,a,12,ADS,104.43,89.9999999999892,560.8404916073371,898.643705028942
2669,FADS158,i,15,ADS,6.919652739206525,80.34726079347543,348.5530066931095,2174.3181592207065
2670,FADS158,u,15,ADS,8.82,179.99999999999972,329.26569013505986,723.8117946091154
2671,FADS158,u,15,ADS,9.93,130.0000000000008,336.74399945771415,829.529679424527
2672,FADS158,u,15,ADS,10.23,189.9999999999995,363.6301533941388,700.1454965999717
2673,FADS158,i,15,ADS,10.93411374479103,85.88625520896898,365.95482636165605,2043.6601734180995
2674,FADS158,u,15,ADS,21.83307504229463,120.36692058616083,329.9503661853585,714.4446334515268
2675,FADS158,u,15,ADS,29.69313962626318,76.86037373682097,515.6236602356096,1254.7969211846316
2676,FADS158,u,15,ADS,30.97,220.00000000000242,444.60926987406344,986.206716050314
2677,FADS158,a,15,ADS,34.97,154.7857065158027,714.3315582056803,1080.515882684238
2678,FADS158,a,15,ADS,36.69,109.99999999999943,471.830479149202,1063.9548834171533
2679,FADS158,i,15,ADS,43.44238471074889,107.61528925110753,296.78953098929856,2236.0301490902675
2680,FADS158,i,15,ADS,45.25868294047817,81.31705952183665,305.1456630798562,2129.1685844647664
2681,FADS158,a,15,ADS,49.07,159.87809203259218,604.1966402996833,1073.1604803100736
2682,FADS158,a,15,ADS,50.46,119.99999999999744,703.1186067716251,1134.3006368742294
2683,FADS158,a,15,ADS,51.83,140.00000000000057,610.731955877476,1112.5354394693377
2684,FADS158,i,15,ADS,54.17422686634733,75.4106008491604,322.9725870090625,1634.4133351716764
2685,FADS158,i,15,ADS,58.51,60.000000000002274,372.2630867837937,2101.574880625337
2686,FADS158,i,15,ADS,58.86,90.00000000000341,289.76789841611696,2051.8256837415634
2687,FADS158,a,15,ADS,59.23,133.51605270541,590.9182192129356,1139.3606317841559
2688,FADS158,i,15,ADS,66.26,99.99999999999432,353.08758948898924,2055.367579151286
2689,FADS158,i,15,ADS,67.83,95.55593384779115,355.83793168926985,2217.173391627751
2690,FADS158,a,15,ADS,72.53,90.00000000000341,613.0556507358608,941.5547448951645
2691,FADS158,a,15,ADS,73.09,90.00000000000341,627.2833403321051,1034.9250993812236
2692,FADS158,i,15,ADS,75.23,39.99999999999204,368.61904015060105,1510.8102565706906
2694,FADS158,u,15,ADS,87.26,118.47065702559689,414.83571697792144,959.7590296120377
2695,FADS158,a,15,ADS,94.98,111.89180202343607,587.9902212354024,1041.1457654736219
2696,FADS158,u,15,ADS,96.14,92.40482853331855,308.5897470547726,694.2060365291725
2697,FADS158,a,15,ADS,97.9302282603863,111.66569741125443,529.8642218439107,832.1782926633206
2698,FADS158,i,18,ADS,5.48,67.30544038539854,328.6638233280048,2033.697795009287
2699,FADS158,u,18,ADS,7.158450386597854,181.5496134021455,241.13268557704316,701.7064290621292
2700,FADS158,u,18,ADS,8.092707586284092,137.29241371590817,308.68121955351734,689.7200569889255
2701,FADS158,u,18,ADS,8.431316954280506,218.68304571949437,319.9173448627081,720.1310095429429
2702,FADS158,i,18,ADS,9.094633432317265,89.63189152846418,344.7537201348191,2105.4799451755603
2704,FADS158,u,18,ADS,25.91,68.95520506509811,248.33493086894882,839.5987961700125
2705,FADS158,u,18,ADS,27.18233639623499,187.66360376501012,338.48880388617573,630.6774424383549
2706,FADS158,a,18,ADS,30.92,129.999999999999,613.160114318273,1143.8468607315826
2707,FADS158,a,18,ADS,33.45,109.99999999999943,615.7649768022278,1048.097584242521
2708,FADS158,i,18,ADS,40.1521170439263,126.1485880770934,311.0460459661456,2331.9921254333735
2709,FADS158,i,18,ADS,42.18104717615394,81.33264231285864,309.38700936899943,1580.5144563773313
2710,FADS158,a,18,ADS,46.12541181084661,112.86978933214442,571.3961173413203,1094.5713334080992
2711,FADS158,a,18,ADS,47.58,139.05227476406878,647.4525629663719,1111.2501966733603
2712,FADS158,a,18,ADS,48.89,131.18262550361237,580.3389329903978,1124.0878549150998
2713,FADS158,i,18,ADS,51.32437317906695,121.16903854773398,302.71291538334583,2311.768368368097
2714,FADS158,i,18,ADS,55.89,60.000000000002274,308.1836812742349,1977.5740164440492
2715,FADS158,i,18,ADS,56.25977588525232,71.3735432541398,318.6706542743933,2184.951338228534
2716,FADS158,a,18,ADS,56.57909443635047,71.3735432541398,450.5265690696401,1029.7704953895009
2717,FADS158,i,18,ADS,61.77166909457524,118.33090542476299,315.72837300818895,2088.586598108398
2718,FADS158,i,18,ADS,63.87,50.00000000000426,340.7408613440426,1895.4671599410335
2719,FADS158,a,18,ADS,65.99,90.79896907081775,580.2213769388412,1019.5617229722382
2720,FADS158,a,18,ADS,67.11270184334238,86.31219184222516,611.792732081846,1054.772688881691
2721,FADS158,u,18,ADS,91.85,70.00000000000739,334.0539714016111,671.8506978654926
2722,FADS158,a,18,ADS,94.1,91.2593147668872,551.4870950092682,1003.5200569748135
2723,FADS158,i,9,ADS,5.19,89.99999999999986,328.1043064189099,2020.6095040589666
2724,FADS158,u,9,ADS,6.73,149.99999999999946,335.59578068473104,739.650745034521
2725,FADS158,u,9,ADS,7.42,139.9999999999997,345.5144442066591,787.3722071804935
2726,FADS158,u,9,ADS,7.775354918441358,214.6450815586425,292.09219490894407,680.0370813180145
2727,FADS158,i,9,ADS,8.647863403561056,92.13659643894445,372.5575943474692,1785.6874257964175
2728,FADS158,u,9,ADS,15.98028734540409,174.16654114568075,372.74046850168577,930.239513529384
2729,FADS158,u,9,ADS,19.54214140420956,111.6452186831296,286.157879495684,667.5325378962605
2730,FADS158,u,9,ADS,29.42,79.9999999999983,355.9426027866941,734.7018711482071
2731,FADS158,u,9,ADS,30.61,179.99999999999972,329.5072159662492,934.6577190957107
2732,FADS158,a,9,ADS,35.12,130.00000000000256,594.0772053084298,1112.974876590635
2733,FADS158,a,9,ADS,37.99,109.99999999999943,641.4009381113779,1135.5369485932142
2734,FADS158,i,9,ADS,45.92243609236991,117.5639076300925,357.7281296644504,2091.2770756435284
2735,FADS158,i,9,ADS,48.48,100.00000000000142,335.00341582644444,1823.2673090043684
2736,FADS158,a,9,ADS,52.66194606899951,128.0539310004869,589.5811857815747,1075.4313778998478
2737,FADS158,a,9,ADS,55.72,140.00000000000057,456.5073466706716,975.66024335468
2738,FADS158,i,9,ADS,58.19,73.06188286866444,349.23874856562895,1791.1719401591354
2739,FADS158,i,9,ADS,62.44,41.98559555871384,282.64571692036407,2093.767381330065
2740,FADS158,i,9,ADS,62.78,79.9999999999983,305.4728167756041,1968.170049662393
2741,FADS158,a,9,ADS,63.11464183476311,114.62242451466409,546.9911113957573,1018.4623513852868
2742,FADS158,i,9,ADS,68.54,119.99999999999034,283.1863108827788,2053.4230778794126
2743,FADS158,i,9,ADS,70.88,90.00000000000341,342.43934236065263,2092.847551210285
2744,FADS158,a,9,ADS,72.83,79.9999999999983,542.5532254246365,986.532461392366
2745,FADS158,a,9,ADS,73.91,70.00000000000739,598.9010278420083,1080.4411812094977
2746,FADS158,i,9,ADS,76.06474339902496,45.25660097503703,372.3578570464016,1264.175734574282
2747,FADS158,u,9,ADS,79.76589612528468,104.1038747153209,374.5245162105972,779.6804977671785
2748,FADS158,u,9,ADS,88.02,170.0000000000017,362.1790297016826,765.1686717185585
2749,FADS158,a,9,ADS,96.78,144.21682982195705,563.9320348487983,1014.0963881548417
2750,FADS158,u,9,ADS,99.00129660038942,125.04264492510231,341.1652630769281,720.7307545843322
2751,FADS158,a,9,ADS,100.79,105.70669330658689,518.3817981379975,970.7791704525775
2752,FADS159,i,12,ADS,5.03147727263741,128.52272736258996,343.9464020701683,2058.616657710632
2753,FADS159,u,12,ADS,6.491964808960597,188.03519103940314,298.97125190987356,679.242407759139
2754,FADS159,u,12,ADS,7.235362958650155,104.63704134984475,296.28818896055265,636.7960932882911
2755,FADS159,u,12,ADS,7.622868107977359,167.131892022641,340.50821716029395,708.2075490951387
2756,FADS159,i,12,ADS,8.09814371458535,91.85628541465007,325.87975686553267,2143.0929217877347
2757,FADS159,u,12,ADS,14.19158447397133,118.41552602867012,325.3335202586396,607.4540464332816
2758,FADS159,u,12,ADS,16.79891076093552,139.44442274510038,298.7207474506876,828.6557060555482
2759,FADS159,u,12,ADS,25.55,120.000000000001,416.1355929636349,859.440874662344
2760,FADS159,u,12,ADS,26.6,189.99999999999773,333.54648922829625,607.5001078232084
2761,FADS159,a,12,ADS,30.39017209550994,79.82790449005961,605.1556098946295,1055.3974411449713
2762,FADS159,a,12,ADS,33.42,100.00000000000142,637.7110588830102,1177.6186532321465
2763,FADS159,i,12,ADS,39.31422220060243,107.04824372351851,310.35114508455007,2163.88405794963
2764,FADS159,i,12,ADS,41.67,109.99999999999943,325.5697189091202,2150.433425285404
2765,FADS159,a,12,ADS,46.06770106545375,115.4994208595923,618.5238280581075,1018.153739773579
2766,FADS159,a,12,ADS,47.24,133.75228805520578,670.1129536162869,1059.662970908413
2767,FADS159,a,12,ADS,48.34345872202081,115.49942085956388,643.8051605826125,1021.3767480596144
2768,FADS159,i,12,ADS,51.37213183175422,67.60941708854062,327.16967184433855,2048.7105751644935
2769,FADS159,i,12,ADS,55.57242135996881,54.932651384433484,387.92393260549886,1927.7462705081873
2770,FADS159,i,12,ADS,55.9,60.000000000002274,346.2747353637308,1981.4109766547724
2771,FADS159,a,12,ADS,56.23,100.00000000000142,567.3282033602887,980.8978054095365
2772,FADS159,i,12,ADS,62.07,100.00000000000142,333.5385827254148,2192.155832693914
2773,FADS159,i,12,ADS,63.39,119.99999999999744,314.9567807282058,2089.9406993402094
2774,FADS159,a,12,ADS,65.09,145.69266208073373,560.2913174704461,887.8091622397094
2775,FADS159,a,12,ADS,66.05,90.00000000000341,567.9085619690654,1060.4946551658581
2776,FADS159,i,12,ADS,68.11469394533087,50.70706281640014,417.8318206699104,1429.6002579764795
2777,FADS159,u,12,ADS,71.31578352039911,98.59706658744471,353.49529306626187,719.1955937838991
2778,FADS159,u,12,ADS,79.03,103.75663021271464,332.2668030248538,690.6242912640878
2779,FADS159,a,12,ADS,86.9,159.9999999999966,577.7332653209982,972.476522658003
2780,FADS159,u,12,ADS,88.73,119.99999999999034,359.20320058918344,802.5555943013278
2781,FADS159,a,12,ADS,90.76,119.99999999999034,544.5913013828293,997.0326533711416
2782,FADS160,i,12,ADS,9.2,140.00000000000057,307.8023351946804,1987.1415870629892
2783,FADS160,u,12,ADS,10.69,200.00000000000108,308.50746416645524,738.1129697181083
2784,FADS160,u,12,ADS,11.96961561765243,160.38438234757103,392.7414929996707,729.8443464898004
2785,FADS160,u,12,ADS,12.3040225401587,315.97745984129944,327.1562590367554,732.5277294718993
2786,FADS160,i,12,ADS,13.23,119.99999999999922,321.4659484782792,1868.5452834284943
2787,FADS160,u,12,ADS,20.04,120.000000000001,363.52297709689515,1011.8771265596646
2788,FADS160,u,12,ADS,24.12,99.99999999999787,294.5252013356578,1105.4373256692672
2789,FADS160,u,12,ADS,34.09,179.99999999999972,342.13011007658145,715.9620029937654
2790,FADS160,u,12,ADS,35.06,109.99999999999943,304.552404248072,660.5448800855385
2791,FADS160,a,12,ADS,39.63,149.99999999999858,679.811222566467,1112.296245814549
2792,FADS160,a,12,ADS,43.13,159.9999999999966,690.0851347525147,1112.229955323844
2793,FADS160,i,12,ADS,52.87973248366477,124.81512316466592,301.2259526210968,1857.2218913518363
2794,FADS160,i,12,ADS,55.11,119.99999999999744,291.2794373465838,1957.6189974166757
2795,FADS160,a,12,ADS,59.9,100.00000000000142,705.7868447006429,1179.0277858976801
2796,FADS160,a,12,ADS,61.78,140.00000000000057,670.9472439132392,1115.1965615857425
2797,FADS160,a,12,ADS,63.39,109.99999999999943,648.270267054617,1113.0517921436078
2798,FADS160,i,12,ADS,66.68782511172971,95.44685889062521,361.31835718460934,1674.6791789474437
2799,FADS160,i,12,ADS,73.4,39.99999999999204,299.6678287400022,1957.2978701377567
2800,FADS160,a,12,ADS,73.87,99.99999999999432,594.224477760985,1310.4048557003082
2801,FADS160,i,12,ADS,82.66,174.88222231926898,309.52197581078116,2490.234362163631
2802,FADS160,i,12,ADS,85.19,150.00000000000568,317.2667099117793,1928.833876859736
2803,FADS160,a,12,ADS,87.74,105.62770269706334,663.0861801746898,1044.91138357872
2804,FADS160,a,12,ADS,88.92,140.00000000000057,637.8781109120954,1079.24576149076
2805,FADS160,i,12,ADS,92.24515942867647,54.840571323524046,398.9081683375771,1528.7685463391954
2807,FADS160,u,12,ADS,105.75,129.99999999999545,285.5206300930124,675.2664274006487
2808,FADS160,a,12,ADS,114.3,130.00000000000966,491.0441115069048,1130.2246587729635
2809,FADS160,u,12,ADS,115.86,109.99999999999943,351.50490181839564,755.7247585780318
2810,FADS160,a,12,ADS,119.26,129.99999999999545,603.9598773196299,1155.0659515586378
2811,FADS160,i,18,ADS,5.11,84.27722994171828,330.4815033503644,1738.185298279111
2812,FADS160,u,18,ADS,6.788381541349158,171.61845865084223,317.92923388789336,642.5540576567837
2813,FADS160,u,18,ADS,8.115902061855655,64.09793814434472,364.96160625838525,1079.060043070596
2814,FADS160,u,18,ADS,8.342785256051087,117.21474394891374,353.7749658387647,795.6512914942751
2815,FADS160,i,18,ADS,8.81,80.00000000000007,376.9654944663511,1806.6897843460715
2816,FADS160,u,18,ADS,15.09,169.99999999999994,390.80856042887945,1005.8149662494334
2817,FADS160,u,18,ADS,19.0030628081579,87.97204168535089,354.7888792892111,1139.4677874896522
2818,FADS160,u,18,ADS,27.31815392480973,151.84607519026727,352.0407726381344,957.5836254525481
2819,FADS160,u,18,ADS,28.29,179.99999999999972,381.7847237055445,1874.6233676857223
2820,FADS160,a,18,ADS,32.17,100.00000000000142,833.2822057258984,1167.3088289037494
2821,FADS160,a,18,ADS,35.28,129.99999999999545,564.261675066095,1059.766274899948
2822,FADS160,i,18,ADS,42.19853050761966,63.90421896010423,331.12864785063454,1913.073311323286
2823,FADS160,i,18,ADS,44.68790025493017,87.97204168534023,300.10524319345484,1719.591521756427
2824,FADS160,a,18,ADS,48.18759987113334,112.40012886666051,631.8549291220224,1166.7773072450113
2825,FADS160,a,18,ADS,49.22854409457574,91.45590542426163,761.8675963058472,1174.906134381191
2826,FADS160,a,18,ADS,51.73784639735464,134.44783729269005,629.2082793811618,1166.4564889977207
2827,FADS160,i,18,ADS,53.71779905311431,63.07429403855025,363.430719213525,1873.5726871287334
2828,FADS160,i,18,ADS,58.44,50.00000000000426,357.9363372050988,1934.0916039749752
2829,FADS160,i,18,ADS,58.72311995741709,48.135645450472,319.65533155634637,1756.7427357249248
2830,FADS160,i,18,ADS,65.30351930188114,82.99249215598081,313.76605981547266,2072.309488352626
2831,FADS160,u,18,ADS,65.95751400717025,54.775044822960695,410.001956050152,1015.2601473326141
2832,FADS160,i,18,ADS,66.95173030591515,66.39399372478749,328.33062707152885,1996.1062022572287
2833,FADS160,a,18,ADS,68.39410606230237,104.57054011654066,684.1850275022866,1056.5715656308562
2834,FADS160,a,18,ADS,69.75,151.33950582540479,651.8783205170911,1091.4720085605707
2835,FADS160,u,18,ADS,75.00940339953878,91.70670383237223,444.5866967038166,1204.7320095881291
2836,FADS160,u,18,ADS,84.46,50.00000000001137,365.2507950368457,925.6973548879549
2837,FADS160,a,18,ADS,91.92488146430723,135.11853569276866,723.5884890886291,1109.1526549854607
2838,FADS160,u,18,ADS,93.75,90.00000000000341,411.09691852919457,754.8727472788407
2839,FADS160,a,18,ADS,95.81292886457598,127.80843792022267,622.0280099229525,1089.55810619021
2840,FADS160,i,9,ADS,5.26,80.00000000000007,298.7971969630729,2065.925147797397
2842,FADS160,u,9,ADS,8.09,120.000000000001,424.17953383410304,843.4206438467277
2843,FADS160,u,9,ADS,8.348688060546547,231.31193945345353,404.90121549316206,1228.360346368396
2844,FADS160,i,9,ADS,8.93,70.00000000000028,323.6584527314569,2101.013237426823
2846,FADS160,u,9,ADS,19.53,81.47663005033934,430.2062611898757,1588.5728193282534
2847,FADS160,u,9,ADS,28.59,109.99999999999943,301.98551998662515,708.1218882000537
2848,FADS160,u,9,ADS,29.64,149.99999999999858,341.69101966855413,1408.9099839661737
2849,FADS160,a,9,ADS,33.45,99.99999999999432,834.6668369531372,2247.0132711713773
2850,FADS160,a,9,ADS,36.64,130.00000000000256,817.0608146288054,1097.3284173255201
2851,FADS160,i,9,ADS,43.8,90.00000000000341,318.83188461312744,1931.107581990489
2852,FADS160,i,9,ADS,45.78179108083224,88.20891916775508,309.31580306152483,1991.3714771456143
2853,FADS160,a,9,ADS,51.77307482680941,135.13471307143732,855.0827910041468,1225.489879526114
2854,FADS160,a,9,ADS,53.12,130.00000000000256,829.2826340915867,1159.0152380432287
2855,FADS160,a,9,ADS,54.21553349751362,114.4665024863798,740.6282961172092,1143.0610790225392
2856,FADS160,i,9,ADS,56.22448293768139,65.51706231861232,322.39205787991125,2050.6262437271985
2857,FADS160,i,9,ADS,62.97647488891182,43.52511108818646,334.75595590129404,2223.449203126987
2858,FADS160,i,9,ADS,63.27311206394671,56.03146639546708,296.51096084270745,1734.1874784500446
2859,FADS160,a,9,ADS,63.48,90.00000000000341,822.2202833563989,1240.3856029078834
2860,FADS160,i,9,ADS,69.27359488602578,96.40511397422813,266.0883101089768,2106.7609009268804
2861,FADS160,i,9,ADS,70.66,103.10012311489913,301.992713843775,1658.7163210188617
2862,FADS160,a,9,ADS,72.65,99.99999999999432,647.015682421059,972.434557375597
2863,FADS160,a,9,ADS,73.42,79.9999999999983,718.9188045401817,1038.612307705526
2864,FADS160,u,9,ADS,78.9,109.99999999999943,292.3653229193842,875.8656758388174
2865,FADS160,u,9,ADS,87.17136852105197,118.63147894803205,296.82376475169616,749.3721605188418
2866,FADS160,a,9,ADS,95.25,120.00000000000455,591.1252105719851,1093.0681768353336
2868,FADS160,a,9,ADS,99.52,109.99999999999943,590.4309826881303,1084.3820664746952
2869,FADS163,i,9,ADS,5.591253246124503,118.74675387549694,340.27008719375794,1966.0288369046116
2870,FADS163,u,9,ADS,7.078190815188971,161.80918481102947,394.31478146986404,1058.2093711858286
2871,FADS163,u,9,ADS,8.03,110.00000000000121,385.33787646884434,1108.1260562904522
2872,FADS163,u,9,ADS,8.36,179.99999999999972,398.43094962566624,1023.9119076658637
2873,FADS163,i,9,ADS,8.984123474708062,75.87652529193889,387.5926512495583,1731.0145331016547
2874,FADS163,u,9,ADS,15.95142218469921,158.57781530078972,373.98553221519774,961.4753172269399
2875,FADS163,u,9,ADS,19.92724943417216,92.75056582783847,376.6575955721759,588.3234472493237
2876,FADS163,u,9,ADS,28.92,119.99999999999744,402.4286851338116,1376.7344613040138
2877,FADS163,u,9,ADS,29.76,189.99999999999773,437.52358101343845,727.7681204161786
2878,FADS163,a,9,ADS,33.72,79.9999999999983,691.4358195606125,1417.3763934740127
2879,FADS163,a,9,ADS,37.44,179.99999999999972,638.9286097125437,1199.2677849381903
2880,FADS163,i,9,ADS,45.4018250593537,128.17494064630353,263.37391897131494,1902.2828095695902
2881,FADS163,i,9,ADS,47.86,130.00000000000256,305.056878004651,2005.5208645945331
2882,FADS163,a,9,ADS,52.96162784746085,168.7335109367396,628.3918073465527,1180.740709687764
2884,FADS163,a,9,ADS,56.06,99.99999999999432,648.4828868581965,1261.1685304686184
2885,FADS163,i,9,ADS,59.17029230942567,129.70769057432818,337.6034015082977,2052.994327667574
2886,FADS163,i,9,ADS,64.4,59.99999999998806,357.14704269963613,1724.4932776062367
2887,FADS163,i,9,ADS,64.75,79.9999999999983,313.2026430167068,1844.8874735978277
2888,FADS163,a,9,ADS,65.09,119.99999999999034,629.1919150139789,1170.7494457942448
2889,FADS163,i,9,ADS,72.93,139.99999999998636,317.93502721190043,1938.9799809071217
2890,FADS163,i,9,ADS,74.88,116.75468195070948,320.5240599062415,1961.4718317456318
2891,FADS163,a,9,ADS,76.81,53.3112187581537,764.6012668288655,1647.8667560930342
2892,FADS163,a,9,ADS,78.21,100.00000000000853,656.2513856642393,1048.6196347092307
2893,FADS163,u,9,ADS,81.12,99.99999999999432,422.61066089250073,781.4635601972652
2894,FADS163,i,9,ADS,81.36,56.716324936587625,368.9548195006421,1511.0147068660317
2895,FADS163,u,9,ADS,84.91640745294544,113.59254705456578,322.1814448558773,524.0190824539189
2896,FADS163,u,9,ADS,95.41021518741256,135.30517386435292,327.064869974264,602.5772251174163
2897,FADS163,a,9,ADS,105.79,219.99999999999886,584.268371381624,1155.8583078181034
2898,FADS163,u,9,ADS,107.8,140.3990374728039,328.31864089062725,1357.2702766178431
2899,FADS163,u,9,ADS,109.35,120.00000000000455,357.7466189306177,1073.0400751216903
2900,FADS163,a,9,ADS,110.11,124.73713726150493,693.234773157084,1316.9441307660636
2901,FADS164,i,9,ADS,8.567156893056097,142.84310694390356,310.93241221566797,1884.1062888254196
2902,FADS164,u,9,ADS,10.15,169.99999999999994,279.9465998616471,674.148071884463
2903,FADS164,u,9,ADS,11.63,179.99999999999972,373.2435445552092,759.9956920272303
2904,FADS164,u,9,ADS,12.011650301836,238.34969816400076,326.14112023151813,771.2686245767053
2905,FADS164,i,9,ADS,13.25,119.99999999999922,381.0086588182818,1850.4751961717348
2906,FADS164,u,9,ADS,23.35,149.03863938928907,281.93461158970405,575.6101891579469
2907,FADS164,u,9,ADS,28.68600131128209,123.99868871790787,362.5094293434014,882.5633780022556
2908,FADS164,u,9,ADS,39.68,140.00000000000057,313.31913814448507,630.2372210333804
2909,FADS164,a,9,ADS,44.93,140.00000000000057,658.9900624891118,1182.2408505944331
2910,FADS164,a,9,ADS,48.25,149.99999999999858,574.8641807428812,1126.1048469640068
2911,FADS164,i,9,ADS,58.0330283562818,116.97164371820179,255.0093910065313,1915.0351370750593
2912,FADS164,i,9,ADS,61.0337136220817,136.286377918303,291.88640780767633,1986.3748069381531
2913,FADS164,a,9,ADS,66.2,99.99999999999432,696.5488988286556,1222.6112183436833
2914,FADS164,a,9,ADS,68.12,189.99999999999773,730.1778047625646,1200.7120900931143
2915,FADS164,a,9,ADS,70.18,129.99999999999545,647.2397374367807,1290.9589776268015
2916,FADS164,i,9,ADS,73.3449171861984,94.54374547942734,340.5221794992938,1855.5453997351224
2917,FADS164,i,9,ADS,79.89,90.00000000000341,260.2000030428284,1831.388974899738
2918,FADS164,i,9,ADS,80.3,100.00000000000853,282.5522505122149,1966.8906608825773
2919,FADS164,a,9,ADS,80.68,119.99999999999034,544.225605043786,1211.9333129422268
2920,FADS164,i,9,ADS,90.76,157.07868714311246,293.03904999366847,1921.6933083505585
2921,FADS164,i,9,ADS,93.33385730705449,126.14269294550695,300.93108265657816,1978.9855780793987
2922,FADS164,a,9,ADS,97.29232647378726,87.67352621273972,622.6178514499261,1190.8794580573315
2923,FADS164,a,9,ADS,98.53,99.99999999999432,689.9456556017365,1282.6089183893691
2924,FADS164,i,9,ADS,102.14,52.227055783703236,383.06554480862786,1865.193900360485
2925,FADS164,u,9,ADS,106.840859536482,139.1404635180038,419.8541541190193,623.4288108663638
2926,FADS164,u,9,ADS,121.65,129.99999999999545,315.8802409036104,715.8651865586008
2927,FADS164,a,9,ADS,132.54,189.99999999999773,646.0712136541894,1081.0970338519985
2928,FADS164,u,9,ADS,134.732752775507,150.15771340850392,307.6380109329656,786.9605204386867
2929,FADS164,a,9,ADS,137.76,150.00000000000568,620.7186302587799,1142.1491931030182
2930,FADS165,i,12,ADS,6.11,120.00000000000011,258.96550397911494,2155.0066679818656
2931,FADS165,u,12,ADS,7.83,160.00000000000014,287.9752331244471,589.8318357456728
2932,FADS165,u,12,ADS,8.547820465214501,262.1795347854992,228.07599794793921,610.1426612513102
2933,FADS165,u,12,ADS,9.047181712499654,265.7858428823303,352.00294801363844,1264.5138660590744
2934,FADS165,i,12,ADS,9.79,130.0000000000008,334.10059188515004,2093.574491193143
2935,FADS165,u,12,ADS,16.44,190.7296556127278,277.13800666344775,838.0106043655888
2936,FADS165,u,12,ADS,18.9,110.00000000000298,299.68677961092317,1220.5707847520912
2937,FADS165,u,12,ADS,26.63808182746779,115.23581999095,294.69906048656105,608.28478028836
2939,FADS165,i,12,ADS,40.26426472140956,135.7352785904382,324.3025519127434,2316.7545959925865
2940,FADS165,i,12,ADS,42.75,130.00000000000256,279.0169022484498,2162.206280049051
2941,FADS165,a,12,ADS,46.13426522046692,135.68088482804086,687.1821139971731,1169.1252016278881
2942,FADS165,a,12,ADS,49.6,140.00000000000057,776.421192148078,1229.5812000335563
2943,FADS165,i,12,ADS,56.24,61.75630791288711,275.0728059477147,1944.7462839583775
2945,FADS165,i,12,ADS,62.79,114.69345865842939,381.6653796454651,2090.5300288550493
2947,FADS165,i,12,ADS,68.05,59.340268629597404,387.8326518249204,1359.5952340528092
2949,FADS165,u,12,ADS,88.21063039667602,120.8117467646872,333.7422450720088,671.4427741079999
2950,FADS165,a,12,ADS,90.36,120.00000000000455,637.530756288305,1186.6317128288124
2951,FADS165,i,18,ADS,4.81,127.73742155983302,371.1329089854113,2233.424541241341
2952,FADS165,u,18,ADS,6.462998445203937,247.00155479606335,275.738530516211,773.2033516245114
2953,FADS165,u,18,ADS,7.463922848498419,156.07715150158086,340.9461042149717,670.6089749410932
2954,FADS165,u,18,ADS,7.850560637046155,209.43936295384535,328.7390559617453,627.609166700794
2955,FADS165,u,18,ADS,14.58,207.50980502016958,360.3884343083711,830.8791238461376
2956,FADS165,u,18,ADS,16.65132059614523,116.18948901838166,566.4073467795259,2262.6610228903683
2957,FADS165,u,18,ADS,23.44165816898258,167.64483415508735,347.9252718198662,572.0909063728509
2958,FADS165,u,18,ADS,24.48546545831473,244.5345416852689,342.77778554059364,659.2906320022198
2959,FADS165,a,18,ADS,30.23905885813548,111.20993948902225,724.508327731492,1168.0708715486667
2961,FADS165,a,18,ADS,44.24,100.00000000000142,612.4527743721403,1146.581367064182
2962,FADS165,u,18,ADS,47.85,199.99999999999574,335.70871081968386,728.4062900565241
2963,FADS165,i,18,ADS,49.66,40.00000000000625,352.3893574371986,2026.4515801792545
2964,FADS165,i,18,ADS,55.2800754986546,147.72663603764613,306.15337054880933,2191.283250895381
2965,FADS165,u,18,ADS,64.20916461228039,121.16903854773398,349.32552741520817,609.7054812799443
2966,FADS165,u,18,ADS,71.08,134.59855445853464,407.6345553208655,866.6273683779207
2968,FADS165,u,18,ADS,79.12,88.61244957252268,344.6482793979164,766.6715757017255
2969,FADS166,i,12,ADS,6.8,80.00000000000007,383.76263621749075,2013.4712493110346
2970,FADS166,u,12,ADS,8.24,209.9999999999991,309.58089252199767,593.8854394571945
2971,FADS166,u,12,ADS,9.27,110.00000000000121,361.1290411493996,674.5168507143197
2972,FADS166,u,12,ADS,9.558117478295454,211.88252170454547,333.92808922778664,551.8814430244711
2973,FADS166,i,12,ADS,10.22201559823284,97.98440176716028,360.6739198442308,1934.9914315283143
2974,FADS166,u,12,ADS,16.74565893124388,126.77451536492867,361.7784872859585,981.8387068677033
2975,FADS166,u,12,ADS,19.89,120.000000000001,520.9847644626105,2187.728752458188
2976,FADS166,u,12,ADS,27.71,119.99999999999744,474.9198323571767,2169.9586568185578
2978,FADS166,a,12,ADS,32.07,100.00000000000142,870.7939048075079,1437.5352049993112
2979,FADS166,a,12,ADS,34.24,100.00000000000142,594.922438608756,1077.553984748721
2980,FADS166,i,12,ADS,40.70507336341493,118.43408672249467,303.7994232732381,2137.342780040075
2981,FADS166,i,12,ADS,42.96,119.99999999999744,350.93233937511,2020.5290332012173
2982,FADS166,a,12,ADS,46.59,129.72125473644525,593.2990970559676,1159.6483616651244
2983,FADS166,a,12,ADS,47.92,115.9817255742368,851.4169494624915,1269.0753829621094
2984,FADS166,a,12,ADS,49.19,90.00000000000341,707.0187947988522,1109.992154473497
2985,FADS166,i,12,ADS,51.66784312148361,103.42131516613051,306.8282319652689,2063.348672588891
2986,FADS166,i,12,ADS,55.56,59.99999999999517,325.19211241679494,2104.014512702589
2987,FADS166,i,12,ADS,55.92,49.99999999999716,318.6534842430889,2219.336508018276
2988,FADS166,a,12,ADS,56.21,129.18731655631177,705.8115688494228,1125.4091897489234
2989,FADS166,i,12,ADS,61.81,129.99999999999545,290.1070123569186,2116.7589432668738
2990,FADS166,i,12,ADS,63.23,110.00000000000654,410.4093564150631,2161.568954995329
2991,FADS166,a,12,ADS,64.79367420000585,78.4000292388356,729.4127813055097,1293.2434899922591
2992,FADS166,a,12,ADS,65.63,101.45613735507197,760.3348109248481,1364.1869746678165
2993,FADS166,i,12,ADS,67.74,40.00000000000625,412.0240388331363,1773.1158925307225
2994,FADS166,u,12,ADS,70.43,99.99999999999432,537.6287328306446,1685.7674218160355
2995,FADS166,u,12,ADS,78.9,109.99999999999943,403.78665298344913,1223.281367825527
2996,FADS166,a,12,ADS,86.11,120.0222805031359,612.2494258268307,1108.044120469492
2997,FADS166,u,12,ADS,87.75,120.42216330033284,428.81822755583164,1436.576732237636
2998,FADS166,a,12,ADS,89.3602881091548,100.08514370916544,671.2439444709984,1203.4429019829527
2999,FADS166,i,15,ADS,4.944216024208133,99.36489111460567,330.7794292286085,2014.7801673947074
3000,FADS166,u,15,ADS,6.31,180.0000000000006,263.41454818131444,608.485382877967
3001,FADS166,u,15,ADS,7.17,89.99999999999986,357.8194338579992,821.4032476563448
3002,FADS166,u,15,ADS,7.428018789303585,173.08722968350665,330.52139691696357,753.4016341972608
3003,FADS166,i,15,ADS,8.02,70.00000000000028,338.49262057505797,1897.4073327942356
3004,FADS166,u,15,ADS,13.7,123.96495649202066,253.5292163217981,589.610217677938
3005,FADS166,u,15,ADS,17.0017401279631,108.98084831924137,449.03799284134215,2291.7770744399018
3006,FADS166,u,15,ADS,23.57,67.18289373566932,389.8210927239167,919.8509199844567
3008,FADS166,a,15,ADS,27.95,110.53184913408032,688.6903094528658,1217.6202957137261
3009,FADS166,a,15,ADS,30.12,124.12795189542791,692.0437937952481,1169.6708391091554
3010,FADS166,i,15,ADS,35.94385138637042,134.62340086495317,279.1874872476754,2293.747464618813
3012,FADS166,a,15,ADS,41.60225583695978,121.80212459211504,698.2062497066813,1177.7425142188272
3013,FADS166,a,15,ADS,42.86,100.00000000000142,668.4860044697616,1228.7809080878906
3014,FADS166,a,15,ADS,44.02,89.9999999999963,625.4393135477006,1031.8436402967286
3015,FADS166,i,15,ADS,46.24,111.07201014589663,309.3846473233874,2092.909559748904
3016,FADS166,i,15,ADS,49.54,60.000000000002274,329.5322938387935,2068.240836769868
3017,FADS166,i,15,ADS,49.86,70.00000000000028,315.1990373796026,2206.713601065504
3018,FADS166,i,15,ADS,54.99,130.42843312279473,279.44332510152174,2236.337025173585
3019,FADS166,i,15,ADS,56.33788650652956,92.11349347044262,306.8280858912677,2138.4632941409263
3020,FADS166,a,15,ADS,57.86,90.00000000000341,671.4761774747867,1209.8960733540166
3021,FADS166,a,15,ADS,59.63,82.47046978574701,684.8982005203077,1209.0175458809163
3022,FADS166,i,15,ADS,61.69660462922472,53.39537077527723,364.99460927605287,1664.4025347648449
3023,FADS166,u,15,ADS,64.4199358259955,70.06417400450005,355.45745756562985,1305.5186019013317
3024,FADS166,u,15,ADS,72.75593751294342,102.57021018281876,340.37888753199604,519.7751880050059
3025,FADS166,u,15,ADS,81.51,92.57175755854519,445.11947385056703,712.7104389426877
3027,FADS166,i,9,ADS,5.01,70.00000000000028,382.36063587921933,2017.3145515627425
3028,FADS166,u,9,ADS,6.34,179.99999999999972,361.42902705098845,919.4650471682587
3029,FADS166,u,9,ADS,7.353127634105648,96.87236589435244,354.9600010701955,768.9819351862747
3030,FADS166,u,9,ADS,7.62,259.9999999999998,347.2583702238909,526.544692807996
3031,FADS166,i,9,ADS,8.25,99.99999999999964,383.3420996146213,2012.3057857627955
3032,FADS166,u,9,ADS,14.15,102.01771119322878,355.3007360051739,660.3924173807959
3033,FADS166,u,9,ADS,20.41806759737187,81.93240262813006,437.9244422205291,1988.1801438483085
3034,FADS166,u,9,ADS,27.93,100.00000000000142,404.9467756550788,726.0892653772441
3036,FADS166,a,9,ADS,32.55,60.000000000002274,654.0238615701212,1139.4625126200906
3037,FADS166,a,9,ADS,35.05,91.92097340712024,631.3249612752128,1289.170701853172
3038,FADS166,i,9,ADS,41.60522838004879,114.12819170550392,258.6326013321295,2154.90226599823
3040,FADS166,a,9,ADS,47.52297025149316,118.16812769509966,730.6724756302947,1193.4147656458485
3041,FADS166,a,9,ADS,49.12,100.00000000000142,811.7894705877549,1411.9262442396043
3042,FADS166,i,9,ADS,53.12120622085317,88.79377914683317,281.7194818949192,2087.6776790024546
3043,FADS166,a,9,ADS,57.98,91.95796528028666,492.05829811592,939.7140527295556
3044,FADS166,i,9,ADS,63.96057560168324,109.42439831675443,301.8055466806808,2262.0833918808057
3045,FADS166,a,9,ADS,67.15,94.49287409246665,634.9040506413585,1241.9311190962933
3046,FADS166,i,9,ADS,70.36,49.99999999999716,375.67122824730905,1734.5777913252218
3047,FADS166,u,9,ADS,73.23,129.99999999999545,326.4653846940339,630.9925969595423
3048,FADS166,u,9,ADS,82.22,120.00000000000455,403.7530277496049,1289.0278529834245
3049,FADS166,a,9,ADS,90.05,130.00000000000966,513.0225563738819,1079.7553723880428
3051,FADS166,a,9,ADS,93.27,113.37494786040736,575.0941608042215,1100.7657398280057
3052,FADS167,i,12,ADS,5.769811239604735,70.1887603952649,335.1019278335114,2159.3251683284498
3053,FADS167,u,12,ADS,6.86,129.9999999999999,314.2644252457306,597.8362848551143
3054,FADS167,u,12,ADS,8.02,99.99999999999964,367.9227623126538,829.9720079123952
3055,FADS167,u,12,ADS,8.266562396425252,113.43760357474864,334.06703941337787,779.1195040588948
3056,FADS167,i,12,ADS,8.71,69.99999999999851,372.44725423990025,2022.5264592672656
3057,FADS167,u,12,ADS,14.57,121.67765153608912,357.6642513146312,1018.7392475378797
3058,FADS167,u,12,ADS,17.2,80.00000000000185,379.12236181337437,898.0206304805565
3059,FADS167,u,12,ADS,23.76,79.9999999999983,299.31315016520807,687.2433091286765
3060,FADS167,u,12,ADS,24.44,109.99999999999943,615.0122491021601,1121.115954410563
3061,FADS167,a,12,ADS,27.45,116.41819243497054,688.7838967372645,1127.988500719393
3062,FADS167,a,12,ADS,29.56,89.99999999999986,615.5846139648166,1050.4014090297683
3063,FADS167,i,12,ADS,34.87736129996921,63.88303215130975,359.9372477254667,1905.6251865588833
3064,FADS167,a,12,ADS,39.53545615979669,134.86417898609915,587.3090130297605,1139.0364062200204
3065,FADS167,a,12,ADS,40.59,79.9999999999983,774.7377201814049,1297.6276771122866
3066,FADS167,a,12,ADS,41.88,119.99999999999744,640.8426107318412,1093.3983808571725
3067,FADS167,i,12,ADS,47.43878918876156,61.21081123843908,359.20234262043925,1952.8129894484525
3068,FADS167,a,12,ADS,47.69749243191801,72.50756808199554,587.3757053695487,1194.1470572477315
3069,FADS167,i,12,ADS,52.7415127220751,98.48727792490308,298.6484600389995,2186.1759509249964
3070,FADS167,i,12,ADS,54.18,79.9999999999983,330.09050622094827,2079.9871347943094
3071,FADS167,a,12,ADS,55.64,89.9999999999963,595.5062673141517,1111.7611029698899
3072,FADS167,a,12,ADS,56.62,90.00000000000341,594.9581145929162,1044.5626415670176
3073,FADS167,u,12,ADS,60.79318098988713,96.81901011287408,382.8124283404762,774.8915457419353
3074,FADS167,u,12,ADS,68.59,60.000000000002274,381.1560042941198,773.334706120562
3075,FADS167,a,12,ADS,74.41,130.00000000000966,587.5499574810322,959.269049867112
3076,FADS167,u,12,ADS,75.55228818483594,93.69511382192286,378.0651891697697,722.2470863974285
3077,FADS167,a,12,ADS,77.33,100.00000000000853,547.7789885079719,1019.9485720708086
3078,FADS167,i,15,ADS,7.029641023553679,82.33302572048461,456.1983861963644,2161.004740917832
3079,FADS167,u,15,ADS,8.11,120.000000000001,316.1257851674312,703.8439976419031
3080,FADS167,u,15,ADS,9.23,99.99999999999964,308.45115655581725,796.2295218064037
3081,FADS167,u,15,ADS,9.47095577203459,149.04422796541007,286.651054998819,742.0980202526272
3082,FADS167,i,15,ADS,9.954871772108092,73.54116857697868,286.46386446803683,2016.4597554369195
3083,FADS167,u,15,ADS,15.21302426406206,87.84084024471994,288.1842001104817,789.1674046839938
3084,FADS167,u,15,ADS,18.16157702331116,75.58397881522083,345.5521292545384,867.0844132161185
3085,FADS167,a,15,ADS,29.5,97.07210513100861,591.3344401831122,1070.4128150701076
3086,FADS167,i,15,ADS,34.94459413650505,76.6053839343499,340.27683239100736,2070.1529106797293
3087,FADS167,i,15,ADS,36.42,82.77118673701978,347.28197131805933,2122.721160162278
3088,FADS167,a,15,ADS,39.42,146.8035997340067,538.1907037663614,1072.0400047844917
3089,FADS167,a,15,ADS,40.49163512606657,118.3648739334302,840.5236927921412,1332.6954093143497
3090,FADS167,a,15,ADS,41.82868137651148,105.20472726983598,559.8686745203123,1208.320356187921
3091,FADS167,i,15,ADS,43.86557941716546,72.51976345783362,414.95503933459054,1921.444024205505
3092,FADS167,i,15,ADS,47.48792806983403,40.85620476498519,320.2040797628207,2107.217430122145
3093,FADS167,i,15,ADS,47.74,51.28539021405487,325.26097745734177,1986.8187791375965
3094,FADS167,a,15,ADS,47.98,93.04434374985249,579.7760779314157,1165.0102970027083
3095,FADS167,i,15,ADS,52.96629141526716,99.07629655508998,304.57058318044506,2236.4538582846676
3096,FADS167,i,15,ADS,54.76831367905383,91.68632094616669,337.5505977145203,2193.664100721058
3097,FADS167,a,15,ADS,56.18110624241184,83.75521976822853,607.9872709625186,1086.9543773955563
3098,FADS167,a,15,ADS,56.98443114309306,85.5688569069386,607.3403711300434,1125.1956689572455
3099,FADS167,u,15,ADS,61.94809429254313,120.52580405671875,430.2576273473202,2179.854246388195
3100,FADS167,u,15,ADS,69.34,129.99999999999545,394.10789444923813,750.2699601263322
3101,FADS167,a,15,ADS,75.95,117.92969296143951,554.4198732958732,1000.6870200407191
3102,FADS167,u,15,ADS,77.06993477257119,100.09770167422971,340.2231068184344,732.8169547045069
3103,FADS167,a,15,ADS,78.85238800499648,128.6970450097158,464.1269555875758,977.3641396410399
3104,FADS167,i,18,ADS,4.091089898027784,76.35309278350545,343.2944472145268,2059.8994385188726
3105,FADS167,u,18,ADS,5.107559250336164,112.44074966383533,408.06818311648686,1320.2734489435425
3106,FADS167,u,18,ADS,6.087245909905858,62.75409009414279,307.7590877327596,768.264174984703
3107,FADS167,u,18,ADS,6.316305188256374,103.69481174362605,278.7844820294518,621.7443920888063
3108,FADS167,i,18,ADS,6.73,82.81866315552034,389.17489197862295,2031.3961154886613
3109,FADS167,u,18,ADS,11.78058914164046,92.9515912147103,364.40503752298247,839.9741865369822
3110,FADS167,u,18,ADS,14.66425,85.75000000000088,245.75603927901676,800.6971521961523
3111,FADS167,a,18,ADS,24.66,100.03781936357825,454.70073520150754,1122.8330446130258
3112,FADS167,a,18,ADS,26.9100625,101.30151837750034,530.9697735463532,1051.4081489158734
3113,FADS167,i,18,ADS,32.68163743836857,71.37354325415401,300.50305493006414,2054.9588552940504
3114,FADS167,i,18,ADS,34.53254076086964,84.65234199911009,309.83629625642715,1948.5766412709527
3115,FADS167,a,18,ADS,37.94,118.96921223658552,600.9278584545942,1120.5277683559393
3116,FADS167,a,18,ADS,39.01605530031363,122.82888839085615,747.19817476001,1191.7312250193152
3117,FADS167,a,18,ADS,39.95197234984293,108.02765015706939,665.8067071024785,1395.5610439675102
3118,FADS167,i,18,ADS,42.28791321156403,71.37354325414691,305.68038480241796,1947.1213035076028
3119,FADS167,i,18,ADS,46.13,55.38155535590761,286.5158378545111,2112.1794648683644
3120,FADS167,i,18,ADS,46.38,65.97798072569816,318.49493344751255,1914.159924079744
3121,FADS167,a,18,ADS,46.6500625,99.9375000000029,566.5471942613887,1081.3046962930161
3122,FADS167,i,18,ADS,51.85,79.9999999999983,291.57273721221105,2182.754680691741
3123,FADS167,i,18,ADS,53.2513125,77.96991259451147,311.59902019011406,2009.405857829556
3124,FADS167,a,18,ADS,54.58161726804046,76.35309278350633,484.4505966779903,1053.33184091508
3125,FADS167,a,18,ADS,55.51048590878448,69.51409121551677,578.6160753736143,1057.1570331487262
3126,FADS167,u,18,ADS,59.80437768406732,96.30955087098414,405.71159716142074,829.170095773099
3127,FADS167,u,18,ADS,67.13,60.000000000002274,337.11147862034994,772.9092685479721
3128,FADS167,a,18,ADS,73.60946641591141,120.53358408859083,605.9098622883487,1104.678239873378
3129,FADS167,u,18,ADS,74.65,49.99999999999716,402.71614476282724,893.8908441935769
3130,FADS167,a,18,ADS,76.64424101018173,75.15063439176117,555.0475291136516,1233.286815279342
3131,FADS167,i,6,ADS,5.59,84.22808246319047,413.6926546768889,2108.4404023889806
3132,FADS167,u,6,ADS,6.6,129.88494638965165,426.2220865001756,1550.7710289621264
3133,FADS167,u,6,ADS,7.689220112497156,104.82329558861991,374.93958681570166,765.7676456689471
3134,FADS167,u,6,ADS,7.923403677239875,165.04093347995408,332.0113719634832,867.0792669411601
3135,FADS167,i,6,ADS,8.492138459231215,57.86154076878525,381.41758221477295,2024.098167698751
3136,FADS167,u,6,ADS,14.17,63.983222945809715,411.5544859791189,1513.3226145380888
3137,FADS167,u,6,ADS,17.41,100.00000000000142,364.68801305532645,947.7295772992331
3138,FADS167,u,6,ADS,24.4260076755022,100.6541532651326,429.11892485419395,1186.7978167222996
3139,FADS167,u,6,ADS,25.22,170.0000000000017,411.5526986161758,1826.891574742434
3140,FADS167,a,6,ADS,28.62,77.0231049831196,677.5384866946129,1056.2800365835194
3141,FADS167,a,6,ADS,31.15419814238848,87.05224066173045,681.8882325717169,1067.314227444594
3142,FADS167,i,6,ADS,36.81,90.07895090347517,322.75648539267223,1955.187476661707
3143,FADS167,i,6,ADS,38.81428071411398,93.9362954146219,346.51483824775954,2048.610103357507
3144,FADS167,a,6,ADS,42.24325470013385,101.36958421597342,617.1466706278159,1336.3148765042058
3145,FADS167,a,6,ADS,43.2478405462512,102.1594537488042,682.1195379303435,1037.433239605288
3146,FADS167,a,6,ADS,44.81,100.03692032383782,748.4521976621672,1114.0717061439213
3147,FADS167,i,6,ADS,46.76804039653499,78.0354603156681,340.47633693141836,1782.0369720800945
3148,FADS167,i,6,ADS,50.13509253978511,50.45589254607563,342.08276462818986,1994.246110063278
3149,FADS167,i,6,ADS,50.38,67.84447998546739,384.69590858175485,2145.39403130472
3150,FADS167,a,6,ADS,50.63713055981943,83.0581615758561,703.6638125190033,1187.617704867716
3151,FADS167,i,6,ADS,56.51730215107812,94.33221595924124,382.67553123546065,2156.8392376868105
3152,FADS167,i,6,ADS,58.04989171620579,94.87435513143083,347.3271703841394,2135.2499821618935
3153,FADS167,a,6,ADS,59.49967600507245,100.32399492754962,606.0653155130714,1040.9126111155126
3154,FADS167,a,6,ADS,60.41981829010256,79.15231913820975,587.5328947624057,992.819147823619
3155,FADS167,u,6,ADS,65.11761480776191,112.67236330330377,339.12968878764195,867.8973435551999
3156,FADS167,u,6,ADS,73.47,74.7904375087387,332.9049811054946,785.5032088839422
3157,FADS167,a,6,ADS,80.67622950589693,117.21382677481529,524.387555845132,966.6679491414133
3158,FADS167,u,6,ADS,82.4043086241311,72.56094038442029,379.96092838548736,782.1129864272403
3159,FADS167,a,6,ADS,84.30086425615076,106.98087364369258,543.0909675469596,989.596410694737
3160,FADS167,i,9,ADS,7.26,80.00000000000007,313.4376701630946,1975.623964025315
3161,FADS167,u,9,ADS,8.46,119.99999999999922,262.1703959471137,930.3991169588218
3162,FADS167,u,9,ADS,9.581038458082784,98.96154191721607,404.9358311948372,730.785670341733
3164,FADS167,i,9,ADS,10.35,80.00000000000007,321.25515359680134,2051.7697949474177
3165,FADS167,u,9,ADS,15.94,114.66040889053097,317.47993415798516,635.5884424250888
3166,FADS167,u,9,ADS,19.43947156586654,76.55739687760033,457.9327249355131,1165.9898439554484
3167,FADS167,u,9,ADS,26.15,105.95042200025162,309.5775504627388,688.7844731201949
3169,FADS167,a,9,ADS,29.82,59.99999999999872,678.1986782280254,1114.939586882754
3170,FADS167,a,9,ADS,32.27,79.9999999999983,717.7624824585571,1177.069432240668
3171,FADS167,i,9,ADS,38.00408492816726,59.8104663106227,360.82771143855945,1962.4681518743096
3172,FADS167,i,9,ADS,39.87,70.00000000000028,361.6525225944183,2036.0196527323762
3173,FADS167,a,9,ADS,43.11724345515804,120.8171419474624,641.1059427127524,1148.9902117840543
3174,FADS167,a,9,ADS,44.14,119.99999999999744,718.4009551658127,1177.9590447492074
3175,FADS167,a,9,ADS,45.33,79.9999999999983,637.7571737023535,1192.3345991478377
3176,FADS167,i,9,ADS,47.40854789395723,47.848373048502424,371.8070970469268,1901.6102286126427
3177,FADS167,i,9,ADS,50.77,49.99999999999716,360.6517130622941,1933.0059477289121
3178,FADS167,i,9,ADS,51.02983507760985,50.16492239014525,390.4421214827298,1861.4529011126313
3179,FADS167,a,9,ADS,51.29060871072418,79.39128927581862,625.6347712956125,1143.7114928730007
3180,FADS167,i,9,ADS,56.67,79.9999999999983,323.7913991883116,2214.526775577275
3181,FADS167,i,9,ADS,57.97514852645272,59.810466310629806,394.7085313587987,2016.2119102286256
3182,FADS167,a,9,ADS,59.32,109.99999999999943,655.6823833789412,1115.4064414443212
3183,FADS167,a,9,ADS,60.31,99.99999999999432,655.1047706622223,1183.537317028879
3184,FADS167,u,9,ADS,64.67380366485281,96.19633514718373,328.03076796701396,741.5793515721692
3185,FADS167,u,9,ADS,72.83,79.9999999999983,403.5363247646563,877.1464498181392
3186,FADS167,a,9,ADS,79.26,116.92515637837175,627.7739562750653,1145.5000513441005
3187,FADS167,u,9,ADS,80.38,90.68637973626892,367.0101335742842,771.7029244286978
3188,FADS167,a,9,ADS,82.18,100.06084510415292,583.491192818459,1128.0878611380922
3189,FADS168,i,9,ADS,4.87,89.99999999999986,318.61767704187827,2030.846839736916
3190,FADS168,u,9,ADS,6.33,200.00000000000017,352.48491804825346,595.7076719501788
3191,FADS168,u,9,ADS,7.47,129.9999999999999,389.5814872444888,1004.2197810547085
3192,FADS168,u,9,ADS,7.8,250.00000000000088,349.9082993220894,693.190687233966
3193,FADS168,i,9,ADS,8.53,89.99999999999986,310.1735957225763,1907.7015980511349
3195,FADS168,u,9,ADS,17.7465072986326,116.1455634381987,309.5636069999912,754.6270547007365
3196,FADS168,u,9,ADS,25.91,160.00000000000014,385.79909561508947,693.0534200909343
3198,FADS168,a,9,ADS,30.59,80.00000000000185,615.9561574630148,1131.2405431010493
3199,FADS168,a,9,ADS,33.2,109.99999999999943,585.7011410290646,1089.41552623532
3200,FADS168,i,9,ADS,39.27,129.99999999999545,329.3578276052689,2178.2283153611284
3201,FADS168,i,9,ADS,41.40379445886276,116.20554113724069,322.6571414125405,2062.696147086242
3202,FADS168,a,9,ADS,45.36,156.7885219959777,636.1867649879666,1097.8381911437111
3204,FADS168,a,9,ADS,48.23,110.00000000000654,708.8867302639572,1094.7147642126706
3205,FADS168,i,9,ADS,50.11380895752952,99.00933276697543,347.05560361989365,2047.2206850038851
3206,FADS168,i,9,ADS,54.3,60.000000000002274,349.7705477631212,1924.218050756162
3207,FADS168,i,9,ADS,54.56,59.99999999999517,350.5856117431057,1727.6241971438526
3208,FADS168,a,9,ADS,54.86,119.99999999999744,640.5878185783916,1111.9191974089279
3209,FADS168,i,9,ADS,60.25,170.0000000000017,298.1853181085029,2039.6607527684093
3210,FADS168,i,9,ADS,62.19,130.00000000000256,299.35695816063105,2067.504940943829
3211,FADS168,a,9,ADS,63.53,79.9999999999983,562.8362426801513,1008.7287854618827
3212,FADS168,a,9,ADS,64.78,99.99999999999432,517.9294857677687,932.3840685098605
3213,FADS168,i,9,ADS,66.61109647807045,47.6006407533589,431.6734467697577,1495.3273547979738
3214,FADS168,u,9,ADS,69.98,119.99999999999034,335.8372956563702,809.7258959109939
3215,FADS168,u,9,ADS,78.37271381401547,117.28618598452556,364.2587167886251,690.5448309469184
3216,FADS168,a,9,ADS,86.76,179.9999999999926,581.3346155153708,1031.0880153198375
3217,FADS168,u,9,ADS,88.23,140.00000000000057,351.92170211571073,693.9132434962542
3218,FADS168,a,9,ADS,90.83,189.17553009308108,612.5875397008361,1089.0531592755372
3219,FADS169,i,12,ADS,6.191463910770501,98.53608922949863,364.28783115878576,1992.4218665099356
3220,FADS169,u,12,ADS,8.773224090937745,72.72952131242683,373.78987046420747,862.2820081957198
3221,FADS169,u,12,ADS,8.973230274546921,126.76972545307841,433.264645308165,883.891900095875
3222,FADS169,i,12,ADS,9.735114721507976,64.88527849202441,446.32420204307056,1972.5528896039618
3223,FADS169,u,12,ADS,16.2647516258897,119.78979980870008,478.83951223397077,1232.8274089210774
3224,FADS169,u,12,ADS,20.03,209.9999999999973,374.4745702523465,1209.3368199958436
3225,FADS169,u,12,ADS,28.33087060040506,70.29340426660013,358.8984786258276,864.9176841262779
3226,FADS169,u,12,ADS,29.17,79.9999999999983,476.24036437266363,1004.2633867044044
3227,FADS169,a,12,ADS,32.83090237361176,89.09762638824503,573.2502235428757,939.9400762493179
3228,FADS169,a,12,ADS,36.05,100.00000000000142,519.1687857609677,999.077220612617
3229,FADS169,i,12,ADS,42.02,119.29284642016569,380.7826288100833,1842.460695269872
3230,FADS169,i,12,ADS,44.59,79.9999999999983,353.56314791106684,2045.8670555904187
3231,FADS169,a,12,ADS,49.73,100.00000000000142,573.709674609391,909.8648677666308
3232,FADS169,a,12,ADS,51.08,74.33335082777859,437.0502235965003,918.5591902303125
3233,FADS169,a,12,ADS,52.41,110.66689625385351,490.3256157938,777.3220811443534
3234,FADS169,i,12,ADS,55.82131815248949,77.85245028710364,367.44656524763496,1908.158646809621
3235,FADS169,i,12,ADS,60.22,140.00000000000057,368.3539365066516,2222.029003520543
3236,FADS169,i,12,ADS,60.91,110.6306044329699,353.62894099670086,1791.21855117075
3237,FADS169,a,12,ADS,61.35,79.9999999999983,490.2074320186406,897.4879147862118
3238,FADS169,i,12,ADS,67.32,90.00000000000341,355.76989741467975,1988.3448876853934
3239,FADS169,i,12,ADS,69.13,77.85477515723471,327.96091485730494,1871.159563686751
3240,FADS169,a,12,ADS,71.12458175660122,92.44978471592447,538.9927716243051,834.3556585863822
3241,FADS169,a,12,ADS,72.27483538876082,77.85245028709653,491.94038650645876,839.1899509736477
3242,FADS169,u,12,ADS,73.79267590126565,227.32409873434278,469.75575565348066,839.8625579660086
3243,FADS169,i,12,ADS,74.24762615763089,42.37384236911623,429.4093030121122,930.7401843623102
3244,FADS169,u,12,ADS,77.14876284853297,101.23715146703205,363.8819054450652,1085.8086319019858
3245,FADS169,u,12,ADS,90.11,140.00000000000057,295.5364428040599,571.512784769403
3246,FADS169,a,12,ADS,99.18,119.99999999999034,526.1183656124765,891.5369482552277
3247,FADS169,u,12,ADS,100.7,109.96032421340374,357.86420419013155,778.2897008250595
3248,FADS169,a,12,ADS,102.47,99.99999999999432,516.9127660303557,905.1750962575343
3249,FADS169,i,9,ADS,7.12,80.00000000000007,346.6535739379313,2070.6949715021833
3251,FADS169,u,9,ADS,10.66,181.24416656664977,359.8065866572216,890.6959499574436
3252,FADS169,u,9,ADS,11.01083113133793,239.16886866206966,396.4512082431471,923.6139840789864
3253,FADS169,i,9,ADS,11.75,99.99999999999964,465.2484125693008,1752.5285857394601
3254,FADS169,u,9,ADS,18.94770826392528,162.842276742321,367.7800813709932,615.3434222097164
3256,FADS169,u,9,ADS,31.91075276632758,159.24723367242066,337.72346262707987,736.137300034755
3258,FADS169,a,9,ADS,36.42669604909441,133.30395090559222,621.7192897273017,944.1614135368775
3259,FADS169,a,9,ADS,39.47,170.0000000000017,368.3015164062732,1015.0198002220579
3260,FADS169,i,9,ADS,46.50830939582917,152.16409466085423,386.1896169056469,2023.3708499061884
3261,FADS169,i,9,ADS,49.0929384576216,97.06154237839826,317.71010454183454,2048.0968641851964
3262,FADS169,a,9,ADS,52.59898566930853,85.42545665171986,609.0004928904144,1224.8021895797267
3263,FADS169,a,9,ADS,53.93,116.0054204117884,539.2716524306542,1081.4551920053455
3264,FADS169,a,9,ADS,55.4,114.92167253851449,716.3051361646193,1775.4938608356267
3265,FADS169,i,9,ADS,58.08925547126273,86.76022941190098,359.58067661995426,1922.9399199049092
3266,FADS169,i,9,ADS,62.63,39.99999999999915,275.40897152432916,1739.0274784130886
3267,FADS169,i,9,ADS,62.91,90.00000000000341,279.59978497113303,1936.49855840667
3268,FADS169,a,9,ADS,63.33,94.18029404843509,587.1242188603662,1176.5197763766123
3269,FADS169,i,9,ADS,71.3,120.00000000000455,322.13033742348705,2036.9890937877544
3270,FADS169,i,9,ADS,74.06,79.9999999999983,408.8894859916342,1748.1196710918664
3271,FADS169,a,9,ADS,75.95,79.9999999999983,654.1291691649374,1055.5856193434988
3272,FADS169,u,9,ADS,83.12,99.99999999999432,425.71525349948354,1001.9801463664662
3273,FADS169,u,9,ADS,94.84762468149574,142.37531850425,462.1386932420668,975.7191691883801
3274,FADS169,a,9,ADS,103.3146898967882,135.3101032118076,582.017809228247,1019.040846708584
3275,FADS169,u,9,ADS,104.72,107.14231101350435,383.8547060235005,946.3203563303692
3276,FADS169,a,9,ADS,106.8,189.99999999999773,431.26421151569815,1190.4534561248474
