index,spkid,IPA,AgeMonth,Register,time_start,duration(ms),F1,F2
0,FIDS101,i,18,IDS,6.59867949229148,84.63566591692117,368.9318702707496,2103.9719660400874
1,FIDS101,u,18,IDS,7.722729067419494,167.27093258050553,326.9841160456956,776.4507295831884
2,FIDS101,u,18,IDS,8.864728455759371,95.27154424062978,402.8487656955431,1180.4961223173593
3,FIDS101,u,18,IDS,9.122431058829338,119.65732077909585,301.10288406171446,681.4315847286974
4,FIDS101,i,18,IDS,9.567386530271246,83.17643029766586,340.80447788854593,1679.3681641466565
5,FIDS101,u,18,IDS,17.73947472320143,210.52527679857036,389.38935068517395,668.7095674069055
6,FIDS101,u,18,IDS,31.62501510221582,99.22802210948944,390.4091286788718,991.9106697112855
7,FIDS101,u,18,IDS,39.33,60.000000000002274,342.64495541496484,1354.0743222684778
8,FIDS101,u,18,IDS,40.06,154.82430941472813,331.34253865143756,729.6451168303729
9,FIDS101,i,18,IDS,52.70725483048991,75.15063439175407,328.48545252374674,2020.302932735527
10,FIDS101,a,18,IDS,58.45527153546166,80.62276796395906,598.8088924225551,965.9650716744504
11,FIDS101,a,18,IDS,59.54541880604379,83.90604810730196,637.0488113366833,1045.1368365482701
12,FIDS101,a,18,IDS,60.9974248830142,63.476749437690216,706.5939942382497,1116.5085795831476
13,FIDS101,i,18,IDS,63.48345700165431,81.35140435071264,487.7175725517037,2110.861752906708
14,FIDS101,u,18,IDS,65.71066768379734,116.0072688851983,381.1435344548464,794.3840388748763
15,FIDS101,i,18,IDS,68.19898352127149,118.9277029694722,322.5227065930504,1994.650156014355
16,FIDS101,a,18,IDS,68.68558290407802,67.85445629546416,606.6468659615215,975.109515274463
17,FIDS101,i,18,IDS,74.6093655460863,140.08661944870937,364.0677887783811,2029.7916114640082
18,FIDS101,i,18,IDS,76.54001290949378,78.91546228943014,330.8968224282904,2089.768342302598
19,FIDS101,a,18,IDS,78.01,109.99999999999943,752.7008624271788,1216.8904209953184
20,FIDS101,a,18,IDS,78.8184498861212,85.45283786371272,722.7842640969092,1186.8247283657836
21,FIDS101,u,18,IDS,83.75701259785441,98.99454441041655,365.1151693603627,890.907082706441
22,FIDS101,u,18,IDS,93.72,59.30553921099602,349.63165597851986,1088.7141768278973
23,FIDS101,a,18,IDS,103.0452364958817,107.98343582500536,646.4810372156387,1006.8923103055864
24,FIDS101,u,18,IDS,104.9307779475228,122.57579201759938,302.6751938795933,1164.8304897399446
25,FIDS101,a,18,IDS,106.9365411983674,104.33534677690659,607.8755867913478,984.558849878934
26,FIDS101,i,9,IDS,5.41,99.99999999999964,312.7953834658291,1906.3321825475148
27,FIDS101,u,9,IDS,6.59,280.0000000000002,514.0581761410092,1458.7356380739072
28,FIDS101,u,9,IDS,7.55,129.9999999999999,305.486940074123,723.2566876994235
29,FIDS101,u,9,IDS,7.801897759230315,178.10224076968507,356.45375499447687,745.224037026093
30,FIDS101,i,9,IDS,8.4,80.00000000000007,371.44677924329295,1787.3795650602144
31,FIDS101,u,9,IDS,14.78,150.00000000000034,407.8631047599895,819.7488452134348
32,FIDS101,u,9,IDS,17.32,89.99999999999986,368.5593946452076,1379.9561826095414
33,FIDS101,u,9,IDS,24.14,160.00000000000014,278.44899578939055,617.3790889281712
34,FIDS101,u,9,IDS,24.97,150.00000000000213,388.3189611302605,707.697183237463
35,FIDS101,a,9,IDS,27.64,89.99999999999986,599.012490904651,968.6418478532229
36,FIDS101,a,9,IDS,29.6,79.9999999999983,507.5856247039103,934.2279907808409
37,FIDS101,i,9,IDS,37.13929301694983,99.66558829265892,330.0619832512617,1901.1081523059697
38,FIDS101,i,9,IDS,39.1,100.00000000000142,319.88942875821965,1919.9340808943314
39,FIDS101,a,9,IDS,42.35,89.9999999999963,623.9673091663301,967.2278993386857
40,FIDS101,a,9,IDS,43.77,119.99999999999744,684.7008344184692,1073.041290681824
41,FIDS101,a,9,IDS,44.82,71.30494242934304,726.5852845955244,1467.8350155118808
42,FIDS101,i,9,IDS,47.58,120.22073538138045,339.49815386435574,1894.7734171981515
43,FIDS101,i,9,IDS,51.71,109.99999999999943,272.843673224934,1957.13357129962
44,FIDS101,a,9,IDS,52.05,100.00000000000142,596.5408876441455,1101.275929796465
45,FIDS101,i,9,IDS,59.49,95.49823721948769,338.94628863618624,1950.683268611698
46,FIDS101,i,9,IDS,61.02,91.52137241623848,325.8029410853634,1666.294460265744
47,FIDS101,a,9,IDS,62.41,77.46685631724404,459.14952450263047,916.4444295758751
48,FIDS101,a,9,IDS,63.32,77.35166447027098,595.4239946835588,1037.7524491649876
49,FIDS101,u,9,IDS,65.32,70.00000000000739,454.2169074185176,934.7322324899326
50,FIDS101,i,9,IDS,65.64,68.6074196495241,425.46797951111813,1693.0275756191845
51,FIDS101,u,9,IDS,68.37,106.09118672958573,385.3872488406963,927.2678896800549
52,FIDS101,u,9,IDS,77.29,157.8488166911569,292.12143377181934,591.4054531880307
53,FIDS101,a,9,IDS,84.99,118.53238709744573,512.1450807421406,964.8784678043752
54,FIDS101,u,9,IDS,86.45,85.24016241540266,338.86578996909384,840.530494816558
55,FIDS101,a,9,IDS,88.2,108.0850931383992,489.25845095932095,915.5273512523098
56,FIDS102,i,12,IDS,9.861318880578638,128.68111942136196,297.31932896906704,1980.1242456859702
57,FIDS102,u,12,IDS,11.98,169.99999999999994,333.5680052935201,809.0495268967502
58,FIDS102,u,12,IDS,14.98,179.99999999999972,348.87762452160655,847.5434039396072
59,FIDS102,u,12,IDS,15.37,130.0000000000008,427.50279618359,1068.129919542082
60,FIDS102,i,12,IDS,15.9,89.99999999999986,324.68038912545103,2242.554497104467
61,FIDS102,u,12,IDS,27.59,219.99999999999886,320.13518772705635,803.833735021153
62,FIDS102,u,12,IDS,33.52482448542706,75.94870718880031,360.95421931635275,602.325012333934
63,FIDS102,u,12,IDS,51.93,109.99999999999943,361.67920495807846,920.0770685955679
64,FIDS102,u,12,IDS,54.01,120.00000000000455,550.7152933762854,1528.1580141840477
65,FIDS102,a,12,IDS,62.7,119.99999999999744,584.4963527920659,1285.623666458954
66,FIDS102,a,12,IDS,65.68,95.66530521989591,673.7504350102068,1412.991118188696
67,FIDS102,i,12,IDS,76.21349942469028,66.50057530971765,338.8910853507412,2169.6195836052602
68,FIDS102,i,12,IDS,79.8510274962212,126.12910300997271,328.1725492632596,2099.026275762152
69,FIDS102,a,12,IDS,86.67440326413177,160.03477586210124,807.0153941154622,1205.848637315997
70,FIDS102,a,12,IDS,89.82,370.00000000000455,739.9913090354187,1162.6047691671117
71,FIDS102,a,12,IDS,94.26,129.99999999999545,526.14711539154,1294.8742994335748
72,FIDS102,i,12,IDS,98.49635216856775,54.249076563422705,325.44771150511536,2265.5318113939215
73,FIDS102,i,12,IDS,115.54,59.99999999998806,284.39497697119515,2152.4269188750945
74,FIDS102,i,12,IDS,115.88,79.9999999999983,323.3405490615726,2160.243157486305
75,FIDS102,a,12,IDS,116.149294156405,97.64833781419213,528.1088630734935,1073.114457319814
76,FIDS102,i,12,IDS,124.88,140.00000000000057,310.7301961771187,2194.5152473736593
77,FIDS102,i,12,IDS,127.0858873139885,100.36079164240164,275.57046153335375,1460.548840903984
78,FIDS102,a,12,IDS,131.7849563018204,100.66458500392628,561.3128159223614,1198.3270687442198
79,FIDS102,a,12,IDS,136.3584283172549,135.17815700529923,523.3682024577818,1170.2834110875192
80,FIDS102,u,12,IDS,138.6394713667866,150.5286332133835,363.44764786232827,859.2802700815347
81,FIDS102,i,12,IDS,139.01,78.1478028040965,352.3325445676548,2287.0822904343268
82,FIDS102,u,12,IDS,143.71,120.00000000000455,260.74016918805813,763.0093263008423
83,FIDS102,u,12,IDS,157.24,149.99999999997726,323.2150481295419,1234.2412237834728
84,FIDS102,a,12,IDS,174.94,150.00000000000568,628.3737772663188,1222.6084312828073
85,FIDS102,u,12,IDS,179.07,50.00000000001137,277.2973685792494,758.9552043114322
86,FIDS102,a,12,IDS,183.31,113.49869026489046,732.2461431732106,1472.2390764283653
87,FIDS103,i,15,IDS,7.803851710667416,176.14828933258408,338.8640828611639,2548.1523338179027
88,FIDS103,u,15,IDS,10.32,209.9999999999991,305.13994623048274,650.2328213094205
89,FIDS103,u,15,IDS,11.42513895395523,241.47094355500974,295.8919619642849,632.7381733707465
90,FIDS103,u,15,IDS,11.93,250.0,316.0158870171556,715.5847319758846
91,FIDS103,i,15,IDS,12.7,120.000000000001,328.10900594216287,2211.0818891870063
92,FIDS103,u,15,IDS,20.87,209.9999999999973,288.2992693642151,580.1909019874917
93,FIDS103,u,15,IDS,25.72113827911894,243.2865145591805,338.6581256746461,641.7559656012772
94,FIDS103,u,15,IDS,36.15,120.00000000000455,306.1845619732019,750.9280211960158
95,FIDS103,u,15,IDS,37.39,179.99999999999972,355.3034753044707,765.0917789923403
96,FIDS103,a,15,IDS,41.88,97.96197432697085,627.9170757211679,1065.2452221845963
97,FIDS103,a,15,IDS,45.0,189.99999999999773,830.8020586556356,1114.1080208477342
98,FIDS103,i,15,IDS,53.05028410611681,179.7158938831842,347.86423544174454,2543.8986104212995
99,FIDS103,i,15,IDS,55.54220405819085,67.79594180915183,367.92973933321906,2236.748337856609
100,FIDS103,a,15,IDS,60.22,129.34748890768333,707.1621320203772,1140.5916005854526
101,FIDS103,a,15,IDS,62.3628482317666,137.15176823340158,586.6851338335787,1100.3459481372333
102,FIDS103,a,15,IDS,65.22655553506192,94.40969221699902,740.2955981002145,1228.8451266447407
103,FIDS103,i,15,IDS,69.40962573174502,131.84352513502517,311.5715356974355,1049.1984438896707
104,FIDS103,i,15,IDS,75.60856583264159,61.43416735841356,329.20685175348757,2083.9494868015095
105,FIDS103,i,15,IDS,75.97833544633014,84.91616873102714,347.2137076149888,2228.5930372084904
106,FIDS103,a,15,IDS,76.32,141.01682648545477,650.2342491705468,1300.2443870808897
107,FIDS103,i,15,IDS,84.24,184.80325673458253,266.0299350889654,1955.424188140881
108,FIDS103,a,15,IDS,87.08,105.13223104526048,395.87530187307914,946.2817322296524
109,FIDS103,a,15,IDS,88.51777937904409,116.20107300034022,633.8406313185594,1088.1845864621775
110,FIDS103,u,15,IDS,90.94,150.00000000000568,401.29141422044245,784.0366125603291
111,FIDS103,i,15,IDS,91.34540549685434,54.594503145665385,387.8550761143328,1832.5972456184745
112,FIDS103,u,15,IDS,96.15,109.99999999999943,344.2092405969111,879.4245610313687
113,FIDS103,u,15,IDS,106.84,189.99999999999773,333.6837153714213,1563.9243992232289
114,FIDS103,a,15,IDS,116.9,129.99999999999545,674.5775961382788,1165.6637576708135
115,FIDS103,u,15,IDS,118.8047342133235,135.26578667649858,456.83677482740705,1486.2319165703025
116,FIDS103,a,15,IDS,121.38,120.00000000000455,630.6415334734106,1203.4568542925654
117,FIDS104,i,12,IDS,6.92,120.00000000000011,272.86894806862296,2351.3684738710012
118,FIDS104,u,12,IDS,8.28,180.00000000000148,293.792915789928,726.2719221404566
119,FIDS104,u,12,IDS,9.27,160.00000000000014,254.79634006036534,1038.308828942615
120,FIDS104,u,12,IDS,9.67,179.99999999999972,306.5427649975375,507.8605967082767
121,FIDS104,i,12,IDS,10.29,110.00000000000121,398.1644843415172,2460.6583159341535
122,FIDS104,u,12,IDS,17.12670579156408,223.29420843592018,360.0664394456765,675.6978412659892
123,FIDS104,u,12,IDS,21.98,99.99999999999787,307.0670307112627,762.761825786868
124,FIDS104,u,12,IDS,31.08,190.00000000000128,325.0395532288859,662.8623100363216
125,FIDS104,u,12,IDS,32.06,195.36974736129054,305.20682337212185,950.0732475770895
126,FIDS104,a,12,IDS,36.06,99.99999999999432,632.5011946878324,1532.9529646094948
127,FIDS104,a,12,IDS,38.54,100.00000000000142,659.4600105933339,1269.8232419255153
128,FIDS104,i,12,IDS,47.92969140977398,100.30859022602101,348.9618884865812,2566.6370825131435
129,FIDS104,i,12,IDS,49.95,89.9999999999963,348.6272952850184,2244.775424430705
130,FIDS104,a,12,IDS,54.12,109.99999999999943,782.9263213973844,1353.8500966863073
131,FIDS104,a,12,IDS,55.6,140.00000000000057,937.4415948144166,1274.2855974865556
132,FIDS104,a,12,IDS,56.95,113.86999078681725,736.5123130442385,1725.4408731081692
133,FIDS104,i,12,IDS,59.61997611174525,130.02388825474753,377.3219637551608,2527.9390142711363
134,FIDS104,i,12,IDS,64.81,69.99999999999318,312.32537251508654,2129.7104103118545
135,FIDS104,i,12,IDS,65.16,40.00000000000625,368.09418350220443,2173.1063769325383
136,FIDS104,a,12,IDS,65.51,132.6395620432237,602.13842272817,1552.1845442059043
137,FIDS104,i,12,IDS,74.86603619527337,127.39444723628424,255.06862810416794,2602.919656746915
138,FIDS104,i,12,IDS,77.12,140.00000000000057,295.42638329699747,2256.767699665375
139,FIDS104,a,12,IDS,79.05,123.4527952415192,663.5355250445851,1121.238320172226
140,FIDS104,a,12,IDS,79.78,109.99999999999943,316.6235251458682,1090.2911661486846
141,FIDS104,u,12,IDS,81.81,76.18782211923758,440.9864855375264,1557.211357832381
142,FIDS104,i,12,IDS,82.05,62.85066979938847,428.2214400156042,1180.6298819176802
143,FIDS104,u,12,IDS,85.58915930228008,80.8406977199212,249.21069441034723,754.0776781162588
144,FIDS104,u,12,IDS,97.95638690596512,132.35786725850573,381.5110973938083,1503.572638129836
145,FIDS104,a,12,IDS,107.3473956683285,124.08550055489798,661.3766152352089,1152.982063990652
146,FIDS104,u,12,IDS,109.1991186994033,120.88130059669311,578.9153184009797,1644.3802637426581
147,FIDS104,a,12,IDS,110.9030312527127,126.96874728730734,568.0054812933162,1626.9133272066194
148,FIDS104,i,15,IDS,6.461884943558821,128.11505644117904,314.13324171322097,2479.884470547866
149,FIDS104,u,15,IDS,7.79,150.00000000000034,258.5728500291846,573.1873085535647
150,FIDS104,u,15,IDS,8.402164436676747,137.83556332325196,326.21309920781187,1928.7347309520828
151,FIDS104,u,15,IDS,8.74,109.99999999999943,296.9419685752778,1045.7240809693942
152,FIDS104,i,15,IDS,9.18,89.99999999999986,353.4590613497795,2640.77353917572
153,FIDS104,u,15,IDS,15.96,195.72353863505754,290.20163966052513,540.9458221177096
154,FIDS104,u,15,IDS,20.35161534937098,158.38465062902074,300.72858979526234,1715.305712569737
155,FIDS104,u,15,IDS,29.82,100.00000000000142,255.04699385096424,624.6509877265191
156,FIDS104,u,15,IDS,30.77,141.08195198998885,261.1551849250993,716.6924901169123
157,FIDS104,a,15,IDS,34.27,90.75474133680927,635.911027168466,1222.529500311452
158,FIDS104,a,15,IDS,37.25,74.5022783274365,316.8694715852155,1028.9218137579733
159,FIDS104,i,15,IDS,46.06240425320613,117.5957467938673,361.04270495257924,2599.742171392688
160,FIDS104,i,15,IDS,47.93,100.00000000000142,289.7318395829253,2540.235330969661
161,FIDS104,a,15,IDS,52.30422939826597,132.74605360422953,382.7492404132023,1162.3775868771295
162,FIDS104,a,15,IDS,53.78,119.99999999999744,521.8120543385895,1662.181354166045
163,FIDS104,a,15,IDS,54.96337264296378,96.62735703621905,944.8123863960773,1618.4849920702259
164,FIDS104,i,15,IDS,57.39889561987928,121.10438012071967,296.87725938876633,2532.2795101831366
165,FIDS104,i,15,IDS,62.20152052356327,74.11654659568967,216.67518600979895,1947.6893354015886
166,FIDS104,i,15,IDS,62.65,66.27318521977799,276.9276517711823,2282.3797490705742
167,FIDS104,a,15,IDS,63.08363983901503,105.09062577002481,514.6816086938738,1455.951366898529
168,FIDS104,i,15,IDS,71.43998770505526,127.21496803739285,311.9517822532005,2176.983991888984
169,FIDS104,i,15,IDS,73.28,150.00000000000568,336.09536538182556,2494.5803134109638
170,FIDS104,a,15,IDS,75.47,94.81856312480375,444.3618968488077,1017.2029788695774
171,FIDS104,a,15,IDS,77.27625078654619,83.74921345381381,288.0739288632416,1157.560275415135
172,FIDS104,u,15,IDS,78.8,44.981002343050136,313.38275341009245,1651.3791708587469
173,FIDS104,u,15,IDS,81.64132805127498,98.67194872501273,334.01524133591795,1944.9923997775027
174,FIDS104,u,15,IDS,93.33,145.26610606708346,243.716479656889,428.75664451572794
175,FIDS104,a,15,IDS,101.19,180.00000000000682,643.0269963009385,1214.4392802593047
176,FIDS104,u,15,IDS,102.8204479436469,119.55205635310051,284.50206046502376,501.66173910936357
177,FIDS104,a,15,IDS,105.1553393924359,168.78579206029087,611.0390737157073,1165.621690174136
178,FIDS104,i,9,IDS,5.31,130.0000000000008,310.33723624442985,2495.600958140275
179,FIDS104,u,9,IDS,7.19,169.99999999999994,365.76282661429235,735.1113417110213
180,FIDS104,u,9,IDS,8.17,150.00000000000034,354.47853866207356,816.1819494775582
181,FIDS104,u,9,IDS,8.58,220.00000000000063,302.28206707137986,738.3941598078626
182,FIDS104,i,9,IDS,9.21,109.99999999999943,348.52568882189297,2312.2255132767614
183,FIDS104,u,9,IDS,17.39,226.95452353589118,363.4100013194137,1305.7129370687733
184,FIDS104,u,9,IDS,21.04,170.0000000000017,366.08686964969934,1335.9115406726498
185,FIDS104,u,9,IDS,30.31,140.00000000000057,315.4898333842367,691.2820947481248
186,FIDS104,u,9,IDS,31.87986074809409,131.30994958802233,550.1662697443737,1826.0873078153907
187,FIDS104,a,9,IDS,36.28,100.00000000000142,697.7951828158781,1199.4640736735087
188,FIDS104,a,9,IDS,39.27,129.99999999999545,414.15755870857936,1120.4849078416876
189,FIDS104,i,9,IDS,48.14028718270798,93.79282113430776,337.4350854676866,2368.399895441994
190,FIDS104,i,9,IDS,50.1,100.00000000000142,321.11203526762984,2037.866275135793
191,FIDS104,a,9,IDS,53.8,175.3297627613506,568.3733615008184,1454.6969098963684
192,FIDS104,a,9,IDS,55.78,109.99999999999943,523.2395421634412,1274.1379212335098
193,FIDS104,a,9,IDS,57.03027485716545,106.92381609310786,607.8670908624358,1688.460906078597
194,FIDS104,i,9,IDS,61.88,109.99999999999943,373.30258524792066,2407.077894857388
195,FIDS104,i,9,IDS,66.5,44.20548101235511,326.936272642003,2131.0775743376416
196,FIDS104,i,9,IDS,66.84,69.99999999999318,329.0178799892258,2326.0892842713884
197,FIDS104,a,9,IDS,67.18,127.67904504558203,453.053849074899,1273.5512824645898
198,FIDS104,i,9,IDS,73.53,129.99999999999545,321.8906715751445,2406.195758554573
199,FIDS104,i,9,IDS,75.79,99.99999999999432,349.2118629293351,2439.070779531632
200,FIDS104,a,9,IDS,78.21,105.9320352771067,583.8380190877585,1283.4157885628638
202,FIDS104,u,9,IDS,81.55,55.17313650152289,349.12311031104093,1062.8678416311136
203,FIDS104,i,9,IDS,81.79,70.28960998682976,354.1259145368752,2139.231098773171
204,FIDS104,u,9,IDS,84.88,123.24983650401578,363.08334031624855,1486.5913814648702
205,FIDS104,u,9,IDS,98.14,186.5470208771427,343.92709937253136,2161.6924786768664
206,FIDS104,a,9,IDS,108.79,89.9999999999892,625.4595883474373,1232.9482954881564
207,FIDS104,u,9,IDS,110.2709935042168,103.17210324770087,368.367618925591,1586.128241095488
208,FIDS104,a,9,IDS,112.32,118.87150140221081,476.3815851326916,789.3801242512671
209,FIDS105,i,12,IDS,9.24,160.00000000000014,265.29857068021784,2168.889870161329
210,FIDS105,u,12,IDS,10.98,237.44602658793923,461.0608984831605,1844.3522949452656
211,FIDS105,u,12,IDS,12.32918528355093,110.81471644907026,344.7717196569594,1207.09508783107
212,FIDS105,u,12,IDS,12.65,150.00000000000034,362.2074234228549,1487.6491310021058
213,FIDS105,i,12,IDS,13.16,99.99999999999964,379.25298197112824,2108.3146203440424
214,FIDS105,u,12,IDS,21.62,162.07441235433961,274.289612743729,799.9836229512002
215,FIDS105,u,12,IDS,26.79,130.00000000000256,361.9577134773955,1092.7430291346952
216,FIDS105,u,12,IDS,36.55,250.0,276.5207862152826,757.8889111128562
217,FIDS105,u,12,IDS,38.36,167.01431943692313,320.53525872961893,703.3036881750016
218,FIDS105,a,12,IDS,43.34400012881515,105.99987118484933,743.5967853369143,1168.6897652151501
219,FIDS105,a,12,IDS,46.89,109.99999999999943,536.2084212193236,995.1353075645034
220,FIDS105,i,12,IDS,55.69765707539619,182.34292460381596,325.274829650394,2500.592941923387
221,FIDS105,i,12,IDS,59.09,179.99999999999972,303.14581594934134,2447.2865538818232
222,FIDS105,a,12,IDS,64.77502435290101,194.9756470989854,644.2268160575335,1163.587537307655
223,FIDS105,a,12,IDS,66.54,129.99999999999545,790.5210496093756,1211.8926909856568
224,FIDS105,i,12,IDS,69.65709445226636,113.77751334009645,361.196823508245,2357.3561183699912
225,FIDS105,i,12,IDS,75.5,48.834199993351035,321.5298108708222,2231.4653084103506
226,FIDS105,i,12,IDS,75.82,62.70591946676518,339.35301246385444,2005.4402766191952
227,FIDS105,a,12,IDS,76.1,120.00000000000455,641.5548061142653,1149.7474352819713
228,FIDS105,i,12,IDS,83.59,137.19455102075528,262.8247495365056,2332.658817408117
229,FIDS105,i,12,IDS,85.99,109.99999999999943,269.6876752596856,2236.6615996624905
230,FIDS105,a,12,IDS,87.72,79.9999999999983,643.8939937556577,1149.271923075295
231,FIDS105,a,12,IDS,88.97520033867289,114.79966132711183,675.1627251210658,1400.2778684311422
232,FIDS105,i,12,IDS,91.15383693384146,56.163066158532615,344.9914337757653,1594.4621965384576
233,FIDS105,u,12,IDS,94.89,120.00000000000455,333.2954268780119,878.7082266882929
234,FIDS105,u,12,IDS,106.93,179.9999999999926,274.2685453961639,579.7724165769437
235,FIDS105,a,12,IDS,118.22,230.00000000000398,657.1916537317363,1048.8994495218926
236,FIDS105,u,12,IDS,120.53,137.32283647379973,274.2689639357644,668.3333896407298
237,FIDS105,a,12,IDS,123.79,129.99999999999545,616.2200962809386,1036.1294565854314
238,FIDS105,i,18,IDS,9.407474923542832,189.22288211564364,307.28086304380577,2301.094582661437
239,FIDS105,u,18,IDS,11.68435006361457,205.64993638543072,263.1792965226024,620.233367568874
240,FIDS105,u,18,IDS,12.87090443945501,99.09556054499014,266.5567030903833,658.7034584615224
241,FIDS105,u,18,IDS,13.21449335698078,335.50664301922063,266.35492669506317,873.0580474342785
242,FIDS105,i,18,IDS,13.98,109.99999999999943,289.3905741976267,2086.707214552061
243,FIDS105,u,18,IDS,21.43832267605553,181.67732394447,370.47635407734646,691.1378578861544
244,FIDS105,u,18,IDS,26.2085133836979,131.1281376064528,291.18397750342757,671.9901137142313
245,FIDS105,u,18,IDS,37.20333540992308,152.70618556701265,343.3853659896925,701.9635504046291
246,FIDS105,a,18,IDS,43.44656070127205,102.91069027341848,797.7226621073404,1134.758156048531
247,FIDS105,a,18,IDS,46.67526251660134,159.34558493948714,650.2822897063123,1172.2204083366335
248,FIDS105,i,18,IDS,56.85226776321726,119.50918870461891,310.92576028378363,2311.5750941501137
249,FIDS105,i,18,IDS,59.98902664376397,110.97335623603044,310.693045093728,2238.105401079072
250,FIDS105,a,18,IDS,65.15234487269697,175.94408337069467,720.8519753792785,1038.9689354310565
251,FIDS105,a,18,IDS,67.21455292331508,93.78151613627494,815.3829486807014,1063.1178902746012
252,FIDS105,a,18,IDS,69.12747064155752,97.93114074408038,907.6855026289197,1494.8915117783365
253,FIDS105,i,18,IDS,75.59554446882179,94.45553117821248,361.3773894740123,2290.020167777317
254,FIDS105,i,18,IDS,80.37,58.629916900173384,319.989792603827,2181.6020937911153
255,FIDS105,i,18,IDS,80.79134611759494,54.775044822960695,355.7285428075047,1960.1019458687833
256,FIDS105,a,18,IDS,81.12524914594546,94.75085405453854,623.2037772642498,1145.5656816149437
257,FIDS105,i,18,IDS,90.48644367754528,113.5563224547127,302.04051429233493,2398.9800567609745
258,FIDS105,i,18,IDS,94.01385697315244,131.12813760648123,364.8114590386615,2337.671222790411
259,FIDS105,a,18,IDS,95.8977805220095,84.65234199910299,634.3593018412281,1073.7522337953476
260,FIDS105,a,18,IDS,96.8135177194546,86.31219184223937,560.4295799767356,1019.5630286615686
261,FIDS105,u,18,IDS,102.4799950346655,87.97204168538997,232.65895805154463,672.5763871344527
262,FIDS105,u,18,IDS,119.01,187.75986128059685,286.21808507497235,598.0783461682468
263,FIDS105,a,18,IDS,129.6486041083428,121.39589165721532,518.4888769947602,959.5099638815332
264,FIDS105,u,18,IDS,131.48,90.00000000000341,351.7849355347423,600.9265354313667
265,FIDS105,a,18,IDS,134.0752597488038,112.86978933219416,546.5770118198883,1006.50409465222
266,FIDS105,i,9,IDS,6.95,120.00000000000011,289.0773085891933,2135.592304125934
267,FIDS105,u,9,IDS,8.7,210.00000000000085,440.8251352786043,1607.0230516846575
268,FIDS105,u,9,IDS,9.88,169.99999999999994,241.85199532484333,685.5810558348887
269,FIDS105,u,9,IDS,10.3456039139524,224.67451517487902,278.21623075961105,781.2296137192121
270,FIDS105,i,9,IDS,11.15,119.99999999999922,255.97268946617493,2086.462237002467
271,FIDS105,u,9,IDS,18.69,209.9999999999973,345.2237118894817,948.3158718942349
272,FIDS105,u,9,IDS,25.5,149.99999999999858,254.32612512706385,1731.553415014494
273,FIDS105,u,9,IDS,35.71,179.99999999999972,286.4200626708287,628.3951885027151
274,FIDS105,u,9,IDS,37.4,219.99999999999886,260.67624056736867,563.7392526857825
275,FIDS105,a,9,IDS,42.5,143.6697565884515,681.295513025406,1103.231141215389
276,FIDS105,a,9,IDS,45.18,149.99999999999858,690.8556315546874,1110.3958712518738
277,FIDS105,i,9,IDS,54.45,169.9999999999946,330.81126311365426,1945.4984288608152
278,FIDS105,i,9,IDS,56.98,120.00000000000455,349.22262153009194,2360.004924415418
279,FIDS105,a,9,IDS,61.8,130.00000000000256,642.7547283645262,1079.324564668302
280,FIDS105,a,9,IDS,63.55,140.00000000000057,672.738422512908,1100.765952218761
281,FIDS105,a,9,IDS,65.93,139.99999999998636,574.5619428542666,1303.005614512554
282,FIDS105,i,9,IDS,70.31,129.99999999999545,412.1326329690789,2315.8477883069722
283,FIDS105,i,9,IDS,75.75,60.000000000002274,387.0922745783196,2118.8249094898547
284,FIDS105,i,9,IDS,76.12,69.99999999999318,335.89632939231655,1989.7630571214866
285,FIDS105,a,9,IDS,76.43,129.99999999999545,709.1726555437236,1196.8362713023887
286,FIDS105,i,9,IDS,91.69,170.0000000000017,252.81437968247138,2333.298904184092
287,FIDS105,i,9,IDS,93.98,149.99999999999147,307.12296242067447,2573.1755370130936
288,FIDS105,a,9,IDS,96.11,107.75611708889699,587.6413654846554,1080.7332611047452
289,FIDS105,a,9,IDS,97.01933558466116,169.0849444099598,527.1123705744194,1040.7316097125627
290,FIDS105,i,9,IDS,100.4292271110405,40.772888959494935,369.8591307427974,1501.0490677511032
291,FIDS105,u,9,IDS,103.49,130.00000000000966,469.878513727676,1441.322833860705
292,FIDS105,u,9,IDS,116.128524224809,165.22523916920306,497.4263499853042,1472.8901795838774
293,FIDS105,a,9,IDS,129.9258521437604,253.8689722017864,708.4656478107852,1326.3155975105417
294,FIDS105,u,9,IDS,133.45,110.00000000001364,300.4394558276594,559.3792684279103
295,FIDS105,a,9,IDS,136.22,140.00000000001478,658.1025539662434,1136.5930176323525
296,FIDS106,i,12,IDS,7.328336047340224,161.66395265977584,310.63674643104713,2286.823689991373
297,FIDS106,u,12,IDS,8.97,199.9999999999993,311.8896333948237,680.7963200277088
298,FIDS106,u,12,IDS,9.7,100.00000000000142,297.4653403976227,849.9207095518226
299,FIDS106,u,12,IDS,9.96,99.99999999999964,345.8681216258506,797.868966405057
300,FIDS106,i,12,IDS,10.46,99.99999999999964,325.783062434131,2211.9128081703857
301,FIDS106,u,12,IDS,16.02,122.90503551512089,328.93725370302843,622.9618525347079
302,FIDS106,u,12,IDS,20.65278646104956,107.21353895044317,291.7455294594898,798.6393198325791
303,FIDS106,u,12,IDS,27.35,129.999999999999,257.13906799592473,676.258074375212
304,FIDS106,u,12,IDS,28.55,140.00000000000057,335.62785880491913,903.6162203318788
305,FIDS106,a,12,IDS,31.6,99.99999999999787,644.4598511888781,1140.7433110016293
306,FIDS106,a,12,IDS,34.57,109.99999999999943,718.8695425634183,1127.4050905792433
307,FIDS106,i,12,IDS,51.6552744661825,164.72553381750288,279.96788519864754,2145.12034920898
308,FIDS106,i,12,IDS,53.63925745179409,120.7425482059108,300.819751228594,988.4726354003635
309,FIDS106,a,12,IDS,57.8,109.99999999999943,656.5698259985566,1223.6880619085737
310,FIDS106,a,12,IDS,58.81,109.99999999999943,650.6820962321856,1140.296920405393
311,FIDS106,a,12,IDS,60.01,109.99999999999943,582.6990854701007,1095.7994216931695
312,FIDS106,i,12,IDS,62.45931072732213,87.02748858366505,270.17003231224226,2118.4003918313533
313,FIDS106,i,12,IDS,66.05,40.00000000000625,289.71421540768074,1772.14582335422
314,FIDS106,i,12,IDS,66.27,60.000000000002274,321.2759513262976,1781.9647186348766
315,FIDS106,a,12,IDS,66.5,109.99999999999943,652.4244320608665,1198.8061463049598
316,FIDS106,i,12,IDS,71.57565495673917,100.21347170240347,314.579811098899,2275.7939449989813
317,FIDS106,i,12,IDS,72.72068804435874,85.70889027177486,346.80123148520306,1318.1165603683885
318,FIDS106,a,12,IDS,74.08,109.99999999999943,560.9740665634154,1024.9662227602362
319,FIDS106,a,12,IDS,74.85,85.31425701343665,473.3007356227991,1086.4708183859013
320,FIDS106,i,12,IDS,76.99,50.00000000001137,374.12619333893605,1589.254430559429
321,FIDS106,u,12,IDS,79.38696746272021,119.99244638049333,296.71063658290774,752.5142209522771
322,FIDS106,u,12,IDS,88.07218694789225,147.68301092983904,593.6907127984663,1424.8933003929558
323,FIDS106,a,12,IDS,96.52,170.0000000000017,642.2646417091721,1130.0826113478493
324,FIDS106,u,12,IDS,98.60375672486929,139.11928954817654,356.20053331394223,795.7051095462875
325,FIDS106,a,12,IDS,100.5981704990366,251.09335186739656,1028.1195216437202,1400.0892852313941
326,FIDS106,i,9,IDS,5.851649121437653,108.35087856234705,305.0893255043837,1854.6472365573297
327,FIDS106,u,9,IDS,7.33,160.00000000000014,393.3823123117786,1126.9862039072616
328,FIDS106,u,9,IDS,8.52,109.35461125092516,387.0324876373391,1070.6496337811745
329,FIDS106,u,9,IDS,8.82,127.99196291904202,424.1121013667359,1005.0828409813572
330,FIDS106,i,9,IDS,9.3,119.99999999999922,309.86137801654667,2131.807138124122
331,FIDS106,u,9,IDS,16.71,210.00000000000085,486.67041794448573,878.4831968018565
332,FIDS106,u,9,IDS,22.20453341901958,165.46658098042144,288.30835113768177,656.5752150784463
333,FIDS106,u,9,IDS,36.45,168.93093316658536,339.76116882588576,1145.2273173415297
334,FIDS106,u,9,IDS,37.52209123106582,147.6612117486411,470.9386368144314,2185.5674749802
335,FIDS106,a,9,IDS,42.85,90.61701130084998,653.2699752698355,1152.7423613775036
336,FIDS106,a,9,IDS,44.96,119.99999999999744,558.5209237196837,1126.5502344730764
337,FIDS106,i,9,IDS,53.68,109.99999999999943,301.27565018573546,2089.414811239381
338,FIDS106,i,9,IDS,55.45,109.99999999999943,281.44156759287506,2113.5203736907224
339,FIDS106,a,9,IDS,59.32,200.00000000000284,734.8951464504373,1322.0211572676462
340,FIDS106,a,9,IDS,64.89,129.99999999999545,613.5051741357287,1130.963168225108
341,FIDS106,a,9,IDS,67.29,109.99999999999943,589.9611521426226,1065.5816661969322
342,FIDS106,i,9,IDS,69.76,99.99999999999432,300.665816280379,2055.261349479412
343,FIDS106,i,9,IDS,74.49,50.00000000001137,333.76641460668105,1877.900971123359
344,FIDS106,i,9,IDS,74.7807344407861,59.58259421436196,386.21401083085715,1916.08675582775
345,FIDS106,a,9,IDS,75.02,150.00000000000568,653.1788241054594,1150.536969255235
346,FIDS106,i,9,IDS,82.45744469018769,164.29043764220808,343.39333588934176,2091.953977566116
347,FIDS106,i,9,IDS,84.73,119.99999999999034,320.7769915175607,1934.2642199173965
348,FIDS106,a,9,IDS,86.1,90.00000000000341,549.9367621046717,913.8411889986805
349,FIDS106,a,9,IDS,87.7,140.00000000000057,501.7455340298443,877.8352602561283
350,FIDS106,i,9,IDS,109.93,49.99999999999716,411.731623056023,1631.8944053220137
351,FIDS106,u,9,IDS,112.8405837984326,129.41620156739475,343.99128474140184,1223.846669623137
352,FIDS106,u,9,IDS,121.99,122.5773030636077,392.7747942027757,1038.9778691173315
353,FIDS106,a,9,IDS,129.6862841513044,186.72581898269414,662.1070137079976,1458.004227204239
354,FIDS106,u,9,IDS,131.029816434404,151.3993126885964,380.25860906932934,1399.1198269244862
355,FIDS106,a,9,IDS,132.5,150.00000000000568,582.7008899392833,1090.1159904746619
356,FIDS107,i,12,IDS,8.86,130.0000000000008,338.0518122342938,2209.816540219163
357,FIDS107,u,12,IDS,11.29,200.00000000000108,294.50792763655977,660.8786131447172
358,FIDS107,u,12,IDS,12.96,171.78876008727963,340.9675161304838,821.574161621559
359,FIDS107,u,12,IDS,13.29,270.00000000000136,279.0332244395144,664.1513926155131
360,FIDS107,i,12,IDS,14.39,109.99999999999943,313.7711033473465,2224.543261347303
361,FIDS107,u,12,IDS,23.64,189.99999999999773,269.1842061187346,694.5937837753438
362,FIDS107,u,12,IDS,29.56767630837529,122.32369162471102,296.72360762011954,616.6576108369655
363,FIDS107,u,12,IDS,42.73,130.00000000000256,320.4227945953249,652.4324295859639
364,FIDS107,u,12,IDS,44.18,229.99999999999687,374.11720533787815,663.7085514491092
365,FIDS107,a,12,IDS,53.87,140.00000000000057,547.9702209886538,1044.7697079804084
366,FIDS107,a,12,IDS,59.57,130.00000000000256,627.9480867721691,930.2875974430982
367,FIDS107,i,12,IDS,74.16948532618937,100.51467381062196,309.1523114190207,2113.292593763367
368,FIDS107,i,12,IDS,77.28381833945599,116.18166054401513,301.58632676722544,2042.5319584246984
369,FIDS107,a,12,IDS,82.37,99.99999999999432,710.2541950540453,1174.542325215001
370,FIDS107,a,12,IDS,86.37,239.99999999999488,767.7924097808186,1187.0672263925576
371,FIDS107,a,12,IDS,88.37,189.99999999999773,896.9268825549144,1175.213136956731
372,FIDS107,i,12,IDS,92.40058597615636,99.41402384363585,320.3456106269082,1959.8325629124365
373,FIDS107,i,12,IDS,98.6,60.000000000002274,347.0842618215652,2093.709398338621
374,FIDS107,a,12,IDS,98.96,180.00000000000682,867.4171029417629,1255.5401972078032
375,FIDS107,i,12,IDS,107.42,140.00000000000057,289.2657115452211,2012.5510062629444
376,FIDS107,i,12,IDS,110.26,79.9999999999983,354.81314389794835,2234.0397677021538
377,FIDS107,a,12,IDS,112.14,109.99999999999943,724.1417593190826,1844.9520565274913
378,FIDS107,a,12,IDS,113.58,79.9999999999983,747.7782301227198,1207.353277724454
379,FIDS107,i,12,IDS,116.363261119817,56.45079962000921,379.5508738970938,1849.6070795077453
380,FIDS107,u,12,IDS,121.89,120.00000000000455,343.62939199817583,768.9940353258187
381,FIDS107,u,12,IDS,137.6529466139785,177.05338602152665,326.8955441538542,1113.6339152862602
382,FIDS107,a,12,IDS,150.59,210.00000000000796,775.502144063029,1033.9693574521498
383,FIDS107,u,12,IDS,156.97,99.99999999999432,338.7027977988068,1116.2935725530335
384,FIDS107,a,12,IDS,160.09,150.00000000000568,674.9605354421498,1112.1717219115135
385,FIDS108,i,12,IDS,6.79,110.00000000000031,347.4647036512325,2203.9278047891203
386,FIDS108,u,12,IDS,8.12,260.0000000000016,361.7489575400586,988.6856144382716
387,FIDS108,u,12,IDS,8.82,160.00000000000014,310.7020298274902,706.8593337165362
388,FIDS108,u,12,IDS,9.144637843022236,195.3621569777635,320.60314899003765,751.396970444277
389,FIDS108,i,12,IDS,9.712005021318996,107.99497868100438,301.6209110468154,1850.2439126249794
390,FIDS108,u,12,IDS,17.57618099452047,194.35335237988838,438.273375549716,1358.8098424997431
391,FIDS108,u,12,IDS,23.81,150.00000000000213,331.30371458202745,897.5983872808899
392,FIDS108,u,12,IDS,34.01971934173139,120.28065826861223,292.28808800132515,650.2830977566449
393,FIDS108,u,12,IDS,34.87,160.0000000000037,501.73310232821854,2381.7265968098895
394,FIDS108,a,12,IDS,38.86,70.00000000000028,665.8696731038569,1003.8487940423579
395,FIDS108,a,12,IDS,42.24,149.99999999999858,664.5317322501633,1029.698194269882
396,FIDS108,i,12,IDS,54.59823233067482,134.3932755818429,305.4475488858351,2095.0891962360793
397,FIDS108,i,12,IDS,56.78815828286601,101.84171713399337,278.14114427195057,2057.898862247701
398,FIDS108,a,12,IDS,60.7219837392858,161.27193069820578,570.2526312022982,1085.9036554344552
399,FIDS108,a,12,IDS,61.95,119.99999999999744,743.4438301863031,1061.9669119017858
400,FIDS108,a,12,IDS,64.25,120.00000000000455,771.384590382221,1053.9734029044096
401,FIDS108,i,12,IDS,68.25,120.00000000000455,216.4185811335695,2131.2397996273157
402,FIDS108,i,12,IDS,72.32,70.00000000000739,375.5247938669603,1706.3155208769056
403,FIDS108,i,12,IDS,73.12,69.99999999999318,318.0509632384964,2196.415831358914
404,FIDS108,a,12,IDS,73.42,109.99999999999943,541.7805937360811,1204.1622196924864
405,FIDS108,i,12,IDS,83.27,150.00000000000568,323.21527365093124,2409.232847684712
406,FIDS108,i,12,IDS,85.32,170.0000000000017,368.2891542618908,2417.2049061902867
407,FIDS108,a,12,IDS,87.29,87.55069289949802,646.7828934215441,988.0473669356329
408,FIDS108,a,12,IDS,88.97,95.16223096932208,638.6537236638032,1012.4764231215742
409,FIDS108,i,12,IDS,92.05487135905749,45.128640942508014,472.74590458184076,1462.1490949570511
410,FIDS108,u,12,IDS,95.15407334042406,95.92665957593738,292.9556683282083,790.0625882993638
411,FIDS108,u,12,IDS,114.0672552016329,132.7447983670993,410.1965960406281,1912.79102491728
412,FIDS108,a,12,IDS,133.62,169.9999999999875,720.8539591855067,998.9107510692455
413,FIDS108,u,12,IDS,135.25,135.61161130229493,350.34365848851655,684.4176424075171
414,FIDS108,a,12,IDS,136.93,139.99999999998636,630.6266693976766,1002.7992896952293
415,FIDS108,i,18,IDS,7.864551731611965,97.08552472655629,321.9070229526707,2154.7882740793616
416,FIDS108,u,18,IDS,9.11,173.19961114606917,348.0260347831653,690.2308289065602
417,FIDS108,u,18,IDS,9.942173685348015,67.82631465198463,362.55582180832334,720.2302100272022
418,FIDS108,u,18,IDS,10.19523461474018,129.46828776333064,329.6331188026665,684.6016314379879
420,FIDS108,i,18,IDS,17.47750733836176,82.16256723441973,345.83759580663434,2207.472162964348
421,FIDS108,i,18,IDS,20.65,94.71070446041097,369.17481519952486,2170.64771316106
422,FIDS108,i,18,IDS,22.96,52.249724271639764,317.97258089446814,1935.922194436246
423,FIDS108,u,18,IDS,23.4943415551303,115.65844486969823,441.13910634434296,768.3938504614381
424,FIDS108,u,18,IDS,27.05802376041945,84.65234199909233,375.50462161133237,670.0059358395695
425,FIDS108,a,18,IDS,38.95258593155189,114.5222854101462,648.0633117921799,968.3148762401058
426,FIDS108,a,18,IDS,48.86,149.48747514173277,604.1245730442703,928.4746982914385
427,FIDS108,i,18,IDS,55.86189004729246,99.59099058718124,375.7368374928884,2006.9533818377479
428,FIDS108,i,18,IDS,57.67802230215511,96.271290900944,368.5940317427809,2242.804684176607
429,FIDS108,a,18,IDS,61.6306346329751,109.55008964590007,643.0848812033678,954.700954217685
430,FIDS108,a,18,IDS,63.21,150.57840198470984,687.6791149576629,1019.2340148280422
431,FIDS108,a,18,IDS,64.5162535696806,119.5091887046118,737.7443853314784,1055.7618443941806
432,FIDS108,i,18,IDS,72.25068754615629,99.59099058718834,405.71645595566446,1730.1265318773592
433,FIDS108,i,18,IDS,76.55522481923994,61.41444419542097,337.7724972601556,2259.959867464794
434,FIDS108,a,18,IDS,77.17643153707948,109.55008964590718,575.7495662960906,1016.5853610112575
435,FIDS108,i,18,IDS,83.23853304754694,107.06766864635142,383.22450835559283,2298.534964480049
436,FIDS108,i,18,IDS,84.83441248699982,95.58751300018287,360.94769804570296,2409.8058071785053
437,FIDS108,a,18,IDS,86.6530153896983,94.61144105782182,583.551938406926,993.7760443598711
438,FIDS108,a,18,IDS,87.47,107.20430442259499,569.4205323685218,1037.8008543571045
439,FIDS108,u,18,IDS,92.38707929317708,92.95159121468544,560.6030540591529,922.8169550071389
440,FIDS108,u,18,IDS,108.9522698470081,140.25731174359635,372.24504914358346,674.7922228208143
441,FIDS108,a,18,IDS,116.4372270712296,106.23038995960599,613.7339095559366,1068.5881028473436
442,FIDS108,u,18,IDS,117.99,107.5546106428078,372.0940866849903,697.5539393286372
443,FIDS108,a,18,IDS,120.35,137.65303186040967,566.6072795540249,970.8695247381761
444,FIDS109,i,18,IDS,8.786158035780334,136.10768713581223,375.09051449537407,2604.438581896167
445,FIDS109,u,18,IDS,11.05,242.69210122185925,437.0671271435376,923.3329086397084
446,FIDS109,u,18,IDS,12.81120650059436,178.79349940564106,414.9486882978059,936.1351362308475
447,FIDS109,u,18,IDS,13.21,257.6790745522288,554.9873460319149,1293.3063044814267
448,FIDS109,i,18,IDS,13.91,103.9880447449697,349.2530445106034,2352.519697516491
449,FIDS109,u,18,IDS,24.50417405998489,275.5350739578688,332.9526530197094,728.1391621732038
450,FIDS109,u,18,IDS,28.3202344028805,179.76559711949847,382.81246987396315,782.6513802480785
451,FIDS109,i,18,IDS,28.83064019064384,121.16903854773753,382.7020621901046,1990.7831384812764
452,FIDS109,u,18,IDS,39.37831135828134,170.96453384133525,396.8304193543049,841.2589361947755
453,FIDS109,u,18,IDS,41.12,250.0,293.9598619275075,651.0623112281281
454,FIDS109,a,18,IDS,46.41519154093457,124.80845906542726,725.1158842187,1197.3055820561967
455,FIDS109,a,18,IDS,51.14,189.99999999999773,716.1234213521304,1125.9225355364442
456,FIDS109,i,18,IDS,60.22267053017638,152.70618556701265,286.8090442840345,2485.7222779545978
457,FIDS109,i,18,IDS,62.70719372605259,72.80627394741401,341.9903626849151,2018.6382925237815
458,FIDS109,a,18,IDS,66.71,156.81357141323815,741.9742998335106,1217.274418927659
459,FIDS109,a,18,IDS,68.0270148544701,197.5221313312403,730.2118447696402,1233.3168679119765
460,FIDS109,a,18,IDS,70.04,108.40226482406479,701.3158734814327,1256.6945666972088
461,FIDS109,i,18,IDS,72.17397501807365,73.03339309726198,359.63972934253223,1759.3260286347722
462,FIDS109,i,18,IDS,73.1725950315205,82.99249215598081,285.0484256586707,2344.93231305495
463,FIDS109,i,18,IDS,78.54551314559464,63.074294038557355,382.1256112173629,2379.582532280684
464,FIDS109,i,18,IDS,78.85,57.360411394739685,297.0722098694938,1898.59430658196
465,FIDS109,a,18,IDS,79.15,115.46902300385398,718.2771495749689,1210.4548822095762
466,FIDS109,i,18,IDS,87.18,169.9999999999875,299.28036010437114,2401.2656389470208
467,FIDS109,i,18,IDS,90.02593253041918,80.25795905915345,377.83850587863697,2139.301671891712
468,FIDS109,a,18,IDS,93.17,99.21547781330275,616.0032551596527,1169.2377350965933
469,FIDS109,a,18,IDS,94.54429546471266,105.70453528734447,710.9529915681471,1198.4493432367706
470,FIDS109,i,18,IDS,97.49873286451398,56.91018915103996,448.5625547671215,1757.4810585280202
471,FIDS109,u,18,IDS,101.8,128.08540173820404,339.9156954140653,787.0870850733663
472,FIDS109,u,18,IDS,116.2449809760999,158.32334089060396,361.73701487071605,698.7385666775825
473,FIDS109,a,18,IDS,127.5496535272528,161.24553592790392,657.7770513450815,1171.6613020438274
474,FIDS109,u,18,IDS,129.53,91.13414854419943,390.6557416413153,781.9406051963877
475,FIDS109,a,18,IDS,132.4758939186564,140.81623725840586,612.7873568262286,1174.5222989123752
476,FIDS109,i,9,IDS,6.703926254631694,156.07374536830676,335.8486247903893,2491.9932079038417
477,FIDS109,u,9,IDS,9.28,280.00000000000114,341.12698044212516,1359.5991525576997
478,FIDS109,u,9,IDS,10.69,200.00000000000108,344.87144687957243,852.8593678024762
479,FIDS109,u,9,IDS,11.17,179.99999999999972,521.3808965800372,790.1636848748792
480,FIDS109,i,9,IDS,11.8,89.99999999999986,339.36770372651387,2308.4390001035867
481,FIDS109,u,9,IDS,19.26,449.9999999999993,497.95265369041806,973.0274982295446
482,FIDS109,u,9,IDS,24.06,142.3268951486918,429.5996629408636,1027.9556370466146
483,FIDS109,u,9,IDS,34.89,54.102064617040924,338.19538990480135,719.2870459873398
484,FIDS109,u,9,IDS,36.22,195.2457457592729,469.77730451126257,790.7448054673886
485,FIDS109,a,9,IDS,41.71431572304041,92.50614566290949,689.1012617096391,1179.5398820953455
486,FIDS109,a,9,IDS,45.4,94.4226766816314,759.6355737142675,1183.209532085847
487,FIDS109,i,9,IDS,52.84,109.99999999999943,277.5334191641228,2374.1927577073598
488,FIDS109,i,9,IDS,55.35,90.17752434429127,325.6579420929124,1887.5531364726833
489,FIDS109,a,9,IDS,60.22,120.00000000000455,757.9904178603398,1244.957858623067
490,FIDS109,a,9,IDS,61.98,130.00000000000256,724.3485466082547,1143.1358817745681
491,FIDS109,a,9,IDS,63.46,109.99999999999943,699.5913789954268,1263.5035695774989
492,FIDS109,i,9,IDS,66.91197536562245,125.1606949643218,678.0022104365266,2375.2050998031514
493,FIDS109,i,9,IDS,72.6,50.00000000001137,351.15576844266127,1806.106172251489
494,FIDS109,i,9,IDS,72.86,79.9999999999983,460.9994925091106,1828.4035997372841
495,FIDS109,a,9,IDS,73.15,129.99999999999545,774.1921274731798,1203.0438908284925
496,FIDS109,i,9,IDS,79.96,170.0000000000017,268.1959316709165,2377.659277206515
497,FIDS109,i,9,IDS,82.28,129.99999999999545,311.11690975439456,2328.218761362801
498,FIDS109,a,9,IDS,84.69,100.00000000000853,699.9788147076196,1154.4351017252325
499,FIDS109,a,9,IDS,86.07,100.00000000000853,720.20666524115,1468.4390501252863
500,FIDS109,i,9,IDS,89.04,39.99999999999204,341.3639072668063,1707.909555444314
501,FIDS109,u,9,IDS,93.33,159.9999999999966,289.3012596046497,692.5066738054596
502,FIDS109,u,9,IDS,104.35,200.00000000000284,457.9187701591767,1335.555093242445
503,FIDS109,a,9,IDS,114.47,129.99999999999545,700.5826339779928,1196.0727929765953
504,FIDS109,u,9,IDS,116.29,99.99999999999432,392.37031013908717,848.3880693444605
505,FIDS109,a,9,IDS,118.63,140.00000000000057,692.8512287592969,1144.5235967162184
506,FIDS110,i,15,IDS,8.82,89.99999999999986,293.6997154868676,2034.5782820000113
508,FIDS110,u,15,IDS,11.55067628874796,76.21082421763958,351.5815951962113,876.1833020235583
509,FIDS110,u,15,IDS,11.74,201.67095212542918,376.658472063575,1086.6320461721966
510,FIDS110,i,15,IDS,12.39,80.00000000000007,306.27570428439014,1976.3030526194439
511,FIDS110,u,15,IDS,19.62,111.3331607896697,272.3990456583837,699.5380362891295
512,FIDS110,u,15,IDS,23.60379903408976,111.55497457944819,372.38631669995715,2121.861784411848
513,FIDS110,u,15,IDS,31.16,109.99999999999943,284.97365130583944,641.536212918338
514,FIDS110,u,15,IDS,32.26,90.00000000000341,343.6037956389847,1411.5761294958643
515,FIDS110,a,15,IDS,35.94,120.00000000000455,609.0348730202509,1078.4956148706021
516,FIDS110,a,15,IDS,38.65,133.0917867767809,530.9456444190588,1107.5785224737926
517,FIDS110,i,15,IDS,47.18881549342022,83.78715343182819,308.8736863057892,1956.3766575355837
518,FIDS110,i,15,IDS,49.77170938100842,103.50177776872727,317.73774214539236,2070.9424733916603
519,FIDS110,a,15,IDS,56.86081705593881,128.14505818985822,606.0297139502478,1091.5038248779565
520,FIDS110,a,15,IDS,58.46,119.99999999999744,680.9584429194749,1190.569992055478
521,FIDS110,a,15,IDS,62.07,91.1670750086131,556.8088758048876,1092.28279310582
522,FIDS110,i,15,IDS,64.57521786805518,77.626333326549,327.30094489048463,2219.350474580884
523,FIDS110,i,15,IDS,68.65,45.61347540804661,302.0500405346701,2067.070817731191
524,FIDS110,i,15,IDS,68.90508135898763,56.6795449685884,295.5624227080509,1790.2827984701544
525,FIDS110,a,15,IDS,69.4,99.35500047691903,598.879999737522,1010.572462668739
526,FIDS110,i,15,IDS,78.09367176502643,93.64446560027773,273.3032611181162,2067.381691768638
527,FIDS110,i,15,IDS,79.72271985891827,107.28014108173056,307.7101957366075,2024.2855719783058
528,FIDS110,a,15,IDS,81.5,99.99999999999432,562.8288560657472,981.7457977369909
529,FIDS110,u,15,IDS,85.96,40.00000000000625,413.30249511329464,1359.9070470245833
530,FIDS110,i,15,IDS,86.13079402645998,49.20597354002609,358.8344496141466,1320.4760087390503
531,FIDS110,u,15,IDS,88.8293691841709,88.71580951606006,335.06717463521716,683.2293101806073
532,FIDS110,u,15,IDS,100.92,99.99999999999432,328.6171009178066,1172.3120492279832
533,FIDS110,a,15,IDS,109.55,130.00000000000966,587.5086556273277,1303.2761977690363
534,FIDS110,u,15,IDS,112.5350579592989,104.93828915970482,317.28433923841607,745.7179350360734
535,FIDS110,a,15,IDS,114.71,97.34069745600493,582.7600711842906,999.5746496368889
536,FIDS110,i,9,IDS,5.52,100.00000000000054,288.26287274313415,2025.3771188270043
537,FIDS110,u,9,IDS,7.01,190.0000000000004,295.78949747569976,612.8500774571268
538,FIDS110,u,9,IDS,8.12,129.04604638641715,317.18325096031833,1029.0452312395264
539,FIDS110,u,9,IDS,8.386344312224429,189.1664995990361,356.83494275643807,636.472536302828
540,FIDS110,i,9,IDS,9.21,89.99999999999986,295.5444989599223,1967.7162860848289
542,FIDS110,u,9,IDS,18.21,101.14743565391748,335.1318562749175,1213.2376446443761
543,FIDS110,u,9,IDS,25.68,120.000000000001,314.0848646176962,690.4671736816538
544,FIDS110,u,9,IDS,26.58,140.00000000000057,428.526728807068,2363.1474187872395
545,FIDS110,a,9,IDS,32.54,149.99999999999858,485.8284749696851,1030.7050205936896
546,FIDS110,i,9,IDS,39.79111271119985,90.37800228449555,269.163173729031,1856.7430859917245
547,FIDS110,i,9,IDS,41.99,100.00000000000142,280.20596213890406,1990.1892640701644
548,FIDS110,a,9,IDS,46.54,122.8151630270915,650.6718631496317,1101.6506017553127
549,FIDS110,a,9,IDS,47.95,129.330058664344,606.0227294584591,1173.8122929152655
550,FIDS110,a,9,IDS,49.33,100.00000000000142,631.9075914043073,1188.1357723272895
551,FIDS110,i,9,IDS,52.1,110.75415254617837,309.87680529872506,1930.5118678082158
552,FIDS110,i,9,IDS,56.1,70.00000000000028,308.36015156028986,1954.034056940393
553,FIDS110,i,9,IDS,56.4,90.00000000000341,307.5324319844773,1659.8188101425112
554,FIDS110,a,9,IDS,56.72,79.9999999999983,544.8746239485547,1085.9502557164742
555,FIDS110,i,9,IDS,62.19,140.00000000000057,285.56005020835835,2053.7004783601924
556,FIDS110,i,9,IDS,63.97,99.99999999999432,285.90186502729324,1992.4062594771276
557,FIDS110,a,9,IDS,65.43,94.26469846455632,621.6016115764755,1078.3206973323954
558,FIDS110,a,9,IDS,66.41,111.32513665700117,589.858348543292,1000.2150757799909
559,FIDS110,u,9,IDS,68.88,240.0000000000091,568.3620970219075,821.1476656213429
560,FIDS110,i,9,IDS,69.4946128994857,65.3871005143003,327.9613991046145,1475.1956651490607
561,FIDS110,u,9,IDS,72.46,80.0000000000125,737.1504356641783,2208.747144195017
562,FIDS110,u,9,IDS,81.03,99.99999999999432,289.83347303890525,609.1925279212799
563,FIDS110,a,9,IDS,89.76,89.9999999999892,516.2068199520611,994.712951030757
564,FIDS110,a,9,IDS,93.57,106.46747757161279,640.1266268498475,1049.758027084142
565,FIDS111,i,12,IDS,5.98,185.529020806233,275.26555859683594,2460.9189276365955
566,FIDS111,u,12,IDS,7.409272751765481,327.07397297040063,345.9261851651516,948.5330070344722
567,FIDS111,u,12,IDS,8.19,210.00000000000085,433.9707968623279,1038.6314824128794
568,FIDS111,u,12,IDS,8.71,189.9999999999995,373.29530127080295,671.3877857708787
569,FIDS111,i,12,IDS,9.305588215206074,114.41178479392633,424.78096270678765,2446.5491355040404
570,FIDS111,u,12,IDS,14.74,410.0000000000001,392.26452369156306,919.6694153229229
571,FIDS111,u,12,IDS,17.35,139.3555645981479,416.2697017522785,948.4569073753756
572,FIDS111,u,12,IDS,23.8910856375586,53.51138408693856,487.149229698207,1208.2315657569352
573,FIDS111,u,12,IDS,24.49272714513067,217.27285486933212,400.98078863342784,1488.4832430459146
574,FIDS111,a,12,IDS,27.26,109.99999999999943,706.5740573575039,1244.4911244666632
575,FIDS111,a,12,IDS,29.48,120.000000000001,704.2024185084831,1403.2475673222903
576,FIDS111,i,12,IDS,35.505103932152,104.89606784800287,337.3687753980374,2566.427658595573
577,FIDS111,i,12,IDS,37.32599681650373,104.00318349626758,264.3478525001703,2077.553098923551
578,FIDS111,a,12,IDS,40.43,200.00000000000284,1089.8411608051806,1542.1296533074528
579,FIDS111,a,12,IDS,41.42035198366871,131.60907978139136,1238.709968052895,1450.2586385129623
580,FIDS111,a,12,IDS,42.34,99.99999999999432,1202.0866293474394,1672.0353075160433
581,FIDS111,i,12,IDS,44.52,79.9999999999983,347.3595617313745,2486.4241350162993
582,FIDS111,i,12,IDS,48.56,49.99999999999716,257.84138307431897,2114.136100945534
583,FIDS111,a,12,IDS,48.8,140.00000000000057,864.3228192544743,1392.3674800505603
584,FIDS111,i,12,IDS,53.75,100.44085147841741,466.5527732229534,2463.549223205915
585,FIDS111,i,12,IDS,55.78949458962991,78.0976956944528,300.77249382119095,2537.2095143477472
586,FIDS111,a,12,IDS,56.76,109.99999999999943,756.3196693076801,1304.6703499007874
587,FIDS111,i,12,IDS,58.48015412298555,49.84587701444809,311.73413714220396,1736.9995018426052
588,FIDS111,u,12,IDS,61.05989821655631,111.36152904578722,303.11572664204,702.4614424324434
589,FIDS111,u,12,IDS,70.36066661368622,101.23775367799226,312.8408700989011,1750.5167088119285
590,FIDS111,a,12,IDS,76.60084436135361,249.15563864638557,921.3357707178004,1264.3747854619617
591,FIDS111,u,12,IDS,78.07,150.00000000000568,373.80030029439666,1542.3209838551913
592,FIDS111,a,12,IDS,79.98,200.00000000000284,380.51500958497525,1244.7942031908947
593,FIDS111,i,15,IDS,8.55,129.999999999999,317.8301614169535,2463.3668822286822
594,FIDS111,u,15,IDS,10.20486663896799,285.67843743683954,409.5504489016243,981.3464095788415
595,FIDS111,u,15,IDS,11.01163270646857,163.78897079712118,406.0043396407467,1071.3315312944173
596,FIDS111,u,15,IDS,11.53301828901577,436.98171098423086,452.32814567124814,855.9436800487092
597,FIDS111,i,15,IDS,12.65,99.99999999999964,419.11452408422224,2477.8682169658523
598,FIDS111,u,15,IDS,19.96939327397448,162.96127555613182,455.59205511618575,954.1859705869156
599,FIDS111,u,15,IDS,24.05360058695475,98.80329305372015,364.95156683975796,877.8831490066797
600,FIDS111,u,15,IDS,31.26,129.999999999999,361.83604645696715,816.8067506024793
601,FIDS111,u,15,IDS,32.818787530002,418.31004591576004,374.7874648787089,759.4137908667467
602,FIDS111,a,15,IDS,35.82290548270612,127.09451729388377,1005.2899054737813,1393.449786729827
603,FIDS111,a,15,IDS,38.64,110.12881080230841,620.7343664332666,1209.2763950539425
604,FIDS111,i,15,IDS,45.2637478349589,146.25216504109773,310.442576874205,2668.505775804855
605,FIDS111,i,15,IDS,47.35481771777926,115.18228222073645,373.9658014656497,2401.1517257162664
606,FIDS111,a,15,IDS,50.1,229.99999999999687,905.2914394180242,1559.7679169896005
607,FIDS111,a,15,IDS,52.02,469.99999999999886,789.9691693962629,1130.7196010824523
608,FIDS111,a,15,IDS,53.28162046260702,73.14010005275406,757.4715677614208,1335.3185769625723
609,FIDS111,i,15,IDS,55.15551087428817,64.4891257118303,299.08148515542945,2384.3854137947483
610,FIDS111,i,15,IDS,59.02493137747805,175.06862252195532,1498.2400321732764,2879.1502306829934
611,FIDS111,i,15,IDS,59.45193867775923,68.06132224077288,319.3247701999129,2330.7712928383307
612,FIDS111,i,15,IDS,64.99881496093933,101.36961235382103,269.5000712387865,2550.258613087125
613,FIDS111,i,15,IDS,66.42,103.27362855056776,405.3248162286865,2414.718994765692
614,FIDS111,a,15,IDS,68.5,133.46136771193073,848.5201992241406,1300.7418897422372
615,FIDS111,a,15,IDS,69.63,130.00000000000966,744.310755095332,1163.4379164784905
616,FIDS111,i,15,IDS,70.94,60.000000000002274,452.19580824072625,1831.8927794564113
617,FIDS111,u,15,IDS,73.9165479262582,113.45207374179722,404.0481906817408,732.698322863323
618,FIDS111,u,15,IDS,85.1558306672596,131.0976873054983,421.644399378973,806.0309635682173
619,FIDS111,a,15,IDS,90.86,260.0000000000051,750.266679213168,1158.647014859424
620,FIDS111,u,15,IDS,91.98,179.9999999999926,339.74584203742864,668.5812673680828
621,FIDS111,a,15,IDS,94.0,109.99999999999943,899.5881190690096,1262.648803557807
622,FIDS111,i,9,IDS,5.981536411967533,178.463588032467,248.88788355605794,2235.916768745707
623,FIDS111,u,9,IDS,7.83,220.00000000000063,303.1730654268711,680.8137016030798
624,FIDS111,u,9,IDS,8.64,199.9999999999993,370.4664260093338,1602.2654690989566
625,FIDS111,u,9,IDS,9.09314160926601,213.92420563933888,472.9389265531023,901.9972189983406
626,FIDS111,i,9,IDS,9.68,159.66379043698353,354.2573128495191,2417.612042862865
627,FIDS111,u,9,IDS,16.59136371119467,252.26911042375022,473.3126646438728,585.6438996305893
628,FIDS111,u,9,IDS,20.32,166.43810172805829,291.6180751906418,1451.201926736384
629,FIDS111,u,9,IDS,29.59458706547854,270.4324863742613,444.0052237622966,1423.3586797952787
630,FIDS111,u,9,IDS,31.29399848032764,125.12547877017965,442.6023820108823,1980.555329787644
631,FIDS111,a,9,IDS,35.77927338744772,190.7266125522824,887.5788067187941,1468.6414892923815
632,FIDS111,a,9,IDS,38.84,99.99999999999432,940.7233530691966,1412.8369453455794
633,FIDS111,i,9,IDS,46.02,79.9999999999983,327.5602832683019,2466.1277366482964
634,FIDS111,i,9,IDS,48.58,79.9999999999983,283.04100730094876,2342.401652763179
635,FIDS111,a,9,IDS,51.46,170.0000000000017,900.9553805192963,1466.4458074821373
636,FIDS111,a,9,IDS,53.59509683219647,214.90316780353425,871.2074080494582,1357.9008230883464
637,FIDS111,a,9,IDS,54.52,70.00000000000028,877.3172559262433,1872.519245709678
638,FIDS111,i,9,IDS,56.94284335716922,92.83503263594639,298.55098682854293,2503.4362687368152
639,FIDS111,i,9,IDS,61.44,60.000000000002274,279.4308252133954,2297.5193591427515
640,FIDS111,i,9,IDS,61.82,119.99999999999744,399.1198477665431,2282.683876811085
641,FIDS111,a,9,IDS,62.19,100.00000000000142,721.2740670305519,1368.7837249936574
642,FIDS111,i,9,IDS,67.93,89.9999999999892,317.04304615520863,2424.4106892367417
643,FIDS111,i,9,IDS,69.91819698732118,110.99840858645393,243.34038540640915,2026.2232221735194
644,FIDS111,a,9,IDS,71.46,90.00000000000341,636.4208145311736,1344.568157712034
645,FIDS111,i,9,IDS,72.89,49.99999999999716,455.28155750214296,1862.9378853233818
646,FIDS111,u,9,IDS,75.95,110.91053290114417,328.91538137281,737.7779770543019
647,FIDS111,u,9,IDS,84.81,219.99999999999886,337.7329871934583,1734.855932123989
648,FIDS111,a,9,IDS,92.02,370.00000000000455,772.6075346566494,1209.6927627094217
649,FIDS111,u,9,IDS,94.02,79.9999999999983,312.56218635341764,1020.0670576586032
650,FIDS111,a,9,IDS,95.47,90.00000000000341,722.9701845321305,1232.6734289075332
651,FIDS112,i,15,IDS,3.92,139.9999999999997,285.3225741859347,2183.914673269538
652,FIDS112,u,15,IDS,13.88,179.99999999999972,266.9726420628779,549.8059517238669
653,FIDS112,u,15,IDS,18.61225079957379,137.7492004262102,268.8059711660833,629.3148414819989
654,FIDS112,u,15,IDS,28.52,109.99999999999943,323.0103602941091,915.9901819192031
655,FIDS112,u,15,IDS,29.40550509277828,224.49490722171817,390.7555354727403,1638.7860948224888
656,FIDS112,a,15,IDS,33.73,165.20206892113976,773.821763934429,1202.2878827576133
657,FIDS112,a,15,IDS,44.88,96.30370011434053,787.1418047438866,1201.6324707544343
658,FIDS112,i,15,IDS,52.16,130.00000000000256,354.8894574725803,2437.482128926022
659,FIDS112,i,15,IDS,54.01942260454376,120.24266680253959,304.11455276486237,2291.6117115670154
660,FIDS112,a,15,IDS,58.74,124.03048821677487,724.4850475138205,1225.8081501192044
661,FIDS112,a,15,IDS,60.39,229.99999999999687,556.1474667641254,1403.4290150713964
663,FIDS112,i,15,IDS,65.80212545291445,77.87454708554264,359.0224330911507,1909.427866012384
664,FIDS112,i,15,IDS,70.36,83.80788831111374,348.4699798996524,2221.865615264206
665,FIDS112,i,15,IDS,70.77122275338175,58.77724661824857,341.9107188498204,2145.396372119729
666,FIDS112,a,15,IDS,71.12,129.08299214923602,672.8683945633968,1265.024338935298
667,FIDS112,i,15,IDS,77.21,100.00000000000853,278.025373349501,2084.6402831372798
668,FIDS112,i,15,IDS,78.98566404302468,111.40129424352097,306.00285639650446,2251.029994846122
669,FIDS112,a,15,IDS,83.26,85.61149198342832,656.2042889809684,1094.5429697547002
670,FIDS112,a,15,IDS,84.79,69.99999999999318,557.6410926974743,1106.1864763547349
671,FIDS112,i,15,IDS,86.68,79.9999999999983,474.60459452686916,1231.7730954196302
672,FIDS112,u,15,IDS,92.04947223567387,160.91298057401104,371.12473516885893,1393.2710642247912
673,FIDS112,u,15,IDS,105.09,129.99999999999545,342.6429788713669,854.0340959584777
674,FIDS112,a,15,IDS,115.02,176.35385560529926,771.9222672196665,1224.7281326731118
675,FIDS112,a,15,IDS,122.38,117.76380152440424,1030.8932815595294,1176.8186792408071
676,FIDS116,i,12,IDS,7.412445629081403,97.55437091859687,313.8380675205633,2190.3183731080508
677,FIDS116,u,12,IDS,9.36,172.69888456461223,327.9309191956215,769.1473487867592
678,FIDS116,u,12,IDS,11.10799899334796,132.00100665203962,321.39573801025085,591.5184906259266
679,FIDS116,u,12,IDS,11.46992291122504,230.07708877495858,295.6759773481527,818.9480133774384
680,FIDS116,i,12,IDS,12.44,110.00000000000121,343.90691162241427,2335.436373080729
681,FIDS116,u,12,IDS,20.36,160.00000000000014,343.87019074724697,1357.2865426200594
682,FIDS116,u,12,IDS,28.8320441231479,117.95587685210052,382.9160905275855,1117.9936445556818
683,FIDS116,u,12,IDS,41.6207815650862,133.07324012859567,338.5454443934514,702.6082613398423
684,FIDS116,u,12,IDS,43.1,329.9999999999983,387.00702706287547,862.5254865455457
685,FIDS116,a,12,IDS,47.04,171.54498195532142,580.4954973994375,1038.062527780034
686,FIDS116,a,12,IDS,49.92,170.0000000000017,607.1256410720125,1082.8685574193962
687,FIDS116,i,12,IDS,59.02628395178063,123.71604821937154,288.5699778311304,2152.1022479738276
688,FIDS116,i,12,IDS,61.66,110.00000000000654,298.6034651110006,2161.2579919862083
690,FIDS116,a,12,IDS,70.74,140.00000000000057,644.9911225494228,1100.1818526989973
691,FIDS116,a,12,IDS,72.35,140.00000000000057,620.9053363353917,1216.4992370963666
692,FIDS116,i,12,IDS,78.54196674556333,78.03325443667575,338.83878346926747,1944.135953247777
693,FIDS116,i,12,IDS,86.23134108128126,188.13802914732491,329.0787204593674,2137.15989699595
694,FIDS116,i,12,IDS,87.13,90.00000000000341,331.5647720851413,1916.4965868710349
696,FIDS116,i,12,IDS,98.46345938677716,168.25352200167742,365.3748567159873,2276.8397133123785
697,FIDS116,i,12,IDS,101.04,109.99999999999943,376.6564821677233,2251.6457171540374
698,FIDS116,a,12,IDS,102.69,79.9999999999983,730.0295059180556,1163.9581872710194
699,FIDS116,a,12,IDS,106.21,90.37322904900691,647.430541881167,1149.9675936603933
700,FIDS116,i,12,IDS,108.26,42.783143874387974,455.5662007694016,1499.7728470011346
701,FIDS116,u,12,IDS,112.0610821221513,138.9178778486979,313.2480109209106,809.3293731640991
702,FIDS116,u,12,IDS,134.4496667895086,194.2563390383043,386.02356490648447,1306.662616896548
703,FIDS116,a,12,IDS,145.06,210.00000000000796,644.095223738862,981.0394600169354
704,FIDS116,u,12,IDS,147.22,129.86807256891097,343.69780457166263,818.0112029739953
705,FIDS116,a,12,IDS,149.12,199.99999999998863,616.8777596708036,1086.2913893328075
706,FIDS116,i,15,IDS,7.193322836447355,126.67716355264514,365.6387492292821,2351.8115704197
707,FIDS116,u,15,IDS,9.04,280.00000000000114,324.4440475329594,616.8075345495001
708,FIDS116,u,15,IDS,10.30886277554854,111.13722445145946,327.0175422367708,690.6595815631008
709,FIDS116,u,15,IDS,10.64,139.9999999999988,414.73421901231126,986.8067537506089
710,FIDS116,i,15,IDS,11.24,89.99999999999986,368.31625515060057,2056.179967735334
711,FIDS116,u,15,IDS,18.3,149.2877813983604,329.9122142583024,745.4326754268094
712,FIDS116,u,15,IDS,26.03141743620106,136.20571729147102,342.5305761163,699.9865248289391
713,FIDS116,u,15,IDS,34.78,149.99999999999858,439.38717767851335,973.3476574608492
714,FIDS116,u,15,IDS,35.81,189.99999999999773,304.0309512173965,1022.809968121646
715,FIDS116,a,15,IDS,41.19835734645364,168.63564997991887,719.7892397083716,1165.1944858986392
716,FIDS116,a,15,IDS,42.95,179.99999999999972,649.3948993569296,1063.9093842770624
717,FIDS116,i,15,IDS,62.33409584665981,128.0982341193706,337.33062667477276,2257.1140576358175
718,FIDS116,i,15,IDS,65.56064832011052,119.35167988949047,341.504678921214,2193.9825116165744
719,FIDS116,a,15,IDS,70.54089255827344,168.63564997991887,569.2200154412994,1015.4885524489957
720,FIDS116,a,15,IDS,72.19,129.99999999999545,703.3466417437854,1421.5461625416651
721,FIDS116,a,15,IDS,73.36268103817196,116.74775767839662,866.8102172436934,1148.597847104206
722,FIDS116,i,15,IDS,76.21390671189297,82.69632835553864,330.5844772058207,2044.4072715925704
723,FIDS116,i,15,IDS,82.2490254377639,90.80381152764971,321.3285696721515,2106.0153637376543
724,FIDS116,i,15,IDS,82.62560350950821,84.396490491784,361.181267263986,1994.0342744516677
725,FIDS116,a,15,IDS,83.0437303286941,162.1496634422357,612.7373250364378,1035.9246668009882
726,FIDS116,i,15,IDS,99.73,179.9999999999926,287.48050040090425,1888.3662274154856
727,FIDS116,i,15,IDS,102.58,110.48218212769711,340.94027709608315,2267.5612364120134
728,FIDS116,a,15,IDS,105.73,86.24129587219898,601.4859419674193,1084.127254923436
729,FIDS116,a,15,IDS,107.01,79.9999999999983,617.7118644068435,1146.2294937494398
730,FIDS116,u,15,IDS,109.75,40.00000000000625,401.0372899544779,1010.8104730344046
731,FIDS116,u,15,IDS,113.4152063960425,134.7936039574904,261.01253064703496,821.3265243286639
732,FIDS116,u,15,IDS,128.64,125.02582930480344,371.0673716298489,954.0916815303132
733,FIDS116,a,15,IDS,139.28,220.0891880796121,592.3404727986403,979.0790376293877
734,FIDS116,u,15,IDS,141.24,149.99999999997726,286.57014603221455,691.3009398289931
735,FIDS116,a,15,IDS,143.99,179.9999999999784,543.4851540506556,940.1007865566714
736,FIDS117,i,9,IDS,7.95,110.00000000000031,400.82844699216156,2256.6874446468037
737,FIDS117,u,9,IDS,9.91,156.54756279718995,253.88818202998232,970.3585379451566
738,FIDS117,u,9,IDS,11.2,140.00000000000057,326.8653920916434,1655.6200255935998
739,FIDS117,u,9,IDS,11.47,119.99999999999922,327.7056102591371,1135.5526838406652
740,FIDS117,i,9,IDS,11.97,129.999999999999,339.97170053498263,2169.5621527828043
741,FIDS117,u,9,IDS,22.31,126.80909265976226,302.8612559670582,949.6738951070874
742,FIDS117,u,9,IDS,28.03472503445575,73.24094747215071,352.58792910514785,1458.860742211532
743,FIDS117,u,9,IDS,39.810219463138,149.78053686200354,345.243421744846,1148.1366793962334
744,FIDS117,a,9,IDS,48.31,129.99999999999545,876.7694737284027,1619.0269776432326
745,FIDS117,a,9,IDS,51.82,95.29815544544817,910.0411215128631,1591.7085503812677
746,FIDS117,i,9,IDS,61.73575735888305,174.24264111694754,366.497913770602,2251.8655719032263
747,FIDS117,i,9,IDS,64.42,97.00830899275559,336.51360778472105,2176.469893971311
748,FIDS117,a,9,IDS,69.39832942547716,199.88675247607546,848.4806171561613,1579.0638901238767
749,FIDS117,a,9,IDS,71.02,170.0000000000017,437.21307695609704,933.6908182776549
750,FIDS117,a,9,IDS,72.5,150.00000000000568,866.2914213183574,1189.3032555582647
751,FIDS117,i,9,IDS,77.7325962648124,82.39606590616688,393.33873451460187,2196.0836549807213
752,FIDS117,i,9,IDS,82.98,70.39408312492412,273.8140510963782,2201.800503865681
753,FIDS117,i,9,IDS,83.33,68.2885836176581,343.8669345071702,2009.4439169666416
754,FIDS117,a,9,IDS,83.62,89.9999999999892,448.89300810128225,963.7362062798956
755,FIDS117,i,9,IDS,93.51,119.99999999999034,246.3802861161734,2306.742239766598
756,FIDS117,i,9,IDS,96.99414102312667,85.85897687332533,395.6090964967582,2213.4682024161425
757,FIDS117,a,9,IDS,99.2729410088534,119.80590083284426,585.3472436187463,1160.2163818979134
758,FIDS117,i,9,IDS,102.4356505198776,44.34948012240625,331.75255456948076,1508.9562929780159
759,FIDS117,u,9,IDS,105.77,150.00000000000568,334.8817536843635,1709.7702451530429
760,FIDS117,u,9,IDS,123.16,60.000000000002274,239.95875660366195,1064.189370715408
761,FIDS117,a,9,IDS,132.61,149.99999999997726,629.8016052641551,960.6280075144414
762,FIDS117,u,9,IDS,135.1123609716588,116.01308542668676,306.9415118786364,1684.5159043722695
763,FIDS117,a,9,IDS,138.1,120.00000000000455,627.4193536684539,1216.7694784941887
764,FIDS118,i,12,IDS,6.99,160.00000000000014,286.63432369467387,2104.2241873714243
765,FIDS118,u,12,IDS,9.31,189.9999999999995,337.02582788673357,701.7677947758181
766,FIDS118,u,12,IDS,13.51,160.00000000000014,340.75157600241096,561.1408762934532
767,FIDS118,u,12,IDS,13.9064292927899,163.57070721010024,311.7339111450548,602.0371303891756
768,FIDS118,i,12,IDS,14.49,80.00000000000007,311.5503264306792,2119.126104808387
769,FIDS118,u,12,IDS,26.21702072692516,224.45422116976133,291.720129710061,766.0702755371934
770,FIDS118,u,12,IDS,33.03669114670706,287.18987304951327,370.48468739777735,1393.7894487044728
771,FIDS118,u,12,IDS,48.12,151.73686387310426,298.75434299777135,608.3203725982522
772,FIDS118,a,12,IDS,60.96,162.51412612255223,436.5623712202251,1239.6047030145437
773,FIDS118,a,12,IDS,64.76,249.2177981146284,494.5333652379444,1150.1075494729898
774,FIDS118,i,12,IDS,79.09409894080416,165.9010591958463,296.39104185050127,2297.8787944321543
775,FIDS118,i,12,IDS,82.10154884218113,98.4511578188716,336.659627098119,2405.432756716149
776,FIDS118,a,12,IDS,88.33942210212462,110.13592218888846,378.9332178421597,1226.2897374705562
777,FIDS118,a,12,IDS,90.54656457670704,96.19466621559525,315.2970901452663,1256.4467571832138
778,FIDS118,a,12,IDS,92.86,127.1779435367364,442.64752255803756,1167.674144514619
779,FIDS118,i,12,IDS,96.24725634815344,144.98906212206464,328.5985814525639,2089.7221926362063
780,FIDS118,i,12,IDS,107.09,63.584897274196805,315.15786306552036,1873.5096080402304
781,FIDS118,a,12,IDS,107.46,160.0000000000108,510.06368388279634,1184.2289458011119
782,FIDS118,i,12,IDS,124.094683850427,265.3161495729961,322.15603658408685,2091.4116983037084
783,FIDS118,i,12,IDS,127.6520821113263,127.91788867370713,230.11643167748582,1902.913570750091
784,FIDS118,a,12,IDS,130.3075458357744,82.45416422559515,513.521204531305,1192.6501335742914
785,FIDS118,a,12,IDS,132.25,120.00000000000455,503.5692876144491,807.9362737364505
786,FIDS118,i,12,IDS,134.74,50.8668861758963,377.8203512510418,1477.1007858678684
787,FIDS118,u,12,IDS,141.2818911168136,138.0184341354891,260.8670358790808,462.07874271377085
788,FIDS118,u,12,IDS,163.62,159.9999999999966,363.5665372572503,1803.3531776502753
789,FIDS118,a,12,IDS,175.32,210.00000000000796,467.13065183270453,1112.2983393438672
790,FIDS118,u,12,IDS,177.64,150.00000000000568,320.69277819183276,687.3870214407764
791,FIDS118,u,12,IDS,180.74,139.99999999998636,388.1726012051311,961.9189319175628
792,FIDS118,a,12,IDS,181.47,120.00000000000455,565.1829312033221,1166.738535952236
793,FIDS118,i,15,IDS,8.269786221224772,180.21377877522758,358.17741222198754,2047.2647994530148
794,FIDS118,u,15,IDS,10.19,242.92822222989054,295.2527675542652,811.875508263234
795,FIDS118,u,15,IDS,15.31,259.75681668255925,303.09339752636714,690.9867825580094
796,FIDS118,u,15,IDS,15.79,186.81634380881107,305.17600913272054,611.5950512312445
797,FIDS118,i,15,IDS,16.38,130.00000000000256,300.1060924749576,1489.5988663006922
798,FIDS118,u,15,IDS,26.49,160.00000000000014,289.89634035590444,575.9361661510017
799,FIDS118,u,15,IDS,38.47090438553094,159.0956144690594,313.87595194145354,619.7151964327794
800,FIDS118,u,15,IDS,52.35,149.99999999999858,309.188845090665,647.6567965026893
801,FIDS118,u,15,IDS,53.84,149.99999999999858,373.1406856875146,444.66138807189424
802,FIDS118,a,15,IDS,61.22109682728139,146.8260016668239,512.0850509507219,1085.4719622702535
803,FIDS118,a,15,IDS,66.97,189.1326309282988,530.4194583068847,1089.592133370755
804,FIDS118,i,15,IDS,77.9336268687828,131.6772872091292,382.04248712200916,2153.444949293542
805,FIDS118,i,15,IDS,81.84,119.99999999999034,335.9666403462486,2257.3909130537318
806,FIDS118,a,15,IDS,88.48,140.9831370989707,550.3534194304186,1283.4182195512544
807,FIDS118,a,15,IDS,90.61,170.0000000000017,674.0798879413264,1056.2664674979228
808,FIDS118,i,15,IDS,93.98524494995748,88.56171529112089,373.92053788355236,2028.3113614947492
809,FIDS118,i,15,IDS,100.8,49.99999999999716,369.3711495625213,1931.3557097627609
810,FIDS118,i,15,IDS,101.1720966765051,127.9033234948912,287.15476437852897,2135.31327574497
811,FIDS118,a,15,IDS,101.7049209088612,177.12343058219915,596.1379302873463,1130.927626347
812,FIDS118,i,15,IDS,116.29,219.99999999999886,314.89356898782916,2143.0344257323386
813,FIDS118,i,15,IDS,118.9025135653198,157.48643468020873,314.11632831029044,2115.845822324887
814,FIDS118,a,15,IDS,122.85,100.00000000000853,577.8868318353491,947.3724083075163
815,FIDS118,a,15,IDS,124.58,109.99999999999943,457.90821618330557,784.1985177539666
816,FIDS118,i,15,IDS,128.2309064302432,49.09356975679202,372.13591325257556,1409.8417939437054
817,FIDS118,u,15,IDS,132.4054297302234,95.55342965620639,384.8268442371177,620.3711133633986
818,FIDS118,u,15,IDS,153.89,130.00000000002387,406.8289381265554,2314.9022062961267
819,FIDS118,a,15,IDS,167.34,164.22658095200404,439.98241538286777,1569.090360025206
820,FIDS118,u,15,IDS,170.72,129.99999999999545,322.40305681817335,634.1824423950854
821,FIDS118,u,15,IDS,176.0903849995804,269.6150004196056,380.7444800226969,1213.9741695669695
822,FIDS118,a,15,IDS,177.14,130.00000000002387,592.9378269808375,1200.4415103301985
823,FIDS120,i,12,IDS,6.17,131.9149853583781,244.16132813242083,2206.6997146767817
824,FIDS120,u,12,IDS,7.45,189.9999999999995,400.14347341995324,1128.6927471246618
825,FIDS120,u,12,IDS,8.12,70.00000000000028,364.3342326188558,1130.9187952825432
826,FIDS120,u,12,IDS,8.433181619883351,146.81838011664894,387.87357484738857,696.8168235635186
827,FIDS120,i,12,IDS,8.97,69.99999999999851,274.3128179313789,2292.9631943898275
828,FIDS120,u,12,IDS,14.54,141.9717168908008,462.9477281492299,1451.1438787563523
829,FIDS120,u,12,IDS,21.97018988793256,139.81011206744043,324.0842933863765,548.5480104231779
830,FIDS120,u,12,IDS,29.65517040104281,124.82959895719148,246.2860388066763,699.5068589996749
831,FIDS120,u,12,IDS,30.65611481686314,193.8851831368602,321.29281321127456,813.1310005407526
832,FIDS120,a,12,IDS,34.26,111.75823332631296,658.8066188785457,1072.910005321771
833,FIDS120,a,12,IDS,36.56,140.00000000000057,602.4258711750988,1008.4627329010535
834,FIDS120,i,12,IDS,45.24398559172903,107.34975807674374,267.1738760971084,2307.728303771787
835,FIDS120,i,12,IDS,48.81,89.9999999999963,261.7282716893884,2243.618088641858
837,FIDS120,a,12,IDS,54.33,140.00000000000057,705.9481443081481,1006.7096445513067
838,FIDS120,a,12,IDS,55.58,109.99999999999943,686.8080891448209,1090.0889383760955
839,FIDS120,i,12,IDS,58.07614981668236,73.8501833176386,917.1053652740532,2418.927132390735
840,FIDS120,i,12,IDS,61.95,52.350956764307455,316.82965052583995,2032.0300797034665
841,FIDS120,i,12,IDS,62.22,70.00000000000028,293.08930614875794,2176.995115762599
842,FIDS120,a,12,IDS,62.54,126.48280461139905,840.6693145009649,1097.5915987793674
843,FIDS120,i,12,IDS,68.9137864843862,136.2135156138038,239.06720828168545,2263.6332574758294
844,FIDS120,i,12,IDS,71.00652653810842,123.47346189157804,259.86182689580323,2222.9578900980305
845,FIDS120,a,12,IDS,72.6520091964339,112.5232403936991,753.5497278303258,1123.0401747014778
846,FIDS120,a,12,IDS,74.23,119.99999999999034,545.536234988005,972.920736450251
847,FIDS120,i,12,IDS,76.02881741031979,51.18258968020939,363.0503871772287,1441.9844060742066
848,FIDS120,u,12,IDS,79.17623144845273,83.76855154727991,401.7742614128129,1100.4913363644962
849,FIDS120,u,12,IDS,89.81,140.00000000000057,284.9578044820048,692.387569137083
850,FIDS120,a,12,IDS,97.98,140.00000000000057,727.9967462197421,1078.342999913402
851,FIDS120,u,12,IDS,99.26,99.99999999999432,401.6123720527513,1152.8334997000582
852,FIDS120,u,12,IDS,100.6125207966815,122.87020502760981,400.05343120276,742.6672276262888
853,FIDS120,a,12,IDS,101.3406884327924,128.04368734450122,661.1571950621709,1083.0176807621135
854,FIDS120,i,18,IDS,7.641537941020354,135.70979692227513,249.62179771566923,2067.1581529941086
855,FIDS120,u,18,IDS,9.03,221.00347004453624,301.0356344054761,717.5359234067782
856,FIDS120,u,18,IDS,11.09,160.00000000000014,343.73239139042204,640.728875294281
857,FIDS120,u,18,IDS,11.41110891099668,144.63807303557985,325.4524199186044,525.1371443860255
858,FIDS120,i,18,IDS,11.94084994433616,89.15005566383982,290.7852391512896,2061.5856576536025
859,FIDS120,u,18,IDS,19.27,160.00000000000014,375.0826263680626,1024.7886473038411
860,FIDS120,u,18,IDS,26.94780186520123,101.25084043029986,315.3345869768268,1167.1667772162846
861,FIDS120,u,18,IDS,36.83,130.00000000000256,442.6408419428052,1103.98785635074
862,FIDS120,u,18,IDS,38.25,219.99999999999886,300.57694085783965,685.064203422253
863,FIDS120,a,18,IDS,44.13,99.99999999999432,606.6719007295767,1100.331271236315
864,FIDS120,a,18,IDS,47.64,150.37638335382297,601.2115333898265,1091.743450368551
865,FIDS120,i,18,IDS,69.64435554068115,164.32513446885366,274.91484115464056,2246.80017340592
866,FIDS120,i,18,IDS,72.50294459827853,117.84933886150384,348.07744375534025,2102.37032092435
867,FIDS120,a,18,IDS,106.3061728311319,113.82716886809874,625.819507796763,1152.3015932831504
868,FIDS120,a,18,IDS,107.97,79.9999999999983,689.9196535746696,1168.449087464322
869,FIDS120,a,18,IDS,110.36,147.49903014559607,642.523619589354,1191.1259510467466
870,FIDS120,i,18,IDS,144.9576979319861,102.91069027340427,304.68404932565596,2150.407766887454
871,FIDS120,i,18,IDS,148.92,40.000000000020464,190.59361843681822,1913.7293823865693
872,FIDS120,i,18,IDS,149.2379353535468,72.06464645321375,265.98680301709436,2275.139344461727
873,FIDS120,a,18,IDS,149.5568448952322,121.16903854771977,707.6543791016455,1121.490771947453
874,FIDS120,i,18,IDS,157.3342581908413,135.74180915870215,302.8881370518393,2301.5726699784245
875,FIDS120,i,18,IDS,170.30716173746,122.82888839089878,244.988087697905,2235.0025982671677
876,FIDS120,i,18,IDS,172.9098817901276,101.25084043031052,289.03468358286887,2180.460970990975
877,FIDS120,a,18,IDS,176.08,106.43378474949827,597.8847499511066,1051.0750384567552
878,FIDS120,a,18,IDS,176.75,91.98356623778636,529.0106401287469,951.6376436668675
879,FIDS120,u,18,IDS,178.4254227470987,114.57725290128451,420.46058808734097,827.5666568309933
880,FIDS120,u,18,IDS,183.4754927515819,94.50724841809688,367.2929022285366,829.6143829711407
881,FIDS120,u,18,IDS,231.18,109.99999999998522,375.5930011300405,1815.8301586935781
882,FIDS120,a,18,IDS,240.72,169.9999999999875,628.1755954295585,1074.1929992746589
883,FIDS120,u,18,IDS,242.1830861524441,126.91384755589752,371.44899941948364,772.4964383088858
884,FIDS120,a,18,IDS,244.3780085627076,154.4591767601844,612.3208077373691,1076.5014632991697
885,FIDS120,i,9,IDS,7.531451929982675,158.54807001732496,347.9098800377702,2172.125504719669
886,FIDS120,u,9,IDS,9.05,169.99999999999994,352.5817897804917,813.1342426367297
887,FIDS120,u,9,IDS,10.08,179.99999999999972,277.64185738777905,1213.5681480083372
888,FIDS120,u,9,IDS,10.47,169.99999999999994,331.93714108629285,655.9567207168094
889,FIDS120,i,9,IDS,11.04,160.00000000000014,289.76656389688736,2100.265083634665
890,FIDS120,u,9,IDS,19.08,150.00000000000213,269.6869061060798,698.1012870934343
891,FIDS120,u,9,IDS,24.77,269.82319358041093,326.16971282699063,1124.8889527428257
892,FIDS120,u,9,IDS,36.24,109.99999999999943,407.39831010599136,1196.8283714492654
893,FIDS120,u,9,IDS,37.06,229.99999999999687,417.09013065497857,1292.818102884008
894,FIDS120,a,9,IDS,40.77,99.99999999999432,646.5872456838024,1075.7996878019806
895,FIDS120,a,9,IDS,44.53,129.99999999999545,627.7363810755272,1062.3135377868105
896,FIDS120,i,9,IDS,55.33370298303158,176.29701696841948,272.5607545584934,2336.496027758435
897,FIDS120,i,9,IDS,57.9726711436227,177.32885637730078,232.9596691836681,2339.1267074178504
898,FIDS120,a,9,IDS,63.05,130.00000000000256,776.4829807880482,1233.5115790323557
899,FIDS120,a,9,IDS,65.03,170.0000000000017,772.5289672111206,1296.001870890153
900,FIDS120,a,9,IDS,66.15,129.99999999999545,694.5539076569949,1102.9360846764955
901,FIDS120,i,9,IDS,76.24128732060862,128.7126793913842,285.4943249317822,2208.2821804280807
902,FIDS120,i,9,IDS,81.42268662134632,107.31337865368573,296.1335602396871,2346.463847304266
903,FIDS120,a,9,IDS,81.79269247661728,139.47864701313506,674.8324749077726,1078.3802255289754
904,FIDS120,i,9,IDS,90.29,89.9999999999892,279.5033444780677,2246.77790482436
905,FIDS120,i,9,IDS,92.42803309228718,131.9669077128225,317.8024639554052,2360.7521218390425
906,FIDS120,a,9,IDS,94.38411487565754,129.79262985945184,630.7486296982419,1072.087204520278
907,FIDS120,a,9,IDS,95.3,90.00000000000341,603.1863263203135,1003.9938759043824
908,FIDS120,u,9,IDS,97.0570702131403,122.92978685970013,403.6974869517231,869.4338837844575
909,FIDS120,u,9,IDS,100.0209837205998,107.82999092049295,343.2527053226995,949.3548926566777
910,FIDS120,u,9,IDS,112.73,129.99999999999545,406.0217508286929,887.6457162707745
911,FIDS120,a,9,IDS,124.46,140.00000000000057,714.4637135527262,1070.8932108375839
912,FIDS120,u,9,IDS,126.54,109.99999999999943,322.2742934463485,538.7775344188927
913,FIDS120,a,9,IDS,128.96,179.9999999999784,609.1230376641469,1124.06233770447
914,FIDS121,i,12,IDS,7.01,80.00000000000007,351.22885137316007,1824.108378952342
915,FIDS121,u,12,IDS,9.844124440283302,117.30557572596645,270.17882141869336,821.9116086274973
916,FIDS121,u,12,IDS,10.17909702874523,218.9704080218,414.2235120044737,1114.07820216639
917,FIDS121,i,12,IDS,11.38,59.99999999999872,345.71172013051626,1828.2172027125273
918,FIDS121,u,12,IDS,22.04,115.9590871558116,271.96466170682515,1424.906532389837
919,FIDS121,u,12,IDS,26.88077643102381,79.50711243648811,313.1306202950544,840.2160631540531
920,FIDS121,u,12,IDS,37.46,100.00000000000142,317.82105615905976,835.0351877568913
921,FIDS121,a,12,IDS,48.52,89.9999999999963,527.2459672963848,1190.7948518776773
922,FIDS121,i,12,IDS,63.30145233798488,122.51915686933046,326.7486400495691,2168.224155630468
923,FIDS121,i,12,IDS,66.1186693018311,71.33069816889304,385.99790041771007,2008.7489585958747
924,FIDS121,a,12,IDS,72.41933269482512,95.1478558666139,578.727628306403,1187.6491249996425
925,FIDS121,a,12,IDS,74.66551103356127,114.48896643872786,642.771992495384,1181.766818945328
926,FIDS121,a,12,IDS,75.70259668833393,87.40331166607973,571.3163677048667,1184.8874397742786
927,FIDS121,i,12,IDS,79.478321581368,87.3274841515439,390.5602845665792,1862.5378898529223
928,FIDS121,i,12,IDS,85.35,70.00000000000739,357.6279270073658,1924.5162438140824
929,FIDS121,i,12,IDS,85.67518459704644,64.81540295355614,389.1396301948993,1849.0853756762172
930,FIDS121,a,12,IDS,85.93,106.76552960622132,573.539843843487,1171.7520423133353
931,FIDS121,i,12,IDS,93.97,115.77945497327846,407.4564882256427,1936.5128681722538
932,FIDS121,i,12,IDS,96.38,67.36344719158183,425.8621729378801,2027.1955996248253
933,FIDS121,a,12,IDS,98.82,82.81994427912309,474.42111344060294,1128.363754604928
934,FIDS121,a,12,IDS,100.43,75.9251172537887,579.3205327268256,1240.9625825186652
935,FIDS121,u,12,IDS,106.3760660131966,76.90032186479812,335.0822549796062,801.6986892047355
936,FIDS121,u,12,IDS,119.2,109.99999999999943,335.49414392749105,714.4952773772234
937,FIDS121,a,12,IDS,128.55,125.97767335608978,535.2162735023479,994.878299748548
938,FIDS121,u,12,IDS,130.7850677798954,92.9402908068937,371.09994798648864,802.3149502047066
939,FIDS121,a,12,IDS,133.58,117.48633849919088,535.3137572417861,1112.2824266618522
940,FIDS121,i,15,IDS,9.07151327520388,98.48672479611942,305.4308916751994,2008.258481163042
942,FIDS121,u,15,IDS,12.73401250341991,155.98749658009046,346.78046240834146,710.0095581667906
943,FIDS121,u,15,IDS,13.06,259.9999999999998,329.4840577711142,727.3043377467334
944,FIDS121,i,15,IDS,14.25783396232771,92.16603767228904,386.82246513031834,1900.4728845904228
945,FIDS121,u,15,IDS,21.82050815738954,129.82410800168864,303.4071205566435,1028.5582774275786
946,FIDS121,u,15,IDS,26.03285508983501,97.14491016498883,330.59689843358564,1307.2399066861046
947,FIDS121,u,15,IDS,35.21,96.5389639720513,351.4360491997547,802.6768965277894
948,FIDS121,u,15,IDS,36.14,100.00000000000142,351.5262952978231,755.1452845883547
949,FIDS121,a,15,IDS,40.98,107.08618038594153,515.4759712421921,1168.975824971813
950,FIDS121,a,15,IDS,44.71,102.21266028128184,519.9322605385215,1110.178084409564
951,FIDS121,i,15,IDS,55.1692166350055,92.9821314066217,366.5321274534405,2028.3241908186549
952,FIDS121,i,15,IDS,57.75773136441563,72.26863558436492,335.22535112927295,2103.271579711495
953,FIDS121,a,15,IDS,62.15,128.42637138051316,458.49139195685524,1171.9882830720187
954,FIDS121,a,15,IDS,65.41,90.00000000000341,521.7228401249752,1199.5829144900738
955,FIDS121,i,15,IDS,68.5413203976665,87.71899189304122,342.2058881225238,1978.95452928979
956,FIDS121,i,15,IDS,74.10853790210143,71.46209789857494,414.12589575941877,2142.027891397776
957,FIDS121,i,15,IDS,74.39801057534845,71.989424651548,324.1562890930051,1867.2942095743142
958,FIDS121,a,15,IDS,74.65,107.65844210989428,547.3582267700145,1491.857537002325
959,FIDS121,i,15,IDS,81.63,115.16680827980963,350.7547528845479,2126.916498150659
960,FIDS121,i,15,IDS,84.55581642896661,96.49089108233966,356.98030420518626,1837.2366954514803
961,FIDS121,a,15,IDS,87.03,77.34825613358964,577.239467994859,1195.586643900031
962,FIDS121,a,15,IDS,88.75,79.9999999999983,510.45844163248904,1149.8897249909467
963,FIDS121,u,15,IDS,91.13,270.00000000001023,457.1345905175266,942.473893138031
964,FIDS121,i,15,IDS,92.6,60.000000000002274,380.7791136760578,1537.303494718642
965,FIDS121,u,15,IDS,95.76008931320712,101.75403059592725,352.8886071788641,940.8321784504908
966,FIDS121,u,15,IDS,108.12,104.20331352729306,364.32205963272037,944.9419651059577
967,FIDS121,a,15,IDS,116.77,130.84543356900724,539.4736787354234,1074.631601264155
968,FIDS121,u,15,IDS,118.86,93.15800061679624,349.3080762808119,752.8897100282003
969,FIDS121,a,15,IDS,121.37,109.99999999999943,476.7594527290254,1073.0691427320235
970,FIDS121,i,9,IDS,6.52,90.00000000000074,315.41076898946704,1772.2852063721593
971,FIDS121,u,9,IDS,7.8,150.00000000000034,428.96170614483685,1131.539381620211
972,FIDS121,u,9,IDS,9.230662496973158,139.3375030268409,401.71172401223095,820.7604521487364
973,FIDS121,u,9,IDS,9.51,240.00000000000023,321.82268409025846,750.8427266806797
974,FIDS121,i,9,IDS,10.12,70.00000000000028,364.73204126898344,1805.1842138208729
975,FIDS121,u,9,IDS,17.9175907492036,168.38862219436734,388.6825961949932,1599.399550647529
976,FIDS121,u,9,IDS,21.80138895082408,98.61104917591845,398.2071694082334,893.3094392464792
977,FIDS121,u,9,IDS,29.72,99.87527930831064,332.5770762310757,754.862189552796
978,FIDS121,a,9,IDS,38.57,109.99999999999943,512.4945712597943,971.3661220340603
979,FIDS121,i,9,IDS,46.69465017473723,81.18814236883054,300.53255378340504,1830.8372289175818
980,FIDS121,i,9,IDS,49.76,85.27672679515064,312.71211496094264,1897.0929240708122
981,FIDS121,a,9,IDS,54.31901902706547,93.0280797976053,628.3030597930905,1148.2692367894422
982,FIDS121,a,9,IDS,57.97,130.00000000000256,679.5309871753033,1253.174740616877
983,FIDS121,i,9,IDS,60.58258812577299,82.03385218516956,346.0484267418776,1893.8400247090942
984,FIDS121,i,9,IDS,65.99955435476461,55.81684787856034,278.38842770776097,1906.325136224314
985,FIDS121,a,9,IDS,66.26,79.9999999999983,562.3263471292596,1210.2661611812146
986,FIDS121,i,9,IDS,72.93,112.37419941662097,305.58098939287174,1995.5639519881395
987,FIDS121,i,9,IDS,74.81,94.5591057324009,302.27976465056565,2140.050567197619
988,FIDS121,a,9,IDS,77.00251847323706,59.199687143930646,590.7646146007023,1146.159851854903
989,FIDS121,a,9,IDS,78.56717632058492,82.8236794150854,595.5344547077163,1096.78573332739
990,FIDS121,i,9,IDS,81.08,40.00000000000625,398.18844617505215,1625.6770833550331
991,FIDS121,u,9,IDS,85.33160530489256,98.39469510744436,413.3343558247527,1420.2652956256748
992,FIDS121,u,9,IDS,95.56,69.99999999999318,344.6322825533666,1033.5789008588545
993,FIDS121,a,9,IDS,105.03,137.89366431679184,431.65836780143627,812.838541251153
994,FIDS121,u,9,IDS,106.69,77.98726797420841,300.7618013612491,694.0217029147739
995,FIDS121,a,9,IDS,109.09,112.09793126509737,507.6979117420228,987.2593350971662
996,FIDS123,i,12,IDS,10.08,179.99999999999972,253.89292524560406,2083.1248447293065
997,FIDS123,u,12,IDS,12.68,166.90784784256962,391.65318943417907,817.7326501268407
998,FIDS123,u,12,IDS,14.97706691670034,231.39641718259975,287.28816155299535,823.2559817610133
999,FIDS123,u,12,IDS,15.4,339.9999999999999,410.06377636486764,800.5123037555327
1000,FIDS123,i,12,IDS,16.11,89.99999999999986,323.36729205652637,1887.162224310563
1001,FIDS123,u,12,IDS,24.32,190.00000000000128,319.35624108983495,616.9704244032293
1002,FIDS123,u,12,IDS,30.16799948949527,312.0005105047312,291.98773284598025,1013.4570085452087
1003,FIDS123,u,12,IDS,40.85,289.99999999999915,353.1508652532725,690.2145679505727
1004,FIDS123,u,12,IDS,42.38,202.08192476128772,326.51213338224267,724.8378942313014
1005,FIDS123,a,12,IDS,47.46962436672535,350.37563327465193,601.9102891115931,1103.3657087227039
1006,FIDS123,i,12,IDS,63.12101986563202,151.60454918859756,265.81352212141513,2223.8625668173813
1007,FIDS123,i,12,IDS,65.96796640336407,102.03359663591982,257.771265076409,2258.1238024831655
1008,FIDS123,a,12,IDS,71.2766986675245,143.30133247550236,752.7979142598392,1092.382795525168
1009,FIDS123,a,12,IDS,73.14849629476805,141.50370523195477,835.5391558319291,1223.0688689759788
1010,FIDS123,a,12,IDS,76.46,109.99999999999943,845.3087843751889,1155.1930595416493
1011,FIDS123,i,12,IDS,79.69898184406017,81.0181559398302,318.90899795747737,2541.196944267549
1012,FIDS123,i,12,IDS,85.81,60.000000000002274,353.28730482703287,1816.8658235651978
1013,FIDS123,i,12,IDS,86.08953487947424,52.30800235162292,310.1535061571559,1945.886878413621
1014,FIDS123,a,12,IDS,86.35994985716238,80.0501428376208,734.7664781372353,1155.086211852206
1015,FIDS123,i,12,IDS,96.34689831940052,203.10168059947387,331.5672009601501,2102.2231835392504
1016,FIDS123,a,12,IDS,101.5020925728201,147.90742717990213,572.9590229802982,896.0126071872105
1017,FIDS123,a,12,IDS,102.9568315987726,128.5535651013987,711.8923371220369,1079.3088613311882
1018,FIDS123,i,12,IDS,105.46,49.29344951800374,402.6903338161524,1710.637862079826
1020,FIDS123,u,12,IDS,126.8,184.616283782006,346.60827144691604,616.8229326285308
1021,FIDS123,a,12,IDS,137.93,229.99999999998977,744.1709306476486,1151.7003013604055
1022,FIDS123,a,12,IDS,142.44,140.00000000001478,693.8211976903154,1063.3621565730748
1023,FIDS123,i,18,IDS,7.535600189797154,205.1730017018718,307.47666862052296,2175.935484542393
1024,FIDS123,u,18,IDS,9.75,240.00000000000023,299.06495666610806,675.4391532637003
1025,FIDS123,u,18,IDS,11.19068101117773,165.25880000559923,287.1220089420144,631.5807413226224
1026,FIDS123,u,18,IDS,11.55,449.9999999999993,243.17570772363314,637.486403895196
1027,FIDS123,i,18,IDS,12.37,91.19699160970995,317.18988441472607,1959.1129556476221
1028,FIDS123,u,18,IDS,23.82,239.99999999999844,298.2137319812597,519.1527116874448
1029,FIDS123,u,18,IDS,31.90255364746773,253.9570259973125,298.035430308678,550.4294502271258
1030,FIDS123,u,18,IDS,45.09,220.93406824259887,318.3995136263299,611.0498558164402
1031,FIDS123,u,18,IDS,47.05765204784808,222.34795215192094,309.39592573005126,630.6000126607184
1033,FIDS123,a,18,IDS,58.42019245853867,161.0054347826093,1103.2486106088995,1885.6421913157296
1034,FIDS123,a,18,IDS,63.2684034625725,134.44783729269716,603.5236164125281,1013.2643623892405
1035,FIDS123,i,18,IDS,76.57352812639971,164.32513446885366,305.6351195716834,1908.1706490279048
1036,FIDS123,i,18,IDS,79.53854213357126,126.14858807708629,363.7236066188001,2352.3922939131776
1037,FIDS123,a,18,IDS,90.27164766360208,219.10017929180015,340.77745681872295,1188.7221564619672
1038,FIDS123,a,18,IDS,92.67621260084982,156.025885253257,582.042126656058,1218.3623924696321
1040,FIDS123,a,18,IDS,99.23,79.9999999999983,874.4265821387812,1210.2014716784058
1041,FIDS123,i,18,IDS,105.6464721537402,92.95159121469965,354.958665548353,2235.82983286691
1042,FIDS123,i,18,IDS,107.0873687527989,62.631247201110796,391.3003325224876,2198.465660588677
1043,FIDS123,i,18,IDS,111.817025437021,46.475795607392456,348.02211058198725,2103.919653192349
1044,FIDS123,a,18,IDS,112.12,100.36894889908865,755.7805211550658,1239.381258930518
1045,FIDS123,i,18,IDS,123.25,250.0,296.1491217310194,2258.8720267334247
1046,FIDS123,i,18,IDS,129.6277054852052,92.95159121469965,359.3003178666061,2366.606059346741
1047,FIDS123,a,18,IDS,131.72,92.41931868831443,554.8140060116601,1013.186836089143
1048,FIDS123,a,18,IDS,133.48,78.93279358779637,694.8634963576296,1088.5229624089045
1049,FIDS123,u,18,IDS,136.1369537529916,59.50466896069884,345.7214041597575,989.0364113744
1051,FIDS123,u,18,IDS,156.4572756452932,238.0186758428806,313.3234725444926,569.5932530248596
1052,FIDS123,a,18,IDS,166.3408100221829,308.4005423555993,812.1238373921026,1263.2750000083015
1054,FIDS123,a,18,IDS,171.2,120.64734191710613,665.6674157109497,1075.3405425501596
1055,FIDS123,i,9,IDS,9.26,200.00000000000108,246.33970800029655,2090.3347154321837
1056,FIDS123,u,9,IDS,12.13,146.98702123418883,430.76052811384216,481.41269048329224
1057,FIDS123,u,9,IDS,13.4850644096632,190.04606356496012,642.7530235285218,872.6969259586764
1058,FIDS123,u,9,IDS,13.84,310.0000000000005,393.93997644938025,957.1631787135326
1059,FIDS123,i,9,IDS,14.48,89.99999999999986,296.0330601790275,2171.5903131127807
1060,FIDS123,u,9,IDS,23.58315037306592,216.84962693408139,370.0165529792984,563.4502432812159
1061,FIDS123,u,9,IDS,34.47,297.96160499761015,1360.5620538194153,1539.2740585117915
1062,FIDS123,u,9,IDS,44.67,265.817846851661,300.9673032517958,590.4737215908436
1063,FIDS123,u,9,IDS,45.75,260.92392272173015,529.9355474039708,1464.932071899333
1064,FIDS123,a,9,IDS,50.51,520.0000000000032,554.8450750176985,1086.7658387399865
1065,FIDS123,a,9,IDS,55.85,179.99999999999972,619.5141848298978,1050.3374975662919
1066,FIDS123,i,9,IDS,67.10123792272813,338.76207727186625,306.938892578356,2349.9882803286378
1067,FIDS123,i,9,IDS,70.44370446700671,229.41388785130812,282.8620048784377,2169.3431804388006
1068,FIDS123,a,9,IDS,75.75,150.00000000000568,612.9789840028183,955.1156662015779
1069,FIDS123,a,9,IDS,77.91,180.00000000000682,717.4876549222645,1083.7978397680404
1070,FIDS123,a,9,IDS,79.95,250.0,612.4192492170803,1237.3101233999164
1071,FIDS123,i,9,IDS,86.05403611350495,95.18224978840806,294.7893291992941,2341.60271661986
1072,FIDS123,i,9,IDS,93.39,69.99999999999318,345.5091466893926,2072.8119281418453
1073,FIDS123,i,9,IDS,93.76693209902034,83.06790097965688,350.07492761263546,2446.117150293772
1075,FIDS123,i,9,IDS,103.6761571085617,333.8428914383087,354.66092226652125,2734.2001520737294
1077,FIDS123,a,9,IDS,110.22,120.00000000000455,573.4115405070658,1016.5762296202797
1078,FIDS123,a,9,IDS,111.76,119.99999999999034,633.5203099146381,968.7088869600478
1079,FIDS123,u,9,IDS,120.41,79.9999999999983,355.8736224376841,1489.2620326597892
1080,FIDS123,u,9,IDS,135.17,225.52548587961496,389.00242656584334,888.2500678219685
1081,FIDS123,a,9,IDS,147.23,219.99999999999886,605.3676197152349,1098.5222308423517
1082,FIDS123,u,9,IDS,150.32,122.54928041920721,385.00713510789416,1549.3934411870182
1083,FIDS123,u,9,IDS,152.79,180.00000000000682,410.820624100673,773.4208362168549
1084,FIDS123,a,9,IDS,153.58,109.99999999998522,543.3736329954459,1047.1404277287775
1085,FIDS124,i,9,IDS,8.36,89.99999999999986,307.0848357160272,1955.1630671111434
1086,FIDS124,u,9,IDS,10.3,138.64027526319944,349.66291171240323,978.6074576014652
1087,FIDS124,u,9,IDS,12.67,116.43434091567073,414.3998521609803,878.9893573443736
1088,FIDS124,u,9,IDS,13.0,302.2555106336107,417.23866583555605,900.9799817059119
1089,FIDS124,i,9,IDS,13.71,49.999999999998934,361.04327078585015,1862.417819209152
1090,FIDS124,u,9,IDS,22.17,103.53360354941898,308.2237136070362,757.6804450721511
1091,FIDS124,u,9,IDS,26.39921364084937,49.36764490211942,1416.7207482128222,2151.9064472094187
1092,FIDS124,i,9,IDS,26.76638549980892,83.61450019108219,308.233476302048,2219.7242846619365
1093,FIDS124,u,9,IDS,35.63,279.99999999999403,411.3347160575727,1843.2368611314917
1094,FIDS124,u,9,IDS,37.65484338916969,195.15661083030977,316.28175165550573,782.0433811717132
1095,FIDS124,a,9,IDS,44.6,179.99999999999972,751.9777826509041,1219.7645261639682
1096,FIDS124,a,9,IDS,48.69,120.00000000000455,816.6424274151527,1255.377433260819
1097,FIDS124,i,9,IDS,59.35626135088805,103.7386491119534,310.60743556653614,2031.6573687513699
1098,FIDS124,i,9,IDS,62.96,109.66052375724189,246.99373581361735,1932.5307659168957
1099,FIDS124,a,9,IDS,69.13,92.14854559326113,706.2174884746562,1306.2327047634753
1100,FIDS124,a,9,IDS,71.67,149.99999999999147,748.741530143606,1442.4234401452702
1101,FIDS124,a,9,IDS,78.38,86.49408766309818,573.7109993397315,1512.1365399252302
1102,FIDS124,i,9,IDS,85.84020453525416,106.44898432020966,292.98266931811105,2009.780524437646
1103,FIDS124,i,9,IDS,97.36,40.00000000000625,257.92048274248157,2077.1374775397135
1104,FIDS124,i,9,IDS,97.87,49.99999999999716,277.94087146161394,1940.1573725586748
1105,FIDS124,a,9,IDS,98.15,89.9999999999892,566.7011410180943,1278.2045143797352
1106,FIDS124,i,9,IDS,109.97,189.99999999999773,257.60597829371517,2057.5661203700156
1107,FIDS124,i,9,IDS,112.12,70.5668737696925,327.1485780643789,1983.122123515287
1108,FIDS124,a,9,IDS,113.68,72.55779835709575,626.975335494889,1361.1103675300012
1109,FIDS124,a,9,IDS,114.86,77.29820319890734,628.9530544801613,1340.453229405538
1110,FIDS124,i,9,IDS,116.97,40.00000000000625,361.509272455794,1865.3767701943161
1111,FIDS124,u,9,IDS,133.42,110.00000000001364,296.1362201679887,651.1605751652387
1112,FIDS124,a,9,IDS,169.69,210.00000000000796,765.7061153590087,1238.2389834877113
1113,FIDS124,u,9,IDS,172.12,114.60388993208426,579.2396176263567,2143.856944213486
1114,FIDS124,a,9,IDS,174.44,120.00000000000455,692.9355946648973,1212.4562099704958
1115,FIDS126,i,12,IDS,21.78808363229088,97.10121582249798,256.62747315501974,1964.309253526285
1116,FIDS126,u,12,IDS,23.1018751635549,117.84933886150029,302.42545943760194,775.7501425228389
1117,FIDS126,u,12,IDS,27.59308853088659,124.48873823398188,341.7334249603826,830.709917869094
1118,FIDS126,u,12,IDS,27.87183607963155,127.80843792021912,362.2731690114324,829.7901384256137
1119,FIDS126,i,12,IDS,28.43708159993416,90.46181645001994,310.01964271564884,2141.7381979932943
1120,FIDS126,u,12,IDS,40.31735821311771,139.42738682204947,441.05030221550385,1123.8936023882827
1121,FIDS126,u,12,IDS,54.28952556680213,174.2842335275654,312.7438885023786,631.5793737405966
1122,FIDS126,u,12,IDS,70.83,139.24157851987218,327.0956631271705,947.9320375401741
1123,FIDS126,u,12,IDS,71.78574959454298,112.03986441059044,334.2577033931211,763.9864800506492
1124,FIDS126,a,12,IDS,79.79250203179045,131.9580625280139,671.2704748644458,1266.4360842812525
1125,FIDS126,a,12,IDS,94.48,183.8468351692768,615.3827314095474,1099.6804666411797
1126,FIDS126,i,12,IDS,103.5011635466089,141.08723666520007,256.75994650925117,2154.3502744613347
1127,FIDS126,i,12,IDS,109.575388214264,109.55008964590718,252.56846343273,2185.1048748942035
1128,FIDS126,a,12,IDS,118.1567414055712,140.25731174361056,805.8060208282877,1222.6296539430834
1129,FIDS126,a,12,IDS,121.6070418030618,159.45740003259345,818.6508085927428,1253.2409512100564
1130,FIDS126,a,12,IDS,124.6959368236534,116.65567686600298,629.2113101484821,1146.8037917716965
1131,FIDS126,i,12,IDS,128.3786488762869,132.6014168692211,333.0854998904572,2194.7847523142136
1132,FIDS126,i,12,IDS,138.7663338826842,57.06896422211116,381.192247746515,2014.8330325071774
1133,FIDS126,u,12,IDS,141.8891351458477,102.38843581041124,524.7520054006204,1551.3367831147507
1134,FIDS126,i,12,IDS,152.857392740933,60.42596211761975,290.37582172590857,2007.465731950032
1135,FIDS126,i,12,IDS,153.1873988730491,60.42596211761975,311.5872083296141,2025.0336905459633
1136,FIDS126,a,12,IDS,153.4970373619725,84.76419685950987,683.0549452147599,1272.9052069442178
1137,FIDS126,i,12,IDS,182.3634681841749,159.45740003260767,355.0247991010129,2035.6686034498525
1138,FIDS126,i,12,IDS,184.148286108441,144.35090950320273,684.8706274492879,2182.475548108489
1139,FIDS126,a,12,IDS,187.49,76.25266099668693,774.4921290184664,1164.4304386688348
1140,FIDS126,a,12,IDS,198.5467599060732,100.70993686269958,628.6871941945201,1218.4460350100476
1141,FIDS126,i,12,IDS,201.0249263139983,93.9959410717961,486.0084477961152,1611.275041501348
1142,FIDS126,u,12,IDS,206.5641253928122,120.85192423521107,396.3243384118713,1147.0043261236776
1143,FIDS126,u,12,IDS,218.8727126758608,216.52636425477567,357.0255051803737,707.913613140123
1144,FIDS126,a,12,IDS,234.29,195.647501113001,669.1776205416854,1183.3101666573061
1145,FIDS126,u,12,IDS,235.69,157.04250852931523,335.6805312238041,1481.3485115118033
1146,FIDS126,a,12,IDS,237.5968874358667,120.01267476139788,617.1636922229011,1184.4094661918234
1147,FIDS126,i,15,IDS,12.2,120.000000000001,300.09045131879725,2140.1314283806537
1148,FIDS126,u,15,IDS,14.3,209.9999999999991,456.949386918646,1401.7031318842417
1149,FIDS126,u,15,IDS,15.57321391333829,136.78608666171144,271.65136652360553,718.6939822653794
1150,FIDS126,u,15,IDS,15.85,114.18052245127086,295.0191402655232,856.5242528438885
1151,FIDS126,i,15,IDS,16.37036991894532,99.63008105468063,337.1429807206519,2232.022072190146
1152,FIDS126,i,15,IDS,17.88,80.00000000000185,357.8641054388278,2145.0089371564536
1153,FIDS126,u,15,IDS,26.26691248616688,156.55887531822898,336.83930699338424,866.5954786437371
1154,FIDS126,u,15,IDS,33.54780129880674,82.19870119326345,350.229170486727,1018.5977098171622
1155,FIDS126,u,15,IDS,48.16253211493129,106.09775021566037,371.8880811944724,855.9115874047317
1156,FIDS126,u,15,IDS,48.89,200.00000000000284,453.2808284804751,702.3274812726017
1157,FIDS126,a,15,IDS,52.68663078350869,163.02825033137225,640.8701298684329,1317.2892269497686
1158,FIDS126,a,15,IDS,58.65,130.00000000000256,722.1445627799127,1311.2244914455773
1159,FIDS126,i,15,IDS,66.51663260301369,95.7467501946212,330.7983150526119,1923.2110800866394
1160,FIDS126,i,15,IDS,71.8,108.87569367910999,303.3838712844817,2127.7948788866092
1161,FIDS126,a,15,IDS,78.76,140.00000000000057,651.16005693444,1368.935987022846
1162,FIDS126,a,15,IDS,82.41,90.00000000000341,570.9156415184162,1123.7716682645782
1163,FIDS126,i,15,IDS,87.15644872000716,89.27737518148149,329.22226029642815,2041.9209323604741
1164,FIDS126,i,15,IDS,92.08,70.00000000000739,358.2158774222307,1505.968772305322
1165,FIDS126,i,15,IDS,92.42745029747668,82.54970252332328,366.23984603412134,2261.5857388922973
1166,FIDS126,i,15,IDS,102.2815987022613,128.4012977386908,329.87825113012184,2162.9917865941097
1167,FIDS126,i,15,IDS,104.44,109.99999999999943,310.173436166142,2111.85519936166
1168,FIDS126,a,15,IDS,106.69,79.9999999999983,693.6792790215641,1193.8176306492182
1169,FIDS126,a,15,IDS,108.73,79.9999999999983,638.9350629951482,1217.7455940169568
1170,FIDS126,i,15,IDS,110.5842993496513,45.70065034869231,407.67877586511565,1532.9846140431305
1171,FIDS126,u,15,IDS,114.954722275635,94.45287519199042,322.84683031867,783.1818655711701
1172,FIDS126,u,15,IDS,125.0955201655647,126.79975025770318,295.7509452000841,706.6136336761366
1173,FIDS126,a,15,IDS,134.47,150.00000000000568,643.1273700157101,1141.5141719138246
1174,FIDS126,u,15,IDS,135.9881884360091,98.33450019991119,326.3997385731968,612.178025981072
1175,FIDS126,a,15,IDS,138.28,129.99999999999545,654.2132613380124,1283.0093098392204
1176,FIDS126,i,18,IDS,9.27114436841664,199.18198117435892,324.3079938456446,1784.8881789441023
1177,FIDS126,i,18,IDS,15.1991875,99.5560567010294,326.0539511893506,2023.3375647823168
1178,FIDS126,u,18,IDS,17.0,189.70639217290142,344.4107129564752,769.1469247852748
1179,FIDS126,u,18,IDS,17.96555515674036,94.44484325963742,442.0128091063648,890.3651842090699
1180,FIDS126,u,18,IDS,18.21982587334727,160.17412665273056,427.9375202220523,913.2898672969413
1181,FIDS126,i,18,IDS,18.80189312177847,109.55008964590007,323.21859593609673,1978.0166423707897
1182,FIDS126,u,18,IDS,29.13,190.00000000000128,324.1386208474032,759.8050896474797
1183,FIDS126,u,18,IDS,37.53964980319923,128.63836284176955,318.8996820889086,798.8691194202445
1184,FIDS126,u,18,IDS,57.6349421750356,134.43312976244215,405.62214540070903,1303.0248151053152
1185,FIDS126,u,18,IDS,58.48,130.00000000000256,415.29482855699854,792.3995751122358
1186,FIDS126,a,18,IDS,65.06513001120747,209.1410802330671,657.8052948917187,1329.1804776912966
1187,FIDS126,a,18,IDS,73.72,111.86855670068496,602.9578032754764,1357.3142772670822
1188,FIDS126,i,18,IDS,88.3283767088739,137.7675369789273,314.6965939300269,2148.6044986757806
1189,FIDS126,i,18,IDS,90.18034023419882,102.91069027341848,343.88904883680215,2173.264765312719
1191,FIDS126,a,18,IDS,99.48,128.5489270491098,672.9225023737094,1345.6506733092397
1192,FIDS126,a,18,IDS,112.3850112057351,131.12813760639597,606.66133821273,1271.1387295843374
1193,FIDS126,i,18,IDS,115.7207356566538,127.80843792019425,334.31102441610324,2035.6256275064081
1194,FIDS126,i,18,IDS,119.86,86.01718961649851,367.2932296576876,2154.663361479613
1195,FIDS126,i,18,IDS,120.1938039276082,63.07429403859999,383.75532429251865,2018.417438056243
1196,FIDS126,a,18,IDS,120.4845913407637,75.40865923630236,592.4049656066212,1228.0669455569528
1197,FIDS126,i,18,IDS,131.9512410354079,155.19596033172434,327.0090814822761,2160.2717235762216
1198,FIDS126,i,18,IDS,135.3371102504468,169.30468399817755,340.95913432918456,2348.8046698931203
1199,FIDS126,i,18,IDS,138.01,129.99999999999545,351.4947394305148,2353.5307131793943
1200,FIDS126,a,18,IDS,144.78,90.54382844078646,680.5425093800854,1174.5952158376135
1201,FIDS126,a,18,IDS,146.0216040312649,119.50918870459759,608.6146034027764,1130.8120184928168
1202,FIDS126,i,18,IDS,148.8370131807499,63.0742940386142,475.6242570949064,1644.7221689441126
1203,FIDS126,a,18,IDS,150.5302446352549,102.91069027351796,616.6080410345829,1170.7576346278115
1204,FIDS126,i,18,IDS,159.61,39.99999999999204,458.32790532534835,1532.1445325804802
1205,FIDS126,u,18,IDS,163.573303661479,102.91069027348954,280.02358693156367,676.6128558407441
1206,FIDS126,u,18,IDS,173.74,116.1314292979796,325.84803812592713,773.8550824096365
1207,FIDS126,a,18,IDS,186.581077221546,144.40693635140178,708.5313988573773,1204.0783752358716
1208,FIDS126,u,18,IDS,187.7788415368756,92.95159121469965,301.28083755877736,744.3767374525801
1209,FIDS126,a,18,IDS,190.3037098694625,139.42738682200684,646.9014644252608,1196.66807083339
1210,FIDS126,i,9,IDS,13.35,89.99999999999986,370.07672499131314,2015.9235251759123
1211,FIDS126,u,9,IDS,14.54,200.00000000000108,347.15458327005524,791.528211688905
1212,FIDS126,u,9,IDS,16.48,149.99999999999858,320.24745428131484,676.9740490524996
1213,FIDS126,u,9,IDS,16.77176092692891,108.23907307108982,346.2790195260543,825.29077057771
1214,FIDS126,i,9,IDS,17.32,70.00000000000028,350.2325245971105,2256.494284113268
1215,FIDS126,u,9,IDS,25.09,126.33302104559974,340.02559739648814,707.9148586124987
1216,FIDS126,u,9,IDS,30.08,140.00000000000057,375.76941395960296,1154.1092319324275
1217,FIDS126,u,9,IDS,41.39,149.99999999999858,375.823491225465,505.3046196706229
1218,FIDS126,u,9,IDS,42.23,170.0000000000017,320.53363513712515,561.0615322203305
1219,FIDS126,a,9,IDS,47.27,126.05179193213445,692.3557874930316,1393.3419049154531
1220,FIDS126,a,9,IDS,53.37,90.00000000000341,589.8528411906645,1177.9287139711196
1221,FIDS126,i,9,IDS,64.98472489150683,115.84202155474088,344.02023444734294,2219.98478449168
1222,FIDS126,i,9,IDS,71.69,120.00000000000455,330.6366920728943,2298.784970372657
1223,FIDS126,a,9,IDS,74.48026525151909,119.64012062209406,621.5252238156147,1243.0654281035067
1224,FIDS126,a,9,IDS,77.55,109.99999999999943,610.0334385361583,1309.6600135920883
1225,FIDS126,a,9,IDS,78.48,129.99999999999545,570.5319041365891,1245.3950790626895
1226,FIDS126,i,9,IDS,80.70695917895375,103.04082104624968,348.4874390752118,2041.6638319766091
1227,FIDS126,i,9,IDS,87.74,50.00000000001137,361.5942406317151,2132.7924492005745
1228,FIDS126,i,9,IDS,88.04,89.9999999999892,355.2084543544245,2372.502440842468
1229,FIDS126,a,9,IDS,88.34,109.99999999999943,577.4605840434434,1105.4608383373045
1230,FIDS126,i,9,IDS,106.9960250295604,134.83251689150677,297.46258449048753,2167.55815954405
1231,FIDS126,i,9,IDS,109.94,131.05633437730546,388.65722922256896,2261.3635691899526
1232,FIDS126,a,9,IDS,111.84,144.41412371868978,610.1351805938759,1071.409697068694
1233,FIDS126,a,9,IDS,113.9860310252059,112.04392248740191,585.2280994100743,1056.2559648617867
1234,FIDS126,i,9,IDS,116.22,59.765328905001525,417.4681687289737,1399.27540615588
1235,FIDS126,u,9,IDS,119.5125267048456,137.47329515440754,334.58910705447215,784.0742394418468
1236,FIDS126,u,9,IDS,132.95,130.00000000002387,356.8223855861862,756.6320928827672
1237,FIDS126,a,9,IDS,142.37,159.9999999999966,593.5541535380024,1151.4732711132194
1238,FIDS126,u,9,IDS,144.16,90.00000000000341,407.22103314875034,765.4354818177621
1239,FIDS126,a,9,IDS,147.82,129.99999999999545,555.0218128148009,1103.166333323949
1240,FIDS127,i,12,IDS,7.195184602655806,144.81539734419346,328.8822163621553,2094.8158837532274
1241,FIDS127,u,12,IDS,8.89,222.7511286166095,372.7791210954603,677.8972751593521
1242,FIDS127,i,12,IDS,12.15646984749721,93.53015250279029,319.3292742567828,2148.1828712415336
1244,FIDS127,u,12,IDS,15.68,150.00000000000034,384.6102254939073,948.9276507990498
1245,FIDS127,u,12,IDS,16.08,209.7253920965727,388.04565016517995,1078.3310477914695
1246,FIDS127,i,12,IDS,17.39018475844259,149.815241557409,286.15597893867584,2192.890708081845
1247,FIDS127,u,12,IDS,33.42,179.99999999999972,365.3969792886184,676.8257419986688
1248,FIDS127,u,12,IDS,47.10278405482252,135.75976635534204,401.42896820275064,2398.7834188786883
1249,FIDS127,u,12,IDS,83.37,189.99999999999773,380.4151477868681,1322.0421451021464
1250,FIDS127,u,12,IDS,84.65,169.9999999999875,382.64645589379825,1065.4228436288117
1251,FIDS127,a,12,IDS,123.03,132.91451522950126,754.0284028259166,1210.599804968762
1252,FIDS127,i,12,IDS,147.96,79.99999999998408,351.3884810951485,2063.5438724272476
1253,FIDS127,i,12,IDS,151.0113064395326,128.6935604673829,333.04088445698983,2462.708760823674
1254,FIDS127,a,12,IDS,156.73,150.00000000000568,652.5159690290034,1131.3564808472256
1255,FIDS127,a,12,IDS,158.02,139.99999999998636,896.7831889756619,1274.3933693597241
1256,FIDS127,a,12,IDS,159.46,169.9999999999875,659.3369647337659,1162.577003175003
1257,FIDS127,i,9,IDS,7.51,129.9999999999999,236.55589170027616,2170.445347616803
1258,FIDS127,u,9,IDS,9.33,179.99999999999972,310.4831605580949,721.1201685411529
1259,FIDS127,u,9,IDS,10.76,400.00000000000034,332.6503746448911,895.5744578118881
1260,FIDS127,u,9,IDS,11.5089612919816,251.03870801840065,504.8068663712907,971.4683231037538
1261,FIDS127,i,9,IDS,12.29,150.00000000000034,271.6289659312514,2120.1156586134116
1262,FIDS127,u,9,IDS,24.71969983554556,180.3001644544402,313.66744722874193,799.9923404541044
1263,FIDS127,u,9,IDS,29.85,139.99999999999702,326.25431767147575,732.9020456652777
1264,FIDS127,u,9,IDS,51.5,119.99999999999744,286.9651071469418,728.1490565577031
1265,FIDS127,u,9,IDS,52.55,240.000000000002,502.5414045198178,2042.575062561622
1266,FIDS127,a,9,IDS,57.35,119.99999999999744,591.5081435518804,1149.5826154474046
1267,FIDS127,a,9,IDS,60.19,150.00000000000568,646.3283878366235,1127.9873929663559
1268,FIDS127,i,9,IDS,70.83789601997016,122.10398002983425,308.4663831511127,2078.871494380418
1269,FIDS127,i,9,IDS,74.83,159.9999999999966,244.70878561902754,1922.5476066689237
1270,FIDS127,a,9,IDS,81.29,159.9999999999966,677.2181265558909,1168.1673569882655
1271,FIDS127,a,9,IDS,84.64,189.99999999999773,678.2055044017668,1109.1299608042268
1272,FIDS127,a,9,IDS,85.88,180.00000000000682,677.4081385583872,1128.6588682440465
1273,FIDS127,i,9,IDS,88.34692330653067,113.07669346932414,299.49559988546423,2047.8775785158305
1274,FIDS127,i,9,IDS,97.94,70.00000000000739,276.0729458045216,2105.7209468226147
1275,FIDS127,i,9,IDS,98.37,109.99999999999943,296.50811840054877,2052.558623652726
1276,FIDS127,a,9,IDS,98.76,109.99999999999943,589.5417188520037,1132.198793063656
1277,FIDS127,i,9,IDS,114.39,170.0000000000017,265.60001082852864,2304.064352197383
1278,FIDS127,i,9,IDS,118.27,189.99999999999773,258.67713722515305,2170.4938709657763
1279,FIDS127,a,9,IDS,120.36,120.00000000000455,548.1717800600431,1106.9548960008012
1280,FIDS127,a,9,IDS,124.1,109.99999999999943,626.0644823018501,1037.5388970469205
1281,FIDS127,i,9,IDS,126.64,77.74447724459321,418.7034157244324,1917.3932410916495
1282,FIDS127,u,9,IDS,131.0491750669484,201.57923937478017,427.27289667305314,1773.4971318783225
1283,FIDS127,u,9,IDS,151.07,180.00000000000682,398.0086665676981,1616.9821150876999
1284,FIDS127,a,9,IDS,163.8906841547834,191.76641315939946,605.5628890644377,1104.0423462019319
1285,FIDS127,u,9,IDS,167.24,138.45912693210494,340.68016156544854,574.8091672881885
1286,FIDS127,u,9,IDS,175.78,139.99999999998636,413.1283471372517,839.7324062540479
1287,FIDS127,a,9,IDS,176.71,169.9999999999875,646.5087958457357,1069.9285675826611
1288,FIDS128,i,12,IDS,8.98,150.00000000000034,329.20770817093916,1670.5670013926958
1289,FIDS128,u,12,IDS,11.13,157.94100525230982,329.41714987474126,748.174476861519
1290,FIDS128,u,12,IDS,12.91,230.00000000000043,274.17866631347675,690.9489485803084
1291,FIDS128,u,12,IDS,13.48148097683085,378.5190231691491,354.15591563165935,724.3148635771929
1292,FIDS128,i,12,IDS,14.51,109.99999999999943,346.66895519391306,2023.9629073755339
1293,FIDS128,u,12,IDS,24.38,199.9999999999993,286.54193369774913,619.8131373550876
1294,FIDS128,u,12,IDS,31.97511297716792,244.88702283207786,318.18697620396705,675.7867775825921
1295,FIDS128,u,12,IDS,45.58021074973838,219.78925026161988,356.7056652280463,725.2364929659184
1296,FIDS128,u,12,IDS,47.67090202379808,189.09797620192137,322.07295374316317,606.4782828542996
1297,FIDS128,a,12,IDS,54.86,149.99999999999858,643.1577075360403,1168.0341354283323
1298,FIDS128,a,12,IDS,59.33,120.00000000000455,686.1824622311276,1108.332192805942
1299,FIDS128,i,12,IDS,71.26971285249378,190.28714750621134,308.02255874944296,2265.763256190511
1300,FIDS128,i,12,IDS,74.47,129.99999999999545,294.29117374995076,2227.212215974602
1301,FIDS128,a,12,IDS,80.36,130.1573874736306,600.0794012897296,1149.883054110334
1302,FIDS128,a,12,IDS,82.52,160.0000000000108,485.88238126463193,1085.85970976777
1303,FIDS128,a,12,IDS,84.28,120.29953951663686,723.100040416715,1726.5306680613232
1304,FIDS128,i,12,IDS,89.66023930352637,102.99354586285858,318.593846036311,2203.789800720733
1305,FIDS128,i,12,IDS,94.95080113487452,57.484769783911815,646.0185343432511,1030.1193876372736
1306,FIDS128,i,12,IDS,95.32,100.00000000000853,291.05577491338477,1958.8449694479505
1307,FIDS128,a,12,IDS,95.74,100.00000000000853,778.8058147629258,1084.8047790482706
1308,FIDS128,i,12,IDS,109.89,209.99999999999375,340.5851691714934,2131.4205104891653
1309,FIDS128,i,12,IDS,113.0469124535462,233.08754645380247,243.00193479338677,1837.0904245443705
1310,FIDS128,a,12,IDS,115.55,100.00000000000853,693.0880300435465,1157.1002489643136
1311,FIDS128,a,12,IDS,118.71,99.97482058051332,556.4346401022196,1092.5690246740123
1312,FIDS128,u,12,IDS,121.948343485045,191.65651495499958,529.0658240366695,810.5372262188372
1313,FIDS128,i,12,IDS,122.6333703249701,69.46076348890529,483.1665845917727,1586.8103447052406
1314,FIDS128,u,12,IDS,151.26,240.0000000000091,352.4139128746923,1472.5128135112923
1315,FIDS128,a,12,IDS,167.37,169.9999999999875,588.787251465493,1258.067858005564
1316,FIDS128,u,12,IDS,171.22,113.8840242890069,328.9837127115396,585.87462701181
1317,FIDS128,u,12,IDS,174.6966241192823,233.3758807177162,421.79041838022715,674.958306459438
1318,FIDS128,a,12,IDS,175.92,130.00000000002387,570.569414129221,1201.1097036366723
1319,FIDS128,i,9,IDS,11.61,150.00000000000034,287.9992695273291,2181.4869083783733
1320,FIDS128,u,9,IDS,14.52657770479967,143.42229520032924,336.39549280957675,716.6600863240815
1321,FIDS128,u,9,IDS,16.27587465876086,130.5606667493393,315.5761613356627,1032.8393960789035
1322,FIDS128,u,9,IDS,16.59,225.52541465812936,382.8114281264253,857.9707849442397
1323,FIDS128,i,9,IDS,17.5,109.99999999999943,432.95993998630945,2037.4604047362952
1324,FIDS128,u,9,IDS,26.65,140.00000000000057,335.4235011028739,678.1863270043092
1325,FIDS128,u,9,IDS,32.75924649207685,190.75350792315504,335.2305954963519,704.0568580098751
1326,FIDS128,u,9,IDS,44.04,170.0000000000017,358.08706623468515,812.1954343495022
1327,FIDS128,u,9,IDS,45.52,179.99999999999972,411.99402032280597,1029.8317170368741
1328,FIDS128,a,9,IDS,50.87,150.00000000000568,515.86632404838,1089.1063699733409
1329,FIDS128,a,9,IDS,54.29,149.99999999999858,699.364422883468,1114.1521762500558
1330,FIDS128,i,9,IDS,66.05,219.99999999999886,324.8945533555285,1956.698339205622
1331,FIDS128,i,9,IDS,68.3918238035662,104.44853339947713,252.4191088154544,1974.7264201925823
1332,FIDS128,a,9,IDS,73.32656636786497,123.43363213503267,622.380861610155,1206.0264053545866
1333,FIDS128,a,9,IDS,75.35,150.00000000000568,633.7989776541807,1122.8505648021635
1334,FIDS128,a,9,IDS,77.5,99.99999999999432,572.1236019091828,1485.7647405314024
1335,FIDS128,i,9,IDS,81.99268162630706,118.59260563065277,301.04018669532314,2140.25020151986
1336,FIDS128,i,9,IDS,87.96,80.0000000000125,346.3950127953955,1743.9300215934452
1337,FIDS128,i,9,IDS,88.34893267703634,81.06732296366204,356.02621352996243,2107.837327325889
1338,FIDS128,a,9,IDS,88.71,100.00000000000853,658.4369880488883,1164.5489581588279
1339,FIDS128,i,9,IDS,111.16,177.31406675970618,329.1002154119144,2114.7781394280614
1340,FIDS128,i,9,IDS,113.81,129.99999999999545,299.6972824345478,1846.8854675982043
1341,FIDS128,a,9,IDS,116.14,120.9415477389939,577.5413558084464,1087.4098608245656
1342,FIDS128,a,9,IDS,117.53,90.00000000000341,652.876162429911,1091.6063325691023
1343,FIDS128,i,9,IDS,120.29,42.15821547089149,409.2653041460478,1090.9160032340376
1344,FIDS128,u,9,IDS,124.4563591799083,93.64082009169294,274.9289146796839,667.0630043066202
1345,FIDS128,u,9,IDS,141.52,179.9999999999784,300.1321696886188,704.2807990979188
1346,FIDS128,a,9,IDS,152.65,156.91596374850292,635.8213022635953,1130.2797325561908
1347,FIDS128,u,9,IDS,154.63,110.00000000001364,288.15370177027296,727.1348963107675
1348,FIDS128,a,9,IDS,159.01,144.3517643459984,546.3772612478051,1073.4971209606144
1349,FIDS130,i,12,IDS,8.801409378773458,138.5906212265411,368.66691627186145,2186.93166344774
1350,FIDS130,u,12,IDS,10.46,149.99999999999858,364.55804036702455,670.4699433880115
1351,FIDS130,u,12,IDS,11.8,119.99999999999922,371.3314416562179,1026.0896515493268
1352,FIDS130,u,12,IDS,12.15745918430129,252.5408156987101,354.4365653902113,688.8616292700352
1353,FIDS130,i,12,IDS,12.83,99.99999999999964,339.3227470683945,2187.587192581378
1354,FIDS130,u,12,IDS,21.62224609831707,177.75390168293015,325.2311196474807,677.9654245097547
1355,FIDS130,u,12,IDS,25.49707855293092,200.85684054419062,318.4344224908774,915.9581189387969
1356,FIDS130,u,12,IDS,36.27282525331845,147.64973046625585,363.2308656207001,696.4612339797243
1357,FIDS130,u,12,IDS,37.96,177.13898450067944,440.2939718591259,1008.209908465597
1358,FIDS130,a,12,IDS,44.58,109.99999999999943,454.6151995350632,1338.356665123785
1359,FIDS130,a,12,IDS,49.23,130.00000000000256,530.4040962843571,1172.931590237655
1360,FIDS130,i,12,IDS,57.07869773812596,101.0935091480718,366.32648827471843,2229.7480710173113
1361,FIDS130,i,12,IDS,59.92,109.99999999999943,279.9621687446039,1981.9522590016145
1362,FIDS130,a,12,IDS,66.7,134.35462917648522,828.2347014828747,1207.4196091702509
1363,FIDS130,a,12,IDS,68.67,120.00000000000455,390.23405197016194,1309.4660009118877
1364,FIDS130,a,12,IDS,70.78,90.00000000000341,616.9096051622369,1356.6841610097135
1365,FIDS130,i,12,IDS,75.4695495766184,100.45042338158794,399.4632048131347,2028.0249631259628
1366,FIDS130,a,12,IDS,82.10016864033769,79.83135966232169,620.3090362572149,1141.8895936438907
1367,FIDS130,i,12,IDS,89.23946712794427,195.53612953639288,286.4647419161105,2100.0343921644026
1368,FIDS130,a,12,IDS,92.99,150.00000000000568,534.7999459482719,1122.0166680784062
1369,FIDS130,a,12,IDS,95.2,119.99999999999034,580.4116601119331,1213.3762823982167
1370,FIDS130,i,12,IDS,97.50473144822692,42.56568806233929,473.89497905049626,2156.1340501515683
1371,FIDS130,u,12,IDS,101.7855372155931,114.4627844069106,347.4072110408694,741.4899634627734
1372,FIDS130,a,12,IDS,126.0696373667564,180.3626332436039,672.8369275434637,1309.6363830967553
1373,FIDS130,u,12,IDS,128.39,99.73826578712419,390.54248213379554,1866.125763129162
1374,FIDS130,u,12,IDS,130.7936041436974,106.39585630261195,356.45441817123833,913.5896586799831
1375,FIDS130,a,12,IDS,131.53,120.00000000000455,535.4715234287263,1551.432438063682
1376,FIDS130,i,9,IDS,10.79802031504968,181.97968495032057,301.1205475201471,1935.186368829331
1377,FIDS130,u,9,IDS,13.09669384601288,223.30615398712084,336.50285360153447,594.2806862830647
1378,FIDS130,u,9,IDS,14.59309482455599,216.90517544401013,392.59207345755505,608.3680448594635
1379,FIDS130,u,9,IDS,15.02572592310664,244.27407689336002,352.3865563500744,592.3903497667038
1380,FIDS130,i,9,IDS,15.81,89.99999999999986,336.5222769546096,1855.6350911557213
1381,FIDS130,u,9,IDS,24.93882422275069,151.17577724931053,348.61914373121243,730.3275512912926
1382,FIDS130,u,9,IDS,30.10502701070909,175.89437091823967,319.46521111523634,518.3670364043991
1383,FIDS130,u,9,IDS,40.82147482303314,148.52517696685652,345.97506653094104,673.9029415513493
1384,FIDS130,u,9,IDS,42.54,276.458959084934,344.50330421659356,605.9167623134418
1385,FIDS130,a,9,IDS,48.01,182.590558557429,804.521965492731,1540.5378919143925
1386,FIDS130,a,9,IDS,51.83,190.00000000000483,613.9660901245161,1088.4890615981078
1387,FIDS130,i,9,IDS,61.87241316528423,147.58683471577427,340.32513015421455,2198.0878409576385
1388,FIDS130,i,9,IDS,64.73,79.9999999999983,297.23228915277974,2082.0467917887786
1389,FIDS130,a,9,IDS,70.19557849306273,154.05127910487693,673.0475222318101,1169.139765071157
1390,FIDS130,a,9,IDS,72.56,140.00000000000057,621.6133905604333,1207.3643507987465
1391,FIDS130,a,9,IDS,74.28,99.99999999999432,603.8410895031734,1250.6367050546692
1392,FIDS130,a,9,IDS,75.4,69.99999999999318,472.28015739549204,1355.3791685192746
1393,FIDS130,i,9,IDS,78.2164212822158,105.76654983319145,338.7275590475458,1744.4361956639368
1394,FIDS130,i,9,IDS,84.14831958099202,51.680419007979594,320.89255808438975,1433.8709477378
1395,FIDS130,a,9,IDS,84.43802795662207,81.97204337793096,633.4047106893837,1045.1316829224866
1396,FIDS130,i,9,IDS,92.87,149.99999999999147,343.83171551926534,2348.0525008984055
1397,FIDS130,i,9,IDS,95.27,79.9999999999983,357.18555866531653,2056.3271338313557
1398,FIDS130,a,9,IDS,98.15,99.99999999999432,574.288775549498,1031.7153322234533
1399,FIDS130,a,9,IDS,99.57714179270526,83.92345801981094,587.3425116807929,1311.1429661927903
1400,FIDS130,u,9,IDS,101.63,219.99999999999886,457.5663888056379,800.0445669908216
1401,FIDS130,i,9,IDS,102.12,58.50846768339579,353.13349405794605,1933.67536680981
1402,FIDS130,u,9,IDS,105.6213193065082,128.6806934918019,348.4618667051458,596.6780218073859
1403,FIDS130,u,9,IDS,118.91,159.9999999999966,283.75364074197967,1234.5612165670948
1404,FIDS130,a,9,IDS,128.7795268232466,193.13891708668507,612.7365975874429,1632.2388000817075
1405,FIDS130,u,9,IDS,130.529290911371,101.16800418819594,416.08646213830826,1750.3132604983875
1406,FIDS130,a,9,IDS,132.72,150.00000000000568,744.64945614345,1412.2763276997046
1407,FIDS132,i,12,IDS,6.98,99.99999999999964,257.1733385701931,1766.248105600739
1408,FIDS132,u,12,IDS,9.07,160.00000000000014,259.501654925288,780.4394798974039
1409,FIDS132,u,12,IDS,10.55,109.99999999999943,299.7464470438595,732.4058088712427
1410,FIDS132,u,12,IDS,10.89,376.99881086489916,310.6928271429109,623.061831685312
1411,FIDS132,i,12,IDS,11.9,70.63061788072034,337.0138613081183,1813.3827038599884
1412,FIDS132,u,12,IDS,22.73,129.999999999999,294.3527340077214,682.2667407316395
1413,FIDS132,u,12,IDS,29.89036754088089,169.63245911910718,437.5559534348343,1599.4518636150751
1414,FIDS132,u,12,IDS,46.15417002857004,105.8299714299551,371.3056538988846,1251.626539650539
1415,FIDS132,a,12,IDS,55.91,160.0000000000037,746.8668444939128,1640.8866603315441
1416,FIDS132,i,12,IDS,67.46391588036728,116.08411963271692,303.0704987925238,2510.7605070882855
1418,FIDS132,a,12,IDS,82.48,159.9999999999966,785.3564867761429,1154.227925889228
1419,FIDS132,i,12,IDS,96.89,69.99999999999318,351.37096892397466,2095.2962866125504
1420,FIDS132,a,12,IDS,97.23,129.99999999999545,452.3460284545466,1300.0762340634979
1421,FIDS132,i,12,IDS,108.7827407783008,147.25922169920125,333.3510725116462,2306.329952617026
1422,FIDS132,i,12,IDS,110.83,83.52886780819802,388.0692522244145,2307.845211349204
1423,FIDS132,a,12,IDS,113.34,82.53290783800082,535.3210006426614,1040.7551555734299
1424,FIDS132,a,12,IDS,115.45,79.9999999999983,369.67795299752436,1074.3371533109214
1425,FIDS132,i,12,IDS,119.62,49.99999999999716,368.59256433105145,1564.6509227331849
1426,FIDS132,u,12,IDS,122.9146219714026,120.44359576890429,387.7253200521142,1384.2999892637831
1427,FIDS132,u,12,IDS,143.6,110.00000000001364,311.26602223924516,649.6724752674802
1428,FIDS132,a,12,IDS,159.35,219.99999999999886,644.0046901670785,1132.3401443403145
1429,FIDS132,u,12,IDS,164.18,113.11448287997905,332.9912343948527,791.9690699093754
1430,FIDS132,a,12,IDS,168.11,49.99999999998295,688.1327730406404,1186.509876657941
1431,FIDS132,u,9,IDS,26.85396858497042,197.84386008381105,574.8718285655038,1438.4885362377192
1432,FIDS132,u,9,IDS,32.88950588926203,100.49411073796932,270.2015174145328,806.5300605438806
1433,FIDS132,u,9,IDS,45.2,109.99999999999943,442.60305822545934,2054.0598486615336
1434,FIDS132,u,9,IDS,46.73,230.00000000000398,328.3031161993982,1431.7508625340497
1435,FIDS132,a,9,IDS,52.3,250.0,774.2171107340108,1186.3673210995848
1436,FIDS132,a,9,IDS,57.44,109.99999999999943,564.8959522952059,1079.6008726891378
1437,FIDS132,i,9,IDS,69.19,120.00000000000455,246.7007474759478,1555.5348967153743
1438,FIDS132,i,9,IDS,72.02,60.000000000002274,319.032041901252,2412.5297405335177
1439,FIDS132,a,9,IDS,78.03939832983787,195.9069313743811,254.47611295424716,1171.9593822522952
1440,FIDS132,a,9,IDS,81.1,170.0000000000017,945.994612241522,1988.6867201956984
1441,FIDS132,a,9,IDS,84.26,107.02987766310912,894.1593683412237,1793.2178163885728
1442,FIDS132,i,9,IDS,88.57,100.00000000000853,336.3176722937277,2166.7965649193675
1443,FIDS132,i,9,IDS,98.2,99.99999999999432,334.18389581617095,1622.5531958223617
1444,FIDS132,i,9,IDS,98.58,75.19730230808364,1083.0502583198402,1812.499788242492
1445,FIDS132,a,9,IDS,98.93,99.99999999999432,499.30048350260995,1396.957782396113
1446,FIDS132,i,9,IDS,108.29,109.99999999999943,295.5550996097912,2175.4130688628275
1447,FIDS132,i,9,IDS,110.08,60.000000000002274,269.29720272172,2414.4171489930586
1448,FIDS132,a,9,IDS,112.2977826314147,81.92471675658908,431.33265563359413,1111.5426772009455
1449,FIDS132,a,9,IDS,114.99,97.07620553830054,511.3419175159999,1016.1951547676498
1450,FIDS132,i,9,IDS,118.12,49.99999999999716,441.9658403800888,1446.5806584254537
1451,FIDS132,u,9,IDS,121.31,149.99999999999147,342.1467846834282,581.9897570500706
1452,FIDS132,u,9,IDS,139.39,174.75652570152533,340.16088096019183,1330.4861708069116
1453,FIDS132,a,9,IDS,156.19,180.00000000000682,723.3566983516046,1111.5389916647043
1454,FIDS132,u,9,IDS,160.6888903156086,86.53414649569413,238.41416578232986,929.7712329987569
1455,FIDS132,a,9,IDS,165.85,129.99999999999545,759.0113155650022,1456.8980386177032
1456,FIDS133,i,12,IDS,9.280501753250515,156.02588525325345,284.30895162453845,2175.2665439306265
1457,FIDS133,u,12,IDS,11.87710757042894,196.56145246442946,344.8128983777056,923.0214777040751
1458,FIDS133,u,12,IDS,15.4615840841929,138.41591580709968,298.8798407180895,874.8174528052194
1459,FIDS133,u,12,IDS,15.83847918448425,171.52081551575193,295.199010557141,631.8985841550062
1460,FIDS133,i,12,IDS,16.39976745908085,95.44136597938291,328.8223061587999,1829.2710552257067
1461,FIDS133,i,12,IDS,19.73217270754268,66.39399372478039,341.5904380454524,2077.61704990429
1462,FIDS133,u,12,IDS,30.45177425613034,179.26378305692126,346.8430862321007,708.044508638996
1464,FIDS133,u,12,IDS,40.95405651591886,200.84183101747044,304.00736215907733,859.4134838506301
1465,FIDS133,u,12,IDS,53.59556759939455,117.84933886150384,322.31190565340177,633.4886791328893
1466,FIDS133,u,12,IDS,55.29540077397986,274.5992260201433,319.6966826995354,1103.2410562341352
1468,FIDS133,a,12,IDS,72.82613027276126,82.99249215598081,435.5146244118339,985.934031984448
1469,FIDS133,i,12,IDS,83.21724048118742,97.10121582250508,358.2417556168424,2405.6980710261437
1470,FIDS133,i,12,IDS,87.9412671228277,99.59099058718834,291.831753620096,2183.5168573993033
1471,FIDS133,a,12,IDS,92.57281482884478,305.4123711340111,560.7799943428112,1153.9558011972033
1472,FIDS133,a,12,IDS,98.25,347.6660214203946,611.7803940676314,1248.5682297376313
1473,FIDS133,a,12,IDS,100.04,89.9999999999892,385.2953749572964,954.5443763014932
1474,FIDS133,a,12,IDS,102.4070881349421,99.59099058710308,678.6835647379638,1369.3158296972958
1475,FIDS133,i,12,IDS,106.5652187389373,109.55008964589297,316.62846832745424,2225.7646078934995
1476,FIDS133,i,12,IDS,114.35,86.37657174730862,351.1464774533152,2134.872866856014
1477,FIDS133,i,12,IDS,114.6670956999409,63.07429403859999,328.2993267971248,2179.2150310347765
1478,FIDS133,a,12,IDS,114.9828900466464,141.08723666520007,652.6095819418675,1074.3354271876815
1479,FIDS133,i,12,IDS,131.9425460739216,161.83535970409935,372.5445607048629,2128.7493053340368
1480,FIDS133,i,12,IDS,135.41,159.453080309504,295.8168786451077,2481.345722079793
1481,FIDS133,a,12,IDS,139.803329463906,110.38001456748248,549.8736930823034,1108.0621155300832
1482,FIDS133,a,12,IDS,140.9664649118465,63.53508815351461,508.60442266478753,1220.3971960880642
1483,FIDS133,a,12,IDS,143.413851243649,163.49520954722152,402.44675769315154,1221.231788627753
1484,FIDS133,u,12,IDS,146.7278360738828,82.1639261172038,366.001256100153,777.457803421201
1485,FIDS133,i,12,IDS,146.93,65.90182354659646,390.9573479251227,2063.7290807923505
1486,FIDS133,u,12,IDS,151.3040052293971,136.10768713581933,317.5636836721023,475.6518386519961
1487,FIDS133,i,12,IDS,160.23,40.000000000020464,346.77342038762924,1976.66120191189
1488,FIDS133,u,12,IDS,171.4,169.9999999999875,365.40987591985004,2301.6714049356997
1489,FIDS133,a,12,IDS,179.7047833119155,211.39279440731684,760.0018025138395,1112.391586146665
1490,FIDS133,u,12,IDS,181.7872739173138,178.64179809060943,319.91072656822314,1557.0278263708506
1491,FIDS133,a,12,IDS,184.7796752834888,172.68707148758722,626.0309816306938,1027.4257710501831
1492,FIDS133,i,9,IDS,10.53716072007748,82.83927992251883,324.3545804530187,2179.178666516745
1493,FIDS133,u,9,IDS,12.84,150.00000000000034,287.8089759851618,724.7553130878402
1494,FIDS133,u,9,IDS,17.50422714242437,135.77285757563118,337.51504363300364,789.4489056467414
1495,FIDS133,u,9,IDS,17.87526057419007,144.73942580993082,338.6621375366669,652.705456043034
1496,FIDS133,i,9,IDS,18.35,79.9999999999983,333.96847904012066,2189.4697540622597
1497,FIDS133,u,9,IDS,27.07218205847161,222.86098985926728,325.87646461043795,1281.1164372894248
1498,FIDS133,u,9,IDS,44.74132976401569,168.6702359843082,310.4480930414745,1033.967780961996
1499,FIDS133,u,9,IDS,60.3,130.00000000000256,319.13399088087306,683.8710190262897
1500,FIDS133,u,9,IDS,62.19,80.0000000000054,294.93320684410156,621.4295921841219
1501,FIDS133,a,9,IDS,68.66,90.00000000000341,615.1904950553144,1122.1686269158608
1502,FIDS133,a,9,IDS,76.13,160.0000000000108,527.6744013711368,963.2581498877023
1503,FIDS133,i,9,IDS,98.35,120.00000000000455,345.0351713092428,2214.322443149379
1504,FIDS133,i,9,IDS,103.02,79.9999999999983,355.4095364862712,2166.3617275390907
1505,FIDS133,a,9,IDS,119.21,130.00000000000966,533.928063821794,1052.8564822966187
1506,FIDS133,a,9,IDS,120.15,67.34617993099334,511.97063583015427,1405.8036311860624
1507,FIDS133,i,9,IDS,131.8034135730669,92.75835794139198,278.016467823323,2234.5845258276545
1508,FIDS133,i,9,IDS,146.24,39.99999999999204,305.1542970487253,2164.6503246123752
1509,FIDS133,i,9,IDS,146.51,67.111585337301,382.5601623209016,2308.2940715667182
1510,FIDS133,a,9,IDS,146.76,100.00000000002274,639.0626475533381,1106.6500373670801
1511,FIDS133,i,9,IDS,163.28,90.00000000000341,309.22100496883036,2203.466439311368
1512,FIDS133,a,9,IDS,167.6,39.99999999999204,562.2125413085213,1006.9076781707782
1513,FIDS133,a,9,IDS,170.31,108.45837113760126,606.3987005497668,986.7332667123085
1514,FIDS133,i,9,IDS,172.47,39.99999999999204,398.64113778932716,1451.6511812456722
1515,FIDS133,u,9,IDS,179.74,79.99999999998408,309.3183009081318,657.0207490100045
1516,FIDS133,u,9,IDS,213.24,169.9999999999875,360.6993489958323,1313.9427162282593
1517,FIDS133,a,9,IDS,215.82,250.0,617.1221950713481,985.7239741116526
1518,FIDS133,a,9,IDS,236.84,129.99999999999545,597.0792921561062,1136.4936205907877
1519,FIDS133,u,9,IDS,238.39,124.07963293631497,368.0259223414548,1183.4126014288483
1521,FIDS134,i,12,IDS,10.13597142041753,129.14235230427096,342.3607429241679,1578.4082669187092
1522,FIDS134,u,12,IDS,11.66229187876927,107.70812123072915,356.5866181274987,1391.9066911606576
1523,FIDS134,u,12,IDS,12.3680221770321,189.70063050344876,356.6946473830239,764.6390955776156
1524,FIDS134,u,12,IDS,12.73676710354316,193.2328964568395,398.18923699383527,867.047387685737
1525,FIDS134,i,12,IDS,13.27671330661433,100.68725772875098,360.5939738060466,1905.3032162125496
1526,FIDS134,u,12,IDS,23.0,205.54346535084989,309.10351329118413,682.9780999946188
1527,FIDS134,u,12,IDS,33.54790276897514,94.85031525171905,371.7672890881274,616.3675190326992
1528,FIDS134,u,12,IDS,44.19574465537947,205.7522223152759,338.55987802385914,714.6641931409532
1530,FIDS134,a,12,IDS,48.47,198.4928732102702,606.1260709840462,1002.3778680788935
1531,FIDS134,a,12,IDS,52.26,176.7961145600907,593.9196297101621,982.6379919442041
1532,FIDS134,i,12,IDS,74.77814453365816,99.2280221095001,333.25595641979385,2260.312731458269
1533,FIDS134,a,12,IDS,85.56203553130759,131.33120573314727,676.6750584514256,2504.4496407421557
1534,FIDS134,a,12,IDS,87.34942763274137,120.02212968391746,492.99083251794684,1077.3093395411897
1535,FIDS134,a,12,IDS,88.94155834640208,89.74299058431257,480.1867814915744,1165.1206279139105
1536,FIDS134,i,12,IDS,95.57,48.04487330537199,359.92531997804383,1897.042729188169
1537,FIDS134,i,12,IDS,101.0250764492114,135.7089125908999,380.6094665537317,2010.716150463291
1538,FIDS134,i,12,IDS,101.5806392042238,106.52420020579711,332.7306626192213,2128.927119670699
1539,FIDS134,a,12,IDS,101.8683721921461,107.25381801540834,653.6362423103595,1196.0035012898966
1540,FIDS134,i,12,IDS,107.6822928789996,106.52420020579711,359.6819608239148,2156.05309501651
1541,FIDS134,i,12,IDS,109.3008973891331,77.33948782059485,333.07423487931464,2040.534174327827
1542,FIDS134,a,12,IDS,112.9270993461462,87.55413715539362,586.9399491094445,1017.0688643318364
1543,FIDS134,a,12,IDS,121.5207379184095,104.33534677690659,432.90975033702273,1061.099367721578
1544,FIDS134,i,12,IDS,123.4441854350111,61.2878960088068,414.0667381545355,1873.5609726148577
1545,FIDS134,u,12,IDS,126.8130244921272,99.95763991909712,413.1605873124049,1720.6787668123634
1546,FIDS134,u,12,IDS,141.2725709792345,115.64442282619325,454.7929647445582,1055.0665687706746
1547,FIDS134,a,12,IDS,151.5,240.5997645902005,571.0423950586534,993.2462691929636
1548,FIDS134,u,12,IDS,152.6654170021345,135.7089125908999,411.8303098916329,748.9019634099325
1549,FIDS134,a,12,IDS,154.87,102.17985050559264,640.8912097169685,991.6093895733563
1550,FIDS134,i,15,IDS,9.111973443731468,178.0265562685308,306.9368925876032,2182.538677652905
1551,FIDS134,u,15,IDS,10.93,192.20404014722092,387.3455000182125,814.7349809145629
1552,FIDS134,u,15,IDS,12.03,169.99999999999994,371.8278247162642,818.8579195530039
1553,FIDS134,u,15,IDS,12.35,269.99999999999955,422.61723962610546,839.1194568385697
1555,FIDS134,u,15,IDS,20.63,145.22927262193264,353.2629758239322,880.3283519890058
1556,FIDS134,u,15,IDS,26.39917752649914,100.29792518556846,433.7025128390497,2137.541064765189
1557,FIDS134,u,15,IDS,39.82,155.5409995026693,297.0347361862444,499.6657637410259
1558,FIDS134,u,15,IDS,41.20477174940795,176.9963385627733,430.8687494321513,1430.1283145814186
1559,FIDS134,a,15,IDS,47.77928684622984,130.9772905364497,636.810563888205,1122.9400626395259
1560,FIDS134,a,15,IDS,50.46,139.84139265016182,590.9301018627284,1077.7156874646
1561,FIDS134,i,15,IDS,57.0477197660528,143.95702203105998,304.01795559075435,2155.1743401691774
1562,FIDS134,i,15,IDS,59.00112905718417,122.71746140352491,500.77605109956914,1641.7278761745954
1563,FIDS134,a,15,IDS,63.99,103.14750925588356,719.09819896374,1196.7071325180646
1564,FIDS134,a,15,IDS,68.4,89.9999999999892,473.91985565933066,1153.1602336815104
1565,FIDS134,i,15,IDS,74.71526251485776,58.99877952093391,338.784548884719,2031.2180638884329
1566,FIDS134,i,15,IDS,80.07497596630517,105.02403369483204,328.7584499989112,1931.9625209444819
1567,FIDS134,i,15,IDS,80.57,80.0000000000125,282.88565633542237,2133.8776783557687
1568,FIDS134,a,15,IDS,80.9,106.5532620049936,584.2611226617244,1134.6411124446322
1569,FIDS134,i,15,IDS,86.67743869404529,138.05714407897085,286.01319062049396,2063.078345951609
1570,FIDS134,a,15,IDS,89.03,82.02373260752438,627.2220658193951,1165.0077430326664
1571,FIDS134,a,15,IDS,89.74,61.34935300735833,560.6634894796359,1033.0569873817676
1572,FIDS134,i,15,IDS,91.8,42.718018526997525,376.77677230738584,1949.7082383709492
1573,FIDS134,u,15,IDS,95.72,90.00000000000341,388.84155598768615,1034.524496026665
1574,FIDS134,u,15,IDS,102.87,199.99999999998863,304.6943196266826,1624.3255868383867
1575,FIDS134,u,15,IDS,118.3452482062383,134.75179376170843,455.9638214064876,902.4604449573402
1577,FIDS134,a,15,IDS,131.29,99.99999999999432,584.5468192921894,1072.4570042380565
1578,FIDS134,i,18,IDS,8.83355431981166,101.25084043030164,325.2243445538677,2082.266259332606
1579,FIDS134,u,18,IDS,10.13058599002682,149.41400997317976,399.88445684287876,1209.027130397648
1580,FIDS134,u,18,IDS,10.67,99.99999999999964,313.05089065228356,1060.5010865859595
1581,FIDS134,u,18,IDS,10.9609099759076,199.09002409240094,429.303688866733,716.3163904966497
1582,FIDS134,i,18,IDS,11.48115377073056,107.89023980278145,320.3133520088413,1839.2553986575153
1583,FIDS134,u,18,IDS,18.78,99.99999999999787,372.871564443365,684.6481046131348
1584,FIDS134,u,18,IDS,21.6344661166518,86.31219184222871,385.5447020595891,906.3304993737836
1585,FIDS134,u,18,IDS,27.83608849731077,115.35956409682058,391.19285611095313,841.2586616004526
1587,FIDS134,a,18,IDS,32.29255301714497,100.42091550874233,610.6162748801107,1052.3668721494587
1588,FIDS134,a,18,IDS,34.71744796335731,121.99896346930217,635.8841395119599,1050.1514222898559
1589,FIDS134,i,18,IDS,39.876243486665,195.86228148813234,291.07848941331616,1903.8439392754685
1590,FIDS134,i,18,IDS,42.07474240811269,105.25759188730888,307.9333390885522,1943.2747829866323
1591,FIDS134,a,18,IDS,45.92,89.9999999999963,648.9126513722557,1138.2610293701637
1592,FIDS134,a,18,IDS,47.06,87.53662875341917,661.3349286766856,1111.818638453345
1593,FIDS134,a,18,IDS,48.22,95.83265631949445,600.1424834059194,1029.9687719305048
1594,FIDS134,i,18,IDS,51.38972174753402,54.77504482295359,349.0456229991859,1839.1376991151353
1595,FIDS134,i,18,IDS,55.36184565497447,48.15434502552307,383.4676701563185,1937.2600161488401
1596,FIDS134,i,18,IDS,55.64453832362081,41.496246077990406,342.00575243393206,1785.092047645979
1597,FIDS134,i,18,IDS,60.85619215037985,123.80784962014957,267.6949738815396,2168.95860917233
1598,FIDS134,i,18,IDS,62.40938515519824,90.61484480176318,303.9102358281136,2016.7982794215686
1599,FIDS134,a,18,IDS,63.85,106.00501456615063,626.875089175612,1118.582908913791
1600,FIDS134,a,18,IDS,64.72,82.14050593768718,536.1494542089442,966.7185890841774
1601,FIDS134,i,18,IDS,66.90445154919173,44.81594576422765,404.4295362164103,1557.587165619952
1602,FIDS134,u,18,IDS,69.41004846481249,80.50271739131176,435.1980182124605,1589.6445261837584
1603,FIDS134,u,18,IDS,76.83577067458312,159.34558493948714,398.1878901667511,667.8524352201451
1604,FIDS134,a,18,IDS,84.1008300649907,147.72663603766034,617.4187283235943,1111.8901308581344
1605,FIDS134,u,18,IDS,85.49,70.00000000000739,363.74724484369756,726.2782226446105
1606,FIDS134,a,18,IDS,87.31,140.00000000000057,529.0760787946351,1012.4931515962959
1607,FIDS135,i,12,IDS,5.77,160.00000000000014,310.10988963671076,2060.2429975030336
1608,FIDS135,u,12,IDS,7.62,229.99999999999955,500.63310720143477,1578.4225791824963
1609,FIDS135,u,12,IDS,9.16,220.71973082237406,286.492509705822,594.278188012081
1610,FIDS135,u,12,IDS,9.55723079230347,372.7692076965301,331.3705116317798,620.2773157905674
1611,FIDS135,i,12,IDS,10.5,109.99999999999943,303.9125299650281,1932.4168488301868
1612,FIDS135,u,12,IDS,18.54,220.00000000000242,363.7327398233996,774.136961856502
1613,FIDS135,u,12,IDS,26.0216547733874,138.34522661259996,402.33000139413537,1229.892138334756
1614,FIDS135,u,12,IDS,34.62,170.0000000000017,349.41225816996433,656.5171514077327
1615,FIDS135,u,12,IDS,36.07,270.0000000000031,429.39493336388097,1040.5069817948045
1616,FIDS135,a,12,IDS,40.08,137.65764738331399,646.1770661898252,1216.7477086928118
1617,FIDS135,a,12,IDS,43.09,189.99999999999773,629.1787606977492,1155.3294257689229
1618,FIDS135,i,12,IDS,55.83515909550432,154.84090449567844,300.2851373558064,2245.0594847992656
1619,FIDS135,i,12,IDS,58.25,119.99999999999744,292.9210654871819,2106.6330117818147
1620,FIDS135,a,12,IDS,62.62,163.5056363966001,675.5497664650348,1176.0157326249046
1621,FIDS135,a,12,IDS,64.19,230.00000000000398,896.057440413548,1318.748094759539
1622,FIDS135,a,12,IDS,65.59073309118256,111.1365942658864,597.9154420211165,1168.8380868819538
1623,FIDS135,i,12,IDS,68.12790878418399,102.4199986371741,307.1134478145472,2148.188212495232
1624,FIDS135,i,12,IDS,72.11,45.48096490128728,309.1342766752027,2042.5186086466645
1625,FIDS135,i,12,IDS,72.41,52.74096081282664,294.75760707185424,1728.5742112019957
1626,FIDS135,a,12,IDS,72.74,100.00000000000853,723.8420152195745,1385.6176692295508
1627,FIDS135,i,12,IDS,84.85394621523642,148.18212568782485,333.88576291900443,2244.9115283167102
1628,FIDS135,i,12,IDS,86.84,119.99999999999034,295.3272457692225,2321.2795935993195
1629,FIDS135,a,12,IDS,88.58,110.91354897158112,600.3092954436486,1151.8423759713899
1630,FIDS135,a,12,IDS,89.54,185.58963127505024,775.5400839356965,1178.720250377124
1631,FIDS135,i,12,IDS,92.04624185262423,53.75814737575979,412.2678505831732,1493.8340565190379
1632,FIDS135,u,12,IDS,95.31,120.00000000000455,348.62315062612976,582.6960646750869
1633,FIDS135,u,12,IDS,112.29,149.99999999999147,374.0258814507452,624.4817326921319
1634,FIDS135,a,12,IDS,121.88,233.31517781529953,532.5675784860008,1090.0639680974937
1635,FIDS135,u,12,IDS,123.63,140.99668535460808,315.9251109059021,672.1444038911535
1636,FIDS135,a,12,IDS,129.07,202.85512208459977,571.756107048039,1118.0781309960798
1637,FIDS136,i,12,IDS,8.255630336235534,129.4682877633342,244.8512120619441,2076.127933030456
1638,FIDS136,u,12,IDS,9.856701005709304,179.26378305692657,373.8755593539709,890.5953500037755
1639,FIDS136,u,12,IDS,11.19642016191729,268.87361328999935,420.28950345143835,1375.3917027510515
1640,FIDS136,u,12,IDS,11.68721408840766,272.2153742716298,422.4204011018623,1107.3336208805044
1641,FIDS136,i,12,IDS,12.30280393040677,101.25084043029986,274.1398649264906,2005.1177544220934
1642,FIDS136,u,12,IDS,18.44,230.00000000000043,353.57655262435156,564.0990959954235
1643,FIDS136,u,12,IDS,20.55339525468832,255.61687584043113,383.54127753141347,823.7570326242736
1644,FIDS136,i,12,IDS,21.50322861188246,84.65234199911009,349.6916135161283,2100.4108578533396
1645,FIDS136,u,12,IDS,22.42234265827422,167.6573417257785,303.39484498030913,569.1973130746138
1646,FIDS136,u,12,IDS,28.63323715625726,200.8418310174811,388.62138694379956,593.066254718264
1647,FIDS136,u,12,IDS,44.39,133.0747541519628,373.9481371576231,748.9112952889526
1648,FIDS136,u,12,IDS,45.58,219.99999999999886,381.14920458627086,1072.3384671869128
1649,FIDS136,u,12,IDS,49.95090097344853,239.0183774092236,413.91883862849176,1323.80427679815
1650,FIDS136,a,12,IDS,53.76,139.22628104162982,745.5989944525159,1169.0302517434666
1651,FIDS136,a,12,IDS,60.92,131.16599417438835,684.0503565166005,1193.9636330467306
1652,FIDS136,i,12,IDS,74.24942854459948,102.91069027343269,324.0193995439152,2205.5558294033517
1653,FIDS136,i,12,IDS,76.52319223767375,161.0054347826093,252.3148361594098,2292.0260924407585
1654,FIDS136,a,12,IDS,80.63169619927012,167.644834155098,835.160623199883,1172.2267289220895
1655,FIDS136,a,12,IDS,85.11,233.58114436177857,833.4642626297909,1192.8876767896945
1656,FIDS136,a,12,IDS,86.36420706264391,155.79293735608246,869.8186107289713,1162.1345172303659
1657,FIDS136,i,12,IDS,93.69438497639288,86.31219184223937,298.1945320253208,2203.231592190892
1658,FIDS136,i,12,IDS,101.9928996559084,107.89023980279921,273.04149073788966,2093.4077788459404
1659,FIDS136,a,12,IDS,102.7215876041379,88.41239586210747,725.0318802192265,1253.8471708918537
1660,FIDS136,i,12,IDS,108.9588714984806,81.12850151940165,296.8096225375278,2112.28714631645
1661,FIDS136,u,12,IDS,110.2146645928528,80.2579590590966,496.9608292575418,896.158870434377
1662,FIDS136,i,12,IDS,112.5554589060585,144.5410939414984,278.3619172604523,2176.350486632608
1663,FIDS136,a,12,IDS,114.37,127.44848465659686,741.8823638870681,1144.3139805367628
1664,FIDS136,a,12,IDS,119.39,78.97433214779426,700.2613350488391,1103.322725369026
1665,FIDS136,i,12,IDS,121.53,39.99999999999204,426.07448412834276,1490.6220237493242
1666,FIDS136,u,12,IDS,125.0775368934631,119.65732077909763,360.04390286727784,1108.9578875299196
1667,FIDS136,u,12,IDS,141.2095556401179,169.30468399817755,429.10357542570927,1437.3008159665037
1668,FIDS136,a,12,IDS,151.9,277.99497945679263,500.6839777770239,1083.7091232174425
1669,FIDS136,u,12,IDS,153.49,87.82815404239841,389.11439513264645,1352.0962845184404
1670,FIDS136,a,12,IDS,155.4,155.1981674896865,668.6900886145347,1139.465290183929
1671,FIDS137,i,12,IDS,6.52,160.00000000000014,290.9911978684469,2236.7476213183745
1672,FIDS137,u,12,IDS,8.31,285.19881632646,447.5027774187477,1499.3358623183021
1673,FIDS137,u,12,IDS,9.67,99.99999999999964,379.5704453827895,844.3486510479925
1674,FIDS137,u,12,IDS,9.916131752342098,253.86824765790195,341.8030638217991,617.6826550744968
1675,FIDS137,i,12,IDS,10.59,89.99999999999986,312.9786462577673,2068.352889070306
1676,FIDS137,u,12,IDS,18.04,260.0000000000016,304.7558870285658,754.925722812189
1677,FIDS137,u,12,IDS,22.78,131.47284918983004,316.66618841712875,747.4171024661509
1678,FIDS137,u,12,IDS,31.71,160.00000000000014,331.0593309853218,1376.481682136457
1679,FIDS137,u,12,IDS,32.79,210.00000000000085,351.3382748830845,885.7089264049284
1680,FIDS137,a,12,IDS,37.31,103.58415879422722,698.6154111761175,1013.2183301577712
1681,FIDS137,a,12,IDS,40.24,119.99999999999744,667.3521613058717,1104.6485329080592
1682,FIDS137,i,12,IDS,53.81576374150422,98.17104375925823,313.05170422070023,2220.3759163635923
1683,FIDS137,i,12,IDS,56.23,130.00000000000256,326.6720960195111,2400.197594757333
1684,FIDS137,a,12,IDS,61.32,119.99999999999744,845.8681090283361,1488.9663506378395
1685,FIDS137,a,12,IDS,62.7,159.9999999999966,610.558755322502,1128.9616118339982
1686,FIDS137,a,12,IDS,64.78,140.00000000000057,592.1964772089852,1051.9166257222064
1687,FIDS137,i,12,IDS,67.3490866316985,160.91336830150738,278.6692517443628,2427.200276554228
1688,FIDS137,i,12,IDS,72.81,69.99999999999318,248.71160213703988,1905.5787644439179
1689,FIDS137,i,12,IDS,73.19,100.00000000000853,222.4455622184159,2198.428490056948
1691,FIDS137,i,12,IDS,82.19,159.5565963686454,268.4461962501263,2320.291790323911
1692,FIDS137,i,12,IDS,84.56,159.9999999999966,224.93054414335026,2138.703831134101
1693,FIDS137,a,12,IDS,88.62,129.99999999999545,581.6550145654733,1014.7754488263128
1694,FIDS137,a,12,IDS,89.64,83.8953638681943,542.5045098331723,992.0327748808319
1695,FIDS137,i,12,IDS,91.98548138255153,64.42474746698679,369.0916374168911,1834.5845093376136
1696,FIDS137,u,12,IDS,96.79,140.00000000000057,305.79976195599716,671.5803069200545
1697,FIDS137,u,12,IDS,115.38,140.00000000000057,391.02470005158284,1654.1772715963361
1698,FIDS137,a,12,IDS,124.16,136.76753359840177,544.4015309189107,1039.8992149164249
1699,FIDS137,u,12,IDS,126.1582621297936,141.1208754038995,360.62683358017273,1248.0987318594966
1700,FIDS137,a,12,IDS,128.36,140.2330410349748,510.16102782129246,1025.912408010505
1701,FIDS138,i,12,IDS,8.59,150.00000000000034,304.51059373618835,1701.6821868893426
1702,FIDS138,u,12,IDS,11.09,150.00000000000034,362.2224410895496,1406.4551296665682
1703,FIDS138,u,12,IDS,15.74,179.99999999999972,326.9284352059022,782.5515687105827
1704,FIDS138,u,12,IDS,16.11075691322284,249.24308677715956,377.24901481527326,970.4828710023379
1705,FIDS138,i,12,IDS,16.73,109.99999999999943,320.29562243992723,2098.611768366298
1706,FIDS138,u,12,IDS,26.14528994634183,94.71005365816865,379.56732477136416,2071.9074719484993
1707,FIDS138,u,12,IDS,31.99043209450921,129.5679054907879,352.4946012633017,1409.3555446063108
1708,FIDS138,u,12,IDS,43.95505944255078,94.94055744922036,408.41878187124985,1194.1164180037506
1709,FIDS138,u,12,IDS,45.51604517282978,127.44808626896997,454.6766399569708,1675.3688456339983
1710,FIDS138,a,12,IDS,51.444065968499,225.934031501005,564.5221212160573,1151.6752436020868
1711,FIDS138,a,12,IDS,56.01,140.00000000000057,743.015815061273,1375.4924100614849
1713,FIDS138,i,12,IDS,74.06,90.00000000000341,291.9047941371542,2165.888778957537
1715,FIDS138,a,12,IDS,83.20898118662393,138.69350564564797,349.3159068716973,1234.977903970977
1717,FIDS138,i,12,IDS,90.52030728192952,101.20877439005938,315.30588579863775,2300.717611003091
1718,FIDS138,i,12,IDS,97.24,50.00000000001137,369.319445003036,2037.213472171008
1719,FIDS138,i,12,IDS,97.83352101243736,56.47898756264169,372.83723532003995,1916.1484439481258
1720,FIDS138,a,12,IDS,98.22,170.0000000000017,593.0105863355548,1285.31047024316
1721,FIDS138,i,12,IDS,113.68,128.83979869819484,264.5107734470905,2357.308377004298
1722,FIDS138,i,12,IDS,116.32,235.38724753900908,251.99386872301613,1730.8329853260213
1723,FIDS138,a,12,IDS,119.7370108853437,90.49970120740625,561.0952998638297,1215.5020277237488
1725,FIDS138,u,12,IDS,122.92,90.43197786139956,538.5237197612782,1589.9662876658008
1726,FIDS138,i,12,IDS,123.9177084690377,62.291530962298225,361.3523035545983,1456.429604148474
1727,FIDS138,u,12,IDS,128.2986075756694,111.39242433060303,324.76712177214335,1118.2525205139298
1728,FIDS138,u,12,IDS,143.05,139.99999999998636,276.6870008035361,494.25946224553843
1729,FIDS138,a,12,IDS,158.92,270.00000000001023,399.241189434077,1203.7995835800516
1730,FIDS138,u,12,IDS,160.883563596532,147.3250949886733,769.3518311966454,2069.651470894764
1731,FIDS138,a,12,IDS,169.97,157.1873695652073,596.196897454978,1223.0746399513337
1732,FIDS139,i,12,IDS,4.450978396273487,129.02160372651306,314.8399480483756,2044.8949491203462
1733,FIDS139,u,12,IDS,6.52,140.00000000000057,361.2491141464918,696.8444991089013
1734,FIDS139,u,12,IDS,7.591284702397998,138.71529760200207,314.3654868547203,1139.3316015108476
1735,FIDS139,u,12,IDS,7.92,150.00000000000034,333.3307935541323,732.9924762797233
1736,FIDS139,i,12,IDS,8.35,99.99999999999964,348.9298593858896,2002.9627880294306
1737,FIDS139,u,12,IDS,15.48,146.315896273169,412.317955018871,1073.4232115346
1738,FIDS139,u,12,IDS,19.84289304103694,139.4366935785385,213.4281735705106,833.0458546547055
1739,FIDS139,u,12,IDS,27.67,99.99999999999787,304.0126271336342,740.4375998167832
1741,FIDS139,a,12,IDS,32.49,87.39011271676844,664.6031547376567,1118.4234132080878
1742,FIDS139,a,12,IDS,35.26,117.28055713324181,610.2052751020759,1033.9635867560785
1743,FIDS139,i,12,IDS,43.68744125632544,97.93767763253669,364.0649149909545,2073.445162429779
1744,FIDS139,i,12,IDS,45.42,119.99999999999744,274.5701443387723,2188.196287755358
1746,FIDS139,a,12,IDS,50.25,98.74903224711318,618.3718555703891,1116.6364206274416
1747,FIDS139,a,12,IDS,51.68252575003372,107.47424996628041,636.3880345519169,1198.5461089766163
1748,FIDS139,i,12,IDS,54.33155547059678,92.9577957190304,331.76763619605464,2018.9009811511633
1749,FIDS139,i,12,IDS,58.52,59.99999999999517,342.3328969491785,1984.4566816731667
1750,FIDS139,i,12,IDS,58.87,80.0000000000054,327.83226618625736,2187.4354405298577
1751,FIDS139,a,12,IDS,59.17,114.81922732836125,708.3934030206758,1056.0782015135023
1752,FIDS139,i,12,IDS,67.79,140.00000000000057,273.43536899686944,2157.1263262163475
1753,FIDS139,i,12,IDS,69.89,109.99999999999943,303.8233084265617,2038.8508878218363
1754,FIDS139,a,12,IDS,71.21,70.00000000000739,586.4671187918084,993.1776540114369
1755,FIDS139,a,12,IDS,72.47,79.9999999999983,612.2517829879293,986.2170176728479
1756,FIDS139,i,12,IDS,75.16,44.953552250802886,361.8368880382508,1719.2041692122455
1757,FIDS139,u,12,IDS,79.25,115.37577884956818,436.6369635027129,1455.3738891280495
1758,FIDS139,u,12,IDS,88.5,120.00000000000455,357.3978578766314,772.1626300239739
1759,FIDS139,a,12,IDS,99.27,136.53352171914435,621.3863620854763,988.1990255840151
1760,FIDS139,u,12,IDS,100.94,112.71875065270365,368.53764305892827,755.1329031312185
1761,FIDS139,a,12,IDS,102.79,119.99999999999034,580.9257191271403,1011.6424405582322
1762,FIDS139,i,15,IDS,5.17,80.46320370918369,326.46318686018094,2210.7861928820516
1763,FIDS139,u,15,IDS,6.42,89.99999999999986,386.8454971548168,1459.5631558560983
1764,FIDS139,u,15,IDS,7.24,169.99999999999994,286.5868947111573,559.1903509304216
1765,FIDS139,u,15,IDS,7.587636641969417,162.363358030583,288.6575003853406,680.879004602386
1766,FIDS139,i,15,IDS,8.1,70.00000000000028,333.5884784521262,2143.9987950304176
1767,FIDS139,u,15,IDS,14.48,99.99999999999964,443.3871101215413,2132.9662309796813
1768,FIDS139,u,15,IDS,18.53,136.70804914854884,391.7225776660616,1844.5243138979847
1769,FIDS139,u,15,IDS,26.61271361179073,117.28638820926918,410.4253740070599,1711.763182118504
1770,FIDS139,u,15,IDS,28.19,129.999999999999,438.5779317297015,1378.1833792728135
1771,FIDS139,a,15,IDS,32.27,108.48465109745575,603.6172139911098,1044.379341333616
1772,FIDS139,a,15,IDS,34.68,119.99999999999744,590.520387859053,931.5680400866089
1773,FIDS139,i,15,IDS,42.25355801962804,110.49734713279236,394.45087534134956,2166.4477093434125
1774,FIDS139,i,15,IDS,44.18,100.00000000000142,284.9388892910474,2101.457585329321
1775,FIDS139,a,15,IDS,47.8242079236802,112.95284373575498,592.9570179604457,1075.0217758447998
1776,FIDS139,a,15,IDS,51.41,160.0000000000037,571.6163732370859,1014.969527981502
1777,FIDS139,a,15,IDS,54.36,114.09535218419364,543.2338798485395,996.4786892855417
1778,FIDS139,i,15,IDS,57.46976761536369,120.23238463631003,266.15137865311755,1904.580210381842
1779,FIDS139,i,15,IDS,62.055262390775,44.73760922500247,288.4214749291927,1933.3005295079668
1780,FIDS139,i,15,IDS,62.38,79.9999999999983,360.97546288965145,2064.276096945094
1781,FIDS139,a,15,IDS,62.68,100.00000000000142,644.3881666501907,1249.5682310427242
1782,FIDS139,i,15,IDS,71.1,125.84179542032814,277.0365445923935,2243.566867242495
1783,FIDS139,i,15,IDS,73.08,129.99999999999545,275.1149590286709,2121.110609778033
1784,FIDS139,a,15,IDS,74.5,79.9999999999983,526.7728705035477,774.3206114745243
1785,FIDS139,a,15,IDS,74.99,90.00000000000341,563.623153180887,833.3427366059998
1786,FIDS139,u,15,IDS,76.49,109.99999999999943,467.67231909190673,661.6841283038797
1787,FIDS139,u,15,IDS,79.17268834391353,127.31165608646222,450.5168568880674,980.0450084916102
1788,FIDS139,u,15,IDS,87.34,103.66044399671637,340.4633769801577,652.4670539764495
1789,FIDS139,a,15,IDS,95.68,165.2592657416534,623.0221487502886,993.9136970634349
1790,FIDS139,u,15,IDS,97.04,124.68123388001118,334.4055972188137,687.7771399048502
1791,FIDS139,a,15,IDS,99.23,91.37567182311557,575.3408852465689,973.5121722777843
1792,FIDS139,i,18,IDS,8.111583055524413,118.41694447558737,257.14883009454513,2136.5652575120102
1794,FIDS139,u,18,IDS,10.66596470893099,134.44783729269005,345.318277862281,1179.1054718058444
1795,FIDS139,u,18,IDS,10.95643843147693,253.56156852307166,325.05376492345493,560.98278230299
1796,FIDS139,i,18,IDS,11.64217478849172,84.65234199911009,289.4545292303468,2031.40955762645
1797,FIDS139,u,18,IDS,18.35,169.99999999999815,308.6646102131047,1045.195807035385
1798,FIDS139,u,18,IDS,21.92394627549318,106.23038995965928,309.07587401963235,1019.8142949716007
1799,FIDS139,i,18,IDS,22.27127776921797,61.414444195428075,321.2890932002982,1947.1539694909352
1800,FIDS139,u,18,IDS,29.73,114.84091354794046,296.51750695138605,713.1459680435155
1801,FIDS139,a,18,IDS,37.07,149.99999999999858,510.83670233976017,937.4470159668695
1802,FIDS139,i,18,IDS,44.1070022201364,175.94408337068757,247.3508356467579,2249.6745516612464
1803,FIDS139,i,18,IDS,46.44318526585572,81.33264231286574,257.35346940903463,1990.474405173948
1804,FIDS139,a,18,IDS,50.95904110404466,99.59099058718124,587.891553343148,1016.2313820054969
1805,FIDS139,a,18,IDS,52.23,108.72776361428294,529.3103158088406,1024.1178134676406
1806,FIDS139,i,18,IDS,56.62014963161048,63.07429403855025,262.63955326011535,2063.5825184569467
1807,FIDS139,i,18,IDS,60.48,80.0000000000054,319.06484106774883,2075.7884026657835
1808,FIDS139,i,18,IDS,60.9110644399922,76.35309278349922,308.09455032050016,2200.05853112992
1809,FIDS139,a,18,IDS,61.23681788575642,79.67279246974357,602.0373567899871,998.3743018766615
1810,FIDS139,i,18,IDS,70.5312816891532,118.71831084680196,336.6978790840416,2328.868576363129
1811,FIDS139,i,18,IDS,72.42573190766497,104.2680923350332,270.40403708356854,2129.095496189043
1812,FIDS139,a,18,IDS,73.79209886754838,76.35309278350633,549.2943108235482,1087.7127905505204
1813,FIDS139,a,18,IDS,74.70296689197686,94.61144105782182,418.780806221509,972.2898635891453
1814,FIDS139,i,18,IDS,77.2152664493501,54.7335506498996,279.10772907502786,1540.2737398297509
1815,FIDS139,u,18,IDS,77.61371697601972,79.67279246975068,293.69057429761995,858.4929202091063
1816,FIDS139,u,18,IDS,80.22665946257268,81.33264231287285,345.56016891287777,632.6451687066237
1817,FIDS139,u,18,IDS,90.07091858824428,144.82189881219654,341.31324020764873,2376.956016706103
1818,FIDS139,a,18,IDS,98.48361654459754,176.38345540245837,677.0047643846249,1049.6200009177473
1819,FIDS139,a,18,IDS,102.1856316163141,94.61144105780761,408.2875105649153,1059.1212964510546
1820,FIDS139,i,9,IDS,8.34,92.94287462875594,318.95841150102103,1945.894662092205
1821,FIDS139,u,9,IDS,10.66,119.99999999999922,352.1724309855023,709.1190804937669
1822,FIDS139,u,9,IDS,12.51,339.9999999999999,301.18285341790175,664.2133368487291
1823,FIDS139,u,9,IDS,13.08,189.9999999999995,348.31577515407355,745.6912182947094
1824,FIDS139,i,9,IDS,13.52,89.99999999999986,340.252482061111,1910.5294629721977
1825,FIDS139,u,9,IDS,20.21,129.999999999999,358.1508759906637,1318.092599916315
1826,FIDS139,u,9,IDS,25.59588145876882,204.1185412311819,351.38671771775165,891.2829889263196
1827,FIDS139,u,9,IDS,35.77,99.99999999999432,404.98835554216345,758.6140358809594
1828,FIDS139,a,9,IDS,41.51,93.33388440344947,587.124866340677,1161.211249793128
1829,FIDS139,a,9,IDS,44.45,129.99999999999545,535.4806998169734,903.3978538168317
1830,FIDS139,i,9,IDS,52.07028585862283,129.7141413771712,306.9130223020242,2072.7951716205307
1831,FIDS139,i,9,IDS,54.35,100.00000000000142,315.47486297491406,2031.4086482271005
1832,FIDS139,a,9,IDS,57.71,89.9999999999963,593.8535864766429,1222.6828691751143
1833,FIDS139,a,9,IDS,58.85,86.12776996761795,548.7678730515136,816.4252003492261
1834,FIDS139,a,9,IDS,60.27,99.99999999999432,590.3972849929116,930.3498056184962
1835,FIDS139,i,9,IDS,69.12,42.6754155881639,353.6097136241471,1929.5028583606104
1836,FIDS139,i,9,IDS,69.48524731395821,64.75268604178552,318.53260466508243,2119.433746471423
1837,FIDS139,a,9,IDS,69.8,109.99999999999943,675.6916948567294,1114.9599094432178
1838,FIDS139,i,9,IDS,78.37,129.99999999999545,288.5788093499464,2093.7497084269926
1839,FIDS139,i,9,IDS,80.62,89.9999999999892,342.72421847932776,2019.0006142347486
1840,FIDS139,a,9,IDS,82.12,60.000000000002274,560.8339331539464,921.0764778387277
1841,FIDS139,a,9,IDS,83.52,70.00000000000739,527.2743575714344,871.5549116027125
1842,FIDS139,u,9,IDS,86.4539123280939,112.2676705111445,470.244237778403,775.724344474503
1843,FIDS139,u,9,IDS,89.82605486345307,88.54914857218432,418.093840099777,937.5669959900138
1844,FIDS139,u,9,IDS,99.72,180.00000000000682,317.25445798261245,1071.561357868046
1845,FIDS139,a,9,IDS,108.25,120.00000000000455,578.6244218498998,1040.898215515012
1846,FIDS139,u,9,IDS,109.7416235320771,78.37646792289377,385.5852796465042,1036.1132744203755
1847,FIDS139,a,9,IDS,111.82,90.00000000000341,592.0906536598957,1033.38071634091
1848,FIDS140,i,12,IDS,5.610461677211447,149.53832278855293,328.9696442298832,1961.4152001085542
1849,FIDS140,u,12,IDS,7.85,200.00000000000108,332.96756318737107,719.2937713239824
1850,FIDS140,u,12,IDS,9.48,89.99999999999986,348.3008387315185,990.779900963902
1851,FIDS140,u,12,IDS,9.74,279.9999999999994,325.43326103222233,678.1296640270036
1852,FIDS140,i,12,IDS,10.38,80.00000000000007,349.16881420719574,1846.6065005374387
1853,FIDS140,u,12,IDS,18.44,172.12474423407897,487.19952550453564,1755.6595477709986
1854,FIDS140,u,12,IDS,25.07476464449086,125.23535550914033,316.17258202222484,787.7212425835284
1856,FIDS140,a,12,IDS,43.71,66.9119511314662,638.0325916067767,1227.331552338048
1857,FIDS140,i,12,IDS,61.7,103.88693954303818,296.9504345845086,1861.662470479092
1858,FIDS140,i,12,IDS,64.11679755660631,133.20244339368514,315.45778943273746,1943.6237913543491
1859,FIDS140,a,12,IDS,73.41101055889905,138.90911489818336,568.2513778170576,1141.168161095541
1860,FIDS140,a,12,IDS,75.07,160.0000000000108,801.8640963845845,1233.723085655761
1861,FIDS140,a,12,IDS,77.28,159.9999999999966,714.7054789839556,1065.9189570493218
1862,FIDS140,i,12,IDS,83.20120328701717,98.25278858652098,342.79009723426515,1885.6362840453185
1863,FIDS140,i,12,IDS,88.91000933388197,49.126394293253384,364.05153385702295,1740.3617091579447
1864,FIDS140,i,12,IDS,89.25897613472374,81.02386527626493,373.28366422539364,1714.4933098866838
1865,FIDS140,a,12,IDS,89.55712033070581,138.90911489818336,603.3263463847912,1124.6992075073588
1866,FIDS140,i,12,IDS,110.36,90.00000000000341,309.76831478900175,1976.3062433823739
1867,FIDS140,i,12,IDS,112.98,88.48492510828976,363.3250889742353,1791.542047357478
1868,FIDS140,a,12,IDS,114.49,137.12130051619908,616.8729658197224,1031.6522165260467
1869,FIDS140,a,12,IDS,119.14,120.89588702359322,593.9564039169666,1000.019855773397
1870,FIDS140,i,12,IDS,122.2850698234392,59.29047587119385,398.86526893045607,1380.290346152734
1871,FIDS140,u,12,IDS,126.252436484198,117.5635158020043,347.31492086460264,594.9299086744716
1872,FIDS140,u,12,IDS,140.69,150.00000000000568,376.71710465226147,1216.5630967987288
1873,FIDS140,a,12,IDS,150.66,200.00000000001705,618.0918210916598,1037.7149631384107
1874,FIDS140,u,12,IDS,152.8286291443575,150.76721007238802,356.70786730285926,780.5525939774493
1876,FIDS140,i,18,IDS,9.833517423340528,129.1423523042692,268.0644623655004,1968.8503482509327
1877,FIDS140,u,18,IDS,11.94402934473101,165.97065526898902,297.35921183324103,856.7938732716921
1878,FIDS140,u,18,IDS,13.80791400716643,82.0859928335711,310.4068204134961,983.5957792076754
1879,FIDS140,u,18,IDS,14.23417083786968,255.82916213032013,304.9851261720935,715.1902714652534
1880,FIDS140,i,18,IDS,14.95,100.34264744150079,292.2501244439913,1934.2227652520753
1881,FIDS140,u,18,IDS,22.54100320112116,158.99679887883877,336.06235265242395,672.4745144986749
1882,FIDS140,u,18,IDS,29.00672387583173,132.7865156608894,325.8974187957759,1017.8390548062912
1883,FIDS140,u,18,IDS,44.31,114.31185618624085,316.9250135826342,649.583291491694
1884,FIDS140,u,18,IDS,45.77163036959785,188.36963040214982,353.7202730207889,750.2133598746681
1885,FIDS140,a,18,IDS,50.24555726499631,154.4427350036912,600.0008123434144,1181.4775994805789
1886,FIDS140,a,18,IDS,54.88,172.42360604219442,652.2781651800777,1034.649466939777
1887,FIDS140,i,18,IDS,63.78452381361739,145.92356192572709,282.9818756925472,2110.565512612213
1888,FIDS140,i,18,IDS,66.52128256080577,128.71743919423295,249.8891060971206,2055.961829851907
1889,FIDS140,a,18,IDS,71.64,129.99999999999545,588.0451934064093,1106.0405838839306
1890,FIDS140,a,18,IDS,72.72832160236854,171.6783976314673,669.7491212833169,1146.5633591075084
1891,FIDS140,a,18,IDS,75.26,129.99999999999545,768.7573443884991,1272.9910957752006
1892,FIDS140,i,18,IDS,80.50431027095313,78.79872343988836,330.2871970495113,1916.4559205428263
1893,FIDS140,i,18,IDS,85.17,49.28564004273994,312.7784102716158,1749.3701198189128
1894,FIDS140,i,18,IDS,85.66162390902963,68.5840741050896,324.9167610728839,1903.237423393182
1895,FIDS140,a,18,IDS,86.03391886829218,136.08113170782588,665.0922153523323,1162.8923293455607
1896,FIDS140,i,18,IDS,94.31637368332258,83.62631667742448,281.76253208793173,2077.687050586773
1897,FIDS140,i,18,IDS,96.19215094127858,96.27129090092978,281.7658395197286,2062.857479369535
1898,FIDS140,a,18,IDS,98.31153098386032,106.23038995963441,549.8301490045392,1041.6765860885134
1899,FIDS140,a,18,IDS,99.80242758291897,81.33264231283022,643.5602028159177,1134.254372011484
1900,FIDS140,u,18,IDS,102.0440850515428,175.9149484572049,419.8700582589261,840.297388869939
1901,FIDS140,u,18,IDS,106.7134594912557,116.18948901839588,326.2590052987183,674.0833497664942
1902,FIDS140,u,18,IDS,122.81,142.63652639509417,247.9072022476648,631.2213745090662
1903,FIDS140,a,18,IDS,145.9585512382328,152.70618556701265,593.5979304089444,1117.4669298679496
1904,FIDS140,u,18,IDS,148.2,101.13149932692522,343.83203809010894,1025.0487297417799
1905,FIDS140,a,18,IDS,150.8385177610935,129.46828776338748,587.5786438138986,1132.7485322901014
1907,FIDS140,u,9,IDS,12.05,169.99999999999994,358.5653227564379,644.1847700750623
1908,FIDS140,u,9,IDS,14.6880222670933,231.97773290669943,301.20742063416935,660.5776378442971
1909,FIDS140,u,9,IDS,15.2,169.99999999999994,332.0402894438059,948.6822453229667
1910,FIDS140,i,9,IDS,15.71,109.99999999999943,274.7640752467943,1824.6643038928883
1911,FIDS140,u,9,IDS,33.02,209.99999999999375,391.8274200200625,699.3169846939751
1912,FIDS140,u,9,IDS,40.40028672912889,159.71327087111575,313.42651479344994,998.6814064349094
1913,FIDS140,u,9,IDS,55.01,210.00000000000085,302.86528974777303,855.7524662923615
1915,FIDS140,a,9,IDS,70.04,179.9999999999926,649.3941134642721,1151.6893590436853
1916,FIDS140,i,9,IDS,87.3792086007057,140.79139929430085,279.4216395608638,2051.147821247528
1917,FIDS140,i,9,IDS,89.8,150.00000000000568,265.92639730633067,2086.369340769051
1918,FIDS140,a,9,IDS,98.5,159.9999999999966,650.9002535884908,1192.6310814597998
1919,FIDS140,a,9,IDS,99.8934998385442,146.5001614558048,629.2736529625196,1085.1751620014104
1920,FIDS140,a,9,IDS,101.87,89.9999999999892,688.4982203741316,1082.1162317472888
1921,FIDS140,i,9,IDS,111.6909895553116,78.22830686170335,853.8051770895041,2347.829039191787
1922,FIDS140,i,9,IDS,124.64,49.99999999999716,323.1629074212898,1821.3558742413554
1923,FIDS140,i,9,IDS,125.06,79.9999999999983,302.61344105592605,1980.1428321751107
1924,FIDS140,a,9,IDS,125.42,170.0000000000017,604.4650813340525,1141.472218511465
1925,FIDS140,i,9,IDS,135.6777572396426,182.24276035741127,363.96514160014067,2091.3622900493583
1926,FIDS140,a,9,IDS,140.74,109.99999999998522,591.6193457999426,1031.8356123148783
1927,FIDS140,a,9,IDS,142.4,120.00000000000455,574.1904003802769,1076.147433095435
1928,FIDS140,i,9,IDS,145.32,43.180906307014766,408.41900661241607,1407.551283271544
1929,FIDS140,u,9,IDS,162.7564348175607,133.56518243929827,514.8173830680084,1925.522761648631
1930,FIDS140,u,9,IDS,178.49,149.99999999997726,339.3485661027579,812.6904523184465
1931,FIDS140,a,9,IDS,215.67,300.00000000001137,653.8809375521636,1165.097586558494
1932,FIDS140,u,9,IDS,217.77,139.99999999998636,340.7594550215741,737.0909784014872
1933,FIDS140,a,9,IDS,223.64,170.00000000001592,618.716753256381,1172.0835134742133
1934,FIDS142,i,9,IDS,5.31,120.00000000000011,349.8671405209068,1864.4460457260348
1935,FIDS142,u,9,IDS,7.0,209.99999999999997,339.7158853539534,895.8384352798147
1936,FIDS142,u,9,IDS,8.04,168.1162374035967,387.34695360292216,715.4851158847619
1937,FIDS142,u,9,IDS,8.38,169.99999999999994,379.85044157566153,857.7320765820823
1938,FIDS142,i,9,IDS,8.99,99.99999999999964,354.70357793484095,2296.0499877539287
1939,FIDS142,u,9,IDS,16.63,165.30762185815107,349.4762338015052,1136.530628674629
1940,FIDS142,u,9,IDS,26.47,105.30893251166162,391.5749293080197,1074.5452027612293
1941,FIDS142,u,9,IDS,44.29,259.999999999998,279.3416966044007,671.8461022394753
1943,FIDS142,a,9,IDS,55.22,149.99999999999858,517.6699589575867,1242.6864884388074
1945,FIDS142,i,9,IDS,69.31,120.00000000000455,341.1326935852685,2386.3541761857778
1946,FIDS142,a,9,IDS,74.09,148.2678088079581,658.9279675506262,1232.9185368530518
1947,FIDS142,a,9,IDS,76.26,179.9999999999926,611.019938705228,1207.6889289524038
1948,FIDS142,a,9,IDS,77.89,109.99999999999943,644.3518270991291,1375.2315075889264
1949,FIDS142,i,9,IDS,89.53650115453732,60.31453699134204,767.9695724111674,2450.9302491180565
1950,FIDS142,i,9,IDS,89.84,99.99999999999432,342.25970295709527,2148.024487387834
1951,FIDS142,a,9,IDS,90.15,169.9999999999875,596.9210577072705,1145.233554856485
1952,FIDS142,i,9,IDS,101.93,112.83174036059052,386.5897382350013,2143.6509226028893
1953,FIDS142,i,9,IDS,108.4129536158302,87.04638416979549,367.09952258822636,2201.42116272966
1954,FIDS142,a,9,IDS,110.57,120.00000000000455,689.00312951669,1291.5603812596082
1955,FIDS142,a,9,IDS,111.57,90.00000000000341,603.0417713969724,1199.6402138287651
1956,FIDS142,i,9,IDS,114.82,40.00000000000625,402.8381986648085,2098.252682623479
1957,FIDS142,u,9,IDS,121.64,129.99999999999545,309.793601420172,793.1931202431326
1958,FIDS142,u,9,IDS,143.16,129.99999999999545,395.2460093282428,845.5550005471524
1959,FIDS142,a,9,IDS,153.5,280.00000000000114,707.740966516326,1300.4700207981166
1960,FIDS142,u,9,IDS,158.15,124.50711833960781,418.0289959185645,1393.316306273681
1961,FIDS142,a,9,IDS,160.86,159.9999999999966,606.5563209359902,1269.5286700503593
1962,FIDS143,i,12,IDS,6.43,160.00000000000014,329.79400994439777,2601.164315009196
1963,FIDS143,u,12,IDS,8.393428017542945,229.7129753651319,326.7803357557414,449.7594809631244
1964,FIDS143,u,12,IDS,10.22,160.00000000000014,373.3097180785302,737.5147639293803
1965,FIDS143,u,12,IDS,10.65,199.9999999999993,317.2271600494328,598.1275678144134
1966,FIDS143,i,12,IDS,11.44,99.99999999999964,392.5350443497712,2487.3223637122824
1967,FIDS143,u,12,IDS,19.4042310944999,155.76890550009992,381.8961575351743,1935.1680180936155
1968,FIDS143,u,12,IDS,24.57,210.00000000000085,382.5082366551898,2057.7853993255762
1969,FIDS143,u,12,IDS,32.21,184.60781076949928,387.92477452639804,764.8323952540272
1970,FIDS143,u,12,IDS,33.39,159.9999999999966,411.15619890662714,1527.4973819226914
1971,FIDS143,a,12,IDS,38.5737645602616,186.23543973839674,715.2264955866527,1301.1035135325765
1972,FIDS143,a,12,IDS,45.31,149.99999999999858,676.327355001894,1196.5912515640537
1973,FIDS143,i,12,IDS,54.72026835607823,129.7316439217724,356.64108255905956,2536.674172115442
1974,FIDS143,i,12,IDS,58.80066819607059,119.33180392941267,337.727020406271,2414.2464769349435
1975,FIDS143,a,12,IDS,63.55,100.00000000000142,736.2648134092202,1122.4782673802738
1976,FIDS143,a,12,IDS,65.1379609633175,142.03903668250462,960.4799595220102,1512.2536401659045
1977,FIDS143,a,12,IDS,66.72,109.99999999999943,782.2489723314405,1566.45466696759
1978,FIDS143,i,12,IDS,70.30092986608778,141.84462413255972,358.35196542376616,2365.0822585220976
1979,FIDS143,i,12,IDS,75.47613082130692,67.7841566651125,389.30692597669326,2357.775456781887
1980,FIDS143,i,12,IDS,75.8552199937674,55.231535060471515,387.87342081230304,2024.1551621165381
1981,FIDS143,a,12,IDS,76.16778027172325,192.21972827675415,731.3963125264845,1422.644865315003
1982,FIDS143,i,12,IDS,86.80123029211492,203.35246999536594,614.2701622069542,2090.6626716374894
1983,FIDS143,i,12,IDS,89.01,79.9999999999983,358.46178558014196,2206.4977151555086
1984,FIDS143,a,12,IDS,91.34228433053455,92.8893998744229,801.2109330449349,1255.86638545768
1985,FIDS143,a,12,IDS,92.62170263287037,80.33677826979613,633.724591438561,1132.6934817844358
1986,FIDS143,u,12,IDS,98.25713096171002,152.86903828997822,417.24731897734864,1433.8179383898973
1987,FIDS143,u,12,IDS,114.7018792835205,128.12071647950063,270.29363200292715,1666.6548589781623
1988,FIDS143,a,12,IDS,123.78,329.9999999999983,732.2830854516789,1219.1143985619606
1989,FIDS143,u,12,IDS,125.4,129.99999999999545,325.4984362090166,680.7441991367299
1990,FIDS143,u,12,IDS,127.63,87.54854204219953,382.6828541320445,1118.7928302727398
1991,FIDS143,a,12,IDS,128.2872232493878,163.1840808605034,723.7602464417505,1352.7353381002663
1992,FIDS143,i,15,IDS,6.49,89.99999999999986,290.0021239849077,2523.019501348526
1993,FIDS143,u,15,IDS,8.29,193.54967866690663,347.15913628836626,582.3374967694203
1994,FIDS143,u,15,IDS,9.051779235874848,64.95637092136164,298.8793343171656,1164.4257292458046
1995,FIDS143,u,15,IDS,9.36,160.00000000000014,382.1410721097325,683.6659851465472
1996,FIDS143,i,15,IDS,9.93,99.99999999999964,307.81612665907716,2374.068261622889
1997,FIDS143,u,15,IDS,17.4843531978825,155.64680211750215,368.9003279085245,651.8641369860019
1998,FIDS143,u,15,IDS,22.79441403828932,168.0393073835269,196.28679267686607,1303.860226697886
1999,FIDS143,a,15,IDS,39.43,289.99999999999915,650.7526067013353,1306.4090538456562
2000,FIDS143,a,15,IDS,42.39,137.98443550892614,683.705163951865,1151.602911214885
2001,FIDS143,i,15,IDS,54.28076482192157,189.2351780784267,345.8825507974103,2315.3862342543744
2002,FIDS143,i,15,IDS,58.08,109.99999999999943,310.29096667938666,1737.8055746378882
2003,FIDS143,a,15,IDS,63.07105271132154,138.94728867845885,664.0958672836788,1087.515595936921
2004,FIDS143,a,15,IDS,66.37,185.92490499557357,915.9824634419756,1308.284754182742
2005,FIDS143,i,15,IDS,73.19202401907751,72.01684602151204,311.4273582028296,2282.4069770258616
2006,FIDS143,i,15,IDS,78.64210921012968,80.48941614168825,317.2877864936514,2199.56960267812
2007,FIDS143,i,15,IDS,79.03749581573798,72.50418426201577,353.3984129463008,2388.9098989191816
2008,FIDS143,a,15,IDS,79.4,135.3385600660033,746.0995263195834,1353.5384686015711
2009,FIDS143,i,15,IDS,89.87,119.99999999999034,268.9814065938428,2511.760580590123
2010,FIDS143,i,15,IDS,92.73213739855196,97.8626014480426,323.3093725804069,2243.916400770403
2012,FIDS143,i,15,IDS,102.6,55.29292613080372,288.6652680814559,2168.0832496418893
2013,FIDS143,u,15,IDS,105.7624819350918,168.03930738349493,323.4850190621595,1535.4387400519427
2014,FIDS143,u,15,IDS,121.43,109.99999999999943,371.2982102701253,1173.021158024992
2015,FIDS143,a,15,IDS,129.74,209.99999999997954,698.3078710809452,1164.7644903074856
2017,FIDS143,u,15,IDS,136.3214681335604,175.09978248372704,392.45949591670933,896.577969314047
2018,FIDS143,a,15,IDS,137.16,150.00000000000568,776.1054606893424,1310.278199592602
2019,FIDS143,i,18,IDS,12.16,129.999999999999,347.7497756733033,2177.46025661572
2020,FIDS143,u,18,IDS,14.43,158.93181308829085,314.7923746696304,846.9752549709417
2021,FIDS143,u,18,IDS,15.94452652257957,175.47347742043053,400.35164092056357,940.7694153519965
2022,FIDS143,u,18,IDS,16.44,266.6874789892581,306.3436070524306,951.8856591688407
2023,FIDS143,i,18,IDS,17.31717667945991,79.67279246975068,330.9963724544152,2255.378626291508
2024,FIDS143,u,18,IDS,27.40353761625969,169.30468399819887,377.76167009190317,787.5119564519098
2025,FIDS143,u,18,IDS,36.93269592531372,247.30407468627646,345.972094143232,930.2741303319623
2026,FIDS143,u,18,IDS,48.47,155.42130070539883,397.6549944874687,811.0573638857359
2027,FIDS143,u,18,IDS,50.09,169.9999999999946,341.21399751457653,632.8606378741616
2028,FIDS143,a,18,IDS,56.009134741987,160.8652580130041,651.2078989666707,1163.578587670177
2029,FIDS143,a,18,IDS,59.72,136.2994102969779,852.4376175290498,1156.6447260592042
2030,FIDS143,a,18,IDS,64.62,98.50189797049325,792.5788441263192,1625.9948753762617
2031,FIDS143,a,18,IDS,68.39783109451892,114.52963917525949,673.1441697156281,1330.181733229937
2032,FIDS143,i,18,IDS,73.25908697753079,150.91302246921146,294.18231704467627,2392.6990194631057
2033,FIDS143,i,18,IDS,75.7180750994491,111.92490055090332,338.60121088759274,2637.9391740868396
2035,FIDS143,a,18,IDS,81.91,186.81893629329238,1020.4044727618978,1413.3713883502257
2036,FIDS143,a,18,IDS,84.06,100.36373122821374,670.8291768080435,1347.237503325824
2037,FIDS143,i,18,IDS,87.78426668954265,95.7333104573479,334.2684147724668,1725.0956847760879
2038,FIDS143,a,18,IDS,90.97,109.99999999999943,674.6943691992464,1306.4711243504491
2039,FIDS143,a,18,IDS,96.02435787622984,59.754594352313006,598.3017277878387,1476.4955874384318
2040,FIDS143,i,18,IDS,96.26504997058215,71.3735432541398,334.9206946413897,2253.5595451108925
2041,FIDS143,a,18,IDS,96.61838353736832,109.55008964590718,711.3869341118807,1276.4792995493904
2042,FIDS143,i,18,IDS,105.664125,134.37241567359592,292.0225946856475,2430.0757804072273
2043,FIDS143,i,18,IDS,108.213245426655,69.71369341108868,329.32967772877925,2376.975213965354
2044,FIDS143,a,18,IDS,110.9699839968028,92.95159121469965,770.2405666462697,1313.0298215957177
2045,FIDS143,u,18,IDS,115.4788911572687,91.10884273128761,530.2548238001249,1126.4205636001736
2046,FIDS143,u,18,IDS,120.4036779681157,86.32203188429344,251.0899131280225,764.8513419167948
2047,FIDS143,u,18,IDS,137.51,140.00000000001478,328.860515456737,884.4899170710294
2048,FIDS143,a,18,IDS,147.5817033771285,368.4866651726111,876.4008612841428,1386.1057352388045
2049,FIDS143,u,18,IDS,150.08,99.99999999999432,344.80238407228865,798.2912134675704
2050,FIDS143,u,18,IDS,152.2548121288103,92.95159121469965,476.0531100176597,1029.4354344143724
2051,FIDS143,a,18,IDS,152.9768606776674,161.00543478262352,594.436712016744,1229.903903750427
2052,FIDS144,u,12,IDS,12.88,179.99999999999972,368.2099337035751,1047.746876228803
2053,FIDS144,u,12,IDS,14.60996247189145,220.03752810855025,322.01350986287355,792.647215527335
2054,FIDS144,u,12,IDS,15.017611020226,242.38897977400063,315.03516004472806,667.3808998160443
2055,FIDS144,i,12,IDS,15.67,109.99999999999943,297.95685942228977,1679.6037569427504
2056,FIDS144,u,12,IDS,25.96938830961419,217.9787376511122,259.3777723903197,725.0430573940216
2057,FIDS144,u,12,IDS,30.55912120911701,208.43360010860934,350.1018814679385,1407.0654878545392
2058,FIDS144,u,12,IDS,42.73,90.00000000000341,338.13977605530044,825.1695292461789
2059,FIDS144,u,12,IDS,44.97,170.0000000000017,473.5228607429106,826.4784395849281
2061,FIDS144,a,12,IDS,57.07,130.3803595621602,575.6724922653244,1072.4137941752028
2062,FIDS144,i,12,IDS,66.26759226794026,68.66105143262757,340.0117176299121,1810.3942838395224
2063,FIDS144,i,12,IDS,69.4624708494527,117.5291505472984,313.31996127985474,1863.0313606936647
2064,FIDS144,a,12,IDS,72.54189205332028,168.10794667971152,603.5889477275421,999.9956727626544
2065,FIDS144,a,12,IDS,74.82,210.00000000000796,624.182297636879,1017.2734454484964
2066,FIDS144,i,12,IDS,81.72228906615922,86.97066514800156,276.0175979589234,1920.604413863463
2067,FIDS144,i,12,IDS,87.71299994471202,67.00005528797703,325.2411923618183,1912.4897199704149
2068,FIDS144,i,12,IDS,88.0379955881598,62.00441184019212,329.7670578410324,1687.127054493911
2069,FIDS144,a,12,IDS,88.33247520874863,122.06409143577446,507.5631597699337,1041.5549089608344
2070,FIDS144,i,12,IDS,101.087999238123,218.18956344149854,332.5712860885358,2059.9136087483125
2071,FIDS144,a,12,IDS,108.45,79.9999999999983,466.9595028860004,1038.6723281139984
2072,FIDS144,u,12,IDS,115.3978024765206,95.83726509011115,328.8489020506082,753.4725371522749
2073,FIDS144,u,12,IDS,130.79,80.0000000000125,337.34040381236565,940.5104540396422
2074,FIDS144,a,12,IDS,141.59,270.00000000001023,619.0889266360135,1030.016658444854
2075,FIDS144,a,12,IDS,147.84,169.9999999999875,856.7681379385788,1904.7729989539707
2076,FIDS144,i,9,IDS,10.85,140.00000000000057,268.3646220127688,1835.8843723229638
2077,FIDS144,u,9,IDS,15.51,310.0000000000005,318.46072765714115,951.5419018235281
2078,FIDS144,u,9,IDS,17.49,260.0000000000016,277.08788803560986,659.4313367612664
2079,FIDS144,u,9,IDS,18.03,209.9999999999973,284.0790202372085,819.3515523053129
2080,FIDS144,i,9,IDS,18.88,120.000000000001,339.8707542879029,2030.940363764596
2081,FIDS144,u,9,IDS,30.65773873462335,245.02869889902001,451.84378171588446,1733.5818248351252
2082,FIDS144,u,9,IDS,35.08,130.00000000000256,300.6588426748385,926.257143718866
2083,FIDS144,u,9,IDS,57.78,210.00000000000085,312.9667663063733,721.1655275742194
2084,FIDS144,u,9,IDS,68.46,120.00000000000455,355.9158451977657,732.5769348863843
2085,FIDS144,u,9,IDS,70.72,180.00000000000682,334.36903446934105,844.4327580303406
2086,FIDS144,a,9,IDS,80.38,100.00000000000853,674.3289849750211,911.2981017765611
2087,FIDS144,a,9,IDS,95.98,99.99999999999432,515.1432562331931,1032.7997134554187
2088,FIDS144,i,9,IDS,106.0931279369589,124.65474250670638,271.52042847567907,1934.3793111320215
2089,FIDS144,a,9,IDS,116.14,170.0000000000017,807.393042741842,2129.790506150356
2090,FIDS144,a,9,IDS,120.82,210.00000000000796,540.2456212835777,939.0505291382847
2091,FIDS144,a,9,IDS,123.23,149.99999999999147,610.0535795883111,967.77037142823
2092,FIDS144,i,9,IDS,136.0,92.26790597961099,329.7698107354403,2019.462993193681
2093,FIDS144,i,9,IDS,142.86,39.99999999999204,226.510367032053,1697.7756464472498
2094,FIDS144,i,9,IDS,143.16,73.40743249679349,286.2133620831609,1856.7698280214577
2095,FIDS144,a,9,IDS,143.47,99.99999999999432,606.8210423947023,1065.6814213945327
2096,FIDS144,i,9,IDS,150.46,179.9999999999784,260.91798541271066,2092.4814890971684
2097,FIDS144,i,9,IDS,160.42,160.000000000025,265.82712913132957,2146.126925602504
2098,FIDS144,a,9,IDS,162.86,89.99999999997499,492.54131172752375,1011.4385983572773
2099,FIDS144,a,9,IDS,166.15,97.44326736478115,613.2631384170277,1637.7041642791269
2100,FIDS144,i,9,IDS,168.89,50.00000000001137,243.11279987242122,2009.2675284884401
2101,FIDS144,u,9,IDS,172.7422604169121,157.7395830879027,321.222392743261,1210.0387898346244
2102,FIDS144,u,9,IDS,188.51,100.00000000002274,281.51649175452053,707.5591177129869
2103,FIDS144,a,9,IDS,204.2312889704394,248.68289077647887,555.8111605756461,1273.20690598904
2105,FIDS144,a,9,IDS,211.36,159.9999999999966,612.4525260581256,1048.6639576724906
2106,FIDS145,i,12,IDS,7.13,100.00000000000054,288.8953982410132,1994.633089587849
2107,FIDS145,u,12,IDS,8.54,220.00000000000063,315.16749090211636,864.6145677801795
2108,FIDS145,i,12,IDS,10.3810350991997,98.96490080030063,387.5263739204298,1832.4422567530069
2109,FIDS145,u,12,IDS,16.25,117.97594220914931,307.9971264976493,769.7125137129249
2110,FIDS145,u,12,IDS,19.46,109.99999999999943,327.28706189382746,1492.3365912633537
2111,FIDS145,u,12,IDS,30.46,79.9999999999983,285.8756063446287,569.3003913313238
2112,FIDS145,u,12,IDS,31.85,159.9999999999966,357.2869132367092,838.8544194511187
2113,FIDS145,a,12,IDS,37.56,94.13272468436418,529.1820740087657,1039.5944884932865
2114,FIDS145,a,12,IDS,43.04,70.00000000000028,550.5680484863228,1036.4079305244152
2115,FIDS145,a,12,IDS,58.28389156196602,117.70995742124057,570.0194103947093,976.7713382636111
2116,FIDS145,a,12,IDS,59.2,149.99999999999858,598.0557571039691,1064.4087654352795
2117,FIDS145,i,12,IDS,64.61612520317972,69.92128731208425,340.5789126127968,1847.8205382811063
2118,FIDS145,i,12,IDS,69.5147942032568,83.09486318248105,325.0527183860319,1819.8281852591338
2119,FIDS145,a,12,IDS,69.83423708115421,109.44201492326044,555.1719784543038,1030.8789503316982
2120,FIDS145,i,12,IDS,78.29922349731449,130.77650268552077,332.6340566670558,2034.73336289036
2121,FIDS145,i,12,IDS,80.54,66.41969571745676,273.73089468751573,1929.9575785561253
2122,FIDS145,a,12,IDS,82.99,70.21756180503758,606.229340730956,1016.0891884567311
2123,FIDS145,u,12,IDS,87.41,79.9999999999983,481.6726510042492,1197.727139609998
2124,FIDS145,u,12,IDS,89.8,79.9999999999983,321.19023190708117,835.4086261931143
2125,FIDS145,u,12,IDS,103.25,140.00000000000057,295.6007443000484,1622.8527862497049
2126,FIDS145,a,12,IDS,113.046839387618,239.8438066093007,410.9083988510415,910.7682315409827
2127,FIDS145,u,12,IDS,114.1814804808299,113.38070857890159,386.6172705517071,1788.4659178701413
2128,FIDS145,i,15,IDS,10.95,120.000000000001,315.8505780898112,1854.0959443817496
2129,FIDS145,u,15,IDS,13.48921825661381,176.25229678673904,401.77789958418373,1851.1258857650662
2130,FIDS145,u,15,IDS,15.36,117.93714802742095,226.78114663473113,678.1591509561057
2131,FIDS145,u,15,IDS,23.37718587797611,98.52612863855015,291.24787949449416,712.9500798569455
2132,FIDS145,u,15,IDS,37.40092323294388,59.11567718312938,365.6802563424467,1080.199667825397
2133,FIDS145,a,15,IDS,57.88,91.24891199783036,506.7676114201631,1131.2870094395516
2134,FIDS145,i,15,IDS,76.4367481171028,72.44371616152989,331.10958432307876,1640.7076445588796
2135,FIDS145,a,15,IDS,86.8135491916625,120.73952693587842,650.6382584609325,1590.0538278935308
2136,FIDS145,a,15,IDS,89.97,90.00000000000341,656.1174983652352,1322.8613471799363
2137,FIDS145,a,15,IDS,91.7456429718176,94.98176118955826,376.017057754727,1220.8547778312293
2138,FIDS145,a,15,IDS,93.9,109.99999999999943,442.10698698034207,979.4110873673122
2139,FIDS145,i,15,IDS,100.662487247005,49.90567113350153,275.5316745422365,1529.7963923549087
2140,FIDS145,i,15,IDS,106.17,81.10575647829421,340.60040309167,1657.6762699611475
2141,FIDS145,i,15,IDS,112.0863169733702,72.01608680679783,333.94174374585094,1700.6746746660913
2142,FIDS145,a,15,IDS,112.36,118.40455709599951,526.9789696619728,1085.180293299767
2143,FIDS145,i,15,IDS,124.74,200.00000000000284,376.59037943612157,1921.9298500925954
2144,FIDS145,a,15,IDS,127.22,139.74071062379778,541.3401781981825,1005.3028141137427
2145,FIDS145,u,15,IDS,132.1949344540494,235.06554595061857,369.1777396419355,1008.9921032797179
2146,FIDS145,a,15,IDS,165.65,79.21142329718123,507.625071368571,945.4221144395995
2147,FIDS145,i,18,IDS,14.83,118.52994733303923,322.2262183166463,2052.834476317687
2148,FIDS145,i,18,IDS,16.05,86.19130995077029,362.8696287480486,1853.790979409815
2149,FIDS145,u,18,IDS,18.09277005826987,97.22994173013078,304.1909342624362,787.033537647887
2150,FIDS145,u,18,IDS,18.41374845921116,305.4123711340218,283.6903695755832,774.8286893929239
2151,FIDS145,i,18,IDS,19.0084205513224,97.93114074406262,370.54282666795626,1778.6213117314267
2152,FIDS145,u,18,IDS,26.53,70.00000000000028,361.6462853226406,798.0757151412697
2153,FIDS145,u,18,IDS,37.49656151949794,104.57054011655487,470.2328281118983,1405.2487873957418
2154,FIDS145,u,18,IDS,46.6,103.20301994578784,274.4924412947857,702.5381418710361
2155,FIDS145,u,18,IDS,47.71,369.99999999999744,329.94812707814486,666.343152007202
2156,FIDS145,a,18,IDS,53.93,96.3613570137909,526.5878219210298,1001.5435815717998
2158,FIDS145,i,18,IDS,78.01755532832581,82.44467167418179,333.3142101675083,2014.6157169320516
2159,FIDS145,i,18,IDS,81.11556182765332,86.31219184222516,295.38264401536196,1998.1615247664097
2160,FIDS145,a,18,IDS,86.61,120.00000000000455,568.8291126689783,937.6377048368487
2161,FIDS145,a,18,IDS,89.06,189.99999999999773,643.761523146452,1048.4698147365793
2162,FIDS145,a,18,IDS,90.53403168421944,139.42738682206368,530.9581606652002,1003.4228954664958
2163,FIDS145,a,18,IDS,94.7803462572806,122.82888839088457,580.2263888780794,1136.8470166821419
2164,FIDS145,i,18,IDS,97.17163239578342,79.67279246973646,316.53442394436104,1895.392523621645
2165,FIDS145,i,18,IDS,105.43,79.9999999999983,329.7723195942549,1839.7200161925687
2166,FIDS145,i,18,IDS,105.7779996358099,73.0333930972904,294.0818037826286,1870.4517095342123
2167,FIDS145,i,18,IDS,114.5,109.99999999999943,367.14784480283066,1938.4706607455464
2168,FIDS145,a,18,IDS,116.9,79.68595920689836,589.513466040763,944.8035752490329
2169,FIDS145,a,18,IDS,118.3440249607756,71.37354325419665,560.5046091531741,1004.680637970863
2170,FIDS145,a,18,IDS,129.4664531039847,89.63189152851214,562.3369665276199,1040.6152021187252
2171,FIDS145,u,18,IDS,135.8362560230807,101.25084043031052,400.1989886527334,1473.9128022456334
2172,FIDS145,u,18,IDS,153.74,109.99999999998522,314.0382294278919,971.850797522046
2174,FIDS145,u,18,IDS,170.28,100.3505827158051,273.92425016201526,596.0841558069568
2175,FIDS145,a,18,IDS,172.6687498599326,126.14858807708629,535.2532084707134,959.8901096290939
2176,FIDS146,i,9,IDS,11.14,70.00000000000028,284.7637174750197,1971.4048959494085
2177,FIDS146,u,9,IDS,14.43,437.0203879402297,470.8005486780687,969.5655700393391
2178,FIDS146,u,9,IDS,16.13,150.00000000000213,418.48382316205567,709.4225834994397
2179,FIDS146,u,9,IDS,16.48,320.0000000000003,365.0026157903867,813.2748134901029
2180,FIDS146,u,9,IDS,25.35,99.99999999999787,357.57459684507086,1460.6298665129545
2181,FIDS146,u,9,IDS,31.40934835264845,270.65164735154923,323.272429286345,610.7870700993518
2182,FIDS146,u,9,IDS,44.41,110.00000000000654,452.4007563693543,991.9868858672749
2183,FIDS146,u,9,IDS,45.81,320.0000000000003,537.7369318206889,902.38571280615
2184,FIDS146,a,9,IDS,53.52,109.99999999999943,725.7163340203313,1160.7504583546606
2185,FIDS146,a,9,IDS,66.25,260.0000000000051,919.9210877677705,1179.8284950442282
2186,FIDS146,i,9,IDS,79.97,109.99999999999943,335.30175073504665,2158.3747481442556
2187,FIDS146,a,9,IDS,85.56,179.9999999999926,621.0139664105282,1186.0775065015773
2188,FIDS146,a,9,IDS,87.12,109.99999999999943,555.9717817115761,1183.7483638375852
2189,FIDS146,i,9,IDS,90.69,180.32293752678186,316.9779962181044,2035.5146765871696
2190,FIDS146,i,9,IDS,95.61,70.00000000000739,274.52484384032607,1579.2932837722408
2191,FIDS146,i,9,IDS,96.0248768515151,69.53592847203538,293.5336807831634,2197.0633465696637
2192,FIDS146,a,9,IDS,96.28,69.99999999999318,627.5267229160363,1160.6029189634232
2193,FIDS146,i,9,IDS,103.83,206.42446691100247,307.124033433799,1728.803848921541
2194,FIDS146,i,9,IDS,107.21,80.0000000000125,299.0908611994996,2240.9474686485955
2195,FIDS146,a,9,IDS,109.33,105.8634204048019,654.3966964438445,1043.3929513976466
2196,FIDS146,a,9,IDS,111.1046596022962,95.34039770380787,697.5543048608761,1145.4080531789998
2197,FIDS146,i,9,IDS,114.19,93.32284033659732,293.710175011403,2229.017405228603
2198,FIDS146,u,9,IDS,119.63,90.00000000000341,373.26456186859696,1160.199520786421
2200,FIDS146,a,9,IDS,139.6335136842714,267.64108204790205,750.9064496178732,1110.2300356181893
2201,FIDS146,a,9,IDS,143.74,90.00000000000341,817.3441675405024,1177.9607903509216
2202,FIDS148,i,12,IDS,6.30556270050723,144.43729949277008,318.68017471536353,2062.005426291636
2203,FIDS148,u,12,IDS,9.3,109.99999999999943,425.9334700753854,1756.2522071186263
2204,FIDS148,u,12,IDS,10.59,140.00000000000057,355.95098075194636,784.3088377441677
2205,FIDS148,u,12,IDS,10.89,274.5195150729689,332.4784051729816,551.1544478904403
2206,FIDS148,i,12,IDS,11.57,80.00000000000007,317.0971611076699,2007.7785316693273
2207,FIDS148,u,12,IDS,19.43,199.9999999999993,325.9206694555455,685.5341434061372
2208,FIDS148,u,12,IDS,26.02980341942355,140.19658057645046,392.045784974463,2194.984118496074
2209,FIDS148,u,12,IDS,40.27,119.99999999999744,350.6708435540505,505.4358094872629
2210,FIDS148,u,12,IDS,41.69195539383109,127.32570559471412,284.62436878587886,690.742480109949
2211,FIDS148,a,12,IDS,47.24,100.54500928260524,552.7539440803686,1168.333947302284
2212,FIDS148,a,12,IDS,51.05,120.00000000000455,498.55335025418464,914.3976152849706
2213,FIDS148,i,12,IDS,62.96789799866399,97.1350743712236,337.4726084242287,2034.9992213528042
2214,FIDS148,i,12,IDS,65.26894723594982,86.63398525001753,296.6445185665533,1992.764644672553
2215,FIDS148,a,12,IDS,69.39,140.00000000000057,651.330674091194,1228.3037705870893
2216,FIDS148,a,12,IDS,71.35,120.00000000000455,563.5809218915024,1071.7158238861332
2217,FIDS148,a,12,IDS,72.61220470118566,86.63398525000332,520.4085304893449,960.4662803653657
2218,FIDS148,i,12,IDS,76.02392489349745,82.69607682954927,332.48710559826696,2106.699914808929
2219,FIDS148,i,12,IDS,81.44,40.00000000000625,309.5140104702336,1921.6071720183138
2220,FIDS148,i,12,IDS,81.7104830240281,61.69389858712293,301.7744003833273,2144.3512142451473
2221,FIDS148,a,12,IDS,81.97,120.00000000000455,583.8532110617895,1155.4749466021694
2222,FIDS148,i,12,IDS,91.28,142.13907074871202,383.4231463065794,2141.403651010804
2223,FIDS148,i,12,IDS,93.3178210304338,102.17896956619654,372.60081266097416,2121.6076147542676
2224,FIDS148,a,12,IDS,95.01,89.9999999999892,542.9806698415096,1083.0226149642608
2225,FIDS148,a,12,IDS,96.12,89.9999999999892,551.57298053398,1026.0150291348946
2226,FIDS148,i,12,IDS,98.62,71.65162242939971,467.556981077853,1651.1260996525057
2227,FIDS148,u,12,IDS,102.2372041917878,112.79580821219781,364.6112970129673,1200.7767946720721
2228,FIDS148,u,12,IDS,119.6033800803052,106.61991969479345,289.1864737572063,555.5049648727321
2229,FIDS148,a,12,IDS,128.85,219.99999999999886,578.0851732524377,986.9379841075574
2230,FIDS148,u,12,IDS,130.67,82.7060067826153,338.9700100713236,601.9883421704576
2231,FIDS148,u,12,IDS,132.4216239678004,188.37603219961352,439.1677309889231,739.005805574507
2232,FIDS148,a,12,IDS,133.22,117.21497198038833,547.661160473546,966.552356004102
2233,FIDS148,i,9,IDS,9.19,99.99999999999964,355.2755911204061,2268.948034808327
2234,FIDS148,u,9,IDS,11.03,190.00000000000128,370.218283216442,996.1911013777564
2235,FIDS148,u,9,IDS,12.42,119.99999999999922,381.6417050608011,1203.7226101207457
2236,FIDS148,u,9,IDS,12.68,330.00000000000006,336.00328527467286,598.8858193568113
2237,FIDS148,i,9,IDS,13.43,60.0000000000005,339.6948707572336,2492.7781508008525
2238,FIDS148,u,9,IDS,22.08,113.52903742170994,387.4345397685753,1316.088663518445
2239,FIDS148,u,9,IDS,27.29108425837514,146.32164722802088,274.4125194969025,672.695494149893
2240,FIDS148,u,9,IDS,40.25,96.73058630114895,331.48090952435416,845.8631547602749
2241,FIDS148,u,9,IDS,41.47,189.99999999999773,376.77129275785103,756.6380914368158
2242,FIDS148,a,9,IDS,46.76,80.0000000000054,331.1916288050056,1029.0118531124047
2243,FIDS148,a,9,IDS,50.92,109.99999999999943,636.0745576089071,962.6058810831014
2244,FIDS148,i,9,IDS,62.59261337024136,90.77361448404275,306.20761151654324,2238.7504126367257
2245,FIDS148,i,9,IDS,65.05,90.00000000000341,327.12294547243846,2055.831029234613
2246,FIDS148,a,9,IDS,70.22,109.99999999999943,600.7400587932077,926.3085896571306
2247,FIDS148,a,9,IDS,71.87,129.99999999999545,579.2682886388878,896.4442374397211
2248,FIDS148,i,9,IDS,74.48,79.9999999999983,347.19093395451466,2207.5242046422677
2249,FIDS148,i,9,IDS,79.2,60.000000000002274,382.2034590690387,2381.7035472561192
2250,FIDS148,i,9,IDS,79.5,69.99999999999318,328.2179901587283,2276.2054584712278
2251,FIDS148,a,9,IDS,79.78,99.99999999999432,583.6593461394311,1089.5627602099141
2252,FIDS148,i,9,IDS,91.85,150.00000000000568,360.0821201606642,1886.2756287150594
2253,FIDS148,i,9,IDS,94.15,129.99999999999545,271.54374969724455,2201.402712722359
2254,FIDS148,a,9,IDS,98.48,136.38763355679373,544.495664508297,2090.81629748292
2255,FIDS148,a,9,IDS,99.67,60.000000000002274,535.05957212563,939.5091160290929
2256,FIDS148,u,9,IDS,101.67,69.99999999999318,364.9213002956025,941.2747825191356
2257,FIDS148,i,9,IDS,101.86,98.49301154089574,459.51644048603515,1481.76038554457
2258,FIDS148,u,9,IDS,105.39,150.00000000000568,380.9573127980568,585.8441936329655
2259,FIDS148,u,9,IDS,117.86,109.99999999999943,322.90179649489994,1241.6676906857992
2260,FIDS148,a,9,IDS,127.07,230.00000000000398,608.2300898635885,986.9364925198416
2261,FIDS148,u,9,IDS,129.2,113.19062535702074,355.83692138035764,699.595992196613
2262,FIDS148,a,9,IDS,131.48,100.00000000002274,589.6017470125053,884.5419386927308
2263,FIDS150,i,18,IDS,7.864953075974808,141.08723666517253,316.1562760549133,2163.9561928731246
2264,FIDS150,u,18,IDS,9.8,339.9999999999999,356.3789449376927,693.8362923912448
2265,FIDS150,u,18,IDS,10.94580261093675,164.19738906324886,365.2472458376789,1126.0865686495438
2266,FIDS150,u,18,IDS,11.34748627297171,340.2692178395306,386.01830232640674,911.4166141141004
2267,FIDS150,i,18,IDS,12.59663057485429,89.63189152846063,385.3764258424535,1915.000099696734
2268,FIDS150,u,18,IDS,19.58835429740031,162.66528462572794,344.08554966878864,789.2567906574535
2269,FIDS150,u,18,IDS,24.25150395002251,127.80843792020846,275.8376214917786,711.994662659898
2270,FIDS150,u,18,IDS,32.44,104.31425874998013,337.2715038381454,975.9674783422423
2271,FIDS150,u,18,IDS,33.53356487506547,256.43512493452647,260.08510097086986,667.7628470261408
2272,FIDS150,a,18,IDS,36.98,120.00000000000455,559.8381157087954,1029.9590065405928
2273,FIDS150,a,18,IDS,39.64,149.99999999999858,621.3168988927846,1331.4582970244162
2274,FIDS150,i,18,IDS,53.65961268558797,140.387314412024,260.8703137648144,2216.845890204328
2275,FIDS150,i,18,IDS,56.5270002853505,122.99971464949522,302.5909530618836,2340.758713710761
2276,FIDS150,a,18,IDS,58.52,109.99999999999943,696.2159051329752,1125.2035515732937
2277,FIDS150,a,18,IDS,61.80668653126763,93.31346873236868,660.0538475415316,1167.4144408974148
2278,FIDS150,a,18,IDS,62.74,159.9999999999966,760.1277312645295,1179.2039322028436
2279,FIDS150,a,18,IDS,64.0734057444167,176.59425558329644,722.9979446554166,1204.580681598644
2280,FIDS150,i,18,IDS,66.43958760859672,150.4123914032789,268.4427371410952,1520.01090805542
2281,FIDS150,i,18,IDS,71.33589682546979,55.45251512992877,338.28707123701696,2033.8696842156564
2282,FIDS150,i,18,IDS,71.77111505027744,95.78161704260424,290.1396688579448,2233.884436817078
2283,FIDS150,a,18,IDS,72.20281170007516,107.18829992484302,680.521539564672,1055.3281174211738
2284,FIDS150,i,18,IDS,78.71088528746192,99.11471253808202,287.4979400394285,2107.147332889644
2285,FIDS150,i,18,IDS,80.54933827350348,150.39394254937122,284.09806451478016,2145.684907246025
2286,FIDS150,a,18,IDS,82.1330769208191,96.92307918091103,764.5768678561601,1264.8084348974653
2287,FIDS150,a,18,IDS,83.40258462432111,99.71135764084238,643.4492056304507,1053.4118647125815
2288,FIDS150,i,18,IDS,85.70886243963773,69.73573872400607,469.1158904069532,1426.3337244382571
2289,FIDS150,u,18,IDS,89.09747141805178,149.55375292619522,305.3680365903188,848.61270131958
2290,FIDS150,u,18,IDS,103.89,120.00000000000455,300.99851107373314,741.9715549436967
2291,FIDS150,a,18,IDS,111.8733194182483,176.68058175169676,646.2864192114974,1125.8116025910583
2292,FIDS150,u,18,IDS,114.01,89.9999999999892,308.54171469849723,765.091188288668
2293,FIDS150,a,18,IDS,116.0750960149438,151.2341321725046,719.1617862043481,1104.31156157432
2294,FIDS150,i,9,IDS,8.606887475253284,183.1125247467149,284.492744915913,2029.6805780270872
2296,FIDS150,u,9,IDS,12.99,209.9999999999991,312.67334871260175,757.1694086837251
2297,FIDS150,u,9,IDS,13.43,160.00000000000014,358.77028687546016,848.6373017056615
2298,FIDS150,i,9,IDS,14.00265571664838,127.34428335162029,339.1965283044792,2149.468373053861
2299,FIDS150,u,9,IDS,22.51352242436156,191.42399963682877,339.8342177707687,570.7775391141736
2300,FIDS150,u,9,IDS,26.72,170.0000000000017,239.55943246601348,734.9794712250704
2301,FIDS150,u,9,IDS,37.5,149.99999999999858,226.11770295608906,644.2091184464825
2302,FIDS150,u,9,IDS,39.22718084989818,197.35674962605998,327.2666576108048,746.3554262304922
2303,FIDS150,a,9,IDS,46.56,140.00000000000057,711.8425260121357,1115.547382062376
2304,FIDS150,a,9,IDS,49.21,149.99999999999858,622.5056108322665,1031.7505401818667
2305,FIDS150,i,9,IDS,56.99367065783207,136.32934216793302,316.85533073530337,2243.581248207926
2306,FIDS150,a,9,IDS,65.63293897174466,137.0610282553315,734.371127380256,1022.600059485143
2307,FIDS150,a,9,IDS,67.23,200.00000000000284,840.0473857548502,1256.2925553513487
2308,FIDS150,a,9,IDS,68.68,169.9999999999875,834.4503701288959,1160.2237086807381
2309,FIDS150,i,9,IDS,71.28664802681806,63.35197318193764,415.8390238403028,2213.1189681514043
2310,FIDS150,i,9,IDS,76.39,60.000000000002274,316.00240547588226,1704.250522002863
2311,FIDS150,i,9,IDS,76.77,120.00000000000455,268.7926763602799,2236.9552586802984
2312,FIDS150,a,9,IDS,77.19,109.99999999999943,722.0528719859623,1134.0400527863012
2313,FIDS150,i,9,IDS,89.06,120.00000000000455,304.14945892168805,2685.995364776547
2314,FIDS150,i,9,IDS,90.93,179.9999999999926,293.0357833231923,1735.889063053728
2315,FIDS150,a,9,IDS,93.03,109.99999999999943,652.2017063559944,1683.227905357591
2316,FIDS150,a,9,IDS,94.66,109.99999999999943,605.280156209969,1079.9650697474626
2317,FIDS150,u,9,IDS,101.514395887252,96.51753448871148,352.06294382804197,587.9251025420356
2318,FIDS150,u,9,IDS,112.52,103.2932329397056,344.97343593333915,984.5004201206374
2319,FIDS150,a,9,IDS,121.84,239.99999999999488,674.3255710910075,1125.6290757067732
2320,FIDS150,u,9,IDS,123.65,109.99999999999943,332.01300330347965,699.4461741430384
2321,FIDS150,a,9,IDS,126.26,149.99999999999147,648.5671310107543,1105.4348832808596
2322,FIDS151,i,12,IDS,8.11,130.0000000000008,293.17660334948783,2090.03377585226
2323,FIDS151,u,12,IDS,9.86,169.99999999999994,430.52404164495266,1099.8731715290096
2324,FIDS151,u,12,IDS,11.21,59.99999999999872,397.1057694036305,963.0440488968635
2325,FIDS151,u,12,IDS,11.45326593804039,186.7340619596103,352.85502379490794,1156.1771306179098
2326,FIDS151,i,12,IDS,12.13,80.00000000000007,325.121094727486,1954.2796093499271
2327,FIDS151,u,12,IDS,20.19832484684935,138.92107964436917,338.72222724922983,797.0311179115442
2328,FIDS151,u,12,IDS,29.07946549591556,90.53450408444164,314.30492805731984,897.520491734949
2329,FIDS151,u,12,IDS,37.96,79.9999999999983,335.2508938506307,786.7330977883693
2330,FIDS151,u,12,IDS,38.8,170.0000000000017,394.97333213711806,1540.9054869116346
2331,FIDS151,a,12,IDS,43.26,80.0000000000054,373.5051772380641,1005.1806496808617
2332,FIDS151,a,12,IDS,46.39213365716272,127.8663428372866,487.6947603253573,967.2292100008635
2333,FIDS151,i,12,IDS,56.19085836395045,91.39544713445247,320.5908209213753,1954.045973438957
2334,FIDS151,i,12,IDS,58.49502016206326,94.97983793674081,328.2258421683136,1949.153740233882
2335,FIDS151,a,12,IDS,63.9097356876912,129.17223195002947,576.3873511873522,1053.75222399017
2336,FIDS151,a,12,IDS,65.29,109.99999999999943,429.12310468048145,956.789914791233
2337,FIDS151,a,12,IDS,66.74800878508755,101.99121491244512,334.835722080264,1046.6302392793807
2338,FIDS151,i,12,IDS,70.65081199245168,81.64659944010566,384.44921825198924,1712.8861496837194
2339,FIDS151,i,12,IDS,75.3506079459708,52.400056357086555,320.53957802986815,1927.6227222275913
2340,FIDS151,a,12,IDS,75.6333245291067,108.45593059954695,551.9561812178692,1042.0976589876311
2341,FIDS151,i,12,IDS,84.96057810185616,109.42189814383596,306.80232201684333,2028.3537127355073
2342,FIDS151,i,12,IDS,86.90199745081824,108.00254918176222,329.8711116339198,2247.2884105221706
2343,FIDS151,a,12,IDS,89.04,89.9999999999892,536.6925096368265,920.6740408810491
2344,FIDS151,i,12,IDS,92.26,49.090131307920615,381.55182796153673,1574.8080816692004
2345,FIDS151,u,12,IDS,95.37,119.99999999999034,358.1315771261832,742.754174571205
2346,FIDS151,u,12,IDS,108.9257017735285,114.29822647150445,408.47817554577557,580.0227083329717
2347,FIDS151,a,12,IDS,117.85,141.22781878060664,597.220676214563,1059.1251752740664
2348,FIDS151,u,12,IDS,119.8410961159245,116.98617233210484,470.6946514928088,2023.3418201353777
2349,FIDS151,a,12,IDS,122.9,109.99999999999943,510.1350789653308,952.5367627614078
2350,FIDS151,i,15,IDS,7.92,119.99999999999922,298.33819243485925,2148.7573700257894
2351,FIDS151,u,15,IDS,10.57,209.9999999999991,409.1533967544785,1433.267876037313
2352,FIDS151,u,15,IDS,11.95,80.00000000000007,334.0116489935175,868.1183573580153
2353,FIDS151,u,15,IDS,12.15,183.1142324967292,331.8136157819223,740.0561059222566
2354,FIDS151,i,15,IDS,12.80851183974836,71.48816025163995,222.72565118016792,1967.093953373796
2355,FIDS151,u,15,IDS,27.18111942622224,178.8805737777608,257.38502807240786,751.4561067231912
2356,FIDS151,u,15,IDS,31.61573219095186,96.89647523143918,397.58012726057547,2110.3703529479185
2357,FIDS151,u,15,IDS,38.89,103.01005977901667,256.4250668930434,797.9158435679303
2358,FIDS151,u,15,IDS,51.11,130.00000000000256,434.73118685517557,1065.0101214523245
2359,FIDS151,a,15,IDS,59.52,160.52567367405857,492.04559492609667,1012.3037696061931
2360,FIDS151,a,15,IDS,74.18,129.99999999999545,591.8293879831433,1095.8008278409627
2361,FIDS151,i,15,IDS,86.35355170335448,146.4482966455165,295.4805556858671,2307.3693705641235
2362,FIDS151,i,15,IDS,88.95,204.80119974804722,253.7862181520294,1903.309479942165
2363,FIDS151,a,15,IDS,96.72092660052952,158.4180468069576,596.1544237525796,1450.9932312121655
2364,FIDS151,a,15,IDS,99.86,170.0000000000017,550.7725707893136,981.3439159042678
2365,FIDS151,a,15,IDS,102.2790796576306,203.0211861991944,457.5876095407841,792.6268149126767
2366,FIDS151,i,15,IDS,121.5276431879545,103.04863238890505,285.40826710425426,2048.8672983899387
2367,FIDS151,i,15,IDS,126.4759908052956,74.00919470440215,286.13431712085674,2024.4963817212142
2368,FIDS151,i,15,IDS,126.92,90.00000000000341,258.08005900890885,1973.7564828012296
2369,FIDS151,a,15,IDS,127.3636126720588,116.89098599349279,413.3784523146629,951.428615463251
2370,FIDS151,i,15,IDS,140.5917359204574,166.10824325388762,321.61988651006254,2274.850911165162
2371,FIDS151,i,15,IDS,143.3266123436718,113.38765632820014,340.3736146253322,2142.8677727574313
2372,FIDS151,a,15,IDS,147.46,90.00000000000341,390.59783101785695,866.9456292366193
2373,FIDS151,a,15,IDS,148.98,120.00000000000455,432.96048998643204,817.6317272016364
2374,FIDS151,i,15,IDS,151.82,50.37195811320316,409.0984702605752,1547.7024261262313
2375,FIDS151,u,15,IDS,155.8055769012931,92.28235736330248,361.0049405101408,1004.3458352267696
2376,FIDS151,u,15,IDS,174.94,189.99999999999773,377.882436410718,2216.1090916239614
2377,FIDS151,a,15,IDS,196.8,109.31479981979919,293.153399924198,1416.8165401020015
2379,FIDS151,a,15,IDS,203.02,129.99999999999545,670.691489298988,1050.5443058990622
2380,FIDS151,i,9,IDS,7.514480184186185,122.21832531425659,349.4031266004527,2165.2495221910176
2382,FIDS151,u,9,IDS,10.76,99.99999999999964,317.97147783566965,875.1986703275617
2384,FIDS151,i,9,IDS,11.7,74.16819729248125,363.44562338887795,2173.2653691354744
2386,FIDS151,u,9,IDS,28.72452621252934,73.13852538490906,531.7722739808711,975.0008389662006
2387,FIDS151,u,9,IDS,38.51807717670571,130.87946647826243,431.1909239126977,1548.9666213257565
2389,FIDS151,a,9,IDS,48.08,90.00000000000341,560.8089628352518,867.6344475598396
2390,FIDS151,a,9,IDS,51.48423684107506,141.4653056787074,611.1444827071097,1144.4353141688398
2391,FIDS151,i,9,IDS,62.32165527327088,118.34472672912,294.2158826194158,2277.223444023438
2392,FIDS151,i,9,IDS,65.34923085449188,110.76914550811523,284.8318902508741,2305.7626485787573
2393,FIDS151,a,9,IDS,69.34,222.35067101718187,734.7958415938067,1136.3471282987732
2394,FIDS151,a,9,IDS,85.85419274573457,247.13385363867246,599.2703203509477,921.4896146718004
2395,FIDS151,i,9,IDS,88.99958173054237,70.41826945761898,330.84722628238063,1670.973782663324
2396,FIDS151,i,9,IDS,93.99,60.000000000002274,350.75106943185693,2045.7025015736522
2397,FIDS151,i,9,IDS,94.3,60.000000000002274,294.04729030081387,1936.18976282621
2398,FIDS151,a,9,IDS,94.61,99.99999999999432,653.0999416642848,1077.07969391388
2399,FIDS151,i,9,IDS,102.24,166.17901589260953,375.57988800407304,2289.578777680358
2400,FIDS151,i,9,IDS,109.4310352788562,128.9647211438023,315.0235312405224,2252.657864751998
2401,FIDS151,a,9,IDS,112.02,141.46288502099935,518.9047971338583,955.2602987011763
2402,FIDS151,a,9,IDS,113.82,100.00000000000853,609.1109044519519,934.3719477138552
2403,FIDS151,i,9,IDS,116.5749006395863,61.27285627410117,404.67150472621404,1553.2168604357319
2404,FIDS151,u,9,IDS,120.22,129.99999999999545,313.11449690197844,895.2742573644645
2405,FIDS151,u,9,IDS,133.65,129.99999999999545,346.67376541480047,652.9301441853074
2407,FIDS151,a,9,IDS,153.4,109.99999999998522,604.367516013506,999.7079965906886
2408,FIDS152,i,12,IDS,5.46,160.00000000000014,738.7489903559888,2279.3851601602373
2409,FIDS152,u,12,IDS,8.25,138.9979494172593,297.03002871202995,1380.721086429554
2410,FIDS152,u,12,IDS,9.5,119.99999999999922,294.6131300938792,851.202679812863
2411,FIDS152,u,12,IDS,9.75,199.86908750401432,288.2392333519556,682.1260738788753
2412,FIDS152,i,12,IDS,10.61,110.00000000000121,306.05130423776995,2059.775973330178
2413,FIDS152,u,12,IDS,19.84959972311505,130.40027688495215,274.9261001170947,528.4181802800694
2414,FIDS152,u,12,IDS,24.24504933109037,167.52875979225834,362.54798157745563,505.78161680446743
2415,FIDS152,u,12,IDS,33.88,120.93394583394712,455.4872527520053,844.5979377591852
2416,FIDS152,u,12,IDS,35.32353344532078,176.466554679223,302.1687331129271,581.821584974602
2417,FIDS152,a,12,IDS,40.06,140.00000000000057,668.1098552038563,1180.5783079526998
2418,FIDS152,a,12,IDS,41.52,117.9686863094247,662.8730328496451,1129.2358432515593
2419,FIDS152,a,12,IDS,44.09,119.99999999999744,656.6955849576672,1168.3158992953108
2420,FIDS152,a,12,IDS,47.25,140.00000000000057,618.974825900458,1054.7728632948163
2421,FIDS152,i,12,IDS,58.59297505915679,264.12191859139966,315.54209948172127,2348.781157530574
2422,FIDS152,i,12,IDS,63.44298719569863,104.13949933032995,354.99713618571263,2080.2081185948437
2423,FIDS152,a,12,IDS,69.20533564777168,126.77852092387809,535.254031813634,1074.6685712750482
2424,FIDS152,a,12,IDS,71.98381579086904,116.18420913094951,768.9798849456913,1162.1084713164537
2425,FIDS152,a,12,IDS,73.12,149.99999999999147,433.9124134717401,1131.1195643050921
2426,FIDS152,i,12,IDS,78.75066110700638,86.02828205548008,384.81965480305666,1791.4774953028452
2427,FIDS152,a,12,IDS,85.27,140.00000000000057,649.7962597871398,1093.7671025698319
2428,FIDS152,i,12,IDS,94.2070942878711,142.90571212889347,270.971039455827,2312.9517458959417
2429,FIDS152,i,12,IDS,96.41,120.00000000000455,342.3735183382441,2068.72863562583
2430,FIDS152,a,12,IDS,100.1,80.0000000000125,683.9104847374218,1226.4064322465645
2431,FIDS152,a,12,IDS,101.2,60.000000000002274,668.5595433512857,1192.9255451458246
2432,FIDS152,u,12,IDS,107.1198348772509,131.3063252425053,301.5800676088077,642.106659712206
2433,FIDS152,u,12,IDS,126.33,154.84968136570387,388.992793001504,744.508094812319
2434,FIDS152,a,12,IDS,139.8850965897524,134.70239951948315,494.61477734132563,1172.8965044813076
2435,FIDS152,u,12,IDS,142.17,130.00000000002387,353.28211694657125,903.6898428919528
2436,FIDS152,a,12,IDS,144.32,106.15226557999335,629.0409444990873,1119.6733608193958
2437,FIDS152,i,15,IDS,6.84,219.99999999999974,238.35342912899796,2282.433161032666
2438,FIDS152,u,15,IDS,9.84,210.00000000000085,259.45223879435997,642.9206044432291
2439,FIDS152,u,15,IDS,11.92372125316931,216.27874683069058,336.31880263601175,702.3957347714705
2440,FIDS152,u,15,IDS,12.29500207568642,264.9979243135814,341.2649819653775,711.5708844325991
2441,FIDS152,i,15,IDS,13.56,119.99999999999922,321.12887359892284,2027.28043953795
2442,FIDS152,u,15,IDS,21.51220786088176,157.79213911824286,287.06117886170426,552.6450582593232
2443,FIDS152,u,15,IDS,26.3583749387894,171.52423246886883,318.2852826950935,503.13011377321016
2444,FIDS152,u,15,IDS,38.79,130.00000000000256,417.2561976157416,907.1460063638829
2445,FIDS152,u,15,IDS,40.18,179.99999999999972,408.7899083075391,1256.2753024202648
2446,FIDS152,a,15,IDS,43.5,159.9999999999966,571.6650799844459,1056.2878936396332
2447,FIDS152,a,15,IDS,44.63019550038427,170.2722307720208,598.4047089072262,1060.6606735361968
2448,FIDS152,a,15,IDS,46.35,119.99999999999744,546.0806282288154,1066.2786213519419
2449,FIDS152,a,15,IDS,48.05,112.53826283338952,512.7067670205271,978.6058254111927
2450,FIDS152,i,15,IDS,57.19656533721555,181.54024604368857,324.72012666840277,1751.5741044942445
2451,FIDS152,a,15,IDS,66.54,142.08594861072754,596.5506513245382,1062.8919878048148
2452,FIDS152,a,15,IDS,68.94,140.00000000000057,541.9700978016072,1099.7313615970495
2453,FIDS152,a,15,IDS,69.75,150.00000000000568,463.52501776509246,1075.9770484926707
2454,FIDS152,i,15,IDS,74.57,105.5509543657962,392.4525436873754,1656.078560760539
2455,FIDS152,a,15,IDS,81.09,109.99999999999943,527.3494899620418,1440.3532814093878
2456,FIDS152,i,15,IDS,91.79,169.9999999999875,331.6079656720595,2238.637759407047
2457,FIDS152,i,15,IDS,93.74,130.00000000000966,291.6554706175063,2259.8934862698097
2458,FIDS152,a,15,IDS,97.42,90.00000000000341,773.1658750456984,1331.3721580357023
2459,FIDS152,a,15,IDS,100.51,69.99999999999318,625.1905619376115,1142.5658674311157
2460,FIDS152,u,15,IDS,106.9244328612983,125.20016968530001,301.9277206101582,1280.2605493391932
2461,FIDS152,u,15,IDS,121.3,119.54392121479884,396.8040566861082,852.1623743073187
2462,FIDS152,a,15,IDS,131.45,180.00000000000682,407.96436798464055,998.4494974406297
2463,FIDS152,u,15,IDS,134.65,129.99999999999545,393.62796785707224,2109.007215136767
2464,FIDS152,a,15,IDS,136.55,157.80528995870213,495.6976698854567,1007.5069139030134
2465,FIDS152,i,18,IDS,10.27086006202312,129.46828776333064,306.2769624949589,2308.6759666029147
2466,FIDS152,u,18,IDS,15.60951537354268,90.4846264573198,333.3187408324919,711.3281017907183
2467,FIDS152,u,18,IDS,15.86548326910521,404.51673089478925,302.2818238561469,617.3251311228117
2468,FIDS152,i,18,IDS,17.02182753737056,141.08723666517164,261.56350883190464,2149.970614873077
2469,FIDS152,u,18,IDS,28.43176492531332,128.23507468667827,294.5526084632513,551.3336540781855
2470,FIDS152,u,18,IDS,35.69149010460495,238.50989539504752,399.8711704869348,1823.7191965484396
2471,FIDS152,u,18,IDS,52.90563752308231,120.8756244446505,352.92442518378897,769.982718888445
2472,FIDS152,u,18,IDS,54.77169786597782,198.30213402217822,252.74314386433912,652.137131065077
2473,FIDS152,a,18,IDS,58.83507583549805,194.92416450194838,321.59583671670464,1032.4555046677992
2474,FIDS152,a,18,IDS,60.67,257.0564495723815,400.1119851603492,1005.1410173978629
2475,FIDS152,a,18,IDS,64.06,99.99999999999432,1144.5595916262582,1937.0130993306082
2476,FIDS152,a,18,IDS,65.69968909748786,137.7675369789415,529.499063850218,1018.6476334784181
2477,FIDS152,a,18,IDS,67.11,130.67100022202283,390.84284154972823,1075.1405164916393
2478,FIDS152,a,18,IDS,68.01,107.24246481183286,513.7002148987806,1043.845897017787
2479,FIDS152,i,18,IDS,79.33555670170055,209.1263727028263,395.94419677755855,1980.1802343756467
2480,FIDS152,a,18,IDS,86.84322632854915,194.20243164501017,426.2451325666419,1512.7704600802326
2481,FIDS152,a,18,IDS,89.0672766423097,92.72335769030349,547.1969970359543,965.8518170674167
2482,FIDS152,a,18,IDS,91.36026591281608,137.7675369789415,422.45645313974626,1104.9021958583132
2483,FIDS152,i,18,IDS,95.32291627668108,111.20993948901514,458.9670286109026,1774.7262350381568
2484,FIDS152,i,18,IDS,100.1204494736777,54.77504482290385,431.62777215134935,1729.2709157549557
2485,FIDS152,a,18,IDS,100.68,91.11257318458854,585.3307469980155,1136.7684942390747
2486,FIDS152,i,18,IDS,113.345206169105,211.6308549978072,265.2224896558265,2230.073399016468
2487,FIDS152,i,18,IDS,115.2293137021618,120.68629783819063,281.9971471577236,2247.384457311837
2488,FIDS152,a,18,IDS,119.9051596652947,94.6114410577934,513.3164885867197,1204.8279814643804
2489,FIDS152,a,18,IDS,122.45,90.00000000000341,530.2338261904246,1336.6044516046472
2490,FIDS152,u,18,IDS,128.619020111843,103.74061519499378,350.82762652608295,864.3990240238006
2491,FIDS152,u,18,IDS,144.99,99.99999999999432,382.9857372699878,879.9565354333807
2492,FIDS152,a,18,IDS,157.1462282724274,173.77172757258563,831.0572270533452,1283.6205225895037
2493,FIDS152,a,18,IDS,159.47,125.96416720589332,618.5170385927693,1622.9424155873585
2494,FIDS152,u,18,IDS,160.98,99.77187675352184,321.48697377669396,627.1653350768365
2495,FIDS152,a,18,IDS,163.54,110.00000000001364,564.648002536258,1077.262137403991
2496,FIDS152,i,9,IDS,10.11,169.99999999999994,366.66038971647333,2117.0891225173004
2497,FIDS152,u,9,IDS,12.2,180.00000000000148,299.3388488877947,1014.7041456711021
2498,FIDS152,u,9,IDS,13.31,109.99999999999943,272.00032055766286,727.1717336321841
2499,FIDS152,u,9,IDS,13.53378547545127,248.80926955903072,234.89120021388885,466.0448235465469
2500,FIDS152,i,9,IDS,14.45,120.000000000001,387.25263977567863,2188.3435774480104
2501,FIDS152,u,9,IDS,23.21,142.3881060196308,289.2539493037425,455.11959153368525
2502,FIDS152,u,9,IDS,27.56380040024186,118.55029902519121,333.2871372831711,702.9903912019158
2503,FIDS152,u,9,IDS,39.81,157.1364154918271,349.94106336100884,1348.7448431130656
2504,FIDS152,u,9,IDS,41.07,229.99999999999687,304.95084103108553,457.51186988106554
2505,FIDS152,a,9,IDS,47.28713946892849,114.15954720944654,761.5672311791254,1125.7581849665974
2506,FIDS152,a,9,IDS,51.01326486509717,116.73513490283227,574.6088808483236,997.6330953787017
2507,FIDS152,i,9,IDS,61.97601477583324,123.98522416675917,337.4309331543176,2128.344963568905
2508,FIDS152,i,9,IDS,64.99838183272323,112.69596327085196,366.94526634915354,2145.1481534760464
2510,FIDS152,a,9,IDS,72.98204134481836,137.95865518164874,509.9907740996169,960.5217540147426
2511,FIDS152,a,9,IDS,74.86,150.00000000000568,612.3106085421143,1046.4323348418343
2512,FIDS152,i,9,IDS,77.7706908251205,93.66937206928583,369.5647339023313,2389.3662692468147
2513,FIDS152,i,9,IDS,83.16,60.000000000002274,356.6962882851193,2044.8763658796681
2514,FIDS152,i,9,IDS,83.50611350835534,103.88649164465846,366.47568118141976,2146.1208171215226
2515,FIDS152,a,9,IDS,83.89,140.00000000000057,630.2179643030987,1086.0052193377624
2516,FIDS152,i,9,IDS,91.6,160.0000000000108,310.5381677274622,2107.9649115579405
2517,FIDS152,i,9,IDS,94.48539024171642,84.60975828357675,341.43055564818917,2140.0535693652
2518,FIDS152,a,9,IDS,96.94,100.00000000000853,702.8916730516299,1124.7444969406677
2519,FIDS152,a,9,IDS,98.26,87.7866591503107,680.0460908878852,1181.1652042176706
2520,FIDS152,i,9,IDS,100.98,49.99999999999716,445.92061536727346,1646.1170196470869
2521,FIDS152,u,9,IDS,105.48,129.99999999999545,421.0926376613364,1723.7264667233442
2522,FIDS152,u,9,IDS,117.19,109.99999999999943,350.5819328751317,583.256240707771
2523,FIDS152,a,9,IDS,128.71,173.3441377242002,538.922814840749,955.9989492991504
2524,FIDS152,u,9,IDS,130.6877396733893,140.5040581038861,380.53438105738553,1077.744706812859
2525,FIDS152,a,9,IDS,133.45,170.70825032581638,592.5854620838245,1078.7569529882028
2526,FIDS153,i,9,IDS,11.48,129.999999999999,291.557070606189,2076.037279006281
2527,FIDS153,u,9,IDS,14.3,229.99999999999864,245.5965623958502,609.463585966087
2528,FIDS153,u,9,IDS,15.9,169.99999999999994,326.84578963793854,628.5535701396708
2529,FIDS153,u,9,IDS,16.24,190.00000000000128,341.67122417904034,722.6805742592452
2530,FIDS153,i,9,IDS,16.8,99.99999999999787,311.6172255878618,2094.2190913231107
2531,FIDS153,u,9,IDS,28.25,219.99999999999886,279.6458713480271,904.4408133919491
2532,FIDS153,u,9,IDS,37.16190100622729,122.89533136698338,279.19258187197386,1245.8418938955324
2533,FIDS153,u,9,IDS,49.31,149.99999999999858,336.34110057950767,1317.4744877691296
2534,FIDS153,u,9,IDS,51.45,179.99999999999972,275.875415598087,768.6451912893264
2535,FIDS153,a,9,IDS,66.86,156.1366877542838,487.02139236039693,1014.5892552734565
2536,FIDS153,a,9,IDS,70.98350872748493,135.3090012020317,552.1320428095794,1047.5533907181264
2537,FIDS153,i,9,IDS,83.34703324775988,132.96675224012233,286.63127494311556,2090.2258508479163
2538,FIDS153,i,9,IDS,85.24896999259158,61.03000740841935,314.4656147634107,1997.1384858313136
2539,FIDS153,a,9,IDS,94.16,120.00000000000455,572.7097011716535,1155.771627543123
2540,FIDS153,a,9,IDS,95.76723002417468,122.7699758253209,638.3321218629692,1031.6805775792711
2541,FIDS153,a,9,IDS,101.78,81.21939836689762,507.85724443936056,1023.461260652633
2542,FIDS153,i,9,IDS,105.4355820190302,81.9302209112891,352.03814485472765,1977.2127801854754
2543,FIDS153,i,9,IDS,112.0,78.34028017479966,318.714295348764,2130.7827165535136
2544,FIDS153,i,9,IDS,112.3296827276616,80.31727233839092,361.1321140309089,1873.1913173828539
2545,FIDS153,a,9,IDS,112.6983687217626,81.63127823739558,593.1063463551582,1123.4868895280392
2546,FIDS153,i,9,IDS,123.09,189.99999999999773,282.201746844522,2246.3352311798817
2547,FIDS153,i,9,IDS,125.2,189.99999999999773,342.9009330792138,2117.5554382797372
2548,FIDS153,a,9,IDS,133.29,99.99999999999432,553.6710933311028,1010.6153942844637
2549,FIDS153,a,9,IDS,134.91,110.00000000001364,514.6587685027378,1035.2901421608642
2550,FIDS153,i,9,IDS,137.2422733497714,77.57533856317878,414.6185478604206,1465.1044448314378
2551,FIDS153,u,9,IDS,141.1,219.99999999999886,279.5207645362308,625.4595985586946
2552,FIDS153,u,9,IDS,161.75,240.0000000000091,274.9178289952292,746.2637682781731
2553,FIDS153,a,9,IDS,176.78,259.9999999999909,567.5169118751484,1064.6431525522598
2554,FIDS153,u,9,IDS,181.61,95.54522338618199,384.534339819609,1073.0410193580917
2555,FIDS153,a,9,IDS,187.95,130.00000000002387,571.0547953066964,1058.5622343427044
2556,FIDS154,i,12,IDS,5.414049151620023,105.95084837997692,332.44707973666516,2203.3800130475993
2557,FIDS154,u,12,IDS,6.88,149.1790880866377,424.841135895957,1873.083415156201
2558,FIDS154,u,12,IDS,7.84,89.99999999999986,352.3879286660299,890.3293827509309
2559,FIDS154,u,12,IDS,8.042118660646949,325.37905673676096,364.9271361496244,786.4583828451507
2560,FIDS154,i,12,IDS,9.113629896486495,96.37010351350561,245.74305661101454,2138.097163251286
2561,FIDS154,u,12,IDS,16.22,160.00000000000014,300.71885955372073,731.6728603951317
2562,FIDS154,u,12,IDS,20.28980941730869,90.19058269131008,320.8178793425594,836.2395648745835
2563,FIDS154,u,12,IDS,28.86,129.999999999999,320.6068048059321,704.8402396142817
2564,FIDS154,u,12,IDS,29.73,199.9999999999993,277.1723227632293,705.9658647492952
2565,FIDS154,a,12,IDS,37.19,71.90455078243474,748.5796044239767,1098.3708158246836
2566,FIDS154,i,12,IDS,45.4829109698203,147.08903017969988,290.2300901952403,2384.029162354604
2567,FIDS154,i,12,IDS,48.09297150926427,107.34154449048106,299.6336218395391,2153.0782613853985
2568,FIDS154,a,12,IDS,53.84238881557319,97.27827469449579,527.1346221535297,1303.4097180231397
2569,FIDS154,a,12,IDS,56.10436256930742,185.6374306925801,653.6079114507068,1089.9428116493514
2570,FIDS154,a,12,IDS,57.50297739790431,81.62429945630123,632.5343898322855,1176.5873758507444
2571,FIDS154,i,12,IDS,60.99558332924105,74.41667075894998,338.89583170233334,2267.454958595751
2572,FIDS154,i,12,IDS,66.71,60.000000000002274,299.6052203363522,2234.987381450508
2573,FIDS154,i,12,IDS,68.05,109.99999999999943,331.114490190663,2080.8970812106263
2574,FIDS154,a,12,IDS,68.45,83.01411404492853,532.1981082103727,1157.5188842084594
2575,FIDS154,i,12,IDS,78.96,130.00000000000966,207.07071417962598,2089.4722326365372
2576,FIDS154,i,12,IDS,80.72,116.93276894051507,216.9648252412777,2197.112592792294
2577,FIDS154,a,12,IDS,83.23267918999973,80.5061583678679,687.1625811071863,1169.8894676928307
2578,FIDS154,a,12,IDS,84.03,129.11763546186705,429.9123348951949,1017.6518445569862
2579,FIDS154,i,12,IDS,86.08569718944754,45.84378462614325,404.34119672290825,1528.4661011982591
2580,FIDS154,u,12,IDS,89.39045541792582,109.54458207417872,373.3660904197446,1333.7902898194604
2581,FIDS154,u,12,IDS,100.3710083750546,208.9916249453978,340.2960331219641,908.6194522613761
2582,FIDS154,a,12,IDS,110.78,219.99999999999886,634.2574651180747,1067.342078408347
2583,FIDS154,u,12,IDS,113.0763637440928,153.18532911659588,183.24363681292002,1219.483191707079
2584,FIDS154,a,12,IDS,115.4,99.52788281449898,635.8714493134383,1107.685570339476
2585,FIDS155,i,9,IDS,8.41,89.99999999999986,356.16753655895724,1991.2946609960584
2587,FIDS155,u,9,IDS,11.3696666525993,180.33334740070117,373.6799763910924,676.1899676584505
2588,FIDS155,u,9,IDS,11.73229033342034,237.70966657966142,392.90493441738494,752.2780594330911
2589,FIDS155,i,9,IDS,12.59,89.99999999999986,359.09213107385165,1699.579483359384
2590,FIDS155,u,9,IDS,20.56,120.000000000001,244.0156565912465,586.2800606675935
2591,FIDS155,u,9,IDS,30.66,90.94077717051974,256.8298660484277,706.4168750186491
2592,FIDS155,u,9,IDS,43.84,79.9999999999983,332.9916483353605,976.9281061256535
2593,FIDS155,u,9,IDS,45.18,170.0000000000017,298.0017431299009,722.0747246426043
2594,FIDS155,a,9,IDS,50.08,92.31271260172491,507.278444677789,941.5379298890674
2595,FIDS155,a,9,IDS,53.95,89.9999999999963,509.93427686662227,1112.8049277231253
2597,FIDS155,i,9,IDS,68.41,90.00000000000341,237.30910341905525,2521.8917290184754
2598,FIDS155,a,9,IDS,82.03,109.99999999999943,774.0264794434025,1155.8376215881715
2600,FIDS155,a,9,IDS,85.18,99.99999999999432,642.3227876356643,1184.8295901815181
2601,FIDS155,i,9,IDS,92.98,69.99999999999318,340.93843044136514,2243.6524371032674
2602,FIDS155,i,9,IDS,98.02,60.000000000002274,380.61009975518755,2254.971572928707
2603,FIDS155,i,9,IDS,98.3323388259919,57.661174008103444,346.6299057487184,1956.2398131356288
2604,FIDS155,a,9,IDS,98.6,70.00000000000739,716.4673939970505,1275.4663184164244
2605,FIDS155,i,9,IDS,109.68,109.99999999999943,368.7769267992353,2436.887304600048
2606,FIDS155,i,9,IDS,112.23,99.99999999999432,289.3272749507954,2446.276062074341
2607,FIDS155,a,9,IDS,120.1,148.43211216090424,875.8306550339242,1275.2577183268772
2608,FIDS155,a,9,IDS,121.35,80.0000000000125,721.8013711236664,1162.8933891466809
2609,FIDS155,u,9,IDS,126.95,109.99999999999943,349.2083965946968,755.4701350776928
2611,FIDS155,a,9,IDS,180.44,110.00000000001364,556.5791023720292,1087.5253789590067
2612,FIDS156,i,12,IDS,9.16,89.99999999999986,326.20024273733947,2019.6798766603129
2613,FIDS156,u,12,IDS,14.36001294763342,79.98705236657955,359.887859746652,742.8463227204815
2614,FIDS156,u,12,IDS,14.60387963610787,206.12036389213097,356.57689014590596,879.79918055009
2615,FIDS156,i,12,IDS,15.61,100.00000000000142,333.4825761790021,2069.322305478001
2616,FIDS156,u,12,IDS,25.72938259538038,133.260485505172,274.08746597244374,664.0533905810211
2617,FIDS156,u,12,IDS,31.9951050257262,104.89497427380101,372.97696817213847,1835.1463104385064
2618,FIDS156,u,12,IDS,45.9889585154865,91.04148451349658,355.2316055964745,1230.0743472051108
2619,FIDS156,a,12,IDS,64.04,76.81705309808251,636.0771541385172,1523.727507019682
2620,FIDS156,a,12,IDS,71.89545710081379,140.20134346208124,594.9854349895804,1169.451574359925
2621,FIDS156,i,12,IDS,83.705658238513,132.1898381213913,318.8745953806737,2234.472475143776
2622,FIDS156,i,12,IDS,90.97,129.99999999999545,292.89899809270213,2156.061405295729
2623,FIDS156,a,12,IDS,99.56264337981042,187.35662018957555,629.7100664058779,1059.6007982166527
2625,FIDS156,a,12,IDS,104.04,65.24586797519305,421.55188865317064,1200.1622496499128
2626,FIDS156,i,12,IDS,107.404443777367,65.55622263299199,290.5548893931677,2076.3210853519663
2627,FIDS156,i,12,IDS,128.7774363246658,42.56367533417915,302.8940715714125,2055.9897559697874
2628,FIDS156,i,12,IDS,129.13,69.99999999999318,306.86607534912446,2146.2199241189933
2629,FIDS156,a,12,IDS,129.45,117.54515888111428,615.5154778834504,1156.159452290142
2630,FIDS156,i,12,IDS,135.4101819549163,138.86609257198756,292.54599796815603,1823.2340800678487
2631,FIDS156,i,12,IDS,141.6762038221034,123.79617789662234,291.1850853459796,2085.359171098929
2632,FIDS156,a,12,IDS,145.98,90.00000000000341,624.6178280623992,1132.2538183031058
2633,FIDS156,a,12,IDS,156.29,85.71769225940784,576.2846100748795,1051.7548028325475
2634,FIDS156,u,12,IDS,164.167827806807,102.17219319301307,371.14011848616144,1949.0833083225962
2635,FIDS156,u,12,IDS,183.06,150.00000000000568,369.44302000684445,1473.9180249124713
2636,FIDS156,a,12,IDS,198.6514523387417,268.5476612582818,603.5645891766579,1051.733916970075
2637,FIDS156,u,12,IDS,205.69,144.11604724509175,385.7581010021102,1122.2688235057828
2638,FIDS156,a,12,IDS,212.66,110.00000000001364,576.1577985638735,1119.4962876388931
2639,FIDS156,i,18,IDS,9.91821217729255,136.10768713581047,264.8965657209276,2053.761837281726
2640,FIDS156,u,18,IDS,12.89,179.99999999999972,266.40156863122104,750.5858673468913
2641,FIDS156,u,18,IDS,14.48134274836027,58.65725163972968,389.03803832195297,1090.3831628689602
2642,FIDS156,u,18,IDS,14.68459911474675,275.40088525325143,343.8645747700065,857.5160611300995
2643,FIDS156,i,18,IDS,15.58,70.00000000000028,286.38633272262985,1608.8861601751623
2644,FIDS156,u,18,IDS,30.99,150.00000000000213,325.29533809224523,725.4274418461655
2645,FIDS156,u,18,IDS,36.72203715389589,121.16903854772687,311.8429592724298,623.7988471958206
2646,FIDS156,u,18,IDS,54.37,90.00000000000341,334.8702285718505,839.5527815483255
2647,FIDS156,u,18,IDS,57.13,140.00000000000057,313.71622503417814,578.4670907331279
2648,FIDS156,a,18,IDS,64.59,54.27641039382536,575.962566177513,1193.9665815310398
2649,FIDS156,a,18,IDS,68.02,120.17076830494489,558.5789258293477,1129.033528236639
2650,FIDS156,i,18,IDS,84.96006291308215,185.9031824293993,361.50129354375736,2518.586853505225
2651,FIDS156,i,18,IDS,88.26364860895828,82.99249215598081,310.7662264956515,2141.918884181892
2652,FIDS156,a,18,IDS,95.33718023715151,151.0463357239189,658.4951655376008,1003.1358509249354
2653,FIDS156,a,18,IDS,97.02873797471312,156.0258852532428,680.1170668835565,1182.796893677492
2654,FIDS156,a,18,IDS,100.02,120.00000000000455,972.0376089279746,1299.9901162369752
2655,FIDS156,a,18,IDS,105.09,158.85507466779814,822.2653634617661,1274.1648378542952
2656,FIDS156,i,18,IDS,112.6307384789705,114.52963917520265,313.1511784248854,2197.8495616779574
2657,FIDS156,i,18,IDS,120.56,90.5652102565,362.7874329471061,2222.3341862105312
2658,FIDS156,i,18,IDS,120.97,99.99999999999432,289.79880591330607,1931.3585620835015
2659,FIDS156,a,18,IDS,121.3647235193107,92.95159121469965,617.4345002318321,1094.2466448977777
2660,FIDS156,i,18,IDS,136.622550852489,114.83592785180008,342.58020453682224,1861.0152028189295
2661,FIDS156,i,18,IDS,139.114086313425,119.50918870459759,335.5902960699277,1939.2257221885902
2662,FIDS156,a,18,IDS,142.3298943866542,117.84933886150384,589.0253775587751,1061.732465716453
2663,FIDS156,a,18,IDS,143.6652246875192,81.17162033369141,567.9700882511779,1029.967943000971
2664,FIDS156,u,18,IDS,156.0146723931398,96.27129090100084,321.06190014565107,803.5281068515866
2665,FIDS156,u,18,IDS,176.1986756428078,112.86978933219416,340.4301469012488,658.0312063060745
2666,FIDS156,a,18,IDS,190.6239312736939,336.0687263061095,667.1448533756869,1071.361836157619
2667,FIDS156,a,18,IDS,193.7328817163212,127.1182836788114,594.2595450147974,963.8225018640626
2668,FIDS156,a,18,IDS,195.1509732391811,161.0054347827088,381.7454953979908,1132.9869654754539
2669,FIDS156,u,18,IDS,200.65,90.00000000000341,309.27128903631024,589.0839212464955
2670,FIDS156,a,18,IDS,203.5633187400794,94.6114410577934,564.7317243396641,1060.101343693298
2671,FIDS156,i,9,IDS,10.43,80.00000000000007,239.3375606861191,1809.1682723048225
2673,FIDS156,u,9,IDS,14.1,99.99999999999964,214.1344234731014,1004.4534832750493
2674,FIDS156,u,9,IDS,14.37518833450099,294.81166549900985,314.8670952007021,745.0778126466855
2675,FIDS156,i,9,IDS,15.13,89.99999999999986,271.0031916417114,2046.6805571321263
2676,FIDS156,u,9,IDS,24.86,111.51597000480962,332.5873421856579,813.8619709328449
2677,FIDS156,u,9,IDS,32.42573565586542,106.73605724034019,418.12877870402605,1401.3080614779365
2678,FIDS156,u,9,IDS,43.62,50.00000000000426,343.02871785081993,861.7568209272899
2679,FIDS156,u,9,IDS,45.15121547145132,88.78452854867902,115.85070803325507,413.7014324073105
2680,FIDS156,a,9,IDS,50.43,69.00265406982697,715.9705484449179,1243.7735099226775
2681,FIDS156,a,9,IDS,54.64911951540115,96.29448642335348,628.8557890438119,998.4241866420264
2682,FIDS156,i,9,IDS,63.64739321465305,92.81396281770071,268.99751346131114,2122.570052984938
2683,FIDS156,i,9,IDS,66.50654197801525,55.688377690628954,265.19458268555206,1991.2707541150037
2684,FIDS156,a,9,IDS,74.15,109.99999999999943,738.0585358941928,1155.5026242247504
2685,FIDS156,a,9,IDS,75.53851009891387,101.48990108612566,678.4538543137805,1261.172108891834
2686,FIDS156,i,9,IDS,82.61871423700003,69.61047211326843,331.88569827914023,1963.290957175911
2687,FIDS156,i,9,IDS,89.86,70.00000000000739,284.69176973203173,1904.2771245634085
2688,FIDS156,i,9,IDS,90.21974291484392,93.97413735291593,263.390896595363,1780.2524238778503
2689,FIDS156,a,9,IDS,90.56,69.99999999999318,633.3843799335807,1244.597117119145
2690,FIDS156,i,9,IDS,97.16,150.00000000000568,341.3259764088846,2285.1503768727216
2691,FIDS156,i,9,IDS,99.81,109.99999999999943,224.10612374618057,2030.5190869899868
2692,FIDS156,a,9,IDS,101.98,109.99999999999943,589.1706259678901,1145.4987296991944
2693,FIDS156,a,9,IDS,104.09,109.64777738600162,572.3836431357597,1039.0205964743502
2694,FIDS156,i,9,IDS,106.71,40.00000000000625,386.79646951962957,1763.4426896144118
2695,FIDS156,u,9,IDS,110.2710974966191,92.81396281770071,268.64549798103786,738.1658766701364
2696,FIDS156,u,9,IDS,128.45,140.00000000001478,322.46621027146125,899.3357201419705
2697,FIDS156,a,9,IDS,140.0,192.94001489379298,731.3527834476629,1123.0687768155028
2698,FIDS156,u,9,IDS,144.9782104146742,93.9741373530012,337.877056656531,856.4025415661995
2699,FIDS156,a,9,IDS,148.25,110.00000000001364,688.4635128751455,1182.1375648287008
2700,FIDS157,i,12,IDS,10.87,156.45024057898027,279.45675205973185,2190.6603119981232
2701,FIDS157,u,12,IDS,12.61612950955576,239.31464155818992,264.9066887449237,1022.6717849246411
2702,FIDS157,u,12,IDS,13.78,130.0000000000008,358.19949116436686,967.462118173903
2703,FIDS157,u,12,IDS,14.06591622112736,160.5159181182998,355.29497657568226,600.8127293318971
2704,FIDS157,i,12,IDS,14.55401086137984,99.59099058717946,302.3819973860549,1995.9979354303794
2705,FIDS157,u,12,IDS,22.76,226.44120335894868,336.4472502112362,953.7815633252987
2706,FIDS157,u,12,IDS,28.41305513515115,162.66528462572794,290.4758724099554,1181.6580810921025
2707,FIDS157,u,12,IDS,39.34,127.03077867990942,315.33246163496716,1243.1555755916747
2708,FIDS157,u,12,IDS,40.66309819871313,96.90180128686876,367.20063692547507,1903.4478034610663
2709,FIDS157,a,12,IDS,45.4,142.08167905495372,650.2190135179319,1333.85645083334
2710,FIDS157,a,12,IDS,49.12,237.7034338164492,494.49538870381554,1083.4074844833804
2711,FIDS157,i,12,IDS,59.98632589287536,137.1681482101934,284.64848346641196,2193.181304932085
2712,FIDS157,i,12,IDS,62.45372697292654,49.614011054742946,274.58171945122353,1924.5986720381823
2713,FIDS157,i,12,IDS,64.99336331929656,112.36114268281483,288.87544362862207,1961.276154229983
2714,FIDS157,a,12,IDS,71.28422517682887,200.79241391891856,585.0574031604764,1118.4961598201608
2715,FIDS157,a,12,IDS,73.93274252913305,224.72228536561545,437.5561337353164,1024.4552644635671
2716,FIDS157,a,12,IDS,75.63,115.15356983773017,368.340901432484,1388.314455066207
2717,FIDS157,a,12,IDS,77.81139704170158,75.15063439174696,551.0199006279311,1210.093424978457
2718,FIDS157,i,12,IDS,80.97366050307762,134.24967697167745,287.3310270833058,2203.396958088799
2719,FIDS157,u,12,IDS,83.46,174.98765600164745,331.02069200036186,1051.2929753534675
2720,FIDS157,i,12,IDS,89.59,49.99999999999716,333.55676239115496,2022.4924106708108
2721,FIDS157,i,12,IDS,89.95321873692588,147.72663603764613,306.4394025269434,2328.4672879991276
2722,FIDS157,i,12,IDS,97.1150874304425,150.2164108023436,258.05959881716547,2044.2857692979458
2723,FIDS157,a,12,IDS,104.3563971736577,130.29821268490593,531.6156048159555,1364.1745620988372
2724,FIDS157,a,12,IDS,105.69,199.9477069164044,400.639377919525,1153.0329011999452
2725,FIDS157,a,12,IDS,106.9851903633583,95.44136597939712,526.8959350761837,1182.7100934276348
2726,FIDS157,i,12,IDS,109.9490501584073,50.949841592697,336.09820855617824,1428.495412010617
2727,FIDS157,u,12,IDS,116.0193864705989,150.21641080230097,369.64741855145684,1826.731887993745
2728,FIDS157,u,12,IDS,131.7295650832398,156.1382112605827,302.5438127216519,1826.1075011031703
2729,FIDS157,a,12,IDS,148.8453125,265.50405286718615,463.24328149804205,1141.3780668660193
2730,FIDS157,u,12,IDS,154.0122554076631,105.79458239618589,407.574818876258,2510.8136770881097
2731,FIDS157,u,12,IDS,155.5055667438708,94.85031525170484,360.7649824519429,933.1300432027336
2732,FIDS157,a,12,IDS,156.2313125819328,198.4560442190002,454.4033012366839,1005.2123952150704
2733,FIDS157,i,9,IDS,8.847701119358815,105.40046503810174,287.29599128917795,2565.262783944313
2734,FIDS157,u,9,IDS,11.03,200.00000000000108,281.32171797258377,1283.6415293986377
2735,FIDS157,u,9,IDS,12.33576415193463,114.2358480653698,306.1795446636071,771.9279015120994
2736,FIDS157,u,9,IDS,12.60351817199291,159.3455849394907,291.0388694650889,674.0624480069089
2737,FIDS157,i,9,IDS,13.11280464262529,77.19535737470906,322.3628386803647,2266.22904083503
2738,FIDS157,u,9,IDS,21.19291201219775,111.20993948902225,427.2723458992811,2266.3401133013112
2739,FIDS157,u,9,IDS,29.04848411459781,162.6652846257315,299.6444245764125,884.9387278980968
2740,FIDS157,u,9,IDS,39.90523005976188,187.56303227253568,291.6301537456039,870.1820994184093
2741,FIDS157,u,9,IDS,41.33186098114593,157.68573509637207,221.04087586433374,1225.9087429855228
2742,FIDS157,a,9,IDS,50.69,154.24864454671194,554.7931792269953,1118.8713945273325
2743,FIDS157,a,9,IDS,57.05,210.00000000000085,591.3627987436925,1115.8665304057904
2744,FIDS157,i,9,IDS,69.49749335135579,132.78798744957498,258.8118854589395,2334.2232612027374
2745,FIDS157,i,9,IDS,71.94004387720435,114.52963917525949,254.92448967651666,2269.4932614869253
2746,FIDS157,i,9,IDS,87.44450961865395,63.680491646394444,298.04456371255105,2174.9327594980714
2747,FIDS157,i,9,IDS,92.38681519104658,43.18480895342702,274.6627928784761,2049.5023412418086
2748,FIDS157,i,9,IDS,92.74877164274984,83.82241707751348,269.1477528588808,2273.9082483837037
2749,FIDS157,a,9,IDS,93.07267728623847,109.55008964589297,576.5668260104777,1176.4275096079316
2750,FIDS157,i,9,IDS,107.1185873704742,147.0649396070911,365.76162185197967,2078.8378138828975
2751,FIDS157,i,9,IDS,109.5900285130118,150.21641080230097,250.50801160184056,2144.537613227667
2752,FIDS157,i,9,IDS,112.351530480517,88.46951948299875,267.33515567168547,1938.4059248103238
2753,FIDS157,a,9,IDS,115.8577084011874,112.8697893321089,643.9802195549639,1057.698981646546
2754,FIDS157,a,9,IDS,116.735026135859,94.97386414099651,545.9301584656183,1007.3080429457193
2755,FIDS157,u,9,IDS,122.5389962546329,162.66528462568886,363.66955133826514,893.1916132693732
2756,FIDS157,u,9,IDS,126.2442529017645,104.57054011649802,232.7664604529195,802.7141566968479
2757,FIDS157,u,9,IDS,142.18,197.33111890028,396.18277047076594,1884.9902005349568
2758,FIDS157,a,9,IDS,156.99,285.0980173954838,475.2173315676062,1103.7044553775443
2759,FIDS157,u,9,IDS,159.0832426565283,136.757343471686,411.23315585447347,1224.456341585531
2760,FIDS157,a,9,IDS,162.6465501069918,140.25731174359635,572.07526249457,1051.0654963172342
2761,FIDS158,i,12,IDS,7.297447334561896,112.55266543810372,364.9108653642886,1531.026652854212
2762,FIDS158,u,12,IDS,9.513564280038018,206.4357199619824,313.0275107264121,532.3190199668009
2763,FIDS158,u,12,IDS,13.13974651226146,269.923491338389,761.1662034210722,1600.7369406915375
2764,FIDS158,u,12,IDS,13.88376639223268,216.23360776731994,418.28309320292055,1850.2396307668955
2765,FIDS158,i,12,IDS,14.96,89.99999999999986,385.90071721667346,2085.0889744973365
2766,FIDS158,u,12,IDS,25.57,150.3710235021991,332.93753678505664,568.7695072127253
2767,FIDS158,u,12,IDS,34.42,124.25041887107113,343.68582361377474,667.7858268292536
2768,FIDS158,u,12,IDS,48.13,119.99999999999744,305.1066604189348,691.6296412503759
2769,FIDS158,u,12,IDS,49.36,151.36837265664838,400.0614957708489,1917.1645178608323
2770,FIDS158,a,12,IDS,56.06,119.99999999999744,668.2682219467093,1307.6829260092472
2771,FIDS158,a,12,IDS,59.18,119.99999999999744,461.80071244810415,754.1874179059221
2772,FIDS158,i,12,IDS,71.1615345583301,115.92867897226711,379.03267906559114,2634.6405920094967
2773,FIDS158,i,12,IDS,73.11194323519462,98.05676480537784,333.04618232667957,2495.0774180615385
2774,FIDS158,a,12,IDS,78.06,160.42056637266455,564.2303967154534,949.2424301858873
2775,FIDS158,a,12,IDS,79.83,260.0000000000051,593.2074633695324,1002.0585571244706
2776,FIDS158,a,12,IDS,86.29,119.99999999999034,551.8617645341884,1114.1058364634898
2777,FIDS158,i,12,IDS,88.77584702619389,67.4808728345937,354.3127419631823,1914.9148533572707
2778,FIDS158,i,12,IDS,96.63621939288647,43.78060711353271,346.85340757913815,1581.436741743996
2779,FIDS158,i,12,IDS,96.98,69.99999999999318,375.5700233709966,1823.0940330632484
2780,FIDS158,a,12,IDS,97.32,90.00000000000341,618.4497390257866,1089.5873105290689
2781,FIDS158,i,12,IDS,104.7682283284723,115.92867897229553,378.13004518903324,2250.4618509161123
2782,FIDS158,i,12,IDS,108.1047911571618,83.05338195030743,348.25537815075256,1951.799931862677
2783,FIDS158,a,12,IDS,114.23,69.99999999999318,570.8348697291071,938.6156120205355
2784,FIDS158,a,12,IDS,114.73,71.4606708753962,557.6249876027878,944.1840467495604
2785,FIDS158,i,12,IDS,116.8435368144377,46.463185562302556,377.18195946604806,1367.329816542373
2786,FIDS158,u,12,IDS,121.2965340508776,117.65895776279933,442.9546266701436,1669.654524816649
2787,FIDS158,u,12,IDS,132.18,120.14002667800128,326.33623291822136,1191.2201302945691
2788,FIDS158,a,12,IDS,143.4649918993893,152.2645335755044,611.9497694344093,978.4517897693657
2789,FIDS158,u,12,IDS,146.4,118.74741882468243,354.98200367694005,714.4414953731207
2790,FIDS158,a,12,IDS,148.68,107.12280537180163,546.316786398257,910.9903359706623
2791,FIDS158,i,15,IDS,12.52,100.11887381647,328.09866072699094,2304.7558754293605
2792,FIDS158,u,15,IDS,20.87,160.00000000000014,328.3112712868828,649.1287224276866
2793,FIDS158,u,15,IDS,21.2,117.77016988083133,328.42257338105185,515.3259911903235
2794,FIDS158,i,15,IDS,21.65,89.99999999999986,405.1247674175544,2193.0517685645973
2795,FIDS158,u,15,IDS,38.14,159.9999999999966,351.50614378712123,801.3800026692251
2796,FIDS158,u,15,IDS,41.16769382544678,122.30617455321635,409.48050639582857,2327.7517361864147
2797,FIDS158,u,15,IDS,52.96789608306921,92.1039169307889,309.64964452590675,880.472244333341
2798,FIDS158,u,15,IDS,54.09,237.21770242138973,559.4824084188494,1798.1140760885328
2799,FIDS158,a,15,IDS,58.59033471352537,151.67202107510036,575.4624824290183,993.1657391330207
2800,FIDS158,a,15,IDS,61.53,135.06638221928569,580.3805883414952,1199.364588236979
2801,FIDS158,i,15,IDS,69.53360684846173,136.80246865445156,336.0244956018141,2278.855651673199
2802,FIDS158,i,15,IDS,72.25,111.05236715349065,240.25673899301455,2070.9277453869972
2803,FIDS158,a,15,IDS,79.78,127.48196509706133,560.5054639205856,1088.6727822660005
2804,FIDS158,a,15,IDS,85.76697030719785,173.02969280214597,629.7855559940253,1190.7619314698238
2805,FIDS158,a,15,IDS,88.03,159.9999999999966,558.5428282678199,1044.139027444131
2806,FIDS158,i,15,IDS,93.54502718829524,80.54724789936074,409.4622146446186,2278.3646076814457
2807,FIDS158,i,15,IDS,101.03,59.50814937530424,356.6872457675067,2190.0293860105235
2808,FIDS158,i,15,IDS,101.386126586084,73.87341391599023,307.5788182729231,2184.1362138514555
2809,FIDS158,a,15,IDS,101.73,113.07485336939749,516.1459400572344,1106.955793812359
2810,FIDS158,i,15,IDS,109.08,120.00000000000455,309.54947762547386,2094.572083711641
2811,FIDS158,i,15,IDS,110.7235884824964,126.41151750359825,653.615440850073,1050.8485658399813
2812,FIDS158,a,15,IDS,112.59,88.13669413999037,609.4602258058029,962.9627687777688
2813,FIDS158,a,15,IDS,113.18,89.9999999999892,619.8679857585942,1079.121189378337
2814,FIDS158,i,15,IDS,114.9670219313139,70.31902594380313,357.8404481484659,1565.4260831171057
2815,FIDS158,u,15,IDS,118.9106879021126,109.31209788739693,394.62884939056,1681.4909924932472
2816,FIDS158,u,15,IDS,129.24,149.99999999997726,365.93354819674977,1725.169703787567
2817,FIDS158,a,15,IDS,141.9319908291689,192.4659542731888,720.7684789850681,1479.5670569423596
2818,FIDS158,u,15,IDS,144.1654191673681,226.11943161109593,719.611386887259,1789.6087919762203
2819,FIDS158,a,15,IDS,150.71,99.99999999999432,791.0787906006697,1324.6354252069805
2820,FIDS158,i,18,IDS,11.26072122926942,59.27877073058063,332.3957722113737,1708.4164603372906
2821,FIDS158,u,18,IDS,13.31,279.9999999999994,296.2695015076385,742.3257155752588
2822,FIDS158,u,18,IDS,14.41390162763341,136.09837236659138,322.9683167519545,539.6672858894898
2823,FIDS158,u,18,IDS,14.71,219.99999999999886,307.91612390655564,653.2961359899705
2824,FIDS158,i,18,IDS,15.75,80.00000000000007,286.71705476364326,1897.4247353487535
2825,FIDS158,u,18,IDS,31.72966599899177,110.33400100822988,355.87816585697647,736.9947189763129
2826,FIDS158,u,18,IDS,33.69978309894687,130.21690105313155,404.0364253341717,705.8636169956316
2827,FIDS158,u,18,IDS,35.80469251389085,125.30748610915055,318.5036062248613,824.7664313764213
2828,FIDS158,u,18,IDS,43.4,89.49815210981171,356.3664013389452,1136.2604947322072
2829,FIDS158,u,18,IDS,45.64508803399503,126.2238810657621,299.81919314887256,744.9833805088167
2830,FIDS158,a,18,IDS,52.4,109.99999999999943,615.3527635986773,1037.9433176449609
2831,FIDS158,a,18,IDS,57.2,89.9999999999963,590.8901076884961,1085.01082474293
2832,FIDS158,i,18,IDS,64.17055347145823,121.11655639836272,348.90324735141144,2160.4835995055346
2833,FIDS158,i,18,IDS,66.88742928650646,77.33948782063749,327.9630898307457,2414.273736917159
2834,FIDS158,a,18,IDS,71.39384535447387,106.15464552613219,610.1541675904945,988.2873059636369
2835,FIDS158,a,18,IDS,73.04,128.60851189630296,641.3466291179794,1146.9807501174648
2836,FIDS158,a,18,IDS,74.767625,129.80267136455836,502.16623028409236,1341.1412594020521
2837,FIDS158,a,18,IDS,77.48,59.295231244320235,536.7682505549797,1078.1121190479946
2838,FIDS158,i,18,IDS,81.0833297205005,102.14649334801607,355.9034242275465,2322.0482499522896
2839,FIDS158,i,18,IDS,86.45,49.99999999999716,408.24086563684307,2123.0340484643493
2840,FIDS158,i,18,IDS,86.89993215039114,60.06784960885625,342.0210066356351,2255.9839617934294
2841,FIDS158,a,18,IDS,87.22826016472402,91.73983527597329,584.7254449260892,1035.5273949760358
2842,FIDS158,i,18,IDS,94.8895590302362,145.92356192572709,318.65097343688217,2213.5776669175075
2843,FIDS158,i,18,IDS,97.19,95.43874405696329,330.5572687040704,2079.516338482892
2844,FIDS158,a,18,IDS,99.47672420239816,93.39107963248239,660.7078858805748,1115.8822254232896
2845,FIDS158,a,18,IDS,101.05,100.00000000000853,653.2211923481734,1107.9881452560298
2846,FIDS158,u,18,IDS,107.1606680193963,132.79044135239815,299.469348816594,631.7801290033492
2847,FIDS158,u,18,IDS,117.6,130.00000000000966,299.5680704841602,758.870366307072
2848,FIDS158,a,18,IDS,128.1603861397896,151.76050440268796,574.5780955163406,926.3393239491064
2849,FIDS158,u,18,IDS,129.8988645193241,91.13548067591637,335.5893802509629,705.0093823075546
2850,FIDS158,a,18,IDS,132.3324678106244,96.30955087089887,572.4456960241812,1039.154159826441
2851,FIDS158,i,9,IDS,6.804686729805351,120.33911362617732,308.82581222883516,2052.269197257925
2852,FIDS158,u,9,IDS,9.28,160.00000000000014,372.89034063979693,722.7779913219892
2853,FIDS158,u,9,IDS,9.6,269.99999999999955,379.5398956985865,920.8044610450634
2854,FIDS158,i,9,IDS,10.26,88.58919452898029,333.752565265944,2084.9310744168843
2855,FIDS158,u,9,IDS,17.49239560145519,124.48873823397122,450.5609491331834,1937.654872360322
2856,FIDS158,u,9,IDS,26.54339596973234,90.1994190970683,387.0333029757174,618.2032916424467
2857,FIDS158,u,9,IDS,27.55641575735989,51.870307597489784,397.3652582708419,1202.3824029964835
2858,FIDS158,u,9,IDS,40.98,127.08150402569629,291.77648770949753,1014.761516155068
2859,FIDS158,u,9,IDS,42.62,108.25035811551942,292.9448713422499,697.5759464895435
2860,FIDS158,a,9,IDS,52.68,104.6362722579417,618.1033199122268,1094.9215287791403
2861,FIDS158,a,9,IDS,55.66,100.07981862603543,507.518974002806,1001.8758370633182
2862,FIDS158,i,9,IDS,64.78652265344819,88.80196660692263,288.593505266771,2150.6273865381618
2863,FIDS158,i,9,IDS,70.97697402576676,79.67279246975068,277.30959811308514,1906.2429514112775
2864,FIDS158,a,9,IDS,79.24071319245913,126.14858807711471,484.25902203930843,1072.6311301755586
2865,FIDS158,a,9,IDS,82.36253425929192,133.61791237115028,519.2144567956,1094.0774786249187
2866,FIDS158,a,9,IDS,84.81700466267212,42.995337327880634,459.5939026693999,947.4608914567374
2867,FIDS158,i,9,IDS,88.01337341385963,119.50918870464022,314.56736193810264,1357.4679382059724
2868,FIDS158,i,9,IDS,99.93799055527076,52.28527005827743,461.8083569751824,1283.7660191810896
2869,FIDS158,i,9,IDS,100.2665388298056,59.754594352298795,747.8453428792667,1568.3519227361671
2870,FIDS158,a,9,IDS,100.5536928526653,66.30714733469745,679.2762139801148,1246.5430150715506
2871,FIDS158,i,9,IDS,109.9372439118315,122.75608816850081,387.73672520284634,2234.0477323424006
2872,FIDS158,i,9,IDS,111.6567907798279,73.20922017210307,398.3264648561542,2103.1483951661016
2873,FIDS158,a,9,IDS,115.6,87.14156876641255,508.61358572965935,934.6399270442704
2874,FIDS158,u,9,IDS,125.1232170450256,107.89023980279921,330.267512399464,778.3050951824348
2875,FIDS158,u,9,IDS,152.31,95.90007898830777,425.47264338299277,1742.1228435144271
2876,FIDS158,u,9,IDS,175.0512374486903,118.76255130968616,373.9782376695596,660.4365229067794
2877,FIDS158,u,9,IDS,176.564584965504,79.67279246969383,477.42600015890747,1797.1275349130624
2878,FIDS158,a,9,IDS,177.08,90.84568099038393,526.3106270314407,1128.4312435152451
2879,FIDS159,i,12,IDS,6.355675594385242,94.32440561475808,309.8022256789205,1631.019443726023
2880,FIDS159,u,12,IDS,8.52,167.08699145608108,249.47257834782133,1007.3450791829671
2881,FIDS159,u,12,IDS,9.62,80.00000000000007,324.52789534176827,981.410999508917
2882,FIDS159,u,12,IDS,9.86427122659258,161.37629919392003,313.85633976201046,621.4501609579999
2883,FIDS159,i,12,IDS,10.36463608284065,95.36391715935011,355.98465299899175,2311.262596615649
2884,FIDS159,u,12,IDS,20.23,99.99999999999787,318.09945842762073,1008.0403084525749
2885,FIDS159,u,12,IDS,27.05724114858091,98.82734601798049,303.4876693922934,861.434046325882
2886,FIDS159,u,12,IDS,40.82843891848771,96.3253878909498,368.370461990644,1138.3250442613619
2887,FIDS159,u,12,IDS,42.74685456970415,133.1454302958548,349.10284499850985,694.0120940755346
2888,FIDS159,a,12,IDS,57.43712220676313,102.87779323687118,732.2465440031586,1181.0422045645375
2889,FIDS159,a,12,IDS,73.81,109.99999999999943,530.1947360749382,1071.7848963550214
2890,FIDS159,i,12,IDS,93.53235368153638,115.45774048440194,401.117821407713,2267.849708957747
2891,FIDS159,i,12,IDS,96.49,90.00000000000341,316.9970673898376,2201.4791396394894
2892,FIDS159,a,12,IDS,104.75,129.99999999999545,717.5866035847699,1101.118635255479
2893,FIDS159,a,12,IDS,106.59,99.99999999999432,579.6381059810634,1123.372697981234
2894,FIDS159,i,12,IDS,111.7279658633501,62.03413664991331,301.4288283532019,2198.0426283365914
2895,FIDS159,i,12,IDS,121.626534318089,51.95598321799366,242.48518029242575,1906.6030839129126
2896,FIDS159,i,12,IDS,121.87861705148,61.38294851999149,364.82743121918134,2059.9238570420052
2897,FIDS159,a,12,IDS,122.2,142.3723090922948,594.3413940293193,1089.6086123751743
2898,FIDS159,i,12,IDS,129.68,99.99999999999432,329.80450806609485,2279.839209801725
2899,FIDS159,i,12,IDS,132.41,99.99999999999432,390.89433914650044,2216.5280767377985
2900,FIDS159,a,12,IDS,139.47,99.99999999999432,576.4844436602962,1013.3297037080678
2901,FIDS159,a,12,IDS,142.2,93.55501780589748,537.4632972557017,1314.2091609501554
2902,FIDS159,i,12,IDS,145.57,40.000000000020464,405.1285422725703,1578.2915659075366
2903,FIDS159,u,12,IDS,150.8477586447364,86.59330536332277,358.3123021701176,720.0840949123442
2904,FIDS159,u,12,IDS,171.73,130.00000000002387,175.4090005227203,554.6876378015843
2905,FIDS159,a,12,IDS,189.227536881673,355.99469982690835,653.0373426021291,1051.2767247102577
2906,FIDS159,u,12,IDS,192.9955506957959,111.6091491348925,518.4791118736631,1555.7212895582288
2907,FIDS159,a,12,IDS,196.26,177.5192505619998,651.4782255372799,1039.8626896526694
2908,FIDS160,i,12,IDS,8.28,110.00000000000121,261.0433275066865,2109.617416985449
2909,FIDS160,u,12,IDS,9.74,279.9999999999994,302.9067911225187,615.6538622633071
2910,FIDS160,u,12,IDS,11.0,189.9999999999995,320.2514572106554,1383.2495259946336
2911,FIDS160,u,12,IDS,11.36922735362905,250.7726463709492,297.42021917655313,988.8060911400743
2912,FIDS160,i,12,IDS,11.99,99.99999999999964,328.84513922739274,2106.3221666478266
2913,FIDS160,u,12,IDS,18.99293321555843,126.82483387994026,293.06856586375284,781.774593419445
2914,FIDS160,u,12,IDS,26.59242598228902,255.66276036114033,286.2717865808173,1483.8287078169114
2915,FIDS160,u,12,IDS,39.63,218.1393763287076,368.1494765084468,712.3708033739298
2916,FIDS160,u,12,IDS,41.45,289.99999999999915,286.8865575133018,1054.8069259095241
2917,FIDS160,a,12,IDS,48.54423452763769,265.7654723623111,689.8965019530294,1179.5586715300153
2918,FIDS160,a,12,IDS,52.18,130.00000000000256,760.2775644376833,1151.3013065115529
2919,FIDS160,i,12,IDS,58.89363127254159,76.36872745840861,301.1759867957115,2075.036296461351
2920,FIDS160,i,12,IDS,63.67,102.7981557608868,297.36432701841153,2296.1210248119182
2921,FIDS160,a,12,IDS,69.06934948578322,130.6505142167822,796.9883865076948,1206.4935659612745
2922,FIDS160,a,12,IDS,71.34,219.99999999999886,643.2927432948519,1135.2578013856642
2923,FIDS160,a,12,IDS,74.98,149.99999999999147,636.0101585633618,1213.3422100668686
2924,FIDS160,i,12,IDS,77.08,79.9999999999983,358.65458749815616,1900.5367598113473
2925,FIDS160,i,12,IDS,84.94,64.09724422596241,320.7599624937427,2134.558940189597
2926,FIDS160,i,12,IDS,85.24566835637822,62.405870639338445,315.9330059446802,1925.7063603189893
2927,FIDS160,a,12,IDS,85.49,116.01193200534965,708.8082543176937,1226.136016595527
2928,FIDS160,i,12,IDS,97.69272707664388,203.3223527281649,273.21713357551414,2250.3564506799257
2929,FIDS160,i,12,IDS,100.3727911081296,181.17833411419326,276.64354263612177,2282.089755153116
2930,FIDS160,a,12,IDS,103.13,106.41169749270318,602.8153368524138,1096.2797942137518
2931,FIDS160,a,12,IDS,104.196656868298,116.75937087349553,653.9132288883471,1106.5938417116179
2932,FIDS160,i,12,IDS,107.11,79.9999999999983,498.1302257809639,1815.0316434511324
2933,FIDS160,u,12,IDS,112.0404641021056,124.8117412786911,338.0290326044071,1749.8741352554491
2934,FIDS160,u,12,IDS,126.65,199.99999999998863,274.47442988369835,1152.6927952865171
2935,FIDS160,a,12,IDS,138.68,139.99999999998636,700.5098012509702,1203.7202079282229
2936,FIDS160,u,12,IDS,140.34,130.27565606509484,379.70602837482954,1156.261654424594
2937,FIDS160,a,12,IDS,146.5,110.00000000001364,615.5669403998172,1112.939524861896
2938,FIDS160,i,18,IDS,8.68,128.31311631554598,304.1845514030349,1982.7216165489453
2939,FIDS160,u,18,IDS,11.05325176490358,192.54258180188089,318.74033296697485,616.562424633081
2940,FIDS160,u,18,IDS,14.6248592279247,195.1407720753,312.12568846605666,1478.0496969706335
2941,FIDS160,u,18,IDS,15.07965808493949,305.41237113401996,233.33107043425994,492.3491519622597
2942,FIDS160,i,18,IDS,15.78633754482304,92.95159121469965,317.6475367779589,1845.189343963261
2943,FIDS160,u,18,IDS,24.81,140.00000000000057,289.02246679404965,634.8269446751755
2944,FIDS160,u,18,IDS,31.79086256163184,252.2971761541868,368.03613282290246,2657.6948095209277
2945,FIDS160,u,18,IDS,42.22,209.73008180173025,320.4693530610551,871.7454885200391
2946,FIDS160,u,18,IDS,43.91066758180165,339.332418198353,278.68959684822323,631.2042047560469
2947,FIDS160,a,18,IDS,50.02,316.8759805014503,647.8875559065854,1041.3628568314
2948,FIDS160,a,18,IDS,55.19,150.00000000000568,707.2577507985745,1053.0270881647398
2949,FIDS160,i,18,IDS,68.00267298856862,177.3270114313874,261.86913268166904,2261.5295507743062
2950,FIDS160,i,18,IDS,70.45795621357975,62.474647019271856,308.7509591523712,1797.2018866615358
2951,FIDS160,i,18,IDS,71.44286460667696,87.1353933230381,285.8632910009738,2234.098852649003
2952,FIDS160,i,18,IDS,72.47898616091268,79.67279246975068,306.03308668250634,1920.5202322743878
2953,FIDS160,a,18,IDS,78.94920803451167,80.79196548833067,698.7835714172533,1117.336550716317
2955,FIDS160,a,18,IDS,82.6,120.00000000000455,668.3265820362401,1163.4201180137118
2956,FIDS160,a,18,IDS,86.55,87.33009300524941,392.9398084227946,1235.7301651140992
2957,FIDS160,i,18,IDS,91.6394266864608,84.65234199910299,295.8684817458664,2158.121293178651
2958,FIDS160,i,18,IDS,99.35,50.00000000001137,312.34758212473116,2018.588390127839
2959,FIDS160,i,18,IDS,99.74577011429544,74.69324294038415,327.4274244788626,2099.9173060791736
2961,FIDS160,i,18,IDS,109.5364942850704,226.69921421039874,269.9254939532191,2283.508157915394
2962,FIDS160,i,18,IDS,112.0558734914366,131.12813760649544,311.7099309816664,2203.2239793730623
2963,FIDS160,a,18,IDS,114.51,111.4815427588951,698.3385211476578,1138.6566305599672
2964,FIDS160,a,18,IDS,115.9735404569228,129.468287763288,695.5576180968596,1096.654588751729
2965,FIDS160,u,18,IDS,120.2627772061382,66.3939937248017,520.5792430044492,1030.3938914855473
2966,FIDS160,u,18,IDS,128.121964229894,102.91069027340427,406.74382764790937,1729.104043654666
2968,FIDS160,a,18,IDS,162.533913047696,187.56303227260673,727.2909491894009,1131.4498873641771
2969,FIDS160,u,18,IDS,165.05,89.99999999997499,485.8298976810794,2466.700440631945
2970,FIDS160,a,18,IDS,167.4164377003193,136.1076871359046,630.278942338953,1163.8630172729813
2971,FIDS160,i,9,IDS,8.55,149.99999999999858,335.40844582790913,2335.8364166513766
2972,FIDS160,u,9,IDS,10.47,172.8086884295692,306.31747877284096,1615.0102195160625
2973,FIDS160,u,9,IDS,13.38417099791632,111.35004782927105,365.1627240410077,745.6160468272788
2974,FIDS160,u,9,IDS,13.62640618968527,203.59381031473055,378.2212347548631,1504.8802782131027
2975,FIDS160,i,9,IDS,14.21653202901931,83.46797098069025,316.76318154154933,1421.1311418164642
2976,FIDS160,u,9,IDS,22.32616893523481,153.83106476518904,289.64121965977625,625.297165680322
2977,FIDS160,u,9,IDS,29.26023428900868,159.76571099132286,316.40544473762014,627.078765072298
2978,FIDS160,u,9,IDS,44.31,199.99999999999574,305.1786713559025,1040.925197973766
2979,FIDS160,u,9,IDS,47.3,136.11768689489168,314.9908558857183,695.3969684605223
2980,FIDS160,a,9,IDS,56.40013597813687,189.86402186313,613.3477951340071,1103.2240287852787
2981,FIDS160,a,9,IDS,60.49,149.99999999999858,639.255151287661,1164.8260895342337
2982,FIDS160,i,9,IDS,70.91211026612324,80.09389405263789,382.80588725456295,1870.232935427983
2983,FIDS160,i,9,IDS,73.84,129.99999999999545,355.8393326658454,2177.7866337523433
2984,FIDS160,a,9,IDS,81.26,140.00000000000057,837.2182389144873,1097.846287551978
2985,FIDS160,a,9,IDS,83.04,129.99999999999545,668.3433666511661,1177.562230082248
2986,FIDS160,i,9,IDS,88.79191627853574,84.00091327470705,338.47645212770084,2218.0376161290296
2987,FIDS160,i,9,IDS,97.4,49.99999999999716,348.47932859928665,2074.521167544937
2988,FIDS160,i,9,IDS,97.7,71.56264666591028,455.81815415967134,1988.0782690103633
2989,FIDS160,a,9,IDS,97.95,109.99999999999943,783.9124188066789,1280.924769141621
2990,FIDS160,i,9,IDS,108.1797638350661,164.0948073273023,300.7559568979845,2547.7968706284173
2991,FIDS160,i,9,IDS,111.87,140.00000000000057,349.7099901360611,2344.698934221068
2992,FIDS160,a,9,IDS,114.37,99.99999999999432,621.5932056317419,1071.5883920528283
2993,FIDS160,a,9,IDS,116.18,179.9999999999926,622.0817994515708,1089.2391837510463
2994,FIDS160,u,9,IDS,122.18,69.99999999999318,321.9158607993284,825.4152735328006
2995,FIDS160,u,9,IDS,137.69,180.00000000000682,305.97186901241486,1130.4143919891378
2996,FIDS160,a,9,IDS,149.0896719713867,201.21148993709426,965.7063844730783,1556.8273636496624
2997,FIDS160,u,9,IDS,151.19,110.00000000001364,382.94057663960274,1643.8507108253546
2998,FIDS160,a,9,IDS,153.69,150.00000000000568,678.0414896655946,1097.932219001107
2999,FIDS163,i,9,IDS,6.350301278505498,169.69872149450183,308.20775829358683,2307.3550982800125
3000,FIDS163,u,9,IDS,9.43,251.45985974534392,338.48004849647083,807.6073632815666
3001,FIDS163,u,9,IDS,11.16,140.00000000000057,323.3406496746357,1033.044105525281
3002,FIDS163,u,9,IDS,11.52347598283136,195.75561100217874,385.959032384973,767.5632984189612
3003,FIDS163,i,9,IDS,12.12,90.00000000000163,318.9743871237953,1853.6168430275316
3004,FIDS163,u,9,IDS,19.05667445326175,307.98882797676083,444.8898220274902,1390.1898743021516
3005,FIDS163,u,9,IDS,24.00570930420219,274.2906957978129,310.48294014890433,1365.4007703163381
3006,FIDS163,u,9,IDS,35.18,79.9999999999983,319.6230922514585,788.642730769013
3007,FIDS163,u,9,IDS,36.8,200.00000000000284,429.09095697169516,1252.8613516411424
3008,FIDS163,a,9,IDS,42.07013001275268,95.26773068773053,473.85069261765926,1363.122354008481
3009,FIDS163,a,9,IDS,45.36700863142075,129.19870326143013,595.7918632298935,1155.9086482758876
3010,FIDS163,i,9,IDS,55.18777695517799,138.3339651082025,300.0460629204134,2193.175288023604
3011,FIDS163,i,9,IDS,57.79836790336528,84.8274314342703,344.50344399696786,1979.3039135205688
3012,FIDS163,a,9,IDS,62.72649846151617,133.50153848382718,572.2340830443105,1138.4099318690198
3013,FIDS163,a,9,IDS,64.69512690733292,84.8730926670811,694.8751260496173,1158.3983951136754
3014,FIDS163,a,9,IDS,66.34849468472973,91.50531527026828,754.9466383407404,1288.9682803445107
3015,FIDS163,i,9,IDS,70.2411235219719,82.2173566209159,332.9410468349041,2002.685111831475
3016,FIDS163,i,9,IDS,75.79,69.99999999999318,280.52048823941107,1877.8756927819943
3017,FIDS163,a,9,IDS,76.12316791125545,96.83208874454863,612.5808787549411,1139.801761132356
3018,FIDS163,i,9,IDS,87.36,140.00000000000057,291.2647560415942,2154.771704534176
3019,FIDS163,i,9,IDS,89.601891427335,138.10857266499,243.3996462969643,2111.016026049175
3020,FIDS163,a,9,IDS,92.97,112.3602474992964,599.2975038581283,1096.503166534661
3021,FIDS163,u,9,IDS,96.44,84.09801830930519,366.56757874183506,929.3699826230551
3022,FIDS163,i,9,IDS,96.73,49.99999999999716,387.7487485234616,1503.2726947666504
3023,FIDS163,u,9,IDS,100.7968193214598,93.1806785402074,311.9185672286999,706.15835710441
3024,FIDS163,u,9,IDS,119.23,229.99999999998977,366.04889548431856,1172.3387114174502
3025,FIDS163,a,9,IDS,130.7844274704784,315.8190524169129,982.241524405696,1804.9102770668585
3026,FIDS163,u,9,IDS,132.66,105.54662151679395,309.79083134515975,536.6004700431631
3027,FIDS163,u,9,IDS,135.3380347023464,181.4001995286958,452.86525110000645,929.6369188495069
3028,FIDS163,a,9,IDS,136.22,140.00000000001478,668.4945255906002,1199.8363274996148
3029,FIDS164,i,9,IDS,11.07,140.00000000000057,328.37877236651997,2124.3934212576614
3030,FIDS164,u,9,IDS,12.66504614250712,194.9538574928802,283.9649966094183,693.2519579991884
3031,FIDS164,u,9,IDS,14.01,150.00000000000034,283.7079354095563,821.5059278010847
3032,FIDS164,u,9,IDS,14.33,209.9999999999991,301.21766788707714,716.0249706302477
3033,FIDS164,i,9,IDS,14.95,130.0000000000008,334.05675446384447,1988.525150983289
3034,FIDS164,u,9,IDS,29.29628265740581,187.83613528166043,255.59901249753608,709.0499586271669
3035,FIDS164,u,9,IDS,35.38,159.9999999999966,325.3837868679175,725.4070009546359
3036,FIDS164,u,9,IDS,53.57,240.000000000002,350.9698771691353,806.4771590603752
3037,FIDS164,u,9,IDS,55.83,210.00000000000085,391.1202132491613,942.4065979152776
3038,FIDS164,a,9,IDS,64.78,219.99999999999886,655.5407367898563,1151.5231794355086
3039,FIDS164,a,9,IDS,73.74,160.0000000000108,673.7641476634727,1165.2042077391259
3040,FIDS164,i,9,IDS,91.51570761066624,144.29238933375643,259.16090519709434,1842.3818214135933
3041,FIDS164,i,9,IDS,95.83491096488868,175.089035111327,297.99354801744755,1997.8618938653226
3043,FIDS164,a,9,IDS,103.02,230.00000000000398,677.3197639431094,1191.4414514045968
3044,FIDS164,a,9,IDS,104.9027605981732,167.23940182679087,758.6767085397385,1206.5981121845405
3045,FIDS164,i,9,IDS,109.5255971175061,104.4028824939005,290.5853889278263,1904.8794836963368
3046,FIDS164,i,9,IDS,120.82,60.000000000002274,287.5585267677469,1851.676557348391
3047,FIDS164,i,9,IDS,121.193883969986,96.11603001400226,307.1607239970996,1994.02442454763
3048,FIDS164,a,9,IDS,121.58,129.99999999999545,630.8616305180079,1207.194153125937
3049,FIDS164,i,9,IDS,133.7767342821887,134.9502331150063,297.7788378819057,1948.9913020514707
3050,FIDS164,i,9,IDS,138.12,142.78025581378984,305.0457930613226,1830.0574157200738
3051,FIDS164,a,9,IDS,144.1740843930518,115.91560694819236,675.3393092519556,1164.3510514668021
3052,FIDS164,i,9,IDS,147.62,60.000000000002274,415.77118200764914,1908.7219911562872
3053,FIDS164,u,9,IDS,156.7344448439683,155.55515603168146,366.21949762587053,1208.1567681174972
3054,FIDS164,u,9,IDS,181.05,269.9999999999818,261.4944894602216,744.9552444177124
3055,FIDS164,a,9,IDS,198.59,538.8477339060955,506.50430760515815,1166.5404647551134
3056,FIDS164,u,9,IDS,201.45,170.00000000001592,303.5849636476907,782.7553447925878
3058,FIDS165,i,12,IDS,6.45,139.9999999999997,293.8312929964534,2489.419609526487
3059,FIDS165,u,12,IDS,8.66,310.0000000000005,270.54620659951894,815.1084914887023
3060,FIDS165,u,12,IDS,9.678544684400272,221.4553155997283,242.36566319351738,544.3505059702511
3061,FIDS165,u,12,IDS,10.23095719606381,319.0428039361901,293.87836880462777,1219.207024810094
3062,FIDS165,i,12,IDS,11.15,119.99999999999922,257.628766861796,2211.7729449070066
3063,FIDS165,u,12,IDS,20.06436164996261,274.33999734642,345.837406542807,1773.416565465244
3064,FIDS165,u,12,IDS,25.16831487824514,156.76571276938844,293.81035651987247,1241.1010641838564
3065,FIDS165,u,12,IDS,35.88173906401203,218.26093598797058,383.35415339657953,1869.0410805850497
3066,FIDS165,u,12,IDS,37.3132767301886,186.7232698114023,366.5498013415557,1969.5296207690012
3067,FIDS165,a,12,IDS,41.81,320.0000000000003,709.8556852637912,1129.854284746194
3068,FIDS165,a,12,IDS,47.21,229.99999999999687,816.9896859467257,1234.4499386640134
3069,FIDS165,i,12,IDS,54.55,151.20791550393164,251.7784732319226,2275.7861010338165
3070,FIDS165,i,12,IDS,57.03,109.99999999999943,241.86866654440624,2094.993294193589
3072,FIDS165,a,12,IDS,63.56,280.00000000000114,908.6736987190302,1228.2954411741925
3073,FIDS165,a,12,IDS,65.12,129.99999999999545,900.3507075892497,1320.146906060584
3074,FIDS165,i,12,IDS,67.56,129.99999999999545,315.72229703344226,2411.710612982993
3075,FIDS165,i,12,IDS,72.51,46.61669933018686,347.33261012391245,2151.6070890925866
3076,FIDS165,i,12,IDS,72.86,99.99999999999432,301.33985683707743,2285.65296450765
3077,FIDS165,a,12,IDS,73.29,124.4796497021099,905.8021594851025,1316.6427228888163
3078,FIDS165,i,12,IDS,87.58345578071366,76.54421928633326,252.86019106361564,1637.9901146164677
3079,FIDS165,i,12,IDS,90.22353337613669,173.56203913753632,329.54252118657865,2340.613824870067
3080,FIDS165,a,12,IDS,93.74,93.3101188195451,786.4421474858547,1146.2543381833016
3081,FIDS165,i,12,IDS,96.17,49.99999999999716,212.72496074828032,1756.7397664122277
3082,FIDS165,u,12,IDS,99.88,150.00000000000568,320.1690089588414,711.0093887540872
3086,FIDS165,u,12,IDS,131.45,200.00000000001705,416.44216299041364,721.7096268584551
3087,FIDS165,a,12,IDS,132.43,148.70078328920044,708.307712273391,1150.9878646744123
3088,FIDS165,i,18,IDS,6.77,140.00000000000057,332.38490583344947,2484.4114334947135
3089,FIDS165,u,18,IDS,9.15,330.00000000000006,346.5954229017692,1130.2023941771627
3090,FIDS165,u,18,IDS,10.16628520410606,243.71479589393985,334.20939906807183,1031.849194926741
3091,FIDS165,u,18,IDS,10.67118072836907,258.8192716309301,340.9691540997177,726.9485218161773
3092,FIDS165,i,18,IDS,11.37,122.93189336478072,332.9646416394811,2341.611121058963
3093,FIDS165,u,18,IDS,19.62064503972058,172.1898030723601,400.40877612599,2022.5219251518013
3094,FIDS165,u,18,IDS,23.02077389213256,321.0318362365996,376.85425269466964,1424.584776642146
3095,FIDS165,u,18,IDS,33.87,214.54601899547043,408.1290624767168,513.5170591804754
3096,FIDS165,u,18,IDS,36.14,229.99999999999687,284.64429379411564,695.8873442821939
3097,FIDS165,a,18,IDS,42.51,331.0233950479642,819.0275121233047,1275.795427612788
3098,FIDS165,a,18,IDS,45.97,190.20215533684848,793.4764547400927,1196.580055425838
3099,FIDS165,i,18,IDS,56.71920713834742,215.96687165008177,326.71288473171717,2194.0044769234923
3100,FIDS165,i,18,IDS,61.07598875923163,148.84203316424305,299.39658354625675,2507.147025886759
3101,FIDS165,a,18,IDS,66.9,243.5797156345103,994.8415000242435,1284.036498071114
3102,FIDS165,a,18,IDS,69.5722027625094,272.8770608011075,685.2778614368045,1090.981578061236
3103,FIDS165,a,18,IDS,71.2770716145025,202.92838549750059,929.5742734451443,1286.0857579966578
3104,FIDS165,i,18,IDS,74.93771312483923,122.57579201759938,354.1186344881294,2580.1526485328686
3105,FIDS165,i,18,IDS,81.94,82.34581470777869,321.90407486939176,2384.761178561466
3106,FIDS165,a,18,IDS,82.38112166445175,215.96687165008177,890.163486439101,1277.5844990955245
3107,FIDS165,i,18,IDS,91.08,150.00000000000568,322.3337981826459,2389.141372018671
3108,FIDS165,i,18,IDS,93.9226112503588,145.9235619257413,290.0982876991186,2493.0769616401735
3109,FIDS165,a,18,IDS,96.45,142.1759995929932,927.0999126744903,1212.4450011451656
3110,FIDS165,a,18,IDS,97.89,110.34931176992302,944.7926412619718,1255.4307763599274
3111,FIDS165,a,18,IDS,101.4857773916056,74.22260839440753,922.322284567855,1353.231418654228
3112,FIDS165,i,18,IDS,104.2670443132053,62.95568679469454,259.51987661457343,1834.7251285202642
3113,FIDS165,u,18,IDS,108.8038390571154,277.2547676589028,364.2310655382417,1066.7164320354193
3114,FIDS165,u,18,IDS,122.8446861615247,250.98852651228754,317.38844133679265,1264.5991064300724
3115,FIDS165,a,18,IDS,135.3989228575445,545.1453477940049,940.6559124256603,1220.1825701117227
3116,FIDS165,u,18,IDS,139.2081868763766,280.1732388973903,359.50353371522124,1431.177597758496
3117,FIDS166,i,12,IDS,5.16,89.99999999999986,330.222918614054,2203.079686785783
3118,FIDS166,u,12,IDS,8.110622590327072,109.37740967292875,307.7836201147726,586.69064391656
3119,FIDS166,u,12,IDS,8.394064548191421,195.93545180857853,272.40901296172444,619.5953092254892
3120,FIDS166,i,12,IDS,8.94,110.00000000000121,475.95660197044884,1844.6587855806058
3121,FIDS166,u,12,IDS,16.42,128.78168200337825,375.4584629542286,896.7207883717879
3122,FIDS166,u,12,IDS,22.16686287577571,133.13712422429091,330.7807320959553,763.0797172962439
3123,FIDS166,u,12,IDS,33.27788897445615,112.11102554385377,375.92368588601886,1456.3992173089428
3124,FIDS166,u,12,IDS,34.82,219.99999999999886,299.36294913936194,604.1227613157645
3125,FIDS166,a,12,IDS,39.74,87.52838203578506,666.5155248576324,1135.7307964441525
3126,FIDS166,a,12,IDS,43.58,149.99999999999858,725.3513406663924,1069.8788742631014
3127,FIDS166,i,12,IDS,54.06,159.9999999999966,298.4907180121479,2505.262471715617
3128,FIDS166,i,12,IDS,56.44110226775006,72.40093488926647,337.2613680506854,2252.902708502854
3129,FIDS166,a,12,IDS,60.81488162445159,127.8569701235952,595.602734366753,1036.3762414442235
3130,FIDS166,a,12,IDS,62.46,189.99999999999773,612.2532858570382,1319.1535851699382
3131,FIDS166,a,12,IDS,64.23,129.99999999999545,764.9651477221737,1157.2297666515733
3132,FIDS166,i,12,IDS,69.48174705793146,128.2529420685421,280.9742125196437,1589.5467650576534
3133,FIDS166,i,12,IDS,79.19747446571128,62.525534288724316,304.28877357939837,1437.0540339729446
3134,FIDS166,a,12,IDS,79.81,109.94336918074055,702.3526253338875,1173.1310463078923
3135,FIDS166,i,12,IDS,87.11883071909145,251.16928090855595,297.5296376954125,2093.288284288513
3136,FIDS166,i,12,IDS,89.37,69.44409029955523,302.3850243976409,2382.1505558248473
3137,FIDS166,a,12,IDS,91.82,70.00000000000739,749.6270682713688,1247.9877347784127
3138,FIDS166,i,12,IDS,99.01435229720414,56.99648065750296,302.79805134174615,1857.7722207618403
3139,FIDS166,u,12,IDS,105.1595928329311,109.37162504549747,392.60991430793496,1184.800102479015
3140,FIDS166,u,12,IDS,121.5548986323078,132.47830639309655,434.18946861902043,1974.6241775099472
3141,FIDS166,a,12,IDS,133.2944750130928,165.52498690720086,451.49423654239047,1091.5059690713515
3143,FIDS166,a,12,IDS,137.6413131760682,104.75028877601744,563.2381530230823,1181.9258472134297
3144,FIDS166,i,15,IDS,6.12,121.92111347135892,320.8958187860617,2553.6409459828888
3146,FIDS166,u,15,IDS,9.182001497968722,117.99850203127882,332.32888903155657,595.7166293366844
3147,FIDS166,u,15,IDS,9.453747107806295,166.25289219370387,306.03806903815547,587.8764380398288
3148,FIDS166,i,15,IDS,9.943256219544226,76.74378045577335,350.8318869206018,1613.3486642813236
3149,FIDS166,u,15,IDS,17.7,160.00000000000014,319.80125451270163,667.722416313187
3150,FIDS166,u,15,IDS,23.17072364128357,159.2763587164292,350.51890756829306,883.2249197700643
3151,FIDS166,u,15,IDS,30.93,115.15831116070885,279.378714708126,693.8078965621492
3153,FIDS166,a,15,IDS,39.23,130.26871910531668,703.3253163753443,1042.0453321917262
3154,FIDS166,i,15,IDS,54.15571445633841,134.28554366159062,338.424633515446,2312.302933208516
3155,FIDS166,i,15,IDS,55.85,100.00000000000142,289.49728050100396,2277.375765830172
3156,FIDS166,a,15,IDS,59.07532661066107,115.03659112235454,795.4286433964834,1163.4842801708503
3157,FIDS166,a,15,IDS,60.27298355574835,79.57418333275967,843.191950187944,1469.6925589844798
3158,FIDS166,a,15,IDS,61.48,80.0000000000054,834.7143102925108,1164.9574297897418
3159,FIDS166,i,15,IDS,66.02895365579496,89.95342463703082,362.0674018634662,2133.0714729260667
3160,FIDS166,i,15,IDS,70.65,55.30431352154608,295.4121381098278,2190.191620351442
3161,FIDS166,a,15,IDS,71.39742647445122,89.08848786168733,557.9364835681188,1084.9662191398977
3162,FIDS166,i,15,IDS,89.27,272.31774877093073,276.2428343024912,2132.847752347673
3164,FIDS166,a,15,IDS,92.71,70.00000000000739,679.6243125545416,1251.9807938703127
3165,FIDS166,i,15,IDS,95.67,60.000000000002274,378.32214459977416,1745.4563856475245
3167,FIDS166,u,15,IDS,130.2451978724521,88.05237116300191,407.95253062491054,710.6777967123382
3168,FIDS166,a,15,IDS,132.2,112.02234981911374,671.4927624351157,1112.8248572811221
3169,FIDS166,i,9,IDS,7.91,80.00000000000007,307.39906159064066,1944.9586469849864
3170,FIDS166,u,9,IDS,10.78,200.00000000000108,260.8704262537376,571.4497479167618
3171,FIDS166,i,9,IDS,11.28,100.00000000000142,271.62464923506485,2022.3911030112104
3172,FIDS166,u,9,IDS,17.9,120.000000000001,353.79115107460893,1562.4174270525898
3173,FIDS166,u,9,IDS,27.99904076995666,110.95923004333841,267.82669454622044,928.3111221410867
3174,FIDS166,u,9,IDS,39.28,109.99999999999943,387.54791521200053,1527.7548508175762
3176,FIDS166,a,9,IDS,49.84,96.03029591629308,659.1025991343134,1314.0326524303205
3177,FIDS166,i,9,IDS,63.24519709727947,114.80290272052684,350.79631401832546,2320.2518449819104
3178,FIDS166,i,9,IDS,65.52242316097967,77.57683902032397,361.4026021395832,2331.605410725588
3179,FIDS166,a,9,IDS,70.90198852045175,96.22152795508043,813.9158266429317,1202.646349855399
3180,FIDS166,a,9,IDS,75.43,69.99999999999318,755.6929628366396,1341.707198627696
3181,FIDS166,i,9,IDS,80.54699943179186,73.00056820814405,322.2860995158559,2395.72689048597
3182,FIDS166,i,9,IDS,86.93,49.99999999999716,366.4229270517269,2312.548971930655
3183,FIDS166,a,9,IDS,87.24,79.9999999999983,807.7882922062869,1298.9610864482079
3184,FIDS166,i,9,IDS,107.73,159.9999999999966,314.6531595541109,2147.479119885758
3185,FIDS166,i,9,IDS,109.68,79.9999999999983,312.7384504892416,1688.8431455297455
3186,FIDS166,i,9,IDS,120.3023457865304,58.27500988830536,360.71435186836743,1774.7595940973818
3187,FIDS166,u,9,IDS,123.0930605115633,106.93948843670853,354.70467875321657,675.0331812467133
3188,FIDS166,u,9,IDS,145.55,99.99999999999432,434.03037295746566,1204.5742929115963
3189,FIDS167,i,12,IDS,5.597184316491048,70.54361833258582,399.91569492589804,2315.1911701145377
3190,FIDS167,u,12,IDS,7.335431143866662,154.3660354101286,450.6763690410338,1855.8736374508603
3191,FIDS167,u,12,IDS,8.633530562847726,124.48873823397477,336.5071510707932,680.4653824277069
3192,FIDS167,u,12,IDS,8.97213993084414,107.86006915586022,344.56567164809576,1393.735068768355
3193,FIDS167,i,12,IDS,9.405418312155172,41.496246077990406,441.9533031878681,2121.882172687521
3194,FIDS167,u,12,IDS,20.6170226558715,106.7776468714392,400.6100768559435,1325.4797487358935
3195,FIDS167,u,12,IDS,28.13180112916617,240.15297789065926,344.940118463975,719.1455817083025
3196,FIDS167,i,15,IDS,7.109881003485454,99.59099058718036,346.27401808046375,2298.468907494348
3197,FIDS167,u,15,IDS,8.599362296802402,77.18301770506564,255.97589669480513,669.3413039458567
3198,FIDS167,u,15,IDS,16.80318369415562,86.81630584437983,283.46984797857704,656.5573547860223
3199,FIDS167,u,15,IDS,17.06863413889373,151.36586110626737,327.8285558229267,918.8344005320623
3200,FIDS167,i,15,IDS,17.58984085673326,78.0129426266285,306.6070445178141,1951.9008316473823
3201,FIDS167,u,15,IDS,23.97174344066377,68.25655933623054,354.6596700137465,627.6222263789128
3202,FIDS167,u,15,IDS,36.56337507437337,298.7729717615508,329.2577374431492,1333.834665877431
3203,FIDS167,u,15,IDS,53.61,86.05883917469725,386.4999988533507,1065.5163142546257
3204,FIDS167,u,15,IDS,54.62658732976185,106.23038995966994,289.68911877201884,753.2715648158488
3205,FIDS167,a,15,IDS,58.93,82.91819983396209,636.7588091320882,1015.1063282879325
3206,FIDS167,a,15,IDS,64.65,144.47234119967334,650.0662581445156,1040.4035230599666
3207,FIDS167,i,15,IDS,89.94256861491232,69.71369341103184,401.24788368705185,2238.518192850743
3208,FIDS167,i,15,IDS,92.9297635176709,63.074294038557355,358.27449783838756,2178.3797913788694
3209,FIDS167,a,15,IDS,99.7353425805359,225.73957866430305,684.2897963763354,1268.2682024765343
3210,FIDS167,a,15,IDS,101.87,249.97989478599436,405.78962113058975,1349.3174533411743
3211,FIDS167,i,15,IDS,112.0076322328466,40.25135869559904,371.31421681555764,2311.749041951744
3212,FIDS167,i,15,IDS,120.84,48.933540202796166,358.2517514309453,2221.923585816709
3213,FIDS167,a,15,IDS,121.0941986278219,150.21641080230097,631.588406106636,1236.684892402116
3214,FIDS167,i,15,IDS,163.1450573066921,160.17550986097717,331.1877845309133,2445.4972188044785
3215,FIDS167,i,15,IDS,165.9996891982212,121.16903854769134,613.2312023743045,1808.0253544335653
3216,FIDS167,a,15,IDS,167.8531100714504,102.4920509300955,654.6467689366232,1027.42122544473
3217,FIDS167,a,15,IDS,169.1265344767726,109.135127185084,640.4620391274577,1174.9293394011097
3218,FIDS167,u,15,IDS,205.66,127.259935180291,273.4970679628658,626.9652421979999
3219,FIDS167,a,15,IDS,214.3858788868572,131.9580625280139,707.9174264062249,1208.3866625054554
3220,FIDS167,u,15,IDS,215.9203383749538,69.71369341101763,555.6786801662303,1104.7713316131944
3221,FIDS167,a,15,IDS,218.1559329542898,95.44136597941133,599.47121990001,1028.200167191496
3222,FIDS167,i,18,IDS,9.661517677050572,106.23038995965928,341.2047118316164,2181.1988968636774
3223,FIDS167,u,18,IDS,12.14289360152394,117.10639847605897,238.8227872249661,635.7759009991751
3224,FIDS167,u,18,IDS,14.86056525941282,89.43474058717982,304.9923636163998,632.6621629516533
3225,FIDS167,u,18,IDS,15.09293688368445,177.06311631554962,299.5330895754376,660.8488200225281
3226,FIDS167,i,18,IDS,15.58,86.80412371134061,346.3944731375351,2223.6838087514325
3227,FIDS167,u,18,IDS,24.04523377969529,78.0129426266285,315.15015506060394,656.3962022032251
3228,FIDS167,u,18,IDS,34.87694524596602,190.88273195877292,288.88249596030874,668.3049756322018
3229,FIDS167,u,18,IDS,44.59687436967688,146.06678619452396,302.8322081752496,587.4712972749569
3230,FIDS167,u,18,IDS,45.60376155591617,106.23844408382865,302.67476096692207,998.5368625444893
3231,FIDS167,a,18,IDS,49.71,97.59209715313233,700.7815538873438,1072.8032991290734
3232,FIDS167,a,18,IDS,54.33,104.87624663743844,576.991051188377,1044.1710014239138
3233,FIDS167,i,18,IDS,72.93736672175972,58.09474450919083,362.5154156632921,2375.852083193652
3234,FIDS167,a,18,IDS,82.86318193915024,126.14858807708629,658.5796718794836,1179.9610666514213
3235,FIDS167,a,18,IDS,84.72624152565841,229.88920327208007,592.4443366122213,1066.0557475603664
3236,FIDS167,a,18,IDS,86.4500095248739,79.99047512609536,484.44428349763155,1362.638732222745
3237,FIDS167,i,18,IDS,91.39797834490952,51.455345136702135,401.5825743377883,2138.520851929443
3238,FIDS167,i,18,IDS,98.0367747086474,49.79549529359417,351.28104216305354,2179.0211727280885
3239,FIDS167,a,18,IDS,98.27776662650936,92.23337349064309,604.8698008786532,1161.34089204835
3240,FIDS167,i,18,IDS,108.3224963581314,59.754594352298795,388.4260397142566,2360.2839365962004
3241,FIDS167,i,18,IDS,110.326222265796,63.77773420399535,376.2690731228032,2305.7688127399106
3242,FIDS167,a,18,IDS,119.4895389539399,109.55008964590718,660.9170664617351,1219.3508174388937
3243,FIDS167,a,18,IDS,125.35,109.99999999999943,621.6299364717963,1069.9481328322838
3244,FIDS167,u,18,IDS,131.0228769262371,127.12307376290255,285.9719879211369,746.2317586983957
3245,FIDS167,u,18,IDS,153.06,73.29041794909585,372.29750958946266,648.9882263328152
3246,FIDS167,a,18,IDS,173.06,250.0,542.3862577780591,894.0673409309861
3247,FIDS167,u,18,IDS,176.3123256039689,66.3939937248017,329.01169236338535,716.8709831035407
3248,FIDS167,a,18,IDS,178.69,129.99999999999545,629.5499962316487,1112.531680392823
3249,FIDS167,i,6,IDS,7.4,152.50887213917963,368.8568580546679,2377.0126897779082
3250,FIDS167,u,6,IDS,10.17588832925127,164.11167074872958,413.6443330410082,801.0130969759343
3251,FIDS167,u,6,IDS,11.63415737927402,155.84262072597886,318.04079872184985,500.99176059655485
3252,FIDS167,u,6,IDS,11.9229038793628,172.08456025354124,356.90718937314267,921.0135540706781
3253,FIDS167,i,6,IDS,12.46,95.73990525361964,397.92905699972584,2139.232670899025
3254,FIDS167,u,6,IDS,20.72074893342658,126.24946800346848,279.4661293373607,610.0630617959902
3255,FIDS167,u,6,IDS,26.58,143.12012693190113,318.3501739322533,717.0880297195163
3256,FIDS167,u,6,IDS,35.71,149.99999999999858,447.7959248628048,1181.468628125621
3257,FIDS167,a,6,IDS,43.85037977719938,174.6032500556538,713.4689851895148,1026.1153952430964
3258,FIDS167,a,6,IDS,47.73,130.00000000000256,666.3830145246156,955.139981529923
3259,FIDS167,i,6,IDS,59.42,164.84695826758156,358.6757468306232,2267.583586045411
3260,FIDS167,i,6,IDS,61.5,90.00000000000341,368.74581571112975,2143.8964702533926
3261,FIDS167,a,6,IDS,66.41187360465148,98.12639534852963,665.1482789862114,1346.2024267281254
3262,FIDS167,a,6,IDS,67.96317463515018,141.5422796309258,737.7349145897537,1277.3711553302146
3263,FIDS167,a,6,IDS,69.42,121.27995406996206,597.7106175284305,1300.4070876335581
3264,FIDS167,i,6,IDS,73.67,89.92850977442401,576.7480159876542,2206.435853707549
3265,FIDS167,i,6,IDS,79.08,42.70644164097348,301.4755378169084,2251.943182505953
3266,FIDS167,i,6,IDS,79.31177386625745,61.989319546384536,313.9061326378269,2074.3423518069367
3267,FIDS167,a,6,IDS,79.59657084248066,132.24388169895462,617.3868502792822,1063.397418059775
3268,FIDS167,i,6,IDS,87.84951100034581,150.48899965418627,377.12427174541557,2553.9747966828513
3269,FIDS167,i,6,IDS,89.93462831560322,95.37168439678112,466.0832436788278,1872.8369469193474
3270,FIDS167,a,6,IDS,91.56353888902896,116.74655181234073,587.7852180115998,1121.5485367283814
3271,FIDS167,a,6,IDS,92.9441020221584,97.11660062266958,634.4392966210128,1141.529947877831
3272,FIDS167,i,6,IDS,95.89,40.00000000000625,433.72311121665587,1817.4786272177769
3273,FIDS167,u,6,IDS,100.4,140.00000000000057,318.9239217781372,743.6408398715325
3274,FIDS167,u,6,IDS,119.0009679727832,99.15969448559281,297.58931729032196,1016.458817434771
3275,FIDS167,a,6,IDS,128.9007378887978,140.9740234854837,633.869409969616,1058.398530548136
3276,FIDS167,u,6,IDS,130.5655329749351,57.34536548558822,529.8892318163527,1417.0101894978366
3277,FIDS167,a,6,IDS,132.8,145.59118280769212,643.5585089283695,1274.607247426467
3278,FIDS167,i,9,IDS,11.81,109.99999999999943,298.05340747840694,2232.843662060419
3279,FIDS167,u,9,IDS,16.32635317787892,72.24580477807763,302.08188780504446,862.3700018752041
3280,FIDS167,u,9,IDS,16.55889436200837,139.97624675753073,332.60674162748296,694.4896431112577
3281,FIDS167,u,9,IDS,24.01482165983748,123.04363626266834,348.43701918277117,721.8372813911524
3282,FIDS167,u,9,IDS,33.0500328003567,279.96719964329486,306.79636034411044,700.2260356337159
3283,FIDS167,u,9,IDS,46.32,79.9999999999983,319.13223026029567,745.5717142772762
3284,FIDS167,u,9,IDS,53.12,120.00000000000455,412.0428004754156,1701.81458556053
3285,FIDS167,a,9,IDS,60.14,69.54152318930795,704.4437877155657,1298.580398241443
3286,FIDS167,a,9,IDS,62.92,83.49366258019586,557.084672794992,1154.7277174887063
3287,FIDS167,i,9,IDS,82.39028044202625,54.08019784782425,315.6874910406984,1995.1486579180141
3288,FIDS167,i,9,IDS,84.89,60.000000000002274,264.0342800426488,2107.190630888926
3289,FIDS167,a,9,IDS,90.88249730272815,117.17376200364527,658.589652411582,1109.7502910372284
3290,FIDS167,a,9,IDS,93.49,190.00000000001194,320.59896617320396,1199.5194337620603
3291,FIDS167,a,9,IDS,95.57,105.95283735705152,669.6246960723483,1257.9838894629697
3292,FIDS167,i,9,IDS,101.5248999644354,75.10003556458855,449.5454290590417,1956.334202969601
3293,FIDS167,i,9,IDS,107.6527401622922,51.82685627089256,282.76679008110034,2087.013669858551
3294,FIDS167,i,9,IDS,107.89,60.000000000002274,287.2020408212982,2066.600563009871
3295,FIDS167,a,9,IDS,108.22,79.9999999999983,665.4072225974635,1142.3790793230753
3296,FIDS167,i,9,IDS,121.49,130.00000000000966,292.22606938925594,2185.4506428920945
3297,FIDS167,a,9,IDS,126.69,140.00000000000057,666.8478599718599,1220.5959254762893
3298,FIDS167,a,9,IDS,129.06,109.99999999998522,583.840250201896,1093.0759134137263
3299,FIDS167,u,9,IDS,156.3357085034534,164.29149654661046,368.5625965999731,1953.4991349396287
3300,FIDS167,u,9,IDS,180.19,110.00000000001364,405.1693033968114,2498.3905724583938
3301,FIDS167,a,9,IDS,189.69,140.00000000001478,606.5683670288304,1092.713658447445
3302,FIDS167,u,9,IDS,191.67,90.79062281702477,572.0185204523108,1597.7000423077432
3303,FIDS167,a,9,IDS,198.3,109.19660469917858,581.8081192006582,1153.9243759752303
3304,FIDS168,i,9,IDS,5.97,110.00000000000031,355.20384024334646,1974.145467657409
3305,FIDS168,u,9,IDS,7.64,160.00000000000014,319.4279355079623,612.6443269897575
3306,FIDS168,u,9,IDS,9.04,120.000000000001,370.4806491886811,984.198373331077
3307,FIDS168,u,9,IDS,9.360710094564752,139.28990543524833,351.4104734769586,1174.6027549534488
3308,FIDS168,i,9,IDS,9.91,89.99999999999986,380.87762552799563,2140.6818443542843
3309,FIDS168,u,9,IDS,17.92,159.9999999999966,309.17417850714816,510.8786558349536
3310,FIDS168,u,9,IDS,21.75146345391967,128.53654608032983,339.70797502720643,444.2985495237386
3311,FIDS168,u,9,IDS,33.04,170.0000000000017,376.85890871330537,880.7557257862093
3312,FIDS168,u,9,IDS,34.33,210.00000000000085,324.41460008392215,711.7916552956237
3313,FIDS168,a,9,IDS,38.31,119.99999999999744,741.728715593075,1161.6720512606512
3314,FIDS168,a,9,IDS,41.69,130.00000000000256,594.9141674438245,1053.543618259821
3315,FIDS168,i,9,IDS,50.28509823593238,134.9017640676209,361.68341715811636,2215.38625860257
3316,FIDS168,i,9,IDS,52.54,90.00000000000341,348.0128282983538,2149.468610677346
3317,FIDS168,a,9,IDS,57.72892910800456,161.48231604141472,671.8395805863597,1170.5852665702473
3318,FIDS168,a,9,IDS,59.74,119.99999999999744,558.8517816183087,1126.319790932004
3319,FIDS168,i,9,IDS,63.01449444782238,95.50555217762025,358.17676938716454,2162.875711867179
3320,FIDS168,i,9,IDS,68.75,49.99999999999716,349.07261680757347,2200.349442925913
3321,FIDS168,i,9,IDS,69.08,70.00000000000739,359.94308558890987,1971.954705926069
3322,FIDS168,a,9,IDS,69.39016548867028,119.83451132972789,710.4641377651542,1191.686299443191
3323,FIDS168,i,9,IDS,76.89,170.0000000000017,329.5673871482214,2422.173930536519
3324,FIDS168,i,9,IDS,79.18,129.99999999999545,290.4215458838289,1958.9884617479759
3325,FIDS168,a,9,IDS,81.47,86.88222337187312,539.1535485105466,1051.1478773188137
3326,FIDS168,a,9,IDS,82.57,100.00000000000853,502.8062870859676,989.4494186337749
3327,FIDS168,i,9,IDS,85.2,49.99999999999716,400.2081032141227,1471.9907703932092
3328,FIDS168,u,9,IDS,88.99332241360501,119.18932850676356,341.92383121232126,509.32578401356005
3329,FIDS168,u,9,IDS,100.55,159.9999999999966,331.18866819699184,589.6274726175159
3330,FIDS168,a,9,IDS,112.59,269.999999999996,661.0944469168788,1054.0561880698672
3331,FIDS168,u,9,IDS,114.9397229013916,150.27709860839877,288.2012517231684,516.0380985607363
3332,FIDS168,a,9,IDS,117.98,149.99999999999147,540.4876992500858,1052.879879781585
3333,FIDS169,i,12,IDS,7.283793067351186,116.20693264881422,345.32608994573155,2197.7629697499824
3334,FIDS169,u,12,IDS,9.78,180.00000000000148,372.9879306500576,1011.1673337427067
3335,FIDS169,u,12,IDS,10.91,107.43290730347965,479.57650560614286,1015.7025403394464
3336,FIDS169,u,12,IDS,11.26,179.99999999999972,460.32272310756554,694.8081347164789
3337,FIDS169,i,12,IDS,12.2,80.00000000000007,442.64908997310914,1924.3908934755
3338,FIDS169,u,12,IDS,20.24004390351322,133.35274049597956,306.1189351049728,624.523093561593
3339,FIDS169,u,12,IDS,24.85511468401165,170.47154455156033,337.0563742397105,1783.9437650041245
3340,FIDS169,u,12,IDS,34.3,179.99999999999972,455.19431637781526,1173.9766599912284
3341,FIDS169,a,12,IDS,39.87926677625662,160.73322374337806,552.7895324391156,1193.2786842368562
3342,FIDS169,a,12,IDS,45.76,109.99999999999943,692.1709135040487,1212.2503888534734
3343,FIDS169,i,12,IDS,57.08,70.33216434154355,360.04761381788734,2025.45009088645
3344,FIDS169,i,12,IDS,59.10253379263442,87.46620736557986,402.9496625617921,2079.2471798998004
3345,FIDS169,a,12,IDS,64.56,112.44086182333035,590.3150368961767,1275.3388050064655
3346,FIDS169,a,12,IDS,66.15,109.99999999999943,510.66404626318604,1119.836835418798
3347,FIDS169,a,12,IDS,67.13,100.00000000000853,764.0896036780254,1160.6504001565572
3348,FIDS169,i,12,IDS,70.6988880681429,93.48439539924414,289.0505857068027,2105.6948016798283
3349,FIDS169,i,12,IDS,77.16,260.0000000000051,402.3811856943489,2177.057035061579
3350,FIDS169,i,12,IDS,77.89,90.00000000000341,346.7520518257356,1978.4324403108594
3351,FIDS169,a,12,IDS,78.15228785133753,87.71214866246169,594.3860408539459,1335.3193613832445
3352,FIDS169,i,12,IDS,85.5,99.99999999999432,371.94340674921375,2161.9838367554253
3353,FIDS169,i,12,IDS,87.39,79.9999999999983,335.5193849418742,2040.9776368522557
3354,FIDS169,a,12,IDS,89.16466946005097,110.04750928339035,650.9681152429126,1865.0887192755956
3355,FIDS169,i,12,IDS,91.6716638547478,70.62750595800082,468.03071471141095,1497.8205389877596
3356,FIDS169,u,12,IDS,94.96,140.00000000000057,505.2018896126443,2375.790893111935
3357,FIDS169,u,12,IDS,107.9166375374965,106.7625090063018,774.5299623472656,2190.074851209242
3358,FIDS169,a,12,IDS,116.28,170.0000000000017,547.1582163621999,970.9528160758916
3359,FIDS169,u,12,IDS,118.27,131.00978992081025,487.4407626488441,801.4567621888065
3360,FIDS169,a,12,IDS,121.7,118.98009462770176,612.692835527702,1256.368969027734
3361,FIDS169,i,9,IDS,9.41,109.99999999999943,372.4920284157868,2286.6823461388603
3362,FIDS169,u,9,IDS,11.24,189.21652649324903,354.4636214901061,688.8435918392192
3363,FIDS169,u,9,IDS,12.44,99.99999999999964,419.39490370649264,1004.2134913601158
3364,FIDS169,u,9,IDS,12.69,160.00000000000014,421.688946770632,1166.2873375828603
3365,FIDS169,i,9,IDS,13.18,80.00000000000007,456.6042891455715,2018.8488606333112
3366,FIDS169,u,9,IDS,19.65,190.00000000000128,309.4043813780761,837.8416406355856
3367,FIDS169,u,9,IDS,24.86,160.00000000000014,239.7659073800181,1827.3667414543393
3368,FIDS169,u,9,IDS,32.28,159.9999999999966,336.53770509818304,652.2754085222218
3369,FIDS169,u,9,IDS,33.45,129.99999999999545,391.23390265905124,688.0161997269595
3370,FIDS169,a,9,IDS,39.15,140.00000000000057,647.7522214233677,1082.6840848952954
3371,FIDS169,a,9,IDS,43.84,149.99999999999858,567.5472681367244,1026.15358014846
3372,FIDS169,i,9,IDS,53.78,89.9999999999963,404.98713364628463,1934.8779031608308
3373,FIDS169,a,9,IDS,61.09,99.99999999999432,599.7605922842546,1249.7764946290758
3374,FIDS169,a,9,IDS,62.9,130.00000000000256,553.2571810675087,1008.9782757657642
3375,FIDS169,a,9,IDS,65.02,109.99999999999943,524.207907708454,959.6970231710106
3376,FIDS169,i,9,IDS,68.75,99.99999999999432,384.9363689223079,2208.9121863773544
3377,FIDS169,i,9,IDS,76.25,49.99999999999716,341.3650619188655,2079.258649317901
3378,FIDS169,i,9,IDS,76.56,99.99999999999432,318.33634949453824,2135.0253645654284
3379,FIDS169,a,9,IDS,76.94,100.00000000000853,536.5130418532179,1125.8346875356012
3380,FIDS169,i,9,IDS,87.1,120.00000000000455,380.5131589142316,2308.981808671868
3381,FIDS169,a,9,IDS,91.57,80.0000000000125,603.5194684575566,922.1346766603588
3382,FIDS169,u,9,IDS,93.44,90.00000000000341,331.0846155529388,1072.2470766638023
3383,FIDS169,i,9,IDS,93.63,40.00000000000625,463.4567911202131,1376.2076982155022
3384,FIDS169,u,9,IDS,97.65,239.99999999999488,288.3924653264138,693.0535023015716
3385,FIDS169,u,9,IDS,112.01,124.92368786568875,360.6989507253612,1872.202449708632
3386,FIDS169,a,9,IDS,123.55,180.00000000000682,484.85509160495246,982.7236872867871
3387,FIDS169,u,9,IDS,125.18,99.99999999999432,406.7317684937807,628.0351968698359
3388,FIDS169,a,9,IDS,128.5,90.00000000000341,530.328155733862,953.1542321241362
