spkid,IPA,AgeMonth,Register,time_start,duration(ms),mfcc1,mfcc2,mfcc3,mfcc4,mfcc5,mfcc6,mfcc7,mfcc8,mfcc9,mfcc10,mfcc11,mfcc12,mfcc13
AF,a,20,IDS,0.3689109951241385,69.25304572213298,-220.69675,132.75383,-52.531425,65.44394,-37.781136,-23.444654,-21.995075,6.4593534,-1.3778218,-25.642635,-22.377949,-21.702635,-5.738213
AF,u,20,IDS,1.1045122975514214,43.659528824823155,-232.18607,147.68486,-37.269737,51.595573,-9.87727,-14.282517,-17.370043,-4.51692,-18.384037,-1.8843725,-15.562006,8.728022,-9.735749
AF,i,20,IDS,16.214247141529036,51.1870337946192,-328.30103,76.64081,23.606792,68.45329,2.0479448,-0.105647326,3.002077,13.108046,-29.43383,-11.563765,-10.732193,-4.6565933,-20.636322
AF,i,20,IDS,20.30835202281601,81.2970536738078,-334.5858,95.57866,42.866425,30.3339,-18.178299,-3.7258089,-19.820728,-21.090908,-30.636265,14.845719,-8.34453,-5.210569,-11.642178
AF,u,20,IDS,27.02785470782312,46.67053081274375,-256.2289,194.19429,-18.619156,25.608463,0.19269294,-5.713705,-5.841774,3.056003,-1.6703895,13.124762,-30.258583,-23.007824,-13.063183
AF,i,20,IDS,28.57553510826905,91.83556063151954,-333.3824,116.285995,10.325312,71.56741,-47.40227,-0.41509068,4.5600815,-24.948444,-37.992935,-6.19786,-9.708147,-21.463173,3.9270234
AF,i,20,IDS,29.597069306314133,57.209037770455495,-238.65315,103.55495,-15.812165,82.50859,-66.23771,-20.209816,-8.873127,-16.913055,-29.387386,-3.2967453,-11.445654,-12.065104,16.774046
AF,a,20,IDS,31.87766880626794,57.20903777045905,-211.33565,126.01025,-103.69641,10.669313,-3.9657888,38.54249,0.23319112,-0.509796,-10.46685,-14.256052,-35.14747,6.9821973,-11.275324
AF,a,20,IDS,33.60115527799135,55.7035367764982,-230.80872,98.70489,-32.974186,45.28653,-59.913322,15.228155,-65.76845,-28.042612,-4.8506184,-33.51802,-27.245842,-2.8735633,-8.421033
AF,u,20,IDS,34.25303720837579,88.82455864360139,-385.82556,148.58926,-32.456226,28.166496,-6.832347,5.832691,-15.172048,3.1592107,2.705216,-23.823019,-41.002724,-32.997997,-6.1731677
AF,i,20,IDS,50.439659044665234,76.7805506919288,-268.54663,100.72974,25.335373,42.01901,-35.583305,0.63937664,1.6211216,2.4571338,-17.707695,1.7229987,-13.379425,2.6954033,-12.628893
AF,a,20,IDS,73.91351326978159,194.2096282207615,-298.05914,104.53241,-27.076807,51.83225,-9.806547,2.6868083,16.092936,28.245335,-10.363329,15.122871,-12.121681,-15.4334545,-31.28931
AF,a,20,IDS,75.46808516948151,91.8355606315231,-260.43713,92.94185,-30.603973,43.82959,-8.293962,-14.046583,13.957378,19.147953,-21.076118,1.9742734,-22.996109,-6.817545,-12.279619
AF,a,20,IDS,78.44570574281676,87.31905764963699,-286.29062,84.98569,-4.065509,37.17694,-1.2100374,7.9245844,7.6335173,37.128677,-18.310465,-1.0643821,-20.543304,-5.679562,-7.6415906
AF,a,20,IDS,80.29270826718248,75.2750496979786,-289.916,111.00315,-35.614494,33.69872,-39.367237,-3.0003405,-0.11103927,19.710152,-19.767437,-3.5689301,-17.415369,5.085437,7.901429
AF,a,20,IDS,81.70343985082175,102.3740675892384,-273.76892,138.96512,-43.005417,27.617292,-4.01479,-19.64687,0.48999453,22.049965,-8.8223295,-15.604578,-22.24722,-11.427978,-10.704246
AF,i,20,IDS,84.56050359985906,75.2750496979786,-370.7312,110.235275,39.35662,89.29019,-31.492258,-21.882118,-4.8772154,-9.885626,-17.260555,-5.801378,2.994715,-11.931892,-4.81083
AF,a,20,IDS,84.81591950789759,70.7585467160925,-298.77112,137.34615,-14.86627,31.433796,-38.10575,-30.316236,16.902754,13.188055,-7.3841267,-15.893657,-6.393651,-12.575749,-4.0637636
AF,a,20,IDS,86.68576392355695,60.2200397583772,-200.81921,35.348427,26.742207,26.97039,-7.9681573,-12.076,-9.738536,-0.044733763,-22.657207,10.498098,-3.9947925,-1.4311377,-14.685328
AF,i,20,IDS,86.90406156768107,123.45108150466899,-352.22543,111.049324,23.507782,80.63196,-24.054081,-15.6929,-12.918598,3.4872065,-31.873573,-10.15813,-10.304417,-0.5895481,-1.8203291
AF,a,20,IDS,88.53741289317966,114.4180755409252,-403.57242,108.66723,-57.577316,37.774185,-0.1904521,18.073372,-0.518086,-3.244454,15.516437,-12.105504,-27.752415,0.51439965,-3.3386073
AF,u,20,IDS,92.10616289871253,194.20962822074728,-332.63388,172.7779,-16.047699,24.003174,-3.9612062,0.6025791,-11.976315,-31.90262,-27.341799,5.6626115,13.461877,-6.323635,-8.188522
AF,a,20,IDS,92.51765753601008,102.3740675892384,-307.79364,110.59642,-21.692257,33.9388,-9.7251835,-26.234093,-12.4665985,24.506834,-8.346573,-2.7483954,-30.55849,-5.989564,-10.82994
AF,i,20,IDS,93.08808658362376,49.68153280067611,-282.19852,107.34009,28.991005,92.49037,-36.423183,-9.524149,-18.669601,1.5138788,-35.69983,16.679478,-2.1724758,-16.075035,10.900072
AF,a,20,IDS,93.1985850775828,67.7475447281779,-249.75499,63.473293,45.193535,42.23551,-9.834738,-7.556054,-7.677783,22.496674,-30.043274,10.059217,-19.195105,-6.757702,-18.84776
AF,a,20,IDS,93.74100652771122,87.31905764963699,-228.34059,107.06678,-70.84763,24.454218,12.312622,15.133598,-4.7407727,-2.0330358,7.4200864,-12.373625,-48.12329,0.12856552,-13.474499
AF,a,20,IDS,102.82732478548132,40.64852683691811,-282.96732,117.233894,-55.873608,8.58518,19.579742,34.381725,-8.12398,5.6706967,-0.49032867,-33.117508,-45.139717,-4.627843,-29.943352
AF,a,20,IDS,112.233691946743,55.7035367765053,-302.89746,140.49661,-34.320763,11.559324,-29.616552,-15.311609,-8.159206,23.673622,-9.405363,-30.574543,-30.367527,-0.42855257,3.3950467
AF,a,20,IDS,118.20492206160276,170.12161231740208,-283.57715,182.51443,-71.52722,-9.693885,-30.91354,-0.25065637,-4.3453426,-3.5358853,-0.38245246,5.737152,-16.85123,-24.018818,-15.736147
AF,i,20,IDS,121.54182491406578,72.2640477100498,-273.17078,115.94529,-18.39135,72.52074,-15.823326,-3.0959306,-10.483637,-4.631028,-23.773815,-6.8861766,-15.564697,-8.976883,-7.557411
AF,i,20,IDS,122.58104849470686,27.099017891274002,-287.38553,116.77883,21.880232,70.37526,-37.292572,-11.265132,-8.465946,7.9772367,-33.514248,4.566483,-33.213306,-30.85244,11.649038
AF,a,20,IDS,123.763450498871,64.73654274024909,-301.79047,126.721794,11.596662,43.39966,-20.770607,-19.12797,-10.920559,9.030867,-7.62727,-6.3846345,-15.631632,-7.1878886,-15.60729
AF,i,20,IDS,124.2105320122672,165.6051093355302,-267.8881,142.05295,17.716866,70.72844,-58.90201,-20.391903,9.765559,-16.01604,-10.170624,-0.20828861,-17.058296,-23.552757,1.2795491
AF,a,20,IDS,125.815979795734,70.75854671607829,-281.5704,129.14128,-37.723507,38.570534,-24.539904,-19.582481,1.1388518,15.427124,-13.482498,-13.233079,-27.422235,-3.3940115,-7.012999
AF,u,20,IDS,127.73130089940612,150.5500993959572,-332.09064,153.7732,-5.3161983,3.1197596,-26.389542,-9.390165,-9.542032,-2.4751167,-9.7067585,1.5035248,-34.05236,-16.753258,-2.7367752
AF,a,20,IDS,128.41173506686607,179.15461828116008,-218.04697,124.02373,-5.0717106,36.088078,-39.949158,-13.646101,-0.7190756,3.1635695,-14.306919,11.714591,-18.83561,-13.985917,-7.2171493
AF,u,20,IDS,132.82029474247787,180.6601192751316,-413.1588,149.67575,39.600834,19.191767,-3.1053538,12.197673,-11.320185,-7.494813,-33.1968,-23.230518,-16.842203,-2.055256,-4.4178963
AF,a,20,IDS,140.6918300353858,55.70353677649109,-255.27162,171.63504,-21.067802,38.406223,-7.732177,5.7835474,7.960986,39.06869,-8.091817,-13.162347,-29.664856,-15.773389,-4.6677675
AF,a,20,IDS,144.81701797911742,91.8355606315231,-384.07275,154.79776,28.35072,57.66976,-18.371254,-9.922651,0.34330547,8.718609,-23.80734,-20.53356,-15.50762,3.3561556,-13.912693
AF,u,20,IDS,147.93500037923457,212.2756401482775,-324.4949,138.84796,21.68367,8.374006,7.1436744,3.2186904,-5.534309,-13.049967,-18.861526,15.668011,-20.572428,-13.054796,-22.828968
AF,u,20,IDS,149.56994806368658,121.9455805107259,-355.31006,167.81134,40.666546,-34.907524,-25.495852,2.996704,10.761633,21.666718,-16.136591,-8.112995,-31.615597,-7.4193296,-7.3996944
AF,u,20,IDS,151.28576439883722,132.4840874684412,-271.62292,160.15237,16.275074,-30.314886,-48.669186,14.803274,-23.8761,-27.75365,-30.825432,7.883811,-9.995062,-15.835376,-17.16717
AF,u,20,IDS,160.29174595617127,79.79155267983629,-278.64838,146.23718,-1.537386,-8.679111,-47.31515,8.574826,-11.506219,4.7100935,-11.889496,-0.6928129,-13.838134,1.7829862,-12.831269
AF,a,20,IDS,167.295294954924,108.39607156509601,-274.82547,161.66696,-70.28473,41.295998,-3.9839509,19.258091,-7.178297,-13.8191805,-11.016802,-27.22961,-32.81903,-17.840887,3.226111
AF,a,20,IDS,168.36238350144723,60.2200397583772,-268.5475,120.7131,0.787151,48.356087,-11.545763,-28.231264,7.902906,6.8605857,-8.106897,0.9625309,-12.984975,-5.743913,-20.748522
AF,a,20,IDS,176.2213814122909,79.79155267986471,-313.90646,135.21967,22.494669,19.495092,-2.2526932,-0.2969507,-21.992136,6.8110595,-28.602493,-7.433975,-31.94467,-24.330662,-11.249788
AF,u,20,IDS,176.91993387348805,73.7695487040071,-345.52332,171.21808,-5.2282486,-14.184011,-15.003723,3.3419337,-9.9950695,-26.923306,-26.331997,-1.8166091,-15.526365,-19.788208,-6.7065816
AF,a,20,IDS,178.89556587487783,81.2970536738078,-339.97034,139.82529,15.861923,23.473282,33.232525,-6.074333,-16.419838,-1.8439419,-22.781261,-0.7156642,-28.96016,-19.134335,-15.726511
AF,u,20,IDS,179.60113926943805,55.70353677649109,-320.1379,166.28668,24.81263,14.474001,-15.948849,-17.000002,-11.986542,12.696268,-6.7949505,-5.460257,-24.55236,3.8270226,-14.692346
AF,a,20,IDS,191.2118055565805,78.28605168592162,-372.0685,125.25035,-11.774458,33.365345,-45.53253,-0.41564214,-20.392246,3.5182762,-20.549797,-31.338848,-15.703764,-5.6848574,-14.8088665
AF,a,20,IDS,191.93370597251183,173.1326143053593,-300.66525,146.22772,39.370018,42.51815,3.9764094,-24.447569,-12.626692,13.48196,-20.041622,4.661875,-16.115389,-6.4888124,-24.279503
AF,a,20,IDS,192.5336481186047,135.49508945632738,-287.39423,117.413956,18.308727,50.13778,-16.848738,-12.991216,-10.27796,15.232333,-17.85376,4.183669,-14.584475,-13.860032,-28.376572
AF,a,20,IDS,193.0914489261945,230.3416520757935,-340.18042,143.5548,-10.397431,59.71402,-17.996838,-16.343708,-9.546392,1.2675408,-5.1654234,-22.998756,-21.438772,-27.91817,-23.520016
AF,a,20,IDS,193.614208005442,274.0011809005978,-303.21127,122.71071,-2.241361,35.323982,0.06782079,-7.394451,0.57240856,19.16743,-14.113051,-22.119175,-22.329845,1.3658493,-26.300707
AF,a,20,IDS,200.82135038088907,100.86856659532373,-294.445,144.55228,-13.577158,40.642403,-17.189932,-12.76239,-19.35701,14.498313,-1.5908601,-40.54435,-25.793062,-23.138493,-11.696545
AF,a,20,IDS,203.98024068422728,105.38506957715299,-248.37828,117.94351,-15.065765,19.695084,-23.912025,-4.6175613,-18.562729,8.100676,-2.4272642,-11.959287,-28.43426,-3.8163614,-9.434032
AF,a,20,IDS,207.127061092792,93.34106162543776,-274.1471,124.811646,-55.49143,25.907436,-8.809731,10.411263,-15.659691,-17.648066,-3.190476,-25.722399,-27.692915,2.8193789,-6.49868
AF,u,20,IDS,208.41692470210552,216.7921431301636,-320.42358,191.15698,3.2358503,-13.346603,4.6607904,7.0816784,-16.664803,-16.671093,-6.9952674,8.685699,-10.408104,-28.044353,-21.393555
AF,a,20,IDS,214.7548478562817,67.7475447281779,-251.48347,146.14949,-37.425262,42.06868,7.9589996,-15.683735,19.340555,32.22603,-7.472681,-8.823854,-31.25799,-13.067389,-19.075329
AF,u,20,IDS,215.1078878393652,102.3740675892384,-409.9076,180.18652,51.02369,15.818359,-8.433035,-0.17561567,-11.471963,-3.8614802,-18.169146,-11.186795,-17.813587,-7.6120124,-11.218381
AF,a,20,IDS,236.9524661496621,73.7695487040071,-217.46904,133.50569,-107.21304,3.0320415,9.551756,16.062004,3.2193878,6.919126,-3.236575,1.7060333,-38.301796,-26.67366,-15.637944
AF,i,20,IDS,240.01634137195603,82.80255466769404,-322.3503,118.71858,15.251736,76.03233,-32.186592,-9.464648,-4.2626266,-2.5553946,-39.603893,-12.762086,-19.584547,-6.293288,-2.8566315
AF,a,20,IDS,241.4857357207161,149.04459840201412,-250.58864,142.13898,-47.780895,0.16187704,5.8522897,35.406868,26.09702,11.669208,4.590432,-3.2052913,-40.865387,-9.874118,-7.60225
AF,a,20,IDS,265.92064421956934,75.27504969800702,-312.10254,144.62161,-7.147339,40.319424,-16.421385,-22.581688,3.5042598,10.373283,-6.087324,3.205317,-16.944656,-16.83452,-18.388878
AF,a,20,IDS,271.0730381309784,84.30805566172239,-326.09232,113.14451,-14.191891,36.99005,9.032391,0.15355545,9.527528,19.998339,-14.365461,-9.154081,-16.6447,-6.4669647,-30.022898
AF,a,20,IDS,272.12165814942074,90.33005963760843,-342.3053,107.656296,18.979568,43.043457,29.374046,3.692254,-2.7237868,19.111883,-5.9437256,-18.95763,-32.069122,0.16342819,0.706071
AF,a,20,IDS,277.17581786689084,130.97858647444127,-289.83658,159.13611,-32.267418,59.695595,-31.942432,-7.9052076,15.338636,22.618147,-4.5651703,12.750695,-6.933158,-21.741241,5.0044994
AF,a,20,IDS,277.6997322127887,100.8685665952953,-283.31857,136.43977,-19.625921,31.761627,-18.805857,-18.802628,-13.572474,16.013592,-7.2930326,-17.52554,-21.785881,-4.4097605,-23.732956
AF,a,20,IDS,280.21015410388395,117.42907752886822,-316.14194,177.18,-47.526436,4.0230255,-13.346375,-12.501685,5.5499735,8.931604,-5.861521,2.4537718,-22.877106,-17.636261,3.648355
AF,i,20,IDS,283.2029591212678,96.35206361343762,-287.2052,128.79416,39.32161,65.49103,-39.59121,4.1507854,3.9672754,-3.7921124,-2.909123,4.124955,-19.764921,-0.014045566,5.091238
AF,i,20,IDS,283.8706488120888,49.6815328006619,-299.0726,99.79356,11.725208,71.291046,-56.561905,-2.5481157,-20.560493,-7.3167963,-14.889216,11.460571,-21.187014,-31.551147,-7.690861
AF,u,20,IDS,290.09959217079376,112.91257454695369,-385.18045,154.55075,-2.8377254,0.8327677,8.006603,-1.0436136,-36.62741,-28.5934,-21.54533,3.7695785,-11.964397,-25.22533,-7.7207103
AF,a,20,IDS,293.1217501363419,87.31905764960857,-296.5578,146.58746,-14.041802,50.4171,-11.844893,-20.666374,11.270215,17.771904,-22.126644,-5.0439296,-14.791536,-15.944332,-15.008671
AF,u,20,IDS,294.6263811268569,97.85756460735229,-380.95468,161.19463,11.692554,1.0718539,-10.344034,-8.843083,-32.565765,-16.9631,-24.05004,-14.884567,-32.994446,-18.208557,-13.390703
AF,u,20,IDS,296.24677986480964,137.00059045027047,-427.89627,119.100876,46.361675,8.864907,-26.547596,-11.8360405,-29.056568,-4.53032,-11.1206,20.030743,18.404736,46.154884,30.322927
AF,i,20,IDS,297.18682209576804,155.0666023778149,-341.54626,123.39729,14.407856,66.462326,-34.948963,-2.0424623,-8.9131,-15.905012,-24.814482,3.5230114,-18.258698,-17.805714,-11.68049
AF,a,20,IDS,300.303104081478,69.25304572212099,-395.43842,104.03494,-15.286247,34.234447,0.3306207,13.175344,4.362179,14.92696,-12.6219845,-18.869595,-34.811234,-4.6907473,-8.276648
AF,a,20,IDS,301.5586396286302,91.8355606315231,-271.09894,108.67839,16.273142,45.331207,-23.052895,5.2824593,-3.664959,25.138344,3.079852,-0.41620582,-29.60534,-10.190744,-6.3352194
AF,a,20,IDS,303.99259262722694,90.33005963755159,-258.60553,106.27992,6.123332,68.655304,-58.215233,-13.265251,3.487492,15.914283,-4.2249546,19.08729,-9.351215,-19.665413,-4.9828186
AF,a,20,IDS,304.29896207949764,46.67053081277572,-243.34645,133.84445,-32.60422,43.856674,-33.43771,-26.33134,15.808575,20.602234,-15.631479,-10.325659,-10.164054,-2.5264912,-7.4550767
AF,i,20,IDS,311.4960978982484,64.7365427402633,-283.3399,114.96659,18.729332,72.09392,-38.78582,-9.504694,-12.6089735,-1.0759562,-15.788281,12.376013,-22.059792,-5.1577663,6.946595
AF,a,20,IDS,312.00646273520056,109.90157255906752,-295.34564,136.66437,-21.956852,35.236053,-23.016188,-9.289349,-20.059195,25.057423,-1.602819,-36.258575,-27.60562,-17.090834,0.25919306
AF,a,20,IDS,316.9208770987647,154.7607974883931,-302.26276,159.35526,-16.667156,10.598425,4.099429,8.69071,-6.0210648,15.281952,-6.718275,-9.757035,-25.386845,-7.180885,-12.536917
AN,a,22,IDS,3.522766313381659,55.86445422501729,-247.83495,90.99835,54.217087,18.400398,6.0295696,10.935949,-10.767099,17.392492,-26.955208,5.4077387,-9.124664,19.365673,4.6131086
AN,a,22,IDS,4.051676549350775,68.47900840485988,-219.35391,145.30109,-58.354225,26.23111,-19.632877,-13.073208,3.3169227,4.1610384,-0.9261452,0.71660364,-14.212559,6.536167,-4.829771
AN,a,22,IDS,12.782514220976823,95.51019593309462,-325.68964,93.3345,-9.214147,25.301304,-28.569927,-0.57655984,-23.488106,6.656059,-6.888452,6.864808,-4.243311,0.17520642,-0.7418504
AN,a,22,IDS,13.066341690023284,54.062375056467715,-327.0233,136.28116,0.8109629,51.35769,11.108288,1.6126456,-31.731068,-19.250706,-12.289297,-8.295735,-29.227243,-3.931206,2.6144557
AN,i,22,IDS,13.31142445694594,147.7704918210119,-383.8213,135.51831,16.630402,46.711998,8.58768,-26.049473,-18.672333,-4.8613005,-16.023882,-2.4637957,-4.595149,-7.2088795,-7.9007277
AN,a,22,IDS,20.80831215701345,86.49980009035119,-356.38693,169.91489,-31.778656,-25.478264,-9.909422,-24.508656,-19.21624,-8.877716,-26.668247,2.3998208,-20.57058,5.4651165,-4.4160395
AN,i,22,IDS,25.36683732599071,86.49980009035119,-301.42575,84.143715,42.018196,43.45257,-35.84132,-8.531095,-41.73375,7.231838,-27.931873,-5.0825853,-18.413801,13.078829,41.0961
AN,a,22,IDS,26.58883937401998,59.468612562113776,-285.0913,86.59573,85.35451,27.74937,-4.089217,-27.31072,-30.156532,-1.1897349,-24.375328,-6.497573,-12.904709,9.192176,-14.134109
AN,i,22,IDS,26.744719222099462,104.52059177584161,-280.0588,119.92226,45.130882,40.742046,-33.94478,-30.119062,-5.5823793,2.8537436,-12.713881,4.3171234,-13.757242,-6.7827616,-11.462553
AN,a,22,IDS,28.236002044314723,113.53098761858149,-292.84335,166.11667,-50.123936,-38.426178,-29.484106,-10.378594,-34.441814,-29.822649,22.153072,-3.1125984,-27.891693,-9.517267,-8.732783
AN,i,22,IDS,29.59958723205697,55.8644542250164,-304.97446,99.67723,54.220154,63.33794,-39.137962,-12.050162,-38.57048,-19.256815,-19.51416,-6.6609926,-7.028948,-17.564114,-1.3644319
AN,i,22,IDS,29.95099266992402,66.67692923631208,-297.70172,92.0847,60.270298,66.01048,-39.65883,4.6257706,-37.791367,-17.194984,-26.07099,-17.719305,-6.656871,-3.9797487,-0.9846612
AN,i,22,IDS,30.893209069990835,52.260295887926134,-298.21002,102.73111,22.799992,66.535934,-21.20126,-24.874691,-24.706902,-14.2450695,-17.57051,-1.6055732,-4.915219,-25.626366,-9.478698
AN,a,22,IDS,31.978623012686256,142.3642543153676,-202.95583,103.4399,-62.629875,-5.7313414,-3.735384,40.255028,1.9490861,17.86331,-23.118732,1.4939739,-25.380527,-2.5721133,-14.327171
AN,i,22,IDS,33.15717734788721,61.27069173066957,-230.89937,149.11334,-3.9275827,52.333412,-13.882011,-34.26715,-28.746471,-15.11203,-13.080845,-24.273182,-21.352978,20.614258,-7.9155884
AN,a,22,IDS,35.70781171612499,73.88524591051038,-337.8712,186.62097,1.6240888,39.384396,7.322213,-26.909678,-37.99299,-28.000708,0.69620603,2.962651,0.46764588,-13.721725,-20.329525
AN,a,22,IDS,40.50709668932649,72.08316674195459,-275.22455,157.19058,-9.602838,49.278107,-6.928569,-9.022369,-20.417854,-11.2133465,-3.384992,-7.74116,-9.625503,9.889725,2.8215163
AN,a,22,IDS,42.27291000210094,72.08316674195459,-363.83173,135.55508,-26.973915,-26.09933,-10.064848,32.223236,-3.291093,11.2349205,-0.3839053,-17.511902,-19.008347,21.12672,11.4232025
AN,a,22,IDS,44.93732534445128,46.85405838227297,-229.19055,153.8182,-7.194368,14.163425,-41.584305,6.7792616,0.3256085,-5.86873,-7.483944,-5.6941447,-3.7547145,8.578998,5.6940417
AN,a,22,IDS,45.315392058370726,45.05197921372428,-223.52094,132.77736,-30.88189,0.9474857,-19.361816,-7.321811,-15.837053,-12.159921,-6.6148043,-0.5484884,-17.978981,7.931907,-8.008012
AN,a,22,IDS,49.08202335775266,82.89564175324671,-313.83243,146.00537,-23.995201,-0.7186515,-5.7216606,-1.9381771,-9.948786,-2.2246435,4.0537887,21.128292,-8.454234,14.071798,-1.6450559
AN,i,22,IDS,51.50479343385478,79.29148341615644,-294.31387,84.0383,-8.74717,59.5958,-22.261213,-35.161835,-8.681122,-4.7386165,-24.354225,-15.279305,13.949122,7.673208,3.985523
AN,a,22,IDS,54.31813029410437,75.68732507905906,-284.03378,149.26749,3.9734032,16.823872,-12.023453,-26.964176,-16.665451,-7.2458096,-7.9068947,-4.0225005,-34.72195,-4.89057,-10.497082
AN,a,22,IDS,58.11459480615892,95.51019593309462,-304.58487,163.2927,-13.463062,-27.902878,-56.589577,11.118195,8.853768,-15.177585,-17.988556,-0.81491673,-1.4986849,9.737112,-2.073979
AN,a,22,IDS,58.33858375116742,77.48940424760775,-320.5481,142.30061,-3.0041108,26.931458,-1.0997843,21.116848,-0.21777558,-28.335985,-20.22971,4.8466873,-4.2983704,1.4201548,-4.313076
AN,a,22,IDS,62.68171372682238,82.89564175324671,-344.6074,165.94608,-10.297248,18.411554,-13.684325,-12.735516,-37.160545,-31.589283,16.43652,-11.499413,-23.55108,22.677568,-13.272825
AN,i,22,IDS,71.33325991503227,73.88524591051748,-295.38217,90.61113,42.529488,34.092815,-33.709404,-9.863136,-33.91578,-7.912817,-27.632175,-17.281305,-5.437871,4.3061876,-2.3280983
AN,a,22,IDS,72.8438812126739,79.29148341614223,-380.6786,174.51859,-29.100113,8.503127,6.651714,20.851265,7.2126083,3.5969892,14.875228,3.2759764,2.862955,12.675407,-7.0104847
AN,a,22,IDS,77.10536547904537,54.06237505647482,-294.20947,148.54007,8.596764,28.004509,-5.3240023,-17.80514,-33.553337,-17.639626,1.182675,1.6519569,-11.294721,7.51103,5.707795
AN,a,22,IDS,89.89580781748475,91.90603759599014,-348.66168,141.87183,22.585636,68.30426,-5.428829,-17.475891,-17.109367,-3.5648663,-20.6371,-4.166607,-1.3260381,9.504548,-14.55824
AN,i,22,IDS,91.32593443192116,52.26029588791903,-219.4342,114.49878,-3.471025,55.05745,-12.614935,-9.308277,-30.750689,12.2837925,-26.095512,-19.033785,13.41037,-3.509718,13.176821
AN,i,22,IDS,93.78040755113554,108.12475011293543,-306.53427,129.12198,25.711912,47.80243,-7.0017576,-16.902939,-3.8395896,-19.21178,-24.122292,-14.342539,-10.005728,-3.1088853,-11.767237
AN,a,22,IDS,95.69080384155048,73.88524591050327,-348.58203,153.85838,-18.32069,29.318184,6.51157,-25.852938,-27.594042,-9.509809,-0.7655449,-9.352751,-8.31332,14.037197,-13.945738
AN,a,22,IDS,96.84297804231352,61.27069173068378,-253.59715,135.98163,26.179264,15.681137,-10.334777,5.3172092,-19.260853,-5.9913855,-4.524803,12.104082,-15.663546,-12.592516,-12.008915
AN,a,22,IDS,97.52055980968792,104.52059177583806,-275.00775,173.5954,-41.472057,-22.362497,10.787262,17.454033,1.5749326,-0.13358039,-23.059353,-2.545,-13.927222,-0.8201591,-11.011732
AN,a,22,IDS,98.81487943339285,180.20791685489712,-256.35934,184.49805,-35.72415,31.8354,-2.4329646,-25.482876,-26.21872,2.8776479,-4.5369816,-17.653152,-20.307901,-3.4155257,-15.887434
AN,u,22,IDS,99.03022789403444,73.88524591050327,-335.06265,138.24017,-5.4592295,5.380487,3.0489948,-1.6544931,-12.742289,4.749405,-5.2032003,-4.5474844,-8.705076,-4.1053686,-10.612239
AN,i,22,IDS,99.4190081765736,135.15593764115863,-331.9004,122.77154,57.380592,33.21748,-23.154388,11.22456,-3.388518,1.130184,-26.52433,-17.316082,-8.078591,-22.115593,3.878344
AN,u,22,IDS,108.96611996028123,77.48940424760065,-376.3792,118.00136,4.9643383,15.897127,-4.9619684,6.644113,-65.57044,9.762937,-15.1171,4.441064,-24.3566,0.617724,11.969215
AN,a,22,IDS,113.5409315930465,136.95801680972863,-358.2533,142.06863,-2.1646297,63.900116,-7.2831106,-3.8910592,-15.850634,-3.7968254,6.3638926,8.141652,-17.644175,10.876662,1.0369103
AN,a,22,IDS,114.49421045461858,106.32267094439385,-364.79425,142.57431,-46.609108,17.011345,9.051385,5.379287,20.12153,11.721949,3.5987701,-10.454644,-10.044941,2.5062618,16.361828
AN,a,22,IDS,115.30864589138108,142.3642543153676,-246.8451,142.49586,-58.91723,-2.0675836,1.6040553,-5.4007034,0.07982564,11.316989,-4.915783,4.618076,-28.911566,4.8682714,-6.997412
AN,a,22,IDS,116.24250294869547,102.71851260728226,-366.0004,90.45038,25.04543,7.525975,4.9440637,1.9679339,-23.188095,9.319297,1.5501597,11.899106,-10.178943,14.703926,0.40818784
AN,a,22,IDS,116.41370046970763,88.30187925890698,-328.70114,113.92982,-39.95822,9.090736,-11.73138,-4.7780857,0.7955216,11.791463,-2.9295828,3.475315,-16.915806,21.536259,10.139494
AN,a,22,IDS,117.46566146383302,63.07277089922536,-314.47638,181.169,-19.482029,-9.576647,-14.189343,-14.950922,-23.86154,5.7564135,12.3336735,1.0993843,-18.705536,-1.1176305,-13.282703
AN,a,22,IDS,126.19329604371838,95.51019593308752,-129.20967,104.382,-57.599163,33.679962,12.807235,19.754421,0.96041644,48.82582,-38.83542,-10.018116,-5.7753077,14.511646,-12.330049
AN,i,22,IDS,126.31763950634826,77.48940424760065,-300.25003,103.82407,31.385502,42.330982,-9.363506,-15.5752125,-26.214184,-7.457795,-24.261208,-5.8423038,-22.081516,-0.24194342,-4.290703
AN,a,22,IDS,126.67539895398596,68.4790084048359,-236.22179,128.15942,-29.613785,35.913174,-17.01078,-11.504852,-10.643984,-1.9478228,32.386326,-6.6695347,-5.1142282,-3.9606552,-0.98481905
AN,i,22,IDS,134.13219311306835,95.51019593308752,-314.4915,126.7518,-17.997414,57.66649,-28.320889,-28.833107,-4.2117486,-1.5766149,-3.782696,5.241718,-13.771322,-4.903116,-1.3333757
AN,a,22,IDS,134.35453105901072,106.32267094439385,-344.29105,132.5202,-23.821327,41.542404,-26.762543,-13.071359,-25.951902,-5.5762415,-14.834581,-21.025547,7.7736855,-9.56373,-7.6959934
AN,i,22,IDS,136.49602570471686,59.468612562113776,-316.52908,117.879395,7.1315413,75.82539,-15.341893,-24.23909,-23.024239,-13.808973,-29.677942,-0.12679768,1.6603216,-14.148817,-12.4772215
AN,a,22,IDS,136.9193710180036,80.80697994017783,-296.82373,149.95703,-19.53516,53.0423,-23.77866,-9.4659,-32.076096,-9.686876,15.337341,-4.8922153,3.4121425,10.628884,9.187674
AN,u,22,IDS,138.2102975259648,75.68732507905906,-293.75275,79.877106,34.835327,36.92577,-18.571041,-4.303052,-12.496934,-25.224272,-3.0949144,-0.8460239,-27.038013,-5.3754935,11.512344
AN,a,22,IDS,140.2427508044135,70.28108757339169,-212.01663,118.331375,-48.642227,18.646332,-20.007994,4.8449106,-8.856995,1.3854136,6.9017467,-2.0684314,-9.431076,4.736741,0.8181113
AN,i,22,IDS,140.32294332741395,50.458216719363236,-277.28674,121.527084,-23.018559,29.192951,-29.995945,-18.292156,-19.872192,2.6475258,4.077584,7.258243,9.076112,6.205903,5.9394403
AN,i,22,IDS,140.5040522838531,77.48940424761486,-288.60654,82.4514,29.435398,43.710587,-20.700634,-38.07493,-12.19384,1.358405,-27.111973,-0.5108855,-17.793026,3.2090087,-0.39698333
AN,a,22,IDS,141.1039413931667,86.49980009033698,-349.00262,143.55176,36.519154,47.72358,-8.588087,-14.965616,-21.065601,2.3828135,-7.4838147,6.578033,-2.6936402,11.640699,-1.2983587
AN,a,22,IDS,144.27035026790975,97.31227510164331,-307.66196,156.97351,-18.850761,44.484287,-19.567078,-19.791792,-18.500912,-9.328312,9.339646,-7.3393307,-6.075341,6.5781994,-15.2619095
AN,a,22,IDS,144.82715613484078,37.84366253952953,-361.7049,142.84943,8.35251,70.78908,-7.714119,-17.685337,-19.345829,-17.493755,-11.848339,-5.083349,4.8463416,11.532975,-6.682909
AN,i,22,IDS,147.08388494094237,82.89564175325381,-317.75452,106.02764,43.061783,69.20596,-49.972134,-13.892261,-20.88364,-16.460274,-18.479391,-4.018481,-9.015643,-11.6647415,5.429216
AN,a,22,IDS,151.285916172312,64.87485006775273,-340.03952,151.24313,4.422998,28.217709,-7.3867197,22.084007,-8.012554,-9.136951,9.996931,-12.564759,-23.388721,12.861223,-1.4409703
AN,a,22,IDS,154.2093620970659,64.87485006775273,-237.64691,115.17905,18.17305,29.4882,-15.564429,34.802376,-17.73864,14.528633,15.227303,-13.943796,-10.447104,18.229275,-7.3972425
AN,a,22,IDS,156.07747727829104,84.6977209218096,-246.86609,174.27591,-23.211926,-18.880804,-41.253178,17.305162,11.092952,-6.86349,3.1816168,23.610233,-9.799832,0.49012828,1.9630356
AN,i,22,IDS,156.74627761772635,59.468612562113776,-363.50198,141.93677,41.017956,41.93601,-42.432373,-25.786709,-17.255903,-18.650171,-21.442776,-23.750935,-5.5178366,-19.428009,-14.187515
AN,a,22,IDS,157.037313403447,104.52059177583806,-300.06244,156.34775,-9.053736,-14.720783,-56.645065,22.891083,-19.421045,-14.935341,-7.391571,-5.2405653,-4.911086,-4.4573746,-3.7743845
AN,i,22,IDS,159.33268800528091,167.59336267506342,-390.71854,90.5254,22.51963,63.379646,2.8076487,-30.600147,30.778837,-3.140374,-27.921597,-8.342721,-7.376541,-3.1920567,-10.060697
AN,a,22,IDS,159.97667588051314,90.10395842744856,-320.20743,152.47809,-14.569235,39.873405,-23.386982,-43.766495,-7.5869913,9.719808,11.303583,-2.814853,-16.459797,1.748639,-9.74074
AN,a,22,IDS,160.51910171024636,43.24990004516849,-219.65169,132.20209,-85.75165,-30.797932,4.482086,-10.270853,8.530056,-4.707223,-14.942064,-1.3322129,-13.034956,-15.201504,-4.0583158
AN,a,22,IDS,160.928173681507,46.85405838228007,-215.4346,123.002686,-109.79932,0.10941626,21.242115,14.635527,-0.6461473,-9.389964,-24.121914,3.9603808,-10.310968,-4.6710763,-2.7458067
AN,a,22,IDS,161.8944159901444,55.86445422503061,-223.98181,150.73203,-89.65588,18.20628,2.808319,11.56094,-6.9658413,-4.998451,-9.092413,-1.3048711,-19.26172,0.75628185,-9.44563
AN,a,22,IDS,162.11607172787592,84.6977209218096,-214.07053,126.40762,-97.90943,-5.955159,-17.063828,26.404022,-8.816326,-4.0447817,-22.211285,-2.1834579,-27.802113,-5.6549015,-7.3953977
AN,a,22,IDS,162.36205553438288,64.87485006778115,-272.89322,143.27309,-119.4644,-7.479667,10.470455,21.907022,-11.380309,-8.4210615,-14.419558,-11.328409,-9.561521,-10.045996,-4.7231092
AN,a,22,IDS,163.28463129881857,50.458216719363236,-231.16084,74.14582,-59.27826,20.428537,-37.73771,-12.615746,-18.783787,11.808224,-3.569276,-16.483341,-20.290531,9.08172,-11.452761
AN,a,22,IDS,163.49457352195452,48.65613755080744,-248.88528,75.9783,-54.03638,30.812069,-38.93618,14.715711,-20.317284,2.6923656,-6.985529,-15.358126,4.482195,2.217247,-21.722153
AN,a,22,IDS,164.02508258327896,55.86445422503061,-314.8386,143.14914,-17.527515,20.132004,-20.634247,-6.615635,-14.325876,-21.80693,-9.143751,-21.983196,-13.47666,2.0313165,1.2069197
AN,a,22,IDS,164.37829010031456,91.90603759600435,-280.9393,104.3307,-8.967644,11.689782,2.9277992,-29.81508,20.186552,3.26775,-10.332088,2.080427,-29.596476,3.9830213,-21.576591
AN,a,22,IDS,165.7522711189115,50.45821671939166,-417.60678,116.60135,-32.003708,20.112381,27.84238,-11.693333,-31.643349,1.3602581,4.156881,4.340894,-14.038139,6.313904,-23.237457
AN,a,22,IDS,168.08159864230333,95.51019593308752,-327.39365,129.6414,-46.323257,-0.61902636,-25.956059,-26.06504,-32.79786,7.0264616,8.872516,4.91134,-6.9242334,15.869705,-5.8650494
AN,a,22,IDS,168.54773282654793,34.23950420244637,-293.69608,162.51335,-10.561176,52.6177,-8.103352,-14.0348015,-17.538918,-25.603764,-6.928442,3.0677738,-11.087905,1.4747894,14.089075
AN,a,22,IDS,170.2341401719544,43.24990004516849,-272.62137,147.23172,20.849148,58.642128,-7.1242723,-23.21207,-23.607311,-4.810666,-15.010021,11.806527,-9.457183,12.453194,-4.0205607
AN,i,22,IDS,172.3762025419195,84.69772092178118,-349.07755,154.75758,16.587666,56.540627,-29.182774,-32.70292,-25.552689,3.1714005,-25.962355,-4.2867703,3.91047,-6.629527,-13.842961
AN,a,22,IDS,173.94807895373157,111.7289084500328,-263.33615,136.28362,-34.66349,46.01368,-31.5344,3.2075565,-24.653658,23.707012,15.440714,8.092506,12.821711,12.651262,-11.934031
AN,u,22,IDS,175.3753357917525,70.28108757342011,-233.72662,132.99411,13.974491,13.432587,-7.3146043,12.206005,-32.95245,-14.930027,-11.299677,1.2110283,3.344122,13.962034,-2.7506685
AN,a,22,IDS,176.50236421298712,84.69772092178118,-320.8502,107.77111,-75.76839,-11.958658,-42.59438,18.150372,3.5987532,14.902229,12.013681,-25.706333,7.1564403,-4.1960955,-6.6091137
AN,a,22,IDS,177.19095626815593,81.09356258472644,-249.57312,121.743454,-13.064169,39.803505,-50.637688,-35.91536,-11.18552,-1.7782978,-6.7854524,-0.54997635,12.267181,-5.0626774,-2.0088992
AN,i,22,IDS,178.78622311300853,63.07277089922536,-235.73004,60.557095,7.072666,39.83021,-74.201614,-3.1674585,-28.683912,-4.3995643,-6.6113243,-4.7256384,2.040705,-21.434738,8.580169
AN,a,22,IDS,178.88713954644726,63.07277089919694,-276.86816,122.022514,-32.49552,6.053224,-22.279613,-3.641918,-23.723824,3.2076209,21.929497,-17.908354,-9.098524,4.390464,-16.672434
AN,i,22,IDS,179.8436892510312,64.87485006775273,-287.27542,145.06187,-6.6890564,31.077503,-38.22278,-24.519878,-3.5654392,16.031784,-8.724052,-7.498755,4.5485873,3.998033,-1.6843758
AN,a,22,IDS,181.2105374930051,47.86958191834856,-175.41803,55.999054,-28.624622,39.041954,-66.93036,0.08314237,-4.671644,19.605219,-20.388062,-22.335659,19.662025,0.775032,-24.653023
AN,a,22,IDS,182.65483854307604,48.65613755080744,-273.11728,140.87648,-25.283731,49.51069,-27.588192,-18.347233,-23.038876,-17.866684,-4.642624,-16.531843,-16.802616,15.864107,-1.8240252
AN,a,22,IDS,183.931673944234,72.08316674194748,-303.89963,200.32448,-58.1335,-32.980904,2.357564,-1.9401412,1.9961667,-18.255976,-7.957334,1.4153376,-15.152683,9.570593,17.250336
AN,a,22,IDS,191.6530194071775,201.83286687748137,-394.72086,120.32646,-51.721764,0.07026219,15.717533,-3.8655007,10.223219,6.0530944,-3.563942,-0.7547281,-18.71183,13.516314,-3.8791351
AN,u,22,IDS,192.3847102822892,50.458216719363236,-323.45975,139.88954,-33.51072,-12.086773,-17.324684,10.964079,-40.17179,-21.838354,-7.25115,10.212849,7.938833,-16.947563,7.9891567
AN,a,22,IDS,192.51085582408763,108.12475011286438,-287.86752,116.94325,-22.030197,12.001051,-25.945732,-39.99215,-4.428064,10.261282,-4.828744,5.927281,0.14666378,0.97758245,-7.5188427
AN,a,22,IDS,194.43139795886327,91.90603759597593,-321.99097,127.22035,-35.604538,-44.018158,-0.35353398,-11.692337,-9.718689,7.1192646,-8.828747,-19.390041,-16.529799,6.181082,-5.0172615
AN,a,22,IDS,195.90702979282057,70.28108757342011,-280.7422,195.16641,-84.22711,8.154723,-23.496685,1.2950867,-5.163194,-7.021967,2.5066419,9.353818,1.8002362,4.9717517,8.743393
AN,u,22,IDS,199.26475577860447,64.87485006778115,-314.4604,163.2728,-7.0377507,34.761147,3.4430442,18.663574,-16.333746,-22.521679,-25.757963,-13.843508,3.3751788,-5.355255,-1.6499805
AN,a,22,IDS,201.11925645967384,182.0099960234529,-306.66238,137.91568,-39.18589,20.211884,5.6462445,39.193596,-6.399054,-4.6969347,4.4418626,10.675365,-28.778202,4.4994917,0.30114746
AN,a,22,IDS,201.79197869521136,106.322670944337,-301.06754,175.80258,-14.493594,40.214752,-14.464475,-8.667215,-8.109379,-12.011945,-21.404377,-12.335978,-11.647682,3.9114602,-0.72625184
AN,a,22,IDS,202.05958745174087,108.12475011292122,-360.99753,156.55896,-24.560932,0.54888564,8.33237,38.74881,11.939264,-20.281174,2.517291,1.3800087,-21.887398,-9.639437,-5.0177617
AN,i,22,IDS,202.53339877052707,86.4998000903654,-333.6572,55.28837,43.743225,27.583488,1.9235464,-13.356435,-14.460184,-2.727758,-33.239243,-13.898996,-31.031256,17.722645,-0.8592811
AN,i,22,IDS,203.1224598272691,52.26029588794745,-319.31076,124.00963,-12.9311495,58.612404,-29.394728,-20.297163,-11.741959,-20.725555,-18.806494,-13.778047,-14.455913,-8.424835,9.89638
AN,a,22,IDS,203.42220384862776,82.89564175325381,-288.23352,162.61282,-53.484516,9.335394,-24.177656,14.190773,-4.921368,3.8155699,-0.8354449,-12.498871,-25.51638,-10.937341,16.295502
AN,a,22,IDS,203.95239517218707,46.85405838222323,-347.43103,206.87958,-4.134829,17.846508,17.556126,12.249714,-32.724857,-25.062134,-2.548634,-1.3078275,-26.244434,1.8445946,3.5381548
AN,a,22,IDS,204.0714834774137,75.38516487420566,-288.58813,205.4313,-56.95481,21.320423,2.7754815,-6.3356047,-16.38178,-22.967655,-2.7516537,9.68308,-18.306433,15.1372795,-2.6361995
AN,a,22,IDS,204.32722763924528,82.89564175325381,-268.88602,165.64456,-65.47559,29.304148,-9.869045,11.127533,-13.038629,-25.83191,-17.628601,4.181123,-11.969289,26.171242,-7.623458
AN,a,22,IDS,204.60654991037035,64.87485006775273,-341.45963,159.87863,-17.703613,22.887016,-14.013195,1.534486,-29.976208,-22.057602,-2.5187201,6.2474785,-17.497128,3.3794498,4.4728465
AN,i,22,IDS,204.77207018879253,54.06237505647482,-315.93668,137.36244,21.546432,33.28063,8.115539,-18.538464,-32.22638,-8.385452,-35.729454,-18.680927,-3.8682084,-6.3004293,-4.3744583
AN,a,22,IDS,205.06580909326604,108.12475011294964,-327.88403,134.03543,-53.374184,24.559017,8.487628,26.039835,-7.609481,5.528695,18.266232,-12.416347,-15.620787,0.499912,-14.968959
AN,a,22,IDS,206.3290455718285,45.05197921372428,-303.1457,141.3566,-10.06827,50.86006,-8.069439,-28.028996,-11.748522,-12.588263,-21.891054,7.592475,-20.04365,1.0183878,20.881084
AN,a,22,IDS,206.75613833477465,45.0519792137527,-280.6825,150.88953,-78.89288,1.3988216,-25.97063,-9.734489,6.4142275,-17.705872,-6.15753,14.023159,-16.01905,-6.6405363,7.699809
AN,a,22,IDS,206.85525268904485,66.67692923630852,-278.85284,147.33109,-76.91182,17.25718,-32.201626,2.6543553,21.292473,3.605064,7.2267113,12.957693,-14.573866,-2.1973348,15.144208
AN,a,22,IDS,206.9372472912138,61.27069173069799,-346.42877,139.90627,-37.49621,14.62849,-12.876127,-13.567568,-16.848743,-16.700844,-17.82389,-8.534293,-21.290482,11.856777,7.239391
AN,a,22,IDS,207.23627250821104,50.45821671939166,-238.66264,123.9091,-30.002733,13.9043665,-12.819944,-4.807948,-28.056974,-19.812954,-19.97863,-8.465186,-11.902615,16.94369,-0.82438457
AN,a,22,IDS,208.1739837103565,34.23950420244637,-270.19678,147.01064,-39.891273,5.1792483,-25.273415,-3.61727,-8.48341,-1.6065655,-14.020359,14.877745,-12.837555,2.4709265,0.9828811
AN,a,22,IDS,208.2667907875368,75.68732507905906,-328.7279,180.79694,-37.1127,11.4854965,-28.771042,-9.103399,2.536139,-6.832403,-9.252004,-4.931411,-25.275629,2.5835342,4.643708
AN,a,22,IDS,208.35959786471705,77.48940424758644,-331.14084,134.81973,-34.67222,47.84829,-14.834182,-2.399248,-1.9781978,3.7073104,-12.572306,-6.975794,-18.818571,-14.593657,11.381503
AN,i,22,IDS,208.47583197108847,72.08316674191906,-359.51538,118.94768,-13.036648,51.48127,-26.751091,-17.733128,-0.5122316,-4.1724973,-23.71514,4.894969,-3.773205,-4.5322533,3.2394447
AN,a,22,IDS,208.71370642133687,54.0623750564464,-353.0024,158.639,-71.16148,-2.357573,-13.296157,-11.927302,17.489494,-4.856492,3.11296,-7.698959,-37.445366,-9.78821,-5.3840785
AN,u,22,IDS,210.45118644040247,46.854058382336916,-402.45648,160.86604,-3.2598414,27.058647,-5.1142926,14.268113,-13.2102995,-32.317287,-30.622871,-20.23716,3.6390882,7.0935516,-1.4617655
AN,i,22,IDS,210.84944593665188,79.2914834161138,-372.7613,152.49094,7.3457074,60.60961,-10.804376,-16.503424,-32.037987,-17.96165,2.4870195,-10.949749,7.865991,3.5242248,5.8812327
AN,a,22,IDS,211.72531872280769,54.06237505647482,-287.99908,99.7459,66.514114,30.88374,13.653917,-29.918282,-27.446404,8.045382,-11.102832,8.132914,-22.58224,2.6548312,-17.307743
AN,a,22,IDS,211.91363599592108,84.6977209218096,-279.84784,152.95616,-29.297903,62.605385,2.2980382,-1.3418838,-29.740128,-11.129682,-9.56559,-11.680201,8.208973,-4.459983,-4.4340744
AN,i,22,IDS,212.0424846564723,43.24990004516849,-327.4421,128.9369,21.711779,45.65001,-37.8564,-24.448294,-26.382627,-14.077153,-15.82234,-20.18522,-15.20006,-15.400381,-12.195206
AN,a,22,IDS,212.9869509349848,59.468612562085355,-274.79807,150.05157,16.817795,42.61522,4.6877513,-5.1105947,-27.420547,-5.1876073,-16.778404,-1.1228292,-4.566116,12.086857,-6.274378
AN,a,22,IDS,214.2840102735932,88.30187925889277,-296.6395,170.57205,17.964931,23.26327,-7.9852304,-2.922974,-32.659054,-12.133736,4.984867,13.017476,-3.9195511,-3.8375754,-3.6510565
AN,a,22,IDS,215.91885510888264,72.08316674194748,-288.83374,171.74408,30.002,29.57727,-3.8456788,0.5264514,-13.78053,-0.8974545,-20.503693,-4.9861717,-5.34258,10.884502,-6.459301
AN,i,22,IDS,217.99195951604528,75.68732507911591,-366.9415,114.84583,48.574005,78.50153,-26.248507,-10.928808,-12.33993,-21.39833,-39.716312,-12.3659115,5.0416026,9.746523,-2.6616302
AN,a,22,IDS,218.4278594210209,109.92682928147701,-219.48863,117.92403,-18.495483,31.671585,-39.679703,-37.247555,-6.5701847,21.049479,-4.3626847,26.329084,20.816631,5.379464,4.850318
AN,a,22,IDS,224.0513923600204,36.0415833709169,-355.63934,180.47176,-3.714961,48.743084,10.692819,-12.453949,-41.65677,-31.375097,-8.051972,-15.789246,-20.760715,-9.882453,-15.28552
AN,u,22,IDS,224.11701716957,48.656137550835865,-338.9481,140.26994,-30.163904,45.91752,-9.123067,-21.56956,-50.131615,-12.492975,7.1334343,-32.187275,-6.7428226,-13.903741,-3.9942021
AN,u,22,IDS,224.2161315238401,66.67692923633695,-324.31714,84.03017,28.099026,34.362656,-12.561594,-10.536143,-71.99875,1.6207827,-12.735924,-7.9793086,-26.211916,-6.808494,-4.9295897
AN,a,22,IDS,224.5035631512237,54.06237505647482,-372.03372,135.16223,4.724089,45.012943,2.9045634,-6.587644,-28.075466,-15.184788,-13.577792,-12.23024,2.80856,8.566582,-3.5288043
AN,a,22,IDS,224.72526562163603,68.47900840486432,-259.7128,114.91135,-25.81596,-4.414251,-35.55851,10.663006,-59.627754,-6.3317223,27.630882,-3.9536073,-37.573578,1.7828743,-20.03511
AN,a,22,IDS,225.7937264698928,48.65613755080744,-292.12387,106.297104,-35.412746,46.702827,-16.545513,-10.539242,-52.86924,-26.204845,-28.822014,-6.1071005,-3.8440223,-14.602745,-4.424385
AN,a,22,IDS,225.9964603763546,100.9164334387549,-281.71527,103.04167,-18.019854,-7.02725,-26.546711,3.369009,-64.8936,-28.559164,-8.853493,-14.183354,-21.356787,-5.65726,0.032155156
AN,a,22,IDS,228.41297534907764,57.666533393557984,-289.51166,111.6137,-18.24134,-38.558487,-24.45167,20.739586,-47.291992,-7.0166864,-4.077621,2.8256269,-14.047001,-0.033095837,-32.536648
AN,a,22,IDS,232.0938879629718,100.91643343869805,-273.38113,152.05844,-23.138363,44.57173,-2.3548546,-21.342617,-16.771006,15.0431595,2.4391649,4.00821,-5.7143917,9.734747,-7.507616
AN,a,22,IDS,232.79759987829016,77.48940424761486,-311.90817,163.94055,-6.376611,39.222427,16.966604,-12.428858,3.0479465,18.677933,14.793922,4.4060383,-6.313426,7.6495147,-14.985355
AN,i,22,IDS,233.4072493429284,48.65613755080744,-297.17145,128.225,52.40313,52.53904,-5.2914352,-19.367016,4.332418,-32.560944,-28.434834,-2.6593542,-34.636185,0.5613722,-11.773637
AN,a,22,IDS,233.5883582993675,61.270691730612725,-316.49872,183.39868,-14.349202,23.320137,8.782743,-11.821838,-13.176426,0.050435603,5.705353,-9.92695,-21.821808,13.106002,-11.025453
AN,i,22,IDS,234.8475895529966,75.68732507903064,-261.644,143.30263,-38.89507,73.98783,4.7902355,-17.731314,-23.894405,-10.998863,-11.923924,-9.750708,-16.152006,-2.578649,13.820307
AN,u,22,IDS,237.14962032480588,61.270691730612725,-343.53683,100.20387,72.02161,36.442616,-7.466244,9.486021,-39.039997,13.232229,-21.069973,4.0405774,-11.769864,-8.715306,-4.748872
AN,i,22,IDS,237.32622408332367,61.27069173072641,-363.28568,104.23372,17.428654,86.51001,7.3011794,-15.639494,-7.5455623,-8.563712,-55.02482,-5.4672985,20.770353,13.428123,-6.9299965
AN,a,22,IDS,237.47399457514467,68.47900840492116,-292.84222,40.68474,81.38783,37.786064,1.7816949,15.360754,-51.76809,2.555608,-11.800056,6.9592443,-6.1291018,10.269483,7.910562
AN,u,22,IDS,237.64068689823543,73.88524591056012,-358.0145,133.57645,25.505707,42.883884,-1.8762088,-0.4277954,-25.119015,-25.648804,-20.006157,11.7427635,-1.0599364,-11.717451,-7.5384254
AN,u,22,IDS,237.86475917207525,75.68732507905906,-338.55148,53.39879,65.49793,18.929657,8.694272,-1.1983068,-13.729896,-5.761478,6.198746,2.365489,-28.126709,-1.1650984,-14.596649
AN,a,22,IDS,238.07650347437976,99.11435427022752,-306.0055,153.63533,-17.75132,44.60514,-5.2754807,-2.6411717,-29.664139,-20.933023,-2.7423418,4.858305,-22.859276,3.4327123,-12.828002
AN,u,22,IDS,238.96719396048027,46.85405838219481,-246.37859,121.332,-43.48661,37.976166,-33.677208,-10.180915,-36.01574,-33.995197,-16.014929,6.721716,-27.700962,-2.2621298,-3.7121582
AN,i,22,IDS,243.63449493266089,86.49980009030855,-269.5003,130.30513,-40.02235,51.821594,-6.168207,-8.637841,-41.398087,-3.0049744,-23.618967,2.6674423,9.199856,-21.239864,-7.60081
AN,a,22,IDS,245.3383031717831,55.86445422500219,-318.19388,157.65259,10.938327,31.004414,-2.9598897,9.856281,-35.836105,-25.816002,-7.663536,-4.686233,1.2834113,14.044176,-14.041084
AN,a,22,IDS,248.14307743546715,72.08316674194748,-276.24203,125.710236,9.157091,8.189595,-13.071802,-15.194649,-44.04416,8.206646,-15.68169,-17.055515,-23.235779,-9.215168,-14.932903
AN,u,22,IDS,248.3485144606817,54.06237505647482,-302.44983,132.18365,-12.350431,36.128914,16.027355,4.573002,-39.928596,-25.105062,-27.679012,10.636576,-3.4674828,-0.5747153,-16.768707
AN,a,22,IDS,249.02519518847183,81.09356258464118,-343.20392,151.34384,-26.691486,24.506065,26.87273,6.3443317,-3.0397506,26.460762,2.7279038,16.692698,-6.2572985,2.9152994,0.0136838555
AN,u,22,IDS,267.9856794083791,75.68732507900222,-348.6207,199.9061,20.753056,-22.618233,-6.8947387,13.196996,-16.601608,-12.234009,-28.150295,-2.4157066,-9.133507,-14.735381,-9.606731
AN,a,22,IDS,269.4800975710641,45.05197921372428,-290.60242,148.28375,-16.977707,17.248156,-17.813366,-11.3590145,-54.99724,6.2654095,-7.8779817,-13.35664,-2.355635,-25.653189,-1.0709729
AN,i,22,IDS,269.65850340875045,63.07277089922536,-280.45773,104.947876,-8.543148,56.2732,-32.091026,-3.5454106,-37.511757,-7.89162,-8.214161,-15.940538,-4.30669,-9.423477,12.780327
AN,i,22,IDS,270.7640735376252,77.48940424761486,-277.11142,142.69168,-3.0020018,33.67436,-23.457386,-15.160971,-29.19685,-4.1834474,-19.922197,-18.002804,-8.231624,-12.238148,-10.7357025
AN,i,22,IDS,271.9355394811339,104.52059177583806,-301.96448,121.45761,2.3468254,56.39763,-31.11343,-26.01288,-3.772728,-9.671385,-24.318287,-10.940048,-16.456142,-31.848763,3.699573
AN,a,22,IDS,273.3780306632563,66.67692923633695,-281.45303,139.09164,6.5882335,26.879833,-14.171677,-8.106713,-51.196884,14.9254,-11.014193,-9.255328,-19.969223,-2.7743812,-5.8374968
AN,i,22,IDS,273.5357125905044,64.87485006778115,-280.8223,82.030975,17.803375,55.70833,-45.903046,-7.11545,-21.43021,-4.728857,-15.024658,-7.342578,1.8030256,-11.790169,10.60949
AN,a,22,IDS,276.04546142109456,81.0935625846696,-296.49554,118.65283,-28.968079,-3.285937,-19.813932,17.02044,-5.1470413,27.81033,1.0818167,-2.9007077,-18.898739,8.138309,-3.674288
AN,i,22,IDS,277.34068752541384,109.92682928150543,-292.90396,118.18443,38.831635,54.719707,-14.607552,-19.857082,-22.710455,-0.3500619,-27.413673,-6.1616287,-13.991762,-18.05914,-5.17127
AN,i,22,IDS,278.1209356316848,100.91643343872647,-329.23987,123.43945,43.047085,42.19837,7.2133145,1.3548079,-26.192543,6.7688723,-31.959225,-15.934629,-5.80277,-8.3159,2.8446941
AN,u,22,IDS,279.31981281072774,99.11435427017068,-378.43967,135.49179,32.159363,44.41369,-13.804763,6.939064,-47.234615,-19.870075,-2.57608,-3.8460507,-27.352789,6.11682,4.660437
AN,a,22,IDS,282.54316941450304,43.24990004516849,-331.18338,136.8449,-7.583705,65.031784,-8.218323,-2.6398058,-33.602634,-11.2641325,-5.5270424,-2.5201402,-34.744843,-2.8625927,15.331988
AN,a,22,IDS,283.64773959740194,72.08316674194748,-226.3719,96.32036,-85.840675,35.69948,14.846554,9.565699,-18.406832,-2.6096404,-7.190174,11.45738,-11.0767,8.072562,-10.619505
AN,a,22,IDS,294.62486351159487,70.28108757339169,-198.81375,119.406006,-60.37596,-1.0356977,-8.9039955,-7.0186243,1.6569036,4.904233,-21.570248,6.0347795,-21.309395,-13.149185,-24.81699
AN,a,22,IDS,300.9263582659752,140.56217514684022,-306.17645,167.41483,13.808366,16.164501,-25.929367,3.0499172,-22.508667,-10.889255,-4.8916197,10.37213,8.347864,0.5959016,-13.875388
AN,i,22,IDS,301.378680137281,43.249900045111644,-298.91046,134.26219,19.323471,66.2796,0.10123265,-15.99732,-41.167603,-8.333393,-17.475597,-10.716284,-8.860118,-27.374893,-4.561038
AN,a,22,IDS,302.2045113508741,52.26029588794745,-265.1893,115.756744,-32.732315,-40.28793,-14.589463,4.9526367,6.3217745,1.3157738,-7.1955423,10.948725,-3.2938542,-11.988312,-3.3815713
AN,a,22,IDS,304.70255210789884,68.47900840489274,-177.69667,129.3735,-59.776447,-10.835162,-23.57251,12.626112,6.888567,-25.669872,9.928622,-11.307373,-19.072195,1.5333308,1.0716444
AN,i,22,IDS,310.4735222233942,102.71851260728226,-294.08685,119.731384,9.217656,60.135757,-32.895164,-24.566422,-11.133076,-23.284191,-18.947895,-15.017147,-3.4655595,-23.551994,3.2765691
AN,i,22,IDS,313.03026061490874,79.2914834161138,-277.1199,68.31357,19.556711,76.085,-50.394775,-19.669952,-7.3065233,-26.105146,-25.491829,-5.4222975,-1.4934963,-35.846733,-4.897661
AN,u,22,IDS,314.04849765538,54.0623750564464,-326.4197,166.23283,4.0980167,56.810036,3.6688042,4.0148845,-4.7600617,6.848131,1.995393,18.768389,-5.797426,-13.489002,-1.01124
AN,a,22,IDS,315.02717228297445,66.6769292362801,-278.03885,167.13376,-35.277775,35.886505,-10.257267,-15.515032,-26.63258,-10.215496,10.049485,-8.256165,-5.0646086,-14.751198,-2.042902
AN,a,22,IDS,321.62182264000865,66.67692923633695,-258.4185,124.486435,-77.57371,26.759346,13.824923,14.983159,-28.117777,1.850383,16.359175,7.831792,6.9944773,-6.095313,-0.3532653
AN,i,22,IDS,322.681476346236,52.26029588794745,-292.47012,100.02675,23.989672,72.75986,-46.02477,-13.214415,-9.274158,-22.103159,-6.5564346,5.817852,-4.1097107,-11.459792,2.442801
AN,a,22,IDS,323.8152964399882,61.27069173066957,-264.00467,107.93256,-86.122955,43.52752,17.402975,-14.962467,-5.1476183,-3.0105915,-25.355999,-11.126827,7.6857996,15.45091,-12.841444
AN,a,22,IDS,327.9638330205604,66.67692923633695,-271.41803,184.31302,-2.6051228,8.515921,1.2492602,4.8614864,-2.610528,4.0052934,-17.991716,-4.287652,-19.539875,-5.9268174,-17.555296
AN,u,22,IDS,329.0329293443474,68.4790084048359,-296.54388,129.976,-40.920273,60.67529,15.518037,-50.552963,-31.427021,-41.8806,-7.4486074,20.252914,-19.466513,9.109058,4.718248
AN,i,22,IDS,330.2122336390303,50.45821671939166,-360.3608,162.8778,42.024426,73.12956,-30.538105,-34.12494,-0.11796543,-13.993874,8.806342,1.2633622,-20.725874,-28.936996,-12.257969
AN,a,22,IDS,332.2226974970106,81.09356258472644,-318.80713,75.75519,59.51557,46.539127,-17.110357,9.454862,-36.084602,-4.2417884,1.8113359,-18.714598,-27.172863,3.7907212,-8.354209
AN,a,22,IDS,335.18472146622577,61.27069173066957,-292.3232,162.88559,12.737961,41.282867,-19.481537,-24.819263,-16.381039,-21.303244,-7.9893684,2.7509527,-31.612942,8.430176,-13.502605
AN,u,22,IDS,335.9359330519867,72.08316674194748,-366.0463,142.36545,-24.252699,25.864328,21.430958,6.482212,3.588162,-18.669397,-32.898533,4.309817,8.198486,6.1714973,0.64831305
AN,a,22,IDS,336.07739626671776,81.09356258472644,-248.68109,132.92686,-49.580673,8.415154,-22.895393,-32.920464,-5.400313,-12.188181,1.5359869,-10.22805,-8.394802,4.692753,-23.602474
AN,i,22,IDS,336.2819322523481,82.89564175322539,-322.32043,140.38184,21.420433,32.987442,-25.957853,-31.084972,-3.803399,-21.995724,-26.469086,-8.263057,-5.109614,-14.604692,-13.70631
AN,u,22,IDS,339.378075617078,61.27069173066957,-343.52698,153.08887,-31.246014,21.012783,12.688567,-10.495684,-24.127771,-44.162483,-8.32769,17.65259,-30.54078,-13.726875,11.757729
CL,a,16,IDS,11.437793700189353,216.45288593245482,-546.96893,114.27154,-27.18254,1.5712779,-9.337103,36.059307,-5.2749925,0.12938195,-12.501684,6.235714,-21.52605,-6.4871683,5.5119677
CL,a,16,IDS,14.443163003491428,83.99467233176594,-516.1653,82.890274,-15.470813,46.123627,-34.779755,7.506246,-1.5439942,11.981274,-17.340183,-8.542538,-21.76308,-2.838951,-5.1652184
CL,a,16,IDS,24.141778894963405,121.32563781255357,-440.90475,95.48469,-44.184647,17.045681,-43.084457,-2.0673952,-16.912098,26.558147,-8.526654,-14.07522,-31.097015,-2.2502375,-21.886744
CL,a,16,IDS,37.438633053322846,68.44010338143391,-475.86465,112.09657,-22.083927,1.2611213,-33.790424,1.6111008,-32.94449,-4.9005013,1.0926783,15.700657,-24.446484,4.471429,-14.7960205
CL,a,16,IDS,42.357649099412725,152.4347757132034,-502.284,84.08545,-66.81496,31.606388,-15.249821,-31.050323,-19.680216,15.9743805,-5.898328,-2.5990493,-20.43974,11.819237,2.9334602
CL,a,16,IDS,60.009201483566926,124.43655160262068,-477.1697,107.52319,-78.19951,-25.941284,-53.700294,6.326674,7.3415093,-18.16275,9.938059,11.053736,-16.678225,3.278533,-13.098482
CL,a,16,IDS,60.424508474540666,127.54746539268069,-467.09537,90.478195,-40.171604,5.7594414,-29.728395,22.417568,-18.67448,17.391476,6.4216194,5.695508,-37.678543,-7.6904063,-0.80871326
CL,a,16,IDS,61.71336588143304,115.10381023242644,-517.57965,78.24881,-62.802902,-25.320738,-34.55894,17.947292,10.2540245,-29.200226,-12.687056,0.76110333,-20.632996,-2.934853,-20.958225
CL,a,16,IDS,101.03264448615072,111.99289644235932,-385.9094,62.70855,-34.315216,-4.348254,-38.477608,3.2162194,-23.684723,-3.555028,-12.820413,2.5941257,-13.999352,-11.550838,-14.175356
CL,a,16,IDS,103.29651147898517,121.32563781254646,-387.75656,111.995,-53.276855,1.7120111,-31.182875,22.090431,-19.100256,-11.610336,15.603373,-5.747324,-31.496086,-7.8923364,-19.757496
CL,a,16,IDS,112.732306300555,80.88375854170238,-403.08676,82.92239,-46.69302,-1.4818553,-34.95104,3.2705693,-35.7716,-7.3344173,-12.131401,18.70304,-16.316666,-11.713314,-23.906662
CL,a,16,IDS,116.55465790084769,56.47651019712896,-386.2428,95.68042,-70.46365,43.792236,-18.885727,-27.791317,-26.412876,-1.6481187,-12.692404,3.0046701,-33.426086,3.8906717,-8.499749
CL,a,16,IDS,117.65932412583224,79.06711427600044,-389.9762,32.822327,21.115192,0.19749808,-10.994003,-22.567553,-36.413086,6.363034,-31.05281,-3.1260116,-13.722683,12.840897,-9.174801
CL,i,16,IDS,117.82068558353834,82.29434343010666,-371.2921,75.90522,-4.8279247,31.959501,-35.69804,-15.030834,-50.444244,14.132523,-24.084076,-20.621017,-23.442162,-5.865366,2.8728747
CL,a,16,IDS,119.4178920425034,61.31735392831672,-377.3443,64.84176,-55.540527,15.354615,-59.69741,-25.644173,-19.434425,9.526538,-0.37306964,-15.121124,-24.475412,15.167297,1.3894831
CL,a,16,IDS,120.59587411462728,74.22627054479847,-368.269,82.09916,-86.00952,-11.455386,-42.91681,-28.801773,-23.651363,22.059626,-4.2634325,-13.41502,-33.03604,-3.0998714,11.901856
CL,a,16,IDS,126.25558690264666,158.13422855198667,-452.71112,66.68651,-10.047405,63.46894,-39.434845,-6.346299,-15.558193,18.335304,-7.058892,0.06605947,-8.35001,-1.4902368,-25.361183
CL,a,16,IDS,126.9333050250123,116.18024954839257,-494.71683,98.44033,-37.715878,12.097544,-22.42035,7.57516,-8.125709,6.1708875,-5.319298,9.661724,-32.68762,-7.375945,-18.553688
CL,a,16,IDS,131.1418267189121,127.4755515878212,-451.7696,17.252281,-6.861377,17.423664,-7.930291,-6.168946,-9.387602,10.815359,-11.402642,1.1728879,-16.202583,16.011976,-13.19475
CL,a,16,IDS,139.5069091149386,119.40747870249879,-466.0188,71.10527,-51.23056,-1.3344283,-25.25101,13.1460905,-12.710883,6.345271,3.0500867,4.813502,-27.107655,2.8874202,-12.862028
CL,a,16,IDS,183.76371856805656,66.74488246011379,-360.82584,97.93289,-92.392075,-4.136313,-39.28797,3.2938175,-15.959337,-7.4152374,-21.997475,6.403567,-29.151619,-0.6570337,-8.085133
CL,a,16,IDS,207.9029527702621,68.19585816580798,-267.6154,109.48311,-140.12032,12.613609,-26.522163,26.381266,10.843387,-30.489246,-15.927235,-21.565514,-23.04543,-5.1273346,-22.50666
CL,a,16,IDS,212.679050851636,100.11732369017068,-356.9019,95.1105,-41.168564,51.323624,-65.578896,-29.460114,-11.907688,7.482544,-15.555805,-0.8509213,-7.536965,-1.5897118,-11.828131
CL,a,16,IDS,213.7739861566428,92.86244516189868,-402.7629,84.319664,-39.64991,9.181747,-44.66128,-18.195887,-8.04841,12.560535,-18.772762,-10.897097,-27.69282,-1.3084104,-18.787966
CL,a,16,IDS,217.06098100559527,103.01927510158748,-330.72775,108.20097,-75.21353,-21.631285,-44.901447,11.765294,-4.320019,7.638822,-10.337017,-0.7455158,-19.844288,-1.9289885,-11.551613
CL,a,16,IDS,217.72722014954263,89.96049375059556,-425.5437,27.67163,8.557184,14.274956,5.016862,-17.853405,-45.604862,14.550278,-32.492523,-8.133989,-16.156021,25.535076,-2.4660254
CL,a,16,IDS,218.82849663706327,100.11732369017068,-327.14255,107.802765,-72.7027,-20.492058,-46.060585,11.717933,-1.4352218,8.382553,-14.223354,-0.66856885,-17.827663,-1.3665097,-13.349796
CL,a,16,IDS,219.36228076030508,121.8819592750151,-442.64435,71.82182,-36.65871,-5.418328,-21.330524,27.459702,-7.931514,18.245073,-0.7939882,5.978183,-25.225595,-6.5637064,-13.4472885
CL,a,16,IDS,230.1082800559283,84.15659092798933,-365.9232,101.60225,-40.263542,30.856165,-46.346676,-26.528622,-32.892876,-1.4244789,-15.097941,-4.9301944,-10.266847,-0.5993967,-16.349504
CL,a,16,IDS,230.55569050816723,76.90171239966048,-409.9565,112.53435,-27.460629,-3.7359047,-33.357758,-4.9269714,-23.630291,17.522156,-6.710312,2.4285944,-45.639156,-22.101425,-14.482437
CL,a,16,IDS,234.9305001035212,68.19585816577955,-320.50464,77.468765,-41.766613,50.683407,-52.487045,-33.167686,-42.668346,11.233831,-18.380985,-8.243793,0.29593205,-12.516321,-14.844336
CL,a,16,IDS,238.64805832073,95.7643965732018,-328.64716,138.56796,-70.38365,-25.521263,-54.256607,7.2571054,-27.389612,-7.507329,-10.099012,19.154175,-29.562395,-12.853845,-21.08704
CL,a,16,IDS,239.88072854129624,65.29390675444802,-346.3584,89.20935,-25.13306,16.352192,-41.405087,-24.324608,-41.373787,-2.1335378,-24.1742,-6.7556086,-4.852262,-4.84052,-18.076614
CL,a,16,IDS,240.5393098469468,127.68586209759292,-376.5651,96.93596,-34.842358,-11.554071,-27.7305,24.715609,-22.162228,-8.458365,-17.728544,0.43690768,-31.916842,1.5846505,-12.93107
CL,a,16,IDS,246.7257961293845,46.43122258093513,-388.45343,75.36507,-50.696144,24.433544,-35.17096,0.28518462,-35.414307,5.177959,-7.182018,-4.311481,-29.618572,-18.466038,-9.400747
CL,u,16,IDS,246.9569440415196,60.94097963747913,-391.62683,125.17952,-26.272324,-5.731308,-28.477684,-5.531267,-28.344883,-8.442624,-27.94437,-7.2099953,-20.051868,4.3423085,-0.38798344
CL,a,16,IDS,248.1446074717656,65.29390675447644,-432.8297,79.76509,16.58394,34.55676,-56.016396,-34.835842,-30.511894,5.272686,-18.170599,7.4891424,-13.057554,-3.613177,-13.141912
CL,a,16,IDS,248.8486524157437,100.1173236901991,-453.41702,80.8044,-26.750595,13.831333,-16.72199,22.277365,-41.812996,13.859367,-2.91186,-5.0091276,-19.050299,6.2633333,-15.663449
CL,a,16,IDS,249.9150515980897,53.68610110923555,-404.75824,86.23778,2.565516,25.891117,-35.66625,-15.111391,-39.48666,4.021283,-0.6291648,6.7952747,-24.334192,3.4647522,-19.575327
CL,i,16,IDS,251.3506163210471,87.05854233929244,-478.19812,80.337296,-22.741037,26.704914,-32.505043,-32.18197,-29.930885,-1.3397987,-30.90041,-23.653748,-33.921707,-13.969894,-10.249339
CL,a,16,IDS,255.8883248834803,72.54878528274844,-447.80405,96.22217,-35.4668,19.21265,-51.28882,-22.186382,-16.18359,5.451882,-21.57581,-9.898344,-14.6929245,3.3182738,-24.996323
CL,a,16,IDS,256.1218780838518,79.80366381099202,-433.9602,71.69352,-12.341171,20.255207,-39.009342,-29.253757,-45.84456,-3.4304917,-3.0848136,-7.413502,-9.414183,20.547337,0.20675135
CL,a,16,IDS,256.45003988838147,69.64683387138848,-487.01773,92.725845,-40.49066,10.671201,-25.811588,-18.90503,-37.0887,23.990528,-0.7001982,-0.33113003,-32.174263,-8.879457,-21.982681
CL,a,16,IDS,263.9794564719438,46.43122258096355,-331.7537,87.74366,-53.750908,37.417522,-64.88404,-7.185335,-31.441551,18.336254,-3.9871235,-3.5092802,-5.0060406,10.66253,-18.152624
CL,a,16,IDS,264.30882795712745,121.8819592750151,-439.39212,87.03381,-44.46404,17.73183,-27.617119,15.98665,-16.587158,8.822094,-0.47375053,6.363225,-22.149788,-1.9491657,3.3387127
CL,a,16,IDS,266.9107342496819,101.56829939580803,-364.6788,119.22787,-48.404453,-19.5052,-53.329422,13.9171295,-23.619795,2.853151,-9.981071,-19.239704,-51.785645,-23.112917,-13.104613
CL,i,16,IDS,275.29077166828785,62.39195534317332,-411.92767,53.58129,-11.768442,43.31555,-54.6298,-36.92565,-27.968315,-18.217606,-21.904964,-1.8029516,-24.709286,-3.7562077,-1.3063834
CL,a,16,IDS,277.9780575041466,89.96049375059556,-361.22305,92.70756,-63.29151,-3.4445336,-19.309723,-6.6102595,-28.50307,-1.2373793,-2.6701941,13.257899,-51.2478,-9.6266575,-22.728802
CL,i,16,IDS,282.051198472647,58.03902822623286,-461.36826,66.905815,-6.6891203,57.19076,-30.60199,-4.0302453,-17.458895,4.6968403,-20.908272,-5.5907536,-18.276136,-9.122206,-3.7902946
CL,a,16,IDS,282.8290955859683,87.05854233926402,-470.50912,82.67156,-31.83112,42.35177,-5.6674633,-16.275333,-30.097044,4.4955764,-10.221985,-11.3801565,-4.102125,15.492001,-2.6158967
CL,u,16,IDS,286.5882487071888,121.88195927495826,-473.2144,122.14519,-15.654024,-24.576591,-67.01289,-17.088127,-18.044834,-5.4233932,-18.006706,-28.385426,-42.480698,-17.35802,-13.024212
CL,u,16,IDS,309.3183715489458,44.98024687529778,-403.02426,120.61837,-27.511524,-6.3948174,-32.54081,-9.015663,7.9925466,-8.2694235,-44.82945,-3.055315,-21.428015,4.0071077,-27.058123
CL,a,16,IDS,315.7302690006569,124.7839106862898,-423.09274,43.740578,6.4351263,26.165026,-9.361412,-11.95702,-26.724808,21.546558,-26.975643,-9.745353,-19.217583,-6.942515,-10.680656
CL,u,16,IDS,318.3585084088686,147.99952197677158,-519.96204,109.89434,-13.336663,9.406267,-30.960499,-14.115851,-18.930214,3.8675017,-21.905006,-12.169245,-12.369258,3.2362585,-15.303392
CL,a,16,IDS,350.79112444710955,60.94097963750755,-363.8608,80.88747,-54.220695,-56.053284,-43.70378,-4.8171406,-13.879416,10.438298,-20.068783,-6.497677,-21.847826,-3.513157,-27.543264
CL,a,16,IDS,352.9581956773235,110.27415362980264,-371.81543,103.43962,-52.850388,11.07456,-42.43575,16.466545,-8.151672,4.8487144,-10.740199,6.5281725,-19.5664,-17.222355,-17.734741
CL,u,16,IDS,354.4130799324616,43.52927116963201,-415.63226,90.07513,-15.118639,23.511883,-22.835829,11.202164,-33.16018,-26.218939,-31.662378,-3.8675003,-15.965847,-17.371763,-20.190609
CL,a,16,IDS,355.5710381759092,69.64683387138848,-308.823,90.46855,-75.9413,4.053131,-62.63668,19.54994,-2.940824,-2.7935944,-4.851182,3.0197139,-20.563084,-18.03911,-30.383862
CL,u,16,IDS,360.1935882006067,278.5873354856676,-392.40558,101.77632,-56.417816,-30.45892,-77.998825,19.626242,-24.379719,-19.322624,6.201613,9.592585,-7.0939603,17.160025,-7.1896296
CL,a,16,IDS,360.4888617567075,76.90171239971733,-373.96167,123.76469,-70.06184,-11.756006,-50.05094,21.81129,-27.695396,-25.520634,-2.6044757,1.7721682,-4.9386864,-7.083101,-19.741444
CL,u,16,IDS,361.85737234084286,123.33293498062403,-424.40414,121.645645,-23.085331,13.395508,-67.061775,-7.9017286,-21.619074,-39.306717,-2.905931,-0.69035316,7.463417,9.981033,-10.411171
CL,a,16,IDS,362.526190908117,219.09733155388267,-469.27832,88.783325,-49.352127,1.0299382,-36.33174,29.035034,-18.261852,1.3880417,6.533555,2.2467446,-8.404493,6.701994,-21.510801
CL,i,16,IDS,363.7547096814503,82.7056152223804,-463.41962,35.368237,3.1696358,41.35997,-33.256886,-12.321211,-3.967706,-4.140747,-34.89261,1.4853975,-18.902569,-6.7948895,-3.1748433
CL,i,16,IDS,387.06709001266574,60.94097963745071,-464.3165,32.803673,7.639242,32.828827,-19.538795,9.533429,-25.612236,13.268496,-29.730324,-17.409122,-21.141594,-0.5749868,-20.59572
CL,a,16,IDS,409.6501137567385,50.784149697960856,-448.38425,98.379135,-29.538052,23.704712,-21.675606,-9.398887,-38.492714,5.379443,-8.607357,-2.6533513,-14.938237,5.677625,-6.83854
CL,i,16,IDS,409.7168586391986,44.98024687529778,-428.97162,86.319565,-23.572975,60.644543,-25.121906,-35.12558,-39.306847,7.6564083,-18.961767,-16.708317,-17.692764,-12.585203,-8.316479
CL,i,16,IDS,548.5823349119039,97.35705651416993,-473.28192,55.228935,-3.4584484,81.528366,-32.692417,-9.481077,-4.872012,-24.968962,-49.86314,-36.734604,-32.63513,-7.2374597,11.24218
CL,a,16,IDS,555.7312798497236,85.18742444994132,-219.83379,76.44325,-129.03336,15.659952,-27.733253,-8.650965,-2.7960224,8.67943,-14.664737,-27.758293,-24.008076,-0.15099359,-5.525511
CL,a,16,IDS,565.983491797418,99.79098292706112,-409.72928,80.73714,6.3967495,27.57146,-27.608627,-20.436903,-36.687836,6.2350826,-27.292316,-6.6852565,-20.825075,10.081675,-12.189245
CL,i,16,IDS,566.1885657923792,68.14993955993032,-390.53726,33.867775,-3.5186296,65.02341,-33.297527,-28.115633,-18.70483,12.742137,-26.847507,-20.148655,-13.727087,-20.287197,-12.818594
CL,i,16,IDS,566.4343923600775,63.282086734147924,-408.93283,73.03955,-0.14906192,71.682755,-52.287315,4.6310573,-0.30608994,-22.52932,-5.6108093,-29.937222,-10.482279,-16.334131,-8.402847
CL,i,16,IDS,569.2462632108163,70.58386597270783,-367.98917,-4.0381856,26.947239,50.686268,-25.64364,-36.21244,-3.2254965,2.94264,-48.1936,-30.104465,-34.480366,-16.357761,-16.35345
CL,i,16,IDS,569.9301965328283,109.52668857839853,-346.5738,-3.8664188,23.176867,47.466248,-36.85819,-27.778831,-6.053421,10.653486,-53.825096,-27.996243,-38.325665,-11.635963,-13.3881645
CL,i,16,IDS,571.2283696023696,77.88564521126773,-377.15765,61.745094,-43.978325,41.59633,-17.02111,-3.738555,-31.46257,4.3984017,-38.095345,-29.143482,-23.65527,-15.245169,-14.411604
CL,i,16,IDS,571.5362612935957,202.01589226689975,-418.87894,67.6003,-6.695489,41.119514,-35.601746,25.451555,-13.312215,7.671376,-31.649673,-21.480713,-18.822819,-14.150154,-28.633116
CL,a,16,IDS,646.9336083237579,99.8918570803653,-398.16785,71.64526,-128.00581,-6.2152166,-39.0595,28.49067,2.1561022,-18.625599,8.058653,4.170971,-22.171616,16.868437,5.3296337
CL,i,16,IDS,653.9550306720727,146.1197580326825,-428.27106,27.387264,-28.064579,74.25711,-67.00167,6.214599,-6.876443,-21.91055,3.7998338,-19.48211,-5.0512543,-37.45495,-29.127316
CL,i,16,IDS,655.5589103642671,42.374729829475655,-409.77106,68.47008,-5.131139,46.196835,-22.6176,-17.046608,-7.7691703,-1.6892935,-35.168423,-26.024899,-28.20331,-15.6136,-14.360809
CL,a,16,IDS,658.6514380342453,157.80933867517888,-516.83014,87.09439,-42.463326,-16.64487,-20.230654,30.194763,-11.193658,14.380097,10.012217,4.965961,-17.729633,14.438504,-2.249353
CL,i,16,IDS,689.9318649367556,89.13305239991587,-434.02142,43.18535,-3.5670235,47.16969,-11.805906,-5.7485704,-14.879673,4.69116,-47.054802,-5.3610644,-15.232051,-18.258602,-10.853645
CL,a,16,IDS,690.1613681774086,86.21065723923493,-421.1243,86.512146,-49.24183,28.684498,-39.96818,-27.927876,-26.893307,21.736366,-3.4897025,-4.7816186,-26.08615,-5.966465,-14.942293
CL,i,16,IDS,699.2283082522772,93.51664514088043,-375.47372,52.6372,-50.13,59.684822,-39.81848,-19.946337,-23.966476,5.3740244,-28.172148,-17.434597,-4.75889,2.2655356,-18.838877
CL,a,16,IDS,731.8417798318576,45.29712499015659,-424.9076,87.21796,-42.8938,-5.777925,-19.370348,-18.785496,-19.700352,2.4710946,-13.369379,-5.3143005,-35.21531,14.436913,-14.335266
CL,a,16,IDS,733.1732680908065,159.2705362555762,-324.45633,107.88453,-59.320236,36.46836,-66.318665,-8.944198,-35.419804,-4.6174912,15.89092,-25.484684,-18.588175,-3.842119,-0.6384092
CL,i,16,IDS,738.1581534070799,58.44790321305027,-409.35544,78.053764,5.1829386,62.86582,-43.195023,-30.549023,-2.5564837,-0.7951106,-29.625732,-10.149488,-17.879517,-19.648712,-12.43107
CL,a,16,IDS,753.5853029845816,64.29269353441214,-391.8781,90.34986,-20.119564,49.831715,-20.25652,-5.629452,-46.230995,-2.7089944,-18.181293,-2.7344007,-7.450657,5.653284,-2.7995603
CL,a,16,IDS,754.1606624322465,61.3702983737312,-405.68994,60.63552,-44.393013,21.780977,-45.25698,-9.348429,-0.194912,18.867065,-22.496174,-8.632269,-18.967285,0.9746082,-26.176022
CL,a,16,IDS,755.6340221194434,102.28383062292323,-493.7293,72.146484,-40.392303,24.204622,-31.112347,-13.5182,-13.283812,11.627165,-31.528236,-16.656517,-3.036966,18.477732,-17.896772
CL,a,16,IDS,758.0495151944388,111.05101610473866,-392.62137,90.6736,-54.89282,49.197403,-67.36354,-26.714954,-26.685032,7.054144,-14.566345,-6.0107536,6.143607,-3.761774,4.3493176
CL,a,16,IDS,758.2891515976122,102.28383062280955,-404.26047,104.160255,-85.22905,-12.726675,-29.237635,5.5904713,-20.142988,11.582523,-0.5344503,5.541192,-31.679504,-20.739641,-4.7458663
CL,i,16,IDS,762.1925753990726,54.06431047208571,-442.31564,62.25762,18.327705,62.58497,-32.99056,-1.3689222,6.389865,-17.90025,-24.606586,-24.000109,-19.222282,-14.958309,-8.437037
CL,a,16,IDS,762.4424401853083,48.21952015072384,-432.4268,80.06903,-41.314022,49.70549,-33.916702,1.1581607,-5.744251,8.853786,-18.26609,-8.540622,-22.509949,5.259394,2.6597886
CL,i,16,IDS,765.206861367025,61.3702983737312,-440.43024,79.92993,-20.441494,44.623966,-37.309322,-0.14320147,-12.538686,12.516008,-34.89346,-22.626484,-10.673604,-2.4885309,-3.3935738
CL,a,16,IDS,769.5584261002407,81.82706449827037,-395.67004,87.257866,-45.41296,49.41746,-45.864292,-17.993443,-19.725048,1.6916357,-12.557827,-1.6281495,-12.923567,-10.79399,4.114892
CL,a,16,IDS,777.3732969423822,214.79604430794552,-461.00345,31.306705,-69.20886,-10.081057,-40.639893,23.414719,-9.211585,41.796234,8.413635,15.750583,-26.171265,10.597403,-4.352947
CL,i,16,IDS,818.4325109723488,42.374729829475655,-442.42484,71.65634,-1.4451573,64.717804,-14.034422,1.8190696,-26.175968,26.809088,-31.437862,-27.59348,-14.496352,-3.3472247,2.3415966
CL,a,16,IDS,820.7367501368043,90.59424998031318,-424.38196,98.507744,-69.31976,43.36469,-40.735332,-20.637177,-12.343712,-9.489774,-5.381872,-20.34217,-12.268657,14.354008,-23.211624
CL,a,16,IDS,826.9435338935014,74.52107659662488,-456.7465,86.65634,-26.619143,32.04566,-38.59488,-10.968996,-28.185688,10.848692,-25.569382,-11.334305,-8.198225,-4.399811,-10.3668995
CL,a,16,IDS,829.0516210773296,121.2793991670651,-447.35703,97.11772,-57.017883,6.495046,-12.172941,23.302784,-12.634879,5.177081,-0.3211031,-15.659417,-31.931704,-10.448125,-12.608104
CL,a,16,IDS,833.7877513000846,147.58095561296614,-470.65872,112.56075,-44.53804,-8.64867,-17.243713,19.24897,-8.557816,-13.435942,-16.815424,-3.5335977,-34.582344,-9.381552,-20.491405
CL,i,16,IDS,844.2027805116409,198.7228709243709,-474.25375,102.77668,9.250296,59.850487,-27.929573,1.5870253,0.34886053,-37.578415,-24.84174,-23.15557,-36.62622,-20.8868,-15.586782
DM,a,12,IDS,71.61217192594876,204.55574515402475,-357.82394,122.37484,-128.38748,3.4966273,-21.593344,2.1635478,6.617197,15.418964,-7.046853,4.33902,-17.520718,-10.947996,0.7799405
DM,i,12,IDS,135.6710481300408,106.88498395435886,-500.026,27.716465,-59.39097,57.896072,-73.7945,-8.389667,12.348461,2.171069,-11.247072,0.49137104,1.2349217,-9.864641,-3.404866
DM,a,12,IDS,164.13964218943045,178.75592144091002,-410.42282,119.96954,-132.86848,-0.15981257,-11.020914,-0.21529698,23.751812,9.7573185,-5.3279343,3.2292755,-28.001127,-4.70133,-6.915082
DM,a,12,IDS,165.0128287068141,269.0553044368187,-327.98898,67.04665,-91.78157,-4.180981,-33.035305,-9.252665,-3.1295247,7.459895,-12.188464,1.5206513,-26.907207,0.8022832,0.15755725
DM,a,12,IDS,166.43203370901296,320.6549518630766,-378.45325,115.835175,-151.09927,11.36183,2.39187,-16.950893,1.7429786,16.728994,-3.8732326,2.594165,-22.957273,-10.245575,8.019825
DM,a,12,IDS,167.36252962828746,287.4837499461762,-381.2035,116.81032,-121.40971,4.5552793,-16.452667,-31.325132,-4.8735266,23.115551,-11.384157,10.321593,-17.882902,-2.1882727,3.0062554
DM,a,12,IDS,169.29997369764305,324.3406409649481,-459.3245,89.89557,-103.17427,-0.17836738,-4.220638,9.632638,3.5353816,27.899202,2.7857437,14.803009,-14.170818,9.127211,-1.984277
DM,a,12,IDS,171.17867243359757,363.0403765346273,-445.85077,115.075195,-95.14602,10.855033,-8.549789,-29.943962,-6.8754835,21.826252,-25.289536,-12.658361,-24.630642,-4.6150146,-7.118991
DM,a,12,IDS,174.68554298366485,335.3977082705626,-436.8915,123.16388,-97.69778,-10.947657,-5.8351946,-8.996033,2.6777973,8.947122,-29.265888,-5.4012628,-18.0009,-0.22469842,1.1391815
DM,a,12,IDS,176.88436017374443,405.425801206178,-361.61646,106.22789,-144.60577,16.187147,-19.032917,-28.696548,11.269491,6.0047674,-15.051773,7.6337094,-23.357986,7.128185,3.539805
DM,a,12,IDS,178.8133966817293,368.56891018743454,-373.94235,127.78398,-146.2078,-0.12230406,-9.456195,-17.043493,6.939701,-2.0681508,-34.022144,-4.720706,-14.117404,8.839459,4.5777607
DM,a,12,IDS,182.3842412875931,285.6409053952973,-465.64145,97.87781,-95.92203,-5.2893496,-20.517689,-9.906618,-0.31718588,22.671093,-17.650387,2.0819137,-34.302658,1.6379447,8.319895
DM,a,12,IDS,184.10967312031084,95.82791664874435,-368.69843,80.35521,-133.72041,36.670525,-47.756203,-34.720715,-1.3802125,9.89657,7.094342,5.0332417,-14.192216,0.38854206,-12.335386
DM,a,12,IDS,185.3660120719808,335.3977082705626,-400.67102,114.70517,-90.612495,3.181652,-40.504402,-35.011307,-15.148523,18.397373,-2.9357903,-7.9817457,-25.191814,7.310732,3.9102783
DM,a,12,IDS,188.0580603430821,47.913958324386385,-430.3346,97.28141,-74.88898,8.850217,-47.776573,-22.474037,-6.3497868,-12.625165,7.7758393,5.7702727,-39.65309,21.409441,0.82934046
DM,a,12,IDS,188.64955797826423,116.09920670906604,-390.53745,113.00203,-110.73561,-7.2446036,-34.602917,-23.33255,-14.090399,5.9783363,-16.522846,-6.628579,-18.621239,24.103292,-5.0535965
DM,a,12,IDS,192.18011534384777,256.1553925802684,-433.07654,113.07459,-118.21564,-16.865845,-4.0275187,-18.133335,1.8593423,36.78575,0.91572106,7.046813,-18.525892,1.9861374,-4.911961
DM,a,12,IDS,193.70690106004764,311.4407291083978,-462.03494,104.54373,-55.69609,30.72836,-39.018852,-22.682247,-27.090115,8.330344,6.8510404,13.874386,-21.751694,6.124593,-12.888706
DM,i,12,IDS,195.2113469494074,77.39947113938683,-422.6722,59.881256,-51.785946,22.984718,-64.813255,-12.910327,-34.32184,-11.614931,-19.922737,-37.094646,-20.029533,9.248979,-24.042603
DM,a,12,IDS,195.40300278270487,77.39947113935841,-419.73657,77.91287,-94.942856,9.570804,-39.02986,-13.994974,-29.762882,4.9586306,6.934738,2.4145176,-18.684011,6.924741,-9.945221
DM,a,12,IDS,196.1514826578372,340.92624192336984,-417.5926,125.91603,-81.474625,5.197138,-41.518345,-25.171892,-13.941778,2.250902,-7.1045256,-0.18738127,-32.610237,4.143263,-21.001488
DM,a,12,IDS,199.3535030136732,374.0974438402418,-459.68475,88.12849,-76.18247,25.671417,-19.945509,-38.32702,-17.885324,22.096397,-21.097721,4.204698,-24.05427,-11.6649685,-18.68752
DM,u,12,IDS,213.5340522430075,123.47058491280904,-488.5585,94.91015,-3.2310345,44.932564,-11.166971,20.736286,-8.689758,1.1127001,-38.295868,-10.450041,-7.2033935,14.43054,1.5061868
DM,a,12,IDS,223.4979101408489,121.62774036190172,-407.0897,59.5625,-47.65453,38.74961,-56.497856,-21.650196,-5.918007,18.076017,-0.8568349,-5.9356213,-12.518158,19.514364,-22.214958
DM,u,12,IDS,228.15888624142613,47.913958324357964,-400.4417,82.35953,-40.054417,46.69586,-6.0045414,-12.158571,-11.233533,-33.258446,-24.968163,-3.1757002,-24.01316,5.0750785,-12.495059
DM,i,12,IDS,248.3030215109524,66.34240383371548,-417.88077,49.19348,-27.50935,70.3772,-56.514954,-25.124992,-26.688688,-20.911491,-20.74054,-5.854187,7.593395,19.973694,-8.620539
DM,a,12,IDS,262.4361674616425,99.51360575058743,-344.99722,76.12373,-63.8795,-23.63934,-33.983727,-33.400604,-31.547482,-8.39438,5.085421,-2.8796093,-36.745308,-0.48029506,-8.277943
DM,i,12,IDS,278.079513527574,55.28533652807255,-281.14514,22.82758,-62.186584,18.430302,-33.531006,9.23959,-3.7390745,-15.242428,-54.01514,-18.04484,-25.869452,-3.063138,-21.632927
DM,a,12,IDS,310.24650821518503,66.3424038337439,-392.6148,74.986595,-58.077316,29.89048,-27.51244,-14.434532,-20.837852,-14.849456,-19.068699,-0.51682186,-31.413473,-4.842086,7.7739687
DM,a,12,IDS,336.61646477267993,60.81387018093665,-451.41058,61.47399,-32.87132,64.57624,-5.0847826,-27.211096,-11.661018,9.7494335,-14.306821,-7.454058,-16.29919,-6.599708,-20.225952
DM,a,12,IDS,357.720230026924,280.1123717424616,-385.64822,105.25986,-125.741554,19.340588,-30.84638,-23.414864,-20.271288,-10.482763,-2.0426953,-12.667959,-22.462925,-4.8430185,-24.334682
DM,a,12,IDS,437.4732452829905,75.55662658842266,-428.75366,81.44529,-68.41565,39.11963,-51.36129,4.1141806,-23.546898,-0.12196734,-5.307751,-10.967021,-26.16398,-8.337765,-11.975424
DM,a,12,IDS,506.6290154372365,62.656714731815555,-401.27158,67.261826,-25.786808,53.207333,-37.807983,-11.746874,-40.319412,-21.0466,-33.9473,-14.572742,-9.010411,-0.35731623,-5.8061023
DM,u,12,IDS,506.732214732089,66.34240383380074,-415.79254,89.89935,-38.631714,28.167671,-52.63762,-4.6862774,-43.60736,-31.176468,1.1515627,0.31565416,-26.28954,-12.9448805,4.740096
DM,a,12,IDS,534.8985268194581,88.45653844502976,-423.481,82.69911,-25.078255,49.540947,-29.216747,-35.0449,-16.870083,8.823989,-21.038872,-22.030851,-33.308723,-3.7974412,-5.6118264
DM,i,12,IDS,535.0883398082045,92.14222754690127,-372.7135,73.31656,-23.948116,41.208244,-100.31967,-55.48803,-30.029646,-19.250233,-22.89383,-0.14873531,-11.649463,10.920933,-9.81517
DM,a,12,IDS,535.2247103049739,143.7418749731023,-386.3351,4.6677856,-9.9145355,-6.354626,-34.362396,-33.872204,-2.9476962,22.657106,-17.747696,22.542759,-7.400247,17.89972,-19.398458
DM,i,12,IDS,536.4249869063435,58.97102563005774,-360.8938,71.36322,-74.65152,36.053703,-88.105125,-38.1559,-31.396881,-0.37076032,-22.371782,-10.154572,-29.099823,3.5785918,-26.4926
DM,i,12,IDS,544.1638170477981,92.14222754678758,-371.26437,42.969925,-50.47383,81.33427,-33.771683,-31.984543,21.18341,-53.088577,6.5534096,-47.525833,-6.7872734,-16.362072,-32.619392
DM,i,12,IDS,556.8757004537632,99.51360575064427,-441.0187,73.47191,-21.493353,62.72677,-32.858143,-15.659159,-16.346386,-16.21607,-4.8402557,-27.488459,-12.575253,-10.299975,-10.946006
DM,a,12,IDS,560.8610593284451,101.35645030163687,-225.15523,47.468697,-57.791275,9.024823,-26.417856,14.871878,-24.83918,3.7944257,-9.191021,3.435541,-12.123386,-2.7816377,-9.435886
DM,a,12,IDS,562.0454015874857,79.24231569029416,-311.59512,82.84612,-124.03372,-2.359079,-36.783497,-18.444174,0.79130197,17.37726,27.400368,24.112267,-25.853159,-12.369932,-7.271599
DM,a,12,IDS,564.9959587753989,340.92624192339827,-420.11343,109.10837,-100.324005,19.640553,-16.981361,-50.05442,-17.98309,3.3921354,-16.71098,-1.069337,-19.9977,-2.903998,-17.320232
DM,a,12,IDS,577.6265165050869,128.9991185656163,-320.9595,100.04302,-175.34521,2.6303515,-24.997475,-14.67119,6.1803074,-14.477411,3.4486263,25.21619,-14.297755,-1.833441,-6.077395
DM,i,12,IDS,591.8405625656538,151.11325317684532,-451.818,58.046078,2.1669846,50.236885,-71.5572,-22.610382,-3.1992962,-26.062496,-10.551359,-26.317286,-34.612957,-16.341219,-19.491081
IA,u,23,IDS,7.828863193354271,70.21841422737208,-268.41995,96.987686,-69.66608,39.34597,-21.286911,-24.9656,-18.28048,-6.724537,-21.419579,-1.2520753,-13.498098,-6.1821866,-7.899274
IA,i,23,IDS,10.265359120145458,96.55031956263826,-373.56717,66.13643,-54.090332,25.873495,-58.785492,-38.420048,-23.067547,-10.725424,-32.150833,-8.813937,-15.681755,-6.059332,-15.537724
IA,u,23,IDS,18.2416357814921,42.42362526237997,-405.9082,-4.920309,-3.766421,-10.916516,-10.217968,7.486336,-14.75968,-19.667908,-12.5134945,17.33902,-12.564764,1.4669826,-10.76396
IA,a,23,IDS,19.05658201877211,125.80799215737315,-382.18365,65.26662,-40.25325,0.08826041,-28.81152,-26.825378,-31.291872,6.362028,0.55472064,8.314772,-8.376723,2.9507942,-25.142921
IA,a,23,IDS,21.15767148465006,64.36687970843025,-294.95203,31.568413,-78.52185,-3.377931,-49.83521,-17.383696,-11.564283,5.7094007,-14.254614,-23.635406,-56.079647,-2.057195,-14.501806
IA,a,23,IDS,22.11952834210045,73.14418148684254,-360.6759,63.489204,-35.48947,34.795288,-37.928528,-48.62211,-54.896244,-6.9197903,-7.7729883,10.215316,-9.9848995,-6.292204,-19.554756
IA,a,23,IDS,25.89063261948113,35.109207113684704,-283.7395,96.501465,-99.54556,-8.052534,-42.76135,-13.012565,-47.427746,7.1522264,-30.96445,17.069473,-36.642967,0.49912,-7.2652416
IA,a,23,IDS,37.58346543982016,93.62455230316158,-343.4405,101.276596,-59.508907,35.41273,-62.296753,-37.374268,-48.126404,-7.872051,-22.717514,-5.64279,-5.010833,6.6358433,12.067865
IA,a,23,IDS,40.79054730034518,55.58957793000019,-345.99237,66.83853,-21.310871,4.826057,-50.774384,-29.448126,-56.434593,-8.720949,-12.6242485,14.248854,-25.959679,-8.226931,10.06708
IA,a,23,IDS,41.42178158657666,54.1266943002654,-303.54462,99.42176,-110.50113,-7.9434967,-64.65401,-34.214725,-25.279396,-2.7620566,3.9974484,-6.5910983,-28.045029,0.20172799,-10.42861
IA,a,23,IDS,44.471142754892426,65.82976333816504,-294.68317,39.255863,-68.36085,-8.693682,-64.813675,-22.97089,-30.882626,3.0040946,2.3531766,-3.3506644,-25.522696,3.073611,-39.992
IA,a,23,IDS,44.61011669971744,71.6812978571113,-269.6533,32.4543,-104.85708,10.848738,-74.08052,-28.036106,-26.976002,-12.767471,-20.583742,-14.232672,-4.3434706,4.405623,-12.136284
IA,a,23,IDS,45.25171122687362,115.56780674922607,-280.57092,63.897766,-61.572853,54.782295,-62.150253,-16.963036,-20.318981,-10.82988,-23.44804,-12.878069,4.0225053,-6.7560067,-17.50645
IA,a,23,IDS,48.02609177246646,90.698785043692,-446.8823,9.56049,-33.669044,9.0306635,-22.739498,-3.3314576,-17.604252,4.7638435,-8.820343,11.06874,-4.9828777,12.133293,-7.885618
IA,a,23,IDS,51.82503011673664,90.698785043692,-321.0413,64.128914,-99.15364,-8.321442,-36.282883,-17.812695,-35.99823,12.300634,0.96972835,-3.5515885,-13.047201,-13.93007,-6.4967246
IA,a,23,IDS,54.84917074595253,106.79050497079601,-382.52914,97.0672,-73.31409,-17.487621,-59.032074,2.976408,-21.122622,-25.17415,-17.355469,-16.477371,-30.196693,-13.427573,-6.4223185
IA,a,23,IDS,55.46154910018159,87.77301778421531,-417.21365,81.479645,-47.994194,12.193001,-9.01179,10.150798,-26.392988,10.37546,-8.242894,-9.072287,-14.371372,-20.194532,-18.88956
IA,u,23,IDS,55.591745743228174,67.29264696789983,-395.74078,15.081549,-4.361078,13.081609,-25.58244,-4.211526,-14.024629,-29.772984,-50.6541,11.250288,-25.269878,-16.269432,-21.213596
IA,a,23,IDS,67.85118832292949,83.38436689500384,-354.7525,100.385056,-97.13605,15.591543,-68.14371,-33.110397,-17.398243,-13.998765,-12.551704,-1.8692986,-32.093575,-3.067958,-20.470856
IA,a,23,IDS,74.17639997500956,100.93897045184974,-376.33142,92.045456,-69.10941,-3.2621887,-39.19792,-5.8227015,-30.360474,-15.80509,-11.888168,-9.977842,-24.712124,-1.4337137,-20.013859
IA,i,23,IDS,81.87692307215089,179.9346864576421,-484.19058,45.022022,13.318396,42.29643,-55.72638,5.7000623,-22.129848,-24.100252,-13.231931,-0.8238876,-25.119698,-13.962992,-22.647305
IA,u,23,IDS,84.83038458512686,71.6812978571113,-445.7389,16.962843,-19.620392,16.39977,-34.17646,26.633179,-23.351458,-38.06647,-36.854465,-14.708416,-28.817724,-3.5882483,4.387701
IA,a,23,IDS,100.684029485886,51.20092704079582,-376.95865,98.36984,-12.024794,15.182931,-50.809547,0.44232416,-33.740425,0.46384215,-25.972828,-13.093447,-23.52988,-20.47078,-23.837627
IA,a,23,IDS,109.1259354364754,70.2184142273552,-420.53638,-13.70112,13.586552,14.068571,-30.224566,22.28645,-51.989887,-11.188707,6.853216,-3.2497897,-12.156749,-3.415183,-5.198
IA,u,23,IDS,118.85957850302096,143.3625957142226,-520.9922,137.76599,16.857903,-4.771815,-48.622093,-37.16156,-32.856995,-12.961891,0.33580077,0.54339385,-22.167961,-23.013645,-35.558273
IA,a,23,IDS,119.48910535110338,62.90399607868835,-457.65457,69.178246,0.84193397,37.942787,-38.75274,13.1898365,-64.74727,-37.226395,-29.10178,-9.587217,-27.924932,-15.866522,-25.423693
IA,u,23,IDS,125.56532986104264,100.93897045183553,-503.20212,112.71703,4.721797,-14.815556,-49.096764,-13.301766,-12.87437,9.204025,-6.8771095,-18.384735,-22.631243,-12.220489,-13.27903
IA,i,23,IDS,126.54157322201424,117.03069037896796,-427.889,47.7649,7.507942,54.17507,-48.762558,-22.433397,-21.36785,-27.413193,-26.040405,-18.276485,-18.70533,-25.973446,-27.337488
IA,a,23,IDS,127.30511547740171,81.92148326529036,-303.61337,76.49951,-94.58499,-11.637537,-53.234097,-20.076506,-23.263279,-13.6896,-24.393654,-27.019907,-20.828787,5.3311005,-16.406904
IA,i,23,IDS,133.41354961247822,87.77301778422952,-418.72388,51.66436,-12.5090275,53.6802,-52.064346,-25.126446,-37.943253,-0.014392614,-21.90894,-26.798132,-22.786995,-19.910557,-1.3077129
IA,i,23,IDS,133.741438600391,421.7165950676929,-453.356,18.370502,-13.777763,57.652847,-50.37867,-5.0146227,-17.97482,-14.747204,-16.499107,-0.8207545,-21.214611,-23.776394,-11.685516
IA,a,23,IDS,136.42996971384187,83.38436689501805,-343.26895,87.04518,-77.610825,11.853143,-46.724083,-13.277401,-27.30468,4.071969,-23.670235,-9.154969,-23.245173,-3.3860865,-25.297382
IA,a,23,IDS,138.47957442023517,106.79050497080311,-405.7792,98.52365,-106.41447,-3.39088,-32.938217,-6.829961,-20.473747,9.764891,-14.1921625,-1.79687,-9.828997,0.8735164,-5.783765
IA,i,23,IDS,139.2383895999805,43.88650889208634,-389.99857,71.70497,-52.450867,57.217285,-43.95469,-36.03781,-16.4028,-9.916513,-15.725382,-16.08817,-14.03356,-5.0774126,-20.845205
IA,a,23,IDS,154.62076982447053,71.6812978571113,-435.0176,121.697586,-17.371944,42.041283,-27.39997,-21.61911,-42.199894,-4.9811707,-20.402374,-9.702543,-10.265464,3.354158,-20.945225
IA,u,23,IDS,176.40401466918496,42.42362526238708,-450.3736,96.29039,-63.14657,-9.802555,-57.26902,-27.962555,-40.640724,-31.19854,-17.84862,0.6717758,-31.469355,-21.581963,-7.3012676
IA,a,23,IDS,205.7212562100272,78.99571600580657,-309.86395,81.50263,-94.45256,-4.822369,-51.932495,-11.349571,-22.299633,2.07684,-10.259186,7.467333,-12.676088,-12.032839,-19.613384
IA,u,23,IDS,216.7114987783893,58.515345189476875,-424.55634,90.18338,-20.18099,9.558635,-38.177094,-0.0065864176,-35.788727,-17.902864,-38.606613,-0.39469764,-25.679,4.2752595,-13.069498
JA,a,24,IDS,20.727179982934373,58.10333929811762,-414.83945,44.209023,-69.3283,5.9063926,-59.39767,21.441923,-23.8965,11.418343,-25.495447,-8.665617,-21.203663,-3.1171007,-14.490275
JA,u,24,IDS,20.922241193435195,47.43129738621832,-397.62585,34.16942,-50.341515,10.564278,-32.006607,-10.362155,-38.690536,-11.206657,-22.782219,14.123716,-17.25866,-1.6990647,-24.454163
JA,i,24,IDS,21.37019117156031,60.47490416742818,-485.2972,22.460867,11.769098,22.445957,-10.084313,1.8818927,-33.543808,10.52466,-36.041264,-12.987076,-19.3438,-2.682177,-17.191368
JA,a,24,IDS,22.63189599138996,62.84646903673874,-500.6095,63.799286,-16.433092,50.17266,-8.022812,2.2904825,-28.748936,10.705549,-6.179575,-4.853672,-5.2371845,-8.230778,-0.5441061
JA,a,24,IDS,23.80151706547709,55.73177442880706,-446.8714,77.88927,-48.117016,-10.129232,-28.29007,-8.777283,-46.029213,-13.629663,-24.121084,-8.207914,-12.266212,-4.9570704,-4.5592794
JA,a,24,IDS,25.55439875845629,71.12902859521597,-482.5485,71.43495,-44.236256,38.692917,-24.061014,-38.43881,-39.359863,-18.808907,-12.016088,-2.5009048,10.568888,-0.16919488,-4.9773808
JA,a,24,IDS,27.65786488547236,65.2180339060493,-404.5906,105.13869,-70.34312,22.44745,-56.27383,-28.303383,-31.623047,9.022169,6.900675,6.5071087,-4.2262955,-9.266757,-10.448281
JA,a,24,IDS,31.68139901124226,83.00477042588028,-482.65042,109.15936,-45.42334,-7.8962975,-26.09494,-2.892547,-19.003296,8.729155,-7.3419847,5.7752037,-14.986311,-4.9168825,17.110361
JA,a,24,IDS,34.27929126718094,58.103339298114065,-489.81467,111.30463,-23.105064,59.390625,-4.7128096,-6.7611504,-25.307087,-7.134255,-22.945946,-17.930176,-16.967875,-18.856407,-30.456175
JA,a,24,IDS,35.75562270768322,98.41994207640425,-475.91446,87.791,-43.442516,48.395355,-24.522884,-19.478767,-42.8907,3.0403666,2.8424504,1.2134645,-4.122709,1.8983457,-7.779737
JA,a,24,IDS,36.310098480358825,111.46354885761411,-453.7645,100.615295,-31.054897,3.9738913,-32.049606,-16.06854,-24.801207,20.047825,-4.823606,4.204939,-16.618452,5.6469517,1.1912282
JA,a,24,IDS,39.47211132297171,47.43129738621832,-433.31015,70.668884,-67.170715,20.379206,-54.739716,-25.780495,-34.563023,-0.043596983,-8.210311,9.333809,4.186101,-3.7086926,-27.18916
JA,i,24,IDS,40.22494146622607,77.05266835532854,-424.6581,71.72551,-34.106743,28.181078,-60.89705,-30.918222,-33.06525,-6.9148417,-40.438766,-7.031952,-9.726099,2.1681972,-18.26113
JA,a,24,IDS,40.33580052891772,61.66068660208168,-451.66772,52.345085,-16.839954,4.5177855,-23.729542,8.153473,-24.650274,-4.394663,-31.778728,11.131215,-16.849854,2.647924,-10.667366
JA,a,24,IDS,40.97836836333589,61.66068660208168,-443.28656,78.5936,-70.94277,1.9254953,-23.362484,12.583418,-12.223785,11.067959,-11.814735,-4.45833,-46.508022,-11.749668,18.416252
JA,a,24,IDS,48.33117377758764,73.51851094864514,-525.462,116.70346,-31.540447,29.337303,-0.50292623,-1.1946393,-12.150248,0.29494858,-7.2737494,1.5256457,-33.390144,-23.123981,-28.73166
JA,a,24,IDS,49.043454046011206,109.0919839883071,-424.3886,90.31715,-70.650665,-11.8228,-3.903224,-0.39463186,-30.963398,7.6277456,-17.357372,21.09291,-36.506042,4.1327524,-32.070072
JA,a,24,IDS,52.34439805804731,75.89007581795215,-424.62628,115.206375,-70.61835,-7.607855,-12.91449,2.9266222,-22.339146,9.230191,-10.417204,-6.2190094,-28.646893,-14.509766,-19.314653
JA,u,24,IDS,55.07904454310838,65.2180339060493,-489.42828,126.796616,-20.849354,20.846836,-5.509784,-5.503738,-24.791052,-25.568264,-22.925709,10.454174,-9.928104,-10.567756,-18.417221
JA,a,24,IDS,55.37133991325096,94.86259477243664,-496.53113,132.5017,-47.181324,11.784165,5.102836,7.507398,-27.296558,-14.209974,-0.49407244,6.6249676,-26.506044,2.1995304,-11.934434
JA,a,24,IDS,56.39801108137958,83.00477042588028,-407.31198,101.6904,-79.68157,-16.771906,-12.602745,-7.0466437,-33.313675,6.600979,8.971142,-2.738912,-10.401369,-5.3284483,-24.434845
JA,a,24,IDS,57.3188755913401,103.16307181502538,-481.16147,124.80818,-72.08778,-19.040459,-1.3981869,10.924669,-14.427388,-5.7223635,-23.491089,12.082241,-18.842735,0.73687613,-6.8084307
JA,a,24,IDS,60.14393159794233,117.39246103089584,-460.56845,98.279495,-35.308174,28.16175,-5.173948,-20.58954,-26.85963,-2.5761595,-10.912039,8.843541,-23.229147,2.1569405,-5.1895914
JA,i,24,IDS,64.7524366956226,107.9062015536465,-528.997,54.55343,15.462353,65.28403,-21.516323,-3.4449553,-15.520433,5.097985,-30.339167,2.8894346,-28.377762,-23.381254,-13.3704
JA,a,24,IDS,67.29132988633589,110.2777664229535,-519.681,132.8943,-41.627377,8.110598,2.1958482,-6.139473,-18.708538,7.9239073,-10.7921715,13.042683,-10.037731,-12.943083,-23.554026
JA,a,24,IDS,68.76269651999564,90.11946503380841,-471.58002,119.355286,-21.438335,6.4430118,-20.154753,-46.9206,-17.527714,10.749432,-5.84781,20.657026,-16.559097,-14.594196,-11.347514
JA,i,24,IDS,70.61461815757369,120.94980833485636,-564.68604,74.61389,-18.482475,37.610325,-26.30745,-6.8957148,-7.7641234,7.747734,-35.0149,2.526528,-15.518519,-7.1997113,-9.481688
JA,a,24,IDS,70.95078747779851,98.41994207640425,-485.95187,62.086952,-3.218702,14.79978,0.4238633,-32.52494,-28.060083,22.587639,-17.396072,-4.4754786,-13.216053,15.620295,-9.0942545
JA,a,24,IDS,73.6323998798546,98.41994207639004,-505.4901,121.85964,-45.85513,13.172438,-14.13298,-3.7719688,-31.423923,-8.928599,-12.819475,3.9801595,-10.474918,-6.3551526,-14.13038
JA,i,24,IDS,74.71697976271278,115.02089616158173,-512.49677,72.429245,14.447876,46.329575,-23.184147,-41.472427,-20.253006,6.9127893,-34.984596,15.995048,-18.144619,2.1044583,6.015201
JA,i,24,IDS,81.9142559202217,73.49474239400422,-484.35684,77.58659,-48.218002,39.44195,-15.433026,-19.84454,-31.922012,3.051274,-14.152344,-10.80718,-21.940645,-2.3643765,-9.049124
JA,a,24,IDS,86.77842576779076,84.19055286053378,-454.706,117.02123,-81.374985,14.105852,-15.246107,-10.09062,-25.91381,-1.764971,3.9092643,18.115658,-17.274067,-10.737854,-11.578134
JA,u,24,IDS,87.39197800260706,120.94980833485636,-504.27072,115.88997,-23.989174,20.915445,19.178114,0.41811562,-11.885058,-33.029335,-27.15501,-3.4184046,-27.975098,-8.824463,-5.5294075
JA,i,24,IDS,87.91892303213456,54.54599199414645,-473.1777,67.44621,-33.78854,70.146835,-15.807171,-35.601154,-37.973534,-1.2889957,-23.318111,-33.730625,-12.440514,-20.785622,-9.975457
JA,i,24,IDS,88.59790596044897,91.30524746846902,-557.20374,99.48403,-2.7042959,48.792282,5.1478004,1.7826805,-1.7909358,10.349057,-28.092747,4.001266,-14.406116,-17.386866,-12.864347
JA,u,24,IDS,90.19731004451614,48.61707982087182,-459.3563,100.985855,-65.11004,37.472828,-16.191553,-22.87046,-43.456856,-22.099136,-7.835202,5.2960477,-18.662563,-14.908043,4.871942
JA,a,24,IDS,94.4475863624564,91.30524746846902,-503.24088,122.63051,-29.744965,20.147635,-5.636469,-12.088103,-26.484638,-1.8105742,-11.978139,7.845,-24.195862,-3.9332952,-12.229712
JA,u,24,IDS,95.60761296692476,53.36020955950005,-498.9844,76.31833,-13.696547,15.406314,-15.841764,15.931548,-34.166046,-6.815317,-16.923826,-2.1756206,-17.834187,-23.291412,-21.990246
JA,a,24,IDS,96.18861028985876,88.93368259916201,-473.18063,115.320755,-41.352074,16.288395,-33.95116,3.1608467,-0.7967272,1.6002203,3.5602922,-2.1431127,-4.4220624,-1.0935471,-22.981415
JA,a,24,IDS,102.6194878961897,94.86259477242243,-466.7885,90.0371,-10.024057,22.431301,-20.698864,-41.472145,-49.339672,2.8766859,-18.67142,5.9479694,-16.369541,-6.0750337,-17.668247
JA,u,24,IDS,105.44166962182324,67.58959877535631,-506.53552,53.824158,-12.976202,33.486,2.006631,-0.55511963,-35.983932,0.59007466,-18.789824,4.6556325,-17.244926,-7.3461666,-7.798889
JA,a,24,IDS,107.67432285286456,66.4038163406957,-480.01648,117.50754,-68.72623,10.092533,-2.934511,-7.7988143,-23.143578,8.792685,-9.255517,27.396057,-9.03738,-5.025722,-14.8945055
JA,a,24,IDS,110.03840330958408,164.82375841711416,-445.1017,106.70537,-84.40056,-16.94825,-34.640392,7.1489573,-9.85767,-15.301007,-21.112103,4.315894,-15.67705,-16.906048,2.5370443
JA,a,24,IDS,116.5914525767316,92.49102990311542,-506.25436,102.2124,-56.94587,1.326508,-21.951672,24.23469,-12.853823,-6.032274,8.264947,6.8791785,-0.8804507,0.10571486,-29.172394
JA,a,24,IDS,120.61523543214082,110.27776642298193,-541.6832,103.60037,-28.280613,13.736747,-18.001041,-5.850362,-29.367954,-12.25103,-2.362071,0.80589926,-14.533279,-7.8251576,-28.538078
JA,a,24,IDS,122.46619296438811,85.3763352952086,-464.53787,88.91193,-24.219128,13.1266575,-9.513954,-8.790987,-30.780617,0.41182208,-7.174266,-4.8806267,-40.14692,-8.580864,-6.408848
JA,a,24,IDS,123.34788156644606,99.60572451105065,-491.78204,115.59209,-45.528385,1.3356394,-19.428793,5.5488977,-7.0017076,-17.826412,-5.0945053,9.296587,-20.313583,5.486679,-51.90175
JA,a,24,IDS,125.41776549489688,112.64933129226051,-496.06293,120.64804,-44.870255,12.280735,-22.737158,6.214304,-20.400726,-1.9423658,11.8450985,15.854481,-18.543251,-4.2955904,-17.426325
JA,a,24,IDS,128.0434514979558,81.81898799122678,-406.64926,103.45641,-69.34864,23.90131,-24.112381,8.691719,-12.320527,2.873847,7.9402676,-3.4889774,-32.361603,-16.515587,-22.21201
JA,i,24,IDS,131.604842326432,103.16307181503248,-538.6285,86.93288,4.7944045,48.554123,-15.394829,-24.718115,-11.466557,8.427206,-27.135418,-6.7951803,-8.848129,-6.1949143,-10.751818
JA,a,24,IDS,137.63845050779702,109.0919839882929,-440.74365,125.03137,-69.67296,-4.057145,-16.569328,7.03339,-18.341606,-6.009795,8.796571,8.795181,-20.459286,-9.326044,-23.116653
JA,a,24,IDS,144.05782346887128,86.56211772986921,-485.59012,106.18653,-21.853111,29.878056,-19.345697,-18.33532,-21.038818,-2.1246433,8.643657,16.628075,-32.325554,-17.189732,-12.329464
JA,a,24,IDS,144.82316487283524,55.73177442880706,-484.42477,112.57239,-35.212494,12.67557,-25.215036,10.910121,-19.536854,-29.35812,-5.4172187,21.451937,-20.179415,-5.805463,-42.29876
JA,a,24,IDS,148.99870984485682,113.83511372693533,-485.55884,132.63562,-61.601654,5.7843704,-13.954243,-4.534648,-17.077988,-12.534771,14.297708,29.852558,-21.862778,-18.224329,-29.505825
JA,u,24,IDS,159.0534024858842,79.58647019745513,-510.69604,87.34326,-32.448143,-5.951897,-22.067476,3.5293374,-22.753092,-28.811,-8.942514,11.517003,10.368909,5.3742995,-15.058052
JA,a,24,IDS,166.71389946786937,87.54511721718927,-407.0678,84.72325,-46.55954,13.051962,-11.212875,-32.39697,-58.180237,-3.6526635,-13.977503,14.898325,-21.315063,-6.430685,-0.020452023
JA,a,24,IDS,166.99316203591388,87.5451172172177,-466.20148,115.388,-25.81694,15.670845,-19.353191,-10.706954,-33.770607,-9.935078,-14.298862,6.8933964,-28.370491,3.2484753,1.5856825
JE,a,21,IDS,27.394547910178265,104.58527217411984,-371.03546,77.857124,-15.67934,-12.663437,-32.861073,-20.33025,-20.715069,12.486755,7.093433,-1.155033,-17.46724,6.4040556,-17.171024
JE,u,21,IDS,34.66824047369161,52.00913221107584,-498.68704,83.24231,-15.511663,-2.062054,-37.17636,-10.444172,-34.998016,0.11879264,-15.68251,6.441404,-42.04946,-8.250791,-7.993863
JE,a,21,IDS,38.78955245784356,56.43544133541667,-447.1248,84.72632,-31.885231,47.601234,-51.52144,-23.971832,-24.52472,8.31319,-8.864666,-2.5575342,-36.010277,16.134062,-10.283053
JE,a,21,IDS,39.75009333680583,35.4104729947764,-426.46463,104.17065,-39.91905,27.772526,-45.550392,-26.341087,-25.53473,10.13327,-4.552383,6.556773,-27.613697,14.672731,-18.41092
JE,a,21,IDS,65.65380210049076,95.1656461734558,-413.9499,126.1183,-13.149504,-3.6639,-43.00698,-0.17617512,-32.92797,-7.851664,-11.412573,-26.74921,-21.080334,-24.598282,-20.688423
JE,a,21,IDS,72.7042058468609,88.52618248693034,-313.64908,104.08454,-65.73972,26.834793,-60.777992,-37.06546,-40.267784,-11.786341,-16.117733,-10.139681,-30.421112,-3.8949356,-2.9016345
JE,a,21,IDS,83.62667489458008,55.32886405434567,-480.9066,94.51262,-18.80476,14.042627,-27.193844,7.4202967,-28.926744,3.6411152,4.6784177,11.477307,-10.489168,-8.6159115,-19.146408
JE,a,21,IDS,102.2218958109804,106.2314189843363,-358.06476,112.18405,-37.789974,-5.0795355,-24.302454,-7.777625,-31.91137,-3.758082,-23.99737,20.739872,-27.186611,6.17657,-25.186249
JE,a,21,IDS,117.07319909458198,70.82094598953859,-517.36383,97.85329,-17.84586,15.4719305,-4.5855484,21.043438,-21.321898,7.37788,2.503161,13.120756,-20.247366,-2.4164877,-12.114555
JE,a,21,IDS,118.78936395958672,59.755173178672294,-401.96793,113.32265,-34.84598,15.239147,-19.265945,-22.91787,-29.520782,-1.6124493,-34.28568,-14.792486,-12.264782,3.2991207,-23.646244
JE,i,21,IDS,143.65658580382075,214.6759925308288,-397.3454,88.04635,-38.203415,52.099022,-26.384174,-28.598347,-20.723953,-12.691846,-6.092312,-35.006508,5.0511,-10.640041,-19.851892
JE,a,21,IDS,146.39839921097678,50.90255492999063,-348.3802,122.21321,-46.448982,43.186623,-37.00918,-1.1698279,-42.502563,12.186548,-13.655528,-19.164188,-14.758013,-28.031252,-17.569809
JE,a,21,IDS,146.6545915510721,64.18148230304155,-380.3562,80.83806,-46.784782,-7.7293653,-21.772238,19.60938,-29.66271,1.8296881,-17.675964,-5.556174,3.464754,-7.2078238,-13.907715
JE,a,21,IDS,149.0515060392508,147.17477838451032,-360.53452,84.746796,-53.12355,2.3076358,-29.28843,24.932003,-21.498447,-7.2427073,-16.922066,-3.1863654,-8.493139,-5.458653,-18.792118
JE,a,21,IDS,181.5602287937372,67.50121414629007,-448.38336,92.21914,-36.79951,35.902084,-27.318718,11.941729,-32.603973,-4.1418734,3.6537304,-6.75564,-14.686822,-8.292728,0.37271225
JE,a,21,IDS,183.55351696894604,78.56698695715636,-274.9678,25.55616,-29.444393,29.29692,-33.93479,-9.760103,-38.428947,5.417979,-18.722523,-2.4767656,-23.035748,-18.021332,-23.982334
JE,u,21,IDS,207.79513005759665,46.476245805621375,-396.72458,104.37072,1.6062934,35.345932,-40.503197,-4.9243035,-22.398468,1.0382822,-26.370472,-1.1053777,-8.807059,-6.968387,-5.933931
JE,i,21,IDS,210.0803348395699,52.0091322110261,-429.48813,75.59015,20.423183,78.858154,-42.66167,-1.667311,-22.621532,-13.269194,-43.496056,-10.491805,-5.5275364,-19.614655,11.184973
JE,i,21,IDS,210.1472827650757,48.689400367806,-419.9282,87.747986,-3.4601045,77.54082,-55.26199,-16.790127,-28.530727,-23.647959,-32.831,-15.318885,-16.239769,-10.210039,1.025046
JE,i,21,IDS,210.75313832585752,30.984163870471093,-357.2915,71.43919,-30.420513,56.796608,-57.714966,-26.83672,-27.770279,-26.294111,-39.233875,-19.458458,4.881831,-35.385048,-1.851624
JE,u,21,IDS,216.47867807329743,39.836782119095915,-529.50836,122.90791,-23.034874,25.090364,9.928478,2.0161748,-10.444523,-12.052689,-31.431574,-11.946536,-20.472748,-1.580765,-5.9990463
JE,a,21,IDS,231.4467525596452,52.00913221108294,-429.80176,111.416016,-28.58419,34.322533,-43.26335,-2.570364,-32.33999,-9.70808,-12.2939205,-14.46462,-27.873734,4.980745,-8.47828
JE,a,21,IDS,234.634289215568,71.9275232706309,-500.38477,99.348526,-20.740448,27.204813,-36.109108,11.920229,-23.750227,12.1496725,14.444804,-8.821306,-15.705373,-13.840469,-23.237217
JE,u,21,IDS,238.96642387129063,49.79597764898358,-382.27524,48.15479,10.647772,4.611511,-9.073258,-24.535805,-20.330841,-8.377501,-26.674152,0.36338246,-38.22875,-0.7849325,-5.025736
JE,u,21,IDS,243.01777439169925,46.476245805649796,-450.676,145.48459,-13.797154,14.903096,-34.777832,5.328496,4.9086037,-14.433889,-18.267857,-9.820329,-18.65657,-13.353649,-16.605236
JE,a,21,IDS,244.49844599181964,173.73263313061216,-480.8641,84.54142,-59.86004,45.390167,-41.36075,-29.476002,-12.363689,-7.94267,-21.383535,-4.8027487,-6.615709,4.867852,-16.856281
JE,a,21,IDS,245.18513629330505,116.19061451415291,-479.75476,19.22994,16.986607,-5.357545,-0.10725379,-15.459839,-14.263275,20.804993,-5.351021,-0.22188678,-30.196218,11.372367,-11.898813
JE,a,21,IDS,245.37152026646007,60.86175045976461,-402.48212,118.35675,-27.222591,46.665794,-20.394289,-43.67906,-44.981598,0.11777198,-27.864052,-17.357525,-4.0741305,7.9525175,-15.935759
JE,i,21,IDS,251.9850730818352,68.60779142732554,-473.708,89.79073,18.267752,60.857086,-34.35018,1.5231397,-23.867659,-2.9949932,-20.283585,-4.1476665,-20.24607,-1.5307417,-2.872357
JE,u,21,IDS,252.2172269153524,37.62362755691129,-493.21854,89.27249,-9.558964,56.2501,-25.362167,-9.05199,-3.5780773,7.2386837,-36.042976,-10.206322,-13.526245,5.2022595,-12.95414
JE,i,21,IDS,255.7505340719541,99.59195529779663,-372.98465,27.26777,5.164763,51.874405,-44.323326,-2.8304687,-12.931026,-23.950363,-14.2971735,-8.821867,-10.649786,-1.1930969,-29.084206
JE,a,21,IDS,277.06858378540073,84.09987336256108,-351.72122,97.14726,-70.219696,6.3030405,-31.338354,-18.845848,-29.106686,5.4502954,-13.36716,7.197259,-27.25032,-1.6781429,-18.774185
JE,i,21,IDS,282.6632063204054,76.35383239494331,-408.62274,76.23273,-8.896359,39.33927,-14.639004,9.34285,-14.348095,14.953943,-35.219437,-19.771519,-30.355602,9.095615,-18.793526
KA,i,14,IDS,43.29232879867231,52.88973719104462,-407.18594,47.394703,5.0322204,58.39289,-38.648945,-20.908792,-29.562656,-3.0814998,-29.19054,2.3588545,-29.449781,-16.188246,-14.212038
KA,i,14,IDS,97.22343446582788,29.945916271998385,-313.33325,-11.808783,40.282497,37.887962,-9.492249,-6.7751894,-8.758277,-11.438761,-17.792358,-6.1841297,-25.990007,-3.3661022,-17.295773
KA,a,14,IDS,137.4796474578519,57.826596939065666,-449.14856,70.43909,-23.26151,21.138592,-22.071838,-23.42083,-28.630714,3.0857372,-21.127254,-0.48688626,-31.976728,-7.5453167,-12.966528
KA,i,14,IDS,144.555478395802,44.40256550680033,-431.92728,60.42651,20.442978,46.431877,-33.521255,3.073215,-7.815075,-0.008122206,-24.329071,-25.708843,-25.527742,3.9637024,-13.027057
KA,a,14,IDS,148.48790665328715,106.35963365578505,-405.91687,29.692562,14.494507,-7.264394,-22.31361,-15.6154175,-32.275764,1.3322349,-17.334541,3.8515797,-13.117626,4.5570755,-9.790487
KA,a,14,IDS,174.00788132139309,43.369947704292144,-357.95206,31.737965,-39.095764,-4.804791,-38.56653,-11.4725,-7.1826468,30.818398,-13.535574,3.427901,-7.4408684,1.4443442,-12.668524
KA,a,14,IDS,189.905066092154,75.3810995813069,-453.52646,76.922226,-48.577316,23.57312,-32.777084,-5.132396,10.836336,6.8330474,-21.318817,7.042682,-13.648623,7.565892,-2.062451
KA,a,14,IDS,199.9598904038133,51.63089012421551,-378.19482,60.361603,-44.13176,-3.6715798,-30.77815,-13.019419,-8.867558,9.455792,-24.793839,4.8115826,-13.65877,0.18757522,-9.621632
KA,a,14,IDS,213.5506892575972,70.21801056887966,-267.9928,115.33574,-61.94448,-5.2754927,-19.130917,5.0611987,-39.17704,-22.93696,-20.79076,1.7964144,-26.954456,-19.455482,-23.182693
KA,a,14,IDS,214.84147853826647,175.54502642215652,-311.61105,79.4592,-62.3863,9.434755,-23.274685,15.754751,-18.49984,1.7624416,-19.429733,8.946224,-27.02861,-11.850241,-11.193759
KA,a,14,IDS,216.19843539287,197.23000027440207,-371.94266,79.81724,-80.55786,-4.4039416,-12.639876,20.261768,-17.21306,-4.5069656,-27.968945,-6.9009266,-19.291222,10.995235,18.282333
KA,a,14,IDS,218.8749609809161,124.94675410047762,-364.51825,103.038895,-112.51758,-24.47726,-47.107903,8.962778,-14.947123,22.450382,-16.186167,3.7629297,-39.13694,-19.247551,-22.269602
KA,i,14,IDS,243.10458264267936,80.54418859370571,-488.19086,52.025455,-8.6528015,51.471123,-50.545418,-18.749477,-25.826916,-5.444439,-40.997967,0.26017055,-25.115374,-14.422014,15.797206
KA,i,14,IDS,244.6882791395033,112.55534047069204,-454.83957,60.773705,-14.511621,47.65104,-19.732807,-4.9129086,-20.674114,-5.003296,-38.573658,5.0449495,-18.335466,3.6874547,14.222655
KA,a,14,IDS,253.883031248048,79.51157079114068,-432.39587,64.97366,-76.6566,2.799585,-26.631058,-4.07982,-23.53482,25.688137,-14.645033,-20.986374,-32.007404,-1.6834397,-23.878927
KA,u,14,IDS,263.68765042698845,59.891832544053614,-494.4456,64.11812,-13.099181,13.697075,-38.322258,6.4395704,-37.176514,-17.553692,-15.023013,10.850193,-10.963766,5.5486865,11.011574
KA,a,14,IDS,271.5480209131056,59.891832544053614,-470.59924,80.60823,-27.71136,20.478054,-53.2888,-9.24377,-20.71491,23.367096,-17.934494,-3.0929918,-33.98195,-2.7658794,-22.104225
KA,a,14,IDS,302.9489014290853,75.38109958125006,-376.00626,90.83414,-86.78184,-11.960697,-35.055676,-12.878855,-34.318375,-2.0390534,-21.155773,-6.7523317,-17.807135,5.5366826,-7.0303845
KA,a,14,IDS,303.9376946177606,116.6858116806111,-435.18304,73.768616,-56.263123,10.017723,-24.643967,-18.62631,-22.698742,22.17329,-10.483518,-3.1740265,3.254772,13.395197,6.9035587
KA,a,14,IDS,317.94703301574066,49.56565451919914,-358.1428,29.530207,-45.68764,9.308886,-36.525616,-5.564587,-2.0897448,8.206599,-23.467094,12.143864,-24.286663,12.159697,4.5239763
KA,a,14,IDS,405.5578913933724,34.0763874820027,-475.74225,76.65039,-47.06617,36.429703,-22.325672,5.6621127,-2.9403589,-5.8222556,-17.884369,-14.429641,-42.216476,-3.4940574,-24.404781
KA,a,14,IDS,413.8336497591564,39.239476494401515,-422.16556,72.65871,-21.258942,20.709463,-43.122185,-12.563122,-17.55382,23.996767,-17.93145,0.055613518,-12.308762,10.086592,3.110255
KA,a,14,IDS,425.54203233845897,42.3373299018408,-344.3198,49.192074,-65.44476,7.521272,-36.56063,-18.914228,-7.2723665,11.861304,-24.71001,8.618515,-17.229485,-0.25037178,-7.3460135
KA,a,14,IDS,437.9845346545342,79.51157079122595,-401.23773,40.331245,-45.645584,-2.6471686,-43.594467,-11.15182,-24.3208,37.856358,-20.68755,9.992317,-22.14832,-18.27812,-21.185051
KA,a,14,IDS,438.6047456126266,122.88151849548967,-405.4035,62.624805,-53.337948,0.31644827,-15.648765,5.6529875,-9.277391,32.42032,-8.36012,22.630547,-29.785444,4.2997265,-4.8679376
KA,a,14,IDS,443.22767435956587,115.65319387813133,-381.52612,106.541626,-63.486145,2.5640407,-20.03809,14.909533,-9.122241,15.80988,-13.595385,11.760571,-11.388302,3.6380746,-13.4481945
KA,a,14,IDS,455.2041190028589,109.45748706319591,-318.49173,87.79342,-89.637344,-14.32802,-11.306807,20.53886,-9.71163,11.303862,-10.413958,6.5816627,-10.205892,0.09066141,-6.6910105
KA,a,14,IDS,459.4563117352527,53.69612572906135,-418.99646,83.369156,-32.631077,2.4404507,-43.156914,-32.818707,-39.479656,-9.361611,-18.51582,0.06508799,-20.515896,-0.8130231,-24.220627
KA,i,14,IDS,459.81133608870687,79.51157079122595,-395.4372,60.64412,-27.278627,43.221844,-53.235565,-19.573181,-19.04861,-0.66744494,-46.974594,-18.399544,-23.158524,-9.284099,-13.938289
KA,a,14,IDS,461.60148462523495,75.38109958125006,-264.16125,70.24772,-121.1165,10.669658,-3.1989799,19.94918,4.8494678,8.785353,-9.415656,25.098032,-26.410416,14.290043,-7.8613586
KA,a,14,IDS,462.3331828866524,67.12015716135511,-346.03976,49.117493,-119.77202,-11.711767,-8.63063,-9.326419,-0.6649898,14.236608,-7.564679,20.254501,-29.969774,13.174326,8.880903
KA,i,14,IDS,473.2718381246674,110.49010486567568,-402.3958,33.365204,-9.144033,30.577246,-33.709785,-20.061787,-18.139097,-5.169571,-27.990505,-2.9478602,-14.645754,-21.69718,-8.432589
KA,i,14,IDS,473.5077912925349,103.26178024843102,-394.93103,64.72142,-25.523672,33.88061,-29.422806,-38.497726,-42.560425,-12.622255,-52.76056,-5.929146,-20.227798,-9.603361,0.6603736
KA,a,14,IDS,484.3622973755357,47.50041891429646,-380.38452,81.985,-53.366283,10.549086,-39.765923,-5.2813187,-19.029293,12.359909,-24.869665,-4.5715685,-18.613178,-7.8338494,-16.7192
KA,a,14,IDS,491.76846758392753,61.957068148956296,-342.386,70.96933,-32.057175,65.56121,-42.12485,-35.469746,-44.965202,-0.97960114,-29.16463,1.9458313,6.016135,-16.76466,-20.85257
KA,i,14,IDS,492.096029821369,76.41371738372982,-429.25955,34.024426,-24.703844,67.60052,-42.03112,-7.823683,-15.309599,-9.240362,-52.182644,-9.208888,-16.506048,-19.35862,-6.8166046
KA,i,14,IDS,493.2704272052049,67.12015716141195,-427.9719,64.83181,-14.641405,49.125023,-64.55752,-15.111873,-13.179993,-3.6150656,-23.907413,-0.92682445,-7.953963,0.79809856,-10.867157
KA,i,14,IDS,503.7488111084874,81.57680639618548,-361.9225,45.79747,-2.508365,37.99322,-49.590225,-31.4313,-36.422867,-1.2644002,-27.519974,-0.9494789,-6.8351326,-8.757111,-13.575214
KA,a,14,IDS,504.46727231318334,75.38109958136374,-238.43393,36.40281,-105.39388,9.918891,-22.04847,0.20102477,-20.436571,16.391848,-15.805824,19.419579,-33.65084,7.3402033,-23.928864
KA,a,14,IDS,505.5658077078796,60.924450346533376,-320.1111,67.10858,-95.981094,16.70919,-24.43993,7.992437,2.7473752,10.091894,-8.763243,5.8254066,-27.709503,8.507593,-25.34427
KA,a,14,IDS,506.1638088694359,41.30471209936104,-317.3577,41.45052,-109.409004,15.295203,-21.918755,22.988247,-22.40939,38.7362,-7.852926,21.283997,-39.90965,-4.9365997,-11.002182
KA,i,14,IDS,532.3680748674021,128.64095098439066,-301.04224,14.960859,-16.771801,59.65984,-84.487625,-10.110971,-30.035866,2.5517735,-25.895954,12.650646,-5.769987,3.8122592,3.1129634
KV,a,16,IDS,25.138306761792563,50.81065854612987,-335.31335,88.867386,-98.02717,-1.1821892,-44.230995,-4.3863454,-4.7664037,6.8838053,-21.293896,3.0121205,-26.795315,-6.7963467,-18.367332
KV,a,16,IDS,25.56596313788916,55.891724400744636,-372.25122,100.887695,-86.656265,34.509666,-37.3578,-25.022144,-37.76744,-11.285936,0.49469042,16.230322,-10.668616,2.1684816,-8.19483
KV,i,16,IDS,27.56772483822631,72.82861058278556,-488.10074,41.129925,20.377848,41.866722,-36.774242,-1.6289666,-4.660099,-2.9529989,-9.409546,15.451254,-17.622677,-7.454222,-15.923247
KV,a,16,IDS,33.60127567829812,159.20673011120812,-388.30167,51.430634,-38.528114,8.923295,-50.3611,-32.301388,-21.380253,12.454893,-16.462177,9.282982,-14.867804,10.053292,-19.084717
KV,i,16,IDS,38.74724974036872,72.82861058278911,-303.268,42.077484,-45.572853,57.777946,-54.002083,-17.558586,-9.071659,-17.940685,-27.410606,-7.0381794,-18.850548,-7.6918964,-19.579803
KV,a,16,IDS,49.1268135204472,186.30574800248212,-300.89938,36.664017,-35.93715,29.782867,-37.447678,-15.798862,-44.188545,-7.8273873,-13.826145,-5.063564,-17.201656,18.255775,-15.640667
KV,u,16,IDS,55.94579803510693,85.00430777022672,-425.6352,112.88008,-36.481876,5.5254226,-57.92337,2.5205455,-22.457405,-25.428665,-17.807888,6.8259897,-15.425872,-8.225722,-30.48262
KV,a,16,IDS,67.21497046661514,116.86451465610048,-377.37094,55.644035,-56.201748,19.513205,-49.685207,-2.5115623,-22.297272,-1.1178429,11.020978,-5.4420686,-31.31849,-10.506759,-35.283627
KV,a,16,IDS,68.94918964425744,64.36016749175621,-291.9626,80.14273,-120.91127,7.6594377,-65.75522,30.908388,-20.365265,-29.58033,24.544518,-10.53772,0.042489827,0.93254566,-15.880211
KV,a,16,IDS,82.82760217838035,171.06255043863428,-338.01144,83.203705,-75.96962,29.28545,-57.527626,0.6407892,-30.762932,-14.785433,9.969888,-12.4048,-14.007799,14.902335,-13.265554
KV,a,16,IDS,92.75406228205811,111.78344880148927,-425.0497,69.94244,-6.1922083,4.7947497,-30.928612,-12.230402,-52.461254,7.646942,-11.276688,4.3119125,-11.658909,2.9239316,-26.032742
KV,a,16,IDS,124.59595686627262,81.2970536738078,-414.09656,55.772697,-23.034456,1.1315907,-32.436348,-20.286358,-43.42688,5.149312,-8.854643,-11.036228,-20.569752,9.0642805,-0.0037788749
KV,a,16,IDS,124.72975826711075,60.97279025534874,-420.70663,79.03308,-46.676346,15.668944,-42.118515,-10.106705,-34.025467,4.8381186,-2.704538,5.326043,-26.295223,-17.847008,-18.829342
KV,u,16,IDS,124.92537930251336,42.342215455121845,-412.7737,88.35689,-30.989529,2.6296701,-33.831505,11.382299,-17.660063,-8.838285,-13.41092,0.6502348,-30.297962,-13.743315,-22.513428
KV,a,16,IDS,125.69625409485248,216.7921431301636,-389.5621,86.549286,-59.473866,16.611809,-27.750854,-8.357786,-31.872715,22.76804,-18.292866,5.041646,-28.28046,2.8437614,-18.3205
KV,a,16,IDS,126.7553338581153,115.17082603789675,-296.7951,27.66209,-107.90938,15.738403,-67.804634,30.010021,-32.896084,27.50182,-17.140144,-13.100977,-5.451472,-6.6393375,-15.796991
KV,a,16,IDS,129.38451806830705,79.60336505558985,-345.8742,35.961594,-93.23517,18.448254,-86.32987,19.192253,-51.194313,-5.527919,16.226078,1.9055086,-14.78103,-0.32761467,0.100503
KV,a,16,IDS,133.9440668684288,57.58541301895548,-384.65942,9.162039,-13.285091,16.600517,-52.725815,-3.9685874,-33.840874,18.584076,-4.8551292,18.599606,-29.587776,-16.57235,-26.543465
KV,a,16,IDS,134.33530893923398,108.39607156506759,-341.4197,41.940773,-81.90779,-6.4076424,-25.554214,29.856632,-33.06707,22.468292,-10.25345,-8.228657,-25.366837,-22.85442,-14.081228
KV,a,16,IDS,135.91426198509544,74.52229920099285,-447.59467,26.242731,42.144615,-14.869879,-26.399582,-23.30212,-31.974884,22.767109,-7.638576,8.415422,-33.550373,13.652521,-11.549546
KV,i,16,IDS,136.19880167295378,77.90967643740032,-492.02185,61.8176,-5.1763487,39.85104,-26.712704,-12.4827175,-22.252907,-3.8252048,-21.040455,-10.145662,-26.47445,-6.4180818,-15.057119
KV,a,16,IDS,136.54077996222338,91.45918538303022,-377.57413,42.816486,-49.686356,-2.994597,-22.201536,2.5485969,-47.24987,-2.5543687,-11.982056,-11.383379,-19.168594,-4.967839,5.9151297
KV,a,16,IDS,140.18621931436888,74.52229920099285,-317.6811,79.901794,-105.33038,33.795624,-53.824287,-18.414986,-34.139828,-4.1521077,9.082723,3.4306793,-4.1770306,-41.631477,11.791484
KV,i,16,IDS,168.05496151620218,81.2970536738078,-357.98593,28.866291,-2.6458945,40.504723,-31.938538,-20.159882,-39.027687,-9.092577,-36.720787,-11.174189,-32.140175,6.511692,-11.749324
KV,a,16,IDS,172.1443072247472,81.2970536738078,-427.74344,72.44202,-29.486773,22.58059,-19.279541,-6.62428,-36.725727,10.295257,-23.504662,-3.9742227,-44.525696,-9.721594,-11.381762
KV,i,16,IDS,172.39158576300505,162.5941073476156,-458.3761,84.13815,-5.578923,50.466675,-26.209215,-22.851372,-41.80754,17.040709,-21.401855,5.5337553,-21.94496,-5.450544,-3.4824908
KV,a,16,IDS,176.88132889132538,79.60336505558985,-281.22147,126.41856,-130.48358,12.371445,-52.780525,-2.2561677,-19.590546,-45.732666,11.667894,-9.995024,-18.181189,15.357131,-7.0213804
KV,i,16,IDS,179.80141854379804,84.68443091021527,-433.12326,35.82467,-49.447395,85.37854,-45.97533,-2.770262,-35.048454,-0.50906986,-22.08073,-34.95803,-11.846285,-16.267836,2.0120225
KV,a,16,IDS,188.23627841432227,81.27210960333286,-272.21487,43.04359,-105.254196,7.674572,-63.756954,-14.497608,-25.06171,-19.875547,0.30240726,8.153851,-17.92651,12.582583,-8.825623
KV,i,16,IDS,196.82556147245668,82.99074229202574,-353.2589,-5.5838404,29.688168,33.37059,-59.340927,-16.746267,-29.801579,-20.793695,-42.654186,2.6790009,-19.062,-4.5838895,-26.692188
KV,a,16,IDS,205.84786975984247,79.60336505564669,-453.8897,17.03891,24.67752,0.9947092,-42.810043,-4.0116687,-26.901918,29.339722,-16.06996,13.57012,-29.250832,14.054434,-12.168489
KV,a,16,IDS,207.08101929493907,71.13492196458537,-470.04633,31.155842,27.242344,3.7378657,-19.117252,-3.7596772,-33.58733,24.626324,-23.56813,12.093666,-34.21624,19.373158,-6.579163
KV,i,16,IDS,212.32562057952964,77.90967643740032,-415.69977,7.9003677,9.127234,22.098606,-22.950153,-5.84241,-30.609041,-3.9653277,-42.929665,2.3827672,-43.97161,-8.438851,-15.726197
KV,i,16,IDS,214.12678242862216,116.86451465607206,-421.4466,0.8063309,4.086285,14.295053,-21.742249,-36.063362,-16.838646,-7.7595778,-30.83049,3.8023722,-16.260567,5.676367,0.36130446
KV,u,16,IDS,214.9948843780781,69.44123334639585,-471.71005,85.3725,-37.020638,28.60338,-39.25902,10.055254,-43.799885,-39.049866,-2.7484899,-3.3424678,3.8396006,-11.499577,-5.2081547
KV,i,16,IDS,215.88923850111613,98.23393985587359,-434.72534,-1.7724458,33.107136,28.86895,-37.679935,-19.861073,-11.9751625,-3.2043092,-33.097134,15.613974,-21.95631,-8.672157,-23.101313
KV,i,16,IDS,219.2667551747252,88.07180814662274,-504.01447,53.210667,-23.212183,39.53981,-47.178974,-17.991953,-21.46305,9.981089,-20.10635,7.4739757,-20.582018,-8.6062355,-21.008736
KV,i,16,IDS,222.75542607967424,96.54025123765564,-457.26007,52.239746,-10.214471,38.17501,-42.97198,5.9859915,-7.7682724,0.73873794,-32.625427,1.4232687,-26.69558,7.7102647,11.244032
KV,i,16,IDS,233.1658852549308,145.6572211655498,-438.46127,11.321926,41.612625,22.500965,-21.032,-20.411198,0.46201074,-17.56343,-31.79029,-7.7891874,-19.600716,4.330172,-9.736876
KV,i,16,IDS,246.2424122247021,172.75623905689486,-351.30338,50.512474,-24.101103,34.88931,-64.43721,12.019831,-6.632576,-24.233784,-34.57286,-9.666845,-14.506756,-4.3706617,-16.738941
KV,a,16,IDS,248.94741914004925,60.97279025536295,-390.47995,73.90168,-86.889626,17.300022,-42.58367,-6.7252407,-14.857634,-12.516583,-20.803646,-29.45416,-31.792755,23.044367,-5.161641
KV,a,16,IDS,253.43481051808104,93.15287400124816,-315.69174,-2.3837187,-2.27695,-6.4608,-13.28804,-21.40972,-37.416256,8.066263,-15.185555,-2.0099773,-12.725652,15.433631,-18.340973
LK,a,16,IDS,5.128950321972766,54.705979718498554,-409.35513,69.52769,-20.16135,34.520237,-46.125107,-22.502945,-38.364822,-15.468422,-4.792669,-17.04152,-10.743493,12.517156,-18.783226
LK,u,16,IDS,5.272936396040128,47.86773225368712,-473.3954,60.114586,-28.967083,60.68656,1.3165383,-19.11581,-14.6652565,6.845213,-26.574621,-4.3743424,-18.306126,4.9553943,-6.6146326
LK,a,16,IDS,5.420528570488996,62.68393509411396,-466.56393,69.359955,-27.476295,11.936493,-36.829124,-9.535343,-11.806931,7.903334,-10.263207,-2.66148,-30.824877,-0.25899988,-20.277435
LK,a,16,IDS,6.233551543902854,59.26481136170736,-476.99307,67.65233,-0.56121993,55.097435,-20.833328,-31.55487,-22.58636,-0.93973243,-27.339264,-15.2220125,-15.069901,-1.910064,0.8677474
LK,a,16,IDS,10.69099221940887,224.52245842800698,-460.28912,70.4998,-50.195736,1.4105703,-26.726248,1.8319911,-19.276728,7.7261834,10.376228,15.285584,-23.174597,4.0480623,-10.73025
LK,a,16,IDS,13.211098575184266,58.12510345090516,-444.82013,61.321518,-34.376465,29.335278,-34.03424,-6.704795,-24.384556,-8.549454,-10.760754,-2.0549922,-24.269548,5.841015,7.3697834
LK,a,16,IDS,13.501154238483393,43.308900610480094,-465.14203,79.448456,-45.99492,7.273508,-20.18644,-4.5979075,-27.145256,1.8528768,-5.7660956,6.879737,-23.789516,-4.096311,-15.443783
LK,u,16,IDS,19.2504223078151,62.68393509411041,-440.09195,114.52818,-12.9391985,-5.93421,-65.57573,-35.405342,-30.779932,-18.153805,-16.79248,-21.446827,-24.134445,20.67041,-9.387541
LK,u,16,IDS,21.45265940633549,45.588316432080944,-359.2218,91.68622,-55.732754,18.719803,-20.061954,-6.415104,-36.269604,-28.393557,-23.039663,-2.6579576,-10.400091,0.68192136,-20.904526
LK,u,16,IDS,45.64985145406359,64.96335091571837,-470.38202,64.791466,-34.60958,17.505644,-27.428059,-4.539214,-26.629778,-33.80804,-28.578514,20.362848,-8.453331,5.0812054,-28.414421
LK,a,16,IDS,48.47738430292907,54.705979718498554,-383.3942,67.157585,-58.762268,20.43208,-42.248245,-19.142996,-24.703144,-1.5877906,9.176598,6.182908,-24.607887,-2.4184027,-17.385902
LK,a,16,IDS,53.78662796020326,27.352989859245724,-474.8192,53.262314,-45.096405,28.591743,-40.106747,-27.875668,-18.675198,0.7306684,-17.63319,-1.7129421,-33.6184,-13.211078,-8.407444
LK,a,16,IDS,70.10825352940134,105.9928357045834,-334.00595,71.47335,-57.676495,-32.821358,-29.84667,-23.083794,-22.660496,28.299173,18.296495,10.017927,-16.963367,-9.523716,-37.0887
LK,i,16,IDS,83.32003377775814,44.44860852127874,-475.93732,64.603874,15.605803,38.618435,-25.83233,-22.553131,-14.169016,-10.687925,-33.636044,-9.544691,-31.830162,-5.672112,-12.393805
LK,i,16,IDS,96.55262341133609,61.54422718331887,-336.6274,58.35292,-57.86006,8.486754,-43.179268,-7.8329296,-33.85042,-19.455738,-35.387897,-5.910891,-21.404972,1.7867359,-15.102206
LK,a,16,IDS,103.0519747395561,39.88977687805573,-400.89432,47.097115,-23.28706,11.103354,-61.82621,-24.392624,-51.247913,8.357168,-3.7137656,-2.476827,-10.620097,9.068474,7.2816935
LK,i,16,IDS,103.27478763611788,54.70597971850566,-462.17053,0.46032274,37.28167,8.631809,-7.8355865,-11.694498,-33.143326,24.427471,-32.945045,-8.66231,-22.831793,7.794571,-14.028915
LK,a,16,IDS,112.46067261447752,115.11049899100101,-460.49445,80.36009,-44.29416,18.899122,-22.107952,-20.465982,-17.531254,10.022807,-1.992304,-0.2607764,-26.009872,7.3730164,-14.844446
LK,u,16,IDS,116.98979671449712,42.16919269968855,-361.5412,80.508484,-32.309933,38.55457,-34.25493,30.49168,-31.760077,-36.55052,-31.900969,-16.751732,-3.6924078,-10.371595,-11.435701
LK,a,16,IDS,120.70576023553836,68.38247464811786,-234.59402,49.845314,-60.790916,31.685509,-69.06371,-4.894004,-40.447372,5.4673777,1.3041893,-7.369411,1.5238754,-5.9483423,-19.64491
LK,i,16,IDS,121.55530323318249,61.54422718331887,-458.66177,50.96761,-8.115767,48.186813,-50.982567,-11.855699,-17.181559,-15.957557,-14.209368,0.52346134,-23.885944,-0.87465835,-21.329464
LK,a,16,IDS,123.56059670317832,52.42656389690126,-420.2347,80.610535,-44.036354,19.291027,-43.13385,-24.60775,-37.394302,-1.625628,-4.8453274,-5.7448993,-18.086723,-1.0049781,0.37567306
LK,u,16,IDS,125.94500009077788,56.98539554012427,-481.2444,46.418533,-42.66336,25.399868,-19.21711,-8.080516,-23.476524,2.1293285,-2.8777976,8.668577,-13.168451,10.915779,-1.9842844
LK,a,16,IDS,127.7530747211203,37.610361056465536,-415.90695,85.16698,-51.96685,-10.901646,-67.61566,-6.603777,-23.381645,-10.5409975,-3.8916795,-9.711915,-21.516613,5.6082096,0.3722782
LK,i,16,IDS,128.01520754060476,55.845687629300755,-437.7909,51.453423,-44.193825,16.437323,-44.262108,-28.689331,-29.765594,18.498367,-22.574043,2.991003,6.0396605,12.792175,12.594179
LK,a,16,IDS,129.25368557865892,47.86773225370666,-344.70187,41.29309,-75.678154,27.769371,-43.340584,-18.553623,-12.457706,6.205693,4.736385,-2.7516737,-11.221603,-2.5925543,-34.723423
LK,i,16,IDS,129.92379338313393,49.00744016447334,-435.28513,43.82879,-15.67293,69.09593,-60.91484,-33.735825,-16.599363,-12.4263115,-3.2177649,-17.552023,6.899207,5.6096373,-11.808334
LK,a,16,IDS,140.11232509649147,34.191237324051826,-376.3878,89.97839,-85.825775,-1.654454,-51.917747,-4.718074,-37.91181,-21.91068,-1.6274524,-10.124472,-28.947979,3.2225556,-5.3350034
LK,a,16,IDS,147.84093964099122,105.99283570456919,-385.90378,64.44815,-35.5063,0.05897951,-44.490356,-0.12900957,-39.281628,-20.048985,8.352387,-13.729193,-27.576027,0.13217568,-0.11785704
LK,a,16,IDS,150.69272935451562,36.47065314567044,-441.26535,67.59249,-31.50902,-1.2555094,-25.83614,8.168362,-37.266113,-8.219755,-12.115362,-0.22115028,-19.101353,6.6538153,-10.146791
LK,i,16,IDS,162.79904388416008,166.39735497710717,-473.96432,69.124374,19.844906,41.969337,-58.831024,-26.855247,-9.26609,-12.983862,-6.783252,-3.2501578,-8.327611,23.513382,15.337852
LK,u,16,IDS,169.87303383946858,77.50013793454968,-402.87546,76.68706,-24.68002,-22.442896,-45.17652,-8.467195,-44.60511,-35.84828,-43.204025,-6.210741,-1.2291439,26.29381,27.509403
LK,a,16,IDS,175.5512765727217,45.58831643208805,-445.55344,75.75129,-19.940565,28.455305,-33.883427,-15.439447,-34.673058,-3.317679,5.97476,9.304309,-27.010597,-2.7682538,-9.196167
LK,a,16,IDS,185.57340200709373,124.22816227746125,-462.19293,83.0643,-34.377247,21.344429,-7.931672,-2.7325776,-20.968739,9.1371,-4.0958815,6.9352922,-29.108337,5.7782054,-10.26226
LK,u,16,IDS,186.5853040109425,74.08101420213598,-514.9814,88.146484,-15.5086,33.108562,-13.689388,-2.0629041,-18.799171,-19.366436,-14.105537,-2.3882873,-11.897264,5.8743687,-8.655199
LK,u,16,IDS,187.07997610762573,67.24276673730856,-512.43274,90.70967,-4.9179053,25.674911,-11.669131,5.5745554,-24.257128,-28.012495,-26.499992,3.5658689,-19.902363,-8.485525,-20.93908
LK,i,16,IDS,203.43608755697403,149.30173631506705,-434.06464,66.58962,-11.262831,58.470078,-49.691063,-36.911697,-13.015873,-21.171722,-23.118214,-10.503534,-3.708389,14.702862,-11.93553
LM,a,12,IDS,0.4162249244104714,66.94552729906161,-245.08418,50.93634,-25.50737,24.080456,-51.49221,-44.543793,-33.777023,-2.9139612,12.258842,-2.8632812,-34.934914,2.3609066,-30.77362
LM,u,12,IDS,3.090000238592044,79.2416445580728,-330.63953,158.76909,19.617126,24.404535,5.3023815,13.447004,-25.837456,-14.29781,-28.845577,-9.125183,-6.439867,6.5248632,2.9789636
LM,a,12,IDS,3.249849762959191,79.24164455807326,-315.16486,160.1917,-4.8103,-26.662228,-16.566334,9.681382,-3.7366016,0.6765282,7.739516,8.653931,-23.471313,-9.506382,-7.950736
LM,a,12,IDS,3.766191016133381,72.41046830306708,-337.90982,192.65341,-20.569447,-28.0891,-5.201094,4.157814,-14.708805,-6.698404,26.50083,-9.517691,-2.5623567,-17.486156,-13.567655
LM,i,12,IDS,4.200122539458238,94.27023231908649,-364.72345,124.62717,58.713615,34.22262,-37.712482,-35.235245,-1.1003665,-22.083595,-23.608753,1.5201513,-8.860357,-31.16602,-10.284063
LM,i,12,IDS,6.763127187301111,58.74811579305472,-349.53085,81.755775,78.94295,40.02064,-12.193757,-4.335016,-3.480103,-25.026623,-28.581753,-10.348282,-29.90559,-14.144093,-16.86018
LM,i,12,IDS,7.010415767732339,58.74811579305472,-510.9442,113.63554,52.681465,74.1333,-19.841652,0.42715836,4.103116,4.5637817,-32.460682,-21.173197,-10.314888,-16.63013,16.003166
LM,u,12,IDS,7.453026537476822,103.83387907609531,-489.82294,155.07472,42.10663,-1.1745532,-3.1802192,-8.606822,3.7714353,2.39191,-12.516751,-17.075157,-27.653185,-10.030916,-2.125805
LM,a,12,IDS,11.443331286433365,53.28317478904765,-217.91672,84.21735,-16.640207,-0.18717694,-16.200329,-0.9290004,-35.2724,4.253668,-12.076404,9.19479,-7.556985,-12.18165,-13.600416
LM,i,12,IDS,11.96439497210282,54.649410040051194,-358.94504,93.62763,32.563004,45.393684,-32.248463,-42.504288,-21.914757,-21.587143,-46.97673,-13.385639,-25.15588,-1.066707,18.235317
LM,u,12,IDS,27.84739538408145,83.3403503110759,-420.9351,206.6514,45.07354,-7.6471124,-16.368622,-14.428776,30.250296,-5.8078084,-9.987135,-4.256508,-9.180243,-22.590504,-5.635931
LM,a,12,IDS,33.4368983729416,72.41046830306885,-351.35556,160.31845,46.458652,0.7745899,-3.8761818,4.1856604,3.3887115,-10.380932,-8.045002,-0.8106184,-27.163155,-21.93745,-16.38702
LM,a,12,IDS,34.43200940988743,73.77670355406707,-348.81873,160.11029,45.022354,-0.33116814,-7.962067,-1.1097889,3.3025913,-9.610969,-3.8333817,0.39534354,-29.928253,-24.281086,-15.383123
LM,i,12,IDS,41.11979730720621,66.94552729906889,-291.8351,122.036804,47.784714,49.05771,-9.149059,-21.54204,25.71048,0.5575767,-15.073754,13.482792,0.9409223,-13.772499,-17.19802
LM,i,12,IDS,45.146412901321895,72.78669220909251,-259.5437,93.85185,-6.0756664,49.860825,-0.98325115,-14.612938,-21.39302,21.089909,-22.197565,14.860079,-5.117746,-14.903175,0.43851995
LM,u,12,IDS,45.30713365526755,60.11435104405649,-327.22137,158.26146,82.26471,31.873123,-4.2178316,-21.858381,-15.522785,7.4203844,-19.93732,1.0106151,-10.988335,-18.090366,-3.583379
LM,u,12,IDS,46.67771188340248,69.67799780106532,-335.1963,151.03636,79.88724,24.525448,-7.536579,-21.740063,-12.117314,12.839123,-15.025312,0.2658229,-10.708849,-19.144781,-1.4371569
LM,a,12,IDS,50.572957671406826,79.24164455807414,-339.07785,99.194565,12.059313,52.92104,-63.912735,-39.594185,-23.081387,8.711861,-11.681149,13.384945,16.090704,-29.112757,-25.146198
LM,a,12,IDS,58.51331938884306,132.52481934711824,-358.51575,118.70876,15.8062725,11.715197,-19.911482,1.2006587,-15.883596,2.123184,-1.9831287,22.58625,-30.01424,-20.46162,-23.18634
LM,i,12,IDS,60.22135772397532,73.77670355407417,-447.92865,101.23897,70.42018,59.11487,1.976329,-7.9683256,-17.475437,-14.839884,-21.515701,-2.5449398,-23.853329,-6.3200483,9.3893385
LM,a,12,IDS,63.4898315355518,77.87540930707593,-300.01123,126.65051,-47.51697,1.2439494,-32.18702,15.813807,-30.06482,2.2795594,8.39535,-20.781868,-15.465525,0.9549532,9.785048
LM,u,12,IDS,64.40723216508138,71.04423305206353,-359.41776,174.58548,55.447197,17.97792,-49.49755,-19.630497,-30.932795,-20.349201,4.619021,-9.198992,13.733298,-23.22604,-6.1271825
LM,i,12,IDS,66.7125496369786,62.84682154606003,-444.38226,146.4815,40.637634,40.351074,-34.335903,-30.657295,-20.466995,3.3497941,-31.122766,-13.358881,13.610034,-9.356853,-0.37317687
LM,a,12,IDS,77.31517927997052,79.24164455808125,-234.7487,138.36008,-47.833344,2.48572,0.56278825,10.5101795,-1.6799892,14.990871,-14.020006,4.571744,-3.6866722,-18.077194,8.8685465
LM,a,12,IDS,77.835714910602,65.57929204805646,-323.0873,168.14578,-39.253525,-23.906868,-8.631397,36.23222,-22.1146,-15.853899,-0.3398143,1.785648,-34.320244,-13.889243,-0.24951848
LM,u,12,IDS,86.44052568487635,69.67799780106532,-319.95645,110.11154,8.936205,7.017478,-28.829514,3.9215114,-13.935973,-22.11598,-17.729794,-2.597063,-2.973172,-26.294546,-0.6311302
LM,a,12,IDS,87.50553911239732,69.67799780106532,-234.17862,110.18598,-19.652544,33.161648,-59.658092,-3.213473,-5.873144,35.53535,-9.384172,-10.158075,-12.810484,-23.793087,-3.7551436
LM,u,12,IDS,87.72686922305951,121.5949373391112,-404.58597,158.58868,24.628012,17.319407,-44.040016,4.012494,9.408764,-25.94531,-16.744884,-6.482607,10.461766,-22.755783,-2.9175942
LM,a,12,IDS,89.37471070620231,106.5663495781024,-333.82605,187.49103,26.237751,-4.4026895,-12.346616,-0.21810193,-54.53418,-4.475823,1.4859141,10.6082535,-9.585379,-4.643138,0.7544522
LM,a,12,IDS,89.73042364567956,107.93258482910062,-301.19925,169.32254,18.016209,3.7257774,-24.797642,-7.461217,-25.490437,-14.662333,8.675785,17.611809,-38.39749,-9.764696,-12.669773
LM,u,12,IDS,92.09598418969055,39.62082227904773,-409.87006,179.43478,53.62127,38.795456,1.5472523,-8.464683,-10.896664,-7.856489,-19.554304,-3.7349584,-13.537191,-6.7384644,-6.919058
LM,a,12,IDS,103.69210119223771,38.254587028049514,-194.01337,144.47598,-2.3454008,-8.914538,-13.6267185,-1.6597278,-4.4667606,10.869345,-0.5020523,35.650772,11.456007,-19.028963,-23.95034
LM,a,12,IDS,112.914909024816,72.41046830306175,-376.83176,121.513565,25.44539,27.18068,3.3378906,-0.2471174,-27.535961,25.664515,-9.647472,-3.787765,-19.32059,4.834031,-2.7705505
LM,a,12,IDS,113.73966633087264,50.550704287047665,-304.72702,153.23524,0.4172213,0.55696034,-17.159046,-8.591692,-34.153374,35.15668,-1.8146137,0.7955992,-13.632874,-8.097691,-19.755207
LM,a,12,IDS,114.4610484827046,58.74811579303696,-251.7282,149.66705,-60.405357,17.101957,-23.164074,2.337664,3.1975403,6.266383,-24.540154,-10.718725,-26.76359,-5.994034,-16.033619
LM,a,12,IDS,118.35464425180056,38.2545870280353,-247.0614,145.44574,30.892029,29.06469,-2.060478,4.9616313,-29.077513,-10.076132,-9.31325,14.641236,-10.410002,4.651955,-11.393867
LM,i,12,IDS,128.4418071026524,49.18446903604945,-375.3122,174.42113,32.749382,63.8332,-13.085033,-48.583755,-20.179585,-25.25335,-11.033218,-8.825243,16.405123,-4.1910458,-4.666144
LM,a,12,IDS,145.99716867064956,57.381880542067165,-249.13332,139.53012,-27.107847,-9.901873,13.588826,-14.319071,4.8511405,-3.5633407,28.07314,9.255494,-14.79328,12.888086,-8.211006
LM,a,12,IDS,149.6133130727848,49.18446903604945,-300.8083,155.17319,20.616375,-5.605806,-38.856792,-19.586056,-42.126778,19.489769,-8.427408,6.6477346,-14.051521,1.1917821,1.2946243
LM,u,12,IDS,161.7620953444242,61.48058629506181,-440.09985,217.37086,44.264072,16.164625,-17.002113,-10.794653,3.0211692,-15.382697,-23.57932,-12.96525,-1.3118117,-8.410993,-9.743839
LM,u,12,IDS,168.80715375987987,47.818233785051234,-374.71222,188.69962,43.98361,38.043663,-22.618416,-4.7214003,-3.0883708,-3.183907,-16.237865,-21.413477,-22.481579,-0.33512902,-10.652071
LM,u,12,IDS,170.86998758478643,56.01564529106895,-425.561,172.30405,34.00901,21.619154,-13.8336115,16.74052,-7.010689,-21.395977,-28.460812,-13.390131,2.3678281,4.9435487,-21.237228
LM,i,12,IDS,171.65011785241148,151.652112861143,-337.17725,173.29535,27.742073,28.563965,-9.360815,-1.7825334,-10.402065,-21.38895,-39.155834,-3.3346858,-8.141996,-5.879724,-11.629102
LM,a,12,IDS,191.9371778409294,54.64941004004231,-250.51028,142.14114,14.194483,8.779462,-10.840849,4.1634226,-17.716532,-9.520748,4.947618,7.641185,-34.871464,-13.184736,-21.171999
LM,a,12,IDS,193.44957392227008,60.114351044035175,-251.31802,141.97017,15.153278,8.079357,-11.871292,4.0226474,-18.223215,-9.135599,4.609167,8.236907,-34.492893,-13.478324,-21.187012
LM,a,12,IDS,195.73358279525127,43.71952803205659,-328.78882,171.04929,62.841362,11.558132,-10.718171,-20.531397,-16.962746,-12.964864,1.1065536,9.984928,-24.512821,-10.555765,-18.158245
LM,a,12,IDS,199.9537087893368,58.74811579306538,-340.27444,186.6125,-4.651922,-4.604038,-25.148335,-6.326317,-12.545202,-22.69598,16.158367,4.730694,-13.397618,-6.7868614,1.0708259
LM,a,12,IDS,200.36981986351543,103.83387907609176,-266.1659,100.581604,-40.526634,44.297707,-54.654278,-3.8974876,-19.46753,-2.9671366,36.676945,-33.210457,10.82876,-20.765095,-12.447641
LM,i,12,IDS,200.4640900958345,65.57929204808488,-354.65222,146.94653,10.203558,42.84055,-52.73106,-12.118585,-39.251266,-13.95761,-15.259263,-14.356791,17.985703,-19.00121,-10.160849
LM,a,12,IDS,202.9224721359681,60.114351044063596,-281.35223,142.91351,14.014931,20.345678,-38.203323,-24.298525,-6.0862064,-25.265518,-0.42407468,12.306714,-27.240807,-12.259398,-16.405893
LM,i,12,IDS,212.8818788200926,40.987057530031734,-346.61398,124.66313,57.805725,24.04197,3.3495998,-36.750816,7.370019,-31.601791,-19.8625,7.049467,-5.100932,-29.574253,-23.674465
LM,a,12,IDS,215.0042725994876,94.27023231910425,-286.357,148.57413,-34.520157,15.260069,-37.712936,-25.220314,-25.704988,7.671812,15.099931,11.012566,15.803577,-0.13614297,-3.5892043
LV,i,16,IDS,5.100212648168533,51.125938925288494,-308.43994,-7.759882,-28.689236,33.930702,-38.342537,-12.079957,-24.874916,-4.37864,-20.437834,6.2305007,-16.938366,8.148808,-13.163172
LV,a,16,IDS,6.8758363702524505,68.90887420364945,-262.8453,88.40601,-106.589966,-12.318073,-22.06272,16.888695,-10.575054,-28.84805,-22.435757,-5.497808,-32.8997,-7.085084,5.413412
LV,i,16,IDS,8.750350664113288,61.23551587934273,-368.85126,44.67968,4.9677596,55.076305,-30.944214,-16.318275,-33.583527,-4.097371,-45.96939,4.0911593,-14.092857,-17.312315,-14.732339
LV,i,16,IDS,8.858413339194481,63.636908658924796,-368.96033,20.065107,21.691471,32.44668,-21.505455,2.1173837,-30.657906,20.746899,-22.499699,2.8757029,-15.449392,0.7327382,-8.483783
LV,u,16,IDS,11.28839673416691,57.6334267099714,-464.19238,72.38842,-30.722256,16.504663,-21.957119,1.6468844,-2.174934,10.177822,-25.631086,-14.822645,-36.791546,-28.920376,4.169739
LV,i,16,IDS,13.823047326591022,70.841086997671,-426.82602,64.89603,-2.1920953,5.7879457,-50.483334,-16.945896,-12.342501,-1.3556983,-29.797935,3.3953032,-36.031067,-27.561804,-21.461578
LV,a,16,IDS,23.256763762466413,199.03654460100384,-325.4997,69.827545,-70.93361,-4.596676,-30.73106,11.359023,7.8962784,11.867905,-0.15851212,-0.47020423,-23.33804,5.7961574,0.8150201
LV,u,16,IDS,27.27955944629121,38.42228447330953,-354.7104,93.112915,-24.836414,-6.535471,-48.820602,16.805082,-15.076551,-25.339655,-26.649273,-12.196915,-10.757718,-24.101692,-18.722725
LV,a,16,IDS,30.168881654923133,88.85153284453651,-288.93646,105.00726,-58.911076,-19.80194,-20.191698,-28.980274,-37.363297,10.550762,-29.38054,-10.132973,-16.101656,3.323142,-9.320169
LV,u,16,IDS,35.445934829038166,228.60856480578917,-403.63937,117.5188,-25.900963,6.965848,-36.302383,15.472229,-23.92347,-45.086212,-32.951294,-22.846014,-5.941494,-19.595295,-13.282853
LV,a,16,IDS,41.07818752299141,86.45014006495444,-293.05664,97.6042,-59.173244,13.074206,-69.836624,-26.282848,-6.936345,10.158388,-39.74846,-11.682135,-27.698503,-37.252968,-3.5277252
LV,a,16,IDS,41.445000270072576,200.5162970951062,-425.77576,90.97507,-65.88768,0.13188869,-28.18291,14.62542,-5.5141935,1.5245221,-5.958305,12.5653,-27.616924,-21.999348,-10.289195
LV,a,16,IDS,44.044737315071615,169.29819096053222,-366.376,74.59737,-84.846924,2.7943826,-16.672453,8.754385,-16.840885,-6.1157007,-2.6737351,-6.6222997,-26.153862,-0.85274684,1.4549732
LV,a,16,IDS,46.60877410784016,219.72743933175565,-291.50574,120.14677,-90.8445,-0.04265845,-12.495061,-14.06293,-35.27974,11.044528,-16.40308,-8.117537,-17.79878,-17.948755,-0.066615045
LV,i,16,IDS,51.56221881322701,110.46406786077512,-423.81503,48.202934,7.7572904,25.660408,-14.433534,7.2243257,14.413432,12.898171,-35.56074,-5.104804,-23.441193,-16.509367,-22.408564
LV,a,16,IDS,53.3233204302146,111.6647642505626,-336.8672,82.255104,-81.29332,-5.8681555,-38.84398,-8.577434,-9.685896,5.297633,2.041676,0.7037397,-3.9246993,11.926189,10.814122
LV,i,16,IDS,54.517392850809685,93.65431840370064,-383.26343,76.56813,-17.073809,35.887554,-25.750736,-9.668248,-3.8203132,-13.2022705,-37.12365,2.0185854,-27.191729,-16.585331,-21.539051
LV,a,16,IDS,70.12180722797206,130.87590648723335,-345.5994,92.49899,-56.97872,6.1313305,-49.78492,-18.077168,-16.090876,10.336508,13.425039,2.474677,-11.099318,-16.232262,-8.935873
LV,i,16,IDS,84.33220172180609,49.22855198144305,-331.98438,30.294596,-5.7365885,35.665737,-21.585333,-24.507729,-1.7648559,-18.322437,-44.257355,-30.006153,-32.142227,-23.688257,-17.73925
LV,i,16,IDS,84.78546460895221,201.7169934848937,-296.10535,8.764717,-13.530279,30.685799,-46.120667,-5.7262335,-14.303077,-19.917074,-27.913261,-18.23447,-27.402725,-1.4627393,-30.439684
LV,i,16,IDS,87.28293519665172,70.84108699767455,-374.71893,7.6306486,-1.341126,34.033436,-16.238514,-38.710808,-11.098621,-21.05114,-37.168617,-0.41189224,-36.266365,-22.610619,-31.973154
LV,i,16,IDS,87.68878129855452,327.06566876865395,-231.4019,59.97079,-1.5641947,0.7238301,-94.99431,-3.4707978,-27.196375,-14.361092,-4.3230734,-15.4694805,-22.442564,-23.065462,-14.242396
LV,i,16,IDS,90.92740285084572,63.636908658935454,-387.23352,13.576196,4.3913746,39.507668,-43.121086,-7.451743,6.840311,-27.824526,-46.15473,2.0719018,-32.047607,-16.165401,-2.731055
LV,i,16,IDS,113.5474485659622,96.05571118328271,-371.11453,45.793972,-29.256084,68.1653,-37.47515,-3.5413733,-29.935604,9.31574,-19.166227,-10.576666,-4.3527584,-37.411736,0.4811517
LV,u,16,IDS,113.65250950006892,63.63690865892124,-359.99158,79.986984,-39.502796,59.804928,-22.922075,-5.5505924,-26.29289,-8.533627,-19.743599,-21.126919,-0.25847524,-29.921076,3.0582054
LV,i,16,IDS,142.53730591998004,57.633426709969626,-392.18646,47.094563,-20.856565,29.551085,-27.361626,-25.738457,-23.91655,1.9599857,-40.85138,-12.447981,-21.83671,-11.665049,-21.950382
LV,u,16,IDS,166.59345761447776,33.61949891416316,-316.14575,99.08096,-21.596598,18.931646,-37.77266,-4.4663405,-12.91921,-39.60607,-16.158348,-5.146082,-31.993832,-10.609354,-17.869345
LV,a,16,IDS,181.93787963989053,67.23899782832632,-266.4835,42.900486,-105.66269,6.4063416,-50.250343,-2.4399889,-31.652475,-7.0894127,5.430538,-47.67616,-6.5916224,-26.41367,1.7149551
LV,a,16,IDS,182.5380520844517,52.83064115079128,-297.37668,42.28327,-62.15527,-10.209426,-33.72842,-32.6512,-55.946663,-5.186672,-20.38184,-3.1456053,-37.99514,11.042652,-5.3266544
LV,u,16,IDS,199.87194616628503,57.633426709941205,-432.18613,97.54782,-15.365673,20.09559,-25.207245,-2.4573789,3.5432703,-3.4764328,0.5855198,-11.036023,-19.572908,-4.9936857,10.683506
LV,i,16,IDS,210.5428306342613,106.86197869139846,-375.21786,18.087322,15.852598,8.77418,-23.648804,-12.751862,-28.26052,-1.0455374,-39.394096,-7.5241632,-36.89792,-19.34958,-25.67231
LV,u,16,IDS,227.4290407130368,37.22158808349718,-372.41006,103.140656,-66.99592,7.8216,-49.323563,-16.134632,-20.393671,-20.453484,-18.70986,-8.800978,-25.020164,-13.828307,-17.56871
LV,i,16,IDS,238.89554215053232,46.82715920179703,-292.04654,22.12051,-11.633621,54.35913,-39.788296,-22.593195,-22.537579,-2.462638,-46.48814,-12.453259,-12.205023,-10.028793,-3.8713217
LV,a,16,IDS,248.2406814012176,37.221588083582446,-301.09076,79.65822,-109.85263,8.168101,-55.51378,-11.165832,-2.053826,-29.213104,16.905058,24.273483,12.240225,-12.25302,-8.0512705
LV,i,16,IDS,251.2212048825886,81.64735450580451,-345.99786,-13.208281,-4.4380183,54.86553,-62.512596,-6.019594,-20.126072,-12.077224,-41.414673,-3.3880568,-20.299053,-17.338417,-8.979749
LV,a,16,IDS,254.77097248064376,90.05222923431688,-368.77002,60.03922,-38.757675,27.527317,-23.177576,-10.019251,-38.080513,-22.037786,-14.719725,-13.458403,-28.415508,-9.418602,-34.735832
LV,i,16,IDS,262.0133181025748,78.04526533641365,-385.75433,49.15279,-37.683983,42.1304,-45.9116,-12.766882,-9.0123005,-3.2816546,-38.0169,3.6588907,-22.995403,-23.99407,-13.72855
LV,a,16,IDS,267.2712533706969,68.4396942181138,-282.24606,63.536263,-101.32705,13.358504,-39.317482,13.974712,-18.008554,1.7288194,14.4014,-13.432803,-8.4524975,-15.867071,12.937382
LV,i,16,IDS,273.4398450585384,109.26337147100185,-389.9445,49.907383,-6.9352736,40.83235,-45.371723,-12.826553,-30.9443,4.126995,-37.37549,2.801836,-13.287853,-9.381264,-9.134239
LV,a,16,IDS,273.7940504935267,61.23551587933207,-327.0203,24.772583,-73.22511,31.40289,-41.896538,11.3995,-28.91735,2.767891,5.4159794,-24.185524,-9.465872,-22.544037,-14.467163
LV,a,16,IDS,280.30569991770574,79.24596172620113,-355.6481,94.463776,-35.60041,-9.17857,-21.29219,-0.91693664,-13.042313,20.191734,1.9299431,16.254158,-17.431023,0.8728407,-11.399501
LV,a,16,IDS,290.8674451116606,72.04178338747624,-352.68118,40.30908,-46.44625,33.669914,-33.78221,-4.7774687,-28.242855,16.321602,-12.027883,3.683571,-17.277145,14.069094,7.154113
LV,a,16,IDS,298.75852965952845,73.24247977726372,-360.84485,89.657845,-80.97746,36.37755,-39.25138,-12.068544,-38.67231,-10.367832,-16.199553,-8.4803295,-7.011793,-8.330282,18.350124
LV,u,16,IDS,299.3953132744523,61.23551587933207,-371.41107,72.67973,-36.958405,-13.581493,-40.991272,-3.7671828,-24.407911,-24.401157,-23.750572,-25.240139,-25.5476,-15.986095,-1.618644
LV,u,16,IDS,302.0216930432459,52.83064115076286,-383.7803,83.72244,-33.41747,-2.08869,-15.344637,3.0514026,-25.466955,-11.671698,-6.2784896,-6.914148,-9.248917,-23.21155,6.6245546
LV,a,16,IDS,304.34832331245235,79.24596172614429,-308.54593,84.0517,-63.033195,-2.3683674,-47.652245,-30.013226,-37.18549,-11.741039,-2.7481785,-12.244617,-18.1586,3.9930854,-5.9264584
LV,a,16,IDS,308.6150931277007,63.63690865890703,-366.8213,114.78528,-84.29332,-47.51363,-25.72704,6.5032177,-22.755688,-7.067289,-26.448929,-9.359725,-24.808052,-12.024933,0.10245597
LV,a,16,IDS,315.7277742616876,82.84805089556357,-377.7394,104.081024,-86.019394,14.53948,-27.1487,2.5467,-14.636927,-6.1033335,-9.297043,-27.060932,-17.822567,-18.370811,4.3453674
LV,a,16,IDS,317.7135717843743,90.05222923428846,-428.383,58.82992,4.965267,27.542759,-31.499586,3.409762,-24.555328,-3.2835598,-27.68111,-0.43244624,-10.415173,-0.4757998,-14.499669
LV,u,16,IDS,318.7259560356094,123.67172814845162,-397.2015,117.297615,-57.45633,-24.518341,-56.296337,4.8843756,0.552878,-17.956165,-15.493831,15.060242,16.57624,-3.723891,-20.737442
LV,a,16,IDS,320.7304267273762,94.85501479349523,-446.4589,94.971695,-44.008785,4.7652626,-1.6612053,6.1410236,-12.55617,2.0648704,-18.23647,-15.52071,-16.603565,7.838729,9.331554
LV,u,16,IDS,326.1520913718964,70.84108699763192,-347.50406,47.374557,-50.60593,15.395608,-9.140181,-26.348679,-46.727493,-32.31959,-21.925663,10.315229,-17.709621,1.4720106,16.148617
MA,u,23,IDS,8.487798633108362,38.47111364225597,-394.8855,91.296326,3.8589923,27.91718,-13.765512,14.3330555,-22.014965,-21.60594,-36.917107,-22.81028,-40.56395,-1.2843856,-13.029756
MA,i,23,IDS,11.466055026773686,69.81794698039323,-376.52322,41.48637,4.418457,62.992325,-32.615265,-10.392256,1.2334765,-15.046225,-25.306501,0.637055,-20.72065,-6.195797,-3.2858002
MA,a,23,IDS,23.068629244797563,77.04530032141932,-380.23407,24.712996,-1.9907806,3.9187694,-41.29783,-11.560579,-43.409546,4.9302955,-20.414965,8.393866,-23.898823,2.3615506,5.9886017
MA,a,23,IDS,23.601910920027382,40.78868840545624,-391.29816,89.05023,-39.877506,-2.7474613,-39.866962,29.686514,-7.570117,17.619726,-12.814237,-14.791981,-16.455263,-22.19078,-8.185605
MA,i,23,IDS,26.596700851768635,77.04530032142287,-452.0573,114.341774,-7.2411757,34.701042,-34.750454,-28.490145,3.141905,-20.783596,-46.08603,-5.380624,1.9614913,-14.4972,-23.948814
MA,a,23,IDS,32.22471094698379,54.38491787394639,-330.656,100.758354,-58.652115,31.16048,-46.44209,-20.12112,-30.474659,-6.580744,-1.4431651,-9.947478,-23.891056,-1.3462517,-5.51079
MA,a,23,IDS,33.82137293010001,115.56795048213075,-288.10626,82.97164,-84.20192,4.2956595,-20.765598,28.959187,-22.449492,-30.720394,-15.176504,3.3204465,-17.621326,-5.355914,-21.888622
MA,a,23,IDS,34.482227263993835,50.98586050682741,-361.72214,112.57767,-35.271202,43.030693,-26.147863,-17.885204,-26.26999,1.5034075,9.024811,-5.821951,-21.913418,-10.441541,3.5667713
MA,a,23,IDS,37.61798108152247,99.70568276890646,-427.20627,128.26083,-70.85474,-9.103394,-14.281651,1.4550093,-25.309162,11.110456,-9.455715,0.8115266,-14.30106,-24.186562,-12.906132
MA,i,23,IDS,37.94768964613327,86.1094533004163,-424.35706,100.0952,0.7559136,55.74813,-37.646877,-17.195717,-8.272213,-40.417686,-21.627474,5.616829,-14.96396,1.3405966,-15.824145
MA,i,23,IDS,38.28810457074039,41.92170752783397,-394.8525,90.674255,-17.36874,73.58492,-28.156536,-10.7573395,18.04274,-39.40609,-13.838169,-28.203224,-0.18439034,-27.314194,-10.374657
MA,i,23,IDS,43.98901805783669,49.852841384449675,-407.9819,79.06506,17.645157,63.878975,-30.237242,0.1729642,-6.329258,-23.002232,-42.60379,-8.096341,-9.554007,-0.9177897,3.995197
MA,i,23,IDS,48.72605410572706,47.58680313970132,-321.91037,81.18735,-26.06108,79.50281,-30.225254,-29.951122,-10.70825,-10.2735,-21.409042,-26.226501,-12.530232,-9.8416195,-10.420593
MA,u,23,IDS,50.79831078378017,43.054726650211705,-378.40048,108.48878,2.8459027,7.6418357,-30.32272,-18.969913,-21.70998,-20.718622,-26.955738,1.4984628,-27.487587,-31.075706,-34.308346
MA,a,23,IDS,51.73604280067218,55.51793699631702,-392.42224,97.88785,-36.019253,38.7331,-16.28377,-27.667631,-32.410645,-3.5721126,-22.232964,-4.0373845,-16.982098,-15.821688,-21.236692
MA,a,23,IDS,58.99083688069465,56.650956118687645,-323.6114,120.71651,-51.02397,-8.63969,-41.11956,-5.5553946,-34.257027,-13.192175,-8.571943,3.0144792,-33.501198,-14.11511,-6.3416605
MA,a,23,IDS,62.12076909774041,52.118879629198034,-361.64584,106.87134,-57.890522,48.083183,-27.96331,-13.107439,-19.694359,-1.9273036,-19.157192,-12.812964,-16.953518,-13.128477,-22.123047
MA,u,23,IDS,63.62712020919306,54.38491787394639,-429.82977,135.96198,-12.362654,29.390385,-24.706676,-6.856798,1.3283327,-29.170027,-42.876328,-10.081154,-24.884424,-25.979706,-23.471066
MA,a,23,IDS,68.66456282938356,50.9858605068132,-387.38428,65.15856,-47.49273,30.171047,-23.366995,4.9632397,-13.098608,14.316761,-18.67814,-9.027164,-23.523996,-1.3249729,-1.7995698
MA,i,23,IDS,73.91924312377652,43.054726650211705,-367.6978,62.954945,-33.75818,59.893414,-46.67037,-30.889088,-12.25532,-14.10759,-42.082634,-16.960106,-15.192073,-41.919083,-14.631561
MA,u,23,IDS,74.03821013162579,38.52265016071499,-389.9112,84.53694,-19.79337,-0.66746116,-30.14318,-9.502143,-2.1032503,0.103100896,-37.816048,-9.698046,-6.9296494,-10.451485,-28.06203
MA,a,23,IDS,75.11628883901331,71.38020470955553,-293.9725,98.24588,-87.84146,24.758635,-32.859108,-4.150595,-26.682789,-23.156464,-14.456322,-10.602415,-28.562824,-8.443375,-3.6496396
MA,i,23,IDS,75.55826547994391,56.650956118701856,-354.47015,67.88762,-62.685566,33.981842,-35.23668,-10.12528,-2.4457474,5.5168424,-39.779465,-4.8803344,-9.95446,-13.522097,-13.941304
MA,a,23,IDS,78.2111768098293,87.24247242278693,-312.90952,83.846176,-52.647476,14.799832,-48.760254,-10.257518,-39.16098,19.90644,-13.681856,-11.87833,-32.966835,-20.775406,-8.361294
MA,a,23,IDS,78.80341515270449,87.24247242278693,-328.05905,41.726303,-8.24257,-2.6983302,-41.162704,-16.57021,-25.702324,27.342812,-25.756424,4.4595313,-22.700518,0.40455088,-18.908678
MA,i,23,IDS,84.53124776227772,74.77926207667451,-441.65802,80.15419,-8.493648,39.0672,-28.542744,-25.074186,-26.01803,-15.472828,-33.868225,-16.534157,-22.103203,-20.799706,-18.994202
MA,a,23,IDS,88.55736062009589,71.38020470955553,-401.80817,56.124817,-48.977577,42.480347,-23.742138,11.930649,-5.2904735,10.489744,-22.625774,-23.590603,-17.238832,-0.7938527,-10.628298
MA,a,23,IDS,91.4317286909313,54.38491787394639,-335.87054,94.13447,-72.14956,4.9712543,-41.891586,-19.983894,-6.6847353,21.949629,-15.200106,13.972242,-12.2657585,0.865224,-14.742963
MA,a,23,IDS,97.29386373978774,31.724535426462808,-385.66864,59.87435,-21.614445,23.301888,-19.591682,-0.015023291,-27.640255,6.793703,-23.293829,9.675394,-22.585938,-11.933897,1.7277737
MA,i,23,IDS,111.37923323345184,66.84812822005881,-417.76666,60.10423,7.346197,49.6707,-29.070343,-6.3838267,-14.631512,-8.619461,-45.770058,2.5588703,-11.675408,-16.173876,-3.598586
MA,u,23,IDS,113.69466136974086,48.719822262086154,-442.88452,113.54366,-9.598085,-24.62046,-36.234024,-2.105907,-23.002522,-14.932533,-23.593048,-9.83459,-13.605139,-9.58955,-12.421503
MA,i,23,IDS,117.4100029658378,56.650956118673435,-434.63028,44.43827,-12.962559,52.29075,-29.148258,7.067732,-10.252161,-4.099918,-28.480984,0.033206582,1.605532,-14.828693,-10.187364
MA,a,23,IDS,122.00133804910632,94.04058715703911,-368.29358,99.17767,-66.815445,-8.014437,-43.290993,-14.4780655,-21.82558,7.322359,-21.61964,7.532973,-23.112183,-0.9727222,-4.781028
MA,a,23,IDS,124.12564527267364,89.5085106675424,-431.39236,85.10039,-79.427475,-8.763619,-23.574732,11.313542,-10.710133,23.717989,-8.584911,-7.124696,-26.980415,-9.700092,2.06132
ME,i,12,IDS,39.30556853317779,143.47431086980578,-293.22772,143.35028,12.126061,75.32547,-31.417131,-23.65355,-6.971282,-12.623867,-32.290764,-3.9004495,-14.593065,-22.878452,-12.719159
ME,i,12,IDS,46.14209836115063,109.16523653137489,-317.82867,99.81293,40.93809,68.05257,-49.163696,13.750908,-42.42502,-8.402078,-14.83828,-20.32641,-9.354582,-33.417313,-14.3045435
ME,a,12,IDS,62.330561323169576,85.25285138640726,-277.89548,177.54378,-34.8189,42.757225,-52.376526,-23.56908,-12.345894,-4.7734222,10.439381,-13.728346,-0.19424763,11.983792,-16.352013
ME,u,12,IDS,67.60796993068283,55.102452725364515,-348.4678,141.50381,-19.616188,24.009706,-68.21345,-23.043444,-8.257038,6.7586465,-22.506382,-19.867834,-24.278118,-29.440626,-8.434686
ME,a,12,IDS,73.4984388641931,71.73715543490289,-341.15497,207.25851,7.999648,50.833176,-23.352417,-27.333963,-4.4013515,0.47398117,14.7954,-11.834396,-18.94843,3.1372242,-21.133732
ME,u,12,IDS,74.52434835889531,77.97516895098511,-377.44846,217.69223,17.56875,-37.842957,-65.42291,-15.222484,-15.571896,-11.892309,-18.035915,-10.952582,-32.050545,-5.801482,5.7458844
ME,u,12,IDS,82.12034619628145,164.2676892567465,-302.50635,205.28836,-26.164957,11.961064,-28.928097,-36.049004,4.7054367,-18.111015,-38.514187,-0.19730225,-7.627671,3.6190844,-14.741844
ME,u,12,IDS,83.34469674724576,400.2725339483817,-423.686,144.46051,-12.556229,-15.725018,-0.70497626,7.5421925,3.9741719,5.706541,-21.97726,-15.836133,-26.379332,-9.851022,-6.619697
ME,u,12,IDS,87.45139563833143,133.0776216763354,-332.90637,202.24887,30.5566,-2.2370348,-16.89252,8.644725,-11.332161,1.1233863,-15.982302,-9.385042,-19.948357,-14.74959,-14.5323925
ME,u,12,IDS,89.72147959268244,152.8313311439291,-302.36346,176.75848,46.23689,16.109787,-24.133806,-10.467326,-11.612946,0.5482544,-27.769814,-17.019386,-27.70419,-6.9295683,-8.323939
ME,a,12,IDS,99.78333306916645,61.34046624143252,-229.56607,136.94081,-7.0662527,30.73183,6.705511,9.049883,-8.763899,-8.289049,6.493622,7.9964304,-15.781153,6.2984166,-11.03541
ME,a,12,IDS,100.92879435342432,72.77682435423571,-236.53375,103.337845,-41.57051,4.5533786,-9.849651,0.8670144,-17.95018,5.145796,0.57297397,8.983471,-30.662016,9.074937,-2.4823458
ME,u,12,IDS,105.5302223929816,71.73715543490289,-295.13766,129.26515,-16.783571,22.484657,-3.3260903,-23.01995,-32.165936,0.769916,-2.2411602,-1.0384247,-21.249016,-4.242127,-11.374292
ME,i,12,IDS,130.7885616976294,70.69748651554164,-246.78172,109.45126,-20.737862,75.62875,-58.809765,-16.955944,-16.839579,-12.214933,-33.855255,-0.38530943,-19.453014,-28.743359,1.7523352
ME,a,12,IDS,135.95511999406855,51.983445967323405,-236.40205,54.327026,60.982155,30.358715,0.20031855,-10.69565,5.115699,10.335865,-1.3372744,5.891963,-14.90705,-2.1552203,-19.890015
ME,a,12,IDS,151.07752063682693,56.14212164468313,-254.14851,188.35666,-7.383731,1.8854158,-3.3195937,3.682263,-20.89724,-9.748079,1.3867109,13.940106,-5.615538,-8.596396,-6.576135
ME,u,12,IDS,152.0476545872068,38.46775001582614,-327.4939,175.81036,25.515856,-4.0289226,-21.69973,7.365136,8.485928,-0.013400435,-5.6285553,-3.6062007,-14.550081,7.771469,-17.166151
ME,i,12,IDS,154.18865892478655,51.983445967323405,-328.361,139.49982,17.435751,64.229614,-23.201334,-3.1488667,-17.658743,-7.673261,-16.216732,5.486672,-21.450281,-4.460834,5.60981
ME,a,12,IDS,167.63614083374185,80.05450678967918,-265.86157,175.99219,-13.18292,41.198574,-16.921238,-2.4960232,-14.333711,0.8502816,0.411093,-7.619517,-14.573669,2.8094027,-3.2868729
ME,a,12,IDS,168.65813265892524,31.190067580382674,-231.57487,63.62479,-46.27488,38.22589,-24.402332,1.8057903,-13.174744,-13.693826,-9.877825,-24.684898,-9.182484,-8.892516,-20.839832
ME,i,12,IDS,197.2735270505665,62.38013516079377,-299.48367,119.44423,44.303154,60.473198,-27.909145,11.0057745,-31.063686,-18.888613,-44.974907,-4.549475,-17.631699,-17.964235,-3.627793
ME,a,12,IDS,206.9905419235413,67.57847975751474,-308.1601,123.055954,-6.5202503,-17.86869,-35.202187,16.876076,-3.1200566,10.649115,16.218084,44.237106,-2.4232547,-0.6258558,-11.016638
ME,a,12,IDS,230.3089272553395,51.983445967323405,-230.52272,134.547,-61.699623,35.08259,3.6879613,-0.8605249,-19.456793,6.0889034,-2.971118,1.1186209,-21.9321,-4.268541,-16.352089
ME,a,12,IDS,235.36563981001527,82.1338446284301,-286.2464,138.69083,-32.92221,31.863264,-14.01989,-4.2600765,-36.32247,11.069069,-8.788765,-16.603756,-31.131435,10.39493,-4.708083
ME,u,12,IDS,277.5107127408248,41.58675677388146,-384.0455,168.59332,-34.032417,15.290667,-3.5809836,-9.429164,-28.445246,-8.198339,-23.91171,-9.184419,-36.543633,-13.222309,-2.9599693
ME,a,12,IDS,296.3034578428193,50.94377704796216,-291.24265,163.72911,27.769852,39.575024,11.23036,-2.8038116,-35.069466,17.608181,-6.9622083,10.608867,-20.63173,10.546699,5.184488
ME,a,12,IDS,296.5129511300677,41.58675677382462,-341.5526,193.72617,-11.899382,29.832716,4.654118,-23.065266,-35.61579,-10.1406555,0.41893303,11.427803,-17.476578,-33.282047,-11.086466
ME,i,12,IDS,296.7094485558241,72.77682435420729,-272.1675,137.58594,8.623616,51.962288,-35.865906,-24.895405,-11.676281,30.717072,-26.55698,7.6205397,-17.742264,-6.1877832,-10.033224
ME,a,12,IDS,307.1707657673273,70.69748651554164,-309.83487,158.46933,-6.1820745,50.257217,1.3417186,-27.553822,-11.284418,21.174644,-6.951387,-16.065645,-21.818043,-11.863262,-12.719661
MPS,i,14,IDS,15.242176486452358,93.97827766431455,-314.2197,72.37743,-2.3548806,38.013626,-36.67253,-19.01916,-25.424774,13.517422,-19.144054,-15.089214,-28.091808,-7.996904,-18.609062
MPS,a,14,IDS,21.148158765240048,58.41892935889703,-342.33054,63.855034,-3.6305656,6.0655956,-32.39188,15.065998,-44.918377,2.093527,-23.236328,5.2734833,-24.256165,-10.301149,-13.549885
MPS,a,14,IDS,41.435903213159264,52.06904573292803,-339.6164,147.9953,-38.87475,10.510007,-1.2688078,4.5024877,-22.948761,-6.9761286,-19.925861,2.6696122,-31.354998,-21.707367,-16.006329
MPS,i,14,IDS,41.96329386232776,125.72769579416132,-386.06375,95.37549,-23.574615,46.25947,-47.03698,-29.67952,-24.867489,5.105304,-22.281055,3.175744,-7.1379023,-10.180539,-13.427967
MPS,a,14,IDS,44.72871164160631,63.49883625968289,-328.05084,142.19159,-39.504288,-5.136417,-31.683044,0.2763033,-16.521746,7.240422,-10.893139,-1.0882497,-24.756405,-11.806175,-13.954809
MPS,i,14,IDS,53.95001162168131,46.98913883215283,-334.026,74.63285,4.618872,59.825233,-18.94662,-19.669613,-24.92264,-2.9072702,-22.004618,-8.423544,-8.287317,1.700861,-18.92229
MPS,a,14,IDS,85.5241801800742,71.11869661082437,-272.87277,106.63997,-42.43158,26.500612,-51.976814,-14.982894,-43.101734,18.397932,-16.063236,1.7307868,-34.038956,-6.396223,6.8278008
MPS,a,14,IDS,87.84552218774844,67.30876643524653,-287.47046,100.1772,-33.02662,-15.87667,-39.485504,20.63446,-19.459373,-4.848753,-7.6423073,3.1084385,-10.760146,-20.600674,-37.984787
MPS,i,14,IDS,89.12125741431149,64.76881298486603,-313.4805,41.695934,-10.2936535,30.759132,-47.161163,-1.9544593,-40.26927,-3.801907,-7.295112,-6.8366685,-15.374251,7.8752756,-6.7984657
MPS,i,14,IDS,92.58226111980404,69.84871988564123,-283.3447,75.528564,-8.730484,48.860104,-44.22505,-15.187467,-42.862656,-22.611355,-33.46897,-20.597382,-17.203293,-2.0401692,2.365997
MPS,a,14,IDS,104.1449489200496,48.25911555734308,-331.61987,63.809994,-27.049866,19.273985,-33.44275,-6.2200747,-63.362656,-28.49123,0.65250844,17.051456,-15.045044,-4.184426,-1.9658433
MPS,i,14,IDS,111.3966575583289,45.719162106962585,-320.5066,61.300903,15.097721,52.766037,-23.929083,-10.184186,-36.93206,6.5826225,-37.729057,-17.084774,-20.308353,-4.3464847,-10.657284
MPS,a,14,IDS,125.85862529127571,52.06904573292093,-245.33488,92.41268,-52.830845,35.434296,-51.291756,-19.787199,-41.946697,-9.382303,7.69674,5.1260996,-14.364945,-14.309942,-13.770821
MPS,i,14,IDS,129.76752556359068,135.88750959573304,-305.70056,115.79634,-7.954262,55.728485,-61.095917,-44.188118,-38.112114,-19.598173,-30.656841,-34.574814,-21.298986,-3.729124,-1.2034442
MPS,a,14,IDS,148.854737080905,121.91776561857637,-375.4585,112.12679,-111.61987,20.293056,-69.86664,37.616096,-16.441475,-25.257133,0.5308259,-18.997782,4.45677,-18.035728,3.667684
MPS,a,14,IDS,149.0744430543635,109.21799836665969,-275.9482,117.054016,-46.68616,-10.977882,-29.960722,20.224634,-11.614658,-9.714483,11.797127,13.342095,-31.470257,-23.105335,-28.511417
MPS,a,14,IDS,162.03367815913035,81.27851041237477,-329.54123,113.19281,-12.142864,31.846115,-27.336027,3.1717296,-25.84077,14.600128,-10.690175,-1.2967114,-21.512114,-7.362016,6.885495
MPS,a,14,IDS,166.59412024351218,99.05818456510929,-284.2358,101.53558,-13.347755,-7.8679066,-21.074255,16.378265,-48.062584,-18.982279,-37.28194,26.745255,-35.326466,-0.491606,-6.939207
MPS,i,14,IDS,166.86907020451656,64.76881298488024,-328.03012,81.33465,19.08675,49.097336,-42.356956,4.158736,-8.8616705,-4.083292,-36.692284,0.4346075,-23.720907,7.5180883,-15.129915
MPS,i,14,IDS,173.39794318001194,35.559348305412186,-360.1543,92.54204,11.271427,41.160957,-32.472733,-0.7546127,-24.511139,-2.2012398,-19.431908,0.86132807,-21.139929,-10.405143,-7.691382
MPS,i,14,IDS,181.6467037927175,107.9480216414197,-357.31113,49.495186,-13.8793125,41.464348,-50.17644,-11.695083,-36.23936,-17.349087,-53.169594,-0.06528252,-23.506392,-8.12983,8.78772
MPS,i,14,IDS,182.262872275628,43.17920865645419,-360.10278,85.17377,-5.337475,36.35206,-20.034225,-26.564999,-20.437265,7.521629,-33.0056,-7.0028696,-24.871086,-20.585392,-12.062384
MPS,a,14,IDS,188.15470965633224,107.94802164144812,-310.62375,82.8548,9.433101,26.523087,-22.637804,-14.072252,-25.35741,5.646867,-9.2509365,11.268135,-22.067186,-4.108511,-16.217087
MPS,a,14,IDS,189.4092494847592,106.67804491626498,-373.5087,84.27489,-2.3758655,30.980537,-25.549511,-11.324125,-32.093346,9.025536,-14.538906,14.406089,-5.973174,-7.997754,-3.1924005
MPS,i,14,IDS,193.968093160224,85.08844058800946,-323.28305,86.93889,-11.201794,63.98017,-17.158499,-35.023605,-26.271942,23.294401,-34.09559,-6.4370046,-31.566929,6.701292,-16.162647
MPS,i,14,IDS,210.7620663009457,95.24825438958828,-366.22614,72.08696,9.680284,71.4635,-40.80678,15.803543,10.874201,-12.526554,-35.1362,-19.83918,-24.194378,-11.236107,-7.9504447
MPS,a,14,IDS,218.3747876264146,152.39720702319914,-231.35658,107.34374,-91.67824,9.724005,-38.39099,38.926674,-41.334442,8.29562,-15.001482,-13.582264,-31.282003,-11.640402,13.189894
MPS,i,14,IDS,243.2667554687357,68.57874316045809,-284.58868,48.72345,17.572721,41.565056,-47.10424,-7.9219584,-13.414644,-9.586661,-29.486242,-0.6367942,-28.784727,-10.114164,-11.878826
MPS,a,14,IDS,269.7797280637451,48.25911555735729,-210.51985,109.98657,-59.579727,-2.5914588,-66.91608,5.981634,-41.139153,-3.0295289,-12.424804,12.18165,-9.105859,-8.982227,-5.747745
MPS,a,14,IDS,285.1361534714847,69.84871988566965,-306.72385,91.60068,-47.671967,41.483997,-65.10869,-2.8935297,-25.078903,4.7163935,3.6182973,-26.232681,-12.614321,11.9135,-13.229332
MPS,u,14,IDS,288.11868250775024,57.14895263378139,-252.13641,119.67313,-57.200584,-2.5638764,-32.993847,-22.52462,9.612904,-21.17639,18.80389,9.521244,-6.2268004,18.925243,-32.092545
MS,u,23,IDS,31.08950360691805,89.27419073487997,-459.1917,94.331566,-53.673447,22.895184,-39.06095,8.357234,-45.743484,-4.759783,-17.33252,-1.2103637,-15.327044,-4.274153,4.0708346
MS,i,23,IDS,39.94596709075218,72.15311305970573,-450.33987,52.85158,-13.070017,53.057793,-53.412617,-19.103569,-3.7387486,-3.4558496,-20.968218,16.585503,-7.023101,10.310588,6.573904
MS,a,23,IDS,57.08403178579995,96.61179545281584,-397.05798,103.95677,-77.63591,-18.56295,-34.176968,22.951523,0.09015024,1.5891433,-12.401177,13.988218,-38.791473,-7.103196,-19.975399
MS,a,23,IDS,60.60179577852367,94.1659272135098,-332.49884,78.46829,-73.019356,6.0106897,-63.135693,9.652984,-18.986383,2.6353302,-25.492191,26.06172,-17.727266,-11.397212,-24.944342
MS,a,23,IDS,64.66905656543284,75.82191541867189,-451.04028,90.60832,-53.763756,12.026463,-24.951328,-0.81122184,-5.185866,9.380929,9.992119,24.117323,-15.293731,5.5279756,-16.024168
MS,u,23,IDS,67.17694209107069,123.5163460852533,-549.5547,72.289154,-13.540183,-1.9406855,-29.01324,13.412243,-16.108253,-3.8667798,-37.769966,9.651077,6.915407,-7.2925124,-3.6261754
MS,u,23,IDS,67.4900132257026,145.52916023905027,-471.0656,93.80408,-36.478962,-2.1722167,-35.564545,13.184801,-35.297203,-27.227095,-38.66153,-14.5733595,14.721175,-8.686844,-23.388905
MS,a,23,IDS,80.59923351231029,121.07047784594727,-479.2911,100.63567,-62.766407,-12.459054,-27.777405,13.260471,-26.88866,-11.558678,-3.933691,1.712421,-25.449312,6.7339325,-18.669714
MS,u,23,IDS,93.74845286859777,78.26778365797793,-459.56848,84.6656,-1.0488105,9.501267,-32.62418,-0.7296867,-5.027353,-14.341464,-17.290678,12.65046,-11.024999,-0.64226806,-11.383182
MS,i,23,IDS,97.27423976534476,67.26137658108655,-489.45535,64.97183,-9.533535,68.15546,-62.705235,0.3966664,-12.334924,-11.308926,-19.64077,-16.603596,-23.595383,-21.224018,-2.6640131
MS,u,23,IDS,99.50540523276712,53.809101264860715,-506.64993,116.265274,-14.7352085,6.137739,-34.307972,13.537313,-15.813772,-6.1338134,-39.95195,-11.005848,-7.3299837,-1.6575848,2.7036767
MS,i,23,IDS,104.9817586445843,143.08329199973002,-484.8749,71.804855,-23.456642,43.292667,-51.433956,-29.000195,-37.399143,12.766729,-2.1217613,-1.8666914,-11.208132,-2.987974,3.3768084
MS,i,23,IDS,117.52343345419386,83.15952013661843,-484.17007,24.806286,33.168003,25.519161,-34.204414,25.503428,-1.0593529,14.902065,-24.804346,4.4666743,-27.534649,-24.927452,-9.398632
MS,a,23,IDS,121.26043960150923,66.03844246140511,-421.04468,36.327065,-57.494133,3.5275264,-19.7789,17.150259,-8.695608,22.260765,27.532635,-0.14634979,-38.935593,26.038057,-9.251534
MS,a,23,IDS,124.43544509355608,73.37604717935164,-420.95123,106.23779,-72.31055,11.13164,-1.0157889,0.97314656,-27.361965,19.290604,6.2059293,-2.70725,-10.478174,11.589799,-6.1164527
MS,a,23,IDS,124.7491276952478,62.369640102446056,-403.39597,110.646416,-74.21272,26.549828,-3.3883348,11.408171,-5.2267785,26.40512,-13.289735,0.52146614,-20.291702,6.614704,-20.609985
MS,u,23,IDS,134.98990698269677,37.91095770932884,-454.61432,77.10268,-26.378063,-20.598671,-27.521734,-2.7219992,-30.796608,-7.11382,-37.608738,7.797103,-17.584328,-15.496658,-3.3730679
MS,a,23,IDS,135.5261635941659,53.809101264846504,-396.30728,69.741135,-88.69266,4.9005885,-22.183811,2.539207,-22.382101,1.1165029,12.223747,33.596375,-14.860779,0.3196153,-4.577053
MS,i,23,IDS,136.33859122407728,96.61179545281584,-499.24707,80.64094,7.70829,77.1154,-36.05288,1.3365562,-12.227474,-11.996492,-39.139282,-4.389724,-18.60685,3.8878593,4.603552
MS,a,23,IDS,142.42617879402692,143.08329199974423,-448.999,127.10498,-78.892365,-3.600161,-23.794224,-0.54291314,-14.801121,-0.91831696,3.3357103,31.518023,-15.877614,5.292303,-0.41942906
MS,a,23,IDS,142.903100290775,118.62460960662702,-445.1845,127.75834,-80.311905,-12.818777,-34.735073,5.2176714,-2.8070388,3.6293597,-13.197308,24.990408,-21.615696,3.3873658,-8.377682
MS,a,23,IDS,144.4393988732228,112.5099390083335,-405.1918,70.615845,-105.98345,31.125118,-29.911903,-0.8029137,-13.30951,32.4104,1.4458573,-14.488436,-12.697808,-4.11435,-15.651897
MS,i,23,IDS,156.76101937353977,55.03203538449952,-530.8186,54.138256,-24.45103,58.960014,-28.101913,8.380738,-7.835807,3.7640078,-33.233147,-3.184697,-20.153378,-14.8841305,-5.2011724
MS,a,23,IDS,159.87923226126816,75.82191541865768,-501.9784,118.45335,-42.829903,9.359097,-15.844267,14.458702,-10.552797,6.190304,-16.861252,3.6602163,-25.885443,-7.8898983,-13.09318
MS,i,23,IDS,160.49486213925613,78.26778365796372,-525.58325,76.225464,7.918886,56.754723,-30.308867,9.275005,-31.91841,-11.960726,-20.143703,-7.3883266,-5.9954276,-2.7601974,-10.595005
MS,i,23,IDS,160.93884965197785,74.59898129900466,-535.76697,79.54635,-14.361625,37.3919,-40.18232,11.918413,-12.973164,-4.1868668,-22.823587,3.4888487,-17.62144,-0.9342612,-1.2521514
MS,a,23,IDS,174.04333727155657,90.49712485455075,-457.58527,126.70317,-70.4427,-5.828443,-18.738869,11.753509,-20.273674,-0.3368885,-2.9977891,11.988773,-23.914864,-18.270346,-10.647442
MS,a,23,IDS,176.76238902461273,64.81550834175209,-503.4339,108.62901,-61.143475,-14.676712,-42.19341,9.6285095,-12.542098,3.3753533,-15.185446,17.763733,-21.425903,-1.1883218,-7.643832
MS,a,23,IDS,189.04642611025693,114.95580724766796,-414.1488,96.69011,-76.11726,8.3590145,-45.321487,7.6514072,-2.6465364,11.738115,-0.80956006,-19.73521,-30.259302,3.6763427,-10.036551
MS,i,23,IDS,192.27281564442487,94.16592721356665,-463.72342,60.353413,-12.948633,24.91409,-39.581642,-18.44146,-26.177187,17.54042,-22.251286,-10.19595,-15.349642,9.3287525,-6.7415876
MS,a,23,IDS,192.4819373788861,79.49071777758832,-472.04712,117.77791,-48.350792,8.356714,-32.104225,1.1753283,-16.857937,-9.88193,-12.799698,3.874155,-33.543713,-1.9495883,-14.087748
MS,a,23,IDS,197.6301752854077,58.70083774345858,-380.75922,136.33606,-80.857605,18.600449,-19.597359,-7.416634,-23.16889,-14.381796,-24.119766,21.02468,-11.756424,-11.159019,-15.57243
MS,a,23,IDS,208.96264477138624,77.04484953828228,-494.3487,122.20851,-62.255737,-1.4519602,-16.525805,7.8765855,5.9031677,37.36721,-0.4448063,13.504202,-7.668869,16.256279,-3.7178292
MV,a,16,IDS,92.46475755304986,66.38659019218096,-414.7417,76.008446,-62.620106,38.77816,-46.42363,-23.229195,-8.970797,16.5715,-1.4282175,-6.2442155,-21.120544,-1.402586,-23.677544
MV,i,16,IDS,111.4578860285998,44.772351524954956,-313.47974,22.60243,-6.276423,44.11905,-36.617733,-21.780891,-32.483856,1.1005018,-20.145218,-16.71613,-31.454937,-10.400671,-14.839071
MV,a,16,IDS,123.55874414168645,97.26407400246728,-299.79312,78.10762,-78.35093,-28.249725,-17.76941,22.468628,-22.700378,-3.0974169,-20.671505,0.7043787,-6.9133177,13.658819,12.874358
MV,u,16,IDS,208.5828226778336,126.59768362229329,-477.0308,87.33943,-6.9330873,12.286312,-34.959442,-7.3949943,-22.815792,-0.97035456,-31.838356,-21.736,-33.272415,-11.215653,-8.993113
MV,i,16,IDS,214.45980624978043,49.4039740964638,-470.0492,73.72214,20.083664,47.806755,-40.3282,1.2042699,-14.976737,-22.366482,-20.811642,-10.207399,-31.957293,-10.563707,-10.774487
MV,u,16,IDS,243.4177313100641,114.24669009815602,-459.08026,116.114105,-22.856104,-21.270344,-48.17305,0.27913302,-17.252108,-17.042797,-18.959177,-16.177547,-8.097509,-9.523221,-17.02581
MV,u,16,IDS,249.19971247350844,103.4395707645217,-521.40283,106.70979,-2.2097673,-9.338851,-35.316856,-8.962856,-9.762184,-12.747976,-22.562574,-9.484206,-34.090187,-14.9963665,-23.008799
MV,i,16,IDS,264.10758081519225,81.82533209736675,-363.68015,42.592422,-31.497425,49.321823,-46.31816,-9.362088,-37.21638,-36.719246,-38.8621,-18.166801,-21.752398,-14.885631,-6.2133427
MV,i,16,IDS,311.9929926250388,47.860099906017695,-432.65643,27.183096,5.5826263,51.44547,-25.758987,-7.462653,-18.760258,-9.46087,-31.999924,-2.894233,-33.478333,-6.760129,-13.980858
MV,a,16,IDS,314.42374790772925,94.17632562144718,-370.64862,110.211716,-54.555676,-22.789577,-30.107964,-26.217125,-36.0249,-13.246523,-10.870449,9.412948,-5.9129925,-9.391047,-12.206366
MV,a,16,IDS,318.4515512266845,84.9130804783158,-296.58038,78.63496,-109.07761,-39.197407,-24.970623,-5.1657953,3.7379315,-3.125846,6.703768,9.064138,-29.633924,-7.499529,-7.3123474
MV,a,16,IDS,321.26577302966774,33.96523219134906,-292.76047,101.82165,-81.46695,36.56183,-67.19223,-28.209072,-48.33098,-3.017043,12.259327,-4.6058865,27.284597,-8.111239,-0.06630695
MV,i,16,IDS,325.4824486857782,80.28145790683539,-356.161,37.416542,19.636944,7.929597,-28.870432,-15.955057,-31.097427,-1.3512688,-37.94092,-13.168574,-26.895203,-3.4596987,-31.447414
MV,a,16,IDS,354.733491285812,140.46107628541904,-441.20795,114.65364,-13.529366,-4.335462,-11.964281,3.744946,-12.390536,10.3554735,-21.512363,12.15856,-35.534355,-9.0313015,-14.487434
MV,a,16,IDS,361.12939089999657,65.7696626908546,-306.6953,94.15495,-63.241646,-27.494558,-59.021526,-16.606525,-38.420967,-4.763569,11.978626,-14.219067,-28.764397,12.585518,0.91403735
MV,a,16,IDS,366.3396908535193,86.69637354699944,-279.32022,87.1689,-65.33278,-30.513836,-36.76558,-3.9751072,-46.43964,0.8612303,-10.775903,-0.8015592,-27.92342,-16.864826,-9.702301
MV,i,16,IDS,396.8876877070421,189.83516276665569,-428.2353,42.872017,-1.9649603,40.672237,-58.13344,-14.046143,-22.11824,-20.464127,-33.580627,-0.3209891,-22.48265,7.855961,-0.6253317
MV,a,16,IDS,439.9168367192768,47.832481956902484,-291.9745,38.632133,-95.29928,-23.52668,-20.919043,16.172873,-22.95996,-7.536645,-15.3328,2.4302902,-17.311935,-7.1405196,-29.932413
MV,a,16,IDS,455.1050383306215,143.49744587093483,-327.45258,70.48624,-89.53033,-35.23717,-39.79188,6.607758,-30.686996,-5.3690653,-14.890182,21.787899,-10.8945,-22.451492,-18.293312
PV,i,11,IDS,0.6961156293141119,38.364264098152304,-334.21786,84.70041,53.256683,61.04306,-14.05443,27.32838,-13.471708,-9.888915,-14.318619,-7.110695,-25.783289,1.8324091,-6.5763497
PV,i,11,IDS,2.316659103697261,29.884832019130947,-288.41763,120.21175,47.508453,49.63099,-21.72588,-9.523197,-15.696289,-14.66859,-18.275229,2.0619786,-21.465986,-7.0678396,-12.164453
PV,a,11,IDS,4.476404996506579,90.44709744754886,-310.76117,158.35596,1.1152825,54.76178,-42.511475,-4.6664047,-35.38243,11.068352,3.418274,1.3442745,-24.873932,-11.520527,12.231538
PV,a,11,IDS,28.92438403585753,152.20069587243046,-237.67644,182.49838,-53.732697,-1.8023068,-25.801485,22.849014,-2.9217165,15.324478,2.9754658,-15.794975,-18.022892,-3.3975334,-2.0333254
PV,i,11,IDS,33.3518808141164,50.24973182503345,-314.89804,152.78882,11.318478,41.408287,-25.097555,-21.39188,-19.380596,5.168634,-15.328088,-8.529087,-3.9860034,-5.1944265,-8.06064
PV,u,11,IDS,33.506555769890326,67.5230771398887,-341.2206,144.8052,14.435961,-13.345347,-26.34237,-9.994947,-25.62668,-0.032408357,-13.972309,-9.504628,0.369105,40.897194,26.834156
PV,i,11,IDS,40.25295006671706,59.67155654222722,-286.0072,99.63736,4.927965,76.558334,-48.25277,-15.859178,-41.038155,7.3737926,-40.68791,-8.254789,-16.31935,-20.340572,-7.9169397
PV,i,11,IDS,44.17446094975863,48.67942770549405,-329.14517,116.35228,22.724903,51.738533,-30.832664,-9.343912,-16.985094,-12.033003,-36.9888,-9.1097,-8.776902,-10.129044,-12.50186
PV,a,11,IDS,48.235742736216295,72.23398949848558,-309.2457,151.28409,-31.553955,17.28757,-25.251305,10.312854,-8.808931,-7.655721,-12.65304,0.0059645176,-5.871514,-22.869003,-2.1855576
PV,i,11,IDS,56.007599916811685,51.820035944565745,-326.21143,120.54289,8.499659,50.273987,-34.15641,-14.260067,-26.108997,0.23892903,-29.09614,-4.4319005,-5.7963376,-13.034811,5.5973053
PV,i,11,IDS,73.35193994631506,64.382468900817,-384.24554,107.16069,65.92111,28.011513,22.215485,-42.35929,-18.49437,-6.4420314,-18.10128,2.0041063,-11.975584,-0.9251357,-29.296825
PV,a,11,IDS,77.82960942954281,127.19463368212303,-325.15433,174.7303,-66.47171,3.40314,14.648363,0.93952286,12.01981,17.021788,-12.348457,3.1635134,-8.447401,3.1403213,-3.7350626
PV,a,11,IDS,85.55717338590401,62.81216478129181,-175.17027,93.67471,-92.374054,2.4328713,17.59356,34.439453,4.90799,14.628569,-26.205221,0.7742106,-13.374007,-9.511179,-10.822829
PV,i,11,IDS,100.21641421511752,42.39821122735066,-227.13129,78.76693,-17.965542,48.02717,-27.000137,-40.8737,-16.240856,-15.943567,-33.678646,-4.0643015,-23.921314,-2.1974194,-21.869596
PV,a,11,IDS,103.09466082210986,53.39034006409804,-303.72348,191.21518,-26.84243,30.25296,-11.275379,-7.4713697,-25.275753,5.3804893,-1.4453747,-18.512865,0.3906672,13.907655,-11.141129
PV,u,11,IDS,103.20536726253688,58.10125242270203,-408.59946,161.84332,6.5171742,16.466002,4.4338474,-14.172266,-6.3788652,16.451242,-21.132637,-10.029558,-8.8401165,19.29034,9.789078
PV,a,11,IDS,105.50076009931097,70.6636853789604,-246.04903,123.20222,-64.40988,26.308094,-2.1478658,11.016697,-34.760468,18.203491,-15.713234,-14.075298,0.5886291,6.82119,-10.216282
PV,i,11,IDS,110.3457455389226,51.82003594455864,-307.61267,143.1742,1.4133492,32.43894,-44.312237,-15.505752,-19.653202,7.986497,-25.466599,-23.526836,-2.8656425,-8.004435,-9.48683
PV,a,11,IDS,115.4634901420812,48.67942770547984,-244.52533,99.15492,-24.25152,9.232351,-44.470177,23.187977,-14.792166,28.656479,-9.610367,-16.611279,0.7853763,2.7919993,0.8404256
PV,a,11,IDS,116.17594829587496,54.96064418363744,-314.10492,154.27052,-2.6402547,19.902725,-55.972546,4.2991004,-46.93129,2.21915,10.034136,-11.873265,-4.6767855,-12.333151,4.1117864
PV,i,11,IDS,120.61509106263534,54.93396767433012,-251.55138,86.84018,15.04701,75.50481,-1.9285733,19.594982,-17.419872,0.6909106,-15.665615,5.1790943,-6.7724204,-18.314846,-8.4608
PV,a,11,IDS,122.17841075272396,80.08551009615417,-245.15695,173.73636,-13.637932,26.781471,-42.870834,4.1616435,-34.795586,10.849581,11.650758,-8.619942,-14.590742,-4.973382,-8.786907
PV,a,11,IDS,123.3744278246832,42.39821122736487,-210.76064,109.120895,-73.0072,19.753803,-44.427032,-26.745174,-26.422699,4.2830267,-3.4063818,0.36044466,-26.024647,1.0499196,-20.057413
PV,i,11,IDS,123.75051566131116,59.67155654222722,-340.16165,111.46686,25.836153,45.41282,-24.03429,-9.965527,-16.836842,-5.8659515,-37.678886,4.6770144,-6.655265,-4.3913684,-13.379438
PV,u,11,IDS,124.34993906535558,36.11699474923569,-329.3465,146.8967,24.0396,22.39812,5.2090616,18.29835,-1.9092336,-23.610329,-15.860468,1.8130468,11.396994,-3.805548,-30.977085
PV,a,11,IDS,125.66523164660606,72.2339894984998,-306.42886,126.18929,-73.06681,39.58233,-31.421175,-7.249983,-23.652426,4.661881,-4.7145724,-13.234472,-6.1329446,-18.576342,-8.892829
PV,i,11,IDS,128.48482180735283,62.81216478129181,-250.15457,115.349976,-29.527954,73.58984,-47.910305,-2.3595707,-20.770443,0.56694764,-19.358604,-7.459204,-7.6595736,-16.503754,-10.250221
PV,i,11,IDS,130.44388531059604,53.39034006411225,-328.02206,119.69766,15.006996,59.690853,-30.215733,-12.779427,-40.897945,4.2136116,-17.31623,-7.033799,-3.502655,-21.178272,-4.4531236
PV,a,11,IDS,141.57071213274716,348.60751453618377,-204.85886,105.9494,-78.17522,-4.0057907,-1.9638253,37.103268,4.982169,29.76163,-14.65707,-14.808943,-22.35007,-12.537146,1.1373811
PV,a,11,IDS,145.3115704382493,43.96851534690427,-244.67401,100.16735,-40.966568,14.82922,-16.163359,-8.144781,-6.6219893,21.807205,-23.87716,5.8043156,-9.706512,12.726714,-10.473985
PV,a,11,IDS,147.5948474484618,64.38246890084542,-276.7791,176.80319,-13.132587,32.855385,-34.532387,-13.072956,-26.29148,-10.937459,0.9822608,-5.318241,-26.024406,-7.176366,2.9815612
PV,u,11,IDS,159.36013862948778,92.64794305241253,-277.09338,136.16135,-28.21475,-12.907154,-47.137062,4.940545,-20.284878,-6.0482397,-19.874674,5.7349114,-15.368544,-9.421115,-12.409071
PV,a,11,IDS,177.06908677675315,40.82790710782547,-296.47714,160.80775,-32.462784,14.234568,-31.274979,3.1757212,-22.483603,-4.3408194,18.829332,-14.09613,-18.310287,-0.7109966,-20.264477
PV,i,11,IDS,179.79160233404002,131.90554604068438,-294.08606,112.3007,-10.706697,53.291893,-53.635033,-28.6445,-19.189133,-8.321661,-33.76824,-17.48858,-10.719812,9.47139,19.746151
RV,a,11,IDS,35.023704300359164,72.40518842823462,-323.5202,50.00968,-55.701775,11.455711,-33.541126,-27.951107,-30.512756,31.41008,-31.75559,14.835573,-11.612883,-3.1029022,-16.831322
RV,a,11,IDS,82.01898754869288,202.46636023451003,-467.02463,43.692657,-52.689987,-0.73532665,-19.467133,-15.184927,-22.840425,27.878365,-32.120705,-4.5834565,-10.2443695,7.1831574,-11.4149685
RV,a,11,IDS,94.56037818177444,92.51774076939512,-384.76785,70.37271,-45.282013,11.8946495,-28.878117,-25.370056,-10.888534,11.55315,5.0810633,12.785384,-28.672468,-10.736907,-35.469353
RV,a,11,IDS,102.79296300787904,130.0611718062754,-378.42822,123.40185,-21.18385,15.550121,-26.448547,-18.94006,-8.171295,18.107101,3.7738755,6.8895283,-11.975624,-7.3745284,-11.137703
RV,a,11,IDS,143.3912833642591,69.72351478273708,-359.87375,147.27557,-57.30326,-38.05052,-20.05478,-6.976892,-56.80672,11.418521,-8.249262,8.220095,-6.317487,0.35956264,-15.181709
RV,a,11,IDS,143.82906658688535,127.37949816079208,-444.54654,123.67912,-28.973911,-33.254196,-28.533018,2.7022612,-22.948614,8.350489,-15.871288,15.80068,13.858181,8.226969,-8.314642
RV,u,11,IDS,144.41298689074387,49.61096244156238,-476.55676,127.43437,12.464869,12.844976,-18.450422,-5.3833685,-17.829594,-11.1685505,-35.38044,-17.243353,-17.931528,-0.36822748,-13.813313
RV,a,11,IDS,160.20080503339165,80.45020936472724,-357.35526,75.83963,-42.539734,57.876183,-6.9590855,-39.51709,-37.41918,1.9227045,0.09771758,-12.68281,-16.330395,-17.944954,-20.744305
RV,a,11,IDS,162.39026815208646,46.92928879609326,-353.72925,112.67431,-43.51117,4.624133,-25.43525,-11.757343,-24.458536,19.24759,-33.356045,-16.5641,-24.320908,-19.758175,-20.482937
RV,a,11,IDS,183.0320901687244,40.22510468237783,-329.2224,55.3397,-30.485844,39.87638,-18.405838,-23.311115,-40.963017,-12.351208,-22.212915,-0.6426759,-21.351398,-3.2573574,-3.344211
RV,a,11,IDS,183.5726763223653,49.61096244156238,-333.12967,56.71505,-31.888596,41.520782,-14.405166,-24.559353,-42.009956,-10.764538,-17.858309,0.903836,-17.289268,-3.7697802,-10.026323
RV,i,11,IDS,193.2080804241026,92.51774076940933,-439.2886,51.445206,-19.398094,27.200512,-24.051983,-11.299477,-24.577845,9.457431,-34.93327,1.4887494,-6.90805,0.07677424,-3.8703294
RV,a,11,IDS,193.8892255300571,108.60778264233772,-417.95798,51.690117,-16.317268,-13.337579,-26.813116,16.750671,-37.859962,15.329758,3.8253284,8.622656,-8.26679,-14.969221,-8.016961
RV,a,11,IDS,195.2099074031201,88.49523030119144,-299.10007,92.5091,-95.52779,-13.177449,-8.657116,-3.9191823,3.7495384,18.409046,5.369492,-0.9714776,-3.1780283,1.4251417,-0.8120234
RV,a,11,IDS,221.156799280388,104.58527217411984,-475.11108,56.321,-60.003483,-10.45578,-14.090067,16.859848,2.7990632,19.382385,6.4678354,38.826115,-11.2170315,-0.7840084,-4.1327953
RV,a,11,IDS,250.53601705444683,65.70100431446235,-466.0209,66.99008,-34.31505,-7.7710204,-22.3116,-20.793436,-17.382679,15.628359,-29.449211,-4.344861,-9.287701,14.853313,12.106793
RV,a,11,IDS,255.2357213839606,128.72033498351243,-410.02844,132.15096,-67.48572,-24.126406,4.3522434,0.19629064,-27.709599,15.696967,-16.879532,-0.345029,-8.253785,2.537019,-10.298204
RV,a,11,IDS,255.48378602677167,109.92895825862092,-430.78192,117.99134,-45.23813,-3.0247445,6.8376584,0.34146956,-12.899588,26.933565,-13.871233,-13.475919,-20.406929,4.2819204,-11.086118
RV,i,11,IDS,270.57505787429227,80.45020936469882,-445.3981,57.547768,34.799904,43.6689,-23.446068,-15.211008,5.5874925,-1.1913891,-24.643333,-19.232899,-14.801718,-2.549162,-7.619745
RV,i,11,IDS,272.62548720286384,100.56276170587353,-419.20236,77.24069,29.898937,46.018253,-21.652946,-38.48603,-5.207828,-15.784393,-29.567566,-22.467075,-5.9779453,-18.267166,-24.383068
RV,a,11,IDS,294.11253067277755,211.85221799368037,-427.6134,86.65081,-40.198517,-10.973862,-42.132416,-15.637997,-36.865414,8.6998005,-1.104315,-2.3345063,-15.830135,-0.29901537,4.617647
RV,a,11,IDS,294.890271665701,101.88150447982025,-366.0649,79.925156,-39.54825,8.598797,-28.09988,-14.217734,-39.5037,13.570852,-0.53797513,-12.232695,-9.217657,5.9709992,2.80349
RV,a,11,IDS,295.3240294927409,154.19623461571064,-476.94232,84.47249,-35.203182,22.797808,-7.3816104,-29.52127,-26.822546,22.499516,2.3360574,8.116268,0.9889633,13.879121,-14.018348
RV,a,11,IDS,324.37794643871257,85.81355665563706,-288.19086,30.650042,-52.92402,-8.002834,-39.530647,-13.941307,-23.230413,12.729469,-16.014656,-9.169269,-21.868633,-22.12653,-12.635345
RV,a,11,IDS,325.8955024106442,96.54025123762722,-351.67056,72.86879,-63.20973,-2.2095795,-29.680536,-29.007233,-32.66806,5.844293,-10.759272,10.342343,-13.325263,-9.544429,-25.666885
RV,a,11,IDS,329.3893143140066,85.81355665563706,-394.75693,101.164734,-20.459652,21.399965,-15.707887,-13.248032,-22.028797,-1.1714562,-20.638546,1.4963531,-21.44329,-2.6401286,-20.96265
RV,u,11,IDS,331.7109754639556,42.90677832784695,-453.79803,118.94696,-17.460625,19.972178,-15.253557,0.14090312,-15.714146,-35.07028,-37.02882,-1.0097889,-24.313606,3.5433803,-7.137606
RV,a,11,IDS,383.15133562022856,119.3344772243563,-449.2379,109.16231,-53.977585,-35.49819,8.663027,-7.725242,-36.656136,32.948162,4.888152,-0.06308991,-12.534016,-5.285451,-9.697756
RV,a,11,IDS,384.7468972038606,107.26694581956053,-387.72998,102.7292,-52.671913,-7.630512,-22.919159,-53.365166,-18.896362,18.183086,-15.195813,6.723881,-2.0652244,-10.524405,-26.105116
RV,a,11,IDS,391.1615117266777,116.65280357880192,-476.7379,113.29734,-48.614555,-12.929246,-26.80298,-1.381447,-23.629929,15.327391,-15.66121,1.9534893,-26.13049,-13.233569,-7.764546
RV,i,11,IDS,391.3834202208419,147.4920505019668,-485.24106,85.5635,-9.47724,46.70497,-45.163155,-14.964912,-20.166664,3.3881655,-29.275099,-12.380951,-8.762871,7.5329447,-1.6203249
RV,a,11,IDS,392.1028014705981,158.2187450839001,-392.08905,57.557747,-38.82843,4.631447,-35.659824,4.046497,0.10814178,32.225864,11.585114,3.10121,-34.00721,-16.685528,-25.139254
RV,i,11,IDS,393.0366437583925,53.63347290983711,-404.97818,68.174416,5.1413894,66.11803,-6.4669137,-13.056984,-23.685602,-1.041055,-40.00145,-31.659828,-10.767093,-15.033226,-29.386412
RV,a,11,IDS,429.2884164189363,71.06435160545743,-431.17453,91.81076,-25.197495,21.457613,-14.16662,-17.616661,-35.302494,8.444998,-9.7463455,6.4962206,-7.017277,23.168224,18.116964
RV,a,11,IDS,446.7684375149462,116.65280357880192,-351.99902,111.979065,-35.462852,-31.46962,-37.905758,-9.373564,-38.806583,-2.2359438,-3.4540315,47.922516,-6.004994,-18.062038,-6.9673643
SAF,i,19,IDS,34.079566211181614,64.04328456923025,-292.5141,-6.6808457,3.4153564,39.77442,-43.224754,-9.028965,-26.00582,-14.174671,-21.199509,-11.261773,-21.547855,7.731391,-28.54971
SAF,a,19,IDS,38.44346900952456,51.89714439229931,-348.1237,79.748245,-11.397879,28.415071,-25.466442,-31.432465,-16.659117,6.5798125,-11.401859,-5.086088,-20.115578,4.014771,-13.979321
SAF,a,19,IDS,45.37293063718258,138.02432019229371,-291.4273,101.586075,-84.24394,22.252687,-51.40291,9.74984,-18.455639,23.982975,-2.7171333,-10.514062,-23.097069,-13.703852,-5.8383145
SAF,a,19,IDS,46.322890673260765,96.06492685384183,-379.7457,79.25775,-43.58274,9.334578,-39.676285,-9.696864,-11.634386,16.172176,-18.64915,-0.77992606,-3.7465968,10.786682,-4.6778107
SAF,a,19,IDS,49.63224896713115,60.73070088461208,-359.50406,52.65439,16.335024,21.69722,-42.002106,-40.089355,-27.937056,0.2007001,-12.922563,-7.9377728,-32.85647,7.9556684,-9.151673
SAF,a,19,IDS,74.29900505632403,69.56425737691063,-370.87335,89.6319,-25.12653,40.03344,-57.712524,-18.211937,-40.76812,-0.18026233,-6.653621,11.6598835,-9.358145,12.037315,-19.651089
SAF,i,19,IDS,80.8948000543443,100.48170509999466,-423.7525,-15.364112,33.280746,25.776016,-29.397905,-25.413235,-25.21885,-22.508507,-42.94876,-10.920049,-24.918716,-5.580545,-20.929787
SAF,i,19,IDS,84.20950786271123,111.52365071536963,-481.36765,11.423675,30.064352,21.726732,-22.65548,-12.640356,-19.413954,-14.101946,-42.483562,-20.525293,-24.900757,-8.684628,-3.8631394
SAF,a,19,IDS,93.89900029847956,67.35586825384132,-372.047,89.01061,-19.684444,51.725082,-28.302204,17.207024,-13.141221,-1.1079118,-16.22873,7.480075,-19.756374,13.286158,-21.332443
SAF,a,19,IDS,130.43303597753166,71.77264649999415,-388.5921,66.85854,-23.984587,21.514853,-47.712738,-10.418179,-22.416033,-2.015623,6.5453544,-13.890585,-5.481264,-11.906729,-8.0606365
SAF,i,19,IDS,131.39638890498878,108.21106703076566,-364.68146,40.581562,-21.267632,63.837265,-34.57853,-12.839827,-25.920025,4.9607224,-25.176785,-2.3434033,-2.7782316,-10.630632,-4.4343643
SAF,a,19,IDS,141.3364575736037,118.14881808459177,-304.25812,75.390396,-25.229668,24.366953,-34.55156,-26.433605,-38.924244,0.50276494,3.2671266,-8.4142685,-13.734575,5.571583,-9.996231
SAF,a,19,IDS,142.07055688150592,71.77264649996573,-310.0064,49.34668,-26.797638,20.656822,-52.43341,-31.956697,-37.569374,-0.1432777,-13.184334,10.243948,-18.686882,7.6024127,-1.1910856
SAF,a,19,IDS,152.82230407854013,54.10553351538283,-370.42758,62.134003,-18.803381,20.013184,-23.645914,-18.47306,-25.143288,19.407476,-1.7143191,-7.1093874,-32.601448,-9.339214,-17.35153
SAF,i,19,IDS,153.4352942099003,86.1271757999873,-446.95795,65.919785,8.1016865,49.065414,-48.7872,5.098303,-9.184448,-16.616724,-19.98895,-15.871533,-11.459336,-18.856358,0.21530664
SAF,a,19,IDS,153.96424161515256,92.82876372006399,-464.60254,61.084175,-12.918251,-2.184765,-22.285843,-26.24555,-14.139654,0.57677865,-3.8694334,5.8640947,-20.980251,-1.8525225,0.3644538
SAF,a,19,IDS,154.75114238995508,86.12717580001572,-484.82648,81.18854,10.739078,19.722218,-7.7480097,-7.9132996,-26.930492,14.808799,-2.6175508,14.178635,-25.413559,2.2697134,-20.953999
SAF,a,19,IDS,165.31525593875853,87.62347362520018,-455.02768,90.97529,-11.001645,38.822876,-18.915615,-19.452349,-39.643143,18.942862,-37.622612,5.665086,6.5018435,-0.11886203,-3.6438775
SAF,a,19,IDS,166.09010437361695,79.40877297284032,-367.77933,133.42493,-87.162056,-7.6179543,-36.729088,15.805237,1.6548232,20.092766,-9.406605,4.2026606,-7.7025557,-2.695624,8.180443
SAF,u,19,IDS,183.2562604895955,82.14700652362694,-536.47797,85.781586,9.2191305,6.984409,-41.83313,-1.8841231,-27.658066,-19.097225,-20.998034,-31.943813,-2.3162491,9.17103,27.364132
SAF,u,19,IDS,183.46641991461848,108.16022525611402,-522.1819,116.85931,10.053474,-12.32206,-50.759277,-18.19339,-28.407207,-17.437122,-14.191747,-14.181452,-20.886642,-17.852493,6.3785377
SAF,u,19,IDS,183.96340930408644,58.872021341954905,-526.6473,97.16235,-8.094358,-6.659154,-45.174248,-11.741583,-12.41558,-8.62745,-25.864809,-30.455616,-5.33591,-2.866264,23.209377
SAF,i,19,IDS,187.58477809457256,130.06609366243538,-335.04367,44.951157,-34.92071,15.42634,-13.143477,11.430319,-37.655773,0.41657305,-28.692585,-2.55599,-26.646301,-4.4887896,-23.425484
SAF,a,19,IDS,194.150075649603,157.44842917030155,-438.7619,81.72154,-26.049747,34.045795,-39.68384,-18.393856,-50.601257,3.8764596,-13.806299,-8.990083,-13.398441,-5.0922966,-17.77491
SAF,u,19,IDS,219.5853344714893,101.31464137916169,-269.3885,86.90753,-97.18167,-21.718355,-53.06447,-0.28078496,-43.448757,-4.7876625,-2.6938996,12.319662,38.84874,-32.78755,8.398683
SAF,a,19,IDS,237.9188155033016,320.3733254420911,-563.3631,90.51207,-46.089455,-2.485324,-8.962575,-0.49244332,-19.989407,-10.621704,-2.4229577,-4.824421,-31.879704,17.760025,37.933224
SAF,u,19,IDS,238.4383002525886,361.4468287039756,-575.96265,110.856476,6.793986,-3.8637595,-32.997616,-6.8597746,-14.286007,-3.7622852,-31.520409,-19.788588,-21.62828,3.4924245,0.18194342
SAF,a,19,IDS,239.11793583458928,427.16443392288284,-482.96664,39.78828,-42.865807,-5.9678645,-20.252687,8.165021,-21.897818,-28.066963,-18.75544,18.07692,-18.940825,10.155451,30.961374
SAF,u,19,IDS,239.66695166152223,451.80853588001924,-591.2439,113.46373,4.487086,-1.0557643,-21.684195,2.9544456,-20.063805,6.6557465,-6.6698127,-12.175262,-27.71785,5.0912113,-0.019857824
SAF,u,19,IDS,240.8873993537173,435.3791345752427,-556.81757,113.1503,-3.6495326,-8.725926,-26.847328,4.0142975,-16.7139,-3.7226377,-19.179651,-25.97839,-24.948734,-0.7546861,-6.239483
SAF,a,19,IDS,241.42751592161025,423.0570835967171,-480.2549,86.939026,-49.66185,-21.118362,-30.58126,8.702857,-10.77566,7.225588,0.38377166,-8.73595,-15.896925,14.9931555,18.440172
SAF,u,19,IDS,241.9677495243056,135.5425607640086,-571.70465,98.87843,8.068648,4.900465,-40.479576,1.3921669,-18.417719,-1.194581,-18.233047,-13.168343,-28.598701,-18.79248,4.3960156
SAF,i,19,IDS,271.0956896829369,102.80223209014139,-449.55997,47.37978,6.5471935,50.596703,-14.234418,-5.764399,-19.020794,-26.956036,-47.703247,-6.560892,-16.944733,1.8827395,-13.467015
SAF,i,19,IDS,281.59316894343056,47.919087138780014,-509.84055,87.0551,-14.362321,47.80252,-25.621307,-32.65876,-8.376715,14.104626,-46.685616,-3.7830207,-16.77257,-2.742638,0.5962235
SA,a,15,IDS,49.373003826725366,61.97444644641337,-395.85825,85.49582,-37.22992,38.877663,-31.631096,-7.1665397,-45.19729,7.342395,-13.248042,-0.111260414,-26.011219,-0.23649836,-22.603672
SA,a,15,IDS,49.72243421626368,77.79770936890174,-383.15247,66.79602,-73.36566,0.06759536,-51.82353,-22.00848,-34.118725,34.847534,-8.870863,-12.871801,-21.853456,6.737852,-1.6562119
SA,a,15,IDS,90.40067282138163,77.79770936890884,-434.00854,80.08391,-32.933815,15.357941,-26.860008,-3.4871502,-29.365707,8.62825,1.8599354,16.031342,-14.445936,-0.936252,0.5364302
SA,a,15,IDS,137.5396897991459,72.52328839473421,-366.2311,73.79076,-68.771515,-21.897036,-38.01868,-4.844259,-10.687999,18.02326,-14.254701,-7.8356934,-18.133537,6.513344,3.1715775
SA,a,15,IDS,141.13012634663522,76.47910412535452,-464.0516,72.43359,-34.02349,22.970188,-33.078865,7.8493032,-43.827457,19.403635,2.3316383,5.1102343,-33.10877,-14.379129,-8.705452
SA,a,15,IDS,155.41919010001536,79.11631461246316,-344.25174,70.822495,-82.08325,-16.468199,-27.487572,-4.968559,-15.087585,13.723179,-32.39588,2.9872165,-7.5133243,13.496498,6.1487303
SA,i,15,IDS,155.9913396029034,125.26749813639526,-478.54065,47.441826,-8.836909,26.383932,-41.386383,-28.76001,-28.651482,-20.498035,-50.602486,-4.704488,-15.713986,-7.3245497,-3.191372
SA,a,15,IDS,157.30306749923557,129.22331386698716,-328.96793,71.4862,-61.804276,20.693401,-36.51859,-4.28323,-13.355486,8.832685,9.84757,-15.19319,-25.112143,-6.1700554,-18.239084
SA,a,15,IDS,163.17239455595666,100.21399850910484,-301.00748,45.575233,-97.97346,5.5275908,-44.367397,10.760817,-10.08922,-8.873491,9.382426,8.932098,4.038228,-11.044537,-8.474653
SA,a,15,IDS,170.08726184240936,79.11631461243473,-421.7991,59.481644,-49.004852,7.066288,-7.795333,3.9255345,-24.129307,5.8531237,-29.975063,12.430683,-22.812904,-0.2801121,1.4572855
SA,a,15,IDS,179.00764777233292,110.76284045739726,-320.87854,86.14336,-31.118488,-8.972752,-38.456333,19.655437,-15.52938,11.424857,-9.208565,-13.247541,-36.380035,-1.5920079,-16.50793
SA,u,15,IDS,183.2699591111921,60.65584120287326,-444.45563,78.48398,-11.030306,37.305626,-8.550431,17.762444,3.4849827,5.8953295,-15.281662,5.6360636,-25.662323,-14.704193,-13.781748
SA,u,15,IDS,201.61219883404075,65.93026217703368,-413.04022,63.683678,-35.708946,17.339111,-36.49958,-7.1641216,-33.25692,16.705326,-1.6149266,-5.3015804,-13.542575,3.7496667,-3.7500162
SA,a,15,IDS,216.2060081024485,325.6954951545765,-535.9661,74.236465,-21.577118,18.286953,-9.7362175,2.6966329,-17.069458,15.0518,-3.408252,10.461571,-22.652546,5.527779,2.3071434
SA,a,15,IDS,216.477743066602,123.94889289279831,-505.92294,71.44115,-59.5587,2.370429,-26.564163,25.055555,-17.818165,20.09676,-4.8812265,-12.069296,-25.106552,-1.3099965,-5.991005
SA,i,15,IDS,240.9539289197756,77.79770936889463,-437.11896,45.532124,-8.32506,46.539253,-32.441296,-6.5274067,-28.015148,-0.0053315163,-26.899506,-11.222326,-7.748538,-4.6078568,-32.24286
SA,i,15,IDS,252.26627584803143,68.56747266417074,-426.38226,40.46442,-13.387869,39.975822,-32.333286,-3.9609263,-24.90067,7.5826387,-26.216755,1.8897595,-23.746311,-0.7010413,-17.102068
SA,a,15,IDS,277.5079006006688,77.79770936889463,-380.64984,75.68303,-34.63549,19.754566,-30.923073,-26.452166,-38.316425,6.102224,-15.264645,-12.19706,-28.084599,-3.3785548,-14.592392
SA,a,15,IDS,293.01413909888976,48.78839401106916,-457.6797,60.828476,-1.1115862,31.999931,-46.31059,-22.012543,-24.143044,10.041262,-20.965038,-4.2160764,-13.737999,9.377029,-2.9897351
SA,a,15,IDS,299.6311721928972,97.57678802202463,-371.92465,55.99437,-55.935177,58.115257,-56.44069,-11.351647,-29.948046,23.776094,-8.454052,-25.47708,-13.687767,-11.021399,1.4298329
SA,i,15,IDS,311.7703640040125,42.19536779328337,-449.4111,77.7379,-6.9355984,46.57792,-55.81143,-20.654873,-22.675327,20.994017,-31.72552,-8.434684,3.0810041,-4.315895,-5.6098003
SA,i,15,IDS,324.1029702055795,101.53260375261652,-556.2509,71.9527,-18.884457,21.284006,-44.176353,-13.909016,-2.3532379,0.3359244,-28.60012,13.320311,-20.285912,1.0135994,4.6188684
SA,i,15,IDS,331.25960825173473,50.10699925458084,-444.19452,29.810272,-7.054603,37.59273,-59.32012,-6.8618145,-22.72679,-0.78396773,-31.89687,9.661643,-24.838257,-3.962915,-8.079006
SA,u,15,IDS,334.75436634497623,181.9675236086482,-384.99167,108.73184,15.129519,-7.467613,-61.840004,9.6622925,-11.996173,10.119389,9.442303,-13.231408,-23.619373,-3.3694003,-3.325849
SA,a,15,IDS,346.1979940690558,68.56747266408547,-513.0727,79.56227,-20.217848,20.117718,-27.90675,-13.883276,-43.62505,7.193548,-15.531726,1.8525654,-6.8077965,19.236568,5.6773257
SA,a,15,IDS,356.1741620397754,65.93026217700526,-348.59506,69.35292,-44.504982,-0.8901578,-57.83191,-15.825482,-33.334755,19.551506,-23.439167,-6.3639,-25.31952,-2.396595,-15.693729
SA,a,15,IDS,368.9215264546342,88.34655131721547,-331.42926,56.302513,-76.092575,-4.3607244,-56.61408,19.574663,-10.057918,17.220547,-16.355116,-17.933142,-21.50864,5.312241,-19.067818
SA,a,15,IDS,371.67933209943806,46.151183523932104,-414.35788,97.70003,-53.16952,-7.697295,-37.124268,7.7447076,-30.187382,11.837287,-12.627413,-17.883759,-22.088196,0.6108043,-11.008181
SA,a,15,IDS,380.7789233486068,72.52328839473421,-407.7953,76.17957,-50.43093,-5.4134207,-46.379944,21.582241,-10.646177,9.888484,-3.2562613,-12.810743,-38.166466,1.673697,-15.577828
SA,a,15,IDS,390.9167796098423,113.40005094450589,-470.1058,60.04017,-36.753464,-10.973795,-21.144632,29.918308,-8.448203,4.508362,-17.693228,-0.4287293,-28.516598,-0.8130188,-23.72723
SA,a,15,IDS,394.3753897872833,88.34655131715863,-357.72516,23.860651,-5.26099,-19.058346,-27.898687,-8.259673,-19.371876,8.681383,-22.546999,7.035044,-23.250866,4.5044246,-15.689463
SA,a,15,IDS,401.7254307794786,71.20468315116568,-428.72522,89.33009,-40.22692,16.74554,-45.96765,-29.808247,-40.72042,10.681816,-11.971205,2.8422565,-10.019341,21.590988,-17.954884
SA,a,15,IDS,408.6251568155234,60.655841202901684,-426.31866,100.31123,-25.975044,9.979132,-42.95953,-12.148453,-32.16253,17.573795,-10.3945875,-2.535562,-19.600225,8.433201,-8.414571
SA,a,15,IDS,408.83085923351575,60.655841202901684,-423.58096,94.16423,-42.833862,-2.250648,-62.202717,-23.025356,-45.842785,2.2658255,-15.311718,-5.8854265,-20.741459,-0.7184384,-20.53875
SA,a,15,IDS,421.7684323652891,59.33723595933316,-438.45764,80.95276,-63.142174,-34.127987,-50.76446,12.888433,-21.89721,13.955862,-18.03245,5.5991964,-9.66384,12.294748,1.4033748
SA,i,15,IDS,432.5410037488034,90.98376180435253,-455.43036,65.379166,14.474918,47.61074,-47.10999,-29.282589,-19.184786,-0.45159626,-37.729973,-13.066138,-26.980274,-4.5508695,-18.893549
SA,a,15,IDS,434.7100067325808,71.20468315122253,-390.95892,63.114494,-50.771023,-4.1355786,-29.322615,-2.6889439,-25.693142,22.45383,-12.643633,-16.017038,-38.09071,17.886253,-6.219125
SA,a,15,IDS,435.56343973269145,145.04657678952526,-438.36365,75.07797,-21.451717,37.59359,-50.99479,-9.187657,-25.386942,34.6688,-11.061007,1.6309838,-28.39934,26.465652,-22.21308
SC,i,19,IDS,4.099760716670639,40.26284492757526,-335.8623,57.431587,-12.919986,92.07854,-30.731071,4.7935143,-26.18657,21.762108,-38.87294,6.1089134,-0.41369838,-30.528667,12.706768
SC,i,19,IDS,7.569563836005402,56.92333248381232,-421.39325,53.569794,-17.498596,46.592476,-53.84502,-3.4445288,-20.198925,17.990309,-28.168194,6.949646,-12.757662,-19.243958,-31.191729
SC,i,19,IDS,15.2311825144477,95.79780344836841,-458.80963,59.558437,-12.579191,24.308441,-44.473225,-3.7049184,-25.816841,3.902399,-26.964493,11.8506775,-14.307366,-10.358755,11.411523
SC,a,19,IDS,26.082557688083178,166.60487556238124,-406.97214,98.612274,-70.11282,-1.2209101,-25.21679,11.118285,-14.348173,21.324612,-16.151157,-9.105758,-22.765495,4.975297,3.5302126
SC,i,19,IDS,29.167037380993506,74.97219400307031,-505.16586,50.065884,-3.0204635,45.24344,-48.687466,-8.281352,-16.832058,-2.9254947,-18.752867,-2.7592115,-24.154758,1.4080306,2.8709416
SC,i,19,IDS,38.39632887043112,63.86520229891346,-400.99393,0.6191733,26.407768,31.83803,-37.86326,-19.177113,-23.794548,-7.58282,-32.523285,6.4798584,-10.328691,6.400437,-18.902248
SC,a,19,IDS,43.306594958347006,119.40016081970128,-417.06506,82.95025,-61.706284,-13.67531,-18.255573,-2.1827784,-14.44062,24.46534,1.3024658,-1.4958048,-20.641932,-8.759445,-3.399348
SC,a,19,IDS,55.2692561709004,72.19544607703199,-441.841,86.17549,-37.059135,5.896389,-32.01912,-16.37004,-20.34568,15.320013,-25.168667,-1.8109474,-15.127384,-0.23389012,-9.411221
SC,a,19,IDS,58.26566509321573,133.28390044990357,-416.88977,59.43126,-57.938915,21.372683,-65.81192,-41.223583,-37.57139,13.383483,-19.91095,0.039765954,-2.9408474,5.107698,1.6862166
SC,a,19,IDS,63.822277239919735,76.36056796609125,-384.91745,56.102226,-23.529316,16.609308,-52.07302,-24.219143,-34.77453,16.220345,-1.9530469,8.119067,-7.122269,-27.950037,-23.274033
SC,a,19,IDS,65.38810710887697,43.039592853602926,-346.4105,53.97269,-88.21867,2.568809,-34.586838,4.0302906,-41.39514,0.85148716,-25.285995,-7.063485,-23.101461,7.621381,-27.02407
SC,a,19,IDS,73.96030081252403,111.06991704158986,-418.38562,126.65834,-58.52018,-50.199844,-48.445045,15.238229,-30.110657,-0.2788363,-26.053791,10.978896,4.6263475,0.1673019,-0.615934
SC,i,19,IDS,85.61584210865684,172.15837141446855,-397.58948,30.775932,-3.8256164,55.323944,-56.650124,6.4970374,-8.910061,-9.467304,-33.15399,5.4041233,-14.250469,-20.586521,-8.530952
SC,a,19,IDS,90.34050399897085,105.51642118952032,-433.25015,78.43608,-95.41727,-16.736475,-3.5252898,0.27915764,-23.11906,7.30864,-11.66924,2.6292176,-18.23971,2.2072346,-5.668576
SC,i,19,IDS,96.56342832944496,37.4860970015618,-419.43442,54.121017,-36.730583,83.20867,-51.936436,-12.808141,-47.150757,-11.293631,-19.116085,3.6425314,8.483311,-18.173666,9.974497
SC,a,19,IDS,97.18680823884088,76.36056796607704,-308.45523,74.559326,-100.5912,-11.3213415,-31.82047,4.0917635,-22.903349,28.1599,-12.495384,-7.1474285,-18.10392,13.456241,-3.0348356
SC,a,19,IDS,98.32040756454008,99.96292533743656,-369.00922,94.34755,-74.56465,-5.2322226,-22.53141,27.421806,-38.637077,19.19087,-2.7995675,12.942668,-9.364977,-6.3851633,-5.399518
SC,i,19,IDS,100.05470992083605,63.86520229891346,-435.1877,36.185318,2.2342463,54.466103,-57.217606,-25.829872,-36.727707,2.0091429,-51.962334,-1.6089981,-7.372235,-17.21158,-8.899046
SC,a,19,IDS,117.93276230373876,68.03032418795851,-475.5637,62.722824,1.4938545,20.258698,-27.019611,-9.306623,-43.309364,9.132699,-16.908474,7.1058626,-15.850325,9.396008,-5.8856773
SC,a,19,IDS,132.517533355146,81.91406381817501,-402.23895,75.68123,-56.677162,25.46441,-60.395683,-19.146793,-16.596243,18.92046,-28.15106,-4.4174366,-19.452944,15.487381,-12.5019045
SC,u,19,IDS,135.40557478692097,63.86520229889925,-548.2188,102.70622,-9.41584,7.001739,-29.849167,1.7061701,-16.017586,-5.4606004,-36.849014,-0.6498548,0.59155905,2.443181,-6.3374896
SC,i,19,IDS,139.77338324436835,77.74894192908732,-502.35724,69.99144,-18.321438,55.133224,-29.903713,-5.511072,-23.301685,6.9394712,-32.782646,-7.2897916,-14.696898,-0.55138886,-1.0667905
SC,a,19,IDS,151.3715879643126,74.97219400306676,-415.74667,81.07254,-30.649128,-10.397875,-40.17051,-7.820195,-39.206154,-0.25213584,-18.564514,17.391449,-24.651575,-5.1104746,-18.251625
SC,u,19,IDS,155.05174639367672,84.69081174422399,-414.69162,94.44412,-46.70611,0.8543426,-18.488918,-15.438002,-40.30099,-7.736557,-23.022469,19.67873,-18.398853,-14.835061,-17.55305
SC,a,19,IDS,178.53841696789397,86.07918570723427,-389.09396,59.96881,-66.96466,24.926092,-45.958492,-13.28094,-36.976364,10.445487,-20.999008,-3.6080406,-12.421812,-11.540106,-15.206802
SC,u,19,IDS,183.5752070385585,55.53495852078072,-394.25888,89.96156,-69.75424,8.510417,-31.1723,-6.968841,-56.3133,-19.053562,-14.8743515,22.854649,-3.0614657,-33.5187,-24.313896
SC,a,19,IDS,186.2470420665428,98.57455137438365,-327.02597,78.1893,-102.58743,-31.846142,-15.145996,5.6409163,-36.20912,25.12619,-2.4361622,-11.510433,-17.605627,-23.91997,-14.573406
SC,a,19,IDS,203.13602664364447,59.700080409839984,-364.6357,89.57988,-110.45376,2.8794644,-25.222614,4.2435436,-39.98004,21.073278,-14.639303,-7.737047,0.6425564,10.846905,12.550871
SC,i,19,IDS,204.8631145141643,79.13731589215445,-430.05936,56.061764,0.23913027,57.065617,-18.73045,-24.834003,-39.419205,-12.16239,-37.350807,-16.462515,-11.61704,1.0114565,19.849575
SC,u,19,IDS,216.178206591449,41.651218890592645,-440.1485,136.80362,-14.667034,-25.318596,-44.143417,11.597366,-15.984124,-3.44412,-34.526806,1.517273,-8.233938,2.2209947,-12.7859
SC,i,19,IDS,221.19873276362983,88.85593363325484,-383.3248,-8.972706,-5.102867,43.52658,-44.773026,-41.125656,-36.338432,-11.453498,-40.343353,15.702265,-8.615683,-6.71406,-1.9476198
SC,i,19,IDS,228.170362579506,101.35129930046105,-405.9309,41.35934,-26.478344,37.42095,-54.999516,-33.481247,-35.755344,11.194988,-27.74245,-7.5999975,4.095322,-6.5922422,0.073617816
SF,a,14,IDS,13.0751838092151,60.01052892548131,-323.4501,72.18353,-29.947159,39.96767,-20.19369,-21.505283,-44.83998,-2.288258,-22.971512,6.97377,-17.350094,-4.177328,-6.8963575
SF,i,14,IDS,17.391774647359213,50.87849191508198,-394.50894,84.22449,-63.705612,95.60895,-44.92168,19.7114,-52.022274,10.102657,-26.944445,-14.832931,25.643803,-22.93658,6.674641
SF,a,14,IDS,24.720397874268617,95.23410025130374,-248.18468,67.141335,-122.97482,17.911005,-46.575676,18.01514,-34.24636,15.120456,3.2356133,-25.731998,-11.237349,-19.932775,-19.732666
SF,a,14,IDS,28.619486958739124,61.31510564124909,-331.08902,29.765743,-20.193043,26.26153,-18.976467,-28.418346,-61.81911,19.797049,-20.447083,-7.420849,-16.950481,-2.2779055,4.2895093
SF,i,14,IDS,33.35493959829188,166.9858196187235,-422.64493,43.096184,3.1020584,78.79991,-49.41474,19.812786,-44.81275,-8.209665,-26.147213,-34.313026,0.4076346,-17.460081,-11.148432
SF,i,14,IDS,33.8647608722583,65.22883578856664,-319.17355,-0.37041116,14.995342,42.333424,-40.814182,-14.685489,-40.28573,-30.439735,-47.721508,-11.17622,-26.301811,-0.18682705,-5.179515
SF,i,14,IDS,39.84116226184029,95.23410025130374,-293.50897,-4.0445952,17.57896,60.154778,-55.545967,-12.093105,-28.810446,-20.101109,-52.434914,-8.766267,-27.410086,-1.8294075,-4.2979293
SF,i,14,IDS,50.936043668003975,74.36087279896242,-361.90216,44.293106,-43.153816,70.36643,-32.737694,0.6471318,-38.87664,8.634797,-24.062565,-1.1274879,-13.0186405,-4.0342317,-15.1993885
SF,i,14,IDS,52.599610669727554,131.76224829290817,-342.42697,33.369423,-84.30867,93.87337,-75.86731,11.880414,-29.234371,20.117897,-12.67288,0.12623203,11.996441,-25.418835,-13.654949
SF,i,14,IDS,71.5335565630171,96.53867696708573,-469.397,72.176674,5.741405,45.970627,-27.880653,18.241692,-9.437359,-9.756553,-13.701586,-9.500994,-22.309307,-11.734871,-27.205372
SF,a,14,IDS,78.8082294381914,30.005264462729997,-247.3382,93.51732,-34.574787,28.247559,2.9684246,10.3814335,-17.603054,15.549879,3.1337137,16.718681,6.5717583,0.3573346,-9.572067
SF,a,14,IDS,79.85403302717424,62.619682357023976,-268.51123,60.15296,-92.2156,6.7021565,-23.473516,6.879932,-29.831985,2.8239048,-9.755545,10.25598,-4.437739,-16.107517,-15.986069
SF,i,14,IDS,86.21820826106335,382.2409777210112,-453.54218,67.098465,-5.4873557,82.5116,-29.703497,-2.1240108,3.9338424,-4.8405175,-33.33268,-22.24229,-9.836951,1.697498,-9.5465975
SF,i,14,IDS,88.90386055109349,138.28513187176839,-386.26874,19.418665,-7.7876368,81.24815,-90.01001,3.189492,-31.316671,-1.3783039,-38.215878,7.311348,-1.4841479,-7.1274376,1.1282485
SF,a,14,IDS,97.04859832256008,73.05629608319464,-243.84908,51.336777,-111.71872,-3.4458735,-52.7616,-4.6189423,-51.568645,29.97592,-13.312706,8.810426,-7.69907,-8.714732,-7.0195293
SF,i,14,IDS,100.80352254674158,135.6759784402186,-417.30444,53.363518,4.471589,28.10891,-27.428406,4.5125585,-18.790247,-4.234957,-26.742262,-5.6387033,-33.26213,-18.286114,-39.0774
SF,a,14,IDS,103.97794243451256,75.66544951474441,-283.77002,56.343544,-103.25945,11.9918165,-64.42612,-16.979366,-50.347733,18.24117,-12.321968,6.7765493,-10.242901,-6.9360332,-7.621422
SF,i,14,IDS,107.95084191226636,67.8379892201093,-383.0396,65.342926,7.2455773,67.56307,-43.31516,-13.095498,-20.56963,-3.6755705,-34.477093,-5.773242,-5.7793856,-9.30542,-13.471779
SF,a,14,IDS,110.64774038424213,172.20412648181593,-330.3102,65.80237,-100.97089,-20.014767,-40.85472,41.41641,-30.40985,6.028881,-18.490274,6.405614,-13.731125,-0.41725177,-2.6523235
SF,a,14,IDS,118.82293209084467,113.49817427210951,-261.16357,48.957764,-122.3819,2.4799523,-36.369576,14.689143,-28.136272,19.879047,-5.716716,0.03883773,-10.312983,-4.955984,-1.6324446
SF,a,14,IDS,119.63378689323484,164.37666618719504,-251.38997,60.108276,-85.19267,-11.391542,-32.206444,-11.272605,-18.714752,2.508732,-3.4655771,-6.0025344,-30.50668,-13.682487,-11.297466
SF,i,14,IDS,209.63757631681403,71.75171936739844,-340.42413,15.084202,-33.08548,64.0028,-48.717873,-18.838709,-41.63668,7.911689,-38.54672,3.9055357,3.1120186,-9.4493685,6.273647
SF,a,14,IDS,233.61809322745785,74.36087279896242,-243.12643,85.94499,-74.30153,-16.913105,-6.666028,28.346443,-24.248306,9.837915,-1.4386578,20.265577,-22.591194,-15.006363,-13.225921
SF,i,14,IDS,256.4700122654883,155.24462917676374,-289.6658,7.9741755,8.543081,63.809734,-74.67012,-42.47186,-37.98436,-21.579098,-43.128082,2.525494,-1.8487713,3.1128817,-5.53713
SF,a,14,IDS,266.09726313280095,105.6707139774744,-391.3776,83.20777,-63.57187,-7.5808916,-16.490047,8.369756,-35.463264,20.602674,10.620071,5.178844,0.3452921,7.547987,-13.292141
SF,a,14,IDS,267.9817986079864,96.5386769670431,-395.98428,79.293365,-52.464233,-0.5676662,-20.72976,5.5331645,-51.55409,7.29156,0.14577201,11.1111965,2.5357761,6.9203444,-25.015736
SF,a,14,IDS,288.86787291269127,97.84325368286773,-344.61157,78.39609,-83.85344,-19.355242,-43.439877,1.2487468,-12.766505,22.887056,7.5572195,-2.20683,-15.205575,1.1306791,0.24663627
SF,a,14,IDS,301.7631445958707,97.84325368292457,-236.19376,67.84334,-50.909336,0.9731183,-32.527782,-3.6497176,-42.612072,4.052797,0.9125763,20.116722,-10.62355,-25.25715,-25.659372
SF,a,14,IDS,302.9403495356001,187.85904707112877,-367.71555,70.33872,-41.36876,-20.166113,-23.660511,13.328026,-17.749949,3.4066334,-1.9444555,4.068945,-32.63763,-1.773938,-9.898161
SF,a,14,IDS,304.11646264949474,73.0562960832799,-247.46121,53.820404,-106.419556,-5.761935,-50.286552,0.33828583,-36.19638,6.946661,0.7110255,23.47498,6.1618314,-26.283073,-26.481207
SF,i,14,IDS,308.42433781919345,208.73227452341325,-425.55276,55.52401,-17.87199,54.639534,-42.05995,-3.4622886,-37.701492,-1.0129012,-13.300086,-28.40969,-5.6771035,-6.94976,27.71666
SF,i,14,IDS,325.7269379289978,168.29039633449838,-450.2186,56.511745,-6.4049892,49.66697,-14.006353,9.44141,-18.02623,-5.4669304,-34.54949,-19.416958,-32.412384,-4.5535946,-17.663382
SF,a,14,IDS,346.2387974314429,90.0157933882042,-249.71602,54.927185,-69.53937,34.67794,-37.84443,-19.127277,-50.379078,4.7622833,-6.2904196,17.416153,-9.384237,0.8989782,-1.7296426
SF,a,14,IDS,353.14951657182746,84.79748652513308,-294.9651,67.49349,-57.85003,-31.598347,-30.102955,-11.626482,-36.10552,12.403209,1.4623315,-11.689524,-15.781482,8.329089,-34.237087
SF,a,14,IDS,354.4261143949441,131.76224829288685,-266.02652,42.173584,-87.27765,-25.619944,-15.406872,-1.9713053,-36.136116,-14.856245,-15.092056,-8.405785,-13.804825,2.6739862,-29.437777
SF,a,14,IDS,369.8430225995141,109.58444412477775,-309.53494,85.73513,-61.98177,33.051323,-41.023136,-5.788578,-56.63704,10.722346,-15.922654,0.1919806,-12.266708,-3.748569,14.243981
SF,u,14,IDS,393.1777600001334,70.44714265163066,-326.68082,105.65005,-60.64405,-14.196045,-47.42198,8.579914,-47.691475,-10.941858,-6.340888,-27.162367,4.4585342,-27.727964,-34.43399
SF,a,14,IDS,393.9846315656417,117.41190441938443,-344.7897,56.69957,-81.63689,21.072992,-35.27446,-22.080677,-38.19754,18.355824,4.664337,3.9425437,-3.68253,-6.043227,-23.405151
SF,a,14,IDS,394.2437150214762,58.705952209720635,-358.8268,47.75202,-30.928871,22.883148,-23.16169,-26.848763,-63.699665,1.064993,-13.432637,12.979059,-22.572268,-5.680271,-5.332016
SF,i,14,IDS,394.4080916876634,84.79748652518992,-379.69614,10.481945,-14.066084,60.2234,-19.42533,-25.167702,-55.822784,10.797766,-31.529892,-1.4611418,2.1578293,-18.845476,-8.6790695
SF,a,14,IDS,394.5737729305664,87.40663995672548,-326.42947,50.398087,-86.14642,27.359604,-60.89067,-25.5362,-35.748386,23.911879,6.8902082,3.2179139,-6.023414,-19.698322,-0.19307628
SS,a,14,IDS,19.698571836487027,122.26893290379692,-378.8801,65.1319,-35.62198,10.0451145,-29.72115,-18.74691,-20.748722,17.926058,2.9256668,1.6010631,-7.091465,29.560299,1.8401245
SS,a,14,IDS,19.881975235842724,47.60914201563793,-322.75903,49.17476,-54.97225,-2.9612687,-38.056778,-13.653406,-21.637783,-6.0808883,-22.704247,10.418421,-15.189268,3.492282,2.8664446
SS,a,14,IDS,20.104358615264605,47.60914201563793,-378.18207,71.828094,-51.64936,21.03597,-9.332926,-12.264443,-25.016834,3.5594978,-4.396445,24.35632,-16.106022,10.140526,-4.6412144
SS,a,14,IDS,34.268848759649444,88.72612830187876,-308.2706,57.224514,-64.16856,-0.58982253,-2.559003,6.379648,-30.426992,-0.2493222,-17.54993,3.3012977,-28.893927,-1.1149966,-1.9552268
SS,i,14,IDS,35.935573600691285,49.773193925446435,-348.19278,11.741746,-26.755795,49.609756,-41.646805,-4.236325,-16.856087,-25.630707,-28.001352,3.287243,-14.6634445,6.214596,-19.780048
SS,a,14,IDS,80.82881004183696,64.92155729405624,-361.48135,73.993835,-53.998516,26.311947,-18.309546,-15.683769,-22.539927,-4.108668,-11.30234,10.165569,-6.291624,-1.3365816,-14.481653
SS,a,14,IDS,84.74197083800689,47.609142015645034,-304.46875,76.819786,-64.85741,-4.9856977,-20.132507,-24.179787,-6.5265822,-7.224082,-9.07241,9.98819,-42.305805,2.9347548,15.2882805
SS,a,14,IDS,90.67128192296715,57.34737560975134,-354.6399,103.65199,-59.11727,51.808216,-36.765263,-24.67474,-19.463127,-23.64367,-2.199421,5.0846395,-27.16893,3.4896255,-10.803932
SS,a,14,IDS,99.72570907481187,157.9757894155307,-454.49667,61.28634,-40.350594,14.260545,-35.174255,1.2713834,-22.354069,34.021942,1.7979599,16.717909,-0.6578507,-8.61545,-17.850063
SS,a,14,IDS,102.15702922505255,60.59345347443923,-405.68146,93.959564,-76.8027,59.05079,-41.397022,-8.469007,-13.476496,-58.61958,11.910198,8.99718,-21.231102,10.284677,-32.990135
SS,a,14,IDS,117.31689336726448,130.92514054301319,-422.878,95.82115,-52.009087,8.0155945,-8.440834,14.744767,-17.076382,3.1360412,-0.063584685,16.862103,-13.088425,-5.470335,-7.4683676
SS,a,14,IDS,207.59702051092216,81.15194661752412,-378.36972,101.21507,-72.99007,37.55095,-29.2219,-28.491453,-37.242195,10.081734,16.078262,19.208778,-13.821045,0.69383717,-13.0558605
SS,a,14,IDS,223.21964625044487,112.50267662677516,-464.95706,81.260056,-34.92666,-4.969832,-18.701765,12.787613,-18.322987,6.2210813,-14.146592,2.5148203,-7.537629,-7.4093046,-6.8495235
SS,a,14,IDS,226.18473586353133,61.67547942933993,-379.19025,140.59558,-43.89978,36.419605,-2.0203118,-10.528242,-43.63344,9.937859,-4.942038,6.8262186,-8.441769,-2.0523095,-13.844309
SS,a,14,IDS,227.7611220098377,66.00358324899958,-365.61264,125.09259,-69.60553,12.130676,-51.197723,3.3427024,-23.72857,3.570672,0.5064981,-11.019424,-2.5104532,-29.471552,-3.8862247
SS,a,14,IDS,228.25111047854253,67.08560920387185,-399.61002,136.93149,-88.47974,3.4298663,-43.40226,-42.06343,-25.790768,20.053963,-1.4730729,-1.5284173,-8.659575,-0.32937133,-6.925146
SS,i,14,IDS,232.414829218956,106.03854358029707,-484.09296,74.50073,-22.054005,45.30455,-32.49807,0.19012988,-19.405933,-3.2129786,-30.852154,-22.512972,-14.187519,9.393827,-12.747592
SS,i,14,IDS,341.9714876893854,49.773193925432224,-402.85855,65.7155,-1.516782,29.10695,-27.58029,-2.3552585,-14.477462,3.6834028,-22.8727,-1.2606834,-28.41248,-7.528063,-7.8893166
SS,i,14,IDS,352.2706914498545,68.16763515871571,-397.42966,51.46939,-5.9996347,77.1604,-26.113125,-8.777775,-23.041279,-2.7175999,-34.32714,-5.227273,-1.866961,7.281515,-30.25499
SS,a,14,IDS,352.7327165325971,81.15194661758096,-285.29602,91.057175,-52.478477,0.4172656,-28.116562,9.446806,7.391369,17.599422,10.171891,13.423938,-23.35857,15.35202,-5.959796
TL,a,11,IDS,11.83210248864991,108.43018065166099,-408.06293,91.01228,-85.19749,1.3164515,-11.936921,7.2368894,9.945093,33.14289,-13.35537,6.3827696,-27.6969,0.9876102,-4.127038
TL,a,11,IDS,18.078079358485223,353.3548240060078,-420.27417,74.9248,-74.32388,-10.830004,-14.897599,23.529045,-4.755683,17.937172,-7.91068,10.138099,-16.128141,28.128975,-15.143197
TL,a,11,IDS,23.22280314493597,88.0197937054703,-471.5748,86.19115,-77.718155,12.42765,-33.803406,-19.003197,-13.2506275,18.05965,8.336722,8.873549,-33.608795,-6.473827,-17.588432
TL,i,11,IDS,23.596568355888166,118.63537412476077,-423.94632,67.11799,-1.290852,41.123093,-51.635864,-33.064075,-6.7720118,-15.804602,-12.631229,6.322357,-18.465729,-26.292656,-10.886948
TL,a,11,IDS,24.55709681405949,72.71200349581974,-340.87234,95.59456,-123.4012,39.335213,-26.671665,26.069908,21.270653,-1.2839417,16.102184,-3.812457,9.847296,-12.368097,-27.246231
TL,i,11,IDS,44.62768113746775,76.53895104823505,-495.29623,74.027695,-5.8759804,42.59034,-34.760406,20.499607,-18.366138,18.220387,-8.732506,-5.9828196,-36.487232,-21.990395,-40.481804
TL,a,11,IDS,47.235388651273055,68.88505594340444,-336.86478,27.016502,-85.43379,5.33692,-32.780613,10.828453,-11.207968,40.79532,-27.292173,2.4732435,-24.00196,15.26652,-25.9637
TL,a,11,IDS,63.35953649032555,241.0976958019333,-473.41135,8.629313,-45.347458,10.898288,-16.508032,27.611322,6.1048536,38.485573,-0.043037355,-2.7642722,-18.809689,24.156307,0.6656319
TL,a,11,IDS,67.33840770995717,43.37207226066653,-426.1187,107.42021,-6.8241177,70.7113,-30.679974,-22.649574,-31.044254,19.508804,-0.29658663,23.432734,6.3186016,2.2962365,-6.7725616
TL,i,11,IDS,88.9157848305425,140.3214102550976,-438.01636,77.07503,30.078297,55.2418,-41.405464,10.350635,0.6982082,-1.9183004,-33.667137,3.8072703,-27.487818,-1.2908646,4.1985283
TL,a,11,IDS,98.74094797897934,30.61558041930823,-378.94095,66.467064,-75.959915,-22.018723,-24.102999,54.953033,-0.8612169,17.331459,-9.7102995,6.2587357,-47.783348,-7.9605045,-30.46106
TL,a,11,IDS,100.73298853144334,79.09024941649534,-451.68347,102.62056,-43.773468,22.782295,-11.589893,-8.609542,-22.84337,21.483644,-3.5890272,8.638344,-19.20826,0.4962755,-0.9725137
TL,u,11,IDS,100.92152759321814,63.78245920686254,-527.86194,97.460846,-6.0296326,17.838179,-1.2998993,23.908978,-8.313684,-1.077893,-33.855644,-28.082598,-28.789589,6.14445,5.9512806
TL,a,11,IDS,101.96950286870457,81.64154778479826,-443.43112,72.81415,-80.20082,14.504659,-21.75949,16.456799,-39.918846,1.4860057,-1.5733937,-9.499689,-23.720036,11.57365,-10.079341
TL,a,11,IDS,199.83288428290405,79.09024941650955,-309.09656,-13.68718,-31.06123,4.601043,-18.224909,-0.7632456,-13.379646,1.9422491,-35.008373,10.761412,-26.272964,-0.46773848,-7.7802496
TL,a,11,IDS,210.9742084933316,38.269475524117524,-386.02234,79.12665,-77.056274,32.53035,-49.80105,-5.145841,-25.547802,10.37421,-2.6967623,-16.593796,-2.8723025,14.118458,-8.267588
TL,a,11,IDS,243.9746137169189,107.15453146750065,-410.67694,78.63324,-26.29108,23.619846,-12.470656,-7.931854,-34.997623,0.13664794,-17.146542,-8.09539,-27.472843,-7.860074,-7.1901073
TL,i,11,IDS,247.4555714769048,67.60940675926008,-421.2579,91.227066,-8.219951,31.354153,-49.912743,17.936157,-19.853014,-2.3701308,8.871227,13.799015,-10.772335,-35.767303,-19.300589
TL,a,11,IDS,263.1889898584964,77.81460023238651,-367.02206,68.20537,-23.117077,6.4314027,-59.806976,-7.0953436,-10.949371,16.547365,-4.4818316,1.389785,-24.620453,5.675679,-5.5640125
TL,a,11,IDS,263.8620480634835,79.09024941653797,-397.83932,60.823574,-37.88311,7.345319,-38.23248,18.050428,-5.0974884,26.158558,13.241602,15.821144,-21.085587,7.9558043,-13.171192
TL,a,11,IDS,286.8227594357039,278.09152214189226,-320.4476,57.11891,-99.52984,-14.232607,-0.7427526,19.119772,-0.63280606,-0.22089279,-14.071156,8.645256,-13.242417,11.060118,-15.888271
TL,a,11,IDS,288.0779628554108,163.2830955695681,-208.63213,71.59823,-40.531303,39.381767,-16.82092,10.880883,-34.180046,10.715164,-16.704895,-5.521306,-16.352882,12.9022,-20.998463
TL,a,11,IDS,333.3646852825425,61.23116083858804,-381.7084,62.00876,7.350805,8.465609,-26.622877,-4.7753887,-9.323999,13.822673,-8.391067,3.7800522,-13.29163,12.348461,-16.49921
TL,a,11,IDS,350.2936085896633,61.23116083858804,-346.4515,29.435108,-29.067028,14.49996,-39.99411,-15.087869,-15.386134,23.632706,5.830377,-1.5368047,-19.374714,-17.216583,-33.219757
TL,a,11,IDS,353.97067795724934,91.84674125788206,-373.71332,35.1932,-93.49646,2.618363,-25.420643,37.4581,-15.752445,4.8667483,-0.21387407,-2.956742,-18.736626,-3.0722947,-0.5861162
TL,a,11,IDS,359.0878255573232,81.6415477848409,-353.04382,14.216944,-40.06762,-16.723402,-11.194473,10.809607,-32.778503,6.685041,-9.41185,14.494855,-6.5396004,17.02437,-5.147464
TL,i,11,IDS,360.69022366367176,162.00744638541664,-322.74545,8.414835,25.503605,27.110159,-39.58142,18.030022,-30.068386,-16.45465,0.10669833,-5.1185074,-9.3631315,0.6653786,-1.9983411
TL,i,11,IDS,361.932735439739,61.23116083858804,-418.67526,42.563934,38.65917,17.234596,-49.143555,-1.3308142,-33.51674,10.883486,-24.399097,-2.0909696,-31.565489,-18.427649,-14.640289
TL,i,11,IDS,362.83915609614417,150.52660372816717,-380.96948,21.229923,46.347237,45.837368,-61.504173,13.53885,-18.834854,-23.12959,-1.867218,-7.429926,-5.7550116,-19.51168,3.5294285
TL,a,11,IDS,364.3734272293416,48.47466899718711,-408.07837,81.978806,-13.009581,48.493702,-25.414618,-13.520255,-35.03981,-2.255588,-17.693176,-1.150603,-14.233311,-1.3360977,-7.466483
TL,a,11,IDS,365.92163618464497,84.19284615308698,-407.48935,23.405994,-61.734627,-8.574093,-19.534817,23.659239,-17.078041,4.5378494,1.315645,1.1409745,-32.925312,11.235374,-6.953936
TL,a,11,IDS,367.21993815805774,66.33375757513704,-372.04398,65.84619,-101.165855,-4.591577,-15.594063,47.763466,-25.30076,13.708921,-15.91264,8.125309,-9.855052,9.612422,-17.53265
TL,a,11,IDS,369.6979491711164,107.15453146758591,-466.0582,82.71678,-80.6065,1.8030534,-19.821373,33.5085,-27.919321,-1.5265459,-2.8959293,-5.508748,-21.341038,8.2120495,-7.4009056
TL,a,11,IDS,371.0079925361009,62.5068100227395,-375.5242,84.73956,-98.88808,-8.398245,-41.39625,2.6468265,-37.152725,11.128758,7.114624,1.7217846,-9.934271,0.85634065,-18.117008
TL,a,11,IDS,380.7976391148603,107.15453146758591,-289.74573,20.869759,-71.79895,20.235962,-14.527403,5.3287907,-2.6271012,16.204899,-25.123518,-9.365635,-17.882914,0.4522829,-35.930122
TL,a,11,IDS,381.7443370394852,57.4042132861905,-323.81107,30.424198,-48.358532,24.763939,-48.899094,-25.679558,-35.13983,3.3810077,-5.444912,4.7179728,6.2275352,-0.9148035,-19.030499
TL,a,11,IDS,383.11717017125056,45.92337062894103,-354.88138,106.77019,-75.40132,46.688576,-58.836403,-20.419956,-36.002384,-7.9666386,17.765997,-9.304837,7.541779,-15.689072,-7.935075
TL,a,11,IDS,406.22851896719584,51.02596736543319,-384.8951,55.93516,-67.055145,11.501171,-39.92363,41.28685,-13.3113575,11.283997,37.014526,-5.4188237,-18.594967,-6.0740566,-23.088203
TL,i,11,IDS,419.791999145134,48.47466899718711,-392.03116,50.61579,-9.652301,1.7298882,-80.53739,1.5346677,-23.48021,3.39469,-5.661377,-0.28417468,-29.339878,-3.440426,-15.78507
TL,a,11,IDS,422.287719517853,77.81460023238651,-424.78238,67.64795,-4.1177588,14.931393,-38.628242,-8.059797,-12.216456,21.50132,-4.6833096,2.4163158,-23.906174,-5.4973583,-24.647892
TL,a,11,IDS,553.9851299278303,95.6736888102796,-427.88306,106.308655,-49.4404,32.66462,-18.655094,6.0888257,1.0696957,17.740852,-15.011171,1.861913,-1.967824,-0.73508084,-15.415528
TL,a,11,IDS,554.5506103538771,70.16070512747774,-491.83633,107.11733,-37.316776,11.510404,-8.094454,14.846422,-6.221397,26.848536,-2.1883683,-3.7583122,-17.538063,12.776065,-23.748055
TL,a,11,IDS,557.8022377489137,57.4042132861905,-474.8535,124.207825,-34.19616,4.307333,-21.045818,37.53958,13.046454,18.383434,-4.5877514,-7.1810255,-29.332178,-19.862532,-12.845846
TL,u,11,IDS,561.3962401906134,73.98765267998897,-485.95325,73.66431,-14.491011,-15.655675,-38.041378,-1.925221,-29.751709,17.266548,1.14168,-1.7945865,-29.170576,-2.0582187,18.599117
TL,a,11,IDS,581.8438896679309,51.02596736549003,-391.65695,76.04836,-30.823517,39.91729,-52.107193,-26.825426,-18.196754,0.13465118,-7.11851,7.1050644,-9.972382,-18.618353,-34.405518
TL,a,11,IDS,591.8122120131854,233.44380069704584,-482.56622,91.05647,-25.232521,-1.6323973,-14.12513,15.42812,-2.360921,11.691908,-15.135527,-10.761731,-19.461586,16.74508,-4.8963313
TL,a,11,IDS,595.9728243326352,61.23116083858804,-461.23196,101.05531,-78.63129,11.717403,10.823027,2.9059708,-8.019091,17.32285,-5.653866,-2.3801596,-9.504473,-16.497967,-29.189165
TL,a,11,IDS,596.8657787615311,68.88505594349681,-379.76086,88.49562,-103.74196,38.946827,-18.707302,25.501936,-2.6192257,11.479784,2.8179007,-15.510034,1.9552615,-21.884857,-10.0521965
TL,a,11,IDS,605.4927783975108,70.16070512747774,-381.75436,68.76939,-53.668846,12.411077,-15.558354,28.441252,-26.407112,9.408343,5.92813,2.1235604,5.609755,11.030858,-13.417984
TL,u,11,IDS,620.7832340847319,79.09024941648113,-440.05933,82.86842,-26.910694,16.168331,-12.058994,-19.157791,-38.9147,-12.228564,-15.907249,11.136753,-18.28078,-13.096996,0.710307
TM,i,24,IDS,99.16469283248964,106.56206690784131,-392.5802,106.64916,-29.924541,25.499762,-52.847805,8.980434,11.620346,-14.886337,-36.37976,-9.381402,-13.222511,0.98294437,12.576141
TM,u,24,IDS,105.43570285023576,53.28103345392776,-402.48746,127.23886,-9.027754,-17.97118,-58.438057,-29.621973,-47.179176,-20.960953,-20.05246,-39.108864,-40.92347,4.1800194,-8.0288315
TM,a,24,IDS,108.38217633205932,126.38756772790316,-479.90186,108.945724,-57.607494,2.5315218,-21.355988,4.2593513,-42.64701,-24.302517,-6.2777977,10.863472,-7.913954,8.347442,-6.595355
TM,u,24,IDS,190.79639142543888,138.77850574047557,-465.21478,143.57559,0.85039276,-9.014132,-74.468025,-20.421394,-30.597544,-12.821942,-10.082907,-11.54154,-13.141755,-16.850752,-24.333542
TM,u,24,IDS,192.49870552540816,130.10484913169762,-495.96747,117.5182,-21.037628,-4.034182,-47.816307,11.731697,-13.2998905,-0.6021764,-27.798218,-13.855732,-20.204065,-18.315334,-15.434031
TM,i,24,IDS,199.92409522711503,76.82381567775565,-418.07498,36.44686,37.647396,25.4156,-41.402924,-14.911533,-20.897007,3.5412736,-31.356266,9.582671,-12.798407,12.143732,-1.43093
TM,a,24,IDS,221.65743204189164,68.15015906900612,-408.22174,133.94864,-62.36753,-21.564007,-25.573837,-0.9587148,-45.75282,-2.791091,-9.350263,8.339215,-4.3284864,-3.7916675,-17.148169
TM,i,24,IDS,238.12126837057505,123.90938012543984,-461.45856,103.30497,-8.418482,55.112206,-54.291565,-25.089975,-18.789202,-18.83057,-30.237453,-6.461513,-8.983537,-7.8422785,-11.276491
TM,u,24,IDS,252.3566373485096,60.715596261445626,-347.3231,70.7806,-23.324196,0.9134203,-21.41072,2.7012913,-39.148872,-28.963917,-52.792614,-24.759247,-10.452174,-1.315913,-17.674614
TM,a,24,IDS,258.1681624065778,53.28103345391355,-416.9763,79.3736,-4.319171,9.288137,-18.48944,0.82554686,-16.908344,6.8564134,-12.501576,7.536274,-12.064516,9.024865,-17.02391
TM,i,24,IDS,280.60044514896896,55.759221056405295,-439.12677,97.858246,-24.946383,27.171902,-41.826736,8.199681,-25.069656,-16.283203,-30.463726,-6.321153,-23.898682,-9.114745,-10.836503
TM,a,24,IDS,291.71826085848824,83.01928468404185,-423.1235,113.05943,-75.62316,5.3033433,-13.749641,5.3719277,-24.859657,5.737836,-18.84856,12.169025,-9.650362,3.7961602,2.4412405
TM,i,24,IDS,295.5378153680118,54.52012725515942,-370.92535,106.87577,-23.400871,62.682518,-50.440567,-7.6705656,-28.560894,-14.826836,-25.12838,-14.219942,-15.623701,-8.22651,6.1055317
TM,a,24,IDS,379.711962423124,64.43287766524008,-407.78983,102.14601,-27.063435,32.89099,-39.963585,-9.503164,-24.033403,-9.48056,-36.6077,-3.5765285,-10.135183,-0.48980254,-16.398853
TM,a,24,IDS,524.9483127833334,43.36828304383289,-389.6646,75.97609,-55.052197,8.669166,-3.4684548,10.530321,-18.631393,20.783056,-13.765215,-4.935905,-12.474364,18.151115,5.95057
TM,a,24,IDS,525.6477812341412,49.56375205006225,-388.0117,92.974144,-45.895447,2.5694885,-20.519146,2.299356,-17.681065,26.86832,-16.619867,-7.952977,-6.384892,3.233262,-16.909342
TM,a,24,IDS,530.7559748095377,59.47650246014291,-393.39676,88.19379,-11.431456,20.619633,-8.404545,-13.176994,-26.969873,-9.2331085,-21.25151,3.3228486,-9.241606,19.567453,-6.746917
