spkid,IPA,AgeMonth,Register,time_start,duration(ms),mfcc1,mfcc2,mfcc3,mfcc4,mfcc5,mfcc6,mfcc7,mfcc8,mfcc9,mfcc10,mfcc11,mfcc12,mfcc13
AF,i,20,ADS,1.999973207740104,62.07578095420008,-317.37747,132.44608,28.53155,31.1067,17.670164,-3.7226505,-48.510864,8.347176,-23.422783,6.606126,-27.16827,18.230843,-7.569419
AF,e,20,ADS,2.136802217871544,54.207019988174565,-346.66788,139.30057,36.557716,55.338673,4.0784464,-15.583231,-31.79635,8.438393,-36.472527,-10.388389,-14.661259,-4.4229374,-13.848734
AF,æ,20,ADS,2.822306836628014,74.31607579023903,-270.0233,122.14248,-7.1463923,38.639297,2.6094618,3.8136127,-17.324333,-7.12961,-17.199118,-8.259581,-23.09085,-10.044474,-15.192491
AF,i,20,ADS,3.0242290987596654,34.972270960112795,-274.40338,121.594536,14.13766,52.562874,-9.960512,-27.868307,-33.75518,10.078199,-25.602486,-5.4444385,-6.4234066,-3.7263196,-16.063541
AF,e,20,ADS,8.834217516623287,70.81884869422872,-276.61182,123.47561,-37.667534,59.307037,-46.216347,-25.165474,-46.368053,25.311775,-33.81734,-25.149082,-10.174692,-26.62691,2.6055102
AF,u,20,ADS,12.45924581470233,89.17929094828558,-343.577,157.9714,23.665958,22.97774,-27.805603,-1.4749004,-16.432129,-22.794868,-22.662502,-11.462401,1.1454993,-10.411335,-9.878979
AF,i,20,ADS,19.53247030960732,77.81330288625199,-253.10478,116.19767,-7.026554,29.50476,1.5863279,11.983484,-31.240591,-12.412985,-7.7874603,6.7167244,-28.509857,-2.9872167,-3.1925678
AF,i,20,ADS,25.383912437254683,44.340436931641136,-308.21143,134.0238,42.30945,69.97461,-31.185192,-0.65945506,-11.692423,-14.787237,-20.645271,0.543436,2.0076056,-4.2972555,2.8148117
AF,i,20,ADS,25.65696061830775,66.5106553974546,-344.77237,182.95679,12.586216,54.857414,4.369052,-5.709722,-40.578575,4.1007357,0.5194156,0.69576263,-2.870351,-6.66369,10.76976
AF,a,20,ADS,28.37301182021075,124.43929074362714,-238.68622,121.66466,-25.628849,-8.390681,-2.988701,17.845171,5.943704,9.51059,9.816127,16.950571,-31.847542,2.8779833,-0.20169663
AF,a,20,ADS,28.936487113486155,97.97806225216732,-246.53694,151.7135,1.8174124,0.9316492,-8.412824,20.477016,-3.0632887,5.262887,-4.014661,8.057878,-19.320503,-6.170135,-20.277506
AF,e,20,ADS,31.16991831461829,43.62526859403104,-278.7857,90.79268,10.449204,81.96591,-51.893635,0.12445247,-20.25422,-9.749474,-29.583755,-13.252736,-10.797437,-9.259562,7.7849007
AF,i,20,ADS,31.37321694757716,63.64998204702843,-292.09134,79.627785,14.666035,79.14757,-61.69194,13.649075,-0.48919028,-14.191904,-20.348011,3.5162263,-26.835964,-22.597057,14.120221
AF,e,20,ADS,32.503988874736606,45.770773606847115,-387.3187,135.10721,18.495245,55.30574,-33.919,-3.3172607,12.992796,19.278051,-11.426834,-3.306253,-30.768951,-18.983303,1.820941
AF,i,20,ADS,35.7106401922936,73.4800758915597,-322.6242,108.02668,28.706663,85.39789,-45.22307,0.7891107,-8.110899,-18.052887,-19.575298,17.817446,-17.15172,-17.40349,1.0945282
AF,e,20,ADS,35.960195167019656,76.25290894407044,-220.43315,114.11824,-29.659569,96.22109,-39.20904,-27.999668,-9.024488,-9.282478,-15.704696,5.5607963,-5.2151756,-9.04579,-16.71783
AF,a,20,ADS,36.92791390234623,48.524578418955855,-231.9914,128.28722,-26.583233,66.81334,-3.775424,-22.309893,4.5040092,27.658463,-11.577751,2.9224322,-0.84533644,-7.752706,-16.65251
AF,i,20,ADS,38.020255129542704,103.98123946918503,-291.49832,127.608765,24.535265,67.984085,-32.103935,-3.7043557,16.578037,-0.7394387,-29.495926,7.531681,-4.270193,-4.78362,-19.75224
AF,i,20,ADS,40.43487461733713,42.97891231392725,-334.06134,116.52211,38.55442,72.44392,-14.899318,-0.8990203,3.446275,4.5145245,-33.36269,-1.9979215,-22.383732,-12.0186205,1.4897764
AF,a,20,ADS,40.5707434369102,45.751745366438,-213.49942,150.56604,-45.822533,24.607204,-27.97329,-2.257976,-15.436742,0.09513283,-10.416566,-16.079205,-41.809772,6.9479885,-16.078608
AF,o,20,ADS,40.76187230004897,31.88758010388426,-302.15256,170.24161,25.330183,16.663513,-26.071304,11.226259,13.942358,10.253729,-10.496031,-1.0309175,-22.31757,0.13063534,-1.4336094
AF,a,20,ADS,47.687673036630734,44.36532884018618,-224.53403,143.1922,-19.50496,18.184414,-8.056998,-22.522686,-29.095615,7.103301,6.20803,4.92601,-32.943077,-1.8712347,-13.232042
AF,a,20,ADS,53.29441469509996,70.70724283904894,-295.76028,166.97552,-56.1808,27.68518,2.2882888,-27.82891,-24.353874,3.6817765,-8.13529,-13.46442,0.83753324,24.003054,-19.250006
AF,e,20,ADS,54.1789484388512,40.206079261416505,-238.7057,128.97261,1.225968,52.441963,-10.43628,-11.86365,-5.710793,12.230341,-6.8677797,20.740568,0.18943453,-11.439989,12.967358
AF,a,20,ADS,54.39515479231862,97.0491568379046,-343.13492,175.16037,-35.153664,36.384117,7.5558944,-29.912418,-42.996964,19.493347,-3.4109368,-21.005516,0.6258861,-12.64152,-2.9432774
AF,a,20,ADS,54.543501360628,127.55032041553704,-350.75595,124.67266,-39.322426,48.852867,-13.44459,-17.29734,-0.6155324,10.225052,-20.018723,-19.86018,6.624404,4.328786,-39.36479
AF,i,20,ADS,75.48356927273241,149.73298483562303,-302.4602,109.2929,21.35455,91.27045,-38.347237,9.571308,-31.297415,-6.701107,-32.496346,-5.329092,-1.9749091,-19.566628,12.961945
AF,a,20,ADS,76.48701335428291,38.819662735164684,-237.60432,107.1055,-26.6029,55.207214,-23.361675,-19.810108,-9.366334,17.943256,-12.907627,-2.7368073,-23.312315,-10.861177,-23.725315
AF,a,20,ADS,77.27245993839821,112.29973862673148,-210.89377,136.34705,-37.19006,9.531177,21.552322,40.53321,10.714938,14.165638,14.3139925,14.696613,-12.13678,7.587369,-19.53073
AF,u,20,ADS,78.96112675985026,187.166231044543,-330.98203,150.32094,7.511132,1.7216351,-7.896148,-10.724959,-13.682775,28.027086,-26.151163,-16.950863,-12.2312155,-2.9036455,-8.558035
AF,a,20,ADS,80.55543401353415,70.70724283904894,-226.124,177.59206,-19.674706,15.787967,2.553359,9.364328,3.7637753,8.479466,-16.764307,-0.26643625,-24.395615,-9.728884,-20.537216
AF,e,20,ADS,81.59639458527633,148.3465683093783,-274.7467,106.330925,-2.4569056,35.925495,-10.441124,3.1477711,-17.656284,12.035398,-9.29425,4.566142,-34.199963,6.164054,-0.017654061
AF,i,20,ADS,81.99637575310112,44.36532884018618,-249.50563,101.079056,8.701315,35.655037,-23.399446,-14.278584,-17.033241,9.019384,-31.885342,-11.545336,-11.312482,-12.965071,-7.2057915
AF,a,20,ADS,82.53871434681552,58.229494102732815,-259.46875,140.89006,13.713393,-8.952707,-31.846272,20.401022,-12.01943,12.649471,-12.889618,-14.651669,-33.838795,-30.026031,-12.601028
AF,a,20,ADS,84.78048386449703,63.77516020776852,-279.82645,143.58363,-23.176704,17.227346,2.0861528,-6.088033,-3.3940248,21.740677,0.91517544,-19.906635,-41.82952,-4.3180475,-4.39358
AF,a,20,ADS,85.47576887929624,88.73065768037236,-277.33386,121.78945,-16.32264,22.836348,4.3852167,13.236877,-14.740864,5.9037933,-0.7638923,-28.188042,-42.392822,-10.035029,-10.470259
AF,i,20,ADS,86.58878723464855,80.41215852284722,-252.2423,132.95822,-10.436913,46.550537,-2.687173,-26.067318,-31.111504,12.527779,-19.966808,-9.098219,4.8248615,-14.562545,-13.437645
AF,æ,20,ADS,86.78080592353498,76.25290894407044,-263.9033,96.53028,-52.006966,61.295937,-42.187454,-19.957457,-17.310005,14.116026,-2.6055703,-6.200162,16.611996,-9.039628,-13.820164
AF,e,20,ADS,87.0030430414136,84.57140810160979,-260.90417,160.08292,-17.572714,-12.504755,-5.7081804,-19.092964,-39.295273,2.4917524,13.170675,3.8103154,-34.771564,-1.368263,-15.860073
AF,e,20,ADS,87.21031231208885,49.910994945207676,-336.94626,145.49846,23.456173,38.27001,2.1863945,-4.43433,-18.98003,3.2880864,-0.8914838,-3.7289133,-18.66897,-6.3724313,-25.778795
AF,e,20,ADS,87.29765655324297,61.00232715526488,-271.4343,139.46608,-8.598308,49.89374,-16.649498,-39.20961,-21.09159,1.0155525,-34.519196,2.3883152,-18.486176,-10.57501,-8.105446
AF,e,20,ADS,89.38536734854455,74.86649241781151,-204.97891,156.1549,-49.076836,52.91148,-37.475227,-10.720835,3.951937,26.20384,5.949274,4.778133,-16.200075,-5.8687086,-14.33778
AF,o,20,ADS,102.90223247460004,56.84307757647389,-253.74298,129.51236,-30.854836,64.780914,-12.69731,-4.8904433,-12.150882,-18.260147,-27.284817,-0.8818042,-20.124752,-20.401918,-4.5974307
AF,e,20,ADS,103.47274287515432,72.09365936529366,-272.18576,120.61696,2.9692829,3.426146,-39.925606,37.820217,-51.701584,-11.758139,-1.8562322,-2.7396436,-22.258106,-14.294273,-12.736248
AF,e,20,ADS,103.70872503855752,55.45666105024338,-326.05133,159.65985,19.199564,77.01599,-33.209618,-6.4015784,0.09639406,5.6257944,-28.814077,-14.322893,-15.17308,-19.931744,0.14371324
AF,æ,20,ADS,106.0786935898082,130.3231534680407,-291.9572,156.21564,-44.733337,38.468586,15.320617,18.5129,19.73248,31.275906,-12.018646,-13.526836,-27.143496,-2.879375,-5.9639897
AF,e,20,ADS,108.33114396602213,77.63932547031516,-287.3836,117.094055,7.031145,61.819313,-4.069754,15.936134,-11.255791,0.14827216,-24.415558,8.204215,-15.162897,-15.027538,-16.263657
AF,i,20,ADS,108.57861931595878,109.52690557422784,-303.37894,97.35664,36.440536,67.342094,-47.64733,16.66773,-2.7835124,3.4034824,-28.496998,2.9366112,-18.809834,-4.708022,-9.1266575
AF,i,20,ADS,117.31003957985854,63.77516020778273,-276.0541,117.71327,8.944552,76.602356,-51.860344,-2.3271246,-5.124919,-11.545761,-18.546125,-5.3426905,-14.73435,-24.817081,-8.584944
AF,a,20,ADS,120.60128765904253,54.07024452399867,-199.93329,151.21457,-86.29907,-2.9021952,-4.6536536,24.647099,0.790616,23.217762,9.134378,7.2554016,-21.743063,-17.723736,-20.263828
AF,e,20,ADS,121.8663984854872,61.00232715525067,-278.53815,87.11262,8.055439,63.978745,-1.2687192,3.8879852,-13.837416,12.474699,-19.814186,0.54547745,-22.361591,-20.884167,-19.39319
AF,a,20,ADS,123.016927584795,183.00698146578043,-228.38367,98.752754,-39.650826,2.4068763,6.175947,26.779436,18.79548,10.853401,-15.869218,-9.358082,-44.983635,-6.3073034,-20.998188
AF,i,20,ADS,137.90272403503494,69.32082631277581,-281.99307,101.69356,-22.788614,83.21659,-51.88266,-13.229683,-16.265768,1.6555549,-27.586174,-5.5981355,2.0688586,-20.203367,-6.10736
AF,a,20,ADS,141.90724466810428,48.52457841894875,-193.23924,82.37822,-71.122284,48.664276,-25.001186,-8.821541,12.751441,20.426613,-6.35613,-9.265072,-26.50745,-4.3208647,-27.273651
AF,a,20,ADS,142.17776237868978,76.25290894407044,-273.78632,136.91812,-41.082306,8.41539,-0.8556042,8.43367,-7.6465173,-6.425398,-14.789999,-2.001807,-28.959873,-8.204653,-16.348457
AF,o,20,ADS,143.635465982546,113.68615515300462,-336.18036,151.05331,19.534828,21.549362,-35.85161,26.674486,-9.431392,-9.587365,-7.8920016,-2.2955754,-6.0306277,-1.1594868,-19.969978
AF,a,20,ADS,144.2385571714673,49.910994945207676,-247.46834,173.48804,-35.57159,4.5964117,0.52556396,23.372303,6.123515,15.370266,-12.332965,18.44374,-8.707005,-8.16728,-13.490847
AF,e,20,ADS,145.44478691753756,88.73065768037236,-271.62564,111.88461,16.536411,67.52046,-7.639232,-18.731876,-0.20444405,12.304329,-22.471363,-5.801033,-21.409435,-1.6427819,-12.294579
AF,æ,20,ADS,160.7311802461191,77.63932547032937,-245.03291,100.168274,-40.461906,29.350777,1.7458472,7.7130938,-7.827594,-7.0425596,-11.037803,-8.992569,-42.318115,-10.281293,-16.449589
AF,æ,20,ADS,161.31208877062028,55.45666105024338,-249.02292,120.64484,-61.918144,56.92945,-52.096413,-28.034662,-13.084732,-1.151706,-36.74583,-0.3518467,-13.137267,-23.99418,-2.5338821
AF,a,20,ADS,166.78243488921885,83.18499157536507,-189.74065,93.95444,-53.5859,42.832832,-38.510677,35.194313,-26.32397,11.82004,30.350792,-6.4457116,-11.461372,1.6602736,-4.058182
AF,e,20,ADS,178.47492798909678,47.138161892718244,-269.87637,123.66884,-11.4447,68.34392,-13.766069,-40.41651,-35.221905,0.2548411,-26.549026,-2.7129307,1.6472661,-10.954776,-21.47894
AF,a,20,ADS,179.33797227669106,92.88990725914914,-302.4319,153.52725,-37.41817,28.815197,-6.8188343,13.20015,-1.2364049,3.984507,-8.455438,-7.5957603,-17.701777,-24.751678,-2.722781
AF,a,20,ADS,179.58500415031295,67.9344097865453,-200.06705,152.55115,-84.18007,15.741016,-11.470184,37.74932,-8.9273205,-14.362242,-5.07067,-8.615202,-44.998207,-14.122907,-24.857574
AF,i,20,ADS,180.75784078001496,54.07024452392761,-287.11682,36.807705,28.191223,43.514225,-3.6740773,-3.2878366,-21.242443,12.621389,-44.1169,-9.754141,-14.342857,-1.2532609,-22.217934
AF,a,20,ADS,181.15366269826097,38.81966273513626,-283.1855,174.77039,-53.25696,16.400331,-32.32351,-13.497759,-4.1495814,-24.01759,2.9927633,11.306315,-33.37616,-8.736613,-19.900192
AF,a,20,ADS,181.24100693941512,52.68382799772553,-276.3031,154.82669,-49.445255,19.625057,-53.93654,3.9126396,-21.105871,-17.811954,18.434887,-3.3686159,-37.883957,-10.791447,-14.229431
AF,a,20,ADS,181.71862743271024,76.25290894407044,-230.85641,146.98389,-43.656506,63.99063,-2.915308,-6.5896287,-2.0042553,21.372349,-30.4878,-36.48327,-15.979778,-2.977038,-27.741877
AF,e,20,ADS,183.3707982019286,85.95782462788293,-290.53287,133.03693,-34.939434,76.10043,9.84211,-30.318897,-33.33539,20.100172,-13.744488,-1.0445285,0.22681785,-12.003925,5.9509745
AF,e,20,ADS,186.51696339039808,58.229494102732815,-242.83418,116.92724,3.996585,63.85318,-19.62291,-15.07571,-26.781233,-6.2880826,-18.512074,-7.019577,-14.126156,-15.850107,-5.98328
AF,æ,20,ADS,187.4954132256028,90.11707420665971,-200.23685,139.6571,-50.47187,52.787605,-48.376396,-24.185844,0.38442063,11.733409,-16.69862,-12.429739,-12.499914,-23.609938,-28.521812
AF,a,20,ADS,187.6181110881764,149.7329848355946,-325.9086,129.66216,-49.39959,30.545658,-16.97712,10.703175,-14.706108,4.7849016,-6.767177,-6.832364,-26.539133,7.5177355,-2.3373306
AF,a,20,ADS,188.2943192475392,41.592495787654116,-283.63284,177.83011,-56.47428,18.255032,-10.324543,-12.352283,-12.207571,-3.676208,20.11496,18.407444,-33.590668,-14.633663,-16.085583
AF,a,20,ADS,190.23278502942927,135.86881957317587,-336.84988,123.67946,-5.0925756,6.1662674,-10.106989,16.528557,-12.345642,15.551756,1.629389,7.453163,-32.472275,1.81632,-20.852818
AF,e,20,ADS,190.6195952402548,55.456661050129696,-267.92816,129.95912,-4.6370535,35.453278,-1.1451247,-6.355829,-12.61457,13.3699255,-14.76409,-11.626458,-13.388355,-5.47835,-16.815037
AF,a,20,ADS,194.5516619816269,58.22949410276124,-245.25345,130.31937,-56.972122,22.249512,-2.8318138,-34.585953,-27.154383,42.660965,-8.57102,2.8462675,-13.69869,-13.161429,-23.581339
AF,e,20,ADS,195.7266973558564,45.751745366430896,-197.20512,86.87372,15.821928,72.44641,3.9254103,11.955621,-9.169529,2.708524,-23.919544,10.072979,-6.964034,-16.232199,-3.4488761
AF,o,20,ADS,196.19322651694148,119.2318212580119,-352.65604,172.69055,37.33058,44.59244,-41.04699,-9.244715,-34.42861,-8.860777,-8.18792,-7.910322,-1.3351805,-1.2327427,4.8617277
AF,i,20,ADS,202.3903017541283,92.88990725914914,-248.10712,89.83107,-4.632754,100.73877,-44.506027,-3.5193834,-2.6567464,-2.898376,-22.87698,-15.504107,-4.768676,-26.16808,1.7027091
AF,e,20,ADS,204.2339587456993,49.910994945179255,-222.40025,81.57232,-5.406987,73.41687,-44.700977,-11.952246,-17.46672,1.2498335,-25.502707,2.2672372,-4.959553,-11.199225,-4.89755
AF,æ,20,ADS,207.0210004318772,74.86649241783994,-176.4582,96.87036,-20.485313,77.30284,-39.10474,-3.604742,-0.93075335,4.05065,2.7241158,17.69043,19.685036,3.6187155,-26.292309
AF,a,20,ADS,207.10349221518936,90.11707420663129,-193.1582,108.756165,-55.3227,34.09253,-7.1982527,11.280576,12.92975,23.39312,-2.2123773,-0.7469127,-16.95309,0.62322944,-14.152426
AF,i,20,ADS,207.72183398589948,112.29973862671727,-269.74808,95.4268,6.1083345,75.85811,-14.704839,-5.9698286,4.950506,21.53463,-24.08498,-1.0827546,-6.0568895,-15.559713,-3.2062783
AF,e,20,ADS,207.976735136128,210.7353119908737,-197.89685,119.9987,-70.623055,26.719746,-25.34188,3.5270197,10.634453,28.57927,6.6825147,-6.2864895,-18.810297,3.555905,-18.170582
AF,i,20,ADS,209.8628859417068,113.6861551529762,-231.05084,123.50017,-16.295551,55.807533,-19.991558,-10.53061,-27.488832,-7.990553,-17.353159,-10.503689,-9.5726595,-13.461539,-13.817766
AF,o,20,ADS,211.05357949828465,61.00232715525067,-267.65347,146.64944,6.5221334,16.713076,-21.524204,-10.966446,-15.639191,-3.6350908,-18.884575,6.804201,-22.657139,-0.64105034,-15.41884
AF,a,20,ADS,212.65322718123468,98.43557336418485,-320.7429,160.04482,-38.4412,26.773365,-7.8727884,18.534405,4.141024,5.725312,4.275437,19.249197,-14.550547,0.20769319,18.019163
AF,u,20,ADS,216.7206274025278,45.751745366430896,-294.14938,110.25154,-2.8782215,45.613586,-10.533649,-32.517796,-17.12762,-5.3247123,-15.230299,-3.4007325,-15.996509,-4.109211,-18.591667
AF,e,20,ADS,216.8668943460478,72.09365936532208,-214.32376,116.05143,-40.55671,27.565685,-42.561913,-29.174068,-23.879147,4.1025314,-22.730675,-2.85507,-3.4073403,-7.5204916,-17.172138
AF,a,20,ADS,224.60531027433544,97.04915683786908,-199.30962,124.59092,-16.709023,52.86224,-44.60579,-8.328486,-21.671291,18.587101,-0.6635153,-14.843922,-15.251482,-3.2741036,-19.189075
AF,a,20,ADS,225.01014390000216,72.09365936532208,-253.8892,125.798035,-9.502688,47.07161,-7.823079,-16.001163,-7.045832,2.774372,-12.851197,-7.710042,-34.692024,3.5509896,-2.8301232
AF,e,20,ADS,225.73454653497083,51.2974114714666,-253.01048,101.912704,-10.7517185,60.95983,-34.888664,7.391122,-46.656204,14.037581,-8.488804,-16.198322,-7.2886424,-11.480392,-3.882487
AF,a,20,ADS,231.8280452601299,63.77516020776852,-243.78693,128.9322,-6.586043,47.625595,-9.557542,-11.444996,-4.6778164,8.035673,-7.8552103,-11.795505,-21.58745,0.5714059,-28.470448
AF,a,20,ADS,232.0131318663851,87.34424115411343,-268.69672,164.62032,-41.21789,49.87256,-30.668468,-31.145054,-26.24387,10.274293,-10.644508,-6.1401224,-7.4090357,-10.772057,-9.545874
AF,a,20,ADS,237.48596233721457,66.5479932603148,-232.68396,157.43079,-8.987896,32.101955,-5.671854,10.800933,-23.700195,19.839382,-5.2448816,-9.140886,-43.179417,-13.44189,-15.027117
AF,a,20,ADS,237.90258050335447,256.487057357333,-265.6084,152.22987,-34.189415,-2.4805694,-13.619364,23.263214,-0.9080235,9.726921,4.0844746,14.926233,-23.101501,-15.410463,-33.857018
AF,e,20,ADS,238.69068654702065,58.22949410276124,-213.46964,71.0547,-16.547726,66.05459,-56.024597,-9.050526,-10.617,-2.3907924,-31.49612,2.8952007,-18.486948,-18.335314,-9.461591
AF,a,20,ADS,238.78080362122725,58.22949410276124,-231.06255,138.41974,-20.184723,53.72664,-27.059101,-7.6151943,-5.8892717,21.845371,-9.942961,-2.2242088,-23.632885,-20.417843,-26.949692
AF,a,20,ADS,239.6490720914678,242.62289209477217,-294.7411,144.0759,-5.054539,29.695862,-19.223764,25.514137,-40.06797,10.288097,5.1961,-2.3968685,-27.675732,-23.924358,-17.220524
AF,o,20,ADS,245.63096428626352,73.48007589155259,-278.07706,152.8666,-8.754544,11.245752,-22.729465,14.544636,-12.8853655,-9.159157,-12.521952,8.3386,-0.016688004,-15.470555,-21.246399
AF,a,20,ADS,246.2902053444982,83.18499157542192,-247.64479,133.66054,-30.226624,42.02059,-6.759507,-5.2547107,7.6962566,44.887413,-15.861708,-15.773057,-16.562172,-7.8089113,-8.900202
AF,e,20,ADS,255.859842137612,51.29741147143818,-237.12616,135.58559,-38.591797,79.47006,-28.596527,-38.858967,3.5874543,2.0136864,-19.250685,6.7206736,-10.005428,-0.6532395,-10.675528
AF,e,20,ADS,257.5185761377753,108.14048904791207,-218.78162,107.88414,-53.50386,46.685974,-57.315475,-12.727659,-15.312078,18.819477,-14.82025,3.7156022,-3.275562,-10.544417,-5.999747
AF,e,20,ADS,258.001846352154,62.596853638467564,-205.4174,105.42085,-2.7858176,52.83189,-10.216274,10.893344,-4.2726054,36.791573,-11.742977,7.4026837,-16.515785,6.8625665,-5.7787843
AF,e,20,ADS,258.36103228743275,62.38874368153802,-231.4618,126.002304,15.118874,84.36473,-25.69139,-11.459194,-31.828938,-1.3379154,-17.512169,-12.152853,0.7341411,-3.3125405,7.914893
AF,i,20,ADS,259.327364606233,65.16157673405587,-261.844,68.995285,29.041512,39.175102,-3.2913656,-2.2514222,7.4830284,0.7425636,-38.700302,18.444595,-30.844555,4.33604,-8.415405
AF,u,20,ADS,260.0622543553676,278.669721777419,-357.0038,139.23781,14.592512,6.137519,-9.467283,0.9610169,-10.754206,0.5153785,-4.9482665,-0.54973096,-8.832706,1.2897019,3.9631324
AF,i,20,ADS,264.2607570554929,131.70956999431382,-373.40054,85.47995,23.377373,70.14561,-0.7515265,17.16703,-4.8782644,5.106305,-23.998613,9.336077,-23.027658,-19.095715,-10.287216
AF,e,20,ADS,264.61290685316186,323.03505061759097,-317.8056,131.86044,-14.042507,65.98833,-28.793987,-18.150143,18.55,21.994724,-26.009838,-8.592244,-20.111645,-21.151173,-14.107908
AF,i,20,ADS,266.04345621501807,137.2552360992927,-301.7966,122.05977,19.690575,70.91675,-25.97979,-12.660048,5.289667,-11.558899,-18.477797,4.282588,-24.335377,-10.432097,-11.705535
AF,i,20,ADS,273.3086046439554,90.11707420660287,-287.72192,114.330505,31.479885,64.40935,-63.420765,7.401002,-24.138798,-25.57206,-14.645488,8.357689,-23.379185,-12.980864,-5.8061476
AF,e,20,ADS,282.8989931898532,54.0702445240413,-262.76437,62.017868,20.882626,14.273446,-10.22229,-10.380075,-12.984205,23.595318,-26.734955,-3.6520448,-29.40132,3.710513,-33.601875
AF,æ,20,ADS,283.1436957067374,99.82198989041535,-221.02675,139.6402,-61.138054,3.4123483,-13.483104,2.6646404,6.78659,2.1528127,-2.116148,-10.567797,-40.38943,-8.944658,-13.011506
AF,æ,20,ADS,285.52055471862803,97.0491568378975,-245.08267,132.27116,-18.822025,69.22857,-36.331577,-17.614452,2.0406294,13.999891,-20.061985,10.333055,-4.7351017,-17.03888,1.3349428
AF,o,20,ADS,287.1887525218812,113.68615515294778,-319.25443,197.19388,14.774574,-5.6924086,-19.965324,14.87542,-8.953986,-18.291035,-29.072838,3.8483872,2.1948223,0.46318164,-11.364414
AF,a,20,ADS,289.9637599356373,92.88990725912072,-333.8916,160.91063,-17.580383,35.516846,-11.003947,0.934007,1.5895267,13.497772,-15.785219,-16.697563,-25.333965,-10.413378,-2.9333403
AF,a,20,ADS,290.26322590530856,59.61591062902016,-289.47165,144.71686,-19.57798,50.935448,-21.54014,-3.6018648,-27.764973,6.3338556,6.8120956,-19.489094,-22.621456,-23.780884,-13.113529
AF,a,20,ADS,290.86102403319137,105.36765599545106,-324.4765,168.55072,29.59499,46.005234,-13.430901,-12.034784,-11.563867,9.35313,-8.529883,-20.857925,-25.8419,-0.93085116,-2.193736
AF,e,20,ADS,292.15749571944235,105.36765599545106,-310.28943,128.36777,10.712751,65.28485,-35.190796,-27.48251,-6.1639185,3.1471496,-26.57362,9.833509,0.6411989,-19.426517,-0.6208457
AF,a,20,ADS,292.8680341891485,90.11707420660287,-299.7447,168.44096,-26.895462,-0.7143864,-7.007032,2.6709542,-2.0292654,7.8098645,3.5130093,-6.513475,-43.57326,-24.064075,-21.967022
AF,i,20,ADS,294.0473565520489,101.20840641673112,-281.03583,132.95724,-23.37182,72.74381,-40.41694,-23.947834,-26.757912,8.050849,-18.898354,-8.08951,-2.9810805,-25.689331,1.6885781
AF,u,20,ADS,294.3447428969308,221.82664420097353,-326.1259,188.7508,13.427225,-10.955496,-10.532597,5.468174,2.6871526,-7.6951194,-7.188308,-6.1266804,4.324062,1.4485025,2.1170044
AF,a,20,ADS,295.6747325655241,80.41215852284722,-348.07108,191.04993,12.1991415,-9.470015,-19.550987,3.557779,29.11909,-9.498555,-21.32994,-10.668889,-18.104084,-18.25848,-8.849888
AF,u,20,ADS,295.8376365073591,92.88990725912072,-418.0731,166.72612,51.651566,12.87653,-27.083763,-21.833357,-2.887259,-34.124718,-15.086225,-6.530706,-9.171316,-14.2500305,-9.110196
AF,a,20,ADS,296.9000420401487,98.43557336415643,-312.00955,162.72275,-24.205975,13.325866,3.1231477,4.3523483,-5.901106,10.842347,0.33181858,2.3484476,-27.352009,-13.127844,-32.165073
AF,a,20,ADS,297.6165811447472,123.39107083676026,-292.21005,143.24854,-56.233063,41.57483,-2.3737745,7.6874337,-0.22836256,3.3387594,17.179253,-2.674704,-42.921604,-14.798248,-18.81799
AF,æ,20,ADS,299.9218344686968,223.21306072717562,-348.98123,139.39392,-18.631348,72.93995,-36.976395,-19.9089,-25.555061,1.8881748,-23.012108,3.0258937,3.883399,-23.387863,2.5787177
AF,a,20,ADS,301.4425009047594,159.43790051943552,-328.91254,173.14037,13.417793,25.155478,7.605773,10.772329,-29.81139,4.5853505,-2.4041455,8.828989,-24.27702,-10.07067,2.619257
AF,a,20,ADS,301.7142385439056,109.526905574171,-289.7376,151.5094,-51.04641,34.072918,-24.755226,-10.302916,-8.413213,28.948233,5.26094,-33.220783,-31.55454,-15.684984,-23.870642
AF,u,20,ADS,302.7994037027585,212.1217285171042,-413.69543,166.26178,36.24656,-2.5966916,-5.063239,-6.7023115,0.90081835,-10.988184,-15.041851,-8.095002,-26.446392,-10.104673,2.2845142
AF,a,20,ADS,306.7999315742144,74.86649241781151,-267.18253,153.25737,-4.3490105,32.918785,-7.9190784,-3.5126066,-20.486658,-2.5501685,9.607209,-4.1855288,-34.60347,-9.981035,-13.494256
AN,i,22,ADS,0.8079800316819995,42.89624098810552,-269.998,129.96637,-9.155669,82.52286,6.990549,-8.324543,-20.97436,-11.897141,-9.550564,-20.848795,4.9766045,-6.824189,-13.93988
AN,e,22,ADS,1.242304471686567,69.70639160567148,-256.50583,156.22777,-31.996914,68.44649,2.4322155,9.135355,-39.944,-18.997787,3.8926234,0.20227885,-1.7264327,-3.17387,22.274342
AN,e,22,ADS,1.4809148121829032,64.34436148215816,-353.31348,154.25519,8.59,69.95841,-6.9406962,-16.05087,-24.939835,2.8432693,-21.923368,-9.094303,-2.1706195,-13.78927,-1.920269
AN,e,22,ADS,1.836149307865652,67.0253765439146,-276.2364,178.46246,-11.971571,61.949,26.569162,20.910866,-34.7297,-22.089294,-8.148863,5.63128,11.308319,-8.056242,-6.3182473
AN,æ,22,ADS,2.231599029474748,166.22293382890828,-250.64177,141.22534,-4.1885877,51.418907,33.713234,13.370476,-55.08886,20.728764,10.439926,10.465881,0.89189434,5.379791,12.374375
AN,e,22,ADS,3.1224168595294515,107.24060247026345,-294.45837,108.20921,-3.856508,103.38989,-13.621877,11.20866,-35.51821,-35.027786,-30.353691,-5.16922,0.15185308,-12.868416,14.678278
AN,o,22,ADS,4.23656535625806,107.2406024702639,-353.21622,125.1848,57.038834,24.937984,-13.025206,39.315605,-38.80731,-35.43756,-21.877651,2.9981713,-15.435682,-5.1636314,-9.501142
AN,u,22,ADS,5.258795717837133,107.2406024702639,-346.77768,187.22339,20.802183,29.727938,-17.350563,32.821526,-14.425028,-34.146675,-20.292995,17.270748,12.540253,-3.1478126,3.6347654
AN,a,22,ADS,12.573332931833075,67.0253765439135,-270.83597,156.57129,-21.951805,17.60144,8.557041,7.819165,-28.967405,-15.759386,-16.255257,11.950065,-7.1828804,0.17293167,-17.626
AN,a,22,ADS,17.071337891090423,67.0253765439135,-299.50397,163.67685,-18.467655,54.270462,-9.125467,-18.107948,-34.42507,4.1972733,-11.140007,-4.029023,3.3834326,-2.5960991,11.981367
AN,a,22,ADS,19.534326486111222,72.38740666742771,-225.4126,150.21048,-57.825947,7.3179083,-23.365864,14.428621,-13.558279,-19.281582,-18.292208,20.474525,-19.424389,-8.142241,-18.370895
AN,u,22,ADS,21.09915404671635,45.57725604986018,-301.585,120.90426,7.907878,58.06461,0.3040015,1.2647343,-23.058783,15.039305,-18.361757,-2.381103,-7.347551,-8.868901,-17.170914
AN,e,22,ADS,21.22382124708803,112.60263259377723,-262.51193,172.28394,-41.559593,4.97036,1.3679199,17.502218,-26.601646,-10.4839945,-7.157267,9.231188,-5.908846,1.4580866,0.4627769
AN,o,22,ADS,22.902570959090603,109.92161753202012,-216.2335,131.13855,-30.939817,25.16388,3.5017538,-13.12727,-36.962868,-25.739506,-14.763718,16.067623,-1.3378446,6.4586124,-15.021741
AN,a,22,ADS,24.305773992940523,61.663346420395726,-252.77081,108.52943,8.546352,43.89347,-0.5320567,-14.422725,-13.710815,2.7035913,-14.453871,6.8877063,-9.978158,-7.4388685,-1.8121247
AN,e,22,ADS,27.075904562374,50.9392861733744,-339.86234,168.41739,5.271125,42.088135,1.7689863,-15.253858,-29.646217,-3.0805628,-6.1409574,1.2677351,-27.132172,-15.912658,-3.8324418
AN,a,22,ADS,29.116385740393937,58.98233135864217,-231.80582,123.48179,6.6458673,46.112762,-15.158745,-9.701259,-32.535145,-20.774559,-11.688004,9.066839,-13.11628,1.3978114,-6.5944915
AN,i,22,ADS,34.910208369916624,109.92161753202367,-218.48888,122.4398,7.853549,58.89247,-25.056946,-19.486782,-22.917768,5.828381,4.6243615,3.4670208,5.228679,-8.126269,-12.92198
AN,a,22,ADS,37.28849744571788,53.62030123513506,-308.0329,177.64587,-35.675484,34.15589,-23.73433,-24.27236,-15.835052,-0.17251205,11.607285,-1.1358835,-24.048153,-4.5488844,0.81175375
AN,i,22,ADS,39.37251471538865,80.43045185270614,-403.22702,177.12813,40.88917,58.72712,-15.007414,-26.09692,-9.499365,5.2474117,-24.740696,-9.973937,1.4226546,-13.782026,-22.22546
AN,a,22,ADS,40.87138887347932,83.1114669144597,-265.01456,201.34384,-64.846176,-5.9892473,-31.900108,11.526972,32.36263,11.024384,2.4352279,1.1068857,-1.3589293,-13.707264,-18.752182
AN,æ,22,ADS,41.134128349531466,61.66334642040283,-263.8414,164.38342,-32.29392,17.797504,-59.69011,-11.981327,-19.472553,18.41128,7.006913,5.0772476,-1.8614266,-19.29962,3.8468997
AN,o,22,ADS,41.89293956691744,61.663346420395726,-294.284,193.02835,9.600301,9.755055,-20.478031,20.598312,-16.998943,3.7982361,-11.390417,-13.812107,-7.2453537,-22.182297,-27.125576
AN,a,22,ADS,46.38980958596368,91.15451209972747,-298.38666,125.51001,34.933937,33.294228,-29.667227,-16.854961,-18.04282,49.031425,-12.991937,11.6981735,-20.387764,7.2911143,-17.492912
AN,a,22,ADS,46.668635152386365,75.06842172918482,-213.14711,185.06522,2.679177,-14.476317,-1.1845349,27.970097,0.8430885,30.355885,-16.29791,17.73635,-15.814766,22.321198,-16.447226
AN,e,22,ADS,47.99446006660665,72.38740666742416,-342.70312,168.37064,16.559334,44.314125,-13.240923,-18.871796,-34.74061,22.18806,13.241381,7.019087,-13.002754,-1.1962802,-8.071325
AN,e,22,ADS,48.27998817068373,160.86090370539807,-276.24976,163.09813,11.308522,51.340126,-29.687227,8.952757,-31.422804,-6.1876254,-3.648556,-9.326614,-7.474476,-3.6930628,-0.22479552
AN,u,22,ADS,48.72264517810221,53.62030123513506,-296.36646,188.41013,29.244514,26.559923,-19.73511,-26.571636,-17.439663,20.979061,-9.843497,-1.9342552,2.26123,-9.015876,-26.82632
AN,e,22,ADS,48.88484658933848,83.11146691445259,-230.82384,178.67311,-6.7146225,19.408066,-33.456295,10.540659,-35.18422,8.879475,-9.352867,6.4436603,11.076814,-0.7359931,-5.5588417
AN,a,22,ADS,49.05911256835266,88.47349703796681,-299.36865,183.27591,7.5742917,-8.851273,-26.103582,21.124584,8.40002,18.086386,4.8965187,16.356255,-12.415832,-5.0425844,-1.4800041
AN,e,22,ADS,49.28029631094758,64.34436148215639,-333.53693,161.3832,30.086151,36.675247,7.6930275,-4.7149076,-35.34919,-12.452963,-20.844463,-3.4059687,-20.883423,-2.710913,-4.051504
AN,i,22,ADS,49.38753691341784,75.06842172919193,-337.05975,149.20038,30.45834,52.823772,7.717083,-7.9774,-21.911415,5.397312,-27.999504,-9.530054,1.9901537,8.429634,-17.672695
AN,e,22,ADS,49.65429791206262,131.36973802607343,-286.8852,140.09673,30.273493,28.490742,-39.380737,-8.158901,-11.418259,38.787186,7.5698266,18.147625,-16.097862,5.3983784,-11.402978
AN,a,22,ADS,50.33500936422358,58.98233135864217,-281.72287,178.01642,-21.620522,38.309402,-34.21695,-2.6975033,-27.742313,5.7449837,1.7381802,-1.5978554,-6.2785554,-17.814705,0.294724
AN,i,22,ADS,54.17337967465273,58.982331358649276,-275.52316,112.72171,60.983604,58.69728,-38.977318,-3.54394,-46.639057,22.068295,-19.474604,7.7380714,-7.756748,-10.6978855,-8.466448
AN,a,22,ADS,55.01064098569781,80.43045185268483,-294.27493,178.74542,11.47201,-1.95762,-35.183197,9.867779,-2.4818602,8.1792,-2.5431638,13.179852,-19.945892,-4.5858846,-12.019524
AN,i,22,ADS,55.30363525047908,58.982331358649276,-269.03873,167.33736,42.8842,58.71031,-24.882034,-21.117188,-16.889084,6.0773153,-18.027206,2.9219618,-3.195079,-4.708075,-12.857399
AN,e,22,ADS,56.65175370317591,75.06842172918482,-244.35806,150.64374,26.153648,48.743195,-27.526775,-4.550742,-18.608536,11.010419,-21.818737,-1.7008722,-13.638513,17.449656,-4.2254324
AN,a,22,ADS,62.087887378001085,117.96466271729145,-302.90622,167.82019,4.928935,4.436857,-58.210686,26.87844,-31.859184,-5.7580924,1.0273137,19.092194,-29.05288,-10.472449,0.24523282
AN,a,22,ADS,67.22106635084775,64.3443614821706,-244.6119,140.93787,18.211926,32.967674,-31.003344,-7.457924,-26.830128,48.068516,-15.429828,5.1575356,-22.118248,0.7327557,-4.17859
AN,i,22,ADS,71.15273728141173,56.30131629688151,-331.14606,164.07843,36.705116,70.33528,-33.178574,-8.473021,-21.646557,10.296631,-7.7163234,-4.044222,-3.5127964,-17.19721,-22.317553
AN,o,22,ADS,71.94452412006683,123.32669284080566,-384.7072,199.38586,19.556606,-1.5868857,-20.367872,30.927265,-7.5612507,-25.189037,-30.219576,10.056386,17.011421,4.4678345,4.0478187
AN,a,22,ADS,72.44453342908443,72.38740666743126,-290.78745,167.62318,12.773254,51.564903,-21.295467,1.3205701,-37.24554,-8.245155,0.76418376,11.679647,-1.4705955,-9.833069,-5.222805
AN,u,22,ADS,72.7208437302869,75.06842172918482,-307.7835,163.52866,30.855738,48.27813,-21.167385,23.530052,-38.685402,-18.114437,0.2742958,-7.3038845,21.061398,-19.718681,-13.2637615
AN,a,22,ADS,73.79345748228549,88.47349703796681,-231.19722,168.9664,-15.027548,26.236225,-16.81292,20.80143,-27.526814,26.092304,-10.862877,9.030832,4.678576,1.0276799,-11.5144615
AN,e,22,ADS,75.2208714466239,96.51654222324169,-277.41888,156.83038,-14.158348,45.877235,-30.327267,1.5136702,-66.58476,0.2932737,8.859469,-33.290382,15.61908,-27.264343,-7.812656
AN,i,22,ADS,75.95116068870016,85.79248197621325,-262.3111,155.48843,-12.983789,23.96508,-14.793986,0.21325028,-37.0559,7.599088,-1.0134425,-5.9025736,11.71016,14.475977,-4.3439517
AN,a,22,ADS,76.4860231935206,45.57725604986729,-291.7156,117.794365,51.613476,6.9275513,-4.063772,8.7092495,-22.082924,-5.8073716,-19.885853,17.39052,-32.574337,1.143909,-16.911095
AN,a,22,ADS,76.64688409722598,61.66334642040283,-280.3877,160.33855,0.34760192,28.163696,3.8158755,4.5820637,-19.67638,3.4541998,-12.416254,10.742037,-19.57692,13.571752,-6.0440874
AN,i,22,ADS,78.03608418255885,64.34436148215639,-278.34473,122.596634,-7.33943,73.42555,-29.514715,-25.564535,-60.559326,-11.429472,-24.011105,-24.680994,6.176916,-26.117443,-24.384268
AN,a,22,ADS,78.33650263058989,77.74943679095259,-330.54025,166.26868,4.8124323,51.516453,-2.9863644,-13.196485,-43.175484,-5.6183767,6.7040806,-6.626897,-5.91221,1.2625442,8.357379
AN,u,22,ADS,78.44508374059103,37.53421086459241,-291.27914,152.06772,-3.830155,28.694563,-14.638006,-0.8065288,-50.103363,-28.177061,12.672203,-33.90937,25.026531,-30.959824,-2.5411277
AN,i,22,ADS,78.54964332799955,80.43045185270614,-297.51413,131.73575,5.9503145,29.811745,-10.316738,-22.53094,-17.83752,-9.320752,-22.967468,6.480494,-13.199978,-5.506948,-21.666069
AN,a,22,ADS,78.88074868812649,56.30131629688151,-276.10175,159.00671,-45.535976,33.244896,-19.437868,-14.497721,-44.26458,16.0055,-17.237413,-14.514744,-12.544151,-3.4519322,-10.147659
AN,i,22,ADS,79.07780329516558,85.79248197621325,-255.26157,145.5832,-33.1921,63.991604,-33.513245,-13.201556,-40.101337,1.201962,-0.8873658,-12.040533,0.6448616,-9.756346,-2.7476132
AN,a,22,ADS,80.75793549215348,75.06842172918482,-215.44226,120.9751,-40.540344,26.380314,-12.801203,-2.6649125,-40.095192,14.539102,10.674019,-2.6491437,-19.014578,-2.2578502,-3.869405
AN,a,22,ADS,84.03015851245804,75.06842172918482,-281.15726,152.69556,-1.9802302,33.711456,-16.319857,-14.547716,-26.132975,17.09907,-2.1207993,3.041742,-26.114239,-10.813012,8.748514
AN,a,22,ADS,85.18169645893694,88.47349703796681,-286.11606,169.08815,-0.20976141,12.117374,-2.3642366,8.935314,-24.410944,10.176233,-4.97611,3.6507962,-10.05415,-4.217778,-24.65593
AN,a,22,ADS,86.24379171800831,85.79248197621325,-228.25214,145.34818,-12.63765,46.01552,-26.844915,-5.8277617,-53.018852,-7.938463,12.922068,17.228573,-20.0835,-9.022488,7.9818134
AN,o,22,ADS,87.16808323490056,268.101506175654,-301.02014,203.31721,19.673214,9.490092,-26.44688,12.82799,-19.812145,-24.432774,-16.54432,4.0602155,27.91402,0.63143206,-27.236267
AN,a,22,ADS,87.84772055305586,99.19755728498103,-287.14923,153.15689,36.41816,25.66588,-40.63822,17.822857,-38.33907,-42.96613,8.721698,14.85738,1.0762861,9.289981,-16.28137
AN,a,22,ADS,88.24430521487608,56.30131629688151,-283.44498,179.91225,-5.624567,3.3265898,-14.291625,-2.9503345,-14.177087,-4.8835874,-14.262608,10.91361,-2.1382525,-6.135808,-22.755123
AN,a,22,ADS,92.3597704382847,128.68872296429856,-275.14212,144.44383,23.496569,-1.4531952,-7.1391916,6.283346,-31.668922,-4.2512236,-11.276243,8.709713,-25.978271,-11.909908,-12.2077265
AN,i,22,ADS,92.67210869297934,61.66334642040283,-287.21643,147.99107,17.46429,23.904453,0.54466,1.3373845,-7.0896444,8.942046,-2.186308,5.2709274,-17.716358,-2.0410693,-13.83053
AN,a,22,ADS,93.17077749446608,61.66334642040283,-258.27808,145.47475,37.58693,22.838467,-1.4475715,0.8664085,-23.568478,-5.273837,-12.052847,14.941923,1.0324376,-1.7775556,-14.054926
AN,e,22,ADS,95.33425602561996,77.74943679093838,-269.93622,146.2618,0.88000554,24.174644,0.8276732,6.024091,-25.958618,8.287225,-27.698559,-21.263977,-11.138236,5.054845,-24.598797
AN,e,22,ADS,95.66938290833954,61.66334642041704,-227.94759,166.69772,-22.235365,18.678667,-11.761485,12.635477,-32.44089,2.6867847,-14.9400835,-4.512703,-14.305,-8.568824,-6.1264634
AN,a,22,ADS,97.25858714927467,67.02537654390994,-234.00694,150.81332,-30.680294,54.827076,-22.557888,7.5455656,-53.237686,-7.103483,11.687949,4.679203,-16.813763,-7.994928,1.8531708
AN,e,22,ADS,97.6459938256985,69.7063916056635,-266.50854,142.94754,4.687028,48.40256,-24.427696,3.0659356,-16.987959,2.6817088,-12.530262,-7.8323717,-14.010197,-23.043251,-5.8828373
AN,a,22,ADS,100.80221155275215,58.982331358649276,-197.30508,139.25223,-30.350887,66.1864,-21.673225,-14.7813225,-28.82172,-8.465172,-0.37067452,-1.1320333,-16.664452,0.94546545,-15.893417
AN,e,22,ADS,101.1520840183114,61.66334642040283,-255.32195,166.48813,13.38154,59.19664,21.996834,2.092884,-41.732464,16.168182,5.8864827,4.44698,-6.635913,3.118507,11.202194
AN,u,22,ADS,101.53010714201908,61.66334642040283,-208.81693,136.39604,11.266814,18.746628,-18.841599,25.302397,-27.658195,-10.130556,3.3479524,7.588523,-10.197737,-15.14073,5.0733876
AN,æ,22,ADS,103.87882325720842,61.66334642041704,-212.55563,170.16501,-57.89936,55.00753,1.9826653,-12.592369,-28.488049,20.7024,10.099597,10.188892,-10.311298,7.436647,-19.68401
AN,o,22,ADS,106.29708001416184,112.60263259376302,-309.10635,161.61206,30.845913,-6.4871182,11.327101,13.66863,-35.85743,-6.767892,-34.39207,5.6269665,-16.713861,9.23185,-20.794636
AN,e,22,ADS,106.49011309860832,58.982331358635065,-219.19673,142.61075,-5.073408,62.18278,-0.6257159,-16.598982,-52.17756,10.022598,-24.825436,-8.682513,7.352397,0.8646833,-10.789799
AN,a,22,ADS,106.96397309639828,80.43045185267772,-264.46713,151.66327,-7.866724,40.696236,-15.610177,-40.076004,-34.50846,37.62831,-20.44926,-4.788015,-13.791264,-2.736299,-23.284441
AN,e,22,ADS,107.2468201854136,72.38740666740284,-322.75388,144.07927,42.509872,34.238438,-30.452688,-51.03048,1.2676665,25.044313,-35.915497,6.637973,-25.005718,0.118546024,-3.6552336
AN,a,22,ADS,109.54956673866452,69.70639160567771,-299.86588,209.44887,-6.945243,-9.854467,-26.922913,10.175046,-8.036318,-4.6285677,7.0246115,16.482737,10.696873,1.9385779,-18.748837
AN,a,22,ADS,109.62865668298632,61.66334642040283,-273.2003,180.05011,-16.387972,-7.5366917,-55.46375,9.824352,-14.499866,-6.6410117,12.094235,15.64525,-12.272444,-7.916629,-3.8583026
AN,a,22,ADS,110.18362680076996,126.00770790255922,-262.3303,174.51227,-5.7238464,11.3639765,-20.425991,12.712636,-12.0467415,5.108199,-10.001061,10.842863,-5.683852,-10.910414,-14.125015
AN,a,22,ADS,116.5211605808027,50.9392861733744,-360.6779,157.67249,-16.852894,0.38481152,-14.253834,22.083752,8.238316,-0.32927865,-0.5248975,3.101557,-19.062927,-1.8987684,-15.617997
AN,a,22,ADS,116.65521133389052,88.47349703796681,-321.97836,150.5184,24.240967,6.152816,-3.6398716,-5.3605967,-34.908295,12.766862,-12.26082,14.786114,-29.542526,11.576117,-6.289292
AN,a,22,ADS,117.83442583769671,88.47349703796681,-315.3161,168.2803,21.497776,-13.307325,-51.695026,16.970558,-28.486668,-13.4262085,-5.8058596,14.139626,-15.237915,-10.142667,-9.121088
AN,e,22,ADS,118.39207697054208,115.28364765551657,-306.8706,145.55246,-24.29731,19.790936,-13.898645,9.62401,-13.313597,24.251738,10.435217,-0.51711214,-15.482157,-4.100635,-5.6315603
AN,a,22,ADS,120.20995210350355,67.02537654390994,-277.2095,165.48691,-20.823992,5.9161453,-32.234543,4.493872,-0.19866341,4.9356556,2.0285807,19.054283,-10.4263935,11.772303,-7.7356744
AN,i,22,ADS,121.82386236447562,112.60263259377723,-235.61688,155.80154,35.640472,26.838226,-24.813805,15.73008,-5.3498425,6.8605556,-18.781025,4.4008307,-5.1660957,12.797478,-16.373505
AN,e,22,ADS,126.481221970066,58.982331358635065,-286.74496,185.88776,19.984634,25.823914,-12.709161,6.9777255,-9.632759,-7.7529087,-16.929886,-4.563447,-13.8260145,2.5828276,4.578272
AN,a,22,ADS,126.57365618349117,48.258271111635054,-243.68227,169.2421,-5.2554665,31.509333,-49.635273,15.630341,-34.174232,-2.023151,1.7848711,-4.529003,-1.0331903,-7.0824428,8.151122
AN,i,22,ADS,127.14873391423797,67.02537654390994,-258.30078,133.47433,5.847058,67.31809,-37.798317,-6.4755297,-16.980267,-18.689747,-21.293934,5.284679,-3.390853,-8.336008,-0.77868825
AN,i,22,ADS,127.34176699868442,72.38740666741705,-312.39972,156.4418,31.508717,30.778292,-25.445889,-9.07019,4.0623527,26.084316,-19.938124,-10.301687,-27.601864,-2.797456,-17.309017
AN,e,22,ADS,131.15534949414405,99.19755728500945,-216.0703,149.45853,-20.461882,36.871162,-51.62461,22.072865,-33.235165,18.283184,13.477446,23.850391,-9.213245,8.720701,7.875282
AN,a,22,ADS,134.50356814909298,56.30131629689572,-226.17416,185.5867,-49.91436,20.176647,-51.989914,-2.1936636,4.9962635,1.167183,3.3770638,26.49855,-21.864666,-1.181008,1.5015787
AN,a,22,ADS,136.89398475885383,50.93928617338861,-342.9519,163.07034,29.49843,15.036552,-6.6855907,-10.991897,-25.22203,-8.984932,-4.57697,6.808688,-35.646324,-13.976278,-3.922978
AN,e,22,ADS,137.2840724503394,123.32669284080566,-287.25577,148.22437,38.95249,73.55374,-8.9377775,5.838955,-23.206871,-10.773411,-11.514178,9.346197,-14.078843,-5.469792,-7.251772
AN,a,22,ADS,138.14735930022505,64.3443614821706,-209.75674,125.62325,-38.04114,68.23552,-24.546602,-20.749664,0.91718537,-8.025105,9.733714,-10.420948,-7.3436604,-9.13448,-12.669804
AN,e,22,ADS,141.80797917605037,77.74943679092416,-274.56702,108.48897,45.230156,42.344337,1.2161014,11.303872,-36.91881,-5.0329294,-1.6947112,21.10667,-24.405098,-24.668213,-9.421359
AN,e,22,ADS,142.89801952595036,40.215225926345965,-308.5078,128.64162,23.46707,57.61179,11.071833,14.923466,-21.84267,2.035099,-14.405283,9.830706,-5.938548,8.081426,-8.980472
AN,i,22,ADS,145.4429504097239,117.27724774834769,-271.2566,139.01355,-11.067618,66.153854,6.5173364,-7.12459,-37.19616,-2.265145,-26.515572,-18.975723,-3.7412837,7.150242,-15.064074
AN,e,22,ADS,147.4015113548367,65.34018088834159,-265.2015,120.48569,4.315667,62.892887,16.274868,-24.292831,-34.21701,-13.14818,-13.5416155,-9.6710205,-13.963387,11.286699,-24.331964
AN,a,22,ADS,153.0230767162003,82.09407342383201,-270.3013,129.75685,-33.85527,26.344841,-31.092392,-11.835136,6.1248984,42.04431,8.724054,-5.893902,-15.517892,1.6351762,-21.669195
AN,u,22,ADS,153.92276074535542,38.53395283158534,-361.0064,203.14148,43.62292,13.040497,-35.425762,-7.2594194,14.414237,22.821602,-14.010624,-16.41594,-19.30049,-7.732752,3.7348328
AN,a,22,ADS,156.61853357166706,43.560120592246676,-235.10301,144.5755,-31.684761,49.719112,-16.459188,6.2238884,-41.221214,8.405068,-9.648914,10.284088,-7.6417456,5.820455,11.014007
AN,e,22,ADS,156.6939260880767,46.91089909931634,-226.0908,85.87529,-17.549496,88.46712,-41.49357,-27.60611,-29.382278,14.07722,-18.20617,-2.927833,1.7832577,-12.275682,-6.913943
AN,a,22,ADS,157.5040309383508,65.34018088837001,-229.54095,146.29097,-36.07849,55.186234,-22.892338,-1.8820286,-53.829308,-20.613146,9.245159,18.322908,4.3774195,-15.037247,-5.4295073
AN,æ,22,ADS,159.38563813746669,93.8217981986611,-320.60764,155.18033,-25.281918,34.2527,6.7166786,-18.811024,-38.455124,32.680496,-3.9622858,13.296219,10.913353,12.249079,-17.159794
AN,e,22,ADS,159.61274430252047,73.71712715610101,-261.1793,161.27075,-29.800652,48.70868,-21.717531,-28.50803,-33.43102,26.905281,13.449234,-6.187773,9.030544,7.129731,10.444648
AN,e,22,ADS,166.33210362131,206.07287818637587,-294.24408,146.48508,22.360714,61.388626,-24.002048,-20.14795,-20.433397,13.255545,-27.339705,3.4971924,-10.230963,22.930046,-3.4361677
AN,a,22,ADS,167.1346150737593,45.23550984578151,-221.22386,148.64322,-7.193059,31.555107,-21.147501,0.7146499,-23.9541,22.967216,12.347544,-2.5614285,-19.503181,13.135427,-0.9059446
AN,e,22,ADS,168.33882332187744,61.98940238127193,-203.4679,126.93944,21.39974,68.38722,-18.66227,13.375723,-5.2773123,10.721127,-3.6809905,-12.187405,0.5639627,2.6984868,-15.298981
AN,i,22,ADS,169.8613322897014,77.0679056631991,-258.5618,111.15236,-9.394087,72.594,-3.953178,-23.527336,-12.118282,20.299511,-20.295559,-14.4384,11.232781,10.012445,-0.92346203
AN,i,22,ADS,170.0213319634152,58.638623874173845,-251.37685,166.8749,22.304493,70.91174,-5.034483,-3.0126464,-16.769442,28.230152,-24.893625,-14.625206,8.145012,-6.3052144,-3.6404653
AN,i,22,ADS,171.6574037156883,140.73269729800586,-392.06903,143.5184,33.15738,70.04281,7.4467177,-18.090263,-31.198853,2.4648855,-3.6757722,-12.37042,4.3019485,3.9741297,-7.9566193
AN,a,22,ADS,171.8097499780949,83.76946267736685,-231.67,143.78096,-4.327083,66.921555,14.176815,-17.423622,-25.969086,37.668198,20.175135,-7.9319696,-0.25318456,23.993256,6.215784
AN,i,22,ADS,172.51011683226164,63.66479163480676,-366.39636,154.11598,-11.226876,86.91571,8.388202,-26.141249,-36.68286,3.0353112,-9.657277,-22.971733,1.1731553,-13.053194,-11.954329
AN,a,22,ADS,174.0672131356618,73.71712715610101,-336.9818,153.4655,17.937338,45.517574,10.462818,-0.20722589,-24.639858,11.221062,0.3033718,-6.2578273,-16.012133,2.105809,-6.1345205
AN,a,22,ADS,176.67220540367364,68.69095939543968,-287.08728,158.53952,-0.8145356,60.58644,-16.124947,1.0359045,-35.1472,-16.221329,20.480553,5.3103056,-23.59615,-11.916464,7.5260115
AN,e,22,ADS,176.88162906036712,38.53395283161376,-262.75568,160.66443,-2.0509396,41.551064,-14.629845,-17.722038,-39.128708,-9.008736,-11.5584545,-5.157419,-18.668531,-5.1654773,-10.741665
AN,a,22,ADS,176.99806861348867,73.71712715610101,-321.11414,173.24701,5.608181,49.167267,-13.918489,-10.770012,-4.107491,1.4102855,-13.855532,-29.146498,-11.616603,8.813184,-6.3524566
AN,e,22,ADS,177.43644213033946,67.01557014193327,-307.54562,126.61259,-2.083632,105.76404,-30.334005,-32.749496,-32.07067,6.353763,-3.0636506,-5.6942935,-19.600822,-24.13708,-3.456201
AN,æ,22,ADS,179.6076227413487,95.49718745222435,-234.50322,89.13182,-4.387404,86.29608,-8.90258,-12.299986,2.5891712,-3.0005727,-22.562258,-15.855361,17.228867,-5.7516155,2.697465
AN,e,22,ADS,180.3793619446413,60.3140131277371,-339.81534,159.65477,-12.435259,45.42052,-23.28059,-36.43742,-66.50811,8.516342,7.496192,-17.289587,-35.218735,-14.402607,-15.48097
AN,a,22,ADS,180.9674235726365,50.261677606386,-259.2687,129.32849,-30.64528,37.664375,-14.565118,-40.176247,-12.000767,28.809246,-22.459389,-11.798552,-0.2323178,-8.71411,-13.630173
AN,e,22,ADS,182.67686613844324,46.91089909934476,-344.22662,138.27847,-8.398518,74.35945,-2.2420459,-38.64369,-27.008781,13.858918,-14.048351,-31.089817,-1.6102135,1.9291956,-11.634498
AN,a,22,ADS,184.5328414158292,46.91089909934476,-268.27603,161.78485,-12.224553,41.30668,-32.575382,-6.169776,-11.694845,-22.369167,2.2649727,24.329855,-23.577648,-2.8004227,-6.943807
AN,a,22,ADS,184.94750025608224,88.79563043799976,-269.6257,154.3864,-2.870507,58.034714,-19.958134,-23.429794,-32.383236,18.067795,-5.3675165,0.4080255,-17.521463,-9.788396,13.832829
AN,a,22,ADS,185.12425382233155,53.61245611351251,-245.7874,191.70825,-14.877599,6.6291075,-29.614784,-0.4511997,-12.391272,4.5688076,4.9006333,22.391418,-17.54377,-15.446907,-14.430319
AN,a,22,ADS,186.6244545738409,63.66479163480676,-302.4238,163.06036,-1.1701852,27.37778,-30.957863,-14.708929,-21.291803,6.241285,-7.086362,-2.9736578,-7.201375,-8.52948,-3.8663821
AN,u,22,ADS,188.0567208413057,68.69095939549652,-293.10858,142.86856,38.1228,20.923935,-30.43574,-8.883765,-20.308712,18.414227,-13.009659,11.848054,-18.735527,-13.584562,-19.701683
AN,a,22,ADS,190.39706545536308,55.287845366990496,-239.84929,151.63187,-42.20426,27.236006,0.86395824,49.1912,-14.210279,17.937977,-6.515978,10.917931,-8.900091,-4.943287,6.1696153
AN,a,22,ADS,191.5848564226459,155.81120057993303,-265.90564,130.99693,-66.316765,24.332827,-7.3151455,43.162647,-10.029047,-15.169683,-17.51432,-0.5222241,-7.611865,-18.387733,9.397995
AN,e,22,ADS,193.9326996787065,63.66479163477834,-306.83658,122.7115,9.815458,63.857815,-10.240689,-37.10027,-30.130348,9.788374,-15.746129,-15.054644,12.721589,-26.003471,-21.706692
AN,e,22,ADS,194.6194177283428,41.88473133868342,-278.32986,113.62521,-1.7529478,81.946304,-21.531689,-7.468063,-16.338068,-4.8816714,-50.324245,1.6245054,13.0016575,-28.914837,-9.275627
AN,e,22,ADS,194.81460057638105,60.3140131277371,-303.1087,161.5246,-23.883385,56.771843,-4.771498,-14.867052,-31.147137,-26.269463,-17.553553,-4.7450695,-19.841427,-22.034111,0.19812316
AN,e,22,ADS,198.70588162938893,55.28784536707576,-275.51053,14.803566,75.94684,31.815342,-2.888011,59.933628,-31.113522,-10.202298,-9.648361,-15.564869,-4.487965,-5.89155,-10.831364
AN,e,22,ADS,199.8224685533961,110.5756907341231,-322.92813,145.74266,24.040413,71.83751,10.756131,-4.0365863,-33.73812,-17.969746,-29.549309,-5.266097,-3.0377517,-6.010535,-7.718308
AN,i,22,ADS,200.61330642725449,36.858563578022085,-354.17386,140.14969,21.019253,74.93356,25.468285,12.832466,-42.628784,-26.966976,-29.855228,-22.820892,-12.721744,-1.4403156,11.217025
AN,i,22,ADS,209.24511287704644,48.58628835285117,-304.3393,113.676506,7.59653,72.46957,-16.093346,-6.1677885,-33.208588,-9.883699,-22.40945,-13.675056,4.3508816,-31.785011,-8.844225
AN,u,22,ADS,210.39898206290604,60.31401312762341,-287.93298,123.249344,24.25113,44.93856,24.661953,11.713762,-32.476685,-29.628237,-14.621397,-4.735541,-19.969677,-4.1254687,-0.45662445
AN,e,22,ADS,210.69720135003752,100.52335521288569,-278.2067,133.36108,23.126068,68.75647,-30.83714,4.1504517,-21.217812,-19.531702,-28.048943,0.8144306,-5.1068068,-10.178315,4.938941
AN,a,22,ADS,210.7901854536094,61.98940238127193,-318.1388,157.0792,-3.667797,37.77443,1.8227446,11.113,-14.110718,-14.474854,-3.5610275,5.1750197,-15.122343,-4.1213684,0.17712216
AN,a,22,ADS,213.16911433205863,46.91089909937318,-231.608,164.49426,-18.683577,35.05743,5.7769413,3.9815757,-29.794624,7.348718,-5.5891743,-6.6968155,-13.163946,-3.0458229,-14.632927
AN,o,22,ADS,213.8593514660521,65.34018088839844,-255.33374,142.55423,8.265104,25.300917,-2.8004942,17.996635,13.030071,2.969215,-20.071762,3.3249176,-2.7331018,14.423578,-13.939213
AN,i,22,ADS,219.4064490922073,164.1881468476072,-310.7716,105.62964,25.54678,69.0343,-20.671467,12.703127,-19.026487,-7.8441243,-34.129326,-8.324477,-6.3152432,-9.123118,6.210539
AN,o,22,ADS,221.2695766979741,67.01557014190485,-277.261,152.87991,-37.929348,79.635284,0.36235833,-10.8162985,-25.108025,-29.866951,-15.098948,-4.3814197,-12.105656,-13.254416,-3.378562
AN,e,22,ADS,222.8141617281565,38.53395283158534,-244.58937,154.52838,-3.3225253,34.59018,-21.00098,-6.3052583,-40.3974,-7.7297506,-9.443312,-2.3168218,-11.548691,-3.0003583,-22.887655
AN,a,22,ADS,223.04704083439964,105.54952297357545,-254.86447,143.99747,-39.827442,25.176727,-15.303736,-6.1823406,-33.688774,-23.57217,-4.9503927,7.9134054,-13.009308,-28.505592,-6.791024
AN,i,22,ADS,223.6007569826972,53.61245611351251,-337.49432,124.388245,24.039032,44.721375,8.945051,14.203058,-36.434334,-9.115388,-19.813095,-19.710516,-15.0900135,-20.04091,-11.924367
AN,u,22,ADS,224.6652520705402,38.53395283161376,-252.36298,149.87598,-22.106422,30.261127,4.909814,13.576324,-16.792952,-30.23785,-21.52974,-19.256042,12.721985,-21.738022,-28.753239
AN,i,22,ADS,224.78420470754207,58.638623874173845,-281.2514,135.58295,-39.43734,65.824005,2.652401,-16.07115,-30.276764,-22.671928,7.2289515,-35.0081,7.5269737,-16.269554,-8.47121
AN,e,22,ADS,226.6196748540793,53.61245611354093,-309.7698,162.08618,-28.94209,63.524605,9.259586,-10.240089,-39.835438,-4.0443244,-6.613377,-11.754927,-5.7588625,-27.868969,-2.3794553
AN,e,22,ADS,228.81325460260123,72.04173790256618,-255.37852,100.91647,5.1752505,61.445335,-8.423704,7.8054643,-18.011734,-11.553787,-21.00454,7.0818334,-5.0604734,-5.949187,-19.845257
AN,u,22,ADS,229.30167117964828,56.96323462061059,-273.20837,140.65994,-36.61326,37.216938,-26.707245,-18.657295,-34.190605,-5.701434,-23.65982,-5.430382,-3.5795078,-4.1998725,6.9098825
AN,u,22,ADS,234.13233098442385,60.31401312770868,-268.20676,66.4998,-8.3112545,48.41113,2.3467603,-10.83362,-36.51557,-12.629536,-6.843274,-19.961025,-7.1463995,-0.028482795,-11.3165655
AN,u,22,ADS,236.9764163693124,63.66479163480676,-299.25577,120.85715,-24.345722,20.287476,4.6496754,6.128316,-10.254919,-4.422102,-25.498974,-0.69900674,-23.989952,-12.979733,2.246734
AN,a,22,ADS,237.4086667967277,53.61245611351251,-358.19244,166.95935,13.569265,23.049244,18.579445,10.777398,-22.053516,-5.7206383,-10.923241,8.221599,-1.9819075,-1.4339453,-11.025066
AN,e,22,ADS,244.43878374895863,107.22491222705344,-313.45944,161.82397,8.4125395,76.880264,10.638076,-18.18478,-39.805084,-4.607182,-41.596077,-7.099495,16.345402,-5.638733,-21.262928
AN,a,22,ADS,245.10845190399704,61.98940238127193,-258.45645,168.1514,-33.135223,32.66631,15.101657,-20.634165,-49.569313,25.449638,-26.137413,-21.538292,-5.781561,-3.0342016,-15.982725
AN,e,22,ADS,248.0471426355272,87.12024118449335,-281.36975,124.43932,20.333645,36.64737,-20.015306,10.210684,-25.045658,-22.027298,-30.563513,-15.360262,-16.43144,-9.015464,-20.992903
AN,o,22,ADS,248.4136930318857,85.4448519309301,-318.30627,175.12054,13.318232,33.61947,-22.654816,-3.4210942,1.0532169,5.562834,-17.127037,-4.6835494,-11.575591,-12.186937,5.971037
AN,a,22,ADS,251.12476297888952,51.937066859977676,-248.27151,136.07428,4.971847,58.016197,-26.834003,4.0924816,-29.7593,-1.3862143,-35.84914,-11.990546,-17.111158,4.5785427,-1.6021072
AN,e,22,ADS,253.3835416755417,70.36634864900293,-224.45747,147.00482,2.6045487,23.070637,-5.5164223,0.96281016,-20.93748,8.532536,-16.85612,0.69137,-21.297928,-9.469067,-14.483581
AN,a,22,ADS,253.5033320071704,75.39251640969269,-210.45619,99.42886,49.696075,18.933237,-4.4305286,30.428818,-38.194748,8.748047,-13.418459,16.598143,-11.237377,-0.64477336,-9.4672575
AN,a,22,ADS,257.50267566703224,85.44485193095852,-212.20436,133.02902,-24.93158,50.07888,3.3527985,4.8691645,-46.60585,8.686407,17.430449,0.56965935,8.435442,-1.2178437,-15.030745
AN,e,22,ADS,258.30606542374625,234.55449549669538,-363.43774,149.00404,-4.5070667,59.5466,-13.218691,-57.966198,-26.201614,-12.795101,-31.220713,-7.0983477,-6.482971,3.0124502,4.9896116
AN,e,22,ADS,259.6481198985678,73.71712715610101,-283.76184,52.136185,58.99308,25.350708,10.99197,-5.415652,-27.063177,5.600682,-14.664906,-8.213436,-35.089348,6.56693,-14.501701
AN,u,22,ADS,261.5146388924794,130.68036177668318,-305.55157,167.12546,6.5172358,10.438516,-6.356839,17.355663,-4.7400537,-8.625591,-42.845398,1.7124524,1.9916457,5.651866,-16.107342
AN,e,22,ADS,263.0024251592678,83.76946267736685,-358.29352,124.696106,-6.724703,71.563,21.003565,18.412203,-29.960966,-0.65170777,-9.884274,-17.10181,-3.3311415,-0.021529764,-4.8890953
AN,a,22,ADS,263.5441078788058,50.261677606442845,-179.2791,153.13957,-87.9305,30.278461,-9.618775,5.4862823,-21.9594,-5.2718563,5.7826843,-1.3461782,-12.212471,-5.587614,-16.07428
AN,e,22,ADS,267.94169309808564,55.28784536704734,-225.89674,30.261747,76.02493,69.54986,-13.382154,-12.337018,-46.773357,-8.006769,-17.351786,-21.905378,-24.11435,17.793854,-15.84771
AN,a,22,ADS,269.99350707574075,169.21431460832537,-201.88194,80.71774,-70.84776,17.307175,-4.2856016,12.327227,-24.739996,7.404569,-2.168393,-11.427761,0.75473785,-18.713709,-11.590391
AN,a,22,ADS,273.2193355199362,177.59126087605637,-366.35147,110.816444,16.691364,64.489586,8.464492,-8.7509165,-28.137049,27.596409,2.6205807,3.2111845,-8.929461,-1.3842448,-13.75873
AN,a,22,ADS,274.21205779884707,68.69095939543968,-306.4376,149.27637,23.827602,50.054714,5.897765,-6.195478,-45.435913,-0.9232261,6.687415,-0.93523115,-31.198505,3.4829125,-6.1596637
AN,e,22,ADS,274.87698225164115,71.63157617395655,-264.1137,113.46979,-23.173334,70.73399,-32.257183,-12.506361,-79.06296,-10.761265,-15.721661,-20.443584,-11.492337,4.820117,20.24559
AN,e,22,ADS,277.6742573605508,53.61245611351251,-315.6062,176.39539,37.176865,71.30702,7.0448856,-10.077303,-27.301718,-1.1075568,-2.3940442,10.201128,-2.6749084,-19.689667,-10.441182
AN,e,22,ADS,277.8225293094897,35.183174324515676,-340.1181,128.69861,45.96286,67.000206,-0.6197163,-14.260397,-14.49526,4.329326,-47.847874,8.706009,10.552858,-17.707329,-18.548346
AN,a,22,ADS,289.47410486183713,68.69095939543968,-224.28725,112.30306,-33.16546,42.710976,-24.726805,8.574356,-31.694225,28.405193,-10.934676,-2.7509258,-23.805706,-6.5423584,-19.427128
AN,e,22,ADS,293.3804748941981,60.29306098565712,-328.87503,152.55833,24.017435,57.835037,12.039093,1.0823205,-21.030249,-13.044339,-21.332706,-15.793915,-17.831821,-4.564554,-9.147374
AN,e,22,ADS,294.26856578988924,112.25107998768635,-266.12115,178.4426,-31.652119,29.032488,-0.28613794,-17.666227,-33.669327,-15.849537,-3.831087,-12.557167,-19.892067,-3.4073489,7.270688
AN,a,22,ADS,298.6125114799636,60.31401312770868,-238.15532,185.87946,-27.904776,18.897547,-3.7796273,7.586744,-25.761742,-8.663082,-2.0586991,27.991482,-12.563509,-6.225769,-4.8909054
AN,i,22,ADS,298.7708357644238,65.34018088837001,-212.55847,133.44919,-20.546883,73.779175,-10.388421,-6.464414,-17.232761,-9.695865,-20.335098,-8.429054,-11.744254,-0.20238596,0.6381456
AN,a,22,ADS,300.86234446469155,211.0990459470372,-342.94122,135.71184,-26.170677,-0.46904156,14.811031,41.313484,19.851036,-6.4229784,-12.044006,-5.3474855,-19.577297,-21.968662,-16.322468
AN,e,22,ADS,304.33147773736573,80.41868417029718,-172.0351,141.86197,-49.521637,2.7000363,-3.865758,13.248703,-42.341614,-2.1971421,-18.794403,-1.9898999,-15.7053585,-16.898712,-13.7980795
AN,e,22,ADS,305.7922797683248,152.46042207286337,-215.70537,123.69766,-26.030499,68.93777,-26.512358,-12.575707,-35.450314,13.266084,-0.34518898,-8.586466,-14.077621,6.756039,13.400095
AN,e,22,ADS,306.150813068584,108.90030148061669,-218.47054,147.94666,-7.8547163,32.434364,-16.514854,6.13819,-30.58942,-17.51873,-12.6761,2.3188741,-6.2963133,-17.034992,-0.7506923
AN,i,22,ADS,307.1500318236448,68.69095939543968,-290.284,175.46855,21.554344,39.155754,-21.678005,-8.323477,-2.2961462,-3.480126,-19.92802,-10.423311,-23.243382,-14.464592,-10.934914
AN,a,22,ADS,313.0405339352173,61.98940238130035,-272.49997,158.66856,2.03865,27.17015,-31.699316,8.307227,-42.7153,-17.261414,-2.8424873,1.379761,-25.730745,-6.52763,-6.1019735
CL,e,16,ADS,2.1604446834774205,78.43615651188118,-372.86905,114.80104,-82.05863,22.665138,-43.01348,-2.6174982,-49.870094,8.382616,3.1504793,-7.68858,-19.418186,-38.05058,-6.611657
CL,a,16,ADS,2.281559336914884,76.12921073212009,-407.60666,116.83221,-65.48013,13.545746,-50.3794,6.252632,-37.625534,-14.141224,-5.366617,-4.607413,-18.719866,-26.819,-18.469269
CL,a,16,ADS,7.375945585602217,89.97088541068709,-306.78378,63.382175,-38.673874,25.271648,-30.397882,-16.70723,-46.354603,-6.5653877,5.841874,-9.702722,-36.187126,-19.012245,-11.106125
CL,a,16,ADS,7.885780602929444,76.12921073212053,-286.70447,75.91897,-45.2878,37.87243,-12.736885,-6.3551817,-63.00405,-23.63913,-13.638772,-13.760649,-20.763605,-10.902903,4.1301584
CL,a,16,ADS,13.462518301700538,73.82226495235855,-352.00647,80.903336,-43.290894,18.299608,-40.744125,-30.927998,-42.41704,-3.292222,-19.174545,-16.353085,-16.780607,11.349075,-4.2650723
CL,e,16,ADS,15.11573264601672,94.58477697020662,-336.55713,60.72364,-38.67335,60.00499,-51.22261,-22.21801,-20.76509,-4.1400194,-39.773815,-15.066077,-10.684033,-20.470413,-14.918515
CL,e,16,ADS,18.5212534469902,50.75280715474406,-375.2709,68.32769,-52.153862,59.54547,-28.79805,-4.639349,-35.72505,-27.332912,-24.986706,-11.305614,-18.464132,-9.877966,-14.11858
CL,i,16,ADS,27.2345023606453,168.4070419225705,-459.6572,57.87675,5.246599,46.301643,-18.931187,15.161785,-19.866426,5.1361003,-31.538727,3.0500374,-9.576693,-16.500507,-10.804085
CL,a,16,ADS,27.435206643484527,103.81256008925632,-337.745,103.507355,-68.18173,-7.70671,-41.949875,-6.643984,-37.779907,9.606912,11.253815,19.58458,-6.029168,-10.4159565,-37.23804
CL,i,16,ADS,28.230751293487664,136.10980100591163,-326.53516,57.494858,-49.441925,64.84627,-66.65862,-21.292942,-0.8128941,-13.86945,-11.709297,-12.356478,0.8656251,-15.887978,-12.303778
CL,e,16,ADS,28.924859594999923,92.2778311904473,-322.74054,68.91575,-85.100044,40.54554,-44.740562,-34.47251,-34.93654,9.749576,-15.228149,-14.689273,12.249922,-17.717731,-0.6995224
CL,a,16,ADS,29.90893446181172,78.43615651187719,-466.709,75.11557,-35.02052,19.306416,-20.734575,22.486767,-27.816383,16.459791,5.1663437,17.058086,-28.279705,-3.969687,-3.1969142
CL,e,16,ADS,34.994324684942285,115.34728898806179,-388.659,58.15508,-5.071192,45.98286,-8.878411,-22.400806,-40.21753,10.752031,-31.760128,-10.539682,-33.478172,-5.890044,-18.2048
CL,e,16,ADS,35.3680499012636,64.59448183331062,-346.96,73.40456,-26.789082,33.823242,-9.391106,-7.7564383,-50.517723,-22.792166,-13.062364,-7.6218176,-28.67108,-8.568906,-3.1381283
CL,e,16,ADS,35.5941305876802,64.59448183331773,-356.35043,88.58536,-34.92813,49.62493,-12.338126,-3.4613023,-35.913746,-10.845112,-10.409969,-23.948269,-24.136665,-1.800524,-14.053921
CL,i,16,ADS,35.84097378611465,96.89172274997304,-397.0175,51.957565,-12.098318,68.53499,-33.98256,-21.553265,-34.786083,-23.596851,-26.991442,-25.464355,-10.750727,13.964421,-16.258865
CL,e,16,ADS,38.543923040962255,117.65423476782644,-355.36316,124.67755,-57.54966,15.958251,-43.842606,-4.028142,-34.442482,-2.7521367,-3.6817665,-0.79984486,-18.282833,-8.251604,-6.8982697
CL,e,16,ADS,50.880328842578855,78.43615651188429,-422.41275,61.826885,-28.081715,85.96887,-44.648808,-19.242785,-39.528046,-8.002066,-29.688719,-0.60796475,-11.042974,-12.440793,-7.150832
CL,a,16,ADS,51.13063245968294,219.15984907731456,-371.58038,74.89826,-5.382606,-2.648229,-44.29503,22.975239,-39.935253,10.377604,-20.192694,-12.299696,-32.44105,-9.220478,-13.094656
CL,a,16,ADS,57.44039551484143,350.65575852370046,-450.06012,91.84764,-44.438446,-18.395903,-25.324165,10.499332,-3.8712814,7.698572,-4.7012486,13.309084,-21.67595,-17.614868,-24.882702
CL,i,16,ADS,58.50966488376075,57.673644494030896,-467.68777,71.68346,-0.7630683,36.526634,-24.122314,-11.74684,-18.483675,3.9273696,-40.81528,-12.1841755,-16.681221,-15.6202345,-24.070446
CL,e,16,ADS,58.87233753149279,62.28753605355308,-458.9545,84.06323,1.2758187,29.872694,-31.257195,-14.450959,-21.683413,4.524595,-45.458405,-26.055717,-18.296036,6.3879185,-2.2456157
CL,e,16,ADS,66.91807728592156,260.68487311302135,-349.703,88.35358,-43.919212,78.460655,-40.990738,-25.223244,-35.93776,-3.6009645,-24.174053,-36.631966,-4.9071198,-18.658064,-8.220335
CL,e,16,ADS,67.17931358516273,92.27783119044375,-320.5267,74.711,-61.788414,88.90964,-43.009865,-2.453653,-31.546896,-22.936493,-23.493565,-37.05649,14.632082,-26.141499,17.591774
CL,e,16,ADS,67.33503242529662,149.95147568447464,-359.55722,60.164307,-11.170837,44.512123,-16.423183,-6.887314,-42.184,-6.795874,-38.89216,-8.013941,-32.542183,10.188834,-12.411884
CL,e,16,ADS,71.83731679227577,69.20837339283992,-327.3708,93.628204,-70.4278,54.151985,-51.80699,4.8315887,-39.97984,-22.43416,-19.725376,-21.11753,-25.965294,-15.368149,2.9983048
CL,u,16,ADS,72.52709358042438,87.66393963092867,-308.36575,112.18202,-20.09616,5.8840246,-47.943928,2.5615919,-19.058868,-26.430773,-30.070728,-18.733433,-0.9747691,-7.497534,-7.933965
CL,e,16,ADS,76.30071607982842,117.65423476781223,-400.5863,57.105015,-40.249863,56.595406,-44.69191,-8.918064,-40.930206,7.109271,-29.87483,-9.863623,-5.056037,-34.183754,-3.4892888
CL,i,16,ADS,83.01255901324566,108.42645164876785,-406.43613,28.372303,-11.04916,41.41278,-17.880884,-6.928993,-25.464481,12.452425,-46.67464,-5.4552736,-24.318464,-1.9017291,-7.684778
CL,a,16,ADS,85.21811104980745,85.35699385116402,-422.53177,95.24509,-29.931095,17.16853,-36.42894,-8.919703,-43.88542,8.6634,-11.371967,1.8583412,-17.792282,3.6722984,10.508492
CL,a,16,ADS,87.25653471871016,89.97088541069331,-309.94016,130.14275,-123.97023,-4.489826,-48.659027,11.431237,-20.316662,-35.60482,-13.626499,7.896546,-32.782635,-12.72355,-14.170643
CL,a,16,ADS,90.03057306797584,129.18896366662125,-340.001,114.97244,-80.136566,34.259514,-40.755356,11.710209,-46.03048,2.692006,-19.015358,13.335764,-21.332739,-4.460025,-17.888496
CL,a,16,ADS,94.3316337014362,108.42645164875364,-304.133,78.18671,-70.31038,-20.192852,-41.046608,12.374119,-34.1839,-22.707497,-47.02959,6.646578,-43.32775,-3.9971478,-22.11356
CL,i,16,ADS,99.61020532330498,136.1098010059152,-393.10077,2.0110426,25.371044,44.15449,-11.6557865,-4.3416443,-18.6391,-10.986901,-44.972054,-1.6302836,-29.277,-18.86148,0.77574617
CL,e,16,ADS,101.06922864255178,59.98059027378133,-324.0038,93.95822,-79.83212,89.70793,-65.439575,-5.9432106,-67.87885,-12.799898,-22.411144,-34.75511,11.578754,-7.2029357,22.287802
CL,a,16,ADS,101.74653034128896,103.81256008923856,-259.72504,117.113144,-122.00528,36.923634,-71.93712,18.652699,-40.854233,-13.7316265,1.9440429,-15.646736,-20.143328,-10.021156,2.5004783
CL,a,16,ADS,114.33755262818823,212.23901173802062,-273.17517,69.07569,-84.60588,5.4760065,-56.973446,0.5005903,-21.303326,-20.973923,-28.592209,-15.350088,-32.196857,-8.381724,-13.3762
CL,e,16,ADS,122.72744019829231,76.12921073211965,-294.3665,48.92988,-69.11292,67.96933,-25.670696,-8.14668,-57.647377,5.101304,-29.180304,-14.218967,-12.377075,-10.987663,-19.857317
CL,a,16,ADS,124.76140715245774,66.90142761306106,-279.78946,87.2433,-50.34993,10.789778,-54.917137,-12.141891,-42.99505,-20.226166,-13.356876,-7.527548,-19.976265,-0.49610227,21.451094
CL,e,16,ADS,125.06938441405585,133.80285522615054,-245.60548,66.542404,-95.47322,62.245632,-71.733345,5.363093,-67.31504,9.896067,-31.660374,-7.6921854,-14.6089325,-0.7918861,3.7279184
CL,u,16,ADS,126.58226400019107,57.673644494030896,-413.21686,88.10122,-20.987661,17.497927,-31.605286,11.703099,-35.56067,-8.130058,-23.994204,-4.831007,-26.327232,-20.407104,-15.664217
CL,a,16,ADS,129.60218654219352,108.42645164879627,-288.61377,61.03911,-49.345585,3.8173647,-37.598564,-17.094698,-44.50636,-7.2197227,-19.045006,10.3240185,-30.505444,-3.9953606,-19.251884
CL,a,16,ADS,129.88894309157072,99.19866852970927,-321.3469,50.577026,-28.743237,18.161839,-19.608185,-27.23716,-20.996555,1.8472315,-2.088079,-0.030879438,-18.183245,-1.8174353,-5.3342924
CL,a,16,ADS,148.3838258628425,103.81256008923856,-347.01175,113.24989,-61.120613,-12.740277,-50.59172,8.333071,-32.327366,-19.581215,-26.171055,-7.9785833,-23.79861,-12.422508,0.58672607
CL,i,16,ADS,234.90798991648813,83.05004807141358,-374.67413,50.35469,-1.4945858,87.37454,-46.080055,-31.510363,-24.034895,-38.85717,-23.910831,-16.232048,-2.3086956,-11.68843,-22.870022
CL,a,16,ADS,237.0447784495966,87.66393963094288,-332.28143,118.318085,-63.436996,36.14702,-21.766872,-21.868828,-34.877693,9.707293,-14.235992,-18.264713,-7.529052,4.9693375,-18.396467
CL,e,16,ADS,243.344650424398,87.66393963091446,-391.99274,62.588444,-9.80316,45.54298,-4.934346,-13.570387,-34.22363,-9.658308,-36.677418,-13.245259,-29.074333,6.3005857,-11.999884
CL,e,16,ADS,248.1626666946384,64.59448183332483,-322.931,83.50611,-63.68829,66.09296,-36.86068,-23.49503,-36.142036,0.27588582,-37.7809,-22.653814,-1.2078948,-1.9387698,-0.28670228
CL,a,16,ADS,251.83645118838103,94.5847769702084,-452.9862,110.30228,-44.787376,13.889712,-14.631237,9.953171,-15.732529,20.93331,-13.506901,-2.6011853,-37.08499,-5.842315,-8.508364
CL,a,16,ADS,257.19647451549184,170.71398770235646,-311.74005,108.88896,-118.5488,4.3117404,-77.86963,30.728245,-22.522346,-19.138367,-6.874107,8.937511,0.67633307,-15.945903,-4.0208516
CL,i,16,ADS,257.71882191260056,126.88201788688502,-372.33072,50.380447,-34.66162,80.95601,-40.998367,-22.251825,-35.488335,0.48255444,-39.229767,-19.295082,-2.8202147,-15.945482,-11.05451
CL,i,16,ADS,266.1756109103177,78.43615651194114,-320.0873,38.02817,-32.339153,54.671852,-37.99077,-24.836409,-36.0521,3.8360658,-41.80521,-30.75703,-19.128527,-27.716183,-15.911209
CL,a,16,ADS,267.60652465545274,145.33758412494535,-348.87567,95.42411,-64.28328,21.818819,-39.79905,3.3968344,-23.755507,2.9920506,-5.635441,1.8366741,-17.839237,-5.5480814,-15.281147
CL,i,16,ADS,270.0466206230448,78.43615651182745,-317.63678,55.24006,-21.559566,45.78431,-43.375626,-27.225863,-20.303318,-10.651076,-57.048058,-12.926342,-0.8601017,-17.69572,-15.769273
CL,e,16,ADS,270.2392505956549,80.7431022915921,-295.7853,103.84717,-68.86277,75.5759,-49.313866,-5.434739,-55.062527,-4.990549,-13.374842,-26.898035,-10.367634,-30.448353,8.195365
CL,a,16,ADS,271.4989362173294,126.88201788688502,-260.8236,99.859344,-72.59543,-0.49861526,-41.541756,2.9611998,-8.376204,-15.252468,-21.85425,5.2013187,-17.248901,-17.94812,-27.359451
CL,e,16,ADS,275.1651978269708,55.36669871429467,-365.732,81.97897,-40.90288,73.26419,-16.88929,-28.432228,-12.853196,-11.51054,-25.575718,-41.225533,-29.686016,-5.982451,1.9903617
CL,i,16,ADS,275.31860972132495,53.059752934530025,-332.17725,94.39123,-51.705925,64.83419,-35.71871,-7.4993944,-35.973984,-20.748459,0.6834755,-28.639114,10.698561,-11.508459,-10.229434
CL,æ,16,ADS,303.4808765985604,154.56536724400394,-319.91418,43.778755,-49.572067,52.116848,-38.097908,-13.889974,-29.969822,1.0920824,-23.101189,-30.474829,-4.0258913,-5.1905794,-6.7276807
CL,o,16,ADS,325.45242520077903,143.0306383451807,-383.16003,46.605522,-11.123892,26.735353,-45.185406,19.023838,-7.1369143,-14.584055,-20.353348,-19.810318,-14.208664,3.4867706,-17.959227
CL,e,16,ADS,325.8699823869158,110.7333974285325,-325.3387,132.30116,-116.331535,0.28469944,-67.15525,15.342132,-0.2444151,12.144402,-3.4231856,1.913224,-12.200037,-6.5267525,-11.551508
CL,i,16,ADS,334.60946015365755,103.81256008923856,-382.94406,87.63133,-20.90995,62.845394,-21.833534,-20.798508,-39.321663,4.166325,-29.745132,-18.75307,0.032763243,-2.0871139,-18.199892
CL,a,16,ADS,339.2808601655098,80.7431022915921,-314.05112,89.800385,-49.291992,11.552103,-43.43683,-20.845276,-27.87914,-7.33319,-11.661747,-2.7489173,-25.929684,-13.156536,-18.749516
CL,a,16,ADS,341.0391470989938,313.74462604753717,-414.60254,62.501984,-50.67613,-21.010489,-26.58321,12.7813,-15.640543,-2.669336,-1.120308,25.199146,-16.352695,1.1441479,-6.1674714
CL,e,16,ADS,341.83488621618915,78.43615651188429,-283.8311,105.459595,-60.160366,10.387376,-58.45266,-22.369022,-42.420143,-19.26323,-13.985462,6.447317,1.2549233,-4.4773564,-19.503063
CL,a,16,ADS,341.98368421898374,89.97088541070752,-256.27707,94.60468,-123.284225,9.101372,-70.62631,33.927185,-22.082882,-16.613214,7.232261,0.8946582,-26.683405,-25.02245,-12.042814
CL,a,16,ADS,342.5004400736502,113.04034320829714,-301.32877,94.51032,-28.286694,20.348324,-49.864067,-21.800491,-23.873991,-21.613054,2.286691,-8.033621,-34.013885,8.835145,-8.016111
CL,a,16,ADS,342.783040931671,138.4167467856514,-280.59595,93.86255,-66.01285,13.768597,-37.891426,-9.594482,-35.64707,-10.21256,-10.816755,-6.2355466,-22.389523,-15.4335575,-8.438159
CL,i,16,ADS,349.4369651327685,94.58477697017997,-367.48438,72.05286,-15.787491,32.93213,1.2868285,11.81757,-18.165863,-12.509222,-5.238822,-12.359996,-17.008923,9.457975,-10.807514
CL,a,16,ADS,349.70572431611066,78.43615651188429,-314.8197,102.53433,-99.29986,24.614185,-38.37152,1.5299215,-29.654188,16.383265,-10.441901,-10.54805,-22.9371,-13.690588,-11.222805
CL,a,16,ADS,350.4586597350068,124.57507210706353,-390.11026,102.52136,-29.74028,8.029633,-42.115364,-27.50265,-33.468044,-0.5720384,-9.133811,-1.041115,-28.830828,9.591509,0.47043183
CL,e,16,ADS,351.2493773810734,36.9111324761775,-360.56573,87.09071,-52.323242,32.955994,-39.010223,-23.50542,-45.337082,-19.000149,-23.77679,-19.759161,-7.498576,-17.867104,-16.633898
CL,a,16,ADS,351.358957305612,71.51531917259035,-356.91006,136.65372,-43.720367,-5.2469726,-37.35756,1.7507595,-19.199232,-16.264488,-27.9548,4.942507,-1.473574,-5.828824,-22.170925
CL,e,16,ADS,351.8030443682161,101.50561430953076,-374.07623,58.376713,-10.551509,76.68779,-31.454403,-11.071379,-26.502537,0.38773453,-55.614166,-17.55811,-9.919296,-20.898605,-20.068687
CL,e,16,ADS,356.86547168973755,66.90142761306106,-363.65805,27.272226,12.756241,33.971893,-24.634182,-30.215725,-60.040176,8.209225,-33.548244,-18.591042,-21.621307,0.99302816,-17.071852
CL,i,16,ADS,364.0330296405828,115.34728898806179,-317.0516,78.295166,-45.47915,88.929184,-47.561157,-20.06606,-32.635273,-1.4018521,-43.721207,-34.137794,-7.219261,-27.252846,4.6670384
CL,a,16,ADS,364.4886514320856,71.51531917259035,-332.8954,105.74832,-72.87684,46.518593,-49.290047,-16.262222,-58.182293,-32.582054,6.1122513,11.050537,-6.379833,-27.676521,1.6739197
CL,a,16,ADS,366.9226790118473,64.59448183335326,-281.5603,122.18682,-103.80235,6.777817,-76.96738,13.506008,-27.712475,-7.2977905,1.7142847,4.5281177,-5.659361,-26.038559,-3.783366
CL,a,16,ADS,381.8445657983708,112.92087677986729,-358.3422,117.71108,-84.16052,-29.349258,-40.80392,-5.5052643,-37.192287,11.2828665,-11.969076,-5.9309497,-6.4199414,-2.652589,-5.571066
CL,a,16,ADS,382.59029193434185,118.42921223257008,-409.0794,116.912384,-42.41446,-6.8384933,-33.309196,5.8783226,-17.49233,5.5372677,-7.1337075,2.2127204,-27.236746,-14.828279,-14.347534
CL,e,16,ADS,388.2690353284826,110.16670905348747,-297.95572,57.251366,-30.66029,89.138336,-33.75727,-8.471907,1.4706638,-3.9159126,-35.027657,-20.561857,2.2146056,-31.54876,8.765352
CL,æ,16,ADS,389.0636127175311,101.90420587451854,-310.6087,100.85798,-62.92459,15.794032,-25.814095,17.295647,-0.24935448,-0.9296475,10.387992,36.09247,-6.2292347,-4.7410088,-2.7873683
CL,i,16,ADS,391.5060992366282,99.15003814813872,-275.15952,81.22489,-61.308556,54.69182,-43.54132,0.25592184,-42.316902,-8.164092,-27.886314,-14.092276,3.6254058,-8.427132,3.3156989
CL,e,16,ADS,391.90269938922086,82.62503179014402,-289.6336,73.26377,-54.134335,88.33122,-7.861289,-6.5183496,-38.294537,-9.360067,-24.299747,-19.292717,-25.10938,-5.9707155,-44.049477
CL,a,16,ADS,394.1926891974185,294.69594671815,-307.1427,135.52109,-111.76604,7.271138,-46.79206,22.557907,-25.065384,-12.772604,4.6414456,3.7674122,-9.031621,-22.907692,3.6877894
CL,u,16,ADS,403.6028476472632,212.070914928006,-491.70905,95.193054,-10.803461,-0.8471551,-10.3147335,22.349571,-11.033556,1.0214334,-7.133693,15.592702,3.7545118,6.710952,-21.29356
CL,a,16,ADS,412.2930236488389,165.25006358028804,-398.02838,55.70642,-27.653568,-20.456219,-42.585335,33.936943,-6.247985,4.397208,4.399239,11.929781,-20.624454,-7.9645896,-16.063053
CL,a,16,ADS,426.7691057845671,112.92087677986729,-329.5532,97.69333,-86.556145,24.635132,-43.78495,20.768932,-42.489647,10.40377,5.474616,11.462317,-22.700584,-26.48745,-21.110386
CL,a,16,ADS,469.201518354634,165.2500635802312,-269.97995,118.58464,-97.5834,-23.014332,-57.56565,11.409965,-31.018599,-10.6405525,-23.724709,-2.8685565,-21.24324,-10.243363,-8.07381
CL,æ,16,ADS,471.6666915334083,162.49589585390822,-394.6406,115.10675,-29.312609,8.086155,-38.02422,-22.161144,-38.54348,-9.199382,-9.1805,-6.497323,-35.04168,-13.733711,1.3686211
CL,a,16,ADS,472.1175945369173,93.64170269549277,-360.98972,106.92555,-52.837543,-19.023708,-26.080564,-6.845847,-20.967327,-2.7628503,-6.560314,14.503872,-24.299961,-0.44486874,-19.99242
CL,a,16,ADS,473.04024072524055,104.65837360084151,-394.37418,127.1575,-37.33027,-38.15114,-23.733395,6.482439,-25.370007,-3.0181391,-16.60018,-4.7072296,-15.712776,-6.4471016,-14.583524
CL,a,16,ADS,475.9866127525135,71.60836088479527,-354.80057,116.50398,-59.4543,-31.053661,-22.75442,-11.694294,-12.248291,2.237599,-3.6264708,25.869125,-14.064106,-6.220911,-20.220224
CL,e,16,ADS,495.656915215396,110.16670905348747,-456.2424,74.57886,0.71152663,47.535988,-4.4341497,13.73715,-38.330433,-2.3542478,-31.4967,-24.652142,-21.73795,-6.69888,-13.034252
CL,a,16,ADS,509.8077685770757,418.63349440336606,-396.77808,129.1267,-36.712143,3.9752707,-45.448944,28.69747,-9.593946,-12.755437,1.3206155,-11.386449,-23.40763,-16.374952,3.2055907
DM,a,12,ADS,0.2030966724426443,42.784872282937506,-290.7805,88.90907,-102.135254,4.0949545,-29.146378,-9.457305,-19.283474,-16.594677,-13.782822,10.397749,-26.481632,7.589467,-34.74331
DM,o,12,ADS,0.4384134699988015,48.896996894785715,-358.20123,101.13127,-10.002035,3.9983778,-52.215004,-16.41007,-5.1722455,-25.889832,-31.160915,-21.851946,-16.49271,-1.4542357,-3.2275078
DM,i,12,ADS,1.489652310919166,44.82224715355376,-391.13724,80.26123,-21.093214,78.40552,-26.919563,-13.346277,6.435021,-20.361229,-14.125093,-19.696215,-26.25925,10.713643,-6.4480352
DM,o,12,ADS,1.7201657180467953,132.4293665900451,-316.2861,73.33937,-66.57527,-17.366032,-30.448833,1.5269948,-3.1167483,-8.385067,-27.043411,-14.199715,-30.113144,-6.6874523,-24.310959
DM,a,12,ADS,5.230462387848704,59.08387124786607,-294.4831,102.92111,-70.84442,12.68354,-17.143234,-14.138031,-30.702192,-9.980913,-15.305992,-4.515851,-16.240788,-4.5212603,-33.697273
DM,a,12,ADS,5.367475847897635,51.95305920071025,-286.91547,78.96776,-86.10818,35.005997,-54.2501,-29.638493,-14.113619,-1.1512983,8.701193,-4.2812,-1.5574684,6.500015,-26.846615
DM,o,12,ADS,6.167553304109398,62.13993355379088,-432.50537,92.774185,22.31946,16.870583,-33.03147,-15.078915,-24.181501,1.4060347,-31.37157,-10.501732,-25.459993,-12.036919,-15.668514
DM,a,12,ADS,7.950954612792473,75.38287021279456,-404.6205,122.87683,-50.579285,30.060452,-19.984041,-22.899673,-30.493479,12.410124,-17.647053,2.4040608,-11.842547,-16.45504,-24.42641
DM,i,12,ADS,8.135337038583229,57.04649637725012,-462.8108,79.31967,-4.007561,66.21585,-33.92006,-39.84661,-20.414894,0.0628427,-13.077886,2.6249702,-3.7863073,10.378878,-13.924252
DM,i,12,ADS,10.052061150259153,99.83136866018683,-366.78394,55.397186,-11.77429,54.754333,-16.130426,-32.214695,-41.210922,-24.470417,-20.680101,8.303923,-7.994832,15.0557995,-9.711494
DM,i,12,ADS,11.5221686189654,71.30812047156354,-460.43896,20.506617,37.97176,35.491806,-14.020924,-12.508805,-12.61146,8.476775,-30.671589,4.6452627,-34.10136,-23.344414,-28.98889
DM,i,12,ADS,13.870643929210868,42.78487228293848,-439.7563,61.30984,-20.736603,72.70976,-44.9991,12.00264,10.908834,-25.726492,-38.633453,-39.745617,-23.142473,-9.153614,-9.945978
DM,i,12,ADS,15.410139916265004,63.15862098909797,-427.6166,75.061325,-54.790726,74.08397,-39.637505,-16.17477,16.510231,-11.198212,-18.59372,-15.099131,-9.699116,-4.698534,-11.876518
DM,a,12,ADS,16.614385782229057,79.45761995402734,-333.3019,78.17012,-92.595856,6.295808,-21.96412,3.2292547,-5.0645385,21.167942,2.1655643,19.07669,-26.542446,-27.983852,-24.547836
DM,æ,12,ADS,16.847155861196946,60.10255868317671,-372.8482,64.00682,-7.2461767,22.072773,-19.843288,-13.468544,-33.330276,-12.321733,-4.507904,-5.6491814,-29.409025,15.322319,-19.09121
DM,e,12,ADS,18.884797913053312,64.17730842440861,-368.24377,57.494156,-11.362403,50.314117,-36.70202,-16.494417,-51.197983,-7.8752127,-2.9262662,-10.744425,-15.028511,9.80487,-27.671488
DM,i,12,ADS,23.61004457582661,57.04649637725012,-358.81406,99.9198,-60.37098,19.906258,-60.91324,-12.880793,-32.633312,-47.854748,-9.664581,15.128061,-6.4915695,9.93708,-15.642406
DM,a,12,ADS,27.706024110739925,65.19599585971392,-419.05066,111.24643,-55.30265,29.679073,-31.188377,0.980445,1.3485892,-13.324171,2.502317,13.535336,-12.292534,-3.9617357,-24.764814
DM,o,12,ADS,27.923513878178195,45.840934588856186,-464.6672,136.34525,-2.3714054,12.059706,-43.67045,23.577606,-10.016972,-9.512528,-14.314228,-17.633518,-31.277332,-19.196278,-14.736439
DM,e,12,ADS,28.10636827281599,69.27074560094226,-384.52893,87.50323,-27.62564,31.685677,-31.349417,-11.245554,-25.26049,17.101162,6.471711,-0.045813084,-14.866264,-2.9052455,-17.064312
DM,a,12,ADS,32.8059675667689,82.51368225995037,-408.7614,69.55812,0.69557923,28.33308,-31.139517,-24.029186,-45.10968,0.83184516,-13.345512,-10.441397,-17.509995,14.06782,-21.299
DM,e,12,ADS,37.31223511433198,38.71012254170125,-462.91476,102.7947,-31.251892,38.5704,-39.806747,-6.1165404,-35.697834,-33.814888,-30.812336,-18.197678,-11.942768,0.058718443,-10.742376
DM,i,12,ADS,42.55493588020991,95.75661891896203,-408.9475,59.935753,-49.402885,104.34645,-58.783623,-30.65017,-5.1132374,-28.246803,1.887085,-47.4596,-9.613321,-33.310623,-22.01846
DM,a,12,ADS,42.685484758708256,70.28943303625823,-360.65347,91.03473,-36.73098,46.60614,-20.465292,-24.480688,-34.925438,-14.97912,-22.57256,-11.21545,0.9468909,8.322374,-21.941055
DM,æ,12,ADS,44.21469982547221,60.10255868317671,-311.26987,68.18631,-111.01767,41.343693,-35.12339,-24.591164,-19.324665,11.25667,-4.2367506,-9.371119,-26.328,-1.7524812,-6.214686
DM,a,12,ADS,44.59568892627743,159.93392734335998,-375.3374,87.949615,-44.911842,22.705606,-46.138042,-47.413692,-26.812746,2.821033,4.5281196,-4.75459,-14.417612,16.909767,-13.4099655
DM,e,12,ADS,48.365382617271024,96.77530635426734,-420.7879,60.803974,-48.243324,51.331135,-19.791338,-24.53939,-30.622833,-3.9132853,-8.653915,-11.849552,-28.810951,14.708235,12.991377
DM,o,12,ADS,50.21723198493064,85.56974456588051,-420.2038,96.61752,3.7213082,9.495669,-96.78079,0.14680624,-17.604334,-28.84135,-12.675743,-17.48281,-21.642765,-8.931255,-24.660145
DM,e,12,ADS,51.68221481136501,70.28943303625113,-392.2068,55.645752,-7.4988403,43.273,-20.143976,-23.377773,-36.86071,-3.2357073,-35.97686,-6.9624615,-2.3333995,1.7893925,-9.455862
DM,e,12,ADS,58.19400498212793,53.990434071323534,-407.7736,62.895702,-18.595867,56.058693,-31.38633,-29.152178,-25.553844,0.96330684,-24.541122,1.2508988,-3.8840609,-12.446993,-13.995699
DM,e,12,ADS,58.606573393427695,66.21468329502278,-417.62662,42.145027,-12.621743,39.79384,-35.15322,-20.237144,-22.68002,-10.570496,-38.567814,-1.3556631,-2.838984,16.441542,-11.317454
DM,a,12,ADS,59.29932039412017,51.953059200712914,-439.16122,74.90051,-18.473349,11.559761,-23.855701,-22.867537,-42.840973,-18.415237,-18.608595,-2.8843555,-25.956356,4.6959248,-0.2796986
DM,e,12,ADS,61.124095886029146,67.2333707303352,-340.5475,44.014107,-34.586285,30.241478,-36.43899,-26.463202,-32.690224,-1.2540085,-17.334408,-16.598783,-26.462326,17.444214,-4.521734
DM,i,12,ADS,61.588688106308,47.87830945948457,-404.86035,16.910915,17.335222,61.308006,-28.357128,-9.859062,11.819511,11.507393,-51.204178,6.253208,-16.775972,-20.38279,-21.45102
DM,i,12,ADS,69.30081375835817,47.878309459477464,-397.63095,39.212406,5.35425,77.736145,-34.696953,-36.247986,-9.877996,-5.656124,-40.11946,-1.6415011,-15.351263,-25.236023,-41.989716
DM,i,12,ADS,70.58954784061103,69.27074560094582,-428.0416,42.533108,-12.917301,69.74924,-22.936863,-14.192845,-5.7702713,-1.3022709,-53.39352,-13.57365,-0.9592935,-7.760581,-6.764165
DM,e,12,ADS,72.74469974405427,74.36418277748658,-518.7985,62.21483,-36.599716,47.39802,-27.530603,-2.5341554,-10.715748,4.4757004,-32.21749,-16.987663,-20.144665,5.7261076,-9.065166
DM,æ,12,ADS,73.01401731966075,206.79354936754635,-377.75012,134.94322,-88.58653,-5.696009,-7.9810333,-13.619507,-28.250626,4.363821,-3.0027738,13.647078,-16.092463,-12.446699,-5.9604535
DM,i,12,ADS,79.19315068023947,63.158620989099745,-398.2683,25.33889,2.681485,62.343483,-51.090027,-3.8706234,5.4505935,-2.4598355,-10.749687,-12.345152,-3.9018662,-4.105747,-16.16989
DM,a,12,ADS,80.92178589119536,91.68186917771948,-279.20657,75.428665,-52.67453,-4.3192806,-29.787598,-3.080925,-19.153864,2.3435853,-18.84541,14.016933,-18.346365,3.708655,-20.724022
DM,a,12,ADS,86.07000713659127,73.34549534218127,-452.43716,96.028625,-20.371872,71.6434,-43.240524,-2.8436508,-26.364569,-16.572306,-12.562635,-0.26391315,-9.4747095,14.270998,4.957282
DM,a,12,ADS,86.7293646578248,45.84093458885263,-404.3735,99.19397,-8.16898,23.528847,-10.8798065,-30.636944,-34.411053,-13.481314,-27.87439,7.860555,-21.601254,8.584486,0.53231156
DM,æ,12,ADS,88.89196862515857,111.03693044857721,-470.90256,52.28168,-35.352013,37.887924,-17.826134,-6.0045223,-27.887732,-8.757745,-27.547829,-0.24079013,6.038537,13.295231,-1.867471
DM,a,12,ADS,92.83219050669254,46.859622024172154,-344.05066,90.39731,-54.489395,74.91893,-47.6974,-2.9484243,-50.660908,-19.996922,13.1163435,9.857145,22.45373,1.587028,-10.319514
DM,e,12,ADS,93.18977352329549,112.05561788386831,-352.11066,91.018684,-21.015503,55.783623,-20.420639,-1.8813083,-12.542179,-19.895393,-35.106167,-18.934011,-17.836334,-1.8315835,-22.088745
DM,i,12,ADS,94.57272080609216,137.52280376660053,-416.41113,50.72447,-15.630852,62.71991,-38.603302,-17.9197,7.252168,-11.050651,-12.911488,-11.927153,-18.938318,-5.2373276,-22.736523
DM,a,12,ADS,96.94387355985268,104.92480583671693,-339.61758,79.67227,-52.044247,89.8012,-43.60551,-43.871162,-35.00077,-26.225649,2.4231713,-9.239218,4.690035,-4.7377763,-28.844677
DM,u,12,ADS,97.15372317152614,74.36418277750079,-416.87137,60.214176,1.4702945,46.364746,4.9344883,-3.4889116,-27.022514,-25.426243,-23.143173,-7.6235285,-24.840918,15.389915,-3.7364514
DM,a,12,ADS,97.4767648612657,221.0551734618491,-379.87976,62.96485,-13.897011,55.967484,-27.97638,-26.892216,-26.117973,-5.741043,-26.198343,-9.258097,-2.6232846,8.249048,-9.257755
DM,e,12,ADS,109.2894304148784,50.934371765407604,-392.9727,44.44859,1.3002853,43.936844,-39.787315,-11.773718,-15.046555,-2.2211957,-24.435266,0.93622684,-14.474974,13.747992,-27.242466
DM,a,12,ADS,115.42730693432716,61.121246118474915,-404.18796,54.384365,-44.183502,-0.30291986,-20.296463,20.30481,-7.3455076,6.2529287,-21.401762,18.413338,-11.430452,-2.108556,-25.555462
DM,e,12,ADS,115.7455922566068,72.32680790686175,-362.6376,55.271564,-42.57112,35.67063,-18.862633,-7.134608,-28.232231,-16.901783,-33.337982,-8.920817,-14.919413,3.1834939,-9.926179
DM,a,12,ADS,116.0527265183522,378.95172593459847,-449.0684,45.54557,-45.997726,2.3996124,-22.152569,16.746563,-4.805249,7.6200924,-16.61396,4.0120564,-33.67224,-13.641194,-11.985374
DM,i,12,ADS,117.85520865943133,60.102558683198026,-409.67593,27.169216,-19.711197,94.29768,-61.025887,3.1304762,-13.713153,-41.190018,-11.522663,-37.173973,-16.796234,-19.754082,-11.180056
DM,a,12,ADS,123.9931480197218,81.49499482463796,-371.10962,89.07308,-56.69246,51.13247,-45.017357,-13.867256,-48.493423,-40.752247,13.853843,3.4762483,-8.614137,-1.803645,-4.5017996
DM,i,12,ADS,127.9092584725248,65.19599585972458,-360.564,23.013996,-24.562532,92.355484,-57.283085,-24.502625,-34.43805,-34.79055,-34.193222,-16.971039,-5.895425,-31.631601,-23.113369
DM,i,12,ADS,128.21955866038647,62.139933553794435,-385.98828,63.295403,-8.840371,71.596085,-52.09547,-15.329792,-3.4696121,-18.912113,-26.904417,-18.783394,-26.78835,-23.247053,-27.419773
DM,e,12,ADS,132.03637829334247,53.990434071323534,-324.8742,71.919876,-66.01442,47.272186,-44.67604,-11.797378,-35.45232,-17.327337,-16.998493,-37.32339,-22.131538,-7.440305,2.7907877
DM,i,12,ADS,134.5996164695004,53.990434071323534,-400.99567,33.221447,-20.15887,62.758354,-38.890682,17.465157,7.3349895,-5.1667376,-23.429234,-17.888567,-10.714022,-11.442997,-10.980284
DM,a,12,ADS,135.35802178680171,98.81268122489928,-389.29034,104.17827,-48.203148,-2.407194,-20.562603,6.7779984,2.163049,7.207644,-22.184525,10.77769,4.3175344,-5.737759,-30.576767
DM,e,12,ADS,136.5521198924447,126.31724197819949,-394.56384,73.90332,-31.030964,99.51301,-43.525345,-27.958612,-25.78289,-7.037912,-8.059263,-39.686905,-10.590794,-4.4915113,-9.705523
DM,i,12,ADS,141.22187929508934,56.027808941962576,-261.29343,3.0894842,-45.240173,49.45589,-50.996346,-31.396162,-40.76158,-22.441933,-28.29248,-23.307497,-10.808289,21.164505,-13.065151
DM,a,12,ADS,145.44416816304448,239.39154729740153,-284.46176,83.46681,-63.87624,-41.750122,-22.05679,-8.542076,-15.706522,20.715336,-3.7634344,6.718155,-22.841206,-14.668026,-14.882485
DM,o,12,ADS,145.88616116787227,50.934371765407604,-334.3764,40.45038,-28.749554,-1.5133141,-56.140076,-20.908781,-18.327047,-9.2191725,-29.456875,-15.70234,-36.381573,-0.71245414,-8.944836
DM,u,12,ADS,150.37866104783689,66.21468329501567,-265.32593,97.23476,-34.35897,26.925732,-27.603392,5.8672237,-39.006584,-20.213472,-11.533066,33.235706,-20.948307,-16.224228,-14.234717
DM,a,12,ADS,150.55642200529817,120.20511736636763,-290.52866,85.14822,-100.02095,25.402266,-20.789429,-8.178588,4.9334083,-10.677095,-0.6520883,18.580494,-23.612503,4.71404,-6.9929695
DM,a,12,ADS,151.4410896326725,43.80355971824201,-304.5363,66.06148,-86.28572,63.54339,-71.42651,-38.623116,-34.067654,-5.180807,-12.720121,-22.819101,10.3656025,-20.406994,-16.32308
DM,æ,12,ADS,152.76726464796678,114.09299275450735,-324.96948,97.58011,-138.3342,38.139786,-60.344204,-36.320686,-18.910244,2.0644026,8.856107,-9.326623,-25.275997,-1.604599,-7.44929
DM,e,12,ADS,153.50385432240944,137.52280376658632,-403.15497,63.93471,-10.701792,60.027,-47.893326,-29.35658,-28.863518,-13.251198,-42.388294,-24.0311,-6.5602484,-0.54778886,18.796005
DM,a,12,ADS,158.61204132385834,101.86874353081521,-300.59073,85.90085,-73.86896,5.358352,-40.21566,-27.435501,-38.474865,-3.4030793,1.85648,1.2787154,-20.0014,-11.188704,-23.101906
DM,e,12,ADS,159.102602164801,89.64449430712307,-357.6608,20.997856,-6.792247,79.91866,-56.20137,-9.893478,-6.663778,-10.99811,-34.513092,-17.65068,-6.2321024,-7.2637415,-19.047447
DM,e,12,ADS,159.31347046390977,65.19599585973879,-308.40878,67.229256,-52.08062,15.095576,-30.905159,-20.026457,-47.09714,-13.5886,-7.4395094,11.8323,-14.997791,3.1067865,-14.480259
DM,a,12,ADS,161.28334650515933,91.68186917773369,-336.2489,29.209387,-14.277215,6.7662406,-15.820108,-13.663166,-36.250843,-0.7927332,-14.581575,0.12977362,-12.959736,-6.818142,-13.072161
DM,e,12,ADS,161.72238540255495,98.81268122489928,-429.44342,53.235474,-15.212748,74.999756,-41.49173,-12.303171,-7.00329,-8.223799,-35.1416,-11.380557,-14.548344,-16.112974,-13.488379
DM,a,12,ADS,161.9633049810053,44.82224715354732,-395.94263,72.83122,-35.00636,75.83174,-23.493927,-24.465149,-22.295885,-20.374317,-28.599735,-11.38645,-6.484851,1.9774699,-11.755939
DM,e,12,ADS,162.58798010646984,199.66273732038076,-438.07907,68.58649,-12.389754,33.174675,-18.203106,-33.73606,-57.39747,-13.675708,-26.127636,-6.0832405,-17.345299,12.896544,-2.578798
DM,a,12,ADS,164.6230521435794,50.934371765407604,-298.1172,75.69205,-25.304901,8.137263,-46.115253,-18.843876,-47.7406,8.723314,-9.708781,7.044855,-12.706163,-7.8322635,11.785492
DM,u,12,ADS,164.87143960379353,217.99911115593318,-439.7914,98.60258,-9.432188,3.915832,-30.163654,5.1962557,-12.92787,-14.14217,-20.132683,-6.287035,-14.786144,-6.246711,-28.023624
DM,e,12,ADS,165.70985099879852,69.27074560096003,-326.5755,99.879944,-75.19995,77.88385,-55.094643,-18.466488,-52.225296,-24.911488,-10.779669,-34.823414,2.4133034,-18.026161,12.379705
DM,i,12,ADS,166.9215801337485,81.49499482465217,-474.6973,34.222927,-16.471123,39.959755,-22.558796,-18.870937,-6.513113,18.790031,-27.018644,-6.803199,-34.55511,-18.198383,-5.1639867
DM,a,12,ADS,167.47171089349789,65.19599585971037,-323.69,119.113205,-75.02963,-0.2332325,-31.761269,-0.6191416,-4.884936,-3.9767303,22.59179,6.0978985,-37.78453,-18.237701,-18.223509
DM,i,12,ADS,167.89778108310932,58.065183812573196,-377.62418,42.9643,-3.5994701,16.943165,-43.812756,-10.3881,-36.817978,-2.4731793,-22.145756,-7.5274267,-45.785988,-9.770332,-12.74571
DM,i,12,ADS,172.4890857353622,52.971746636018224,-318.11566,17.207445,-5.5238204,74.20364,-29.967594,4.8653903,-10.329131,-33.795113,-44.106316,-12.747822,-5.9232807,-1.6547055,-9.37154
DM,æ,12,ADS,173.2851433737379,80.47630738934686,-326.75256,64.11851,-45.875496,23.893436,-30.251383,-13.277805,-59.151882,-9.710774,-2.0524497,-4.12682,-8.374868,14.670649,-15.078388
DM,e,12,ADS,177.41375211167667,32.59799792985518,-370.2751,59.96095,-18.145462,46.848724,-32.31809,-23.723625,-30.709913,-6.168539,-9.920302,-6.732297,-19.91616,4.1180367,-2.080156
DM,i,12,ADS,177.66434922076246,52.971746636018224,-366.17075,15.156621,-28.03951,47.829212,-24.863905,0.82923603,-20.560598,-4.7743006,-12.292786,-22.576622,-21.73664,-5.228922,-15.552971
IA,e,23,ADS,0.4808986208397456,112.54753425271407,-351.32016,24.984447,0.26358914,43.8429,-42.56404,-32.607307,-35.47627,8.110938,-42.363785,2.7639983,-7.750044,-9.574667,-29.400345
IA,a,23,ADS,2.917744080524629,88.16223516462607,-316.17386,85.92052,-105.69004,-29.307587,-21.572882,6.0328593,-21.78209,-25.027565,-12.145888,24.45786,-13.782303,-12.5193405,-14.78314
IA,i,23,ADS,3.4474254377391977,65.6527283140833,-393.95816,25.149464,21.539333,44.84678,-29.251797,-4.963826,-36.76442,-9.602298,-44.38504,0.5287851,-15.224403,-11.261823,-19.176392
IA,o,23,ADS,4.439734491376667,54.39797488881126,-416.65515,133.34198,28.396599,-1.4427655,-56.942352,-18.48964,-42.480984,-33.963272,-36.007153,-8.507189,-27.540894,-4.8962684,-18.954374
IA,a,23,ADS,4.64516366133995,67.52852055162784,-311.14545,123.15497,-89.06497,6.9945793,-25.62418,-17.0042,-38.614334,-16.869595,-10.27771,4.6069794,-17.046963,-9.8388195,-19.60006
IA,a,23,ADS,4.794752180583608,86.2864429270802,-339.2874,117.19193,-81.15367,1.0548192,-23.435173,-3.7388906,-22.28964,-19.248508,-21.249365,-4.471565,-21.797306,-10.536755,-24.608204
IA,o,23,ADS,5.443444761624913,60.02535160144795,-275.35434,85.91699,-43.693336,-20.880276,-71.77933,0.55632675,-5.387907,-11.179405,-16.535282,-2.075986,-7.722358,-7.1099253,-16.31018
IA,u,23,ADS,6.279833109654167,58.14955936390209,-375.29108,100.84288,-22.528461,-25.528725,-60.583122,-11.273346,-51.370705,-47.829575,-23.463993,2.6554997,2.8133116,-20.075882,-32.01853
IA,i,23,ADS,7.351388473627345,52.52218265126718,-318.79807,42.350075,-33.22395,27.29992,-66.941345,-18.847692,-24.82993,-22.094229,-40.54888,0.5332838,-16.503365,-6.4464984,-1.4094054
IA,a,23,ADS,7.523961359481508,97.5411963523527,-288.64642,85.33874,-112.96857,-14.328115,-43.466152,39.513496,-8.872484,-23.644283,-0.6158723,5.6623306,-20.324074,7.07588,4.7177324
IA,i,23,ADS,7.927979596756583,116.29911872780329,-381.11252,75.88455,-3.6642737,61.121643,-29.914188,-11.054562,-25.273294,0.93788636,-39.426685,6.6993484,-16.56252,-27.703545,6.6406665
IA,a,23,ADS,8.650810851109044,54.39797488881126,-280.13336,92.55922,-122.97221,-6.732106,-15.854592,1.9493675,-5.682599,-13.333693,-5.070939,-0.9279872,-22.445465,-6.801528,4.188986
IA,a,23,ADS,9.330785537219192,41.267429225996466,-371.08966,100.225464,-59.212433,33.26677,-38.14917,4.2467203,-32.122692,-25.397182,-3.2844055,-19.550312,-36.70771,-19.319027,-6.5027184
IA,æ,23,ADS,12.14768209152176,56.27376712635623,-303.61853,102.971176,-100.63956,0.99721694,-49.435272,-36.443928,-25.39649,7.526676,-19.965168,-6.8789597,-6.184733,-15.12263,1.9125
IA,æ,23,ADS,12.29118019769397,95.66540411480773,-363.79883,75.06992,-32.002438,44.075035,-58.35287,-53.138424,-47.075016,9.079012,-25.668945,-6.861844,-17.363281,-12.828879,-2.783219
IA,a,23,ADS,17.048963371389426,114.42332649025744,-160.9914,83.52522,-73.12703,-2.4166512,-43.72505,-1.3724005,-17.635132,-0.23922884,-41.60972,-11.641962,-31.03754,-13.478956,-18.384598
IA,o,23,ADS,22.585286946947505,60.02535160144973,-324.587,78.7863,-19.74423,-22.477415,-57.359814,-16.759243,-20.050102,-17.434303,-15.282221,-14.603336,-25.82147,-13.856298,-17.961609
IA,u,23,ADS,24.48947907447485,48.77059817617635,-356.45444,85.28696,-38.15207,-27.381271,-39.21721,-21.517763,-23.619799,-46.59557,-20.475304,-16.526176,-9.429499,-17.114838,-23.627048
IA,e,23,ADS,24.826183781114224,58.14955936390476,-349.17746,53.60563,-24.568766,58.370888,-88.54347,-45.764923,-18.08709,-47.900017,-22.954937,0.8708098,11.059593,-11.207659,7.403946
IA,i,23,ADS,25.74453054457813,114.42332649026099,-358.8954,4.731694,26.196507,25.285725,-15.222954,-19.261925,-23.025713,-2.7936351,-26.3757,2.6063426,-24.579111,-5.019829,-23.30587
IA,i,23,ADS,26.0890282099638,54.39797488881126,-339.67,29.97902,-27.297688,52.287224,-25.712208,-33.86969,-30.968693,7.4668903,-28.964607,-28.38569,-18.189991,-1.5894198,-31.651508
IA,e,23,ADS,27.58680656829044,46.894805938638484,-317.1103,84.0742,-42.098335,31.06725,-39.024548,-12.948988,-49.65214,-13.714201,-15.064859,-17.679573,-11.633965,-11.663082,-15.828819
IA,e,23,ADS,30.96547611436063,73.15589726426097,-414.83008,114.70267,9.207905,32.821068,-41.563328,-11.3770685,-47.061157,-4.842788,-6.638964,-3.7141304,-22.041492,-6.875227,-4.3426695
IA,o,23,ADS,31.93845080260532,123.80228767798584,-368.77167,119.29462,-58.99552,-25.584215,-55.409344,10.941702,-21.059834,-31.200806,-12.826279,-11.995207,-22.26807,13.159157,-10.597227
IA,e,23,ADS,35.98764441029263,52.52218265126629,-326.66037,2.9624739,-11.410393,43.802227,-49.649452,-47.760155,-30.817364,2.7167606,-28.62592,-6.550223,-11.359414,-12.78554,-34.249626
IA,a,23,ADS,47.62750372335044,101.29278082744264,-328.73358,104.33308,-79.70013,-20.768074,-38.87214,28.874458,-17.139275,-23.744923,-18.49115,10.019019,-14.118149,21.827847,-2.7687993
IA,e,23,ADS,52.41049354901938,142.5602100534391,-261.5058,98.43367,-68.96392,23.499176,-36.27101,-28.629036,-40.649742,-9.25458,-4.2751493,-2.2600114,-2.0935254,-23.01168,-15.2183895
IA,a,23,ADS,55.20661306209836,45.01901370108641,-267.73828,78.15639,-69.16873,32.539627,-75.86043,-30.940687,-44.761154,-12.4176445,-2.5269177,-5.461798,-18.418234,-2.5857117,-18.577435
IA,a,23,ADS,57.53994345559287,76.90748173935447,-306.37082,94.35922,-73.547775,3.0499663,-25.42318,12.090605,-31.389862,-30.94526,-21.259888,-5.4148965,-26.053082,3.9980116,-9.386613
IA,a,23,ADS,60.65705339118402,78.78327397690299,-314.36932,82.3777,-135.23502,-2.5407877,-33.354004,8.90052,9.277522,-23.404957,1.9306211,1.6495194,-10.049409,-9.207058,-12.4090395
IA,e,23,ADS,61.29071285094778,133.1812488657107,-394.73285,61.694496,-6.690261,23.792337,-43.501366,-18.377922,-16.376745,-14.095308,-28.845108,14.264881,-13.987496,-13.808216,-16.576973
IA,e,23,ADS,61.47641628246477,50.64639041373198,-420.4478,66.71393,-18.609728,23.66571,-25.191654,-9.427179,-29.560717,5.2250614,-12.083796,-15.989175,-33.62769,-7.7700195,-12.962503
IA,i,23,ADS,62.5478850231566,95.66540411480418,-273.2338,31.359585,-23.026203,68.213905,-63.85437,-39.16637,-42.299786,-42.748116,-51.228516,-13.015802,-3.9536476,-6.961608,-8.536567
IA,i,23,ADS,65.45826957613912,65.65272831407754,-307.0159,36.15506,-24.603598,24.315094,-60.925808,-17.312098,-12.909842,-22.818886,-28.421509,-10.920742,-20.646961,-18.29231,-24.841911
IA,a,23,ADS,67.7247345153807,45.01901370109351,-300.54193,104.482864,-46.491272,18.162495,-43.782608,-38.722702,-29.476908,-0.86986864,-22.901169,-10.625692,-1.8801577,-15.173828,-16.087273
IA,a,23,ADS,67.87573579050309,76.90748173935447,-307.74417,96.79333,-36.036346,42.009842,-42.982452,-20.62508,-25.563622,-11.307023,-15.633037,-19.108236,-8.937254,-17.755459,0.9720113
IA,i,23,ADS,81.05145392625451,61.9011438389947,-349.06274,25.198448,20.85133,54.498886,-34.811115,-19.683027,-13.938089,-13.567206,-46.04047,-8.090933,-33.311832,-16.200611,-34.40206
IA,a,23,ADS,81.85595380624551,90.03802740217282,-294.0638,75.2502,-61.252155,12.302763,-17.836807,-16.164694,-11.831288,-6.7509136,-1.168185,-8.449871,-32.321907,-12.1461525,-21.041279
IA,æ,23,ADS,82.25551251281868,105.04436530253258,-366.72736,98.65847,-54.480972,38.515816,-40.661213,-19.403309,-41.98027,-25.727383,-12.216089,-11.010656,-20.839695,7.7649937,-13.071699
IA,a,23,ADS,82.50217919205588,253.23195206860305,-445.617,53.2848,-68.880806,11.848896,-20.051746,21.424644,-29.617668,-14.017409,-9.743639,9.475183,-24.004677,-5.836173,-13.873415
IA,o,23,ADS,83.56890174882457,121.92649544043377,-431.8347,65.039894,0.7614269,3.703205,-24.005287,7.581592,-5.5413337,-8.596596,-19.415178,-7.7014074,-15.998266,-7.715116,-11.763624
IA,a,23,ADS,83.73959884244118,91.91381963972844,-410.5983,116.321106,-47.34556,23.469479,-23.14347,-32.26323,-47.76338,6.783495,2.1733422,3.5590694,-15.147433,-4.669943,-21.316385
IA,a,23,ADS,87.71136522870107,80.65906621445151,-278.0864,92.98477,-80.70004,-6.6772757,-27.998863,-5.6399274,-27.821121,-5.5763793,-14.580018,-5.8740396,-20.130383,0.72445714,-23.395397
IA,a,23,ADS,88.31255664083432,63.77693607653612,-328.6504,107.86191,-67.9557,-14.662653,-33.75354,-9.095663,-30.470905,3.2318447,-34.678497,7.1606026,-17.103443,-2.4038246,12.675144
IA,æ,23,ADS,88.53390012486466,101.29278082743554,-381.24026,95.6941,-13.741056,37.568302,-36.030922,-36.346443,-36.85543,-7.3278236,-37.325897,12.418215,-11.062022,-8.759638,0.48471093
IA,u,23,ADS,89.91288538585539,56.27376712635623,-407.18533,98.67358,-9.085462,12.902679,-23.480822,-8.042629,-47.84729,-11.004031,-20.574402,0.46665442,-20.577904,-14.971485,-21.2534
IA,a,23,ADS,90.1351667660045,95.66540411481128,-316.2394,110.66359,-78.82065,23.667692,-18.617207,0.09329659,-40.58995,-32.02356,-4.4210258,-5.4537277,-31.144108,5.5229955,-9.828129
IA,o,23,ADS,90.4824781197465,78.78327397689588,-370.43893,112.15358,-30.481178,-26.305468,-86.21799,-21.836445,-18.854183,-18.00912,-28.880045,-3.6792552,-20.72699,-4.414526,-24.069145
IA,æ,23,ADS,91.33898044270067,174.44867809170717,-288.07483,101.046646,-115.286705,19.758905,-61.585365,-11.706562,-8.894756,-9.347952,-2.785026,-16.711472,-9.289734,-1.881692,9.017393
IA,e,23,ADS,92.63410157606717,67.52852055163316,-390.4439,76.983,-50.81147,34.526997,-13.942429,-15.490313,-37.774292,1.2311702,-35.409813,-21.86309,1.3454051,-1.063285,-14.004187
IA,e,23,ADS,93.6818780039217,67.52852055161895,-332.28705,50.26535,-27.11211,19.980564,-26.028881,-27.472698,-52.12891,-18.965193,-15.33774,4.88774,-22.676468,-3.79072,3.1261902
IA,e,23,ADS,93.76159917401736,58.14955936391186,-373.7771,100.56943,-11.0509205,33.176174,-41.011467,-22.088997,-52.168358,-10.990189,-23.43093,-20.187141,-19.196186,-8.96549,-6.66752
IA,a,23,ADS,93.96324683955348,93.78961187724144,-276.13702,62.276337,-125.42279,-3.948504,-7.902072,15.937184,28.936258,-19.755306,2.8018384,-8.897855,-20.01266,-1.2968488,-16.97747
IA,e,23,ADS,94.27837993546107,86.28644292708998,-363.8416,92.58519,-61.044342,9.877608,-29.662197,-20.435917,-43.64952,-17.834448,-37.907314,-16.074825,-22.056555,-12.970985,-7.2612233
IA,i,23,ADS,94.3525753121015,45.01901370106509,-325.8739,-7.681982,10.073978,17.264233,-27.449844,-16.37246,-47.456226,10.440491,-25.827337,-4.4305706,-10.303893,-11.422068,-15.767979
IA,i,23,ADS,99.5032652962575,116.29911872780951,-409.2036,40.036312,-29.314587,28.565615,-31.916157,-4.0307016,-6.5907316,-0.4798584,-25.30015,6.9752636,-10.843588,-2.6355643,-14.969383
IA,e,23,ADS,101.82075303899028,91.91381963972844,-342.57056,64.133934,-66.83099,36.34256,-17.942009,-7.3778973,-44.8321,4.921433,-38.6167,-6.9066515,10.77952,12.575293,3.4680848
IA,a,23,ADS,105.91958347766727,69.40431278916037,-355.87668,103.00479,-92.232956,-18.327255,-18.345657,-7.2939706,-33.56078,-8.241699,-26.903446,9.37076,-6.8779087,-1.3238572,-0.5453545
IA,e,23,ADS,106.6520803464287,176.3244703292628,-429.06885,93.95792,-9.112748,56.67889,-26.643406,-13.677848,-47.074875,-30.62041,-34.135902,-0.62643254,-9.617587,-21.217655,5.2603226
IA,e,23,ADS,107.25988191132149,97.5411963523527,-341.57758,66.8557,-33.77231,59.298485,-43.55461,-2.3016593,-25.311707,-6.3797035,-24.29208,-9.92949,7.373255,-13.376369,-6.7571
IA,a,23,ADS,107.56563604604136,120.05070320287814,-345.1165,88.60494,-30.923168,-24.610374,-29.843428,7.2777424,0.6584374,5.7503567,6.1769724,6.089222,-30.198334,-4.275059,-9.590027
IA,a,23,ADS,114.54745933907884,95.64449344061643,-285.11407,102.94191,-131.2815,18.448244,-39.956497,-20.206406,-30.017113,-13.977161,-12.371057,-17.176863,-1.5680425,-1.7290201,12.659069
IA,i,23,ADS,115.96664713460623,39.39163698844084,-373.13144,43.505585,-8.811141,47.5587,-31.743256,-11.656137,-22.13575,-10.252857,-36.13225,2.231285,-13.676304,-11.063597,-6.872025
IA,e,23,ADS,116.12985403657888,166.9195545291018,-314.05695,70.874756,-37.49669,-5.477216,-27.959324,11.562008,-29.01672,-4.7756395,-19.298954,13.501774,-19.893433,11.65494,-6.0655203
IA,i,23,ADS,120.42913635749898,78.7832739769101,-323.4369,64.086105,-3.0163784,50.12597,-33.65416,-15.954098,-20.36417,-16.37595,-49.687595,-18.022198,-24.888361,-2.2397308,-23.306599
IA,a,23,ADS,125.64557751665151,123.8022876779894,-319.6625,101.62512,-67.48689,6.0789537,-38.61154,-23.963963,-32.46405,-4.260025,-16.09158,3.917306,-24.629578,-7.5263853,-1.2843297
IA,e,23,ADS,125.95877811699232,80.6590662144373,-411.41995,61.14833,21.04278,37.946182,-21.451958,-6.956062,-30.796501,4.081571,-37.2956,-5.183705,-27.141582,0.50130665,9.06846
IA,e,23,ADS,126.94413366131975,61.90114383896628,-351.11435,63.746563,-9.585396,36.686234,-30.959105,-21.179848,-31.77089,4.386802,-21.122591,11.246638,-15.515646,9.028536,-17.554678
IA,e,23,ADS,127.0623085722851,84.41065068953435,-308.66232,111.45187,-56.23912,22.305939,-39.20907,-22.655287,-37.53,-15.802853,-2.0254598,3.3231938,-27.790348,-17.704308,-1.3431276
IA,a,23,ADS,127.68235949005116,275.7414589191711,-345.02695,107.95335,-78.21043,-22.232967,-33.25301,10.207907,-6.1882167,-25.059473,-3.2559576,10.890289,-15.669422,-12.849032,-3.9832973
IA,a,23,ADS,129.96795876474576,138.80862557834917,-281.3724,91.69676,-105.68405,-2.642033,-42.94088,8.008551,-37.65692,-21.491589,-12.161473,20.25688,-4.6136417,-4.3815575,0.6224122
IA,i,23,ADS,131.23104810346334,58.14955936392607,-389.9423,69.22948,-8.535604,42.28958,-28.85641,-22.85796,-40.06396,1.0823759,-38.581184,13.670894,-10.87713,-16.00309,7.442029
IA,a,23,ADS,131.43550945735575,114.42332649025388,-322.1048,38.18775,29.01791,-21.841629,-23.273235,-24.634022,-24.244698,24.098785,-9.819935,18.013641,-26.378473,6.998056,-5.128601
IA,a,23,ADS,134.97223537111586,76.90748173936868,-300.4347,41.364433,-47.659706,10.802146,-20.682323,-1.0675493,-12.746738,-8.440325,-22.81642,-4.626849,-18.860237,-7.656521,-21.744015
IA,i,23,ADS,144.71542068557267,61.90114383898049,-402.5313,71.84421,-3.2115345,48.716736,-28.643267,-0.9260149,-32.273136,-14.174883,-25.448406,-6.032093,-21.470974,2.206871,-2.7738605
IA,a,23,ADS,146.97594167492835,60.02535160143907,-310.66757,91.24022,-92.237,-12.378799,-55.3231,0.54926145,-12.865278,-51.13833,2.1249385,-1.901774,-20.817753,12.733574,-7.6739187
IA,a,23,ADS,148.6473623184374,75.03168950179884,-359.66745,109.22002,-43.008938,-15.235096,-46.015297,-10.505618,-39.934288,-0.004199326,3.2987103,6.9671993,-31.403133,-1.4544547,-4.188387
IA,a,23,ADS,155.22729258094435,101.29278082743554,-255.47685,51.13956,-81.679115,-9.856112,-42.740852,-14.151451,-32.5816,6.231474,-7.2168975,10.085903,-27.27361,-15.405,-14.96487
IA,e,23,ADS,155.91575321205153,93.78961187726986,-313.68774,71.01659,-20.544312,22.506493,-27.9297,-17.434803,-50.86033,-18.037403,-50.654884,-22.972948,-27.726084,-11.84609,-12.36444
IA,a,23,ADS,157.07017496762614,103.16857306497695,-288.10535,87.216705,-121.4355,-0.8703898,-12.9618225,15.35134,8.040001,-41.82789,-4.536564,-0.46003556,-11.732061,4.6263976,-4.3228006
IA,i,23,ADS,158.93942002889094,50.64639041373198,-341.06024,-25.932018,32.27787,17.882296,2.8621306,-3.8163695,-35.172173,-1.0796342,-35.40484,8.968365,-16.893576,-11.994072,-26.35138
IA,i,23,ADS,159.42776229357418,67.52852055163316,-360.96045,15.3128605,17.709185,43.973137,-6.243975,-6.5087667,-22.115292,-9.545816,-43.296547,-2.7925603,-23.061571,-5.297289,-15.135954
IA,a,23,ADS,159.62847206299153,86.28644292710419,-272.9087,50.659134,-83.35379,9.793299,-23.061348,10.915798,-36.901947,-15.731054,-19.640865,16.292881,-14.737758,-3.1882463,-19.584505
IA,a,23,ADS,160.0289537057075,65.65272831412017,-298.6556,76.371086,-76.92888,-8.798332,-22.149319,-3.165235,-35.97947,16.465076,-20.084753,6.604007,-15.805567,2.8110309,-14.516689
IA,i,23,ADS,161.88803472114182,56.25479739538264,-299.6564,4.001917,6.266734,53.09514,-37.966293,-32.66317,-44.285614,-27.6913,-60.162415,-19.57322,-16.327713,-3.6716557,-31.172752
IA,e,23,ADS,162.190505782856,99.41698858989412,-332.57263,82.65056,-22.230007,49.40161,-41.843704,-20.641266,-50.90939,-7.2725577,-18.978708,-16.471975,-12.611643,-13.762116,3.8015416
IA,a,23,ADS,163.49092275978578,82.53485845199293,-285.47092,77.82277,-89.982056,-4.895791,-19.97509,11.721336,-12.239605,-4.5691366,-14.469488,16.70618,-17.271418,-6.2203608,-14.188598
IA,æ,23,ADS,171.00876410104144,101.29278082743554,-409.22644,51.018982,11.68815,20.510963,-23.705109,-5.555129,-24.416962,23.053705,-20.958168,-7.8632956,-25.05185,-7.450781,-8.234785
IA,e,23,ADS,172.4977281177965,48.77059817616214,-342.96863,66.568146,-46.463432,17.46949,-32.713284,-35.530094,-47.97323,-9.603905,-34.009506,3.2455444,-27.40009,0.29326785,11.53171
IA,e,23,ADS,175.4106216093632,97.5411963523527,-326.3811,33.6149,-19.029152,38.479424,-32.995438,-24.031437,-45.545647,-7.36022,-40.60511,2.591532,-15.816551,0.5566472,-7.57953
JA,e,24,ADS,2.5215480522971445,49.607846478114226,-427.4376,42.342094,-29.140167,46.502304,-28.629822,-20.39801,-28.58217,1.0617244,-43.808765,1.7449965,-18.093355,-29.786709,-2.7713082
JA,e,24,ADS,3.501852645443709,92.51192991864521,-426.3667,8.636292,-18.146053,11.966868,-39.49987,-24.15765,-26.71121,9.691792,-51.588913,-21.43189,-15.206774,-28.457394,-17.121115
JA,a,24,ADS,3.7519030067455534,61.674619945764064,-382.19,96.64313,-76.866806,27.46032,-63.11847,8.340936,-50.277664,8.417536,-12.357349,1.7982105,17.1213,-27.57121,16.481653
JA,e,24,ADS,4.0895375403794025,58.99311473073077,-461.40512,32.96914,32.922646,5.4947534,-7.7187214,-2.4258466,-26.454247,-3.7610602,-40.49666,-6.1320753,-14.41864,1.1122284,0.3033437
JA,a,24,ADS,5.691001370453335,57.65236212321412,-354.3366,62.29135,-69.59868,14.592963,-57.43051,15.47831,-26.34565,16.177742,-29.131819,6.147127,-17.180708,-18.139149,7.812505
JA,u,24,ADS,8.48279615594355,81.78590905851202,-513.1379,74.51191,23.285906,7.26099,-32.768387,17.01172,-2.2791204,-3.4991815,-8.566796,-5.4460297,-4.1290474,4.1809673,-18.484797
JA,a,24,ADS,9.558132149297382,65.69687776831401,-397.17703,123.406494,-70.61569,-3.8507323,-42.053673,24.033049,-12.536487,-16.884693,-10.923016,17.228409,6.738002,-12.340784,-15.890194
JA,i,24,ADS,16.502455297697843,81.7859090585138,-443.0378,46.14332,-28.06361,30.148647,-43.771706,-38.265446,-19.426043,-20.576664,-50.19583,-8.629238,-5.299261,-16.444134,-7.4971733
JA,u,24,ADS,17.109816228902865,71.0598881983806,-497.47992,90.099304,-22.32808,24.685143,-6.497955,16.799196,-7.5828085,-12.076126,-33.35766,-4.0556207,11.36121,1.4808865,-26.13839
JA,e,24,ADS,19.25682019316818,64.35612516079559,-401.68616,64.49088,-40.838737,40.98286,-10.80707,-12.312835,-35.739647,0.08925891,-36.846855,-14.174305,-24.70633,-18.66576,-4.0216956
JA,a,24,ADS,20.67502031099719,120.66773467649483,-411.75116,121.905396,-48.554306,8.377598,-51.62567,0.10549092,-32.424366,-21.011631,3.0800586,-25.086798,-12.297296,-42.845383,5.1905694
JA,i,24,ADS,22.647453218368348,99.21569295622845,-473.90533,77.51637,-15.234401,60.481544,-16.960123,9.7639885,-10.943317,-10.205813,-36.598427,-11.143239,6.728615,-11.974221,6.6397715
JA,a,24,ADS,24.747375185183746,109.94171381636164,-473.3833,104.974686,-47.285812,8.471788,-33.47252,25.62966,-22.282337,-8.044609,-6.424369,15.696578,-24.122921,-28.572968,-17.93665
JA,e,24,ADS,27.77039894353477,50.94859908563265,-473.59204,111.029686,-15.320829,61.29747,-16.92181,-10.447595,-26.76826,-19.599186,-48.341972,-24.088387,-5.783536,-11.473637,-5.284487
JA,a,24,ADS,29.02785647571936,113.96397163890981,-353.7019,92.997444,-66.386055,-12.592665,-26.184868,25.011936,-8.8532915,-30.990063,-2.4605293,0.24622989,-19.252586,-10.6575365,-3.8357913
JA,a,24,ADS,29.176680015153703,63.01537255328071,-296.62982,74.710815,-109.22682,-0.65687215,-30.7588,8.586712,-10.643196,-23.72103,-17.839401,1.55428,-22.337559,-21.092285,1.9419569
JA,e,24,ADS,30.672526222488525,84.46741427354709,-490.70734,119.44176,-25.839779,30.931446,-2.8940454,-8.352654,-27.363861,-10.018657,-28.028753,-9.760962,-20.695572,-16.472136,-12.53012
JA,e,24,ADS,31.840440855555364,96.53418774119515,-397.8902,-14.170973,21.066246,22.273752,6.8333316,-8.336399,-8.594512,-4.697238,-28.921371,-21.406254,-24.582687,13.325108,-6.8367834
JA,o,24,ADS,37.190054788855264,139.43827118172436,-534.63556,94.10724,9.810025,-10.506452,-57.3357,-5.3088083,-2.3289776,-13.78434,-6.555387,-20.513317,1.7487551,-5.994405,-6.6758685
JA,e,24,ADS,41.04774944751085,146.14203421930938,-487.48456,69.56978,-1.3637469,52.07554,-38.83429,-13.944156,-21.967571,-17.489334,-52.716125,-16.196596,-26.543772,-29.393776,-12.751993
JA,i,24,ADS,41.83225968676376,79.1044038434805,-405.43613,42.144413,-38.103367,52.393696,-47.397453,-24.164532,-32.517563,-23.02485,-52.33737,-8.686388,-2.902887,-31.864676,-7.2464447
JA,u,24,ADS,43.81923436469495,100.55644556374688,-453.80682,81.98805,-33.63251,-12.800234,-59.962326,16.157799,14.986483,-29.79556,-15.130109,-31.802992,-14.944439,-2.3542159,-0.4850543
JA,a,24,ADS,47.34488624486754,49.60784647811778,-367.7338,116.371704,-63.98624,-25.329453,-26.860565,13.873744,6.566333,-30.115337,-13.235701,1.0499287,0.24827492,-12.128301,-6.3042197
JA,a,24,ADS,48.89146023549648,53.63010430065884,-477.47958,121.83757,-48.977158,26.437416,-14.983351,18.61346,-11.9496765,-8.467199,-4.3756795,-15.230185,-21.52279,-20.481342,-9.456781
JA,o,24,ADS,52.58427093876523,116.64547685393956,-447.26358,109.50974,-12.024975,-30.761631,-42.800156,17.700493,-2.6787784,-11.575678,-33.897354,-11.9779625,-14.261705,2.6104753,-13.057196
JA,æ,24,ADS,53.981660775840055,45.5855886555625,-413.95587,85.95677,-54.092796,61.36964,-37.043236,-4.0200667,-2.0586817,6.174164,-15.4713,-5.2208643,2.0041862,-28.82694,3.4227657
JA,o,24,ADS,54.41070161024537,99.21569295622845,-493.18292,125.304474,10.807077,-11.129206,-69.97377,6.487983,-11.405062,-14.235468,-17.780628,-17.687103,2.409411,-10.333887,6.7591825
JA,i,24,ADS,56.93327833954174,71.05988819837705,-449.09445,52.893433,6.3258038,49.589703,-10.01351,-14.912899,-15.47843,0.32884973,-37.812763,-7.575331,-6.2111845,2.0263474,-9.140994
JA,e,24,ADS,59.617798608761774,88.48967209609526,-398.84232,34.025047,-20.79271,18.9076,-10.8985615,-26.0926,-22.294857,-3.393814,-35.90432,-7.0622196,-22.630548,-0.6946216,-7.1120687
JA,i,24,ADS,62.35516104424856,64.35612516079914,-428.42728,66.17868,-26.90849,73.34888,-34.245407,-18.413692,13.517134,-6.6650915,-22.12297,-18.193098,7.8779306,-12.223598,-27.988121
JA,u,24,ADS,62.69168994873522,104.57870338629505,-467.5283,100.74724,6.8889837,-5.642075,-18.2454,17.571476,-10.416066,-25.232128,-45.372707,-34.965584,-13.453445,-25.801125,-13.774006
JA,i,24,ADS,63.04765976603088,97.87494034871713,-464.53955,21.793365,19.213795,30.278019,-8.147759,-0.033215165,-24.074791,14.666809,-51.607918,-15.499935,2.8389854,-4.1106715,-9.829149
JA,e,24,ADS,64.34105232963071,49.60784647811067,-456.2594,78.390564,-26.505932,44.39665,-27.262327,-34.065716,-28.32384,9.0875435,-24.630907,-4.1265135,12.689154,-8.08881,-15.061564
JA,o,24,ADS,65.29009228889025,123.34923989152458,-498.34894,94.428116,10.850443,-10.872284,-57.639633,-5.081815,4.832407,-17.244295,5.1157093,-20.94682,-9.779665,-20.594213,-19.41184
JA,i,24,ADS,67.04340747006454,50.94859908564331,-374.15552,94.64888,-47.80083,59.748795,-38.561234,-9.479032,-42.931858,-9.536382,-45.86798,-32.60869,0.6892489,-12.212769,6.554689
JA,o,24,ADS,68.83452901323699,65.69687776831756,-496.76486,118.8246,-7.5449696,-19.997437,-55.56485,6.3195977,-4.432196,-4.7111435,-13.401941,-8.30228,-11.166957,-13.802107,-3.1222153
JA,i,24,ADS,69.59440529310649,56.3116095157028,-481.7713,93.30376,8.173077,57.702927,-14.123152,12.557226,-10.630376,-2.801054,-45.497185,-23.838955,-7.6208315,3.1559951,3.547116
JA,i,24,ADS,69.8002108183603,36.20032040294063,-444.66452,62.386757,-11.871384,21.8501,-20.59702,-18.629202,-20.651058,-0.43555772,-42.996685,-21.520994,-21.08767,2.7479138,-15.329272
JA,a,24,ADS,72.4260985869694,58.99311473073965,-348.87158,90.43738,-86.546585,2.1987386,-6.836384,-4.3937817,-16.268454,-17.266174,0.023950577,24.356003,-17.402134,-14.5889,-3.4956222
JA,e,24,ADS,77.5065532449407,50.9485990856291,-431.6473,47.537766,11.672728,33.270966,-13.079197,-4.7382674,-35.169968,-6.9551945,-20.302254,-10.681974,-20.198193,7.2428427,-22.58303
JA,i,24,ADS,78.94058503400143,331.16589405661045,-397.86392,66.529236,-36.201405,50.24157,-41.442802,-42.82712,-30.056023,-24.1432,-19.589851,-16.47832,-16.588882,-4.347736,-10.674452
JA,u,24,ADS,80.56839211911534,71.05988819837705,-429.15158,75.65294,-41.749474,-14.195944,-43.591965,-9.157323,-27.602476,-23.761778,-34.23949,-8.462483,-19.36518,-17.8818,-15.340641
JA,a,24,ADS,83.18008442361538,135.4160133591904,-382.40277,84.58211,-61.130363,-3.8282642,-26.015476,20.543114,-20.700558,14.943508,-7.078059,-15.272008,-37.096367,2.6622128,-18.77269
JA,a,24,ADS,83.37008844316483,85.80816688106552,-379.16534,90.98517,-82.47229,12.579283,-18.692476,11.234807,-19.813414,0.3924687,15.16272,0.25988877,-28.034466,1.4156208,-7.0771017
JA,a,24,ADS,84.02279983956507,85.80816688106552,-408.7112,80.60334,-48.644814,7.3064747,-18.70262,-10.53172,-33.83635,5.4582176,-10.248927,-1.1401873,-44.550915,-33.919945,-29.876812
JA,i,24,ADS,85.5163696290009,64.35612516079914,-455.7367,81.18863,-32.499977,65.520386,-1.0813198,-11.199321,-20.583378,-6.604452,-2.995429,-50.614037,-24.109863,-14.698161,-7.7657733
JA,u,24,ADS,86.28422371472118,69.71913559085863,-503.39743,113.66389,12.659138,13.918482,-18.141748,5.132543,-13.906973,-9.55441,-38.981003,-16.89434,-10.8352585,14.327921,-8.96545
JA,e,24,ADS,88.09393152287439,72.40064080589548,-465.74936,55.51938,-24.38687,19.374134,-25.254211,0.9644904,-17.7234,16.155348,-0.22910881,13.670284,-9.832564,4.707123,0.5346476
JA,e,24,ADS,88.25566217593581,60.333867338258074,-476.26956,101.47547,-18.94239,40.665283,-16.333036,-3.275821,-7.652088,4.1010017,-16.52241,-9.349219,-21.544823,-17.960796,-15.801676
JA,o,24,ADS,90.84389130980432,61.6746199457765,-512.7511,119.27992,-10.811954,-0.5282508,-20.205278,11.931696,-7.3874445,12.525269,-40.054443,-16.80658,-32.90142,-6.6950097,-13.149471
JA,i,24,ADS,93.52329162098395,60.33386733824386,-451.42413,76.79965,-22.858047,72.351494,-23.033894,0.77158046,-19.94782,-14.609801,-33.559795,-11.9140415,-2.4702892,-25.017702,-4.286746
JA,e,24,ADS,93.79814590552483,162.23106550953048,-491.5526,82.50038,-21.164246,57.791115,-20.296804,-12.456442,-6.128183,-12.629169,-35.148304,-13.158187,-3.1413426,-19.68887,-9.48778
JA,æ,24,ADS,97.06620332119869,138.09751857421304,-349.57516,104.86205,-84.10026,-5.6206,-41.2978,2.4075797,-26.046875,-20.588028,0.8702233,-9.847514,-11.345527,-27.840477,12.320387
JA,i,24,ADS,98.87749493434902,97.87494034870292,-533.8953,86.12754,-10.626835,44.86376,-23.5727,-8.8993635,-8.843119,-1.4120799,-53.390694,-23.691118,9.473476,-6.1442027,0.5610501
JA,a,24,ADS,100.07756539339816,81.78590905852445,-343.5072,116.02606,-81.87814,-7.1118193,-36.57232,25.116283,-3.1846244,-32.159103,-12.126652,0.14363843,-2.198042,-22.297665,-32.044968
JA,e,24,ADS,105.87628852720968,85.80816688107973,-356.8419,61.545372,-15.793539,37.833954,-33.641506,-19.220116,-34.907734,-19.202866,-34.016457,-10.320084,-3.5361319,-0.7199321,-5.708955
JA,e,24,ADS,107.44719464396732,57.652362123221224,-432.13037,82.55827,-5.3624563,70.10619,-22.7923,-25.008469,-17.897486,3.6716466,-34.686253,-15.619845,-11.475322,-14.216984,-12.447437
JA,o,24,ADS,107.7790309143277,93.85268252617607,-396.0706,93.99289,-14.45455,23.275114,-20.44207,4.7121077,-13.260683,-9.873071,-32.09769,-8.543419,-16.259579,-15.01874,-27.690256
JA,e,24,ADS,108.17078165704147,260.1060058582334,-340.60233,55.180206,-49.42469,60.33703,-43.349533,-31.086784,-34.12182,-30.256052,-36.36076,-19.326344,19.380861,-4.8941154,3.787726
JA,a,24,ADS,109.3728187718056,57.652362123221224,-269.0092,63.64251,-100.24895,49.59633,-50.708866,-1.407894,-26.546135,-0.83093715,-6.1226196,-4.833758,17.708817,-15.829964,-0.7535653
JA,e,24,ADS,110.67393178119774,57.65236212320701,-415.28513,72.58235,-23.185287,52.464836,-2.8374264,-10.63587,-16.518406,2.1487699,-61.065834,-36.77743,4.673475,-4.593671,-24.558699
JA,i,24,ADS,120.49155602749045,46.92634126307382,-415.31525,27.95954,-2.0863655,25.675648,7.846522,-14.042618,-14.140095,-16.762829,-35.838837,-31.081827,-27.631763,-15.818235,-8.509794
JA,i,24,ADS,122.08877678395038,49.60784647809646,-377.2575,54.04151,-67.52375,68.64181,-48.764553,-34.377754,-12.18325,-10.414477,-8.181446,-9.783413,10.225376,-18.29483,-13.02273
JA,u,24,ADS,123.7438395192246,83.42418332725288,-405.9251,93.04378,-47.324947,-22.749947,-32.332466,-19.693794,-6.652945,-56.455044,-25.968872,-28.944036,1.0507936,-7.5233326,-20.56681
JA,e,24,ADS,124.68937452454124,41.56333083300012,-357.5204,33.38852,-74.14969,61.08351,-55.502483,-9.872313,-22.987558,-7.4136305,-27.669394,-19.528065,11.19998,-8.932377,-23.520657
JA,a,24,ADS,124.85965010569586,30.837309972881144,-363.12125,87.6814,-94.26634,10.012242,-32.734905,-3.4061043,-18.004353,-3.7256336,-18.394936,-27.398144,7.043179,-20.503456,-14.659403
JA,e,24,ADS,125.04266283662189,61.67461994574808,-371.67966,82.838455,-73.19455,35.83149,-22.29108,-33.370003,-44.063866,-13.771936,-16.882442,9.102048,16.963097,-12.277678,-4.049435
JA,u,24,ADS,126.57032649241732,91.17117731113922,-503.6191,97.34569,-15.12751,-6.053448,-14.273569,11.614858,-20.806162,-36.81791,-29.76794,-18.108301,-6.2204638,-14.23543,-15.277977
JA,i,24,ADS,133.3150538448932,95.19343513369449,-488.09494,118.957855,-7.888047,61.504555,-15.621244,2.7085967,18.814892,-21.567574,-46.536156,-25.234047,-21.009026,-21.313248,-14.3533
JA,o,24,ADS,134.67619888836887,56.31160951571701,-492.22162,92.48143,13.384352,8.163167,-41.1904,19.10373,-13.069666,-2.0521955,-18.468689,-15.14805,-7.8695383,-7.9854183,-18.955593
JA,a,24,ADS,136.26924965974868,81.78590905851024,-305.32214,107.835556,-130.7388,22.284061,-45.59633,12.977176,-6.995722,-25.582447,1.6942375,-6.572579,-17.27266,-26.286705,-0.3000623
JA,a,24,ADS,137.76298148411092,122.00848728403457,-378.81696,112.32957,-77.57428,-17.920227,-36.704422,14.747036,-19.462233,-17.604013,1.3345199,9.046716,-10.428682,-9.010334,-12.956491
JA,a,24,ADS,139.71704894229293,54.970856908198584,-423.23557,90.26041,-36.339603,-1.7365701,-27.307991,11.15559,-23.77084,-0.26174396,0.38425207,5.323798,-22.976467,-14.968542,1.6705424
JA,o,24,ADS,140.40408932851312,76.42289862843654,-426.0583,86.184814,4.0698924,6.935068,-36.71148,-8.265968,-1.8003575,-9.93049,-14.645755,-15.358074,-14.666251,-1.155895,-16.776031
JA,e,24,ADS,144.1009159108649,65.69687776831756,-399.66647,48.5903,33.65892,20.846195,-9.355068,-25.743551,-29.207142,-10.136934,-56.22132,-27.495129,-6.07706,4.061406,-10.408842
JA,i,24,ADS,144.30940294133376,88.48967209607395,-333.35406,71.48404,-35.67932,64.17855,-32.888992,-27.141205,-17.847939,-27.409872,-33.411728,-27.247353,-2.8284192,5.5163803,-20.827682
JA,i,24,ADS,144.44951158881923,65.69687776831756,-316.99927,97.07498,-41.06073,27.762222,-34.4523,-10.557407,-6.7872458,9.715591,-23.85022,-2.754754,8.208498,-9.85728,-4.5496755
JA,a,24,ADS,146.76851473756471,81.78590905853866,-305.0896,87.13794,-87.4366,13.424997,-39.126045,-16.173944,-27.366638,-23.23735,18.421034,2.8746736,-15.936243,-22.921486,3.709939
JA,a,24,ADS,147.40805373135015,63.01537255328071,-275.33087,62.197853,-113.93397,-13.62841,-26.488918,-12.062322,-18.941156,-0.98788154,7.962677,15.403587,-33.473877,-15.543504,13.710655
JA,a,24,ADS,148.58648787715447,48.26709387060646,-315.23718,91.72826,-63.792374,-3.9732513,-59.003227,7.3607388,-8.8662815,-53.068283,16.30516,-5.132732,-4.293071,-32.955154,-18.725573
JA,e,24,ADS,153.71431050797187,53.63010430068016,-501.49368,118.34816,-37.102913,39.6476,-11.988692,-5.225143,-20.379707,0.89406395,-14.935347,-10.334881,-36.502403,-4.3745728,7.6696143
JA,a,24,ADS,155.25371686738225,61.674619945733866,-322.8202,100.42737,-94.2099,14.37776,-27.017878,-6.3277187,-0.29067457,-0.9135208,-5.4383025,-6.316907,-19.787487,-19.200253,-5.714146
JA,i,24,ADS,155.43807035091578,65.69687776831756,-389.15073,109.9129,-43.8968,31.3362,-23.149078,-13.1768,-45.879036,-10.972419,-12.376698,-13.588209,0.64887595,-26.741146,20.274336
JA,a,24,ADS,155.8043467940867,71.05988819839126,-374.29773,90.053024,-82.04364,14.168634,-28.57837,-4.050655,1.5637537,-6.38791,-0.22570601,-19.051472,-37.28776,-4.543269,-1.9436772
JA,i,24,ADS,160.0350725108868,52.289351693161734,-461.91296,85.24524,-9.944752,80.84863,-18.653286,-19.84117,-20.082052,-14.810633,-48.77221,-18.059298,-7.849763,-29.608105,4.967399
JA,i,24,ADS,160.21205185507898,52.28935169313331,-383.69885,106.334595,-66.27304,56.717278,-15.060301,-7.123292,-37.75862,-8.970782,-17.8466,-23.894825,4.080718,-16.44054,-1.227181
JE,e,21,ADS,3.1368375521242786,73.53495881959616,-435.00156,79.26172,-11.83076,50.209824,-40.806557,-24.055367,-41.058426,0.98322535,-34.03867,-1.7360921,-16.13726,-11.673436,-35.375053
JE,e,21,ADS,3.291873756968928,67.40704558463007,-434.615,94.152756,-13.572258,55.395554,-23.482903,-15.625922,-31.862942,-17.915554,-32.027866,-7.120895,-2.1276493,3.8357916,-3.9222088
JE,a,21,ADS,3.4744855713709244,79.66287205456268,-448.5993,87.833984,-22.156822,22.298824,-30.568985,7.4778447,-35.53766,6.1352177,-8.305045,3.1268911,-16.467768,-7.9788733,-19.499174
JE,e,21,ADS,7.15387851755532,295.3654179253782,-422.21817,75.52916,-5.9548216,55.065468,-32.79696,-7.5025916,-30.85323,-6.366067,-35.507744,-13.344679,7.625536,4.687095,-14.855863
JE,u,21,ADS,10.149738537983922,44.12097529175796,-417.84125,129.12218,-3.98422,-8.136633,-53.81724,-10.816333,-31.530075,7.783325,-16.063536,8.063313,-10.064087,-2.2069297,2.5737858
JE,a,21,ADS,11.980774261433314,73.53495881959482,-314.64102,130.85672,-59.37845,-26.743967,-42.689808,18.625835,-24.64547,-22.403873,-16.324854,-5.5040317,-22.960928,9.765371,-10.750553
JE,a,21,ADS,14.644999293600186,44.12097529175796,-305.994,116.92494,-80.70529,-46.172134,-37.20854,7.453125,-28.337042,-13.42679,-32.811005,30.551035,-28.413418,2.0629203,-18.115837
JE,o,21,ADS,15.236828036490142,72.30937617260302,-419.46555,108.37625,12.038344,-3.1276126,-31.992502,-5.605231,-21.529963,-6.308461,-21.571003,-3.427165,-2.2157884,8.533705,-0.49313605
JE,a,21,ADS,17.56075216181545,72.30937617260125,-415.46347,90.844,-33.39808,25.358772,-37.041897,-19.426067,-18.961292,-20.077415,-20.002096,-15.520021,-9.959373,4.610198,-0.7767191
JE,e,21,ADS,18.298836308720173,149.52108293317679,-394.39255,99.62636,2.9117954,43.644394,-18.638174,-14.89454,-31.327253,-17.177528,-21.054604,-36.374386,-20.795353,-18.851788,-11.140224
JE,a,21,ADS,18.789184249767537,75.98612411358374,-399.92914,70.5925,-40.368423,8.468436,-20.416592,-7.6264095,-36.19046,-11.822401,-18.078556,-25.394573,-33.742836,-6.6088867,-10.709743
JE,a,21,ADS,21.59998129050016,94.36986381847845,-342.58066,93.49437,-52.90082,-7.118285,-36.484863,10.699093,-40.268402,-0.6441571,-19.81678,15.119971,-16.114897,-21.91622,-31.200195
JE,a,21,ADS,22.6070476172837,74.76054146658839,-385.20004,94.0738,-61.364285,36.980522,-29.935778,-8.542238,-35.369614,-4.1355033,-5.7266374,-7.353296,-27.156784,-25.733044,-17.22285
JE,æ,21,ADS,23.62091590196109,99.2721944064563,-400.31613,83.94066,5.2398157,67.36722,-45.82782,-35.183678,-17.518303,1.9969821,-23.190256,-15.72372,-37.749126,13.197838,-9.66568
JE,i,21,ADS,31.118575660263488,31.86514882183289,-359.15347,16.126865,10.874039,67.48297,-37.66457,-19.857817,-22.16489,-9.766678,-33.440002,1.6270947,-16.022661,-9.685074,-36.308113
JE,e,21,ADS,41.19862218237819,125.00942999331244,-344.70053,76.960915,-58.706856,86.06695,-52.85476,-26.462742,-21.423088,-25.89512,-20.510963,-31.737362,3.5893774,-12.771113,-14.21995
JE,a,21,ADS,43.97323649282532,52.70005382071474,-224.70633,34.62506,-66.8544,5.835982,-31.440193,-6.4821854,-42.43904,-13.236774,-25.715797,3.9930456,-16.552912,2.689389,-12.6782875
JE,i,21,ADS,46.4314691758257,41.66980999777081,-353.48862,44.06431,2.6098733,43.026695,-48.344772,-18.406887,-20.776773,-19.87785,-34.425606,-2.766783,-15.374607,-6.274805,-4.8264008
JE,e,21,ADS,46.73816864876727,66.18146293764227,-393.32217,57.670277,26.282555,10.1500435,-30.72852,-14.57819,-46.39776,11.188177,-5.6445704,-19.327438,-32.861065,11.923464,6.6231112
JE,e,21,ADS,49.59507313214837,88.24195058351592,-332.48297,49.93271,-1.0926088,60.8814,-34.74758,-16.153612,-25.282627,-22.875957,-54.23952,-27.96373,-30.91148,-12.346785,-37.106712
JE,æ,21,ADS,54.63633858142087,82.11403734854628,-418.80435,119.85336,16.743671,23.281328,-19.951004,-12.955097,-48.175995,-19.138538,-5.97453,8.993372,-9.810509,-4.759325,19.978662
JE,a,21,ADS,58.14825056734742,63.73029764365157,-366.22464,20.93433,-46.505314,-11.542187,-35.283703,9.071369,-18.85709,9.46165,-0.43141085,1.6566055,-23.119091,-13.625768,-29.879154
JE,i,21,ADS,59.16610458009606,42.89539264476616,-429.1123,62.22271,20.830853,27.947132,-31.570675,-26.032255,-34.875484,-17.049868,-37.906944,-14.139082,-25.533298,-2.5177681,-19.809935
JE,a,21,ADS,59.37874316934939,90.69311587750661,-432.1987,100.82474,-22.190403,-21.264914,-30.800758,-12.390207,-29.53333,-10.405132,-27.688837,-12.04274,-32.585983,4.833142,-14.813105
JE,e,21,ADS,63.99276539053696,101.72335970042923,-414.19595,98.54848,36.64994,20.40776,-15.198948,-22.497196,-34.54681,3.9094157,-18.633797,-0.3780793,-13.728718,-1.6092532,-12.948817
JE,e,21,ADS,64.11777482053027,74.76054146658839,-348.0889,64.08654,-3.4562306,82.943474,-23.077595,-14.647218,-28.927418,-13.117198,-40.833405,-49.707436,-21.29758,-4.146095,-24.548275
JE,e,21,ADS,64.18885861405587,62.504714996663324,-366.91397,65.154106,-20.197426,76.22749,-16.139664,-35.661137,-30.363602,2.1600118,-22.38985,-35.304085,-33.307617,-12.767898,-35.154232
JE,o,21,ADS,65.76531016926009,64.95588029063981,-391.40063,113.62367,-27.619957,21.435177,-20.66816,-10.455143,-31.885845,-25.405416,-27.392742,6.9169827,-18.358204,-20.27334,-5.3140483
JE,e,21,ADS,66.09621748394827,158.10016146213002,-457.4115,53.42722,0.2934162,28.983482,6.9008965,-12.056115,-1.1632473,-2.7292156,-43.26259,-15.447541,-39.22145,6.4670386,-26.797318
JE,i,21,ADS,67.6533559035731,116.4303514643592,-505.42502,88.92053,19.912575,33.88881,-13.769526,-1.243958,-3.1352887,1.276061,-13.70031,-9.939586,-22.406069,2.5123816,-13.621635
JE,a,21,ADS,69.77232433343573,83.33961999554163,-361.6274,103.86194,-33.131016,21.03668,-29.74076,3.1616178,-54.50983,-10.048948,15.179183,4.9437428,-17.303394,-11.906887,-12.51972
JE,e,21,ADS,70.02356877606935,49.023305879728696,-327.79065,78.16519,-24.872595,54.557396,-47.386097,-30.112946,-63.61594,8.544089,-18.225986,-10.861387,-8.270439,3.7916577,-1.4355885
JE,e,21,ADS,71.01622429786147,61.279132349667975,-393.99493,50.25302,-15.274456,48.677048,-48.964897,17.960718,-47.776367,-7.7236547,-17.552267,-34.62533,-19.633781,13.661417,1.6131543
JE,a,21,ADS,73.86038783905698,75.98612411358374,-384.48526,114.67961,9.845401,18.62635,-36.422504,10.4243965,-46.109093,-2.7450721,-4.049223,-6.7672873,-25.0836,-7.4986057,-14.372852
JE,e,21,ADS,75.00771695664885,87.01636793651346,-344.57544,83.94609,-19.342403,56.071533,-42.366867,-22.824974,-33.488186,-17.326551,-28.107838,-3.745861,-13.47688,3.036451,-32.40165
JE,e,21,ADS,75.47955348238351,83.33961999554163,-374.3236,94.56081,-28.997375,26.740059,-40.3768,-14.763201,-62.995438,-16.752958,-23.763292,10.954109,-26.043898,2.2839963,9.927316
JE,e,21,ADS,76.91075307614058,46.572140585738,-391.7763,80.96423,-12.87298,53.55762,-30.1744,-3.3364606,-49.44695,6.0976477,-21.618843,4.804967,-27.60049,11.319074,-7.5106115
JE,i,21,ADS,79.14091250455019,42.89539264476616,-406.98795,43.78542,-5.1739364,48.277534,-29.358612,-15.596727,-12.337629,-17.594187,-42.126026,-3.2227552,-14.097859,7.7391014,-8.946711
JE,i,21,ADS,79.44179304438703,46.57214058575221,-459.808,75.13425,-23.68768,45.215546,2.9467645,4.1623588,-33.839966,-8.176878,-29.811596,-15.885499,-23.932686,-0.123454764,-7.195177
JE,a,21,ADS,82.10758068153035,137.2652564632375,-391.30765,148.35168,-72.16217,-18.070385,-21.840454,-29.590837,-29.93769,2.8181348,5.3894043,12.189631,-26.718918,-7.5576262,-19.829948
JE,i,21,ADS,84.12592882766879,163.0024920500972,-497.12592,90.123985,11.652494,62.441284,-16.152775,-3.3088055,6.962854,5.1809464,-22.905998,-4.118867,-14.913115,7.1101875,-21.268263
JE,a,21,ADS,87.00223328668018,286.7863393964285,-487.71576,143.59796,-3.6266875,-16.164268,-34.119576,6.5835547,-28.501963,-8.081697,-3.6787498,20.593674,-22.259077,14.037884,-15.32098
JE,a,21,ADS,88.20890869817964,121.3326820523406,-372.53107,101.487885,-51.474068,-21.35456,-12.774511,11.950931,-17.323807,4.25633,-5.439703,10.953134,-20.846066,1.7156827,-29.153915
JE,i,21,ADS,90.50491256719742,147.06991763917188,-372.49448,78.920334,-6.192393,52.261528,-24.142637,-29.622826,-21.991966,-23.748993,-16.481049,12.592297,-24.654995,-13.025734,-27.931637
JE,a,21,ADS,91.26196003399434,117.65593411135455,-421.18985,95.810486,0.3283292,20.50615,-23.851093,-12.801657,-44.7306,0.08797634,-7.158149,-6.0921774,-25.352924,4.181396,9.917071
JE,e,21,ADS,94.5445731826832,72.3093761726119,-430.02026,118.97496,-28.75795,35.685944,-21.527592,-32.964718,-31.177177,-13.461452,-15.989332,-20.086689,-19.185541,14.613656,-7.481374
JE,e,21,ADS,95.05275332544736,72.3093761725977,-447.85062,81.27489,12.359583,15.1010475,-12.474196,1.9046323,-31.364918,1.8887978,-15.023975,-13.442833,-26.327091,-6.578842,-9.004657
JE,a,21,ADS,97.8887003971588,87.01636793651346,-360.14575,148.9622,-52.931263,0.33026737,-50.292656,0.7913684,-28.927021,-25.762253,-7.563792,8.139012,-2.7445607,-9.141642,-19.684092
JE,e,21,ADS,98.3373453170722,101.72335970042923,-401.94562,84.40708,-11.1827965,30.924713,-34.19919,-18.88787,-47.35437,-3.38545,-26.248268,-25.193104,-23.983253,3.0394363,-9.181725
JE,a,21,ADS,98.6677751404654,77.21170676056488,-265.84445,119.32614,-56.89084,-13.733459,-77.528786,7.3815517,-7.231077,-35.1659,-5.9927998,-8.213561,-10.7561035,6.5724897,-21.101559
JE,a,21,ADS,101.78437546940128,53.92563646771009,-375.07263,86.06285,-19.816463,49.594337,-13.938058,-0.7927113,-29.139843,-5.682996,-20.16914,-0.8661325,-25.568127,-15.480568,-4.6613784
JE,a,21,ADS,101.91122327336508,47.79772323276177,-330.1832,96.590675,-31.05452,1.271386,-13.048332,10.051603,-36.952557,-13.547634,-10.690641,14.108776,-15.439461,-8.090847,-28.78909
JE,i,21,ADS,103.10809402368857,44.12097529176151,-345.10794,61.23027,-22.100662,86.14287,-12.660872,-36.866417,-32.710518,-27.412468,-13.713382,-44.690113,-15.408176,-0.75471187,-19.83227
JE,i,21,ADS,103.4930418570945,100.49777705344809,-329.92285,80.38498,28.70631,48.383698,-33.860256,-16.268452,-21.41453,-40.365772,-26.497856,-13.6696615,-27.787342,-18.050299,-28.344265
JE,u,21,ADS,104.09689149301724,68.63262823159744,-354.84018,93.22614,-49.574585,37.87004,-32.421364,-8.867806,-31.43996,-52.368084,20.15288,-19.701609,-25.492674,-19.462103,-17.403929
JE,a,21,ADS,104.24396141065644,98.04661175945739,-379.1791,126.55158,-38.04578,6.2490854,-40.872,-12.650377,-50.93382,-22.354359,11.485895,3.6510892,-9.082558,-5.9202,-8.490913
JE,a,21,ADS,105.20756038902866,99.27219440646695,-431.78287,112.98163,-23.871784,68.73479,-40.619926,-24.927921,-31.122751,-13.850636,-22.177963,-14.148228,-22.385193,6.548538,-2.3584394
JE,æ,21,ADS,105.83567912003346,144.6187523451954,-355.0752,100.76712,-24.652565,8.666641,-20.776371,7.752242,-32.78747,2.904594,0.13001093,-3.013939,-24.350513,-7.3237953,-17.339653
JE,a,21,ADS,107.57765837927488,93.144281171476,-343.2263,95.549286,-22.39483,-13.202636,-21.762245,-11.738068,-26.464733,-6.399197,7.422732,20.03643,-22.817509,-6.122641,-10.144354
JE,a,21,ADS,108.29615362160618,41.66980999778502,-339.45047,90.76734,-36.565758,21.216026,-57.632183,-40.097244,-38.805557,-15.707744,-11.944025,-30.807377,-29.489239,-2.5999823,-11.27511
JE,a,21,ADS,108.53391665512284,73.53495881960725,-375.67844,46.381847,-8.003799,23.492119,-48.511765,-35.41133,-25.877998,-12.648123,-13.582628,6.864643,0.21589494,-0.39961287,-6.8512397
JE,i,21,ADS,109.58653888656684,42.89539264475195,-371.95383,91.281746,-12.521872,47.191147,-48.674423,-33.273903,-27.4178,-12.165811,-29.799889,-31.881203,11.614265,-18.635864,-23.03405
JE,i,21,ADS,113.62768806033584,132.36292587528453,-403.57257,70.25212,14.04335,56.854805,-31.746658,-29.507448,-13.5096855,-8.178654,-40.04043,-6.6858225,-13.609598,13.255358,-15.528854
JE,a,21,ADS,116.84093328279876,71.08379352560235,-291.5073,86.726654,-38.43065,0.40806675,-28.760757,19.294441,-25.972641,-20.95374,-15.995191,-1.6892029,-27.765228,-7.349672,-20.82602
JE,a,21,ADS,118.13076700977132,55.15121911470544,-288.01685,82.205246,-29.461782,-37.423965,-26.083443,21.773735,-31.204298,-13.901567,-10.514593,8.5336,-18.984123,-11.972841,-33.917454
JE,e,21,ADS,119.24292446406602,90.69311587749951,-288.79956,55.26643,-34.82637,43.05322,-47.108593,-33.884186,-63.881756,-21.126343,-8.905984,-29.887787,-4.768437,19.335087,-23.404562
JE,æ,21,ADS,119.41450603464506,127.46059528730314,-335.24213,64.785614,-9.079188,20.756886,-38.71053,-22.713287,-46.93428,-10.977802,-4.5221634,-13.847307,-14.503138,6.492154,-21.29961
JE,e,21,ADS,120.20359995478628,80.88845470155093,-501.25323,123.7617,5.857612,44.536377,-15.582872,-7.2504063,-33.713806,-21.99594,-29.3587,-25.26194,-3.1242242,5.1187787,-9.403414
JE,e,21,ADS,123.23279326454151,98.04661175944318,-390.53183,86.43463,-3.077272,7.0392528,-29.172651,-17.09208,-25.07795,5.2422447,-2.629195,20.147034,-23.523386,10.0333605,-22.176853
JE,a,21,ADS,123.51910211264298,49.02330587974291,-386.1872,116.28088,-58.520813,28.09874,-43.886063,6.6923275,-31.309616,-15.183604,-12.443186,0.8680115,-13.77325,-20.819986,-3.557694
JE,i,21,ADS,124.8792919595676,78.43728940756023,-454.6244,75.71169,15.377363,48.923344,-13.5244465,-23.385483,-25.01538,4.798917,-46.333576,-6.432032,-19.378399,-4.8689885,-16.875454
JE,i,21,ADS,126.50084751485272,160.55132675612072,-382.29767,74.7869,-41.306435,18.07512,-23.876293,-30.784075,-54.96182,-19.003958,-20.387108,1.6406089,-15.720034,-1.435552,-12.410069
JE,e,21,ADS,127.10269026564028,77.21170676056488,-398.82272,88.133255,-7.0085964,39.36714,-35.54091,-25.854155,-29.0625,6.3886776,-16.380276,-31.224373,-18.068752,-7.0664053,-16.519918
JE,e,21,ADS,129.46773783191242,90.69311587751372,-394.10806,-8.7062435,35.127174,15.008461,16.624708,-18.036629,-14.215551,11.356846,-14.108618,5.0080633,-39.883095,-1.0179591,-12.235422
JE,i,21,ADS,129.5811042267593,40.44422735077546,-391.61966,61.035057,22.149628,41.90184,-1.4346433,-6.1199417,-14.638798,-7.840205,-19.058317,-13.431137,-46.580162,-9.204855,-37.501793
JE,æ,21,ADS,130.29631337239368,161.77690940313028,-402.56403,86.12666,-18.092712,-4.225726,-22.656086,-11.135265,-42.299873,-0.92108524,-1.3248129,15.4067,-14.90976,-2.1767182,-16.698782
JE,a,21,ADS,131.97866294431287,126.23501264030779,-451.65283,86.07765,3.1133852,40.337368,-41.05684,-18.282986,-26.543636,0.24764228,-24.994768,3.5640163,-0.7701316,22.738895,-7.5826516
JE,e,21,ADS,132.10425195449344,63.73029764364446,-447.3411,91.57442,4.013268,80.091255,-39.14078,-8.591249,-14.966966,-23.946629,-33.57933,-25.2547,-3.4758577,-6.430238,-19.489717
JE,e,21,ADS,134.94732521307043,50.248888526738256,-342.8786,60.005188,-13.409455,57.480213,-13.8053465,-17.000816,-43.07045,-9.682452,-18.847626,-15.710451,-20.976816,-1.9230572,-2.0253801
JE,i,21,ADS,135.19489290776306,57.60238440868193,-438.2144,63.225273,42.37823,38.8786,-14.217469,-15.559374,-29.665092,11.778419,-39.72711,-1.029582,-30.131756,-5.9818244,-12.974594
JE,e,21,ADS,135.84297077680694,64.95588029065402,-415.4184,97.53078,11.06048,59.73735,-23.8907,-23.200232,-5.4448357,-22.235222,-25.595327,-4.083969,-33.94125,-6.9938912,-19.906311
JE,e,21,ADS,137.010373914688,57.60238440868193,-416.7537,96.46076,-8.368883,60.300617,-28.076328,-12.939119,-21.795986,-11.066624,-18.390179,-18.960184,-18.008835,-2.2182775,-17.947216
JE,a,21,ADS,137.15009033644523,99.27219440646695,-340.31433,64.339714,16.124561,3.1755323,-21.18493,-29.87441,-25.763432,-2.1416407,-18.597845,-14.608468,-38.688915,7.743396,-5.4593515
JE,a,21,ADS,143.51500029331208,83.33961999554163,-366.25827,84.99169,-19.983234,22.92669,-38.2043,-19.937134,-41.32029,-8.510235,-20.834307,-2.8465135,-16.347078,9.91569,-8.085649
JE,e,21,ADS,143.94916036154092,61.279132349653764,-462.56876,62.76972,27.614487,33.747314,-9.469506,-15.447409,-10.495692,6.602132,-37.316322,-15.30783,-26.103216,-6.0987887,-23.922379
JE,a,21,ADS,148.46072392503388,75.98612411356953,-380.49237,105.954834,-28.25536,-43.07505,-26.500595,16.425713,-44.96221,-4.3194346,4.0150695,4.5692434,-26.056187,-9.814776,-31.519192
JE,a,21,ADS,148.9019413023722,90.69311587751372,-395.98764,95.29216,-18.425806,-16.364676,-55.11241,24.613365,-14.062475,-4.393098,-12.285151,17.194902,-25.250324,-13.822452,-23.389845
JE,e,21,ADS,149.79833495746072,61.279132349653764,-456.80322,102.79321,37.064255,45.624794,-40.35509,-19.611946,-13.990587,2.3642356,-33.061337,-12.737337,-17.17971,-7.43696,-3.5244215
JE,e,21,ADS,151.24414707851017,72.3093761725977,-391.9194,74.17385,-9.341018,69.437546,-46.174683,-35.6723,-44.98812,-13.431519,-26.690544,-22.915619,-26.54618,7.5330057,-15.354019
KA,e,14,ADS,2.497805633856118,64.11507406523853,-406.43784,66.50261,-6.6748667,43.023903,-25.313744,-23.210018,-34.377537,-15.7957735,-56.99041,1.4761951,-8.563761,7.004185,-1.6385049
KA,a,14,ADS,2.65168181161269,45.796481475170566,-347.95236,95.20903,-69.55844,1.516969,-24.666517,-1.3096861,-19.663542,27.325352,-25.464394,-26.253288,-30.93813,-23.108192,-22.79168
KA,i,14,ADS,8.467563861055055,89.76110369133217,-428.84662,0.6050692,2.725223,43.27538,-4.2749534,0.59364974,-21.770885,14.70549,-33.334606,-2.3033295,-4.9454317,9.754232,-9.020087
KA,e,14,ADS,8.62235596844113,69.61065184225923,-433.57004,59.530743,3.0308526,47.456123,-32.307476,-30.015993,-32.011322,6.6563687,-26.88025,-9.541322,-19.201042,-18.322193,7.642666
KA,e,14,ADS,28.46333641241545,86.09738517331778,-379.39462,67.56883,-71.87213,22.488628,-32.4942,-20.740013,-42.179676,13.834179,-21.425089,-8.685467,-23.294788,-4.3729753,-2.543096
KA,a,14,ADS,34.24743262164199,98.92039998636193,-246.11592,64.77422,-59.16077,2.120368,-47.530857,-20.422457,-34.207176,-1.5936133,-17.315727,7.918683,-19.001968,-0.22964394,-17.928703
KA,a,14,ADS,35.4501490643591,58.619496288216055,-340.18393,87.91999,-25.874046,-4.181509,-25.013428,-5.839028,-18.833242,25.16723,-14.369245,1.7576195,-30.272936,-22.127697,-17.630295
KA,i,14,ADS,35.938339556884415,67.7787925832547,-378.44672,59.776604,18.108284,42.982933,-63.828598,17.753937,-21.565165,-4.365996,-22.471806,-8.021846,-20.301025,-13.924744,-6.576511
KA,i,14,ADS,52.62372070080791,84.26552591431147,-408.91238,65.76213,-21.579853,74.34149,-29.475536,-19.688984,-16.125717,9.254698,-32.877018,-0.63999647,4.0445232,-26.592266,1.5040791
KA,a,14,ADS,58.1586840508095,100.75225924537534,-369.43637,56.420403,-32.810997,-9.75213,-45.093864,-6.703791,-24.190561,-4.849448,-4.364064,-1.1966931,-31.150333,-0.82253563,-25.812721
KA,a,14,ADS,73.1101798848188,115.40713331743291,-302.23285,66.994896,-79.60014,26.94569,-26.288517,-8.156985,-9.134654,-5.296899,3.3201733,7.3702083,-27.648417,-6.9616413,-11.228768
KA,e,14,ADS,75.03834281591077,80.60180739630596,-433.5429,75.6758,2.8074722,34.555695,-21.550484,-19.702671,-43.910217,6.252471,-21.105429,4.4020147,-35.843876,-10.404632,-2.15269
KA,a,14,ADS,78.93111465812757,86.09738517333199,-463.5204,74.50647,-30.924034,2.4443514,-37.24904,4.8948007,-5.5055885,12.784037,-17.060421,-2.4411712,-8.989635,8.31606,-3.7094028
KA,a,14,ADS,85.85133614393438,152.04431849755906,-425.0863,98.17407,-29.387844,-5.663494,-33.230644,3.0491078,-30.941788,-14.118917,-22.436699,6.305619,-14.729042,-11.884939,-19.1226
KA,a,14,ADS,91.6703585663146,84.26552591431857,-310.62744,99.244194,-48.41915,5.9006453,-11.52096,12.03824,-26.678867,1.846659,-9.55267,3.442946,-34.413887,-11.550246,-14.190008
KA,a,14,ADS,99.95302043885852,89.7611036913446,-250.53998,103.24881,-33.981247,-19.13948,-31.135242,4.1209164,-4.6377754,18.11227,-2.4952092,23.904215,-5.4696445,2.4984417,-22.581533
KA,a,14,ADS,101.61839205795258,73.27437036026652,-375.9283,115.272064,-38.655426,0.8515833,-8.599943,7.8567286,-25.186928,1.310371,-20.742651,-1.8447078,-35.907593,-32.146286,-16.827066
KA,e,14,ADS,117.49063894407782,177.69034812366158,-463.43448,63.223488,29.338207,31.28925,-28.937756,-5.17102,-28.129372,14.170273,-37.3554,2.1784863,-20.081562,-0.27361557,-2.9093938
KA,a,14,ADS,122.3955534224588,91.59296295035801,-398.98404,91.788666,-39.655514,-12.698929,-15.791102,-6.5801573,-21.640968,-2.1037753,-16.583767,0.60742545,-37.175365,-15.390837,-9.192665
KA,a,14,ADS,122.88557577424314,119.07085183544552,-374.15067,71.47598,-55.35486,-19.456497,-33.1668,5.6532164,-10.085009,8.063875,-16.483854,13.211797,-28.167526,-7.811986,-5.1319027
KA,e,14,ADS,125.7688621037599,102.58411850438165,-418.07904,63.22361,-17.097267,38.545517,-25.655048,-16.626446,-15.043807,3.896652,-19.24863,-15.801575,-24.46368,-7.272984,-13.475815
KA,e,14,ADS,145.3314301621738,69.6106518422539,-426.14728,78.21192,-15.59053,50.5091,-36.429047,-0.8377979,-25.345127,3.4995916,-39.206276,-9.148011,-13.758498,-18.242794,-10.25551
KA,a,14,ADS,150.96872598191646,62.28321480622867,-422.99243,87.86311,-40.124382,27.336735,-28.834473,-1.3504634,-16.506088,21.587227,-9.425071,-19.27302,-32.013176,-3.7946138,-1.124354
KA,æ,14,ADS,161.57363212694915,205.1682370087633,-487.07083,82.98868,-33.21543,31.52847,-29.440378,2.203098,-9.932575,9.312343,9.313837,2.5252473,-30.389313,9.127956,0.6581764
KA,a,14,ADS,163.36309709993677,69.6106518422539,-386.74796,86.8875,-25.792326,11.308887,-12.321098,0.6555904,-20.60667,3.803349,-32.70805,-12.034355,-40.60227,-24.49221,-14.143943
KA,a,14,ADS,178.79608017419503,104.41597776338085,-379.54144,116.64339,-56.60292,-3.609541,-32.469955,9.392485,-11.811659,-12.072477,-10.60602,24.470455,-13.571636,-9.725125,-4.547106
KA,a,14,ADS,187.720258417582,128.05299919938307,-448.96646,130.15974,-35.708076,1.6679405,-41.788567,1.3330704,-5.6053467,-21.611607,-17.090857,23.56787,-10.256752,-9.445152,-22.38913
KA,e,14,ADS,194.6660698582685,75.42847898042737,-377.47366,65.28264,-27.630299,27.26191,-35.796646,-4.981469,-11.397718,-7.444927,-38.92933,0.88234586,-11.529879,-19.141768,-8.293413
KA,a,14,ADS,195.25212011773607,96.47828706803807,-392.83286,98.9395,-57.762413,11.451677,-20.657497,-14.030117,-6.2593746,7.1827054,-13.015974,-10.432358,-30.13407,-8.983055,-10.47392
KA,e,14,ADS,198.61343015417367,92.96998572008874,-484.25943,71.38664,3.945257,53.81866,-24.240768,-4.669341,0.7627393,11.911488,-34.620155,8.460275,-4.4571877,7.4869566,-6.9453697
KA,a,14,ADS,199.1502002604068,85.95338302421851,-438.55206,71.09451,-29.87799,29.149948,-16.123688,13.6656475,-8.084024,-3.4371963,-10.787391,8.318088,-15.604002,2.067844,-16.813805
KA,a,14,ADS,203.3728081032257,149.10280728696534,-332.7587,89.844986,-71.73992,-12.723095,-28.799961,-7.5421968,-11.960218,8.303086,-0.5593524,-12.561907,-36.981167,-9.483992,-6.0373716
KA,u,14,ADS,203.8157311484017,63.14942426271841,-451.39755,102.622925,15.479243,32.527138,-40.897995,15.421289,-8.55844,-13.494059,-26.535837,-7.466177,-21.97472,11.328703,-19.20879
KA,a,14,ADS,207.3833369579001,157.87356065678182,-473.70593,65.222,-4.9712524,40.664963,-25.782448,-8.605391,-19.47791,0.07691708,-39.667534,-1.4516299,-6.716822,-4.1194053,-2.3583846
KA,a,14,ADS,208.749936172804,126.29884852535156,-485.16895,67.16013,-38.710426,4.3493137,-22.388885,13.011763,-12.122005,7.0694046,-3.2034547,-7.6841197,-44.74827,3.3624287,-10.007475
KA,a,14,ADS,213.46479530851144,159.62771133072806,-428.10934,103.138565,-46.73117,14.07002,-14.818674,-37.63129,-30.609856,9.881193,-15.423946,-1.627081,-26.028934,-6.5903645,-7.0513315
KA,a,14,ADS,215.39457359513708,94.72413639412025,-457.93958,84.92592,-4.2200747,31.125845,-14.512918,1.1053052,-15.531525,20.10376,-1.1373304,11.341481,-28.139835,-3.5689278,-27.299492
KA,a,14,ADS,221.5375140992514,161.38186200470273,-420.3758,85.017654,-81.564514,-16.470564,-27.582092,-5.348632,-26.481739,2.716033,6.8187914,19.1608,-14.87629,-25.710419,0.245872
KA,e,14,ADS,223.65853307835204,103.49488976387988,-437.49512,68.10488,-10.532576,47.18168,-34.69152,-19.796066,-26.504095,-5.907776,-50.446167,-1.0993369,-25.30096,-25.855972,-11.165439
KA,i,14,ADS,232.99459718304524,64.90357493666465,-366.98608,61.317085,-24.180319,64.07074,-53.80387,-15.783012,-21.761658,-4.364461,-36.518677,-3.5569193,-25.15822,-11.9085865,0.60141087
KA,a,14,ADS,233.1086169768529,103.4948897639083,-363.0601,82.226105,-58.69946,15.802872,-33.461903,-24.38778,-24.803432,-1.2618281,-18.75998,-17.891388,-26.69933,-9.299959,-9.246124
KA,a,14,ADS,235.37826661107985,122.79054717745908,-484.17746,36.44951,-42.64847,-3.6570165,-16.444267,-2.3826327,-36.357162,14.154488,-10.069434,23.3302,-19.515732,8.425065,3.3174841
KA,i,14,ADS,236.07060692068583,64.90357493669308,-437.91843,87.70355,-5.62165,40.521217,-36.544,-17.170393,-36.342667,0.08843571,-36.165825,-2.2333975,-15.84643,1.5519627,-1.6555381
KA,a,14,ADS,238.1908936243068,91.21583504611408,-416.81146,135.60077,-49.604164,-15.881044,-45.191734,21.295527,-9.00161,-13.925128,-28.297802,-4.158304,-9.558442,-6.5318675,-22.181759
KA,a,14,ADS,238.56979016988305,122.79054717745908,-423.11108,85.838455,-41.284195,-2.9300072,-32.24476,5.0690575,-25.176071,0.59491885,2.4877954,9.829305,-17.009182,7.1056714,-15.607513
KA,o,14,ADS,242.35611560701724,121.03639650356968,-447.28024,90.00382,-14.692061,-12.968517,-40.389473,12.539875,-32.644657,-7.924594,-35.844257,-13.6103325,-8.606136,1.5738767,-7.6553297
KA,a,14,ADS,245.89158767230947,98.23243774198431,-490.75476,78.515396,-17.721811,-4.61744,-9.628555,12.95402,-13.587763,24.952919,-0.7263632,25.590454,-18.604385,5.2645845,2.2712386
KA,i,14,ADS,256.1777074358241,56.13282156690502,-469.44342,59.271606,4.9863853,27.664957,-26.239002,3.4962442,-27.347874,10.614534,-38.297977,2.2875502,-27.892643,-9.1021385,-1.7971987
KA,i,14,ADS,263.53876129957325,142.08620459112353,-475.5294,43.520046,2.7814724,42.962227,-74.29505,-0.03600186,-12.560991,-6.3301563,-35.713375,-1.3242066,-21.805532,-17.410847,7.0192747
KA,e,14,ADS,271.8374086985564,85.95338302421851,-320.30887,61.178253,-38.946167,14.006193,-37.851654,-5.346015,-23.821228,20.3787,-22.012482,-3.7372227,-36.299126,-8.608629,-8.63947
KA,a,14,ADS,278.0891546389345,64.90357493663623,-471.47928,74.916245,-17.298805,-1.1395519,-28.997787,8.473411,-14.834944,18.381203,-16.600216,-17.777126,-28.256678,-0.6270633,-13.327657
KA,e,14,ADS,282.5078513940327,85.95338302427535,-417.23593,42.69104,-13.283426,49.32276,-51.046112,-25.359837,-20.88916,-8.041929,-47.898018,1.5340722,-10.403746,-15.3757,1.5414276
KA,u,14,ADS,288.69272757995884,110.51149245975012,-474.6404,104.27133,-6.919463,10.199605,-21.978882,3.035125,-16.277534,-6.512583,-28.963394,8.7538395,-4.0146394,-0.19807577,-16.568855
KA,e,14,ADS,289.57441997339726,87.7075336982216,-480.02075,76.5446,-0.16780424,34.566963,-22.754349,-9.346903,-35.237976,12.876936,-20.202866,-9.04406,-15.071848,5.2382674,-8.933961
KA,e,14,ADS,307.4984603238562,98.23243774189905,-382.0039,45.229897,17.072529,38.384674,-10.171874,-19.39672,-22.61573,-5.617254,-47.867844,-0.49839938,-6.343422,12.774222,3.1689463
KA,a,14,ADS,307.6914168979922,147.3486566130191,-384.86694,90.67288,-8.720535,41.013664,-36.98439,-10.056084,-30.10743,12.060776,-17.533863,2.6576462,-40.87471,-23.71114,-15.465357
KA,a,14,ADS,325.4332567417072,131.5613005473324,-440.11642,68.972336,-47.233116,6.927465,1.0698425,-3.159999,-22.807137,7.9998493,-2.1846046,-1.9711553,-21.05509,0.5593051,11.696881
KA,a,14,ADS,330.4905512220426,77.18262965443046,-352.14807,86.47463,-35.81894,4.6367354,-26.049025,-22.582306,-33.693016,16.784023,-12.553303,2.0188355,-19.175442,-0.74794495,-3.2485895
KA,a,14,ADS,335.8299459176243,152.61110863491467,-447.3439,87.02707,-32.45182,5.4269743,-17.102634,14.579485,-7.707556,5.927216,-8.165939,-14.219006,-31.7928,2.0416255,1.9320264
KA,a,14,ADS,338.3244547068459,122.7905471774875,-427.37726,69.60378,-4.0879173,-24.329435,-3.8369253,-11.898514,-2.0417233,16.970896,-18.103092,1.1423609,-22.919374,6.746516,-0.65783143
KA,a,14,ADS,338.9533177234621,75.42847898048421,-467.97012,79.06622,-28.355263,2.7296596,-16.416473,11.286242,-11.735419,18.595459,-19.871166,0.4523418,-19.107542,8.259043,8.934383
KA,e,14,ADS,341.8937376125692,82.44508167632603,-451.25644,9.693255,27.154287,16.492943,-25.338852,17.949532,-46.18448,28.248987,-26.071835,4.01259,-12.238387,7.8487673,0.47244602
KA,a,14,ADS,344.045194105145,163.13601267864897,-502.86047,88.905365,-67.18019,-18.533405,-20.600567,5.2291107,-1.5486345,16.374178,7.313941,20.414238,-6.141446,-2.354555,-19.76633
KA,e,14,ADS,348.1630441941932,140.3320539171773,-388.07312,72.52708,-9.413557,48.3993,-21.089493,-10.889372,-36.722557,-13.260906,-41.067696,7.695234,-35.73761,-18.744524,-5.468997
KA,e,14,ADS,355.2619585466053,133.31545122127864,-374.16037,69.66121,-28.710659,25.345356,-40.657112,-15.647312,-21.099756,10.251634,-30.859587,-1.9459028,-13.656799,-6.759186,-0.20097601
KA,e,14,ADS,366.7434647654424,56.13282156684818,-452.43646,86.96847,5.0898457,57.28193,-25.02084,-13.693749,-23.827396,16.8769,-31.549622,-8.939121,-21.615929,-9.729016,-11.047958
KA,e,14,ADS,367.1942814886512,119.28224582959501,-433.12543,41.724857,-6.1821394,24.451385,-38.762177,-18.535408,-25.730373,-12.281651,-42.24044,-5.0007544,-27.132496,-5.8083534,-15.100758
KA,a,14,ADS,371.0331735260612,75.42847898048421,-406.04208,86.75291,-53.42113,-6.339134,-9.682055,9.259963,3.5971878,7.172145,-24.758045,10.402864,-15.038483,-11.909651,-5.357252
KA,e,14,ADS,372.1993755064503,92.96998572011717,-483.486,68.23077,1.1263031,36.15284,-34.523678,-15.662682,-27.03167,-5.4042807,-36.60956,-9.666888,-18.463566,-11.449381,-16.030312
KA,e,14,ADS,373.3466867526022,105.2490404377977,-437.46707,59.890816,-49.447914,16.845425,-23.563787,-9.588776,-22.005741,6.8332233,-31.716164,-7.5166755,-35.866863,-7.2281246,-2.9415698
KA,a,14,ADS,381.6053837837953,114.0197938076426,-414.4773,69.342186,-23.084925,-7.9236774,-37.431793,-11.595004,-12.312754,26.000881,-9.044628,20.190762,-14.020971,-11.681481,-15.659822
KA,i,14,ADS,382.4209774836981,71.92017763247804,-445.37466,90.58905,-0.8222579,51.011074,-10.914416,0.42823505,-41.142044,-3.197504,-32.954098,-12.724331,-23.988579,-18.271935,3.456359
KA,æ,14,ADS,395.9732973585863,96.47828706806649,-444.82812,91.54754,-13.784854,28.834595,-26.282787,-29.371342,-10.918444,3.6515868,-11.637326,8.185875,-15.409906,6.232211,-11.782928
KV,æ,16,ADS,4.564041639321555,84.19528929568455,-248.98195,33.47382,-73.184006,-2.0420847,-49.88179,-11.320378,-18.063583,30.248978,-1.0144401,-8.573269,-17.453892,12.053518,3.0904162
KV,e,16,ADS,4.901548617963739,68.22721718788216,-404.84146,50.210453,-16.535412,56.099205,-25.84867,-19.003899,-31.361582,2.2110097,-18.306791,-6.449951,-26.649202,-5.285326,-11.036259
KV,i,16,ADS,5.017728091619304,47.904216323407134,-371.21387,49.95163,-7.9734087,40.454727,-38.076736,-1.244885,-15.371979,3.747204,-34.43235,-8.327471,-4.1312647,11.967123,-17.214066
KV,e,16,ADS,6.989849747307435,92.90514680903073,-380.94556,70.92175,-5.2737694,24.318266,-40.207123,10.70783,-10.326872,-3.9685504,-28.655079,-7.3243546,-20.107815,-9.203577,-19.719059
KV,a,16,ADS,8.284460410553205,84.19528929568543,-336.64487,72.389626,-67.56877,-9.5444975,-41.283348,11.889559,-14.7492485,20.651691,-3.9830203,20.018202,-9.578267,-11.79603,-14.917346
KV,a,16,ADS,8.61739732506275,74.03378886344747,-365.15558,52.494064,-57.388786,-4.6047783,-40.493416,-8.105629,-28.523438,14.240423,-9.816641,17.544119,-15.349094,8.085787,-7.438541
KV,u,16,ADS,9.213041922862455,84.19528929568543,-304.0459,46.993862,-53.16886,-4.960378,-66.50985,13.112888,-11.223877,-15.970573,-26.31768,8.997918,-11.837048,-6.681883,-18.588455
KV,e,16,ADS,9.56361368777466,68.22721718788394,-326.4738,40.805603,-1.156823,28.893429,-30.676006,-11.434946,-37.668823,3.7382236,-30.180546,11.560075,-16.983063,21.049149,-5.3988204
KV,e,16,ADS,18.93043988330121,52.259145080078895,-370.71048,40.571907,-18.343658,47.217873,-49.196594,-16.52283,-15.249844,-0.96982026,-34.48254,-20.577032,-19.760748,12.979147,-15.963701
KV,e,16,ADS,21.108455678023777,81.29200345790366,-343.72345,-0.1223197,38.2513,24.099686,-2.9360504,-24.642414,-42.300896,16.752419,-29.246197,-1.6713006,-22.445011,9.2764845,-18.163181
KV,a,16,ADS,23.079277121067705,105.14072148918885,-364.76804,70.16553,-53.244644,-31.163727,-24.435848,-0.10008541,-15.3760395,8.500637,-4.3730645,31.470673,-9.490594,-25.653149,-29.571323
KV,a,16,ADS,28.19774081371032,92.90514680904138,-408.7501,36.835957,-23.158272,9.521868,-18.00941,-9.749418,-20.86719,4.4908257,-13.424786,0.83855885,-31.531282,3.8399954,1.1931328
KV,a,16,ADS,39.00748440565768,104.5182901601649,-406.787,92.89093,-33.734962,1.1944499,-25.665443,-0.056568146,-22.335556,-13.503988,-1.4711283,7.447994,-29.662992,0.7304299,-15.804627
KV,u,16,ADS,39.54358762371069,84.19528929568543,-388.6801,52.242996,-20.772179,0.7587025,-54.149734,14.96607,-24.886292,-12.400854,-10.152128,12.311071,-16.694448,-6.0013423,-11.058522
KV,a,16,ADS,41.9796689773744,68.22721718788927,-395.1716,101.22148,-31.31659,35.27988,-17.018402,-1.5383275,-28.668438,-3.7522142,-6.705765,14.530707,-12.276332,-8.752071,-17.136288
KV,i,16,ADS,43.64608403331825,135.0027914568699,-433.4204,61.810204,-42.644447,46.62372,-31.139605,-8.342333,-30.421053,-3.9311023,-12.11821,1.6803794,-7.041421,8.151413,-6.1616507
KV,i,16,ADS,44.0467374789322,74.0337888634457,-367.27982,52.580925,-52.339188,60.36087,-43.853798,-16.960176,-40.01232,-10.040626,-16.03278,-16.984703,-0.16423345,1.5505071,21.885937
KV,e,16,ADS,45.00740656573176,78.3887176201219,-426.19028,76.52707,-40.453995,53.45849,-38.059288,-0.8660952,-32.803967,-7.5341706,-21.963789,-0.20766339,-2.1907651,-6.2524033,-13.160007
KV,u,16,ADS,49.75327633911557,69.6788601067766,-372.6243,94.27457,-46.424385,8.054841,-44.84735,13.626706,-29.685787,-20.839512,-17.017761,7.460502,0.5907196,-0.81209326,-5.4802938
KV,e,16,ADS,51.13964336680085,84.19528929568543,-484.71927,62.669807,-5.3721724,66.207726,-30.921553,-9.402592,-13.629701,4.2523403,-40.802673,-21.356804,-5.4863844,-1.1365793,-10.684631
KV,a,16,ADS,51.28600448120377,66.77557426899483,-429.6602,100.1875,-47.96592,35.622437,-28.15398,-7.7725706,-29.273832,-14.974838,-13.401581,0.9209415,-17.837765,-1.2607518,-12.534826
KV,a,16,ADS,51.49576688298353,152.4225064835676,-319.83466,68.73271,-48.283913,-13.927795,-43.481606,-0.5610256,-24.565182,9.161171,-11.24267,12.144664,-26.509628,-4.8602114,1.6205463
KV,e,16,ADS,52.12581228496957,168.39057859137085,-462.0399,78.342606,12.290499,24.845806,0.6269257,-11.871512,-7.576283,26.280281,-11.351932,9.322075,-4.1663985,33.64707,4.787669
KV,e,16,ADS,56.87744058988466,104.51829016015779,-381.23172,-23.226051,29.313862,-9.856243,11.65411,2.256497,-21.647827,-5.8261347,-30.672764,-4.4472795,-19.588314,8.779075,-0.13070416
KV,o,16,ADS,62.88318498659128,85.64693221457276,-376.5776,52.702614,12.444397,-24.028316,-67.48427,14.024518,-8.654705,-9.425001,-11.827018,13.118687,-9.154613,0.9754889,-13.371975
KV,æ,16,ADS,67.80522990420134,91.45350389013629,-348.7015,93.00098,-78.24247,20.876757,-51.609745,-6.689141,-25.164162,3.590503,7.1849055,19.825405,2.502376,11.680389,-6.5428066
KV,æ,16,ADS,72.01853784165591,55.16243091787487,-364.21567,98.10008,-65.5887,17.453074,-43.20166,-14.645464,-28.10226,1.3239511,3.5986137,5.5033436,-23.199417,9.0071945,-13.892561
KV,e,16,ADS,76.94012011332686,94.35678972792516,-409.35828,27.27829,15.085079,26.31856,-4.483273,-6.831092,-11.492624,-6.971302,-33.37915,10.11543,-24.089352,-2.0486205,-4.7614965
KV,æ,16,ADS,78.25452742639665,94.35678972792516,-403.11667,79.28557,-34.52913,3.2407255,-19.538809,3.6309667,-11.702724,4.3330073,-24.450188,2.4356616,-28.495888,20.112335,-14.769255
KV,e,16,ADS,78.45993489941974,75.48543178234013,-389.924,78.92825,4.2980313,-20.716602,-23.349653,-12.156533,-46.24575,-6.5025616,3.1795669,20.019928,-25.632317,12.536209,-7.535886
KV,e,16,ADS,88.00403698139782,45.00093048562803,-321.18057,18.643322,-9.996601,40.183052,-22.015266,-18.607922,-21.954931,-6.191744,-45.989426,-13.373489,-20.1669,3.7265015,-14.651154
KV,o,16,ADS,88.46057867938907,191.61686529362498,-498.72394,98.97392,-27.848846,-7.7839565,-43.44925,8.197829,10.791099,-6.821042,-17.168564,18.601301,-0.618346,22.019352,0.84859025
KV,a,16,ADS,89.03353169664211,62.42064551231863,-431.4891,98.31657,-47.37221,-7.5368857,-36.864517,0.44355834,-13.278086,22.683926,2.743875,20.051424,-31.310535,-17.11855,1.6359506
KV,i,16,ADS,91.45854192295212,47.904216323416904,-438.89716,78.20506,-6.1600013,56.295097,-28.25977,-9.273777,-26.523312,-9.94869,-32.86613,-0.8158989,-17.850119,5.8624334,-13.371199
KV,a,16,ADS,94.7376612468409,50.807502161177354,-371.31213,15.756138,24.262276,-1.7881452,-2.2116065,10.703072,-43.125168,10.986656,-20.756367,20.704208,-18.766827,-0.62667394,-5.359795
KV,e,16,ADS,98.44183310548756,92.90514680904494,-509.99496,81.93247,-18.114918,31.639545,-26.355034,-11.561426,-19.54322,-1.0151087,-28.671583,14.912941,-21.039986,13.087746,-3.4356174
KV,e,16,ADS,99.97628442112998,55.16243091786066,-308.28702,-33.81699,-13.195459,57.86149,-46.73214,-27.58888,-31.693428,-16.437792,-46.709805,-3.699494,-6.887022,-17.94149,-20.978992
KV,e,16,ADS,100.09749660485738,68.22721718789637,-327.28177,28.350101,-35.69994,42.34308,-69.44467,-20.740084,-25.496311,9.368332,-22.9957,6.0046225,-11.77621,-21.213501,-9.614578
KV,e,16,ADS,107.9739868083778,75.48543178234013,-358.9273,77.41104,-95.10925,65.80922,-57.344482,-0.59804195,-26.731659,6.750828,-8.743831,-8.301925,-20.66748,-5.6420965,0.43549713
KV,e,16,ADS,108.8695554543184,50.807502161191564,-335.18457,61.22142,-33.502014,0.54044336,-22.448204,5.4451175,-36.91842,-2.9604425,-16.638071,13.915342,-18.347794,-2.6635687,-14.350122
KV,æ,16,ADS,114.2002858937407,182.907007780301,-341.9178,86.00538,-71.57237,-23.521076,-34.279373,1.5896806,-11.573908,-4.264049,-18.554243,10.191724,-33.490307,-7.1400313,-2.1995764
KV,a,16,ADS,117.2216665393099,90.00186097127028,-362.23508,67.72719,-58.90917,-22.617466,-25.826359,9.241322,-32.36459,9.070194,-12.482078,20.248974,-26.201717,-15.116759,-2.0102105
KV,a,16,ADS,117.6310298424372,101.61500432235471,-393.27133,87.28284,-30.38629,39.428024,-36.85698,-25.000137,-43.20122,2.5713713,-12.667824,16.769995,-12.451706,-13.942259,-7.280578
KV,e,16,ADS,117.9861643616402,55.16243091787487,-410.7234,44.59293,-36.145515,53.329155,-22.101639,-6.3466864,-1.3714677,21.731644,-13.164012,2.561647,-15.722493,-3.7307758,-20.948376
KV,a,16,ADS,118.23004037201392,69.6788601067766,-356.40015,76.14032,-34.520622,41.42923,-21.271496,-23.466515,-51.53002,-1.7746334,-19.932976,13.735643,-18.412048,6.904224,-1.7012857
KV,æ,16,ADS,118.80852007519202,152.42250648356048,-416.92148,73.97829,-33.362225,7.4967966,-20.891333,-18.202667,-30.743626,10.872566,-16.417376,29.016834,-10.87397,1.4546885,-17.34729
KV,i,16,ADS,125.05525390666506,119.03471934905951,-386.10123,24.939236,-46.567535,46.710327,-49.16069,-5.9329815,-17.737219,-1.0740318,-34.324944,-11.040102,-18.47215,-17.561527,-23.156471
KV,i,16,ADS,125.71701196237558,74.0337888634599,-390.40845,33.57551,-9.293697,55.14579,-52.843094,-7.6875925,-28.081467,-18.52599,-28.882217,0.33060908,-24.741083,2.1709394,-2.490253
KV,e,16,ADS,125.91661286372312,66.77557426898773,-365.12997,28.129562,-27.087318,64.77678,-50.913383,-16.532623,-28.737656,-16.417255,-32.322823,4.637226,0.54844356,-6.0243344,-7.5719976
KV,a,16,ADS,126.31508884495872,105.96993307905223,-370.58182,111.641525,-74.234985,-6.0322585,-17.290485,3.388113,-4.7957163,4.587447,-13.747293,1.4736886,-33.08287,-13.680652,-10.445848
KV,a,16,ADS,127.33536301660622,101.61500432238313,-387.37134,113.077446,-46.778893,8.087765,-30.86938,-1.2341474,-36.851585,-3.1920478,10.908552,0.31955624,-40.12183,5.039184,3.875793
KV,a,16,ADS,127.80750622105464,156.7774352402438,-432.37473,34.575436,-4.5301766,-20.557766,-14.852337,-16.999187,-37.026512,20.708939,-5.909404,22.963228,-23.894613,7.316166,-3.8192081
KV,e,16,ADS,129.37349474007482,107.42157599796087,-465.08926,33.708015,-6.688798,34.125427,-15.004562,5.1379185,-34.187588,-1.960814,-38.519905,4.853683,-1.8528214,13.849245,-4.187074
KV,e,16,ADS,131.61712166173987,82.7436463767981,-409.80856,87.00949,-42.14463,39.329716,-53.212685,-41.31173,-37.464287,-16.109558,-15.995152,0.85304236,-11.321644,-0.7135803,-22.580353
KV,e,16,ADS,132.25704136856575,85.64693221458697,-392.21344,28.503769,7.961382,23.092678,-21.930008,-21.242025,-30.740913,3.9594567,-19.293304,-11.492191,-21.222378,7.16773,-11.92506
KV,e,16,ADS,137.4260890728786,82.7436463767981,-383.05057,47.698772,-20.530851,26.071938,-3.3920326,-12.688856,-39.51001,-14.453054,-30.894459,4.914551,-2.431532,19.740946,-10.901072
KV,i,16,ADS,138.5385582348327,72.58214594455126,-431.2587,50.990864,28.014711,59.117218,-39.208008,-15.142471,-19.081356,-3.9459596,-59.213837,4.6620255,-17.598995,-13.634683,6.117285
KV,æ,16,ADS,143.2435825360687,65.32393135009329,-443.9875,62.81322,-18.692572,32.135536,-47.17369,-19.009754,-10.950473,-7.6758304,-19.60067,8.661861,-8.469315,-1.1022364,-1.424596
KV,o,16,ADS,150.91845415925326,91.45350389013629,-390.88828,78.20935,-7.9137735,-22.112396,-44.832382,-10.685859,4.1188493,-7.586999,-20.663834,-2.3133726,-11.795027,19.283127,-3.9860408
KV,u,16,ADS,157.01002929363636,63.872288431213065,-348.511,79.0598,-75.7986,1.8376293,-59.534725,6.1726665,-10.958728,-17.740374,4.575303,14.404953,-12.815083,2.955415,-24.87038
KV,a,16,ADS,157.12761237006657,92.90514680904494,-359.4145,111.46195,-71.357635,3.3077292,-49.6771,2.8345315,3.8667276,-13.0008335,-2.561511,11.690641,-22.68499,-6.299425,-10.208572
KV,æ,16,ADS,157.70899535908245,195.9717940503083,-358.78403,92.57587,-85.680664,41.30491,-65.09259,-19.813831,-22.442455,10.11887,-28.22414,18.162354,-8.755535,-0.19865328,-10.09277
KV,u,16,ADS,158.2255891229039,63.872288431213065,-443.195,91.28003,-5.953762,9.445846,-41.80722,5.9970427,-34.038635,-39.274628,-28.584217,-7.056235,-13.967375,-7.7244244,-24.046757
KV,e,16,ADS,162.44976036217815,56.6140738367551,-351.74783,7.385867,-36.604492,49.91901,-31.507393,-6.577853,-19.193138,-20.577343,-33.446945,-10.283578,-20.48207,-4.269003,-23.263191
KV,e,16,ADS,163.61279787084533,100.1633614035029,-371.31802,87.45685,-55.37489,8.555444,-34.67655,-25.24039,-34.621872,-3.9774017,-12.967819,7.69862,-11.209209,3.7862215,-15.759293
KV,e,16,ADS,168.6712815578744,90.00186097125606,-301.02206,52.640236,-52.594093,65.17997,-77.92795,7.057596,-19.812817,-4.2622232,-47.454254,-6.299225,-14.187895,-19.703476,5.7177553
KV,e,16,ADS,171.22006470817115,74.0337888634599,-404.98978,6.956268,18.046814,42.1407,-38.279808,-10.060104,-10.2680235,5.1114607,-39.528564,-5.385381,-11.723105,-2.1836324,-14.723341
KV,a,16,ADS,183.039067739672,91.45350389013629,-369.51257,55.57596,-37.288,-14.18103,-28.912174,-21.811247,-32.31975,19.142551,-4.7757416,22.676723,-12.23451,5.134407,-15.222439
KV,a,16,ADS,184.26252387982,72.58214594455126,-412.01215,77.8678,-66.08037,18.521875,-36.93798,-16.868687,-40.09767,11.626005,7.3460884,6.624886,-19.843382,9.369537,-3.193006
KV,e,16,ADS,189.14768766831608,129.19621978130635,-487.8675,86.77025,-23.279898,22.978313,-33.97207,-12.809111,-31.924465,-6.8282876,-38.651146,0.72746706,-13.240828,8.488213,-1.4667785
KV,a,16,ADS,208.17955659891285,104.51829016020042,-448.90118,115.99379,-37.31806,21.739544,-25.118725,-1.8844198,-35.83878,11.481003,5.583006,9.192464,-10.726969,-8.08787,-4.9686384
KV,i,16,ADS,213.711674818338,114.67979059239042,-486.42868,61.901367,24.824963,39.43366,-19.278326,4.0609217,3.862112,6.5415425,-21.568886,-2.6239238,-41.013863,-1.4886324,12.655063
KV,a,16,ADS,216.56068487732483,63.872288431213065,-456.1727,123.88124,-36.955414,28.695087,-28.018227,-8.624727,-12.46438,8.837034,-0.28799856,-4.420659,-13.249788,10.237057,-23.922758
KV,e,16,ADS,219.36911263968403,66.77557426897351,-426.7897,61.67742,31.754765,41.313576,-30.428295,-9.652374,-37.29348,0.06829786,-24.914864,5.7485867,-7.250752,19.411373,-16.170805
KV,e,16,ADS,222.3220269126171,65.32393135009329,-414.9661,67.093636,-2.7356005,47.24466,-41.17221,-14.443468,-12.25532,-6.434963,-8.146922,-3.369237,-18.189772,19.189041,-7.2127776
KV,e,16,ADS,224.0868027863519,53.710787998966225,-474.88953,53.001335,10.480258,20.454893,-21.82537,11.177029,-23.606094,13.108934,-34.59773,-15.643738,-19.924105,12.150997,-2.8243089
KV,a,16,ADS,226.57703355388173,78.38871762010058,-438.18954,83.363815,-46.04431,28.22564,-5.4059467,-1.4833872,-37.140625,15.525387,-6.822009,13.454619,-27.392061,-2.9383378,-6.087681
KV,i,16,ADS,229.18333204982144,60.96900259342419,-378.8284,4.5172334,22.941547,32.854248,-25.499641,-7.818593,-18.494728,12.563292,-44.954655,-8.813374,-30.054785,-8.061703,-24.272413
LK,i,16,ADS,3.535750482334078,44.469834682135726,-420.48666,0.13083231,33.083046,34.511475,-25.076305,3.1386945,-30.919209,16.026976,-39.05197,-16.872852,-12.235193,-7.625472,-7.061734
LK,i,16,ADS,6.713517458797675,52.55525916979664,-422.8397,61.92926,-11.083168,56.99942,-36.393745,-13.306856,-34.809616,-22.096077,-24.004436,-23.735622,-11.590918,8.025365,-7.520177
LK,æ,16,ADS,10.014410005930714,106.45808908753729,-459.81787,75.73775,-31.236153,26.234123,-34.937244,-36.525467,-48.989464,7.1165724,-21.860136,-3.436232,-6.4693165,17.812298,0.21939611
LK,i,16,ADS,11.764957233250342,76.81153263277984,-423.4283,60.291077,6.5139008,63.225105,-27.990656,-20.948257,-32.474903,-13.090521,-34.97869,-2.3330975,-15.229111,-19.24073,-22.242455
LK,a,16,ADS,11.922549659580197,60.64068365745712,-309.31177,92.38873,-78.79696,-12.665642,-27.42028,14.312802,-18.06277,-28.083897,-3.4446712,1.9390718,-15.841368,-11.7002945,-14.855547
LK,u,16,ADS,12.27493941016742,51.20768842185264,-432.5255,88.508316,-12.726599,13.5309925,-2.2278385,19.865984,-6.668171,-10.933494,-29.215101,-10.5390625,-21.113705,-4.401077,-19.260933
LK,æ,16,ADS,14.971157447416932,106.45808908753551,-425.72058,53.968353,-26.972313,38.347565,-44.524895,-3.2358608,-34.009117,-1.2721906,-1.4032902,-4.4889646,-18.11229,11.954191,3.3919764
LK,e,16,ADS,16.56926632770862,60.64068365745712,-361.60828,74.71184,-34.474297,64.3137,-22.515911,-2.8017364,-47.265297,-26.178503,-17.593393,-40.61859,13.4193325,-23.157757,-0.015797898
LK,i,16,ADS,16.753209734802905,43.12226393419394,-423.89114,28.851118,-20.159956,62.784576,-16.569536,1.6284875,-18.367575,13.742414,-33.95166,-20.642708,10.465897,-10.702863,-8.414827
LK,e,16,ADS,16.864384321508243,55.25040066568465,-380.42957,25.471027,12.893726,47.620224,8.780943,-16.670683,-31.189774,12.4401455,-35.054367,-3.817029,-16.713833,-1.9912459,-12.647167
LK,a,16,ADS,17.83277053123451,66.03096664923314,-381.5061,113.14603,-60.317207,-4.354241,-22.160824,12.526957,-6.6607747,-22.3362,-4.6057396,4.812165,-25.195908,0.9618089,-12.98995
LK,i,16,ADS,18.137321520269744,47.164976178024176,-389.08554,66.98253,-47.66491,48.547127,-29.661083,-5.8977017,-26.574066,-7.960543,-19.24614,-11.225418,-9.219942,-14.009985,-22.546425
LK,a,16,ADS,19.96029756270061,61.988254405399346,-397.48465,67.97925,-29.620811,12.7273,-27.456865,-4.2905574,-53.500946,-11.258287,1.3707715,-0.9678809,-21.054283,2.7464902,-8.840104
LK,a,16,ADS,20.157643326094806,49.860117673912185,-335.47513,54.61861,-78.45685,10.841173,-14.462641,-3.8292732,-1.8842875,-34.38897,-16.108734,6.6731358,-31.321075,21.68954,-22.41309
LK,e,16,ADS,21.161673034643503,109.15323058342707,-401.29752,79.28148,-5.1174574,70.54993,-37.59619,-12.171905,-21.72833,-14.076933,-34.910427,-12.980968,-0.64095604,6.289707,-11.886141
LK,i,16,ADS,21.450016499113644,60.64068365745712,-423.57776,58.61499,23.617434,62.47464,-42.092747,-16.82584,-6.229475,-18.634146,-12.782982,-4.840554,-32.91342,-5.614053,-9.678026
LK,e,16,ADS,21.52413289025053,66.03096664923314,-438.00922,41.40474,0.3312074,62.75638,-33.240005,-3.7029755,6.5531836,-29.57306,-15.949521,3.9572282,-32.8957,-5.642849,-15.584398
LK,u,16,ADS,22.204953222468497,52.55525916979664,-488.0427,97.67379,10.074798,28.070751,-27.656425,17.071552,-15.727587,7.0686426,-31.750477,-17.241068,-31.29448,-3.2639933,-14.2029915
LK,u,16,ADS,23.348863634705147,43.122263934190386,-462.80225,89.97945,15.510994,30.706795,-25.793941,19.442856,-20.672693,-5.7396708,-36.2937,-21.398811,-5.056223,-7.9084125,-9.957766
LK,a,16,ADS,23.99568329346096,60.64068365745712,-416.43433,76.55881,-34.612686,13.37904,-42.004433,-4.3271227,-37.78887,-17.16091,3.5308337,-12.086593,-22.438263,-0.9773686,7.068284
LK,a,16,ADS,24.37823860844221,84.89695712043854,-331.4286,65.7318,-97.66896,-12.435767,-26.045328,0.2321701,-7.2594295,-10.9650755,-5.631021,4.968542,-28.087112,2.2098022,-22.32122
LK,i,16,ADS,27.583178903297465,48.512546925966404,-461.81512,48.19071,35.47989,37.543266,-20.154871,6.1770735,-4.1791673,-4.6551733,-30.552662,4.2887335,-36.784153,-3.037927,-17.374615
LK,e,16,ADS,28.158911092508525,47.164976178024176,-418.07562,1.9949821,41.67534,29.975933,-23.303013,9.778374,-57.77172,18.57956,-31.442673,-12.81768,-32.518715,-0.3342464,4.0797315
LK,a,16,ADS,29.59560051247786,82.20181562455409,-417.70667,86.927246,-49.0643,-9.731043,-47.646553,12.106657,-34.788147,-9.508911,-2.3684459,9.204589,-23.151192,0.44143498,-11.392525
LK,a,16,ADS,31.144152604783592,67.37853739717536,-376.0983,97.07489,-61.177437,49.7757,-26.710274,5.1170774,-59.80185,-18.790592,-11.290564,-4.6583443,-17.458118,-1.0163915,10.7218
LK,e,16,ADS,31.69258529868245,80.85424487661186,-516.64526,76.71324,-37.482433,37.90396,-21.20235,3.216034,-32.693897,-15.758795,-20.396273,-1.7400503,-13.209326,9.530338,3.7947721
LK,a,16,ADS,31.812519095249424,45.817405430078395,-334.43787,93.927795,-65.9945,17.315523,-50.832233,-6.440453,-46.401093,-15.129286,-8.808279,-13.725581,-19.774715,-3.42202,1.2501924
LK,i,16,ADS,34.731530112775204,33.68926869858768,-413.63022,14.082627,16.252193,18.07058,-17.628145,-6.0476727,-42.99891,15.1623335,-20.064842,-9.526551,-42.558937,-3.8104115,-9.489285
LK,a,16,ADS,35.51986707539777,57.94554216156911,-330.56995,69.78915,-54.983734,23.474966,-38.46134,-0.85487795,-48.963318,-11.046015,13.420277,-16.24057,-10.667176,-7.723488,-3.4806018
LK,e,16,ADS,36.00158694219782,83.54938637250342,-424.53293,3.8080416,30.643463,-0.4729793,-29.276201,-13.228641,-39.43668,7.3116617,-35.33541,-4.839719,-17.104477,28.715746,8.16782
LK,i,16,ADS,36.725936669625774,43.12226393419394,-360.25446,30.337898,10.259697,19.090317,-13.109325,-18.24774,-35.008606,19.973957,-41.801422,-1.4108284,-23.03762,-5.138509,-26.53609
LK,e,16,ADS,37.01162166818979,123.9765088108129,-385.48734,87.14694,-26.61161,38.35418,-37.17392,-21.348085,-29.450823,2.6838424,-3.4854033,-18.449436,0.6480886,14.588364,12.181808
LK,e,16,ADS,37.69578855194492,51.207688421854414,-435.9923,93.97294,-13.460474,38.147503,-13.945797,-5.4375806,-37.002968,-17.860523,-16.528742,7.1213837,-1.8210042,4.5593824,-8.685681
LK,a,16,ADS,37.79753014341465,47.164976178009965,-343.7449,118.98039,-42.714485,-13.459539,-40.51745,-0.3516363,-22.89604,-7.0295,4.5315137,12.32306,-24.102951,-8.880285,-17.874779
LK,i,16,ADS,39.83499991327699,33.68926869858768,-378.63867,45.312218,27.01384,26.451557,3.1894226,-4.4136114,-35.691216,2.128767,-50.6072,2.5770042,-13.052367,4.5263515,-0.48841047
LK,i,16,ADS,40.28980504070792,75.46396188484294,-371.86487,29.48956,25.372585,13.124125,-13.2212925,-13.234237,-52.523552,3.843008,-27.971308,-3.1360216,-8.878668,-6.8256745,-2.6705256
LK,æ,16,ADS,40.96948540535367,88.93966936426523,-388.92548,116.960335,-53.902855,-11.648199,-45.032906,4.8732085,-11.638243,-12.907869,-21.2821,21.288874,2.4398143,-3.408558,-21.11325
LK,i,16,ADS,42.45013372714149,111.84837207931508,-465.98267,78.04576,-1.7895318,63.314186,-42.628292,-16.217463,-0.6113322,-25.057905,-17.660376,-7.874018,-18.875694,-7.4791775,-12.484816
LK,o,16,ADS,44.79709288708959,82.20181562455053,-430.65738,94.22481,1.9811791,-18.48129,-63.40532,-4.635023,-17.026154,-13.062082,-14.036322,1.8532629,-15.441271,19.117004,-20.696152
LK,i,16,ADS,50.242031395017406,66.03096664923669,-454.73926,76.052345,1.8600209,84.31653,-55.386986,-9.408385,-5.8525186,-39.26433,-27.807377,-9.752868,-21.59489,-14.061703,-7.314543
LK,a,16,ADS,50.444167007208925,60.640683657453565,-410.28403,91.84657,-59.189507,26.247032,-38.876854,-5.6360097,-18.103771,-4.023114,-5.401586,3.701013,-3.0027595,10.4346285,-16.493137
LK,a,16,ADS,51.58806311918849,52.555259169800195,-415.7987,104.7395,-47.895508,1.009686,-9.082029,31.241276,-15.301864,-17.86198,-11.7967825,-10.118709,-24.172197,-1.3789057,-14.344135
LK,i,16,ADS,52.63034381661888,51.20768842184731,-386.1954,22.76911,-22.314777,45.693466,7.8097887,-12.760586,-40.065575,-16.366428,-40.035873,-7.7699456,-25.661,-0.26776248,-11.656221
LK,a,16,ADS,53.053481031473126,37.731980942410814,-368.5414,71.24617,-26.862846,-11.561338,-36.364594,-1.2939574,-43.1969,-10.241442,-8.783926,17.842697,-31.21531,9.724596,-19.9141
LK,o,16,ADS,57.1689067445585,98.37266459987859,-436.1183,97.96974,-6.9442635,6.637496,-58.95349,8.326733,-26.594456,-15.58518,-15.495596,-11.101835,-12.599956,3.6252925,-10.828652
LK,o,16,ADS,57.34948122478293,55.25040066568465,-407.87036,117.05287,-9.982641,2.2366536,-77.50538,14.5762615,8.224545,-31.640556,-0.5386534,-10.254426,-21.630754,10.205038,1.2672014
LK,a,16,ADS,60.77567547614205,40.427122438302376,-407.9546,44.55787,21.575258,-23.149517,-12.254526,-3.7282984,-23.835665,-5.93377,-23.674927,6.156071,-18.48831,10.996734,-16.909414
LK,a,16,ADS,60.87606949686384,44.46983468213972,-375.00906,94.579025,-29.699837,-16.059814,-22.459806,4.1984267,-14.207511,-30.957922,-10.894449,33.408207,-22.36989,-0.31768858,-15.384413
LK,a,16,ADS,62.832277890573735,63.33582515334513,-354.9258,76.39782,-27.523186,-7.590084,-20.022976,19.132658,-31.986664,-29.20648,-24.594658,-0.7666491,-31.609737,-3.1130989,-3.7579055
LK,e,16,ADS,63.58556993867416,57.94554216156911,-426.20596,71.307526,-10.108192,68.85074,-27.42129,-19.741322,-31.849722,-8.469547,-22.744816,-14.802795,-8.169453,5.3756347,-11.512823
LK,a,16,ADS,63.74630938844108,41.77469318624816,-337.4344,73.2162,-72.00723,24.54646,-39.593674,-20.252876,-26.172834,-16.22825,8.188089,7.0021276,-10.512465,-29.458624,-10.147008
LK,i,16,ADS,64.5568731933291,83.54938637249631,-403.12405,103.733055,1.4129554,51.679848,-68.63634,-6.357237,2.107365,-56.46846,-16.65443,1.8427502,-9.664953,-20.94062,-22.682291
LK,i,16,ADS,65.66126024700984,47.164976178024176,-425.4561,73.2865,-7.1961756,63.625336,-40.678566,-11.320653,-19.074787,-26.129177,-31.597027,-9.447088,-12.792311,-8.121483,-13.752084
LK,a,16,ADS,65.79759487106054,59.29311290951489,-405.80936,108.8632,-37.80123,39.07438,-49.81224,-10.91531,-9.516368,-11.919701,-6.3077974,-6.8383613,-15.067093,0.93018353,-18.246021
LK,a,16,ADS,66.49973205648011,72.76882038894428,-410.3005,71.30389,-50.99121,37.398376,-19.936382,3.588831,-27.464195,13.062985,-31.412846,4.9275265,-0.41884935,-3.1591852,-15.861422
LK,a,16,ADS,66.91680520296863,60.640683657453565,-383.8504,92.95419,-90.336426,1.9761986,-32.545654,7.1589146,-2.0866418,-10.953667,-8.013572,6.835494,-38.362427,0.9227995,-13.550745
LK,e,16,ADS,67.83900355157883,74.11639113688295,-403.61655,37.820503,-12.406889,69.63236,-71.35444,-22.01653,7.2542553,-46.254044,-24.954163,-6.3782263,-13.990473,-7.3182316,-22.81139
LK,e,16,ADS,68.58979376110199,64.68339590129801,-427.69727,32.419437,28.951382,47.548714,-19.698225,-6.0811434,-21.589626,-9.1225395,-51.43707,-6.5861745,-33.473034,-6.2055197,-8.762787
LK,a,16,ADS,70.39447379684772,60.640683657453565,-403.6973,100.62324,-61.189247,30.903894,-20.047173,-26.53321,-43.082424,-5.969577,-6.0792255,13.478269,-14.399679,8.608351,-34.442455
LK,i,16,ADS,72.04759687411526,49.86011767391574,-465.78845,70.36542,-7.0949945,73.14589,-23.454372,-4.725932,3.4793386,-8.123468,-32.449047,-10.886654,-24.326378,-1.8320612,-10.665981
LK,o,16,ADS,74.64024341679753,40.427122438302376,-409.75485,104.96247,-4.419673,-7.5813704,-65.94824,16.947105,-14.830486,-21.451603,-24.50603,-9.3401165,-11.401522,-12.676319,-1.1154243
LK,a,16,ADS,74.93687990893108,75.46396188483584,-407.31137,71.956055,-23.362501,23.789059,-25.183651,2.2145982,-32.526688,-22.210533,-17.998243,-6.1568403,-34.26664,2.7038174,-17.325752
LK,æ,16,ADS,76.7545390195497,149.580353021733,-425.3478,87.35366,-25.980768,48.444176,-45.68152,-20.780344,-0.20985729,-12.23427,-21.535412,-17.186071,11.863535,-10.161512,-12.224394
LK,e,16,ADS,78.19237648216689,98.37266459987859,-460.5353,53.114243,-18.874317,42.90584,-17.489202,4.325091,-18.584488,9.498434,-22.347212,-2.859767,-6.279622,-1.6161416,-3.798739
LK,e,16,ADS,79.9719412312327,37.731980942425025,-450.2036,66.32228,4.063347,49.47661,-17.968033,-5.457389,-13.269008,-12.789076,-27.543995,-14.678769,-19.454292,-12.908301,-34.549976
LK,i,16,ADS,81.43023653383457,59.29311290951489,-331.43646,39.329792,-7.680113,77.16518,-50.02821,-34.052513,-8.29426,-28.308727,-54.96466,-25.613297,-25.701912,-5.523632,-23.659119
LK,o,16,ADS,83.15120433069755,66.03096664923669,-399.33423,90.43895,23.632917,25.848705,-70.6295,2.2280014,-17.16539,-29.77544,-22.978615,-2.792618,-22.480892,12.130984,-10.030718
LK,u,16,ADS,85.57802632020326,53.902829917731765,-432.82764,101.86723,-10.133661,32.802883,-13.192301,17.574076,-20.914314,-6.6784415,-23.584301,3.075207,-5.8179245,-25.070488,-27.288311
LK,e,16,ADS,87.88210749498265,161.70848975322372,-445.50256,59.96363,-9.589906,50.893394,-53.89321,-26.965778,-16.550238,-2.4034972,-29.336048,-8.680407,-4.3911557,0.13526858,-10.012246
LK,æ,16,ADS,88.05459655071942,123.9765088108129,-484.2976,72.08575,-19.111298,27.56549,-0.03255415,3.676684,-19.678604,24.564434,15.526783,4.452628,-11.363305,-1.245464,-12.960421
LK,i,16,ADS,88.18531091326994,37.731980942425025,-416.73642,-3.5750663,32.71259,29.554253,-23.633862,17.46276,-22.277065,18.306944,-37.787918,-9.90239,-6.847543,-6.7906895,-15.359266
LK,e,16,ADS,88.44451875414896,117.2386550710911,-491.45102,79.49216,-16.272202,60.519478,-24.499634,-11.357401,-11.42697,-0.80244076,-38.68969,-2.0672235,-36.919163,-12.394864,-13.57884
LK,e,16,ADS,89.55172712624616,56.59797141363754,-242.56458,90.97925,-80.30738,28.266068,-29.305637,-22.926487,-23.45071,-18.447975,-29.100258,-0.82113963,-19.000887,1.0387032,-4.0339603
LK,o,16,ADS,90.96142038059122,94.32995235606256,-391.01352,127.11633,18.79877,26.042152,-51.328304,-3.13572,-19.765778,-8.513881,-27.80522,-21.362572,-25.935835,-13.035007,-14.320437
LK,a,16,ADS,96.11329892643109,39.07955169034949,-384.87073,63.76477,-27.089539,-3.2541947,-32.874344,33.19096,-29.36644,-28.331003,-18.365221,14.440214,-14.415257,0.4583996,-4.562977
LK,a,16,ADS,100.72303882524622,97.02509385193991,-396.08148,84.35437,-51.40191,-6.227474,-22.199753,13.518444,-13.388529,1.5886685,7.2435865,12.675544,-24.842339,-13.094385,-29.946016
LK,i,16,ADS,103.7415705500198,79.50667412868029,-288.7884,61.14073,-8.572493,64.959076,-31.952797,-19.375473,5.74195,-8.729036,-34.300037,-33.43373,-19.350761,-8.972782,-19.261696
LK,e,16,ADS,105.58898809375664,49.86011767391574,-367.0292,52.343918,-36.70999,35.528954,-31.461094,5.1654434,-36.359276,-9.019274,-32.207165,-16.082026,-11.030029,4.5580535,-20.992342
LK,o,16,ADS,107.9422779761687,74.11639113688295,-401.0578,118.66937,-12.108259,21.099522,-57.853523,-0.22726174,-24.335228,-25.969791,-52.13388,-0.13155794,1.2790008,4.4431095,5.241117
LK,e,16,ADS,109.18116352562126,101.06780609578436,-321.6585,28.298069,-50.948425,78.236275,-34.82783,-23.365932,-29.186684,-22.568909,-38.11168,-19.758558,1.8864999,9.727377,-20.992016
LK,a,16,ADS,109.61103859421524,60.640683657453565,-360.2503,76.66153,-43.15887,13.34931,-31.73011,-14.013261,-30.378387,-16.962767,-24.127682,3.2761765,-32.595467,2.2921755,-14.579657
LK,a,16,ADS,109.77005194247258,106.45808908753907,-329.8849,106.84352,-71.08124,23.336681,-29.794502,-19.005814,-24.090542,-23.84407,-9.140202,12.890766,-3.3942752,-16.816877,-24.930912
LK,i,16,ADS,110.86904871316156,51.2076884218402,-473.04404,79.533134,-2.0887394,63.997704,-21.786566,4.225531,-2.2788944,-16.31254,-18.302135,-12.316744,-22.811642,-14.129132,-41.44944
LK,a,16,ADS,112.0263614816981,79.50667412865187,-331.78867,96.93799,-83.32686,19.841587,-34.62963,-21.71154,-25.235727,-4.705462,14.790379,5.8507237,-10.614828,-5.35924,-12.793953
LK,a,16,ADS,113.33039660925012,80.85424487660475,-400.51294,101.88267,-64.576256,36.536816,-8.362933,-8.117235,-34.100418,-4.8325577,-14.145292,0.93445706,-18.184826,1.1108512,-18.38145
LK,e,16,ADS,115.92770059862778,52.55525916982151,-393.75906,26.854378,-9.493285,41.840546,-16.973478,-8.881376,-18.603867,-11.2406435,-26.714977,-6.676714,-23.295298,-4.6491146,-15.906353
LK,i,16,ADS,116.92987180356492,51.207688421854414,-448.8804,64.53476,1.1315278,50.0046,-24.156937,-12.524977,-23.647408,-12.610326,-31.23489,0.49649665,-22.142498,-4.6656537,-4.63393
LK,i,16,ADS,117.14177419108827,80.85424487660475,-416.09616,95.15247,-6.565132,47.284912,-56.44772,-19.621471,-6.545026,-46.953953,-33.668007,3.0647702,-7.930231,-6.220108,-7.9582806
LK,a,16,ADS,118.15867294774056,56.59797141362333,-369.52258,21.675003,1.1136994,-10.7226715,-13.879309,-6.323005,-41.324257,20.097834,-21.907333,5.2050195,-11.400862,23.030811,-8.652685
LK,i,16,ADS,118.40056189699644,66.0309666492509,-416.68494,42.455948,10.7905035,38.86052,-30.808514,5.465847,-11.641788,-15.1154,-39.242508,-6.4598355,-17.050423,-2.6335573,-11.6309595
LK,i,16,ADS,121.16637935586505,47.164976178009965,-409.03265,15.065133,20.461876,48.58409,-19.950974,-1.1535908,-5.7285457,4.8374166,-45.920925,-12.796661,-11.978588,-12.226162,-10.660241
LK,i,16,ADS,121.6227396572196,75.46396188483584,-390.78336,43.54077,11.21323,68.094055,-37.821342,-14.157277,-15.121765,-14.7097025,-50.669865,-25.450508,-18.138409,-19.614546,-15.481869
LK,u,16,ADS,121.82685994994328,60.640683657453565,-436.45047,91.04408,0.7185917,5.9921045,-51.189045,16.0609,-5.6205897,-20.2883,-24.354614,1.60916,-1.2774626,2.0571406,-12.1356125
LK,e,16,ADS,124.06013460953312,33.68926869858058,-388.77692,63.081173,-9.812028,50.633263,-52.219257,-3.219746,-26.80009,-14.608325,-13.169008,-20.327068,-6.141513,-22.352615,-6.7457085
LK,a,16,ADS,124.1726567669864,48.51254692594864,-351.91293,136.63925,-56.28987,3.8717637,-31.255764,-28.24136,-40.302925,-19.006472,-6.4163065,-12.19528,6.996884,-6.1743636,-18.82753
LK,e,16,ADS,124.70911610158848,45.8174054300855,-416.69217,83.62244,-20.341854,41.715485,-60.46103,-20.444868,-20.554087,-15.368778,-41.468903,-13.320473,2.0518987,9.727739,-7.917897
LK,a,16,ADS,125.17622029333684,68.72610814511404,-364.2732,123.43061,-63.72818,-16.246332,-32.72618,7.5983305,-8.046983,-15.27799,-0.61879784,17.847612,-34.908997,-12.409409,-19.23721
LK,a,16,ADS,125.55219253201308,66.03096664922248,-380.28278,113.26703,-77.484116,-12.242861,-34.867554,-1.5656843,-10.745051,-9.434847,4.970567,20.400215,-9.980174,-8.950346,-24.762842
LK,i,16,ADS,127.52722216552874,52.55525916982151,-490.7894,79.25989,6.686358,49.606827,-37.045357,-1.2894564,-14.3044815,-2.632772,-38.261917,3.6791472,-19.181095,-11.666379,6.979783
LK,u,16,ADS,128.7319441890087,56.59797141362333,-449.69116,99.7228,4.982003,16.4596,-20.660292,20.571144,-17.97985,-18.623367,-29.456348,-16.364887,-21.268877,-3.7251062,-12.381875
LK,i,16,ADS,129.0711920122127,289.72771080785265,-456.62787,83.969864,-6.4666305,81.74793,-31.156387,-20.70857,0.40049243,-32.57669,-42.69094,-20.39245,1.3066864,-6.8745413,-20.312408
LK,a,16,ADS,129.52075540890505,71.42124964099139,-296.4551,106.08513,-92.529755,2.7590833,-39.917034,-22.50983,4.7033553,-15.04615,20.222271,-8.848957,-22.682226,1.0142826,-20.281652
LK,e,16,ADS,131.58653846473112,43.12226393417973,-414.51202,78.921875,3.7801008,18.317093,-29.703274,19.093082,-37.445633,-20.588768,-3.808142,8.893934,-14.28071,1.7587012,-26.74429
LK,i,16,ADS,135.69069505430178,60.640683657453565,-442.8413,59.90804,3.64041,51.235306,-20.318943,7.7174253,-5.907399,-11.4586525,-25.939411,0.049415827,-28.122791,-8.53244,-14.862825
LK,i,16,ADS,135.80878464751424,84.89695712043499,-389.20807,-59.55226,59.2488,36.994858,-1.820003,12.363115,-18.668507,2.1515203,-58.886124,-26.29171,-23.567936,-7.538678,-14.7211075
LK,a,16,ADS,138.05621687503316,37.731980942425025,-373.22427,121.20189,-97.18071,2.7901545,-28.72967,0.87598556,-18.990889,-27.951572,2.0639086,7.4254913,-28.163414,14.954653,-5.949769
LK,o,16,ADS,138.5884339692912,75.46396188482163,-489.39444,118.8544,-13.853424,3.1698713,-59.6343,-1.1318188,-13.35763,-8.560516,-11.029959,-23.462885,-13.860749,15.984318,-8.920788
LK,a,16,ADS,140.35658104258923,67.37853739718958,-419.28058,123.97084,-66.073326,-12.391154,-12.186192,31.66824,-0.6457842,-27.649101,-27.447353,14.202287,-25.66032,7.427462,-27.966599
LK,i,16,ADS,142.3739858034856,111.84837207929377,-475.07837,46.92939,-8.011165,27.45618,-7.539304,31.190302,-16.051899,-6.4701056,-16.512268,6.066208,-21.02443,-26.021912,-19.005226
LK,i,16,ADS,142.55860299595383,60.640683657453565,-435.30997,48.52365,17.903997,64.14012,-39.4824,-4.036257,-13.909077,-23.00251,-15.496241,2.8240142,-27.152494,-6.5333114,-11.394522
LK,i,16,ADS,143.1642179453095,67.37853739718958,-436.24747,25.54378,5.8292384,67.847145,-25.947315,-8.673769,-12.4871855,-11.008781,-27.281631,-4.477592,-32.38789,-1.4261258,-10.483812
LK,e,16,ADS,143.30503908846958,79.50667412868029,-399.44318,6.901118,9.512089,31.149511,-32.25318,-12.895045,-26.08216,-3.6848392,-48.97721,-3.6468096,-4.9129233,-3.0656855,-2.0420032
LK,o,16,ADS,143.5738794526843,61.98825440540645,-422.88843,73.60141,14.474419,-1.7506777,-27.607723,19.849857,-11.262585,-13.538534,-19.478035,-8.236578,-20.870787,0.1318239,-16.052027
LK,a,16,ADS,143.75427678014137,87.59209861631234,-421.6639,83.595566,-59.941864,19.436668,-14.725802,7.083391,-25.138088,6.084136,-0.46296668,1.1626716,-8.619671,-3.5958443,-3.3714204
LK,i,16,ADS,144.32699434801734,74.11639113689716,-474.9257,39.66526,6.5143623,55.322403,-37.581116,22.581161,-2.3009415,-30.653454,-27.560371,-15.782815,-16.293722,10.832905,-3.6464128
LK,a,16,ADS,149.829434591241,90.28724011221811,-380.07162,114.17757,-66.31485,-7.9817057,-22.836746,18.699013,2.3968346,-18.335588,-10.3994665,1.4312825,-21.133612,-13.792368,-6.9152966
LK,a,16,ADS,150.6272859753543,71.42124964101981,-363.60855,97.55179,-54.95024,-1.1553903,-20.153751,-6.4183025,-26.743114,-12.687614,-14.86973,-6.6447606,-20.343288,7.0190935,-4.887182
LK,a,16,ADS,151.5180159394879,67.37853739716115,-354.79105,108.33243,-84.18159,-6.0485144,-23.994417,-10.521165,-24.034674,-3.9942691,-11.765374,16.377079,-15.525706,-3.6052961,-16.525055
LK,o,16,ADS,154.6279158210233,51.207688421868625,-364.33627,104.12323,-4.8083506,-27.61982,-63.398384,16.084518,2.1420221,0.43595934,-9.891696,-0.9283712,-38.87499,28.320618,-13.274662
LK,a,16,ADS,155.71208931348474,52.55525916979309,-405.64365,130.21262,-76.564705,7.4117203,-15.820371,28.901854,12.61002,-16.349253,-38.24623,16.659874,-15.788318,-19.116657,-22.343395
LK,a,16,ADS,160.20649381150582,47.164976178009965,-303.71155,102.45674,-81.54074,-21.91535,-74.855965,26.279163,22.455223,-40.157333,-9.424477,-7.005206,-22.68215,-2.5237844,-10.748186
LK,o,16,ADS,161.5351699684639,44.469834682132614,-376.26672,117.85773,-44.906433,-13.328306,-71.512474,-2.388565,-4.179988,-52.553665,-8.507223,-30.224483,14.507838,19.799366,-24.610434
LK,e,16,ADS,163.23796793556232,56.59797141362333,-410.56213,49.204727,-25.167313,101.47482,-43.86165,-31.853786,-3.5168133,-29.501461,-27.61308,-29.359894,-14.56672,-3.5223806,-23.100704
LK,i,16,ADS,163.53982378310167,78.1591033807274,-455.56592,80.808334,-13.81445,83.40262,-30.848528,-25.25742,19.631609,-26.114296,-19.323406,-14.267057,-14.53232,-5.005478,-17.319677
LM,a,12,ADS,0.687113970536806,64.88102702552534,-371.86444,186.67906,5.9587326,-10.101188,9.116687,-5.1031494,-16.863144,-2.7777472,-15.469029,9.58577,-19.575153,-19.191849,-33.81356
LM,a,12,ADS,6.0975531704381005,67.15755428957948,-319.7272,219.5295,-35.827225,-26.391611,-3.9205105,15.663382,-7.7603602,3.6813037,23.818348,15.483436,-27.31761,-22.53656,-20.486256
LM,a,12,ADS,9.957361272275852,81.95498150592861,-297.53012,155.52611,-0.89130175,-18.604183,-20.924864,24.523998,0.4060657,0.80919147,-1.0040367,13.145302,-22.522781,-21.247263,-28.239716
LM,a,12,ADS,12.515725843130689,72.84887244971117,-318.71405,176.26465,-3.2831552,6.9367294,-2.1515841,7.4879084,-13.305978,-18.077055,1.9553744,11.240122,-16.030993,-8.176809,-25.82654
LM,e,12,ADS,13.249325051758548,45.53054528106948,-329.86273,174.30705,19.631346,55.0876,6.0625157,-36.180267,-21.003529,14.915876,-10.050648,-15.156964,-14.445082,-0.96176505,-11.556544
LM,i,12,ADS,19.48551307113977,60.327972497418614,-353.34808,156.18878,33.706516,59.212128,-8.85227,-45.25068,-27.963552,-2.4529088,-10.5818815,-15.54876,6.3735237,-10.683915,-38.68669
LM,e,12,ADS,23.073050852639405,48.94533617715524,-384.29828,168.37146,28.783611,41.206573,1.6078773,-12.98333,-27.755463,16.016573,15.899353,-0.09942961,-12.616108,-2.1905112,-10.87087
LM,a,12,ADS,31.31543877630732,52.36012707322857,-188.12367,68.8418,6.176572,25.55637,12.802658,5.694027,-26.97527,25.813389,-28.503345,6.6578493,3.8500376,6.2788563,-15.154908
LM,a,12,ADS,31.567564170801248,92.19935419416814,-355.52408,205.5477,19.301783,7.5530357,-5.618873,6.515527,-2.6009169,-3.8272047,-5.7500806,8.273022,-2.2512667,-2.4835653,-11.054658
LM,e,12,ADS,35.28482596522322,37.56269985687766,-356.12805,153.97797,31.884964,13.557613,22.341537,-31.315279,-15.410524,14.268713,-25.492477,-11.875252,-21.203058,-11.311862,-33.93772
LM,e,12,ADS,35.449874191867096,67.15755428957237,-302.47705,122.244934,8.560305,41.790302,-18.522724,-39.154686,-2.0273209,13.860828,-25.479641,-16.790342,19.962103,-32.340347,-4.1483345
LM,e,12,ADS,37.00578402465205,72.84887244971117,-293.8828,179.05328,0.650387,14.884071,12.027588,-16.530117,-31.64648,-8.268869,-39.039124,-8.950392,-7.5044994,-5.327546,-10.971499
LM,e,12,ADS,37.77210612076948,51.22186344119939,-384.69785,207.6503,2.968281,1.2644386,-10.726737,1.9351048,-1.5320078,-3.1764276,-26.169128,-7.29191,-0.60885406,-18.039257,-31.104345
LM,e,12,ADS,37.86373634314764,54.63665433727982,-382.6447,157.75903,49.138153,5.3739014,-3.1570003,3.2426958,-50.944187,4.2276335,-22.965271,-10.262559,-16.53386,-18.391403,-12.457954
LM,a,12,ADS,40.39024123451912,85.36977240200372,-333.90802,155.03635,44.112694,-11.235743,4.7807493,7.1116905,-26.768452,19.258114,-7.998402,16.601076,-22.182945,-13.050297,-19.182117
LM,a,12,ADS,41.08682785454174,140.00642673929065,-250.51334,145.83292,18.76362,-8.527363,17.77583,13.1785755,-13.035505,17.945614,-0.29007286,10.630518,-27.633743,7.7865763,-10.320244
LM,a,12,ADS,42.05633732732693,35.28617259283351,-274.79724,198.36978,20.040195,0.548841,-0.61727715,-12.422651,-9.968709,6.1146493,-21.002567,-14.429354,-18.842026,-2.2934268,-2.1754768
LM,o,12,ADS,42.24642735387541,110.41157230659593,-349.29694,178.86063,48.41763,13.520987,-10.972418,12.808685,-2.383978,-8.281782,-14.385992,-13.155647,11.329208,15.409968,-18.166832
LM,i,12,ADS,42.54579068909844,160.49517211577324,-302.33627,171.50833,14.958159,46.24877,-4.3406343,-31.101208,-9.20709,11.801332,-26.82526,-3.9550014,-0.37014532,-6.325427,-19.54602
LM,u,12,ADS,43.35317806043964,137.7298994752323,-365.74442,178.87231,64.495316,9.6146965,-18.46965,-32.099667,-2.064376,-1.4025269,-23.030457,-1.7402501,-17.246046,-11.873058,-16.951672
LM,e,12,ADS,43.762696932907815,43.25401801701645,-309.13678,160.48668,46.35015,29.203974,-12.253195,6.609544,-22.885128,1.3060774,-32.30963,-13.963406,-1.7532352,5.3907347,-24.071266
LM,a,12,ADS,44.13265163388088,78.54019060984285,-285.93753,223.26605,-8.461801,-9.071723,-14.255651,0.34733593,-17.543325,-15.287804,-12.842134,18.112202,-3.0779018,-8.359137,-6.384718
LM,e,12,ADS,44.79113276114595,78.54019060984996,-266.84375,115.78705,17.263615,43.925835,-6.13756,-35.97571,-26.90085,-15.770693,-14.948151,-11.485718,10.428081,-5.1996617,-14.907242
LM,æ,12,ADS,45.07911346004872,180.98391749225584,-314.59714,180.31714,-39.325226,8.03583,0.32988143,-29.972101,-19.10678,-2.8550978,16.968884,13.755043,-16.198711,-20.377506,-7.9179754
LM,i,12,ADS,47.39119318459608,64.88102702552823,-281.7795,168.66275,-4.276323,29.423706,-2.248256,-44.740784,-14.593086,-9.296339,-6.3379703,-4.574132,-11.753579,-10.808573,-2.3273828
LM,i,12,ADS,47.61114141898968,34.147908960797224,-312.6108,166.5855,-2.6059592,53.12767,-2.8111148,-16.442595,-19.247688,-14.814348,-11.065649,-15.175884,-27.944757,-11.198536,6.2730265
LM,e,12,ADS,49.874038792862805,118.37941773077887,-296.8722,193.71143,-8.715979,57.543365,11.288713,-38.083817,-14.887943,-5.826482,-7.833291,-7.590021,-12.723885,8.325782,1.7963732
LM,o,12,ADS,50.28324456857642,142.2829540033419,-336.03702,223.0062,40.0289,-11.0618725,-32.430973,-1.7123835,0.5150541,2.4195516,-27.573063,-6.722276,3.5622427,10.945372,7.583246
LM,e,12,ADS,51.661684761449365,75.12539971376953,-335.9816,185.33719,20.240593,58.07498,6.885914,-26.363884,-19.63001,-16.558357,-12.001551,5.50519,-11.387022,-18.043148,-14.107323
LM,o,12,ADS,51.81648861540501,122.93247225888848,-444.67255,177.7205,75.1595,37.35662,-8.06897,-14.20359,-6.243435,2.091424,-7.3254805,-1.2717463,-31.273142,-21.180824,-23.040405
LM,e,12,ADS,52.641775108104106,52.36012707322857,-359.84073,184.43912,-6.7381754,71.01616,8.1168375,-42.896626,-24.922054,-6.606346,-12.367888,-20.430843,14.092943,-12.090329,-21.989452
LM,a,12,ADS,52.80113201658785,52.36012707322857,-334.6905,236.01477,-37.27465,2.748982,-10.123488,-16.207138,-3.660284,-26.496014,-23.754612,-3.2558389,1.3461944,-8.800493,-21.437344
LM,a,12,ADS,54.53348441455033,61.46623612944069,-295.82825,223.15378,-10.558191,-5.814288,-7.5505123,-7.2789326,3.8229403,-10.049711,-25.762169,-0.055765867,15.814521,10.630674,-14.968981
LM,a,12,ADS,54.75772235005961,72.84887244971827,-306.3719,160.81418,45.18479,-15.111204,-22.722939,1.2029285,-1.3775642,8.45997,-16.43329,5.5001535,4.8760066,2.0276022,-10.191431
LM,e,12,ADS,55.38189901998661,26.180063536614284,-261.83075,148.01424,29.450638,29.459986,11.682804,-1.7191937,-41.815815,6.845423,-18.233654,0.5970505,-12.328345,-14.058933,-20.130936
LM,a,12,ADS,61.43106066583224,106.9967814105155,-332.829,178.892,-74.17261,-14.353021,13.304924,-5.667614,-12.458689,-20.325466,-5.689989,-1.323569,-25.69691,-29.586872,-13.748879
LM,o,12,ADS,61.70794110239154,138.86816310726857,-403.54794,198.1372,-33.261982,-38.621883,-68.06903,-8.516664,30.966297,-2.8075075,-4.651799,-4.5169196,-11.219256,-11.936022,0.05457314
LM,u,12,ADS,62.50809801071524,37.56269985688476,-384.1632,169.56201,22.839355,13.189578,-21.323956,-10.081678,-9.833464,-13.69348,-32.24826,0.9346499,4.3302197,3.407473,-11.05698
LM,a,12,ADS,62.72436810080032,130.90031768307853,-301.88638,172.56586,-56.2696,-16.169283,0.6864673,-19.535606,-21.833836,20.008682,-7.5028095,11.301254,-7.3075624,-41.272034,-8.073837
LM,e,12,ADS,64.85463874097795,44.39228164903852,-259.53568,170.61987,24.624104,16.840527,7.0831337,-18.973904,-39.630516,7.8030667,-12.774508,-9.1964855,-7.1405063,4.391602,-30.528883
LM,o,12,ADS,67.58237928072104,79.67845424187203,-376.1349,222.59824,23.949661,-28.006279,-38.1698,-1.3533282,5.2161417,-13.398447,-18.312977,1.29566,1.8023516,-12.675467,-12.281212
LM,a,12,ADS,68.49753885700812,67.15755428957948,-321.1804,172.90964,-8.894459,-4.623023,10.521565,-3.6285067,-27.617424,-12.614766,0.58002496,2.128745,-16.01565,-6.401103,-8.606785
LM,a,12,ADS,70.40564618108355,79.67845424187203,-313.87875,161.96796,-25.425745,6.4918175,4.3389516,-23.789232,-10.99209,5.2385325,9.08407,9.201178,-18.45929,-2.0771828,-18.052448
LM,u,12,ADS,71.28954154861863,104.72025414645714,-349.31625,182.17404,49.90156,13.955938,-17.905666,-12.750799,-6.20648,-5.7931337,-38.120193,-13.822554,-14.737167,-5.6004143,-14.033998
LM,o,12,ADS,71.9714375464601,50.08359980918442,-401.24762,191.91594,44.46246,-0.53715205,-59.350327,-21.392756,-30.612427,-9.003465,1.0145466,-10.082554,0.7193197,-8.734603,-10.475878
LM,u,12,ADS,73.03467088159488,62.60449976146276,-329.8942,184.60359,19.089577,-4.270325,-25.463005,-13.396318,0.78958505,-18.718716,-35.983673,-0.66221786,-24.339481,1.5097685,-1.7728589
LM,a,12,ADS,74.09709807041656,64.88102702552112,-335.8558,180.42703,20.848,-7.1791897,-1.5426804,-7.254605,-31.337502,-9.492953,-1.7947178,11.857788,-32.451225,1.0349994,-8.401628
LM,e,12,ADS,75.50666494422866,51.2218634412136,-288.68515,166.48181,12.219059,43.910156,13.499448,-36.675743,-26.00388,0.64880764,-30.80157,-12.127272,5.6962705,1.7293259,-19.347198
LM,a,12,ADS,75.66203793000031,63.74276339350615,-298.73648,166.99542,-19.873392,18.495993,2.3394725,-41.454506,-17.92737,21.466293,-1.2268279,-20.535538,-11.164965,-5.382509,-22.235832
LM,i,12,ADS,75.86351791122001,50.08359980917021,-316.469,75.51601,52.12222,18.797386,34.268192,-5.297946,-4.449163,24.530144,-29.408346,2.8622713,-27.278494,13.870813,-11.243742
LM,a,12,ADS,76.92581927444215,51.22186344119939,-290.70474,187.38733,2.0362864,25.60231,10.290499,-38.635826,-22.487434,12.559435,-26.445572,-11.160208,-16.373753,-2.7524476,-16.78917
LM,a,12,ADS,80.47456830798205,75.12539971376953,-313.37897,170.71078,-16.58715,12.230384,3.8833408,8.353627,-0.45722032,-5.3966355,-22.374577,9.731229,-4.7135673,-29.319244,-18.17859
LM,a,12,ADS,80.73592563713174,72.84887244971117,-326.55463,190.45338,13.727091,-13.9365225,10.556425,-13.46439,-33.998314,-8.45768,-6.1853538,-3.4342768,-30.004166,-4.5456214,-20.77959
LM,u,12,ADS,83.63963471305816,38.70096348890684,-368.4716,222.03873,60.19565,14.311684,-37.531506,-23.741364,13.142948,-2.1461453,-19.640549,-19.815536,-24.978714,-11.870184,-15.114927
LM,a,12,ADS,85.04194040107498,235.62057182954277,-339.96008,181.91644,-50.05855,1.663655,19.503681,-22.82011,-10.892248,29.104342,22.714012,-12.164903,-26.866806,11.604368,-11.682828
LM,a,12,ADS,85.85771990349252,45.5305452810677,-299.3679,194.34618,2.149296,4.517831,6.096304,3.3773758,-10.200505,-3.2318935,-18.041079,3.9950967,1.6027912,-6.3629317,-26.102459
LM,a,12,ADS,86.157346592128,42.115754384994375,-300.2611,182.40782,3.8905196,12.8058815,12.80986,-0.25825688,-32.461464,-5.10614,-5.771134,6.882198,-23.684803,-13.826866,-19.636019
LM,e,12,ADS,86.92863432621225,34.14790896079012,-445.42166,149.7467,58.606262,65.60747,25.75047,-6.8114285,-20.593151,-8.152241,-24.631422,6.2746468,7.933182,-4.799886,-11.929291
LM,a,12,ADS,87.44982886021856,50.08359980918442,-312.0793,198.01134,21.56326,9.207831,-2.1658335,-13.921111,-16.426971,-11.487423,-9.123124,9.592047,-13.189618,-18.212578,-24.77647
LM,æ,12,ADS,87.54658126894083,54.63665433728693,-276.5396,176.39374,-10.81269,-4.857875,-8.912253,27.989279,0.23878519,-1.7235357,5.7810264,11.439232,-7.0278544,-13.082222,-22.322914
LM,u,12,ADS,88.14874906919832,67.15755428957948,-380.11142,199.87871,60.38036,24.24445,-8.374198,2.9235687,-11.97714,-2.1267872,-20.525063,-6.298788,-21.441452,-19.263233,-7.31249
LM,o,12,ADS,90.5745863930419,67.15755428957948,-345.8914,199.28082,36.699013,-9.781017,-30.518124,-5.800746,-0.6535146,4.1440387,-18.870838,-7.7197123,-1.9000878,1.6335039,-4.0825458
LM,i,12,ADS,92.7740658024894,132.0385813151006,-382.6,154.68256,46.40409,44.66752,10.598515,-20.8075,-17.198349,-5.2061515,-23.370548,-6.1013665,-13.140987,-21.542347,-20.486158
LM,a,12,ADS,95.38290753602782,48.94533617714103,-344.09125,207.61797,3.6399732,-3.1011395,-9.467067,-10.964111,-13.11261,-22.861126,-14.857824,9.663073,-16.152729,-15.781429,-3.6504364
LM,a,12,ADS,96.78197400209018,47.80707254512606,-362.2155,202.20758,27.277634,16.971485,6.5079565,-8.070366,-7.7660847,5.632481,-10.4806,18.867214,-8.728762,-20.424496,-20.547962
LM,a,12,ADS,99.18714701161564,34.14790896080433,-266.98993,157.25647,3.8543234,0.06823957,31.162659,10.58725,5.429863,-3.788836,3.5387273,14.09248,-34.648613,-22.446346,-18.971325
LM,e,12,ADS,101.8488755790522,83.09324513795957,-303.0234,180.63724,-2.5048952,49.581314,-28.395035,-22.743996,-33.307854,-4.3463273,-30.395828,-29.441534,13.067035,-11.603196,-12.313734
LM,æ,12,ADS,101.9644093377029,84.23150876997454,-322.10596,181.6546,-12.693067,29.991371,-8.304308,-6.1485596,-27.215637,-14.511885,-3.285198,2.224504,-6.5029144,-23.186506,-6.6755543
LM,i,12,ADS,102.28596881375049,51.2218634412136,-369.45853,161.8616,31.47528,43.181194,0.33669162,-19.566338,-8.890214,-9.550941,-8.152581,-9.189406,-17.066206,2.7650113,-21.87346
LM,e,12,ADS,103.39841083847485,48.94533617715524,-309.75958,194.92255,1.6592964,30.505035,17.911112,-42.8177,-25.71642,-4.0554776,-29.4463,-7.466452,-10.800145,-5.5149345,-18.640701
LM,a,12,ADS,103.88876544938124,58.051445233360255,-323.90817,222.27505,11.60295,-11.315312,-19.560919,6.416551,-4.7711105,5.7181406,-23.425407,1.3427305,13.778324,-9.240407,-15.501038
LM,i,12,ADS,114.37625111224868,68.29581792159445,-302.2209,147.53807,18.191689,53.43941,4.6289015,-44.969215,-28.611786,-10.699009,-29.673481,-6.0178404,-3.4108467,5.436225,-11.125185
LM,a,12,ADS,114.64431219759096,62.60449976147697,-424.29495,177.16168,46.11872,25.13805,-4.072031,4.104142,-22.55711,-12.010569,4.2897153,32.541508,-3.1687615,-10.843645,-14.399666
LM,a,12,ADS,115.55182872742176,46.66880891309688,-302.35736,155.70728,15.473467,7.140436,1.7729218,12.261848,-13.758472,15.911685,22.293934,7.876675,-27.02742,-18.775608,-21.254356
LM,æ,12,ADS,116.5986640449273,99.02893598633966,-326.89136,178.55246,-27.233559,57.41297,-3.1862917,-23.111021,-30.635742,-1.0737121,-8.697421,-22.194267,2.630752,-24.424202,-17.636732
LM,i,12,ADS,116.7733875124434,143.42121763537818,-394.86484,180.16772,23.31601,41.37907,8.336282,-31.830376,-14.360115,-0.16906619,-41.91359,-2.023873,-4.8146996,-18.733536,-8.208563
LM,i,12,ADS,119.29976219435298,69.43408155363784,-290.45862,153.39763,-7.0024004,69.21652,-11.932055,-41.72979,-19.454361,0.28322554,-10.662717,-12.378817,-5.816127,-23.41329,-5.6484756
LM,e,12,ADS,121.12472652994832,48.94533617715524,-284.47733,162.33688,12.833296,21.64032,7.214212,-40.44967,-17.707844,2.116263,-22.528397,14.532585,-10.888807,-0.8186555,-15.246569
LM,u,12,ADS,122.12889598181724,51.22186344119939,-319.46457,111.16806,44.681923,58.593536,10.074978,20.419872,-28.656914,-35.99705,-5.2392974,10.237844,-7.7577114,13.472698,-14.802665
LM,a,12,ADS,123.52959376107025,64.88102702552112,-288.96027,197.05733,-10.553072,1.5624474,-3.1092813,-19.44401,-8.884801,-37.504524,-6.3038054,13.895412,-10.498814,-6.7717547,-17.667873
LM,i,12,ADS,125.45997330822765,60.327972497418614,-352.0536,176.04782,7.5709085,49.2453,1.0163794,-29.797703,-19.009914,-18.21804,-24.259346,-17.763523,-1.1785796,-9.942756,-10.545415
LM,a,12,ADS,125.8169755052453,85.36977240201793,-354.85773,196.90085,-2.929428,1.489717,-19.611397,-9.338877,-7.4467893,-44.736385,12.458872,17.049099,-24.83094,-11.31318,-10.554918
LM,e,12,ADS,128.6852111374239,59.189708865403645,-303.57523,176.24097,23.066788,32.94049,-9.468519,-25.784843,-43.495216,-19.514206,1.4537196,-16.99127,-13.169334,-4.577355,-2.5792346
LM,a,12,ADS,132.13013384760137,53.49839070527196,-389.77673,175.0615,17.952003,-19.523724,-29.25906,-1.6941135,18.429985,12.446959,-8.035659,-12.355612,-19.867886,9.496632,-6.52961
LM,a,12,ADS,136.99278586652122,71.71060881768199,-359.5105,223.36244,-20.33171,-16.802284,-12.643612,-14.439129,8.300201,8.2894,-20.163448,-16.951834,-5.504941,-26.295465,-24.554312
LM,e,12,ADS,138.6689507630757,46.66880891309688,-307.1214,175.6218,0.5308509,29.330467,-21.695759,-6.6184926,-35.039757,-31.195333,-18.842743,-8.86776,-17.730469,-10.429722,1.3052518
LM,a,12,ADS,140.0768219436532,89.92282693012044,-341.79932,176.94977,29.359104,43.0074,-2.4566302,-56.15119,-25.720587,0.9027412,-10.036596,-11.049834,-1.8439283,-11.496698,-32.435093
LM,a,12,ADS,141.28898786177956,42.115754385008586,-361.97388,214.59375,28.896706,-17.406548,-14.062687,3.0266614,-9.176784,-19.79533,-3.2362466,18.11647,-17.447376,-8.913936,-30.674706
LM,a,12,ADS,145.82526399671133,71.71060881768199,-328.2657,199.40671,10.204051,-2.7106938,-9.275568,4.2864256,-26.306305,-16.959932,2.7928767,1.1929469,-8.645304,-18.095604,-24.165775
LM,i,12,ADS,147.86045158248612,59.189708865403645,-342.09714,161.98341,37.3282,39.93756,-11.96245,-13.77831,-17.45921,1.4200228,-38.25855,-6.825018,1.5388606,-10.136454,-17.639868
LM,e,12,ADS,148.34421362609748,45.53054528108191,-305.99802,188.35864,-25.233185,1.435844,-14.747463,-19.128616,-41.486588,11.263754,0.22566433,-9.4619665,-2.2017636,-22.330978,2.186261
LM,a,12,ADS,148.52349014814172,71.71060881768199,-352.48914,195.99187,3.1798046,-8.757157,-11.6965685,-8.708335,-32.787193,-1.6504622,2.298753,8.5417795,-9.933808,-20.183077,-10.457258
LV,i,16,ADS,3.686764529744796,76.14839286950614,-322.51297,54.216057,-16.679232,39.60887,-44.354744,-6.8754034,-17.19717,15.46467,3.53035,1.1102153,-14.874407,-27.937729,-22.614426
LV,e,16,ADS,4.16269198517921,85.6669419781948,-376.3532,74.53694,24.173063,53.803486,-11.625065,-8.703754,-19.254318,21.61624,-12.795642,-14.89283,-4.765545,13.029531,-11.043382
LV,i,16,ADS,7.130750201423448,63.42917730106912,-369.1898,39.199425,-8.157508,61.829155,-43.468643,-17.204044,5.1841555,-5.399786,-9.830083,-2.0647821,8.005765,15.830812,-10.002733
LV,a,16,ADS,7.275894166952517,96.77191593833089,-294.88266,92.32243,-105.5439,-1.8664875,-43.322403,8.208839,-20.647717,-3.6227517,24.330648,-19.691168,1.1409881,-18.074156,15.394707
LV,a,16,ADS,8.853611267628354,47.592745543440174,-352.8085,99.173515,-51.822548,37.045822,-16.757832,10.625008,-11.391258,5.6178007,1.0635628,-9.432165,-10.87785,-17.310593,24.077501
LV,e,16,ADS,9.605820744961168,145.95108633321985,-376.4672,51.23175,-32.85537,69.582085,-32.661495,-30.36492,-25.217243,7.3553495,-21.5721,-30.53246,-0.6494442,-6.285302,13.822128
LV,u,16,ADS,12.74666331276159,77.73481772095359,-402.86823,121.40272,-36.338417,23.220594,-16.24844,-2.5473933,-8.716248,-35.565826,-30.810724,-4.06113,-8.523349,-17.106638,-27.801718
LV,e,16,ADS,14.36118199490896,74.56196801805959,-399.9,103.605484,0.8281617,39.588318,-24.062813,-9.80114,-37.685234,-2.9268885,2.9927897,-4.2976704,-9.3300705,12.447197,5.9055967
LV,e,16,ADS,22.220069867327044,109.46331474991666,-435.31946,84.97365,7.154391,41.448746,-18.000492,-14.702721,-21.970335,9.739034,-29.940794,-7.351039,-9.512579,-4.024746,-11.377804
LV,a,16,ADS,25.35067038573484,76.14839286950925,-345.9243,86.286896,-45.55777,-18.468624,-31.536867,9.101886,-17.847824,7.000966,-2.2766342,3.007165,-31.15999,-13.804394,0.20461547
LV,e,16,ADS,25.716297770217555,65.04341890936871,-414.18045,68.612076,7.3336077,43.045837,-10.145563,-4.9107366,-20.778963,-1.5383883,-33.915714,-23.531036,-31.467924,-6.9529257,-2.3891425
LV,e,16,ADS,25.970918958874964,72.97554316660637,-421.5689,58.562927,19.874382,33.532684,-17.65097,-7.0271826,-3.9209154,-0.9977827,-28.886356,14.182449,-9.995441,-5.9412,-28.772238
LV,e,16,ADS,26.38296235444539,72.97554316660992,-425.88293,64.80704,27.02649,69.59465,-21.815886,-7.193487,-8.61714,2.172875,-37.25286,-10.947467,-33.515556,2.34573,-20.76788
LV,i,16,ADS,28.07293209754404,150.7103608875653,-390.85294,46.949745,0.6537277,55.243935,-14.236825,-2.3915427,-1.1944325,-9.544894,-28.79179,-19.421015,-4.9594164,-4.8598447,-23.833916
LV,a,16,ADS,45.04033251840335,80.93536729108308,-379.57645,98.552345,-18.131935,22.092684,-20.53336,-5.895001,3.9387414,14.748522,-7.3226757,-20.022243,-14.27731,-12.560438,-16.433956
LV,i,16,ADS,45.35445475054981,37.80000899618585,-382.94095,85.497604,-27.254639,72.14995,-52.044945,4.013711,-31.998123,-7.880246,-21.168484,-25.233654,3.3821514,-10.178979,-1.2399881
LV,e,16,ADS,45.968601216464265,61.06155299383431,-355.19293,85.24799,-17.619856,50.37204,-19.506466,-5.141147,-36.557686,-5.708729,-20.383247,-32.130814,-22.21017,15.317919,1.0417777
LV,o,16,ADS,53.24182972657179,72.69232499265854,-462.28387,106.047554,21.367107,4.2899914,-34.977444,17.243563,-3.3128057,-10.827539,-16.635551,-8.470314,-37.591038,-9.45417,-18.91095
LV,e,16,ADS,54.278230737231134,88.6846364910383,-359.6287,15.021105,7.0976357,19.243237,-15.65835,-37.185158,-21.465355,15.641406,-24.539509,1.7214293,-7.930007,1.2737474,-14.773667
LV,a,16,ADS,54.39526538046931,78.50771099207066,-269.08447,110.69083,-59.29547,11.489496,-27.12283,0.92172253,-34.355114,-33.985043,-7.2176805,-7.2852173,-14.974493,-33.657936,-30.84351
LV,a,16,ADS,62.27480411085584,63.969245993533264,-344.2893,90.81787,-9.945578,24.77185,-22.617697,-20.494537,-16.825392,3.1850138,-7.9555435,6.9634085,-12.210114,-3.452271,1.6282256
LV,a,16,ADS,63.41271078611757,56.70001349427167,-315.10028,61.17505,-45.94076,31.083366,-38.02108,-13.506489,-25.651157,-4.8259993,2.3390765,8.058203,-8.537433,-14.364698,3.8099544
LV,e,16,ADS,63.69112239083944,46.52308799529692,-339.88046,64.905624,-30.429638,42.684742,-16.518093,-23.7725,-45.120552,-5.8258038,-4.850436,2.4328368,-0.550205,15.020949,-2.0090668
LV,a,16,ADS,65.14453015404813,114.85387348838572,-351.51633,121.6772,-60.68878,26.946953,-12.999123,3.7234638,-28.147282,-7.773425,-1.6596906,-0.39105976,-19.760925,-11.766588,3.984536
LV,a,16,ADS,89.72464726775824,82.86925049162619,-273.86545,69.583145,-56.1427,13.771564,-35.004242,-28.646809,-40.23648,23.077501,-16.391932,-14.719522,-23.60541,-20.508713,8.368748
LV,e,16,ADS,94.61740129616392,78.50771099208487,-329.01257,30.064291,-21.269966,38.83549,-44.319218,-17.075472,-21.98116,-2.9049106,-27.079775,-15.568036,-20.673172,-24.273388,-7.7285166
LV,a,16,ADS,95.14151295936097,50.88462749485245,-272.48102,106.60643,-77.87239,15.37595,-56.16255,-2.9043713,-30.138515,18.474957,-1.1950588,-19.869059,-6.9218087,-11.687668,-0.8855326
LV,a,16,ADS,99.63747057358025,88.6846364910383,-298.58377,66.247894,-70.38976,-16.170372,-20.37136,-1.6211972,-28.180172,14.727528,6.498288,2.5640974,-31.348862,-4.2219915,-6.53289
LV,e,16,ADS,99.99452578385754,81.41540399178382,-371.78128,67.37905,-26.884365,51.37475,-24.944767,-19.522423,-31.167402,-11.323065,-31.654919,-6.7411447,-10.777639,-16.153263,-8.6451
LV,a,16,ADS,104.77854474752318,56.700013494250356,-378.43338,68.489105,-56.02176,-7.7206726,-46.084007,3.2624283,-10.905764,-12.154312,-12.7324295,-1.8915025,-29.073513,-8.359245,-6.9294987
LV,a,16,ADS,105.40725369398665,72.69232499265854,-329.38986,82.52614,-86.93387,-2.7241402,-35.520355,-3.4492621,-14.337681,18.470987,-16.163868,-7.6367235,-22.207844,-24.04098,9.3376255
LV,u,16,ADS,106.24975774065152,74.14617149250091,-489.75723,100.19307,-14.520506,-0.2832117,-20.859798,2.9652166,-27.804298,-16.735424,-12.919626,-10.281099,-3.2506685,12.681739,-4.7807865
LV,a,16,ADS,107.57806265822153,106.13079448927465,-439.32642,131.37057,-26.276268,6.091668,-40.317215,-6.844847,-35.96659,-9.511618,-12.826359,25.315,-13.410786,-19.922726,2.9167075
LV,a,16,ADS,107.9909550641798,62.51539949367668,-385.3793,91.080475,-18.800457,-14.550398,-43.84068,2.0967846,-34.194405,8.829654,-8.730162,25.049212,-15.443465,-3.077822,0.20244464
LV,o,16,ADS,109.97470517834668,58.15385999412115,-443.72745,96.58205,4.326809,-2.9215376,-58.130478,0.9729833,-15.633291,-12.683606,-0.35459435,5.400871,5.8197527,-4.145458,-13.050116
LV,e,16,ADS,111.37297045483446,46.52308799529692,-389.1523,77.1185,1.7390263,49.754047,-37.570564,-26.323494,-5.5241804,4.692399,-32.50246,-10.622982,-10.683142,-18.607866,-1.3505127
LV,a,16,ADS,114.94015153174504,94.50002249045042,-325.02472,99.80412,-49.255684,31.468466,-60.127663,-24.1598,-52.43293,2.1318712,-3.254033,-2.486347,-13.048087,-6.0533485,11.561033
LV,e,16,ADS,116.405485290962,58.15385999412115,-339.3308,55.45008,-29.790691,57.52928,-38.0161,-16.247032,-23.017189,2.8906312,-0.3594128,-16.164968,-19.451462,11.121628,-3.0878115
LV,e,16,ADS,122.94944987127955,72.69232499264433,-397.225,48.494358,-2.9971805,45.321796,-12.116844,-7.672758,-24.770657,18.789165,-24.68348,0.29879355,-10.245491,-1.9698604,9.49301
LV,e,16,ADS,124.7451664385523,62.51539949367668,-341.9559,68.98458,-22.848316,39.478962,-23.999146,-10.853498,-54.12481,-6.684885,-5.099287,-2.2204072,-11.135599,15.628729,17.628271
LV,e,16,ADS,127.06713560641036,52.338473994723245,-376.70483,70.21212,-11.292183,28.171474,2.0202453,4.6898994,-24.922768,14.302105,-17.386293,-4.7602887,-20.156815,-7.71653,-13.682997
LV,e,16,ADS,129.05154879591515,79.96155749191303,-337.08734,73.73226,-12.253027,8.636097,-28.051369,-17.91857,-34.435562,4.161241,-11.258318,3.0308032,-1.3512663,5.487026,16.675724
LV,e,16,ADS,130.19637324982642,72.69232499263012,-363.18115,58.195312,-19.184996,35.43021,-28.767368,-28.010939,-45.01374,-1.3955536,-11.872106,1.7783519,11.076609,-4.669919,1.1408765
LV,i,16,ADS,133.94909548239303,107.58464098913123,-352.52713,78.85954,-43.719254,51.121727,-37.175854,-22.288473,-25.52847,3.4844298,-17.876995,-18.15982,8.6772175,4.2093296,8.137333
LV,e,16,ADS,144.67398812058445,109.03848748898781,-381.59216,57.26266,-12.484218,55.32312,-45.27807,-19.697605,0.9033882,-5.5905986,-23.975883,-17.739342,-22.923767,14.974276,-20.50105
LV,æ,16,ADS,144.93931510680767,200.63081697972507,-349.53372,72.03349,-45.81728,15.615706,-20.848959,-7.143877,-25.241314,0.13425303,-10.353823,-9.171316,-34.92227,-3.6093335,-23.212156
LV,i,16,ADS,145.9911654313797,72.69232499265854,-332.71103,23.776287,-25.124176,44.47166,-25.985455,-39.315422,-15.955356,-10.697475,-23.443537,-31.33164,-17.86989,19.844963,-7.1027937
LV,e,16,ADS,146.2710308826014,97.40771549016358,-376.75723,9.409901,22.845707,10.212193,-18.523369,-5.424288,-10.494973,14.094448,-30.112959,0.8807312,-12.714575,19.113111,-15.857708
LV,e,16,ADS,147.5862511816727,100.31540848984832,-359.96295,15.7726345,-12.462787,51.30063,-18.03737,-28.435602,-48.275352,-13.457596,-16.870163,-0.9269066,9.578166,-1.5215077,-0.16093886
LV,o,16,ADS,147.99914358763098,47.97693449512508,-340.33173,96.2117,-34.89667,-32.699184,-65.65554,-18.508211,-11.89307,-22.872421,-6.0232835,-5.2148304,-22.727255,-23.342884,-15.122874
LV,a,16,ADS,148.10385274991026,75.6000179923717,-246.17505,88.131516,-107.18439,-18.762226,-37.104115,-28.194275,-28.879993,-23.649317,5.5690727,-6.8095703,-4.5632744,-0.9650409,-8.261129
LV,i,16,ADS,148.86276062283355,133.75387798649285,-350.7904,24.861849,-34.113327,14.459612,-22.165916,-18.082216,-41.646606,-7.913741,-25.052662,2.7140105,-5.803267,7.489939,-8.477767
LV,i,16,ADS,151.151163625371,47.9769344951535,-336.02667,27.008139,-20.780313,50.35222,-2.9980793,-22.271225,-42.103245,-5.205269,-22.024363,-10.044939,0.13896388,-4.7476907,6.6094894
LV,u,16,ADS,151.43684446259212,40.70770199587059,-357.44662,67.55294,-45.9356,-15.232494,-25.920506,3.930194,-6.9314857,-28.11108,-5.7839866,-6.0438623,-2.8334394,-14.225615,-5.9542813
LV,a,16,ADS,152.79867571312104,84.32309699148277,-340.59247,92.14125,-90.94928,-18.565187,-15.936452,-4.810002,13.625582,-12.06576,4.406266,-0.14612138,-48.140404,2.5597925,-19.418917
LV,a,16,ADS,153.74476251386466,91.59232949076568,-279.34592,111.77454,-77.84048,-37.24377,-27.187742,-26.473461,-9.31422,-14.100521,-0.37516612,19.632492,-16.00292,-4.7528877,-28.248652
LV,e,16,ADS,155.1347838610269,126.48464548720995,-331.03683,83.80229,-27.387054,35.71251,-36.67708,-17.855623,-43.60392,2.5368962,0.39388704,-14.405146,-20.157309,-14.437355,-1.6836638
LV,e,16,ADS,157.60808895943302,84.32309699148277,-374.57593,72.67837,-22.897736,56.53813,-46.09832,-15.500983,-30.524807,-24.183079,-18.48809,-13.06218,0.05049205,-7.925153,5.6247377
LV,a,16,ADS,157.81962362516165,79.96155749191303,-330.09985,83.48426,-44.21865,14.226391,-36.274357,5.2481437,-48.531765,-6.927813,2.8661098,2.583683,-10.597187,-1.6760514,-5.571065
LV,u,16,ADS,158.79290239082962,61.06155299383431,-450.64368,108.72239,-25.451694,18.329672,-8.378114,-7.1161666,-25.738632,-21.972462,-33.289913,-2.788271,-4.0744557,-4.695717,-11.117638
LV,e,16,ADS,159.67953319645366,69.78463199294538,-399.7843,60.574768,-6.5919714,46.557415,-26.614452,-18.13836,-18.296825,-12.537908,-47.29401,-19.787014,-7.1195173,1.3553565,-6.3820896
LV,e,16,ADS,164.57291808590742,113.40002698855756,-387.30145,74.411545,-15.399035,55.413567,-31.216328,-31.3129,-26.289726,-3.9760573,-20.360409,-12.918437,-24.80539,1.2961233,-1.5556371
LV,a,16,ADS,176.90071690321605,97.40771549016358,-374.21683,101.66681,-39.68876,6.6736174,-14.375677,15.246819,-15.625685,-2.633738,-15.251507,8.39767,-30.367737,-9.927019,-7.324015
LV,e,16,ADS,177.33359588951154,154.10772898439973,-447.3361,57.653088,35.530632,44.644722,-21.469059,-8.749214,-19.551355,2.6503563,-58.7964,-6.0185194,-18.979713,-25.382113,-16.736923
LV,a,16,ADS,182.1959626540552,66.87693899323222,-374.1808,100.56701,-36.66536,-15.08354,-31.04142,-2.246663,-13.876862,17.558224,-1.8342005,29.675474,-9.08775,-11.408954,-15.56859
LV,e,16,ADS,186.4893880887432,69.78463199288854,-415.07962,52.219635,-15.319042,80.01726,-5.0281525,-12.968331,-25.779873,-3.5760045,-31.092693,-19.168137,-7.384979,4.644371,-8.620753
LV,a,16,ADS,189.975529231062,177.3692729820766,-301.11893,99.182846,-83.67749,-2.161707,-20.4959,0.39315194,-20.55808,-14.517956,-21.844704,-20.183481,-24.226131,-13.032429,4.978886
LV,a,16,ADS,190.9972242485373,94.50002249039358,-375.6204,74.174065,-62.236385,-16.60931,-24.362366,-19.891182,-21.965858,24.240467,-25.83271,2.6655946,12.323561,-7.1789966,-16.959087
LV,a,16,ADS,193.2831746921981,88.68463649110936,-333.82745,91.42032,-82.35928,11.841957,-24.11756,4.3343687,-30.95087,8.238835,-12.474602,12.348875,9.478165,-21.949474,5.685565
LV,a,16,ADS,194.9073854035892,107.58464098913123,-362.42587,77.27643,-30.536522,-11.890991,-24.66903,2.0549235,-19.994858,-1.5051453,-9.850791,10.946393,-30.058487,-19.141205,-17.164291
MA,e,23,ADS,1.6739587000667182,50.60946864409787,-287.93277,44.90936,-14.4497795,9.678634,-18.655975,1.4120334,-30.772667,4.3469706,-12.44158,-5.1568565,0.066516384,-3.3046901,-12.239663
MA,e,23,ADS,3.05092817965834,57.638561511333734,-311.81793,41.27668,-13.084173,4.4345093,-40.56469,4.8274117,-30.168444,-0.38639623,-22.336254,-10.882524,-14.086258,-8.663815,-15.649056
MA,a,23,ADS,3.928616558275661,92.78402584751255,-291.083,96.329056,-105.48888,-2.0045578,-92.059654,42.8155,9.968687,-2.713083,-4.178787,-0.4386568,22.302784,-13.393004,-7.297632
MA,a,23,ADS,4.7772544950318006,52.01528721754478,-273.19394,69.93309,-66.3358,73.54144,-66.89102,-11.537913,-33.341812,-7.8300614,-2.6218214,-40.18379,-9.012272,-28.15076,-21.41396
MA,o,23,ADS,5.1792431175176645,88.56657012717139,-376.20084,135.83438,-19.195621,-23.669464,-51.53428,14.496445,-1.5428636,-1.4309938,-21.864601,1.7416279,1.1459852,2.1523793,-20.766457
MA,a,23,ADS,7.0311496081389535,57.638561511333286,-237.4543,54.83476,-92.50413,0.49835336,-51.853333,7.2673745,-14.860788,18.123512,-7.708432,15.326557,-17.50896,0.30116552,-28.732838
MA,i,23,ADS,8.342712273615312,74.5083843926988,-390.35312,95.82573,4.525236,74.09262,-23.881313,-7.3466225,12.912855,-10.638293,-20.884808,-17.540115,-15.0260725,-11.2393875,-39.14375
MA,a,23,ADS,8.808741130713047,98.40730014130017,-249.2427,57.24002,-55.732224,-4.9409456,-46.540985,13.031435,-27.704506,-9.052762,-1.6667336,12.128566,-29.002632,-0.8439337,-6.87554
MA,e,23,ADS,10.339210501561238,46.392012923757164,-314.39813,60.298798,-35.08971,71.69544,-52.85218,-14.265583,-25.307209,-6.304633,-18.994064,-17.953821,-0.41822505,-7.2572994,-7.9835324
MA,e,23,ADS,14.939978169968548,53.42110579099213,-339.64703,31.513508,17.659863,70.6425,-15.456599,-20.975128,-31.321709,7.055252,-50.115,-2.7845883,-23.132874,-13.956533,-16.321415
MA,a,23,ADS,20.50360890093694,192.59714456226007,-249.73592,84.77513,-102.05133,24.554379,-42.40262,10.613384,-19.359842,-14.508602,-13.238659,-20.568851,6.697955,-17.68728,-1.4342852
MA,e,23,ADS,23.48530288360888,251.64152464703804,-447.00815,60.902878,-22.439556,64.48737,-44.0568,-2.570615,-19.344296,-20.638962,-54.589447,-25.092485,-7.6150227,-3.9674048,0.41998523
MA,a,23,ADS,26.11998141377468,67.47929152546561,-221.80322,72.79605,-83.61807,-37.01275,-43.78129,-3.7964358,2.6937275,-10.913208,-26.712017,30.476973,-27.728334,-3.5188553,-24.486664
MA,a,23,ADS,30.1258330791432,52.01528721754656,-271.55905,107.10865,-85.31137,-28.918427,-59.04643,29.128437,8.656115,7.867258,-23.113987,0.7173201,-18.328857,-23.878685,-23.55498
MA,a,23,ADS,30.50188954754032,61.85601723167622,-311.13113,77.35382,-26.690426,-38.13951,-63.220863,13.180541,-17.400558,11.616358,-17.329613,-0.5817659,-14.274625,-7.726552,-20.044924
MA,i,23,ADS,31.154585624280983,89.97238870061963,-424.61865,55.027428,29.095852,52.300377,-36.35836,12.694349,-1.3316045,-20.332386,-19.576889,-25.257614,-24.036308,-16.847225,-26.20717
MA,æ,23,ADS,34.177194591198194,66.07347295201293,-313.7906,79.19124,4.22606,14.188633,-10.609311,-28.253853,-42.79128,10.519201,-20.847939,1.9553876,-31.316307,-9.023523,-26.454918
MA,i,23,ADS,36.28557436687761,57.61762093303702,-325.8827,22.098412,8.976335,55.71861,-57.128128,-8.74003,-10.79594,-17.997066,-20.074736,0.8508314,-25.296734,-19.82898,-41.444786
MA,o,23,ADS,38.21211085782282,111.05966730232097,-319.28305,103.480225,6.0301027,-28.261604,-58.546684,-3.1123157,-13.210259,-1.6553814,-22.737997,-10.021557,-23.17969,-9.258463,-21.352798
MA,i,23,ADS,39.86925014589656,66.07347295201293,-345.63998,73.11769,-5.4954214,55.081413,-37.390903,-30.627125,-9.765377,-26.50851,-35.477676,-26.685677,-15.446606,4.1131253,-36.23028
MA,æ,23,ADS,40.052006560444696,141.9876759181662,-351.2381,86.03557,-35.95064,15.070499,-20.82177,-12.680405,-36.70406,15.435041,4.151155,-1.6663713,-4.9690523,2.2997735,-12.472714
MA,e,23,ADS,45.01051731103425,54.826924364441254,-281.00885,58.305912,-51.89418,46.584,-53.939632,-16.846718,-45.90417,-26.002605,-18.806694,-9.385659,-15.3445015,-18.564402,-17.43938
MA,u,23,ADS,49.92024898900421,71.69674724580943,-387.937,102.36024,-0.6739556,-8.101617,-60.787163,12.53206,-3.550251,-8.703663,-34.77175,-15.389261,-19.933256,-1.971669,-10.210762
MA,i,23,ADS,50.76658478155467,59.04438008477797,-420.47235,76.10296,4.8177366,53.14254,-28.339455,-15.65892,-4.475991,-0.3895805,-30.92675,-3.4318883,-26.468178,-22.222473,-15.686823
MA,e,23,ADS,61.67952966713605,42.174557203416896,-387.281,92.757034,-22.161263,64.988304,-25.727451,-6.9141417,-19.696835,2.7510054,-24.020483,-33.555702,-2.9372592,-23.41645,-21.019615
MA,i,23,ADS,62.33051800810246,50.60946864410454,-393.6614,53.022644,-6.0774536,53.910522,-39.019794,-32.016262,-6.0981207,-7.1451373,-37.25002,-11.533944,-2.1115284,0.48766017,-14.553071
MA,e,23,ADS,66.82320747733476,131.6846236929763,-284.95016,48.03105,-19.140053,54.321686,-50.773388,-45.405655,-33.12823,13.10015,-22.387886,-17.465172,-6.1120443,-0.20699596,-12.324853
MA,a,23,ADS,67.28830226404024,56.23274293787972,-296.49533,91.00383,-117.15567,43.760635,-32.2302,14.423107,-14.462735,-5.121604,5.1601176,-31.016571,-4.306759,-13.379815,-9.822877
MA,a,23,ADS,69.74988111929673,168.69822881365337,-290.2115,112.0345,-110.87035,-0.12728095,-64.18705,-5.428282,-20.656912,-35.27385,-6.8695664,-7.110322,-21.953253,-26.562023,-22.167725
MA,i,23,ADS,74.28748602678405,115.2771230226648,-385.33728,72.46626,-35.646523,25.8628,-25.922646,-10.603642,-34.377625,-8.82762,-19.13734,-11.477561,-11.585164,1.061332,-8.440502
MA,a,23,ADS,77.96040401074606,49.20365007063765,-277.44955,79.259415,-9.389076,15.154045,-49.4833,-10.78569,-39.905754,-4.1950455,-19.164066,3.601091,-13.271797,0.9783627,-19.920347
MA,e,23,ADS,78.12980514884644,44.986194350315145,-308.9483,75.521996,-16.022543,63.582714,-21.683346,-18.258709,-30.168776,-1.2901747,-42.243332,-16.661686,-12.2114,-20.631714,-29.899956
MA,æ,23,ADS,78.6896464436443,172.9156845339901,-375.1759,101.86778,-42.43443,9.603561,-41.63472,-9.275797,-23.086864,19.242113,-8.505814,3.5881414,-23.40525,-16.124474,-5.000452
MA,i,23,ADS,79.71442212013747,54.82692436443415,-379.54037,3.4760118,40.02475,54.127377,-8.304552,3.376965,-16.636724,4.9379406,-48.97242,-1.8702512,-22.21688,-7.914178,-10.720394
MA,æ,23,ADS,82.12074004760831,130.7411273305803,-300.5669,45.21276,-31.745861,12.713179,-36.683517,-24.082623,-14.487292,17.021215,-7.7212324,-3.429523,-20.73613,-23.601246,-25.539639
MA,æ,23,ADS,91.96993316933111,88.56657012717051,-348.26874,95.73878,-13.693355,46.984642,-17.424362,-23.50839,-19.051796,-15.927853,2.7093818,-14.787811,-32.712006,-19.025108,-24.89846
MA,e,23,ADS,94.0039875066742,61.85601723167622,-421.17862,83.04642,-11.373798,60.30767,-11.159109,-28.348671,-23.79607,-0.84271026,-41.87071,-17.780058,-16.106907,-12.718142,-19.796574
MA,a,23,ADS,136.37665613753873,80.13165868646865,-244.09554,84.125656,-99.763626,10.543994,-45.964077,-8.672276,-24.853027,8.235472,4.5781817,8.847753,-3.382513,-17.251093,-1.4814608
MA,a,23,ADS,138.32582828216871,184.16223312158309,-288.31583,82.46582,-105.41275,8.13268,-69.25266,38.508026,-23.978134,-7.7443614,7.951299,17.075039,-12.989268,-16.418842,-11.713467
MA,a,23,ADS,142.11815592938348,53.421105791017,-257.0489,105.77184,-84.43648,43.29847,-44.842327,-4.6282077,-23.06723,10.079116,15.648576,-8.087189,3.383771,-20.725952,8.502958
MA,a,23,ADS,158.7315063656138,89.97238870063029,-310.7737,111.132576,-117.92107,2.37578,-75.58261,24.73066,-21.799747,-3.9481256,6.948617,2.2248344,0.031213045,-38.268093,-5.2560835
MA,a,23,ADS,174.506663429504,88.56657012717051,-322.25598,101.91966,-45.215637,-10.747641,-13.1938095,9.948297,-21.154272,9.152748,-3.8369126,4.0927124,-18.253555,-28.01748,-14.3771
MA,e,23,ADS,179.77486468430817,56.23274293787972,-314.12744,30.058268,11.2046585,61.004776,-29.705528,-9.848205,-25.160892,10.119253,-37.460125,-17.763805,-4.623115,-8.43429,-29.697659
MA,i,23,ADS,182.74979847997844,94.18984442100964,-421.8837,26.809494,18.363289,71.727585,-8.176093,-7.5165615,-19.415949,10.85332,-38.18431,3.858478,-20.819775,-26.083755,-25.535591
MA,a,23,ADS,185.01617612926617,178.53895882782922,-447.09692,61.620224,-58.25511,-26.608942,-12.248433,8.441683,-14.621706,7.468118,-10.17449,21.090475,-33.44414,5.909567,-12.899086
MA,a,23,ADS,187.6101425175024,101.21893728819487,-313.78204,70.287605,-66.794075,70.566345,-72.030594,-15.926968,-34.24635,12.221802,2.8410015,-20.813011,6.5321097,-14.9472885,0.9112096
MA,e,23,ADS,188.107099383216,54.826924364391516,-374.53482,45.703514,9.236519,36.835308,-11.451818,-23.692137,-30.312256,-12.384781,-26.497513,-8.567785,-26.040882,-10.418465,-31.667116
MA,e,23,ADS,202.0050829669229,56.23274293787972,-369.16782,19.035118,33.499737,63.749023,-24.43799,-5.0911665,-29.86839,-2.3670723,-26.817217,-26.908306,-22.059113,-12.192179,-15.192935
MA,e,23,ADS,204.22591775818904,56.2327429378513,-448.4255,76.69504,16.905022,75.942474,-36.155853,4.9102716,10.021794,-9.185213,-28.368498,-20.360435,-16.432974,-25.447933,-18.11233
MA,i,23,ADS,211.00832712878625,66.07347295198451,-430.8328,68.7704,10.5069065,46.181396,-20.857666,-6.223345,-40.713387,-16.941645,-24.646341,0.8163197,-20.27462,-8.507506,-14.684615
MA,e,23,ADS,216.4597565463197,75.91420296611773,-328.46564,4.9358892,7.15281,46.11058,-41.72441,-26.479036,-24.736,-19.157007,-48.177437,-17.229237,-27.624466,2.120875,-4.841443
MA,e,23,ADS,217.4802440109973,77.32002153957751,-399.78775,86.04255,12.244606,56.93608,-43.007694,4.402318,-17.597198,-6.8555803,-46.24923,-17.879604,-1.5994233,-5.2836585,-22.384201
MA,e,23,ADS,222.77491523162112,63.26183580512179,-326.80502,63.941715,-40.508682,107.814064,-58.55719,-20.52824,-24.775913,-31.778477,-37.091015,-43.38588,27.639393,-37.689632,-8.511039
MA,e,23,ADS,224.03469377098548,59.04438008474244,-328.75052,42.17753,-32.000473,88.336105,-40.43519,-16.684895,-7.4105415,-39.053467,-2.847322,-42.62143,17.885403,-44.747185,-12.040962
MA,e,23,ADS,224.80551635265573,75.91420296614615,-365.35858,-10.160265,45.523514,0.6830504,-5.3512535,-1.2741886,-36.10167,-0.46331444,-31.092005,7.7791247,-9.859474,4.4956484,-18.293064
MA,a,23,ADS,227.96679186540308,130.7411273305945,-268.71146,70.91351,-89.29854,-6.3367476,-41.583607,28.290157,-14.08349,-10.828403,-12.23959,-5.4311857,-34.652542,-14.474681,-19.660189
MA,i,23,ADS,231.8048086162549,108.24803015546536,-375.8792,56.709255,12.682729,59.009285,-35.47244,-6.7506905,-26.798134,-16.879799,-45.12194,-9.046839,-20.723267,-23.055744,-14.312241
MA,i,23,ADS,232.43615324195312,63.26183580512179,-326.86243,63.949104,-24.71067,82.91052,-72.34366,-28.056221,7.475192,-36.225647,-11.40889,-24.112255,15.81036,-28.858797,-17.301338
MA,e,23,ADS,236.7317120343072,130.7411273305945,-375.82574,86.89329,-26.613142,51.389366,-33.017536,-22.08813,-4.2561994,-16.828783,-22.448826,-26.71199,-5.43504,-30.528154,-27.265701
MA,e,23,ADS,238.80222331309963,50.60946864409743,-429.90503,67.35341,-9.985853,73.679634,-12.613613,-0.5029373,-27.076735,-14.051926,-37.37283,-10.182162,-13.687653,-19.006338,-23.848293
MA,i,23,ADS,245.91573596907904,172.9156845339901,-374.76218,84.81005,-6.471428,87.41991,-34.219833,-34.273853,-6.473277,-11.003892,-23.352528,-34.6257,12.689312,-34.69761,-14.38909
ME,e,12,ADS,0.8861851445329537,75.22916494519627,-255.68254,156.45476,-17.699615,10.377391,-24.825281,-2.8294578,-34.665554,-2.3479147,-11.97069,0.27456385,-23.434319,2.261839,7.701853
ME,a,12,ADS,1.8098757375991232,92.83599078343352,-337.81604,182.86832,12.898573,34.768456,-14.980135,2.2726831,-25.401491,7.4675207,-1.0416162,-13.545262,-5.653077,-1.4251397,-8.751209
ME,i,12,ADS,4.929152697983264,91.23537025268558,-229.18054,112.6335,-45.54126,73.93736,-50.160667,-14.932771,-43.20179,4.060639,-17.963634,-4.5224767,5.716921,8.412123,5.6459775
ME,a,12,ADS,5.118826230877005,48.01861592246581,-214.61348,120.32181,-95.81308,46.817146,-6.423868,-0.77673495,-18.947327,9.079565,-9.777592,-17.194176,-28.642845,0.29324126,-5.7272577
ME,i,12,ADS,6.679546598163098,67.22606229145268,-296.4633,141.65918,47.86135,51.05264,-23.792349,-27.735634,-18.674686,11.118373,-31.19094,-4.1125417,-15.524339,-6.3105545,-17.285538
ME,i,12,ADS,7.119796772213479,100.83909343717856,-295.92697,145.11708,25.364851,68.28103,-34.782654,-11.824994,-14.081503,-4.0097437,-35.25899,-18.073725,-12.247188,-18.74962,-5.127777
ME,i,12,ADS,13.791441781026716,49.619236453215976,-203.12712,134.02429,-13.751935,37.67547,-35.862286,-9.118484,-18.24746,1.8638806,-21.643326,3.1877391,-8.195669,12.970383,-16.372473
ME,a,12,ADS,14.175600020753135,107.24157556017211,-222.38235,126.27751,-53.287865,39.377857,1.7536016,4.6651373,-17.717655,27.136543,17.33551,7.0007577,-14.094532,7.9931464,8.002258
ME,i,12,ADS,14.735817206515238,59.22295963770807,-268.52255,162.95049,-29.528044,51.61139,-27.673885,-7.8924913,-46.184708,6.754223,-16.142834,-35.24864,-13.004886,-10.293137,-5.7325683
ME,e,12,ADS,15.087839801149292,54.421098045461136,-275.56024,142.88077,-39.31269,46.867283,-36.899445,-26.207293,-27.298958,18.795277,-30.638977,1.0383044,5.7637334,-17.261606,-20.155758
ME,æ,12,ADS,15.331934432088495,100.83909343717856,-247.1555,109.87926,-54.60856,66.4478,-40.103985,-31.282967,-55.056892,4.6428666,-31.183212,-14.378443,10.715551,-3.8946803,1.7822053
ME,e,12,ADS,17.649564172540348,88.03412919118614,-351.70218,142.19312,-14.311305,60.15342,-14.549372,-8.939176,-32.98887,10.366438,-12.812375,2.3610277,-7.2279296,-0.73795795,-2.976499
ME,i,12,ADS,20.869953204681263,78.43040600669582,-247.38542,108.09112,-2.568678,16.586786,3.4176326,-34.06487,-41.816544,-9.512735,-21.314774,-23.418808,-28.397255,-2.3070407,-6.743284
ME,e,12,ADS,22.29538531540757,46.417995391717426,-303.05493,151.21457,12.18202,24.070293,-2.2606578,-17.51115,-29.717384,1.0412608,0.4954946,-14.09282,-22.499472,-17.338465,1.0857449
ME,e,12,ADS,24.663504818325773,65.62544176070162,-213.0813,118.44568,-10.87291,33.550602,-10.972398,-17.97082,-39.312805,-1.677784,-15.850637,9.838583,-7.992757,6.003569,-2.7824786
ME,a,12,ADS,24.87558703865,73.6285444144471,-316.30304,172.09618,-3.837348,16.61168,-13.730929,-8.019934,-31.501774,-9.142353,-3.9110968,-6.594574,-11.264608,-10.214039,-9.758123
ME,u,12,ADS,25.09274409888605,76.82978547594743,-239.61209,161.41815,-31.476248,5.653098,-34.329903,11.254652,-15.8993435,-11.041871,-33.97428,3.3863018,22.268433,5.075155,-14.90407
ME,e,12,ADS,25.292821665229667,51.219856983962586,-304.49182,152.80167,-40.690247,26.968082,-7.956007,-10.577089,-26.780418,-6.669878,-8.911814,-7.547632,-8.175396,-5.787881,-8.660389
ME,a,12,ADS,25.591337394214328,75.22916494519549,-261.95328,162.75272,-59.428886,3.7835267,-16.317348,-16.025093,-43.57416,7.0494184,3.7199292,-4.819329,-9.603031,-7.2098126,-4.0253973
ME,e,12,ADS,26.813446991152595,52.82047751470742,-271.08325,203.72348,-23.628628,27.55524,-12.247412,-10.964287,-29.32771,-8.118181,-15.489887,-4.5807757,-6.442679,-17.01933,-9.533015
ME,i,12,ADS,27.027129832007567,80.0310265374442,-276.82385,165.37178,-4.6504273,53.887924,-23.588451,-29.568546,-20.446594,1.6862013,-7.052681,-7.907436,-11.537236,-7.57446,-16.977242
ME,e,12,ADS,28.479614863242976,110.44281662167421,-282.30823,147.5104,-1.6557605,23.56704,-3.8277793,-26.876354,-6.4863915,4.21071,-6.0839624,-19.005613,-11.572594,-1.6312674,-18.060629
ME,e,12,ADS,29.901354222673508,48.01861592246581,-313.85464,157.8027,-0.77513874,44.873955,-22.000797,-19.306334,-35.229042,0.6949061,-15.271984,3.553839,-18.586464,9.981121,-1.025595
ME,u,12,ADS,31.18391769634807,126.44902192916874,-357.875,185.50807,43.083157,17.204014,3.886745,-5.917441,-11.348641,7.565862,-23.663448,-17.167053,-10.958796,-1.8285143,-18.321991
ME,a,12,ADS,31.45537262015221,86.43350866043775,-234.667,175.79553,-20.062155,15.148796,16.92213,28.175983,-3.7294803,-1.7538843,-7.8026543,14.426104,-3.6712685,1.5979934,-1.7726946
ME,a,12,ADS,33.76157805729888,65.62544176070872,-236.23932,149.84464,9.291864,4.4032702,-8.68734,5.6097736,-21.474152,0.22838092,-2.8018217,24.369654,-6.5731063,4.8264284,-2.9830344
ME,e,12,ADS,35.061607925316174,89.63474972193808,-300.91934,55.042244,76.73471,32.031708,41.99092,-5.1649413,-17.548822,32.88934,-37.38983,-9.033651,-28.14904,-1.2604719,-24.894798
ME,e,12,ADS,35.47775206629275,81.63164706819259,-266.11652,152.95992,9.256256,52.320473,-21.188717,-24.640324,-36.868855,13.513365,-26.404062,-3.2709005,-10.569328,-9.771752,0.419717
ME,e,12,ADS,35.64181567069451,92.83599078343485,-321.46844,137.48517,24.83707,40.932156,-2.390997,1.4574994,-26.722275,16.74564,-29.247635,2.0170798,-25.595737,10.977555,1.1903663
ME,a,12,ADS,39.15652543026808,83.23226759893743,-249.02005,176.90721,-37.162678,11.018772,-15.403915,-34.98318,-36.216408,3.1319425,14.088392,-13.844538,-22.48653,1.3197725,-3.9821525
ME,e,12,ADS,39.54227497817856,73.62854441445421,-249.40208,143.10657,-1.598224,59.542095,-50.684917,-8.325241,-33.177483,7.6422205,-19.993519,-9.050146,-25.361595,-8.60737,-20.029953
ME,e,12,ADS,40.30352909673853,75.22916494519905,-320.93637,111.23778,89.652466,1.3527315,6.217677,-21.631523,-46.386475,21.775997,-37.957478,-15.099516,-40.237747,9.902266,-8.798689
ME,a,12,ADS,40.50920883493976,73.62854441445421,-409.86575,169.52573,43.30463,44.96517,2.135754,-9.095306,-31.688236,-4.6363535,9.269768,-0.15044284,-15.904015,4.8496647,11.369368
ME,a,12,ADS,41.052619505129,97.63785237568356,-293.5117,181.85791,-18.4202,4.4565516,-28.348381,7.19862,-43.78202,-10.888198,-30.127192,13.604464,10.09565,-23.555141,-13.11529
ME,æ,12,ADS,43.19941345562394,88.03412919118614,-377.83755,185.07263,40.19464,24.70887,-10.846688,-18.803957,-41.656166,-11.710791,-13.556114,-6.4780674,-39.33147,7.0284624,18.93348
ME,e,12,ADS,44.21762018809874,75.22916494519905,-318.7485,161.849,9.371637,20.51442,-26.987886,-15.050299,-35.15719,-1.6391876,-22.33329,-2.1253395,-18.292992,2.4605784,-9.264788
ME,i,12,ADS,44.37928286170438,78.43040600669582,-329.99728,188.20206,15.415073,21.611721,-27.74897,-12.409963,-29.070034,-0.83927166,-2.2150843,-4.7357163,-11.920494,-3.5490706,-10.783184
ME,e,12,ADS,44.50653219389892,76.82978547594388,-323.12466,202.05269,18.295605,11.416338,0.2296443,-4.706266,-24.513239,-3.4127805,-4.9796762,0.04770255,-20.98296,0.95012385,0.8459152
ME,o,12,ADS,45.0178430407073,88.03412919117903,-329.0708,203.84201,35.78075,15.867284,-31.329235,-19.677303,-0.7564959,15.865892,-11.184774,-2.0741618,-16.087034,-1.8956215,-2.066022
ME,a,12,ADS,47.33132148599007,134.45212458290712,-292.2693,127.003494,2.7543163,27.148422,-10.63047,13.943369,-7.472909,10.9031315,-26.3806,-3.901008,-23.93058,-2.6983037,-13.880455
ME,a,12,ADS,49.189176921320026,131.25088352141034,-310.0957,180.04382,-95.69568,-4.1305485,-36.9871,6.557767,8.607969,7.5042696,7.2890825,-2.7925801,-23.430805,-27.431686,-12.824602
ME,a,12,ADS,49.373248282356144,89.63474972193808,-318.6337,212.87126,-67.0833,-17.236805,-34.89462,-0.3790753,-18.37938,-4.0497527,21.949987,18.966175,-12.9327755,-39.661133,-3.5254948
ME,e,12,ADS,55.240018320810776,57.62233910696324,-321.9918,169.93127,26.09479,3.01008,-10.029144,-19.197273,-43.5268,-4.9822364,-13.080124,-0.14699298,-20.55381,-17.5023,-3.9373586
ME,e,12,ADS,55.43369340503139,51.21985698396969,-346.3369,105.221375,41.71237,28.150478,3.6584558,-15.084295,-28.319057,4.502829,-16.827482,5.9092264,-22.148857,4.6311793,-8.307745
ME,i,12,ADS,55.92004488977096,73.62854441445421,-307.55444,121.06915,43.0939,29.819633,6.5343933,-33.551468,-23.77167,10.192705,-42.36831,-15.252979,-26.447906,-9.894628,-12.515818
ME,a,12,ADS,56.37089254749637,102.43971396792517,-238.06248,151.02997,-74.588806,-8.545947,-5.0946674,19.758972,-8.591211,5.205333,-8.921843,-0.11676788,-40.405136,-13.996174,-9.187674
ME,a,12,ADS,56.54055832375575,54.42109804545936,-275.50372,163.776,-27.257593,18.542805,-16.030125,-5.3427343,-24.569405,-5.451312,-16.122543,3.3539093,-17.014936,1.1746534,-6.564681
ME,e,12,ADS,58.82888395674459,118.44591927541614,-283.8849,146.03497,-4.513619,39.996185,-7.971178,-16.157799,-31.88664,9.238125,-15.38452,-7.2355337,-22.514542,3.43256,5.6631284
ME,a,12,ADS,60.08436942822051,76.82978547594388,-210.93292,149.06985,-69.305084,16.723942,-16.997322,11.16694,-16.660269,27.361492,8.43812,-9.111966,-14.295811,-13.712913,-9.431702
ME,a,12,ADS,60.21802124253804,72.02792388370938,-308.6597,136.82191,-22.03221,-0.04331237,-0.959397,20.150673,-9.049856,21.049088,-1.3880241,13.640636,-33.262177,-21.91264,-19.422628
ME,e,12,ADS,61.99844003235185,64.02482122995679,-298.29767,148.2152,9.152963,48.69581,-32.07055,5.615588,-47.3901,-15.15909,-5.2709455,-2.366242,-24.44595,-5.5662384,-1.4018927
ME,æ,12,ADS,62.6902778050675,59.22295963770807,-348.555,144.39401,56.864803,19.733936,-32.78756,9.92449,-27.089075,9.381099,-6.3801947,8.351646,-21.91209,9.616721,-0.7428541
ME,u,12,ADS,67.11664699436182,86.43350866044841,-346.07837,184.76065,36.48021,8.24748,-6.4054375,-2.0875487,-18.259083,-12.025518,-24.846317,-23.446722,9.44179,-14.358336,-2.482891
ME,æ,12,ADS,68.18274910828167,72.02792388369517,-319.56375,180.68584,12.723688,42.579834,-5.930067,4.2362294,-20.324986,3.7946134,-14.096676,-6.981121,-22.695503,-13.3913765,-0.81049275
ME,a,12,ADS,71.87173305548173,75.22916494519905,-311.991,169.76794,-10.600126,43.590416,-6.8955564,-9.019264,-31.457306,5.064987,-9.272116,-5.2593613,-6.0041485,-9.674335,0.5220173
ME,æ,12,ADS,72.24307701861548,142.4552272366526,-215.51796,130.51067,-79.74469,20.440311,-17.357964,12.367966,-23.438267,40.79818,-0.4004221,5.116437,-19.291714,-27.256144,1.7268466
ME,o,12,ADS,73.05811886581587,118.44591927541614,-338.99722,184.64474,36.95595,-7.4671907,-52.422623,-12.701837,-10.264345,9.961068,-16.081802,-16.26188,-17.759012,1.2784274,-3.6068401
ME,æ,12,ADS,75.31568951465314,73.6285444144471,-248.93181,137.39441,10.150194,37.26207,-10.760693,-18.236794,-34.199062,27.32394,-19.251713,5.632347,-2.4825222,2.8440628,10.634517
ME,a,12,ADS,78.25720087101163,68.8266828222055,-238.21233,177.77368,-33.11765,32.98192,-6.340878,-18.236021,-26.130875,2.595174,3.0606663,3.3862407,-18.297695,9.474509,4.0183673
ME,a,12,ADS,79.57384380437665,104.04033449867711,-287.40643,110.82761,44.54223,-0.96457297,9.565169,3.9549754,-27.283611,11.677524,-12.020198,17.71222,-26.991575,10.008844,-2.651859
ME,a,12,ADS,81.74994186233462,49.61923645321065,-226.11249,197.05753,-56.18567,-4.865909,-12.172857,-4.1408935,3.7376685,11.4945965,-7.434683,-1.0326086,-17.044113,-12.939894,-19.075634
ME,i,12,ADS,85.5785932055249,67.22606229145356,-276.3424,103.04619,-8.595135,46.663227,-53.566936,-13.318184,-45.530884,0.16828758,-33.53057,3.2354286,-8.919665,-23.214283,-10.312296
ME,e,12,ADS,88.09638225639455,46.39493873894196,-313.5139,151.23373,33.171448,12.198863,4.526562,-15.3546505,-32.051674,7.25305,-20.151566,-0.8358018,-25.712452,-17.1261,-7.178317
ME,a,12,ADS,88.68219784232224,43.2167543302171,-202.59084,137.68147,-66.31368,33.070225,-14.066565,-8.89795,-12.491319,28.355787,-10.016378,-9.068526,-26.960293,-8.998416,-10.955943
ME,a,12,ADS,88.9590177813759,94.43661131417969,-295.32816,152.15265,-28.371962,38.719414,-22.046307,-7.593915,-40.78235,7.6036243,4.0243473,3.0813842,-3.629928,-4.7023606,5.0805535
ME,i,12,ADS,90.24146733291975,81.6316470682068,-277.50937,102.82564,18.500473,38.868793,-20.334747,-33.524315,-32.169422,12.39223,-29.99384,-14.35747,-1.1920674,-19.10534,-10.941275
ME,i,12,ADS,90.992158361841,88.03412919118614,-285.56543,138.03485,5.0456085,42.23818,-35.03622,-22.447966,-48.3228,29.739697,-40.93439,-8.336748,2.0043828,-21.059467,-11.076357
ME,u,12,ADS,91.54300109635524,44.81737486095483,-340.64578,192.87129,27.159689,9.64377,-24.420628,10.828701,-36.33335,4.499572,-22.319885,-8.976222,0.46860194,-17.467981,-0.55778366
ME,a,12,ADS,94.55387577982842,75.22916494519905,-308.5176,158.40794,-11.112613,-4.5543213,8.416002,6.262641,-25.67218,2.4909282,-9.485043,22.681183,-4.9472895,2.2035377,-16.84185
ME,æ,12,ADS,96.70362450243016,110.44281662168487,-285.66232,150.17114,-9.779607,55.135124,-8.825488,-35.337013,-37.16249,1.8847462,-40.509514,4.4854746,3.6062505,-3.5154123,0.9099045
MPS,æ,14,ADS,1.1851760068825523,89.33284271496666,-380.52728,28.588692,22.833328,26.94099,-14.788208,6.3533506,-42.170044,-4.9453497,-24.669014,0.07846618,-8.68515,10.833611,2.5890923
MPS,æ,14,ADS,3.151174919868067,94.43757658439323,-305.0351,99.10956,-49.722397,61.7806,-68.24649,-31.336157,-62.73551,-21.601301,-27.755177,-10.774406,4.286726,-6.338711,19.68206
MPS,e,14,ADS,7.694768493428578,70.19009070461647,-415.4223,70.36246,22.065361,66.81297,-36.04938,-30.128372,-48.64501,-4.679139,-28.382524,-14.244802,-18.160921,-19.38387,-4.4403377
MPS,i,14,ADS,19.190301814832807,44.66642135748344,-356.00052,69.878136,-28.879967,43.393463,-14.146575,-14.852588,-33.543003,-15.900591,-36.359493,-8.68437,-12.552778,-0.3395946,-14.245728
MPS,e,14,ADS,19.86241780442269,40.83787095541069,-359.6307,82.90481,-19.177074,55.394455,-34.612846,-12.421145,-26.400188,-6.8294063,-22.893953,-15.6247635,1.755169,-19.540485,-21.779137
MPS,i,14,ADS,20.080007085607004,65.08535683519057,-440.46115,87.19421,20.385666,75.77879,-51.97966,-16.69256,-42.806194,-13.022011,-19.556389,-14.446962,-10.18088,-14.18341,-5.27135
MPS,u,14,ADS,21.951996632706763,62.5329899004754,-440.82364,142.58105,-6.777155,34.298294,-37.850967,-1.2772799,-3.0263877,-11.987984,-27.553131,-18.381866,-14.499355,-10.193855,7.296916
MPS,o,14,ADS,23.00955434934085,79.12337497611333,-398.03525,115.572495,3.397604,-11.670859,-55.751213,0.68408036,-17.016087,-11.8726225,-25.438293,1.1403645,-15.841406,3.3137727,1.3930622
MPS,e,14,ADS,25.28951129255315,56.15207256369459,-338.30783,41.4439,3.2786484,37.636497,-16.668554,-18.709305,-35.605785,-8.157363,-29.594957,-14.242075,-9.521851,-3.4884377,6.4172735
MPS,i,14,ADS,25.85741293552687,48.49497175955264,-399.89417,76.48988,6.722275,66.98035,-63.521744,-7.5295353,-23.920803,-22.122368,-24.822199,-23.76779,-10.425305,-13.797359,-21.020771
MPS,æ,14,ADS,27.610717420162448,51.04733869427136,-308.37692,45.60247,-4.6634736,9.813722,-45.689964,-46.62265,-48.741707,-14.796199,-32.741753,8.976556,-9.539625,9.791254,0.02728203
MPS,e,14,ADS,31.706370596680763,159.52293341958423,-423.16336,55.369957,19.614136,38.328407,-17.239185,-4.90149,-51.03966,-13.3144245,-45.445793,-6.251652,-18.93048,4.184329,-5.7606344
MPS,i,14,ADS,33.26149413734545,51.04733869426781,-368.68622,79.39763,3.851811,55.116158,-68.83861,10.552626,-20.5233,-8.088324,-11.068773,-39.800785,-9.796073,-15.228441,-27.463665
MPS,a,14,ADS,33.51087659687767,57.428256031045066,-343.72537,105.93973,-10.96151,20.26923,-26.97654,-2.2298057,-56.678555,-33.841297,-15.567636,-14.225538,-24.754063,-4.3280296,-6.5477157
MPS,æ,14,ADS,36.91281713756008,119.96124593152757,-410.3025,85.67377,9.837263,50.538696,-27.757385,-17.421474,-34.381775,-11.027351,-38.86375,-0.29212564,-16.335945,0.77764463,4.400075
MPS,æ,14,ADS,37.04488074216599,125.0659798009508,-445.53,111.39874,14.069281,42.652298,-21.72816,-21.76336,-35.707397,13.096861,-8.709431,-3.8430572,-19.604969,9.461262,-0.31231272
MPS,a,14,ADS,45.23918060847296,103.37086085588965,-343.36844,125.23691,-83.61906,7.8474894,-50.638294,0.97849387,-33.58094,-6.672687,-1.5902827,-3.5416136,-13.621271,-26.37379,6.8556676
MPS,o,14,ADS,58.99644473365288,90.60902618232092,-416.6494,103.15725,15.410921,3.37961,-61.38913,-4.0184026,-11.997036,-19.123737,-31.912466,-15.602761,-22.065323,3.1812434,1.2207549
MPS,a,14,ADS,61.47549923340982,117.4088789968124,-430.63968,109.46312,-39.55387,-8.284398,-30.145182,35.51552,4.1725354,1.8225543,-7.489519,18.212635,-20.587566,-7.515262,-25.579784
MPS,e,14,ADS,63.88254783996014,54.8758890963299,-425.5211,87.88461,-9.95911,52.529644,-27.454802,-16.102615,-43.58085,-13.455506,-41.296043,-16.975054,-24.895073,-27.051613,-14.636996
MPS,e,14,ADS,64.02867084697249,104.64704432324368,-476.85995,84.79586,-29.777115,59.128036,-9.179422,9.715931,-21.745628,-1.1293365,-16.882252,-4.795306,-30.263187,-3.6189344,-9.859772
MPS,æ,14,ADS,67.34338131691051,81.67574191082849,-372.40985,112.22478,-58.69252,40.661842,-41.80052,-17.646103,-43.90098,8.886042,-5.0949574,-12.599727,-12.0823555,-2.0122812,3.397778
MPS,i,14,ADS,72.62897261703147,43.39023789012231,-442.55255,103.87245,22.181932,61.30516,-38.98755,-12.484935,-16.423866,-6.6777873,-26.423012,-7.2860203,-18.785128,0.8184382,-18.027618
MPS,e,14,ADS,73.44765275996929,133.99926407244322,-440.99307,76.61344,-6.464131,58.47812,-21.093086,-7.1790895,-52.954628,7.8164854,-30.48775,-21.937513,-28.333862,-10.2191925,-5.849925
MPS,a,14,ADS,73.9142390585182,90.60902618233513,-349.45367,106.16028,-9.959316,-17.553951,-34.293545,24.967386,-46.106285,-20.181204,-25.08719,27.699461,-15.373629,-4.2908444,-30.056015
MPS,a,14,ADS,99.67455914730624,71.46627417195361,-272.97806,117.11527,-100.19289,20.53967,-38.6811,-14.277891,-53.81893,16.572706,4.6278725,-25.322678,-10.841068,-45.32968,5.7478895
MPS,i,14,ADS,99.92469110690816,61.25680643312137,-353.08304,42.9684,2.4385362,20.541147,-20.552965,-12.314616,-51.31742,12.7063675,-28.275967,-2.410748,-26.565042,-8.918149,-5.827709
MPS,e,14,ADS,100.29910522633884,123.78979633359677,-342.81476,72.14237,-1.365935,65.15746,-43.243103,-20.475716,-47.327103,6.9337654,-17.288227,2.6132894,-11.693241,-17.575912,-5.1947646
MPS,æ,14,ADS,103.9775322087878,463.7255778801119,-448.8135,126.18364,3.0033998,34.037903,-10.52858,-9.05114,-30.355503,2.2799914,-1.9517775,0.49755093,-15.367674,-2.9098158,5.21611
MPS,æ,14,ADS,104.3969939674293,104.64704432324368,-438.5203,85.91197,0.9464737,57.950912,-29.41066,-2.2206557,-21.422508,-1.5066743,0.4644766,5.450921,-3.5162268,7.9811373,-1.0301386
MPS,i,14,ADS,104.7329470217067,122.51361286622853,-412.03583,79.464874,31.88173,37.045525,-15.1229,-5.180037,-48.0206,-6.7737455,-32.57232,-12.022456,-13.113847,3.0818627,-5.941575
MPS,a,14,ADS,112.83543876679754,54.875889096337005,-342.10422,140.7854,-55.901596,16.42432,-39.32156,4.230724,-24.858898,-17.863289,13.569423,-0.73973674,-0.7689656,-6.662368,-0.99444264
MPS,a,14,ADS,112.97645703994044,66.36154030253749,-352.6877,143.74765,-78.02092,6.2710066,-33.9787,35.48531,-9.56032,-14.337896,5.301792,-7.6006904,-33.938515,-9.320809,-19.61582
MPS,æ,14,ADS,113.45374965673184,53.599705628997185,-379.27777,117.03223,-47.698647,24.126541,-36.575382,-3.4025433,-40.45512,-5.0402517,8.3363495,-0.97451496,-6.8481603,4.0891895,-12.594429
MPS,e,14,ADS,114.02071330286635,72.74245763932186,-377.8743,74.23486,-44.69966,27.183685,-37.13017,-17.154778,-42.080803,-1.441502,-25.0013,-20.34972,-22.11589,3.6724298,-21.762413
MPS,e,14,ADS,119.5601537046554,111.02796166002804,-318.5142,65.70376,6.0479164,41.19,-11.747881,-16.038681,-32.802223,-8.015484,-41.07999,-4.978402,-13.528244,-21.843918,-1.4295495
MPS,u,14,ADS,119.74073366528636,61.25680643312137,-370.30692,114.74368,3.6862478,27.16402,-26.242699,-29.963108,-12.751032,2.181634,-44.614014,-17.950987,-12.948875,-10.637357,-6.0708365
MPS,i,14,ADS,120.6735551401191,53.59970562896876,-429.47867,112.53804,-3.5301569,41.056602,-33.496887,3.520521,-14.177885,1.9164454,-30.866951,-15.452837,-12.652246,-13.647853,-19.263021
MPS,i,14,ADS,121.51803298623568,133.99926407244322,-458.72598,77.192505,11.327335,46.336098,-13.762685,8.550814,-12.673386,-2.4028864,-17.388958,6.715597,-13.948715,3.1716645,3.9578276
MPS,a,14,ADS,126.79901640299089,70.190090704628,-412.03558,119.4106,-26.90735,57.07234,-35.750504,7.6217513,-41.001167,-8.18305,-7.7239094,-0.6934526,-11.830992,-2.7733989,8.655198
MPS,e,14,ADS,132.7975958835597,61.25680643310716,-374.34552,73.66553,-7.2821794,59.559105,-45.57592,-25.307106,-10.219812,-19.835636,-29.132334,-14.011261,10.93358,-7.4899025,-11.426067
MPS,e,14,ADS,137.09755827181965,80.39955844347446,-433.5219,103.96265,-18.926685,55.73459,-31.602451,-9.445143,-28.554638,-4.572157,-27.465124,-16.999556,-19.60516,-3.596354,-0.5886874
MPS,a,14,ADS,138.56187584090392,76.57100804141237,-437.09253,139.48877,-33.680027,-0.7337817,-22.076248,10.687752,-33.81567,-4.765065,-11.891514,4.423341,-21.904503,-11.666006,-23.148163
MPS,e,14,ADS,147.12988758211145,140.3801814092276,-483.43317,62.615707,-39.370773,24.155445,-14.242249,-10.475983,-29.258215,5.9520473,2.55065,4.1803107,-2.9563546,7.612005,11.374157
MPS,e,14,ADS,147.30982945100874,89.33284271495268,-342.94415,91.03997,-49.95799,59.827667,-40.454727,-36.446243,-47.1678,-17.85283,0.20819485,-27.056496,-11.309898,-13.409252,27.956589
MPS,a,14,ADS,147.88712450640764,90.58795980320156,-394.923,108.14685,-55.365486,-0.8524658,-7.624759,11.737776,-24.968136,-6.249465,-10.382058,8.729325,7.080409,-1.8472255,-11.579994
MPS,æ,14,ADS,148.34501963706165,76.57100804138395,-357.28546,4.2525373,20.439798,18.018335,3.1588945,3.206352,-50.29121,-2.9707723,1.7722588,18.508991,-5.938919,9.845896,-5.329317
MPS,a,14,ADS,153.67009553623717,91.88520964968916,-305.34296,65.93949,-32.373955,-19.218218,-48.520184,-10.600224,-12.838911,3.323482,-24.68926,25.04771,-8.262283,-5.462871,-36.39752
MPS,a,14,ADS,153.8641395760719,72.74245763932186,-319.34488,72.59953,-19.18488,10.170423,-28.681229,-23.678272,-46.50074,-17.28335,-21.33828,11.509005,-18.852247,2.505959,-11.949764
MPS,e,14,ADS,163.15805550926785,84.22810884553655,-349.80115,29.646206,13.174034,-1.6502635,-21.246626,-29.062725,-46.66439,-22.958992,-13.458213,13.946936,-24.741371,8.232901,-12.190152
MPS,a,14,ADS,164.0106873066922,72.74245763935028,-331.94604,72.741356,-34.113026,13.39184,-24.660252,-5.7679915,-29.190853,-8.330781,1.2560236,-16.794832,-5.6049137,10.553302,3.1212084
MPS,a,14,ADS,164.29837665451055,62.53298990048961,-367.76147,64.367744,-6.269327,3.882688,-18.434513,-6.802505,-37.86541,-9.918887,-23.518875,6.998528,-14.722523,2.0331273,9.210632
MPS,e,14,ADS,173.77011030036743,127.61834673565886,-368.23795,28.744188,5.489593,35.638332,-24.465885,-16.14225,-40.509712,-15.692768,-36.10849,-19.239456,-22.444984,-0.46485376,-9.970451
MPS,e,14,ADS,173.89900483057045,71.46627417196783,-416.1173,43.70149,-10.328192,29.612846,-20.187302,5.773575,-37.880333,2.4180565,-24.949713,-10.148238,-20.846035,0.15663278,-3.5925572
MPS,i,14,ADS,173.98323293941598,45.94260482480195,-410.1884,66.10621,-5.522328,47.670677,-26.536491,-19.645517,-29.518255,12.96541,-38.26545,-17.399548,-3.2987373,-7.5437546,-14.875069
MPS,e,14,ADS,174.50477221549474,81.67574191082849,-395.43488,21.980839,-8.69282,42.176,-14.768589,-8.205032,-42.11188,-4.2171826,-39.985924,-20.272743,-13.309401,4.225036,4.3874826
MPS,e,14,ADS,175.71864947124303,93.16139311704319,-411.8641,64.77681,23.731749,50.58095,-30.125175,-24.816023,-46.23784,2.9970138,-42.591507,-14.070618,-15.183634,16.258236,2.1820698
MPS,o,14,ADS,183.2627040280377,96.98994351910528,-418.10165,129.03938,18.328041,10.469461,-39.786865,-4.9777904,-16.505825,-20.655407,-31.94236,-19.3167,-18.300838,5.535359,-4.308494
MPS,u,14,ADS,189.5666981837378,48.49497175951001,-460.6735,107.93854,19.652847,11.703175,-18.203295,2.7066004,-35.537086,0.6491851,-19.161783,-11.699644,-30.238613,-9.32016,-14.2915
MPS,a,14,ADS,191.198799558877,107.19941125796595,-381.95767,112.881424,-17.052763,-17.89711,-38.004814,23.806152,0.6593735,-16.424877,-29.365696,5.1791463,-22.400969,2.8102155,-5.3143406
MPS,e,14,ADS,193.7960979747624,74.01864110667589,-506.56967,90.13557,16.534039,57.20542,-34.571533,6.011208,-20.679634,-15.403845,-13.0182085,-9.873758,-19.219107,-14.0222845,-15.417321
MPS,i,14,ADS,196.91070028989145,156.9705664848584,-459.71344,92.14406,-9.278073,56.03076,-34.195114,-2.0122428,-19.935736,8.357193,-28.384201,-23.73721,-11.009819,-13.196757,9.553391
MPS,a,14,ADS,197.1570036990913,72.74245763932186,-449.15964,88.71602,-40.684227,34.88768,-5.2929077,19.977695,-20.203827,22.376781,-8.922572,12.326291,-22.673126,5.660308,3.8600621
MPS,a,14,ADS,201.7517301484081,71.46627417199625,-431.49222,88.93686,0.6555912,-1.877197,-31.357294,40.943985,-3.955078,7.7821126,-15.7391615,1.9545401,-27.39235,-5.6366377,-14.497872
MPS,a,14,ADS,202.48822925030296,100.81849392116737,-472.76346,109.88829,-33.052933,7.4967513,-8.304782,2.5035,-22.0048,17.940071,-11.398352,12.904715,-17.441788,-8.743862,-20.085308
MPS,e,14,ADS,205.4358057080753,66.36154030258012,-416.02844,89.87891,5.2904935,53.835922,-10.350073,-20.78326,-44.027847,5.229572,-15.726576,-11.415949,-6.429469,4.6076283,12.805857
MPS,e,14,ADS,205.5193957251872,62.53298990048961,-402.58008,98.0054,-18.381672,63.398476,-19.724937,-15.88957,-43.215538,-16.409937,-4.346878,-15.563877,-28.12022,-7.8998804,-9.385809
MS,æ,23,ADS,4.178756545665502,67.60847339676434,-263.91663,94.59552,-49.202232,18.121187,-52.08013,-3.6618505,-47.81964,-11.801142,3.305811,-0.6858014,-14.7037735,6.317438,8.235247
MS,e,23,ADS,4.6362429233742,71.50896224657811,-376.6681,51.72368,-1.7682135,20.8065,-31.89489,-37.46254,-29.546577,-14.741989,-30.194777,-13.472837,-25.899414,5.8020697,-14.097935
MS,u,23,ADS,7.007091644603655,48.10602914769735,-353.0709,78.10495,-49.086693,23.16251,-28.594797,7.1916933,-32.031544,-30.276928,-12.872671,-7.3982916,-16.534336,-22.331917,-11.367704
MS,e,23,ADS,10.684091188512385,49.40619209763497,-325.941,72.466385,-40.055817,44.084885,-30.174896,-15.744545,-36.417732,-13.575449,-15.116049,2.0214925,-19.631191,23.296705,7.597466
MS,a,23,ADS,11.72760909530422,63.70798454695148,-298.8393,94.34917,-72.53038,-15.731735,-30.975258,1.0240009,-12.2174225,-7.765475,2.946411,21.332237,-23.845612,-6.7734284,-24.234575
MS,a,23,ADS,16.200508633031454,85.8107546958955,-389.915,102.06215,-39.308052,9.677836,-6.2287197,-5.047323,-21.768734,6.1708307,-14.83544,5.3106437,-22.507626,0.37071562,-4.5365305
MS,e,23,ADS,17.99859243414148,74.10928814645246,-335.93475,76.583984,-35.04458,65.404465,-25.66894,-15.072426,-53.394787,-29.291843,-6.9051027,-24.291855,-4.125243,-3.3532324,16.416782
MS,i,23,ADS,22.00288336264444,70.20879929664048,-316.20438,76.5249,-49.541275,34.063187,-33.99277,-5.3491507,-28.82651,-26.91621,-14.672915,-6.3272495,-17.51876,1.8121288,-28.919636
MS,a,23,ADS,22.15045185746238,63.70798454695148,-316.13116,79.755356,-57.23452,24.877235,-29.35094,-16.929344,-22.305809,5.9916134,-16.518982,-5.389371,-25.079842,9.494308,-4.1454906
MS,a,23,ADS,22.778774105639044,96.21205829539647,-391.74844,67.07684,-63.016476,6.6477056,-20.416811,-16.707747,-9.760512,26.32977,-25.148901,-7.4486046,-19.748108,17.64082,-15.679264
MS,a,23,ADS,23.24299698977458,63.70798454695148,-413.08804,71.42438,-45.201656,28.400555,-20.24399,21.421612,-25.084105,-6.505144,-21.0879,3.889934,-31.832495,-2.190656,-2.072143
MS,i,23,ADS,26.091899004234595,75.40945109639097,-412.724,63.152817,16.874573,38.00488,-40.228355,15.877707,2.7022555,0.9032551,-32.31884,-14.582644,-29.327477,-2.7983088,-18.137257
MS,i,23,ADS,26.65050540680481,67.6084733967599,-410.78302,40.31431,-1.9741424,42.935745,-4.470514,-1.6392251,-18.094332,-7.452821,-30.90788,-3.415663,-18.209385,0.4445492,-3.2741451
MS,o,23,ADS,28.968990213795426,117.01466549440198,-448.59372,77.22235,21.331776,14.897461,-13.497276,-8.2090435,-22.985632,-6.985276,-18.770748,-13.954257,-18.622978,8.590359,-9.108157
MS,i,23,ADS,31.82482900313888,37.704725548199036,-411.0891,35.34228,33.078682,43.76457,-8.758969,-21.216362,-29.470335,11.868447,-42.91311,-13.377462,-27.770191,-10.872875,-5.4955654
MS,a,23,ADS,38.17473717991175,71.50896224657544,-432.46533,97.250916,-49.199158,12.139256,-23.323128,1.0929333,-9.90847,-11.634438,-18.788536,6.7842693,-17.127472,10.269051,-7.3858194
MS,æ,23,ADS,40.0030389844399,88.41108059577607,-370.04718,109.81713,-77.49558,10.914179,-60.412178,-14.792167,-37.588806,-27.026733,3.748986,8.245572,-27.11369,-16.021439,-16.390432
MS,i,23,ADS,45.2594022686355,66.3083104468214,-424.55325,64.843994,13.498275,56.971367,-0.9105337,3.433323,-21.670952,-3.9424236,-32.091164,-16.190886,-13.417308,-0.91084975,-8.878315
MS,a,23,ADS,47.89444133071541,67.60847339676701,-372.38788,122.916534,-59.3162,16.606705,-19.533112,-28.052647,-9.181001,25.073519,-24.806408,-15.433273,-32.42247,-10.276014,-23.23948
MS,i,23,ADS,49.80682548430703,128.71613204383436,-396.0498,88.84138,-14.1370945,51.065693,-57.517673,0.4557573,0.77416736,0.18470255,-15.896398,-6.3638945,-24.857582,4.2601604,-16.382027
MS,a,23,ADS,51.62780541194111,91.01140649564599,-398.2034,104.89046,-64.85295,0.28531766,-48.067482,4.3018737,-20.408352,3.140165,-12.23439,25.035053,-24.189114,-9.619686,0.65978956
MS,a,23,ADS,53.554291089525485,68.90863634670552,-420.1389,104.70436,-50.69642,1.0674654,-4.623761,9.750117,-13.456323,18.156916,-16.518665,-5.4223247,-24.09682,-5.4753833,5.1128793
MS,a,23,ADS,59.55686934309301,140.41759859328096,-428.2526,53.08873,-47.024452,19.930143,-40.896706,-9.935046,-12.316454,17.711033,-6.0017805,-10.651216,-30.227497,12.1171,-8.005472
MS,u,23,ADS,59.77018234822648,31.203910798502932,-428.61633,102.18944,-32.5067,4.665878,-32.294563,-22.710472,-29.867271,-4.1282477,-16.570744,-4.610572,-12.829798,-15.381104,-14.201696
MS,e,23,ADS,61.49033493623263,66.3083104468214,-403.3539,62.66536,13.769741,27.12125,-6.5523653,-19.372215,-16.933674,0.86513567,-41.748055,-21.727703,-28.187492,6.7553263,-1.1683787
MS,a,23,ADS,64.48997728899305,70.20879929663693,-387.63416,104.72841,-24.683367,1.3695967,-27.882233,6.3372927,-16.298368,0.6786392,-13.83305,21.902172,-29.248882,6.810865,-5.1542535
MS,æ,23,ADS,73.68851636532813,68.90863634669131,-352.07913,77.05944,-38.17781,23.875273,-51.69783,-19.530643,-24.552925,-7.717351,-13.986479,-9.508467,-28.610088,0.7038955,-17.074884
MS,e,23,ADS,74.12862152388206,109.21368779476381,-382.5298,65.72736,10.943873,41.897686,-21.24956,-1.8698189,-21.813206,-2.482272,-33.979786,-7.3159733,-20.396563,11.644227,-11.2342415
MS,u,23,ADS,75.86879108016339,58.50733274719744,-413.40137,94.92342,7.4455147,15.432741,-36.418003,-2.384408,-26.41053,-13.534946,-23.593502,8.53119,-14.734091,-13.503883,-14.364162
MS,a,23,ADS,81.67260153017506,111.81401369464083,-346.76965,70.351,-37.08515,44.53792,-24.76757,2.2999763,-6.052497,12.318868,-5.535446,-3.185802,-26.62461,5.557435,-15.515661
MS,i,23,ADS,82.42794692798373,100.11254714520135,-503.46347,71.57098,25.278145,42.044373,-54.47786,13.661847,15.588537,-25.62255,-25.201855,-2.5476208,-12.916214,7.6843643,10.126253
MS,æ,23,ADS,84.26383558887022,87.11091764583045,-313.15802,75.86903,-66.01373,45.961716,-51.379974,3.4103477,-61.496307,4.6513233,-2.1974406,5.220194,-23.81218,-1.9642627,5.9376607
MS,e,23,ADS,86.67554702624565,102.71287304507837,-335.07703,41.345596,-8.84407,29.034859,-37.905052,-3.4230402,-20.684328,14.423356,-36.018456,2.3864522,0.6706012,-5.325811,-9.962564
MS,æ,23,ADS,93.55662876162444,105.31319894495539,-362.0374,49.473824,-27.525795,37.377037,-31.746157,-24.771812,-18.49363,12.912889,-7.5165567,1.6089658,-20.558014,2.8524656,-25.66005
MS,e,23,ADS,93.81984091254571,49.40619209764918,-389.75894,34.46248,-3.537821,20.635826,-14.8447895,4.5903306,-30.483212,6.560817,-19.294676,-8.331321,-26.310776,5.1068125,-10.187624
MS,æ,23,ADS,94.28313488285733,96.21205829539292,-361.37445,52.403664,-25.719332,39.969395,-27.187939,-20.66159,-27.274132,12.3874,-20.077942,2.3480134,-6.996595,4.708929,-15.913245
MS,a,23,ADS,95.95060930105502,84.51059174595343,-402.0922,65.00266,-39.316093,-4.1837416,-22.006718,2.8367283,-18.426956,19.216455,13.534304,-4.4920855,-42.18793,-1.5353022,-21.410213
MS,e,23,ADS,98.9486588056319,89.71124354570748,-344.53986,12.059315,9.305922,38.79187,-39.27887,-15.828308,-28.346745,-4.606965,-31.284546,14.366606,-1.552599,-3.6207676,-12.053891
MS,æ,23,ADS,103.1538110570156,111.81401369465505,-364.02515,89.65767,-29.373596,14.354789,-36.55208,6.9761434,-23.28558,5.4019933,0.30371505,-7.8584957,-41.793602,-9.572183,-12.906706
MS,a,23,ADS,103.48600269072467,76.70961404632237,-384.762,94.85663,-51.862152,-0.5533885,-54.551064,15.645879,-10.913555,-7.2571354,1.9783788,12.820876,-26.017933,-2.9086351,-14.152328
MS,i,23,ADS,107.4949150359935,76.70961404633658,-442.8642,77.80279,-11.248079,63.530624,-31.940624,-2.711298,-31.620602,3.964536,-38.803898,-11.7440815,-15.934444,-16.04054,-8.990229
MS,æ,23,ADS,110.9773830911017,97.51222124533854,-414.13864,98.869064,-61.077354,31.745296,-24.362621,-1.9492759,-27.475098,-3.1359634,-4.6669836,23.796217,-22.169899,-1.5130398,-6.745863
MS,a,23,ADS,115.83653887663978,92.3115694455845,-352.23288,80.77278,-42.78978,-19.327225,-25.680454,19.056,-5.8041716,-8.442849,-8.450239,-0.40202,-35.02166,-7.435273,-9.258454
MS,e,23,ADS,117.74921571546496,97.51222124532433,-424.34357,91.99242,2.0357604,66.66965,-33.462833,-7.904435,-38.03537,-12.71106,-37.279755,-13.931625,0.03869033,10.22472,0.054428995
MS,o,23,ADS,120.2584393740857,68.90863634670552,-376.98804,54.117126,-18.23398,-9.4725485,-32.38462,25.133095,2.3867736,0.5573242,-27.183395,16.119352,-0.32175577,2.819929,-25.737854
MS,a,23,ADS,127.633105511653,57.207169797280244,-362.30133,81.99069,-92.05568,63.20642,-38.94172,10.618305,-26.594467,-2.4587238,0.18376589,-7.857973,-20.76221,11.575096,6.3628497
MS,u,23,ADS,131.89530008759766,37.70472554819548,-379.10858,96.17187,-45.793,-2.6066287,-65.14317,27.299574,-4.055476,-36.53649,-2.1282585,-12.145716,9.779607,-33.87547,8.47586
MS,e,23,ADS,133.6836542369191,65.00814749688288,-379.33273,62.342514,-22.802988,56.956413,-34.681473,-18.176163,-47.797325,-15.448439,-41.06759,-35.97124,-26.479654,-14.945772,-11.683743
MS,e,23,ADS,133.82992256878708,105.3131989449696,-373.6873,57.95771,-25.851202,91.638626,-83.00546,11.7129,-28.117651,-2.369897,-30.806011,3.7585654,8.081226,-35.581802,9.883354
MS,e,23,ADS,137.0789466633736,105.31319894494118,-356.46826,51.124874,-1.655794,65.179016,-31.061161,-19.403788,-49.284275,-24.55848,-36.524166,-23.506731,-13.94316,8.293266,-9.862059
MS,e,23,ADS,155.61751302134255,101.41271009513275,-405.7098,96.53344,-40.090668,53.36081,-44.253498,-14.697996,-29.430048,0.7691779,-40.0717,-17.432085,-22.236485,8.377881,2.4946482
MS,a,23,ADS,160.415011200987,39.00488849811268,-336.85892,76.08656,-105.197525,34.71841,-11.752785,-19.998165,-20.730328,-2.3473182,-0.93386126,15.12972,-29.828136,-0.50315416,-24.530426
MS,i,23,ADS,170.42481653486243,66.3083104468285,-331.22623,37.137062,15.841776,33.92896,-12.996189,-12.461651,-42.145805,29.452599,-18.977205,-9.683161,-18.176735,-3.138659,8.7024765
MS,a,23,ADS,170.67379773977552,80.61010289614501,-312.39694,62.353806,-45.994987,-4.327467,-33.28449,1.189889,-0.6053555,13.968906,5.0037465,9.696886,-35.174244,-0.54048264,-5.9151816
MS,e,23,ADS,177.21112964979562,72.80912519652816,-455.64304,62.663948,1.9801143,61.787537,-31.146263,-21.584167,-16.555437,-9.513803,-41.39863,-10.616003,-7.947596,-0.2994075,-12.171286
MS,æ,23,ADS,180.25222008916927,94.91189534551836,-439.91043,50.795837,-4.164086,68.115616,-26.051102,-8.445515,-0.27725542,-8.6032715,-44.6487,-7.2843857,-11.117477,5.4587207,-0.70623124
MS,i,23,ADS,184.3934995107698,59.80749569712884,-457.10654,99.2001,-1.5404518,74.2307,-23.650864,-15.985483,-9.471559,-19.193712,-36.42089,2.105051,-5.0154276,-12.391398,-30.715706
MS,e,23,ADS,193.11814304473708,66.30831044680008,-383.49042,87.721344,-55.006794,52.029915,-51.97312,-24.818388,-42.624435,-10.605538,-5.232397,-15.469748,-12.368295,10.409407,13.924633
MS,æ,23,ADS,193.5712929734622,91.01140649565309,-455.07025,97.10435,-25.76643,63.667774,-24.861073,-36.957645,-24.373447,-14.778446,-37.840317,-3.2781553,-12.63899,16.934486,-5.753476
MS,æ,23,ADS,194.49924578804303,57.250310469100896,-356.0263,104.55637,-70.515045,19.209805,-38.857094,-16.59237,-45.026695,-0.60443544,-1.6347467,16.396725,-40.76687,-5.8979836,8.697733
MS,e,23,ADS,195.12009516697424,123.51548024415138,-469.36127,89.09366,-5.06643,44.29824,-40.073616,-20.235271,-8.414134,16.598087,-12.11096,8.230121,-21.704544,16.031939,-8.41975
MS,e,23,ADS,195.42887001469973,81.9102658460622,-478.1679,77.47844,17.74538,48.468246,-23.237423,-5.8101015,-16.806944,5.1702957,-36.28535,5.479767,-15.449915,9.649776,-15.998827
MS,u,23,ADS,202.30414415747543,39.00488849816952,-422.90018,126.78726,-14.052113,3.1285937,-26.38771,-8.039632,-29.502872,-2.5266883,-28.113472,2.6540825,-21.662758,-15.744739,-15.601881
MS,a,23,ADS,205.2682322975692,65.00814749688288,-304.343,113.196304,-55.4131,-9.279915,-66.82097,18.04205,-34.838657,-27.562702,-8.637676,1.5364228,-21.57032,-21.473951,-19.282778
MV,u,16,ADS,2.417127098572914,94.70542190125953,-462.9833,110.10363,-28.563953,20.12629,-13.457333,2.985458,-25.230446,-31.379082,-29.123829,-9.371116,6.95074,1.2013688,-15.533724
MV,o,16,ADS,2.5801446280750824,51.234080700681695,-337.99786,75.01958,-9.033741,5.448766,-40.56047,-1.3920659,-24.876945,-25.207863,-37.080624,-16.489328,0.082218155,-6.1359997,-24.277157
MV,i,16,ADS,2.795948786177952,48.128984900640326,-335.63354,76.26982,-26.927347,65.82911,-60.939278,-16.9806,-17.91776,-29.184006,-13.34974,-11.352925,-16.275322,-23.63099,-19.912888
MV,æ,16,ADS,3.2819220850375554,139.7293110018585,-322.17914,78.2632,-37.280373,42.648327,-32.387245,-27.187235,-28.27858,9.625315,-22.871162,11.849848,2.787935,-17.416101,-25.74451
MV,e,16,ADS,4.5580156765026905,76.07484710101176,-406.65332,61.42397,-3.549763,60.57782,2.1032639,-9.213758,-28.483284,-0.21608663,-19.791368,-5.8651314,-33.08188,0.5304183,-16.11444
MV,a,16,ADS,7.6685572525927395,69.86465550092814,-394.0684,100.540794,-27.857449,48.692223,-21.806866,-14.352958,-45.473396,-25.368048,-11.758974,-14.918079,0.16184974,-6.0955606,8.046209
MV,æ,16,ADS,12.717072674082909,72.96975130096683,-427.37497,69.09594,11.112059,26.698666,-11.681469,-9.266325,-30.933289,11.462306,-46.485855,-8.473956,-10.123711,0.8878443,-11.847779
MV,e,16,ADS,14.674052328181704,63.65446390084628,-333.54712,33.615353,-5.6420555,66.703995,-16.932772,-23.992138,-16.658009,14.508651,-46.993103,1.744846,-13.200173,-4.8860354,-5.904134
MV,o,16,ADS,16.813986431350195,102.46816140136517,-438.90796,112.60566,24.302645,5.099646,-45.039394,-3.24432,-15.7945595,-4.2089696,-31.569803,-5.950674,-7.128416,14.680688,-0.2580515
MV,a,16,ADS,16.944400454951932,55.89172440074108,-335.78555,115.83125,-63.650063,12.81534,-37.827446,-3.6731176,-30.960354,4.4286723,16.208153,8.229061,-16.972908,-18.138935,-21.08938
MV,e,16,ADS,17.956764910377956,90.04777820119614,-460.5231,97.68529,16.433685,70.820564,-21.460545,-18.526875,-24.099186,-17.363914,-31.26245,-8.804543,-8.707312,0.4753862,-12.534143
MV,e,16,ADS,23.70892698444553,71.41720340095148,-391.647,60.006645,-28.548397,63.912743,-55.437,-29.222107,-26.67381,-6.0854893,-38.93595,-4.630583,-0.27887893,-25.542503,-18.985134
MV,æ,16,ADS,24.070493975083345,108.65645923698608,-349.3076,68.60132,-35.220665,96.4035,-50.88242,-58.941185,-28.784063,-2.6726046,-18.432775,-16.156204,24.562555,3.8056738,-11.310339
MV,i,16,ADS,29.94362422384253,57.444272300763544,-376.3095,79.74943,-16.994347,71.33168,-31.503996,-13.288992,-46.017944,-12.390261,-41.925877,-18.063871,7.5246534,-19.33124,16.179918
MV,a,16,ADS,30.642160580362013,65.20701180086519,-318.48148,93.12215,-49.31422,-27.053059,-26.755573,13.865738,4.953644,3.003458,-5.718404,3.2903023,-16.269247,-8.581619,-23.29189
MV,i,16,ADS,31.43858487304223,55.891724400744636,-432.82596,81.63373,-1.7081141,73.043,-32.7014,-27.354462,-25.595219,-14.483078,-29.999321,-9.196867,-6.6835713,5.8293295,-31.04206
MV,æ,16,ADS,38.17847464309993,60.54936810080136,-351.81924,74.83,-6.847992,43.038414,-39.200485,-36.844677,-44.533875,10.392425,-47.123535,-22.829075,-1.9951593,7.9377747,4.1556373
MV,e,16,ADS,49.05473213723252,65.20701180086519,-274.52298,88.06439,-38.893414,53.260113,-49.182884,-28.307392,-52.661385,-16.897165,-34.925285,-37.158527,1.9847803,-16.023575,-21.995045
MV,i,16,ADS,49.25614593416847,55.891724400744636,-366.0252,62.552834,-45.845215,65.14182,-39.61707,-17.495344,-44.219414,6.417804,-14.809326,-23.263664,-0.027925253,-16.811146,-18.140617
MV,a,16,ADS,54.939824673701125,79.17994290104957,-436.11612,109.31413,-32.29791,26.983559,-29.592094,3.7677295,-25.399748,14.054926,-17.108082,0.2742796,-26.627224,-19.14116,-7.007824
MV,æ,16,ADS,55.15097118810394,172.33281690229063,-411.72284,111.63844,-55.79336,32.169224,-39.907562,7.4969883,-53.190018,11.1770115,-11.000237,7.826315,3.3598433,-17.145723,3.4337316
MV,a,16,ADS,56.83428498173235,66.75955970089831,-428.3221,119.16652,-40.872356,47.94113,-29.97432,3.6597352,-25.019575,19.804525,-0.11304343,-14.880749,-1.0564575,-4.5202274,-11.365365
MV,æ,16,ADS,56.97246174483419,66.7595597008912,-387.79376,108.19243,-37.433384,41.087776,-28.911942,-6.652055,-28.08434,-2.9599886,-1.6802702,-0.37680492,-7.879653,10.19505,-1.473984
MV,a,16,ADS,60.7291282827415,71.41720340094793,-317.7812,107.888535,-65.614525,-4.588152,-30.08952,4.026666,-33.64108,2.8753443,-5.7859983,33.126144,-7.971182,-7.7220583,11.177188
MV,e,16,ADS,66.84244536051311,51.234080700680806,-307.3358,71.14836,-0.6647007,53.051006,-31.950005,-36.778477,-50.790504,-13.79837,-26.145906,-1.4696239,-18.891256,-2.750205,-6.879773
MV,e,16,ADS,67.02021209506547,52.786628600699714,-323.62646,66.81824,-17.594547,55.188652,-48.596825,-12.566821,-34.81698,8.122589,-29.095055,-12.826285,-12.649336,-13.776142,0.32070225
MV,a,16,ADS,68.7747976713139,71.41720340094082,-342.45352,120.71569,-53.974625,4.3801594,-27.967884,0.7080329,-16.703478,9.418464,-12.87701,-0.057328194,-18.346462,-19.373737,3.6266792
MV,æ,16,ADS,69.1280023185686,228.22454130303527,-393.51993,105.2683,-25.054768,31.649252,-24.034512,-15.305948,-22.369255,29.19466,-11.267336,-5.9380894,-10.211775,4.104664,-5.6623664
MV,i,16,ADS,70.71656849412744,66.7595597008841,-481.00912,94.21775,4.720893,55.82818,-42.38748,-14.677172,-19.054634,14.970783,-25.220875,-21.219763,-15.651586,-13.831607,-19.997639
MV,i,16,ADS,71.11945467418279,124.20383200165475,-419.84256,84.112686,9.390421,71.43955,-46.032482,0.1784198,-22.075626,-6.5926275,-16.51455,-32.908672,-5.5737486,-14.182037,-0.9462761
MV,i,16,ADS,71.32749609278557,65.20701180086519,-436.51703,96.93697,8.302151,55.67284,-42.107246,-13.011986,-11.282613,-4.873109,-14.113342,-10.3821535,-3.7786994,-2.2570333,-10.078842
MV,æ,16,ADS,74.02531554674081,72.96975130095973,-399.70184,29.645458,19.812044,27.142847,-23.279821,10.149974,-42.323288,7.984316,-15.303024,-0.3200168,-18.106644,-2.5044782,9.805889
MV,æ,16,ADS,75.47451822905825,76.07484710101176,-348.63535,101.422386,-66.671745,57.294464,-44.707516,-25.402832,-38.85836,-12.709332,-16.874622,-11.400309,-4.612685,-14.077326,23.370396
MV,e,16,ADS,75.88283832676368,66.75955970089831,-449.93668,93.35852,-5.7636337,49.484238,-12.753154,-8.540246,-44.927826,-8.105219,-27.247028,-2.462654,-9.20918,2.3370044,-23.693169
MV,a,16,ADS,79.61487752137299,82.2850387011016,-256.01508,100.31557,-94.08987,-0.86724913,-48.921883,-14.087891,-13.584766,15.105619,-1.8121544,-7.198848,-17.353863,-19.628292,-2.8133016
MV,a,16,ADS,89.27142799696728,83.8375866011205,-386.37128,121.28328,-46.2808,-16.546326,-29.343803,3.2068145,-16.88481,-6.4817452,-6.036888,1.5178602,-1.8016608,-14.275128,-7.2527356
MV,e,16,ADS,91.25492057999423,97.81051770130489,-416.08664,48.93019,21.27531,22.14668,-20.496582,-17.90789,-40.665016,17.11189,-34.75835,-11.32098,-25.13715,5.287892,-14.848803
MV,e,16,ADS,92.51701543420609,51.234080700666595,-387.9173,5.4052267,49.91069,11.061077,-14.105339,-7.677268,-32.972687,5.693519,-30.473618,-2.2422335,-18.875097,0.7418444,-8.78814
MV,a,16,ADS,94.24219640882876,72.96975130095973,-368.7626,110.883026,-25.90609,29.961348,-23.899296,-17.832243,-43.789658,-4.6866016,-26.32825,-2.0526881,-12.854931,7.008544,3.9734077
MV,i,16,ADS,94.6618369941922,77.62739500104487,-441.80246,97.619354,14.621868,70.28317,-26.765583,-0.26615244,-19.774609,-12.947731,-23.3152,2.3668315,-11.780371,-19.852928,-31.0393
MV,i,16,ADS,109.1496657999016,58.99682020080377,-454.9672,72.43851,4.925461,73.42593,-24.333103,-14.25321,-22.902353,-1.6975327,-14.061165,-27.50631,-24.787403,-21.800184,-18.079893
MV,e,16,ADS,112.61461514340112,192.51593960255775,-442.81033,89.768715,17.571177,82.96148,-34.46889,-10.927696,-33.90837,-5.98682,-35.087402,-17.929329,5.2546215,-8.11414,-13.372427
MV,e,16,ADS,115.66088779243636,62.10191600082737,-418.63568,80.60417,15.854658,76.07347,-39.86986,-8.244268,-31.181362,-9.439777,-34.707165,-16.205444,-6.004628,3.616565,-6.4051733
MV,æ,16,ADS,116.94458231260552,114.88854460152709,-399.08496,79.368195,-19.771023,54.66645,-32.502094,-20.494488,-31.822845,-6.137765,-34.066246,-20.840977,-5.705899,-0.81733847,2.8595405
MV,e,16,ADS,123.97978922139724,72.96975130095973,-381.69623,67.00617,-9.404395,71.91382,-63.50535,-1.7107149,-35.62102,-8.667913,-15.769284,-18.17249,10.762352,-3.2141697,-15.70489
MV,æ,16,ADS,131.6096571981879,135.0716673017871,-432.06818,90.144455,-15.375278,34.250973,-1.5454836,2.7146459,-15.89419,-1.0444114,-26.043806,10.309452,0.08467901,10.442622,-12.018127
MV,æ,16,ADS,134.55861417804806,77.62739500103066,-361.6188,75.90583,-35.53015,45.759556,-34.243996,-43.052704,-20.58348,7.6556554,-16.06392,-3.7262497,8.157004,10.042916,1.396327
MV,æ,16,ADS,136.19104331872109,69.86465550093612,-403.62094,90.3421,3.5123498,49.564606,-36.783733,-25.59903,-20.007019,-5.939987,-49.184944,-10.779697,-20.053362,-1.1017566,1.0096929
MV,e,16,ADS,138.66359790639245,96.25796980128598,-432.56766,44.67903,-7.2906656,55.16987,-15.107686,-7.025181,-16.565277,15.573538,-15.659752,1.1071072,-16.335077,9.196812,-11.782166
MV,e,16,ADS,140.11169127702982,104.02070930138052,-421.31595,58.940994,19.575497,69.35246,-1.7681166,-6.438651,-24.538116,-0.93335724,-39.007515,-4.5284333,-8.3236885,-0.030685484,-15.630076
MV,a,16,ADS,144.20721429719316,63.65446390086049,-293.30276,110.0675,-63.78716,10.635495,-40.792595,-26.783512,-31.018679,3.652485,2.9755955,7.088126,0.43914893,-6.8938456,-0.8552928
MV,i,16,ADS,144.91022068046357,52.786628600699714,-351.64517,34.38135,-21.187658,59.57081,-35.832123,-16.904945,-41.452675,-3.5896027,-26.074863,-0.43390393,-0.5166101,0.8826171,-14.598958
MV,a,16,ADS,147.21413620403348,90.04777820121035,-394.46237,19.86338,41.26963,-1.9581677,-5.9382334,12.568167,-21.39618,20.83316,-19.380196,2.8367655,-21.951702,13.540918,-7.460736
MV,e,16,ADS,150.93633004042542,62.10191600081316,-440.56015,93.26259,0.15645239,65.83725,-29.839573,-23.538467,-14.139032,-0.32316554,-26.46125,-15.790751,-11.281477,-2.3018007,-20.038616
MV,æ,16,ADS,151.28910086759817,96.25796980128598,-342.9482,99.42694,-71.069725,33.981606,-41.228546,-27.337124,-61.481293,25.096159,-11.6693535,2.750774,-0.21234274,-13.854132,-2.05679
MV,a,16,ADS,153.19851438764402,58.99682020080377,-296.9326,80.981384,-31.065845,31.48034,-56.772495,-24.997255,-32.138546,1.5048671,-16.26587,-15.197704,-24.081203,-0.83292294,-2.067986
MV,i,16,ADS,153.7792705268643,86.94268240114411,-391.60138,38.9638,33.78344,49.563446,-38.926662,-15.262383,-18.875957,21.540422,-27.358248,0.11921024,-14.677123,-12.11263,-3.1959586
PV,e,11,ADS,4.381800423067795,79.50946281595606,-248.54195,140.31927,-1.8760998,37.704678,-25.574547,2.1489112,-38.015644,24.626661,-3.0004816,-1.2314596,-18.6943,15.091641,-9.739313
PV,a,11,ADS,4.9315792696122704,124.1123322005162,-248.11601,202.32059,-56.669437,25.123846,-29.816292,11.949806,-22.017094,-0.9380071,-3.5810392,7.958185,12.807768,-24.24149,7.669199
PV,a,11,ADS,6.505074928015223,118.29456662861747,-283.46234,213.42111,-37.798244,-13.513735,-28.835693,3.8997726,-25.831017,-15.064244,-10.085533,22.271873,6.1552887,-19.420149,-9.816409
PV,e,11,ADS,8.032282926675776,67.87393167215683,-271.91174,137.5769,-12.911068,33.926445,-32.11663,-13.292106,-35.35707,27.328045,-4.9194727,1.7834673,-11.943329,10.96611,-8.880323
PV,a,11,ADS,8.15445600368566,87.26648357848887,-253.86703,147.20566,-62.53465,26.264164,-41.61519,31.475374,-31.799274,24.583649,17.239681,3.4054348,-6.5289936,-22.25653,1.4501474
PV,e,11,ADS,8.876574097363685,71.75244205342324,-337.16925,90.71394,36.118492,60.63276,-13.493065,-33.371666,-23.429306,8.16851,-23.223175,-12.093678,-16.290125,-1.8360747,-18.05948
PV,e,11,ADS,9.195294771978045,65.93467648152362,-242.51675,130.98833,11.647282,57.982555,-42.969227,-0.3532321,-27.22895,6.361518,-22.714882,-4.080391,-13.13373,-0.6403556,-13.39021
PV,a,11,ADS,9.383402525469451,104.71978029418416,-299.76843,180.59323,-28.668873,11.198145,-30.5109,11.56033,-31.483597,-13.496257,10.932878,-9.8727455,-21.56946,-11.910956,2.5376759
PV,e,11,ADS,9.671820182369965,55.36187834536399,-244.07382,138.70966,-0.010105401,80.61911,-41.067493,-7.081292,-34.062675,5.1804714,-30.13632,-12.843494,1.9997822,-21.532549,-7.9614935
PV,a,11,ADS,12.320142100688509,75.63095243468965,-274.17917,164.20627,-33.092808,26.499155,-38.458763,-5.147986,-50.5661,-7.4835052,-9.479697,-3.4284234,-10.137548,-7.5863366,8.24482
PV,a,11,ADS,14.470982340197525,48.48137976582656,-278.00302,200.39267,-16.331207,9.113023,-25.996096,3.2980828,-14.574461,-27.202354,-25.459778,2.6044085,-0.09598482,-13.120687,-16.898151
PV,i,11,ADS,15.232140002521003,85.32722838785212,-319.34024,111.09924,10.143145,85.1051,-53.885216,-11.7829,-18.565645,-2.7572522,-21.72681,-23.709732,3.4972215,-25.671509,-4.192532
PV,e,11,ADS,15.630551979798206,91.1449939597535,-316.68686,124.409454,19.544382,69.1044,-21.093872,-11.937084,-22.332458,-1.4781785,-16.851719,0.21068859,-15.076748,-17.54573,-5.531824
PV,a,11,ADS,15.757573194784673,77.57020762532285,-312.03876,165.11404,13.133659,58.316715,-16.383223,3.7771053,-41.538116,-3.8079414,3.1071675,-15.899706,-23.90892,-11.632668,6.0167427
PV,e,11,ADS,16.205541143820916,62.05616610025899,-326.16333,166.50879,-0.119347066,54.335945,1.0841253,4.689106,-40.102966,-1.4860276,-7.266167,-6.7217855,-10.058546,-15.623896,2.6344554
PV,o,11,ADS,18.257329868172743,56.2384005283576,-349.41013,189.82812,-20.86842,21.24496,-22.140205,-2.0039625,-34.73152,-27.929169,-30.448874,-6.7088885,32.7548,-1.2706316,-18.760113
PV,e,11,ADS,21.01057550583116,98.9020147222881,-351.89764,152.2356,12.192238,71.897484,-5.132421,-1.3816042,-11.487059,-8.485953,-23.816925,-26.75026,-20.603954,6.329795,0.36803997
PV,e,11,ADS,21.341218515834097,81.44871800659104,-284.59497,175.72006,-16.06786,51.948578,-9.283703,-43.16147,-46.471054,-0.73633397,-23.032158,-21.835236,4.5331593,-3.251095,-19.70768
PV,a,11,ADS,22.56672283191631,50.420634956459764,-329.37903,161.86249,1.4394395,44.601097,-21.016804,-11.174377,-32.980873,7.348629,-8.014756,2.0618982,-10.513834,-6.9902105,-6.8864746
PV,i,11,ADS,22.6772603777824,62.05616610025899,-348.8362,156.10059,14.671143,66.492294,-19.314804,-24.53707,-29.526428,9.411739,-32.908756,-17.52935,-7.150897,-20.930908,0.73148316
PV,e,11,ADS,27.45499566668886,54.29914533772617,-251.75366,92.9096,-27.958538,79.30832,-60.853012,-13.132244,-25.251038,-2.149469,-22.112164,-5.894903,3.305781,-9.659039,-5.7097335
PV,e,11,ADS,27.60237906117697,69.81318686279536,-293.87527,108.16402,2.8639848,59.545963,-68.20695,-39.20604,-14.99133,19.168633,-38.44285,-22.165466,11.602511,-41.142998,6.7941084
PV,o,11,ADS,28.23890326500932,91.14499395975528,-355.12695,195.98386,21.236773,21.418472,-39.12394,-3.122389,2.8530974,-17.317879,-30.513454,-2.6301131,17.422134,22.17489,9.267465
PV,i,11,ADS,29.222299683132206,79.5094628159525,-291.09796,94.26042,13.762849,51.98761,-56.372795,-25.786068,-46.033287,-16.911888,-38.0206,-20.5072,-6.5646863,-10.230424,-11.095635
PV,i,11,ADS,31.054184925981023,89.2057387691203,-297.85138,96.32185,5.652182,68.26938,-48.654594,0.25389743,-22.887371,-20.095827,-15.443329,-30.178635,-10.113986,-33.07833,-6.205092
PV,u,11,ADS,31.44203596410764,62.056166100251886,-404.64276,143.68524,61.799156,24.93502,-21.08039,-7.2875023,-41.280148,-8.943846,-12.624285,6.9726424,-14.747541,-13.899306,-14.650069
PV,a,11,ADS,33.577584287512394,81.44871800659104,-239.7089,170.34106,-63.04393,-23.661095,-37.110443,26.370068,-11.441408,-0.39156199,-6.30204,-5.023387,-15.750165,-13.666388,-1.1594869
PV,i,11,ADS,34.33992575669006,44.60286938456193,-265.87112,130.36868,0.7068989,79.30194,-7.3863516,-2.5679688,-28.132072,3.3518016,-33.583355,-13.424385,-14.72357,-8.1789055,-10.008989
PV,e,11,ADS,36.66297588568466,50.420634956459764,-351.3726,137.98566,-9.209413,81.26825,-22.588787,-40.67869,-36.753742,9.620097,-26.07046,-29.924305,3.3490844,-8.6486225,-5.6338415
PV,i,11,ADS,37.01882921316583,91.14499395975173,-338.11172,89.310135,17.046595,73.59315,-20.832195,-22.379005,-27.158789,3.712934,-38.170807,-5.426903,-1.0448782,-14.490291,-10.593672
PV,e,11,ADS,40.90865228622015,54.299145337729726,-402.5145,115.28871,17.036745,80.809616,-7.6178102,3.9935212,-31.013601,-9.698132,-2.3352466,-12.520516,-0.75597537,9.192789,-5.4243975
PV,e,11,ADS,41.68144547968743,83.38797319722602,-334.79526,116.12384,3.976369,52.02221,-18.252987,1.6580906,-19.946943,-14.963501,5.2769794,-16.719288,0.65545154,10.651596,-8.528463
PV,a,11,ADS,42.56443693257708,69.81318686278826,-236.80243,168.42776,-22.445625,35.686295,-39.376823,24.189827,-27.767078,-11.880066,10.959869,10.934416,-6.788558,-16.241617,-3.3216543
PV,i,11,ADS,43.450539250886514,83.38797319721891,-277.66342,115.9534,0.04664117,101.38541,-64.11128,-7.5434437,-37.46607,-23.63598,-29.777794,-5.981069,21.942173,-18.982224,-4.806143
PV,e,11,ADS,43.91693012423377,205.56105020710902,-228.41586,128.32056,-45.575775,78.79787,-54.670414,-1.8612089,-51.795494,2.3816297,0.29026031,-23.679432,-0.43754673,-18.247765,-1.3970891
PV,e,11,ADS,44.26599605854773,108.59829067545235,-280.01703,115.97983,-0.07066512,69.68086,1.0588222,7.972792,-54.317856,-7.3947935,-20.78358,-15.040463,-10.30516,-7.658777,6.46586
PV,u,11,ADS,44.57466897414015,87.26648357848887,-352.80853,176.2941,29.880196,19.32672,-51.97676,-9.922437,-14.576611,-16.832296,-10.013279,-10.848359,-11.556614,-17.962868,-17.972797
PV,a,11,ADS,45.07036285460576,87.26648357848887,-260.01315,152.25433,-43.6165,18.689123,-20.235237,-0.02954638,-62.53363,22.318539,19.966349,-22.573948,7.0675335,1.0769626,-7.3476086
PV,a,11,ADS,49.19102992033132,63.99542129089042,-254.64774,143.68007,-9.687114,0.34062457,-33.82488,2.8210006,-39.63349,21.584011,-3.829047,-5.368661,-21.600231,-3.6955998,-8.037466
PV,e,11,ADS,49.51295585347145,40.705216013201095,-341.46802,96.61452,33.631386,53.54119,-5.164911,2.268469,-33.196007,-33.39899,-17.105995,8.271917,-3.3994787,18.96159,-9.396983
PV,a,11,ADS,51.05255745674223,67.87393167215328,-272.9962,148.27443,-14.728272,-12.115937,-0.15931153,20.630907,-27.23792,27.016758,-29.961552,-5.6245456,-15.708794,-16.608265,-2.3229373
PV,i,11,ADS,53.80075297379023,75.6309524346932,-273.9144,97.327515,2.3485677,56.086487,-6.1332493,1.2046039,-15.97356,7.980651,-31.352354,-14.200844,-20.199825,23.32848,12.118507
PV,e,11,ADS,54.99434440083793,83.38797319722602,-268.5459,123.850784,-6.3494062,66.760826,-24.903324,-9.48866,-42.357967,18.508507,-16.807867,-7.7235475,-3.9866827,-6.3893824,-1.8786417
PV,e,11,ADS,56.66473813994858,54.299145337729726,-280.505,133.51553,-1.3848051,79.42929,-10.599024,-1.9740766,-21.024387,5.063201,-14.549131,-24.340366,-6.141059,-8.641031,-12.503151
PV,e,11,ADS,58.86197100359789,71.75244205342324,-254.52965,168.49739,-26.050709,48.693558,-24.438923,-4.780449,-38.853954,-11.993637,-12.291025,-7.0488706,-1.2057309,-18.157684,-17.219471
PV,i,11,ADS,62.75454126237828,100.84126991291953,-292.44308,87.81697,5.0114446,70.57474,-21.849165,-4.181393,4.1583643,-13.604801,-20.420702,0.06368518,-10.08795,-10.40184,-15.4365425
PV,e,11,ADS,64.7594888612851,75.6309524346932,-292.14432,165.09106,17.460066,56.038727,-5.7289,-13.749537,-41.80884,4.9811845,-12.595731,-20.47705,-8.169889,-11.988117,-3.9325216
PV,e,11,ADS,76.05003936901201,69.81318686278826,-280.24744,143.17058,-20.807678,59.39469,-45.968002,-14.386084,-73.18416,-8.56432,-2.0312636,-23.576485,-4.8057117,-6.435705,-5.762101
PV,u,11,ADS,78.97538993175817,60.11691090962756,-362.5185,184.2896,19.148064,-4.390638,-41.766464,-13.190772,-12.827124,-22.565514,-37.974792,-13.610052,-13.742933,5.563211,2.581921
PV,a,11,ADS,80.47785625703214,71.75244205342324,-329.3412,171.04602,36.795048,39.44574,0.53256655,-5.4017143,-48.38768,-7.091154,-11.980479,-2.2119625,-32.710716,-8.77875,-0.039917707
PV,a,11,ADS,82.94115090427894,98.90201472228455,-307.63486,174.79257,-2.3797736,23.991375,-16.269848,2.7673705,-26.388325,-3.0787272,4.8994565,0.89898586,-13.069189,-16.246626,-15.183882
PV,e,11,ADS,83.72364037369937,50.42063495646687,-329.3126,100.735916,39.518024,69.349754,8.630445,-2.0354555,-52.86793,-3.3554778,-3.1562405,-7.203159,-23.002773,8.943794,21.365078
PV,e,11,ADS,84.47608358429004,89.20573876912385,-234.24039,85.789215,-14.390324,79.442116,-72.45292,-0.70853615,-32.659615,5.2508955,-36.419273,-3.0450974,1.9933066,-22.68899,-8.378681
PV,e,11,ADS,84.95203342978058,93.08424915039382,-280.70105,110.014145,-5.844028,76.02829,-54.913586,-16.90569,-23.516666,-1.6284857,-41.792564,-1.5975208,1.7955625,-12.827234,-17.186316
PV,e,11,ADS,86.49029115447037,85.32722838785389,-288.59735,116.791534,-46.962517,62.639923,-54.844536,-6.249696,-13.885499,-4.408659,-12.8162155,-5.092062,-8.184559,-10.964116,-2.1980336
PV,e,11,ADS,87.53761831506017,104.71978029418949,-345.13678,139.38522,16.205585,81.33116,-29.651476,-21.681702,-35.567047,-4.6196003,-15.397583,-11.821309,-4.9535565,-15.897225,-3.8759947
PV,o,11,ADS,88.47429076876095,69.81318686280247,-347.28903,210.8707,12.537194,-4.172446,-73.62929,0.9921789,6.8963947,-10.410664,-5.041844,-15.413277,-6.552143,-8.998439,11.787056
PV,e,11,ADS,88.85147590333908,71.75244205342324,-274.9562,146.13104,-21.326792,56.18743,-19.34589,-25.65669,-47.726967,15.737208,-9.197514,0.28398,-7.9465914,-9.68619,7.426721
PV,a,11,ADS,93.11094921562986,79.50946281596316,-354.5709,177.31033,-12.6908045,11.303134,-17.674421,13.53256,-8.921017,2.294069,-2.274862,10.032631,-3.002339,-15.762834,-18.939253
PV,a,11,ADS,93.95594335245526,71.75244205340903,-329.94702,179.68404,19.004395,-16.693245,-12.381582,21.205418,10.85627,4.1827116,-7.942728,9.264441,-16.88935,-11.088771,-21.310665
PV,e,11,ADS,94.54545678762076,85.32722838785389,-236.45656,167.3161,-12.441436,29.102983,-15.911026,-13.958547,-39.73319,-2.0152476,0.44699383,4.634199,-9.4599285,7.7384133,-5.1633825
PV,e,11,ADS,95.54033923645254,63.995421290883314,-313.88684,149.37006,19.147804,43.49637,5.632938,-6.4972043,-45.751846,9.538977,-8.688194,-8.605476,-20.074738,-13.166856,-6.8060093
PV,a,11,ADS,97.97095334970332,67.87393167215328,-252.37924,183.26979,-31.90715,47.122925,-7.6036644,-6.264583,-25.896252,6.2066035,-7.865181,-8.805612,-1.603211,-3.7074902,3.1720343
PV,e,11,ADS,105.70047361126234,85.32722838785389,-337.58493,147.033,10.83647,83.171265,-40.8543,-23.856937,0.35209113,-7.966387,-31.624016,-16.882874,1.3078785,-12.518719,10.15126
PV,i,11,ADS,106.86888706024384,79.50946281594895,-301.9894,143.57585,-4.4117846,57.750748,-12.750847,-33.416027,-17.750412,16.435228,-21.677631,-9.078553,3.0296223,-6.252905,-9.266546
PV,a,11,ADS,107.13404389506996,75.63095243467899,-354.60464,179.37018,-28.179598,50.989582,0.50296783,1.9700298,-36.87335,-4.5159354,5.9581194,0.25850433,-20.558857,-3.327091,10.811938
PV,i,11,ADS,107.983801348261,48.48137976580347,-340.5873,117.88469,33.80333,62.72339,-11.897479,-13.216323,-26.574055,-9.173107,-45.366917,-6.9650993,-10.496784,-14.050327,-8.678317
PV,o,11,ADS,108.18160537770558,67.87393167213907,-341.59378,170.52417,17.977833,-17.885735,-55.682365,26.74534,2.395403,-12.447784,-24.721014,-9.396036,12.80673,14.11149,-8.701511
PV,i,11,ADS,108.37262201398292,58.17765571900679,-301.39084,177.94531,-36.83228,50.119846,-27.803825,-27.94313,-42.08813,12.67536,-25.009342,-4.8609,-0.67737037,0.29431546,1.9971175
PV,e,11,ADS,111.52623902689608,54.29914533772262,-315.55545,105.56792,45.897057,39.103256,8.075814,-8.5978565,-40.828224,-1.1271007,-34.438324,-12.698332,-35.099182,7.0917406,7.4943547
PV,a,11,ADS,115.24298754726746,60.11691090961335,-255.52449,164.78387,-47.2101,50.230503,-21.010017,-15.128704,-48.735073,0.37555718,11.078057,-6.738197,-7.3803306,-17.500097,8.142379
PV,i,11,ADS,116.50950302659771,63.995421290883314,-324.43735,122.448746,38.286644,100.29126,-23.909843,-40.891556,2.210075,5.343891,-25.369122,-7.677529,-3.5279214,-8.469145,-18.761562
PV,i,11,ADS,117.01059324446412,48.13936885648218,-287.01904,104.894394,40.662476,58.265892,8.764482,-38.227966,-13.689613,3.4610043,-28.690067,-1.9798813,-17.545252,-1.0792162,-22.016542
PV,æ,11,ADS,118.12695946542904,68.95639322684133,-217.16476,167.663,-56.17326,19.553144,-34.562183,4.854528,-37.703403,2.2460508,13.744503,7.2501397,-15.355429,-13.314362,2.1625435
PV,i,11,ADS,118.90844950307674,62.45107311110587,-402.8338,133.22911,21.461803,83.41291,-2.2697778,-2.8892007,-8.351981,-12.587636,-20.410702,-6.8171573,-14.693853,-4.789133,-21.277197
PV,e,11,ADS,120.0141808397648,62.45107311112008,-262.92755,162.20349,-25.318134,59.75775,-21.56157,-27.338295,-38.179924,3.4752033,-15.233732,-16.88856,-11.489015,4.711408,-9.379375
PV,a,11,ADS,123.69220035199903,92.37554564352024,-266.1697,162.03726,-57.641117,13.442469,-34.630157,16.98698,-26.305986,-15.954838,-10.415834,6.6277704,0.953434,-12.333857,-6.004077
PV,a,11,ADS,124.42600046105458,102.78405782869982,-328.0697,154.97238,-26.953295,20.786575,8.540194,-4.1200147,-30.65167,-5.58263,-17.983267,14.99432,-16.984892,-3.3727565,-16.381338
PV,e,11,ADS,127.90245559557442,219.87981991202332,-268.68243,168.08656,-47.23178,76.29678,-19.89663,-27.440771,-30.307308,9.58803,-7.837383,-18.067312,0.30053318,-0.13348067,-1.5016177
PV,i,11,ADS,129.11318357481514,52.042560925912085,-311.19888,127.55226,-13.755201,71.758316,-27.401556,-0.7311193,-30.33973,-6.487897,-20.24301,-36.119385,-12.442345,2.7272744,-15.595753
PV,i,11,ADS,130.86635140191595,79.36490541200669,-421.76907,133.81659,12.458225,88.98323,-19.820675,-23.946968,-3.4883463,-2.8037338,-22.025187,-10.208317,4.670091,-12.723808,-21.4843
PV,e,11,ADS,131.9989023537219,52.042560925940506,-323.02408,125.97467,2.9864001,70.68286,-20.962328,-17.574837,-31.498577,-34.25739,-13.277745,3.0482128,-15.37833,-3.408012,5.2482405
PV,i,11,ADS,132.37850810694115,65.05320115741142,-292.57864,149.6427,-0.12700793,71.99686,-26.510098,-11.523626,-12.608121,4.3338394,-13.078844,-21.618198,-12.674471,4.673193,-13.033396
PV,e,11,ADS,132.7954991263601,61.150009087953094,-289.11102,123.73323,-23.03534,88.460464,-40.662483,-25.603275,-25.571419,1.5444759,-17.332539,-22.40231,-9.555557,-7.514555,-6.4957514
PV,æ,11,ADS,133.25052264007127,63.752137134258646,-266.44226,132.5752,-11.247715,49.673428,-26.574564,-17.1198,-23.280163,0.40175867,-11.027997,-11.84555,-5.6892705,4.058278,-0.06793785
PV,i,11,ADS,133.4596011005567,35.12872862498284,-305.9002,171.03412,16.888935,82.688774,-17.953068,-22.201385,-22.12362,-7.505226,-24.483717,-20.550037,-11.516205,0.42409286,-7.674911
PV,e,11,ADS,133.6248362314965,102.78405782869982,-291.5903,153.39484,-1.7683713,93.09411,-27.012558,-17.796803,-23.247288,-0.81948185,-23.384808,-32.195736,4.6890564,8.911202,10.536743
RV,a,11,ADS,5.026034498707595,77.42791474800548,-391.989,104.830444,-39.49113,22.563602,-5.1044283,-26.590172,-38.844948,0.9335892,-14.165123,-10.073456,-11.207012,-4.4065857,-6.897547
RV,e,11,ADS,6.378045080765944,73.556519010606,-451.87515,91.19297,-10.138554,39.275375,-12.29744,-9.626818,-32.09887,3.9972162,-23.09145,-22.793945,-7.408909,6.7933645,-7.368354
RV,a,11,ADS,6.516447478378004,52.26384245490401,-388.86945,121.11436,-53.874596,19.195824,12.172312,-16.039534,-64.48099,-13.984005,-30.176998,-10.891296,-8.9767475,-12.621381,11.944706
RV,i,11,ADS,16.41112020322101,104.60600549892618,-460.79514,72.46849,22.261879,52.872784,-19.63189,16.216587,-17.186281,-0.30338454,-29.533787,-17.593472,-4.4295406,1.2610037,-16.289322
RV,e,11,ADS,21.672130300503,70.21498999242581,-400.33722,45.711716,-10.156596,38.525627,8.552695,1.9237317,-24.176455,4.3596487,-28.761112,7.669284,-36.53807,-8.043848,-12.419822
RV,a,11,ADS,23.060007024193222,51.586523259747,-391.85553,127.65555,-30.948376,-5.7785335,-27.56477,-22.969292,-45.41851,6.44135,-14.3944,-2.04809,-34.474224,-1.2292366,-20.211105
RV,u,11,ADS,24.39560450220196,44.4217283625612,-506.2155,115.01257,-1.6294321,-4.90476,-14.495031,-1.7943723,2.6631896,-4.689474,-28.208748,-26.007568,-25.99223,-10.138093,-15.059839
RV,æ,11,ADS,24.923894337934,116.06967733442275,-530.78876,96.59737,-15.67375,-5.520614,-25.524292,-10.301659,-21.431913,5.850203,-9.762447,8.236906,-14.669994,5.3631735,2.4963193
RV,e,11,ADS,28.11165568693989,75.94682591017943,-500.03687,78.290955,6.820837,58.142685,-6.858799,-0.23642498,-18.701391,14.744015,-40.247204,-20.438072,-8.936344,-4.810184,-2.516491
RV,æ,11,ADS,29.287666738445587,229.27343670997402,-488.46973,109.45816,-21.030811,9.786148,-19.351969,-22.012287,-29.056187,15.267426,-10.702819,1.1086199,-9.04289,1.0746241,7.0812583
RV,e,11,ADS,36.23212166542998,74.51386693074369,-404.7815,40.69591,12.651022,45.91595,-14.812803,-11.152864,-25.84601,5.8887453,-51.58806,-8.899245,-21.068745,-0.3983784,-19.47261
RV,i,11,ADS,36.57330000697477,71.64794897187221,-520.5931,79.542145,-9.8916,44.3035,-12.225542,3.415335,-16.931313,19.61589,-13.813847,-26.600561,-6.8997326,11.607252,-6.9601727
RV,æ,11,ADS,42.26320622859136,151.89365182035885,-387.2609,97.785965,-28.143997,-0.42464286,-29.212784,-14.567887,-33.80925,12.668197,4.8850484,1.5373093,-18.749155,-6.455117,-28.515184
RV,o,11,ADS,45.719387615333645,93.14233366342961,-439.6736,127.784935,-6.1924286,-9.400913,-37.299416,-4.760504,-39.483498,7.322384,-27.166983,-23.374428,-8.821543,6.134759,-21.269932
RV,a,11,ADS,46.6398124266832,85.9775387662367,-452.55484,87.82435,-21.660736,33.297897,-27.15474,-11.601686,-47.02099,-7.2933526,0.656829,16.96592,-6.275203,17.99923,19.767546
RV,e,11,ADS,47.96903286048844,67.34907203355789,-333.0859,88.612976,-66.18525,55.101788,-29.64306,-17.452368,-46.83226,-5.622511,-26.655449,-23.570286,-0.5037476,-29.405062,-13.271071
RV,e,11,ADS,48.21836772291053,41.555810403686166,-352.1485,82.688324,-32.665478,69.47061,-10.228772,-28.689835,-39.110703,2.75489,-25.935665,-43.751213,-9.878135,-29.977848,-7.2514057
RV,æ,11,ADS,48.41754902105232,90.27641570456524,-336.86584,91.88838,-48.417553,57.237835,-10.16152,-38.104073,-53.45347,-6.489118,-27.84897,-30.33461,4.515417,-31.38758,-20.793812
RV,e,11,ADS,48.721186901155576,108.90488243723695,-425.22357,112.31819,-13.456378,47.98317,-21.80103,-30.253744,-43.40602,11.608591,-44.147327,-21.452236,6.168067,-10.640055,-15.1318245
RV,a,11,ADS,49.61375560270882,65.91611305411504,-365.15366,123.417015,-59.522736,-8.036089,-27.461113,-3.0838656,-32.736248,-2.4107788,-24.448074,7.195925,-17.138315,-28.084766,-18.31998
RV,a,11,ADS,49.935156046517605,81.67866182792949,-437.14285,114.99382,-32.862152,10.923941,-7.410545,-9.534069,-24.945976,2.8067584,-30.916922,7.256964,-18.19962,-10.065971,-3.9190862
RV,e,11,ADS,50.21959840393592,114.63671835498701,-480.63727,95.04372,-18.002714,43.10086,2.4171784,-14.219881,-27.337687,13.006886,-21.356773,-38.64776,-13.49242,0.37248597,-20.225252
RV,a,11,ADS,50.66414672967359,53.01948223918629,-449.62488,125.49692,-31.598501,6.272155,-22.102173,-2.635269,-34.23282,-4.8244324,-28.447254,1.3476875,-21.081959,-19.394852,0.91028136
RV,a,11,ADS,51.44563735325246,53.01948223917918,-459.2781,128.32053,-15.000486,15.59421,-15.113096,-2.1829147,-15.917406,0.22361422,-19.876684,-0.23357296,-16.951277,-17.118284,-16.904943
RV,i,11,ADS,52.13867839545303,98.87416958117257,-524.619,82.4369,-2.0937536,55.05094,-4.6988153,3.6300201,-6.5684223,0.25268793,-31.567518,-18.06874,-4.1045637,-2.6532702,-1.0584085
RV,a,11,ADS,52.52844323785999,70.21498999242937,-479.29456,118.017685,-15.237484,5.8539257,-24.343338,-1.3311235,-20.660126,6.884897,-0.03261447,7.97095,-8.993326,-25.170063,-36.67064
RV,a,11,ADS,54.13185462148607,73.08090795130084,-432.03946,126.5538,-12.709485,-19.792511,-21.422392,7.9291973,-30.666,10.822683,-11.536408,-0.059346437,-12.812893,-22.600452,-16.485315
RV,i,11,ADS,55.19189102392925,54.45244121861492,-484.52975,64.41703,13.422876,45.355286,-6.572242,-4.3086557,-9.568034,4.626093,-37.489395,-25.974228,-16.474995,-13.67448,-6.0901246
RV,a,11,ADS,56.16837441608229,50.15356428031481,-471.90915,118.4001,-16.817858,19.257225,5.857857,-16.758251,-22.014643,9.395329,-20.590183,-10.35606,-11.443364,-6.876016,-32.1753
RV,e,11,ADS,58.54105719579529,126.10039019048003,-374.58298,106.60742,-49.454933,21.82927,-21.118122,-18.448484,-38.966484,-13.913036,-15.001047,-1.423218,-25.374786,-23.070505,-4.4522543
RV,a,11,ADS,62.35932049575355,71.6479489718651,-406.321,103.940216,-36.10801,-1.8200287,-12.356726,-8.928274,-40.02918,-0.6555257,-13.930191,-0.8536945,-14.877169,-1.7350482,-19.059895
RV,a,11,ADS,62.710789321062535,57.318359177493505,-352.11728,99.528786,-52.173164,-16.318298,-26.792587,-12.708407,-18.966543,10.718129,-1.497421,16.852383,-17.736454,-4.999305,-16.702782
RV,e,11,ADS,63.809208330906415,110.3378414166798,-452.3409,51.523903,8.067054,29.868607,-9.75051,13.152855,-29.280348,-1.6534331,-32.324936,-31.59074,-28.343191,9.124285,-15.091792
RV,e,11,ADS,64.78821127980743,54.45244121861492,-460.63052,91.03593,-7.639039,48.327003,-0.60301816,-11.885699,-29.301395,5.118231,-25.817184,-39.97709,2.7588873,5.1935534,-15.57813
RV,æ,11,ADS,64.94080609201876,146.1618159026017,-464.53625,116.70619,-14.194056,27.60707,12.042466,-1.4290098,-25.080103,-9.972612,-34.31099,1.3533287,-13.731892,-20.135967,-13.977589
RV,a,11,ADS,66.86207459817179,60.18427713635788,-328.8619,95.57977,-40.897934,25.28963,-28.090689,-27.675903,-45.91739,-14.561919,-15.307906,5.81779,-11.890034,-15.637513,-16.467768
RV,o,11,ADS,72.28887498555503,85.97753876624381,-416.4385,125.8564,-12.301718,-3.3168054,-51.61378,-33.810734,-41.006203,16.172083,-1.9951322,-6.5184407,1.6326827,-7.9610443,-21.966864
RV,e,11,ADS,72.71751133898144,180.55283140910205,-401.4507,46.767006,-20.562168,64.00775,-22.687943,-8.620842,-21.04227,19.567104,-29.725891,-21.702114,4.4209805,-17.431889,-38.293823
RV,a,11,ADS,76.55571039818248,71.64794897187221,-355.19864,73.16961,-39.153484,12.104939,21.685635,-26.315853,-41.985428,-3.8572936,-18.871014,6.174083,-41.429554,10.307809,-28.918196
RV,a,11,ADS,76.74701042193738,55.88540019805066,-371.58167,58.726456,-51.37689,35.990257,-11.066961,-9.327313,-52.416313,0.7853259,-2.1124163,-10.557176,-6.820086,-15.677338,-12.038477
RV,i,11,ADS,76.95980483038382,85.9775387662296,-401.6049,56.08592,-14.739455,58.53667,-24.279306,-15.463492,-18.439056,2.4976301,-19.179893,-27.157036,-12.182526,-7.174904,-19.412659
RV,æ,11,ADS,79.2692795534949,111.77080039611553,-397.94092,73.13019,-11.591587,24.650234,-11.829847,-33.68727,-32.789,-1.9132254,-38.12961,-7.6043105,-28.360218,4.029607,-5.9584155
RV,i,11,ADS,80.55370814065874,54.45244121861492,-417.2378,55.72445,-1.1664705,27.863277,19.488256,-1.6006854,-24.133108,1.3915837,-42.494267,-23.274199,-28.668598,12.276253,-5.32265
RV,i,11,ADS,90.59620661892762,63.05019509525778,-474.56436,60.810783,-3.3297613,39.38457,-10.199804,-3.0720282,-7.697005,-19.078575,-28.23954,-27.112394,-14.218949,20.75411,-29.509785
RV,æ,11,ADS,90.8701462358096,64.4831540746793,-233.1116,97.06561,-52.35684,42.481384,-24.066153,-32.61664,-32.71444,-0.76693094,-11.194883,-37.45938,-10.491249,-3.9545746,-8.675735
RV,e,11,ADS,92.7117123379985,80.24570284850085,-459.1578,72.883575,-0.82615685,40.167435,-12.661429,-14.42976,-20.461063,9.461784,-30.957975,-17.971306,-27.019493,4.1893167,-10.376446
RV,e,11,ADS,93.23859297181907,98.87416958116546,-489.25305,80.12374,5.7348204,36.329178,-16.733656,-11.204904,-22.978968,-1.633821,-25.15092,-11.718597,-15.604756,-3.133398,-10.809353
RV,i,11,ADS,94.84180741777178,80.24570284848664,-475.98212,61.60086,-2.336596,47.540253,-32.722744,1.1977236,1.75162,1.7116992,-43.989857,-32.006462,-5.8919897,-9.541799,-24.44546
RV,a,11,ADS,95.27384455007214,50.153564280293494,-414.32727,63.030502,13.451444,18.021982,4.243817,-10.121492,-42.39033,17.13136,-12.234354,-10.062021,-17.352018,5.3221006,-21.78038
RV,e,11,ADS,98.44248164759702,111.77080039611553,-470.84683,43.518715,16.615273,22.65783,-18.86364,-7.382977,-20.447136,18.843454,-27.62585,-26.933876,-22.341293,17.047165,12.666576
RV,e,11,ADS,98.68895059206024,80.24570284848664,-420.3564,5.2469416,10.627441,43.176517,-1.4230379,16.101007,-25.342258,18.68128,-29.280304,-12.9224415,-29.07751,-7.172386,-20.172794
RV,i,11,ADS,100.7706239136076,128.96630814937282,-444.53476,7.3508196,25.000156,39.00972,-38.18472,7.573039,-17.940157,10.664911,-30.952747,-34.05241,-32.98664,3.952268,-1.5139662
RV,e,11,ADS,100.93846173277642,48.720605300857756,-414.27118,30.141861,24.539433,41.06078,-30.299767,10.778908,-26.94419,-15.610239,-16.65839,-23.168312,-28.663067,4.837,-12.504753
RV,i,11,ADS,104.7288060897037,77.37978488962938,-468.84805,73.0867,6.0549994,44.846054,-19.996658,10.55796,-28.898348,5.003709,-19.038322,-22.084011,-30.55764,-11.247429,-20.191269
RV,a,11,ADS,112.41425867056384,90.27641570456524,-281.7387,81.40581,-68.412704,-20.68559,-50.462753,-6.446108,-15.9407215,24.142195,7.861869,-3.1562605,-11.297634,-1.3766828,-14.681802
RV,i,11,ADS,114.98423308085763,70.21498999245068,-492.0125,55.75005,-7.8667955,33.4375,-25.613857,0.17778087,-21.980286,16.271132,-15.465104,-22.516453,-23.315285,-8.06973,2.4454942
RV,æ,11,ADS,118.06080600451855,111.77080039612974,-391.41092,105.78783,-36.632797,19.848248,-50.317345,-44.182465,-61.61126,10.700321,-35.072598,-2.6919887,13.414833,3.9807158,-23.177053
RV,e,11,ADS,119.6924436162198,68.78203101300073,-338.85303,81.94218,-26.304058,36.295525,-24.083721,-30.513428,-33.55809,-2.622443,-43.321518,1.682477,-4.613921,-25.096718,-14.468954
RV,a,11,ADS,119.842187829571,50.153564280321916,-300.52747,106.28777,-69.019554,-16.193245,-9.359658,-9.90562,-58.05687,2.6379306,-33.499176,-2.8541582,3.3863306,-3.6135287,-14.105046
RV,u,11,ADS,125.70109662045856,47.28764632143623,-493.04565,115.94314,2.0655494,-3.181125,-27.802048,20.348946,-6.7432737,-14.746725,-41.383846,-11.835354,-10.54073,14.031216,-13.316564
RV,a,11,ADS,129.40883357929616,83.11162080735812,-365.727,97.13928,-80.14981,-8.029668,-20.968742,-16.708902,-54.173866,5.0111976,-33.327015,16.976772,-27.986202,-22.61425,-1.9899963
RV,a,11,ADS,134.28954249107505,137.56406202597304,-477.4004,100.53603,-6.776515,26.475945,-16.487907,-17.4707,-42.26064,3.4373713,-28.619291,-31.54725,-13.015502,-8.812892,-6.63492
RV,i,11,ADS,140.11251696010584,136.13110304655152,-503.59933,81.13946,-9.214386,56.922142,10.783089,0.3305242,-22.690578,-0.7878454,-53.949493,-37.170395,-16.833998,0.5817171,-25.425217
RV,i,11,ADS,144.84489086044488,64.4831540746793,-467.2482,72.06255,-3.3459756,51.905178,-16.736818,-28.50582,-16.673788,8.784586,-35.141468,-24.941704,-10.270285,-11.294859,-4.33365
SAF,i,19,ADS,0.5321868143659392,62.92366549023454,-383.6787,56.258106,2.4594703,59.578674,-6.5346136,-7.806351,-17.673584,-0.9952564,-35.09786,-5.287401,-29.999023,-0.04490304,-14.842545
SAF,a,19,ADS,1.97285336227966,50.68850831157712,-403.42264,88.155624,-51.5143,30.61729,-26.078903,18.573227,-27.168064,7.057583,0.2822702,-0.54207766,-20.310482,-31.162289,-23.142067
SAF,i,19,ADS,4.723162092670334,80.40246145974362,-417.78055,65.94432,12.895433,44.207573,-22.408134,-24.666382,-21.053802,6.2851286,-48.760925,-20.693691,-4.8478518,-11.652018,-4.3598027
SAF,æ,19,ADS,5.375207971255943,148.5697657408318,-458.92816,73.10448,-22.301483,29.400171,-18.031155,-13.262753,-31.470863,-0.21340805,-30.8545,6.583341,-9.763543,25.69349,4.5780144
SAF,i,19,ADS,6.318391521297737,54.18426750548022,-375.2645,-23.591503,51.833706,30.31685,-16.342293,-14.9605055,-22.825958,22.558458,-63.63033,-3.034817,-40.10225,-13.045267,-4.8889637
SAF,u,19,ADS,6.615531052779399,71.66306347498974,-465.40186,120.0597,4.4869766,3.716147,-16.598728,10.948953,-3.8773706,-0.904124,-32.177197,-5.425149,-31.49712,-18.334415,-10.014498
SAF,o,19,ADS,6.861982075949484,75.15882266889129,-440.37848,127.02823,-6.2334223,-7.0870132,-33.81532,8.36577,2.9917064,-0.96656203,-48.191025,-36.82869,-27.33626,-1.8074101,-16.271515
SAF,e,19,ADS,7.876876456454026,96.13337783230324,-441.93414,71.48665,-7.3097653,44.86226,-3.9986506,11.8753195,-8.665368,-5.3405695,-34.01881,-14.631079,-26.74693,-2.1891704,-9.823503
SAF,i,19,ADS,8.40561003453169,73.4109430719414,-388.18158,-25.069386,37.566498,15.45983,-8.510843,-18.542456,-8.167137,3.4684536,-46.741547,6.7202196,-13.7938,-1.81248,-16.707193
SAF,i,19,ADS,8.629818987302098,48.94062871462701,-421.4863,9.516947,36.483334,19.738728,3.1806486,-21.57428,-24.278612,10.708872,-41.33867,5.621051,-16.395203,10.053682,-14.382448
SAF,e,19,ADS,11.248518708867174,57.68002669938177,-358.28687,-12.318255,7.763958,33.77704,-5.408352,4.897614,-49.133026,0.9326849,-30.176697,-23.108448,-21.604156,8.871273,-6.734524
SAF,u,19,ADS,16.853260816525122,153.8134045316859,-490.46637,99.532196,-2.894226,11.166344,-8.648634,15.787472,-12.054613,1.8247769,-37.73972,-20.734972,-33.536903,-19.397469,-23.502666
SAF,æ,19,ADS,21.98489335945141,75.15882266889307,-377.13828,89.83956,-8.278247,29.29079,-18.01564,-13.064787,-42.15164,-0.112244606,-21.853853,6.46938,-22.708618,-8.589648,1.9276044
SAF,o,19,ADS,22.50328430815219,71.66306347498974,-474.04236,134.11658,38.963547,8.965794,-39.10968,-9.168667,-33.813694,14.685909,-26.397675,-22.845018,-14.509096,-6.030204,-12.015319
SAF,i,19,ADS,25.139059157954826,50.688508311576896,-437.94803,34.185318,19.16301,56.77175,-12.5878935,-1.2537923,-22.669773,2.5831409,-47.848736,-4.927556,-31.08244,-10.074481,-19.616535
SAF,a,19,ADS,25.87453298512756,94.3854982353507,-513.37915,86.65639,-25.816244,0.44803047,-32.448006,18.816021,-25.247122,16.070179,-17.245762,4.240615,-12.8782425,2.1292334,-1.7680047
SAF,e,19,ADS,27.21959428655743,68.16730428108997,-440.7311,81.52408,-11.478282,46.650307,0.42428356,13.35514,-15.219526,-10.577989,-43.01659,-27.202068,-25.00745,1.7027191,-26.090046
SAF,e,19,ADS,30.587442738314422,59.42790629633876,-378.5699,76.78218,-6.8777504,52.01145,-21.54963,-19.778606,-33.465256,8.380421,-38.10024,-27.81385,-7.747922,-0.13520527,6.052182
SAF,o,19,ADS,31.304928475516,164.30068211338522,-451.17252,128.86235,7.055861,2.5692015,-44.10215,-8.25297,-29.584095,-16.729254,-31.58904,-4.9237466,-8.126703,-1.5992892,-17.556679
SAF,æ,19,ADS,32.82750518230608,101.37701662315379,-364.61923,73.888885,-14.802521,77.22139,-11.033635,-22.721,-31.024185,-6.7294235,-43.894928,-9.431474,-14.67667,18.142536,-16.97816
SAF,a,19,ADS,36.36252641004634,92.63761863839903,-304.83218,72.9012,-103.29288,5.11007,-40.975296,-19.218628,-13.907005,5.9646606,-13.000761,2.5880764,-26.491184,-5.10314,-32.26111
SAF,a,19,ADS,38.974733814931085,99.62913702620568,-369.57477,70.12216,-58.11091,25.308233,-27.51138,-4.2804956,-20.599504,5.9462523,-21.34301,-5.520976,-34.302956,-4.7167935,-5.3755026
SAF,a,19,ADS,39.989916144603725,59.42790629633521,-351.9283,98.42346,-41.278656,6.9123187,-11.071326,-8.386972,-24.242493,15.877285,-19.849865,8.59605,-31.222097,-8.000654,-14.881993
SAF,e,19,ADS,42.436286240317486,90.88973904145092,-427.91388,90.342545,-22.907671,34.796974,-13.327503,5.4681067,-30.144402,6.861121,-6.468437,-31.845545,-33.564198,-4.008936,-8.201029
SAF,e,19,ADS,45.410064539590735,57.6800266993871,-417.68768,80.53467,-18.378643,40.148125,1.973577,-16.647549,-22.440945,-14.94616,-46.96597,-39.972775,-26.47105,-10.3295355,3.922951
SAF,e,19,ADS,45.810328967292506,68.16730428108286,-440.2237,39.119,7.055176,64.630394,-9.900343,-10.583634,-2.990725,0.3684131,-46.23529,-30.639887,-25.013641,-22.169823,-22.153912
SAF,i,19,ADS,45.95734326862896,52.43638790852856,-400.3652,71.094574,-16.997326,49.024208,-8.925711,-25.59532,-22.777067,-12.788561,-44.77899,-14.655287,-6.9417567,15.5703535,-19.155369
SAF,e,19,ADS,47.752771515441765,99.62913702620568,-380.9466,54.01954,-10.962945,35.635315,-14.575798,-29.290527,-6.4497023,5.4366765,-35.814568,-23.8004,7.4533463,-4.132649,-38.586662
SAF,i,19,ADS,57.07963466434244,94.38549823535425,-395.64017,46.446976,5.4611616,53.892944,-2.8041692,-1.3354616,-16.563475,-10.359007,-42.867596,-19.56785,-18.279408,2.231844,-15.232164
SAF,e,19,ADS,58.085213748526,73.4109430719343,-422.05896,57.440315,26.572842,17.355003,-6.7836714,-12.396934,-11.182344,-8.902209,-41.010162,-10.576642,-20.186375,2.9652722,-22.868267
SAF,e,19,ADS,68.164596923196,94.38549823535425,-377.49377,43.78547,-3.6095812,62.570534,-41.23606,-14.261078,-28.88847,-30.241692,-32.9102,-25.167923,1.1028194,-0.9983167,5.0149374
SAF,e,19,ADS,68.29830971236275,82.15034105668906,-381.70758,68.033676,4.3461003,55.72847,-30.626003,-30.835125,-34.82953,-14.470597,-58.469673,-3.2764456,-1.2255969,-13.833946,-12.701415
SAF,e,19,ADS,78.24008067094007,71.66306347498619,-394.30774,81.712845,-28.001328,81.15475,-15.898308,-2.1412277,-53.780746,-8.298313,-33.244686,-2.15488,-0.16301095,-3.4897156,-15.655007
SAF,æ,19,ADS,78.55385398823373,290.205872375779,-507.34436,95.883575,-54.668053,6.1656017,-19.134802,4.545515,-11.686621,17.242594,4.8343477,14.79811,-26.702976,-17.40295,-4.300536
SAF,i,19,ADS,80.36762622576192,52.43638790852856,-417.52023,73.3768,11.486202,58.98965,-27.395523,-2.1154492,-15.296368,-5.4871964,-41.93461,-11.58927,-17.114605,-10.734272,0.5028505
SAF,e,19,ADS,83.13110191241154,111.86429420486377,-424.98007,64.0676,-22.070805,65.788704,-46.692123,-5.9045944,-18.034407,-25.348633,-50.489517,-22.411533,-5.358827,-33.120415,-12.346205
SAF,i,19,ADS,85.76348662928993,80.40246145974095,-480.239,49.683098,34.544437,42.467087,-13.034118,-11.826159,-6.0316486,0.8830532,-54.876625,-0.06867027,-21.526375,8.590105,-25.319908
SAF,i,19,ADS,86.65092035512771,68.16730428108997,-450.65256,59.971046,17.612679,67.393265,-11.439129,12.202675,-14.325381,10.997016,-35.806206,-1.5075145,-3.9060931,-3.8775468,-15.353089
SAF,e,19,ADS,112.1420374518751,71.66306347498619,-383.2386,80.18031,-37.942726,42.67576,-2.3735878,-21.370834,-43.897163,-24.222065,-27.691372,-20.337748,-21.11299,7.7182236,14.654516
SAF,e,19,ADS,114.54969517692884,71.66306347498619,-443.62357,53.4296,1.4174569,68.06645,-53.263096,-3.3206954,-24.0968,-5.1021967,-46.55343,-9.516756,-24.479202,1.0000957,-14.189198
SAF,e,19,ADS,119.2512457890916,49.72873266088129,-385.81445,66.69479,14.491095,55.144775,-56.45494,-19.848072,-21.585873,-31.332855,-35.429577,-14.39485,-19.213108,14.333191,-21.300533
SAF,i,19,ADS,120.96572717593122,61.824910875657224,-388.96414,60.578766,0.32136273,36.012207,-44.843605,-27.354845,-12.117562,-5.219219,-28.568018,-12.178265,-18.777315,-17.041458,-15.779265
SAF,æ,19,ADS,121.06720067095544,60.48089107403598,-357.9388,94.82601,-60.62168,15.660736,-57.75011,-22.908144,-19.669823,22.590805,-3.4671843,0.9475739,-31.264534,-7.4214964,-6.225189
SAF,e,19,ADS,122.03220688853666,84.6732475036589,-474.096,68.19814,-0.025964022,32.294098,-15.357918,-21.757954,-36.519615,2.181562,-46.697365,-8.384489,-1.3004668,5.5248356,-10.505615
SAF,e,19,ADS,122.65086719215223,119.6177623464223,-489.5758,59.130318,-39.08944,39.456596,-31.286583,-20.013687,-16.254059,-23.945286,-63.48618,-22.276379,-4.2722793,-18.830853,-11.165745
SAF,a,19,ADS,127.39211187838669,79.29716829707445,-363.12125,128.81346,-61.944347,5.6670933,-21.071854,-6.901927,-31.0875,12.196256,-18.368393,4.613237,-22.691881,-7.7756844,-21.943665
SAF,i,19,ADS,139.27643523372694,96.76942571843483,-450.8396,50.174774,-0.036028862,45.747124,-9.50727,9.173138,-15.314345,5.3535957,-30.835651,-7.363834,-15.377194,0.285791,-13.238888
SAF,e,19,ADS,142.74677724134284,103.48952472668316,-492.71436,92.187416,14.905859,47.425682,9.605941,3.7643867,-20.444939,6.4469757,-34.005234,-28.869652,-8.193333,10.56669,-7.4592137
SAF,æ,19,ADS,145.4586471359478,65.85697028060622,-435.6936,76.58945,-27.030289,27.011753,-6.6180525,-15.059577,-30.912104,-0.45925057,-12.214664,-13.976929,-36.22776,9.11069,-10.310926
SAF,e,19,ADS,145.6494979477814,90.04932671021493,-366.6996,53.346725,8.965905,46.006493,-2.2853892,-8.857816,-20.472427,-13.973917,-46.30023,-0.09306347,-26.105623,-16.933998,-15.453756
SAF,a,19,ADS,147.19909756146558,49.72873266086708,-375.57697,98.70876,-45.902214,-4.0342345,-51.11008,-12.384241,-17.283218,8.220169,-10.919462,13.393097,-21.034698,-22.356222,-26.664104
SAF,e,19,ADS,148.51589636955123,72.5770692887977,-461.18942,78.78404,12.850967,66.58695,-20.831385,-11.412624,-21.668533,-25.81932,-34.535698,-36.11769,-18.577003,-16.103977,-11.271019
SAF,u,19,ADS,149.3695545410253,57.79285147073665,-501.71747,125.184525,9.769887,14.860341,-31.780777,12.541726,-9.588712,-2.0740514,-25.012074,-4.934656,-22.254992,-13.481474,-17.223183
SAF,e,19,ADS,149.86246306948445,52.41677226413799,-424.69797,75.8982,30.857246,29.424217,-14.926796,1.6536369,-16.246407,5.9626613,-36.27009,-24.467056,-15.47987,6.8414307,-13.438715
SAF,æ,19,ADS,150.2811252376969,61.824910875657224,-315.10977,80.6988,-85.903824,16.232979,-37.556892,-16.899,-15.2401905,11.479439,-8.857612,6.230001,-32.38312,-0.10508311,-22.508095
SAF,e,19,ADS,155.308339294179,75.26510889212545,-392.35855,95.58475,1.1505458,64.9872,-32.390205,-10.733573,-11.836564,-12.18685,-52.64386,-27.074623,-17.660114,2.4674163,-25.592442
SAF,e,19,ADS,157.3837636390267,60.48089107400756,-354.78766,82.24519,-32.2216,44.26911,-30.047192,-26.076313,-33.996056,-15.777288,-31.576275,5.4061184,-14.6145115,26.064924,-11.9723835
SAF,i,19,ADS,160.27893267158714,123.64982175134287,-441.45688,61.77732,17.856575,73.22577,-34.597076,7.6704035,-3.4606178,-16.496124,-43.79512,-19.363382,-7.7422724,2.340245,-21.517662
SAF,i,19,ADS,161.6887603671182,65.85697028060622,-452.59595,79.54854,28.35139,53.15942,-19.543196,-7.0436025,5.3822784,-3.7059906,-45.86942,-13.960246,-17.059626,-17.141884,-18.896158
SAF,æ,19,ADS,161.99990095119904,88.70530690859368,-421.53275,76.792404,-19.281757,78.52529,-18.35307,-8.477575,-21.796463,-3.3580518,-33.810074,-17.915781,-3.474,-12.031357,-11.811291
SAF,e,19,ADS,162.5731253966007,73.92108909047579,-399.92618,80.024284,-0.40522462,78.621475,-46.822662,-10.270764,-11.431484,-18.535015,-7.7264676,-44.853706,-16.63423,-8.844006,-8.882559
SAF,æ,19,ADS,166.81712264746852,79.29716829704603,-430.9555,69.613495,-13.7804575,57.955845,-28.427185,-29.435265,7.7085586,7.800253,-20.997892,-10.028039,-5.6314626,-21.382315,-15.90664
SAF,o,19,ADS,168.56282333724806,83.32922770199502,-474.7839,121.046135,-4.5356,28.203007,-20.160774,24.493694,-14.432788,2.3213725,-30.724546,-6.841686,-16.710585,-28.622879,-20.730556
SAF,u,19,ADS,173.51461271986904,212.35512865993655,-431.6607,123.99302,-2.6014614,-9.559579,-15.072941,17.525192,-27.65004,-23.512806,-54.282875,-14.080717,-9.650106,-0.44796848,-18.117931
SAF,i,19,ADS,178.87437961233803,79.29716829707445,-452.0981,29.47477,5.665151,26.424076,-22.358883,-20.289005,-37.80605,11.149706,-44.596,-21.903814,-11.699618,3.9769728,-19.304861
SAF,u,19,ADS,179.02377754896787,57.79285147073665,-396.9619,137.57433,-22.041206,-3.2780776,-34.80965,-4.45721,-22.208395,-30.479053,-52.6727,-21.784739,-1.3840399,-12.759764,-18.643555
SAF,i,19,ADS,182.23985432540127,79.29716829704603,-467.60394,54.401363,14.648973,60.512566,-3.7914653,-8.034984,-11.686487,4.8686237,-46.605236,-15.739365,-22.058603,-6.8338556,-14.579624
SAF,a,19,ADS,182.9529887863369,99.45746532173416,-425.18048,44.16301,13.060818,17.637604,10.986734,-24.169662,-36.189392,4.2232714,-26.269417,-1.2866867,-33.188587,-2.2320485,-9.402799
SAF,e,19,ADS,185.26215904416188,56.448831669086985,-395.8511,92.52536,13.278627,39.768806,14.878691,0.44717312,-42.408287,-7.5554595,-40.95856,-16.929096,-22.73405,-13.943754,-6.325769
SAF,e,19,ADS,185.84680765787752,53.760792065787655,-467.89178,80.90751,30.859285,42.15941,-2.971498,-11.574497,-29.071959,-5.516618,-44.807667,-17.659586,-24.642637,10.407783,1.3754835
SAF,e,19,ADS,197.6988745379782,52.41677226413799,-386.92505,34.813755,-29.850307,56.927322,-13.558014,-22.50447,-24.402945,6.271777,-26.5922,-21.801334,-0.9394667,5.659064,-8.011653
SAF,i,19,ADS,198.86333269600647,45.69667325594651,-414.78644,69.56501,-21.529457,30.748241,-53.142204,-23.132324,-25.860577,1.8040184,-13.610786,-4.8104477,-1.1908591,1.4913086,-13.390023
SAF,e,19,ADS,203.74901961967527,55.104811867522585,-383.03073,62.731438,-23.131947,84.80411,-16.375832,-28.999409,-46.95446,-11.783359,-40.18093,-31.538033,-15.137543,-11.750589,-12.023714
SAF,e,19,ADS,203.8588303309873,65.85697028060622,-398.87183,55.550644,4.4026585,99.664474,-25.9739,-15.566368,-21.576412,-15.307062,-38.961243,-23.873047,1.2603831,-5.248374,-17.97646
SA,e,15,ADS,0.55866022396061,69.39931930011134,-451.5379,105.1405,-21.69588,30.98613,-45.40738,-21.638641,-38.299362,6.21623,-12.814908,-16.351822,-18.806877,-10.190064,-22.628084
SA,e,15,ADS,6.795318659574806,52.99584382917644,-334.55887,103.46359,-53.28408,25.352694,-48.16129,-16.734322,-49.562805,-13.038193,-5.7702026,-8.050267,-23.465942,-24.172817,-13.217577
SA,e,15,ADS,11.475469968304052,56.78126124554694,-326.52557,57.56358,-21.931194,27.837635,-5.9736414,-4.1749997,-21.448534,-15.550957,-34.961433,2.2326183,-21.742199,-12.155494,-8.006584
SA,a,15,ADS,13.6337037191591,47.94862060735028,-331.2469,72.38806,-5.0334907,31.384531,-33.964928,-20.483982,-27.689175,1.695557,-26.2611,-6.3024864,-31.642187,2.445098,-12.254526
SA,o,15,ADS,14.072181236555258,102.20627024198237,-376.9591,89.13223,-22.417995,-13.534822,-34.843285,22.24376,-2.728403,-7.7519207,-27.710918,4.497945,-24.824684,-3.784473,-22.582384
SA,a,15,ADS,16.430813450990268,50.47223221826158,-368.16846,31.804775,-10.083715,48.6168,-7.9783754,9.332833,-14.401374,-3.780329,-22.50547,-3.0571866,-29.173725,-10.434132,-17.330044
SA,a,15,ADS,19.139051294888056,108.38674510491231,-252.92558,73.47052,-102.14162,-16.956894,-28.515755,7.0021515,-27.253506,-2.776856,-18.05883,-1.9630325,-10.615697,-7.310189,-1.6648594
SA,i,15,ADS,19.52383778847013,138.79863860023178,-411.57175,57.238678,-3.620507,56.340477,-23.42921,-1.6875165,5.0449057,-13.037719,-42.695747,-1.8548918,-18.830372,-7.9664345,-13.670671
SA,e,15,ADS,19.91142804321105,61.8284844673731,-403.17883,18.512037,18.91349,14.252157,2.8170311,-4.5688095,-35.145317,-5.1032743,-17.094433,-12.940344,-31.52035,-3.6670437,-16.788994
SA,æ,15,ADS,20.791185994887364,104.72988185289722,-286.18784,77.420074,-35.742188,25.967041,-43.815353,-19.127369,-46.911278,-5.8955894,-15.932957,1.3224237,-14.278009,8.227257,-23.970385
SA,a,15,ADS,23.925947288045634,40.377785774609265,-392.22122,84.36195,-25.199871,34.85328,-26.9104,-10.105448,-39.847054,4.1460924,-0.1715486,-12.549107,-36.64572,-7.436693,-16.03286
SA,u,15,ADS,24.449528834728213,58.04306705099904,-502.43198,112.43938,13.060028,7.9127674,-24.65861,14.4692135,-20.517641,13.091934,-20.83229,-12.379433,-20.387123,-9.275663,-18.860256
SA,a,15,ADS,25.34217579248493,78.23195993831078,-397.63202,57.493797,-7.789142,22.628918,-23.972082,-3.820448,-25.275295,7.076682,-1.2096298,9.918898,-3.8764124,20.720242,-12.739173
SA,e,15,ADS,27.1130735221304,90.85001799287085,-404.0989,59.66236,-0.7068151,34.59641,-10.997286,-12.302059,-55.953007,-6.631799,-41.46997,-27.074085,-22.696285,2.1266682,-6.062964
SA,e,15,ADS,27.736053992396304,76.97015413285158,-368.44565,94.07065,-53.101498,64.77083,-24.732021,6.5323763,-43.403366,0.09038091,-1.7927145,-18.407793,-9.411251,-16.266382,-13.92676
SA,e,15,ADS,28.397422175630325,133.75141537839852,-460.70346,54.267574,-12.1386795,31.23803,-40.115578,-15.431768,-32.46984,9.319605,-10.01099,-5.612285,-7.109152,9.691166,3.3813071
SA,æ,15,ADS,30.17653000025852,56.78126124554694,-330.98016,88.4357,-32.213585,32.727245,-50.355064,-26.88866,-22.08472,6.4449234,-14.979607,-0.6199933,-7.4519515,-10.759116,-19.784054
SA,a,15,ADS,36.4854395145701,84.54098896559259,-306.84097,77.15352,-53.156647,-0.11520517,-28.440823,7.074834,-27.508053,11.492613,-7.5534344,-3.6346483,-38.030243,-1.3837826,-17.283808
SA,o,15,ADS,37.19468009858225,80.75557154922564,-435.52512,66.62721,2.338581,-4.7599993,-48.96818,14.6659775,-35.6784,-4.3109326,-15.332222,-10.469856,-16.8494,-1.9694891,-6.170387
SA,a,15,ADS,37.75687801772052,58.043067051002595,-331.75024,60.039886,-61.479584,7.5913477,-44.402847,10.615971,-57.18519,-14.161635,-8.97065,8.631118,-22.310638,-8.5818615,-26.225065
SA,a,15,ADS,38.6415179659384,61.82848446736955,-358.66956,58.680588,6.36213,18.114706,-18.756096,-16.909492,-34.627518,-1.3842872,-5.252329,23.711163,-14.863962,-0.54831946,-25.324795
SA,a,15,ADS,40.92615259957949,55.51945544009129,-325.96515,96.27255,-51.315933,22.791012,-24.073809,-7.171287,-33.121887,-1.2979074,-10.54973,-18.36325,-12.657797,-16.56695,-13.152382
SA,i,15,ADS,41.34002490376925,111.03891088017548,-412.57126,109.35246,8.217768,29.838453,-42.82019,12.916763,-0.6796007,-3.9337516,-24.240894,9.052534,-20.542503,-3.7544832,-10.466183
SA,i,15,ADS,43.62423171995158,133.75141537839852,-476.67593,52.641186,1.4700935,45.511726,-35.201294,-4.409733,-9.208724,-13.9043255,-30.440502,-17.10323,-20.712376,-9.853382,-13.290028
SA,e,15,ADS,45.68199111236719,128.7041921565759,-454.69586,72.675125,-4.109719,49.95191,-15.248307,-24.349113,-13.524311,-14.289127,-29.782145,-15.037265,-16.523304,-4.8825684,-1.9458387
SA,e,15,ADS,45.93499153360847,54.257649634628535,-459.0671,76.38144,-11.231747,51.809067,-10.11574,2.216547,-29.237957,-11.935513,-29.337116,-12.012088,-26.20368,8.050637,5.7192388
SA,e,15,ADS,49.6065494031156,66.87570768919926,-386.46725,57.64541,21.147099,60.06228,-39.91907,4.587943,-14.344103,-5.2075596,-42.729706,-15.342985,-24.455688,-11.001747,-18.984385
SA,e,15,ADS,50.16111305461376,47.94862060735028,-290.0928,64.447586,-56.94496,37.934765,-61.506016,-28.144054,-33.13213,-2.7787685,-23.0446,-12.933548,-26.819366,0.8409587,-16.623758
SA,u,15,ADS,51.29673384975009,74.44654252194027,-302.24545,44.23168,-21.383574,-18.365366,-15.950083,-6.22915,-39.52372,3.245521,-19.546686,0.121431075,-21.783855,-14.519215,-16.658066
SA,i,15,ADS,56.359212317532766,73.18473671648462,-416.4299,49.78353,22.336243,63.562424,-32.948944,-8.826641,-21.115473,-23.623108,-51.09738,-17.5497,-10.765172,-11.410511,-9.722023
SA,i,15,ADS,58.65008811761923,59.304872856458246,-295.82297,27.208069,-20.993788,19.625969,-15.207058,-12.518298,-11.521072,-5.528978,-31.695652,-13.711341,-39.582916,-5.5920515,-8.887286
SA,e,15,ADS,61.77141407887086,69.39931930011056,-375.03934,44.26203,-4.4870787,11.700792,-8.037573,-12.765425,-33.504692,5.030381,-10.450618,-5.691301,-27.310417,6.7762375,-1.5272245
SA,u,15,ADS,61.99076077380182,37.85417416370507,-388.69806,85.73799,-14.811663,13.62566,-18.745983,9.198917,-23.767624,-7.4653125,-34.491615,-10.249906,-4.442705,-31.714363,-33.704803
SA,a,15,ADS,62.106216005001095,41.639591580064916,-354.6588,103.10762,-42.01653,30.353619,-25.746578,0.5202474,-39.18125,-15.401834,-12.801125,-11.222101,-16.500626,-2.0487666,-15.248482
SA,e,15,ADS,62.90982107639668,98.42085282560475,-414.3477,70.31536,-29.197647,54.480656,-27.485943,-28.81121,-35.244465,4.5749474,-13.875249,-11.050961,-8.70145,16.67653,-1.0981328
SA,e,15,ADS,67.36514229226714,61.82848446736955,-387.98877,77.112274,-22.303032,44.792603,-26.629833,-26.04255,-44.278404,1.2987518,-12.520918,-29.620224,-20.95152,-3.9775994,-12.989069
SA,e,15,ADS,68.01462068444764,85.80279477105535,-382.71265,53.656635,-32.24709,69.15242,-37.263042,-26.071878,-31.903887,-10.963753,-3.379429,-8.135866,-1.6590672,-28.541693,-23.847935
SA,i,15,ADS,70.19053250360099,60.5666786619139,-363.89334,37.99952,3.3269634,78.07095,-34.933414,-15.478407,-37.23998,1.1248341,-37.46196,-17.863373,-4.2108026,-15.867736,-11.50169
SA,e,15,ADS,74.61749702013961,128.7041921565759,-238.73811,65.92247,-16.059381,44.607155,-37.07135,-51.658165,-28.656456,-28.606361,-26.189068,-26.16433,-28.737331,-2.8181813,-23.424646
SA,e,15,ADS,80.20658025372892,51.73403802371013,-372.08835,53.691383,10.15621,81.303246,-36.28943,-37.854668,2.5599222,-19.375172,-17.532051,-24.451405,-7.2423553,-9.216269,-16.537645
SA,e,15,ADS,81.48786339956625,51.73403802371013,-363.90903,38.253998,1.0561976,65.569214,-1.2887732,-15.660505,-32.290703,-7.0026507,-23.672405,-21.33154,-31.30188,2.3389697,-16.703861
SA,e,15,ADS,84.36585999833582,50.472232218254476,-411.47363,77.055786,-24.591991,42.394493,-21.589153,-16.781147,-53.787148,-10.975895,-8.146778,-5.867707,-20.418478,13.661018,-11.663298
SA,e,15,ADS,88.53054794063304,69.84573954272832,-357.39438,70.25429,-1.3466055,57.227142,-34.006847,-29.907051,-29.085918,-7.261905,-29.811226,-4.797196,-14.120739,10.226975,-12.2708645
SA,i,15,ADS,89.15724494614167,71.92293091101476,-419.8274,51.79162,1.6389735,44.161903,-12.035788,4.2362027,-10.205743,3.0817297,-33.5821,-8.63747,-11.819469,-12.327162,-20.021244
SA,e,15,ADS,89.66061645566782,60.5666786619139,-444.2626,38.319984,-7.38325,52.42413,-9.047538,-0.7824563,-17.160534,2.699981,-18.87782,-16.493639,-34.128418,-1.8738734,-11.623767
SA,e,15,ADS,96.14381596803791,80.75557154920432,-248.41608,25.711472,-25.405483,48.68199,-53.724014,-27.48551,-69.344124,-11.328287,-29.773304,-1.0792062,-5.6181517,0.7279148,-3.26722
SA,a,15,ADS,96.90991403312478,74.44654252194027,-332.95187,101.02435,-57.1717,9.244024,-51.31955,-16.817204,-45.340508,-18.741894,-14.48262,-10.369397,-18.845253,-6.6267014,11.986551
SA,a,15,ADS,97.52315165457668,172.86739534756634,-357.0585,38.608524,-7.178317,2.336374,-26.95734,-24.50312,-38.465363,7.4746323,-9.049053,2.8368626,-10.750269,10.414314,-7.256217
SA,e,15,ADS,97.96029950358542,70.66112510555911,-259.11163,29.190262,-31.411362,36.709473,-37.92119,-20.52362,-48.74874,-13.673928,-17.436403,-6.549164,-17.5836,-5.5470605,-9.613547
SA,i,15,ADS,103.4168931276018,69.39931930010346,-385.40546,34.20807,-8.722085,69.80751,-29.528175,0.86329234,1.3057265,-10.201389,-12.594371,-6.790945,-26.566692,-19.162682,-20.81247
SC,a,19,ADS,2.0362755781807405,57.62508705524594,-243.49649,81.933304,-57.123592,37.078022,-62.192337,-27.754585,-57.19041,13.5935135,-11.3569975,-1.6248765,-19.893482,-8.434778,-8.223867
SC,a,19,ADS,4.650566753527669,46.95377463760764,-274.36252,57.273003,-28.824902,21.38677,-10.120784,4.9957566,-21.030998,5.2693377,-16.584412,-3.5534868,-30.426516,-8.73778,-9.848831
SC,e,19,ADS,8.266050622091244,48.02090587937258,-342.18335,85.25375,-42.07775,42.314583,-28.731628,-14.3144,-48.15162,-4.600149,-43.45289,-1.6629982,-11.792728,-23.62791,-13.791891
SC,e,19,ADS,8.669959797098848,72.56492443993956,-342.7832,63.04695,-9.491834,61.36611,-40.111588,-12.624104,-26.262712,12.830391,-43.342148,-23.171165,-12.398633,-13.443033,-8.847532
SC,i,19,ADS,12.338363869782942,38.41672470349877,-391.28308,19.863098,21.002016,28.731064,-30.692654,-16.300533,-20.310024,14.190332,-58.5356,6.4812775,-0.109470725,2.4625983,-3.886639
SC,e,19,ADS,15.06311717698444,39.48385594526016,-352.7432,47.978508,-1.8131288,40.76416,-17.2899,-26.468084,-55.377773,-16.716965,-38.644897,-0.090118766,-29.215252,-6.6905146,-2.727935
SC,e,19,ADS,18.14100991883205,61.893612022309696,-389.87775,69.025055,-19.42445,105.503494,-68.17476,-9.362059,-26.269178,-28.704386,-24.42465,-22.925251,11.6513195,-31.071398,17.647596
SC,i,19,ADS,28.71296792919985,99.24320548403287,-404.26718,-1.393143,60.63041,37.354134,1.2675939,-19.607292,-7.4267893,-5.382846,-43.622284,-3.3088048,-7.683453,-7.8878803,-2.2580128
SC,e,19,ADS,33.23703196727585,51.22229960466029,-368.9845,9.572748,43.663322,16.408962,2.6785927,-10.826809,-32.308514,3.659004,-54.074028,-20.059288,-28.053185,-7.717655,-3.4463413
SC,i,19,ADS,35.75033342879627,62.96074326406398,-406.6761,66.14374,-19.2537,86.25103,-44.252678,4.314851,-41.42687,6.4140086,-44.12898,-29.545065,-12.69838,-8.543306,3.5137844
SC,e,19,ADS,36.85630047548395,103.51173045108908,-418.33057,71.76193,-58.377785,35.376038,-57.971962,-19.843115,-40.341675,15.966017,-13.915438,8.990548,-7.3147235,-4.8826423,-5.4306636
SC,i,19,ADS,38.12324125045083,83.23623685758008,-450.00143,69.57293,-19.05539,69.626755,-15.847006,-2.6734452,-34.15178,16.14543,-67.380356,-21.581417,-2.6585283,-31.94693,-5.126817
SC,o,19,ADS,39.46473966718942,68.09022837483525,-446.90262,105.63365,16.269287,13.734195,-70.92665,-8.887507,-37.952637,-6.112478,-23.64507,-15.923574,-7.5723643,-7.3541512,11.6297035
SC,a,19,ADS,42.04249112931974,59.26371728920543,-402.838,94.78534,-22.257511,21.364279,-9.753375,-20.162577,-35.060272,0.37913573,-18.780813,-10.878919,-11.180885,3.7870517,2.2566195
SC,e,19,ADS,42.21019483994665,79.43859977063283,-412.61838,59.726513,12.751337,47.973633,-11.969652,-36.005257,-31.715202,15.175318,-34.484444,-12.589821,-22.902044,14.498341,-15.887623
SC,e,19,ADS,42.70599841506083,60.52464744429642,-419.90244,52.85139,13.034932,32.115803,-18.483097,-33.597847,-25.791271,10.012513,-60.418243,-13.240721,-20.589691,-15.536663,-21.744843
SC,i,19,ADS,45.39718273926061,64.30743790956228,-420.57867,44.393417,18.6591,61.698845,-3.6101587,-3.2443705,-24.190727,-17.557446,-31.044724,-16.996944,-24.707977,-5.2989717,-3.1955774
SC,a,19,ADS,46.10015130072299,121.04929488859995,-300.06018,96.16937,-95.48925,19.327564,-34.778152,12.768963,-19.70766,-3.3262727,-16.26441,-14.091831,-24.720993,4.6430326,16.234135
SC,i,19,ADS,46.68057256479625,94.56976163171049,-438.321,85.37532,9.389786,77.73015,-47.43769,-19.608444,-24.93379,-4.9589252,-21.306202,-14.4667,-26.386923,-9.69429,-9.263184
SC,æ,19,ADS,47.388694789502765,411.06323055916505,-514.2024,63.80858,-53.47293,1.2845774,-20.38781,-14.534496,-39.3522,0.40854025,-4.7756677,24.112503,-5.8222585,13.446419,4.75817
SC,e,19,ADS,48.48561503362544,114.744644113145,-453.3793,73.09237,28.013031,45.752823,-29.625893,-20.529577,-12.646822,6.634531,-43.625153,-4.3259115,-8.621606,-8.543346,-5.1686964
SC,a,19,ADS,49.66713613431179,85.74325054608067,-349.05884,94.513916,-88.04352,-37.019676,-3.5708616,0.53340447,-20.092514,-5.5561213,-10.323623,1.0079805,-11.926857,-5.8796344,-28.649239
SC,e,19,ADS,49.8941035622279,55.48092682393957,-379.39957,72.417755,7.566148,0.1725555,1.7109975,-24.262367,-40.31443,0.20649517,-28.271055,0.87259316,-12.910183,-15.493803,-12.814388
SC,a,19,ADS,51.01113100454792,69.35115852992624,-364.0394,91.94834,-64.96828,55.11329,-36.701805,-8.26782,-51.151726,6.9161763,2.2895145,-22.643513,-22.74028,-4.085131,5.856431
SC,e,19,ADS,52.49942609970883,41.610695117945795,-307.77747,76.80559,-74.98573,56.20222,-3.96942,-4.82353,-56.69181,-24.35091,-12.991579,-14.136637,2.1742477,-13.286549,3.204534
SC,æ,19,ADS,54.27392279470751,108.43999333769716,-332.04715,91.7017,-68.89129,11.616025,-41.377518,-13.896085,-34.349075,29.116581,-11.712952,5.888774,-25.367432,-11.525137,-26.116371
SC,æ,19,ADS,54.734162301315166,100.87441240715123,-349.66257,83.22078,-46.223717,66.49904,-65.45428,-6.0500846,-38.211754,8.123911,-31.073778,12.249692,-0.5055026,-12.779067,-9.38982
SC,u,19,ADS,55.87159310491313,54.21999666884858,-419.68558,156.26295,-5.550785,-7.0591145,-36.947155,4.712779,-29.415897,-10.485304,-39.40498,16.34347,-17.590528,6.764034,-29.421442
SC,u,19,ADS,56.43556730565838,56.74185697902345,-503.7106,133.71692,1.58972,2.3881066,-25.645702,-10.966322,-37.51465,14.649351,-16.868164,-12.051867,-25.589678,-18.866001,-9.260505
SC,e,19,ADS,62.7454473127777,139.96324721492925,-467.88968,71.01171,-25.365795,53.60463,-42.864098,-19.562794,-16.948717,4.97045,-49.367004,5.6121545,-0.27782333,-3.9022155,8.528068
SC,i,19,ADS,64.9266362411322,99.61348225206734,-458.2732,51.639694,17.874859,60.24195,-24.431252,7.570623,-13.082972,-12.683941,-56.976784,-6.3452086,-11.552729,-4.8508415,-3.2783322
SC,a,19,ADS,66.64469995520452,117.26650442331277,-352.81335,83.87227,-65.059425,12.324393,-35.297916,-8.432816,-25.838932,12.920862,-14.1114,0.06544542,-19.172306,-3.1347973,-9.560156
SC,æ,19,ADS,67.10728781463773,327.84184032325925,-348.92517,126.86883,-74.2548,0.73385,-12.552172,-11.656403,-30.11992,11.718348,-9.824,-0.92244405,-18.794767,-5.0670133,-14.022139
SC,e,19,ADS,70.27923766231885,133.6585964394743,-419.3918,34.04595,-10.089782,39.62481,-33.800835,-17.91897,-28.776293,-14.259298,-43.640846,-12.9529705,-18.193377,10.544458,-11.290106
SC,æ,19,ADS,71.82172320878102,308.9278879969015,-351.8161,107.8076,-75.39383,0.081881225,-39.32034,-16.24371,-46.39942,7.850996,-10.930301,-5.0753303,-29.15495,-24.378788,-13.440823
SC,e,19,ADS,76.3796806080972,109.70092349276683,-473.0047,74.54909,0.9264338,47.396393,-26.789436,-10.288197,-11.043953,-3.46082,-40.123627,-6.3827724,-4.837925,3.6045468,-2.3763788
SC,æ,19,ADS,76.88272817511704,83.2213902359058,-413.51263,103.7592,-18.470783,64.76767,-46.89965,-26.769535,-36.979744,1.887503,-33.03955,-10.29582,-0.7302455,0.5161882,2.1081693
SC,a,19,ADS,78.75259860430955,49.176276048484624,-339.42026,84.48451,-39.541107,34.055447,-45.119766,-11.814501,-33.320442,17.65274,-23.20653,24.829313,-36.168655,8.412942,-21.828028
SC,a,19,ADS,83.34772801725653,50.43720620358272,-278.8324,97.46715,-109.70329,16.293968,-44.588097,-10.889033,-32.20768,10.979435,-4.617893,-19.206972,-17.790571,-7.5357847,2.4722812
SC,i,19,ADS,83.86416343244505,41.6106951179529,-393.36404,42.02156,-10.919714,65.39784,-34.824707,-16.623047,-17.49823,15.091355,-36.353897,-23.110424,2.542151,-26.383635,-7.9562645
SC,a,19,ADS,85.43892123403472,64.30743790956228,-274.9903,77.9118,-61.389275,48.871727,-97.86322,-9.901133,-53.547554,2.7656243,-19.01897,-2.035598,3.0699623,-9.172325,14.528568
SC,a,19,ADS,87.02089760158566,64.30743790956228,-384.2725,84.21298,-22.300219,25.8572,-18.53292,-20.838257,-34.63718,-5.1865697,-16.688406,12.334337,-13.845192,-9.349962,-22.08339
SC,e,19,ADS,87.58518067838354,52.959066513750486,-384.04797,86.323296,-17.603466,36.221622,-41.024452,-33.9283,-30.551765,7.77833,-28.079334,-4.4601035,-10.004624,7.819925,-28.720959
SC,æ,19,ADS,87.67029346385208,46.65441573831686,-306.1784,77.37219,-71.387726,27.943535,-36.3128,-17.656242,-34.250187,8.671739,5.562915,14.119411,-28.145102,12.830324,-33.342937
SC,e,19,ADS,92.323679568674,63.0465077544784,-373.37097,51.06084,1.0510027,22.799011,1.2323259,-7.7302976,-47.180313,-2.7653391,-26.088669,-4.454421,-24.097729,3.9193842,-20.9529
SC,e,19,ADS,92.611078533806,42.871625273050995,-347.38928,45.586765,-30.196157,77.75412,-35.196888,-14.496342,-40.913414,-8.2530365,-7.9914923,-15.71053,3.0145612,-17.671743,7.3775616
SC,e,19,ADS,93.8382765701839,60.52464744431063,-410.2337,89.44354,-56.27218,59.143635,-50.985764,5.4406548,-34.108105,3.623272,-34.287304,-30.321892,1.0594734,-20.064287,-4.1961927
SC,a,19,ADS,94.77763551623224,47.91534589340074,-355.23987,99.63803,-29.309498,39.415176,-50.00691,-27.448723,-34.21596,20.004719,-3.6192403,-3.2051349,-14.008794,-5.081342,-10.066003
SC,e,19,ADS,95.20950409435034,71.87301884010822,-404.59787,82.64949,-28.303625,39.57093,-29.264862,-29.66583,-23.75771,7.8877325,-30.685024,-0.30254912,-10.900497,1.3703696,-0.93069386
SC,æ,19,ADS,95.30471100147976,50.42384536319844,-363.854,99.33721,-54.54239,24.08291,-38.117672,-31.329071,-24.67902,21.927212,-12.055517,3.9125354,-20.275398,4.7586894,-2.8591874
SC,a,19,ADS,96.1970577169772,46.65441573831686,-346.10767,63.820244,-26.87281,9.169043,-28.172901,-27.996239,-36.564957,-5.028937,-19.344084,0.8041563,-18.066528,8.054173,-1.0441997
SC,u,19,ADS,96.70647349963332,117.26650442332698,-433.0745,98.51399,19.630234,3.1434426,-42.38211,-0.99696994,-17.516283,-10.087709,-49.08584,-7.0983095,-8.499713,10.626514,11.494116
SC,a,19,ADS,99.6876590465314,76.91673946044375,-418.25662,99.27517,-38.767982,36.22372,-42.04273,-18.648586,-49.398563,6.0965786,-13.139158,0.55055976,-1.6869414,3.9649932,-8.459922
SC,a,19,ADS,110.7087417251498,128.61487581911035,-396.75793,14.107862,21.103613,-10.312344,8.878473,-17.849133,-17.664606,13.586386,-23.081501,3.7559881,-12.844279,4.7025514,-11.659826
SC,e,19,ADS,111.0302789146976,55.480926823932464,-419.1518,38.598663,8.026836,73.789764,-44.43611,-3.2718275,-41.936638,-11.360818,-61.76884,-20.27752,-19.329914,-22.923454,-4.055844
SC,a,19,ADS,111.85195253764611,41.61069511792448,-353.76938,78.51077,-11.257952,1.4142696,-7.289429,-16.527021,-43.66382,-13.0953045,-14.512426,6.563014,-9.04556,8.979059,-4.03308
SF,e,14,ADS,2.951911637251286,371.92294373338217,-450.4999,49.430656,-2.5093985,64.25164,-36.953373,-3.5803442,-21.176764,-1.0077424,-30.788841,-16.515535,-14.536952,2.8727102,5.030506
SF,e,14,ADS,3.8339604625212376,90.0195659991625,-416.73026,25.019674,32.553905,6.4767885,-28.572489,2.6138172,-50.045128,10.442382,-14.977549,-29.434603,-26.853104,-4.3623915,-9.274764
SF,i,14,ADS,6.640316246211555,82.12311284134177,-390.20554,36.854454,-13.322755,53.109978,-33.417263,-0.69931006,-32.94385,-3.0817623,-33.09029,-15.902564,-14.797253,-4.399834,-8.176907
SF,e,14,ADS,7.009475431339699,92.38850194650894,-328.49585,34.830368,1.5023035,25.590073,-6.430151,-7.521618,-55.879997,7.7797494,-22.45958,-6.5231943,-17.78529,-12.873432,-4.2724266
SF,a,14,ADS,8.157979224619893,74.22665968351971,-315.29236,37.140846,-3.5467956,15.659716,-24.405914,-19.552769,-43.634823,4.5889587,-13.752158,17.259424,-25.289188,-1.195692,-23.628542
SF,e,14,ADS,9.445216749018538,60.80268931522426,-361.467,76.54411,-27.796974,15.961233,-15.739142,10.933601,-35.913147,-12.182222,-22.736229,-8.6872,-9.82239,18.69289,-7.6028886
SF,i,14,ADS,11.601095279504833,100.12520548761827,-319.62177,56.18213,-26.237703,76.15465,-80.827,7.141165,-23.061169,-4.3861156,-13.053572,-29.384754,9.237156,-44.061977,-19.013052
SF,æ,14,ADS,11.921766545728694,257.0782303060497,-289.42725,91.4958,-70.5717,65.22611,-72.56004,-11.13011,-56.610237,25.513508,-22.811678,-10.365459,-13.579295,-12.801973,-6.696993
SF,e,14,ADS,12.846891839061373,132.598245105223,-284.35504,70.1727,-33.89125,54.075264,-44.275894,-12.522545,-40.956062,-4.5977354,-25.029146,-20.025871,-11.2021265,-10.193214,-21.94453
SF,i,14,ADS,14.447171830468704,50.06260274380914,-295.03494,82.057724,-65.10948,81.0773,-44.05696,1.2487824,-64.678024,-18.42095,-25.816578,-7.410261,0.41196966,-20.288208,6.166667
SF,i,14,ADS,16.664642819990753,82.53564236141386,-342.2529,43.50206,-1.0360111,94.121994,-44.86783,-1.0238016,-16.1145,-21.339796,-22.713665,-32.52659,8.287774,-14.566172,-16.241276
SF,e,14,ADS,17.005609735975618,63.59303591781185,-304.2052,63.43916,-53.578796,103.02606,-67.83748,-1.1226486,-29.034037,3.506311,-29.929258,-50.337326,16.69035,-24.041683,-1.1230831
SF,a,14,ADS,17.292658164644703,51.41564606120852,-287.68103,80.7694,-33.45295,44.15931,-12.473835,-14.18097,-58.377583,-3.7968745,-8.970375,-6.0377283,10.103741,8.28285,-15.048929
SF,a,14,ADS,26.94563681864057,73.06433913961641,-263.4999,109.98152,-60.77919,-12.389514,-36.889305,2.5483003,-65.51018,-4.8229795,10.298922,-16.60254,-3.0615153,-0.07391746,-19.606485
SF,i,14,ADS,28.326651405066308,142.06954832702579,-305.62927,52.14218,-25.253693,71.74974,-51.18867,2.619117,-45.006805,-4.0108223,-11.55205,-25.704384,-8.83993,-16.992987,-6.49244
SF,i,14,ADS,29.79414662431867,115.00868197902037,-262.01465,38.001633,-21.41269,77.63216,-27.771023,21.46556,-26.249346,-9.609126,-16.45742,-14.891098,2.864288,12.345907,-23.483267
SF,i,14,ADS,34.27421230911544,87.9478156310114,-300.35675,62.654366,-31.735126,31.07874,-20.043648,-0.23332429,-29.367386,-4.81789,-24.741222,-4.2106934,-28.557583,-23.5487,-30.7956
SF,i,14,ADS,34.506935759708284,85.24172899621618,-297.02426,50.64666,-0.83225346,59.939583,-35.63181,9.946138,-27.650074,-10.142048,-32.197052,-14.826492,-2.0870295,-17.467102,-12.227509
SF,a,14,ADS,57.20617821939516,83.88868567881502,-222.9785,76.974625,-108.51454,23.873924,-34.466972,21.671032,-50.189793,53.36862,-10.387992,-1.2698321,-38.960167,-22.779078,-0.06621146
SF,e,14,ADS,57.8145744359468,162.3651980880254,-357.44885,50.454918,-36.980263,81.432365,-30.644905,13.780603,-56.106895,26.776453,-43.97142,-21.758774,-14.460635,-22.994196,-12.299147
SF,e,14,ADS,58.02632571511994,55.47477601340489,-239.80101,34.121403,-44.936497,68.08292,-52.825363,-1.9221644,-64.18825,19.76911,-39.896168,-15.548864,-24.784695,-1.220186,-6.233963
SF,a,14,ADS,59.34900074646373,69.00520918741648,-304.95633,82.92193,-53.71203,50.471764,-53.418312,-8.211337,-78.77731,21.49784,-29.86194,0.23757482,-6.622346,0.41039371,-8.367098
SF,e,14,ADS,59.93953456796848,60.88694928300953,-327.35678,46.707237,1.331794,67.3553,-31.479012,-9.952284,-16.751513,11.658237,-21.896671,-0.7544966,-21.27346,-14.848478,-24.029541
SF,e,14,ADS,63.55858582457543,63.59303591781185,-381.49017,60.839115,-27.159664,79.5564,-17.477518,-13.357265,-23.553293,4.2312827,-28.225224,-36.07245,-16.885891,4.8812337,-19.386623
SF,e,14,ADS,64.50762045595901,58.180862648214315,-334.7141,83.309135,5.4595323,24.237915,-28.090855,-11.680372,-30.919737,10.912794,-20.146515,-24.28289,4.363598,3.486463,-20.199749
SF,a,14,ADS,65.63000052338111,60.886949283016634,-316.2487,104.73706,-50.211037,21.305,-23.765068,-37.933365,-62.60962,-21.0455,-29.897488,-23.035526,-8.805424,-5.9334908,5.1806545
SF,e,14,ADS,93.68388136384584,100.12520548764314,-364.26425,-2.4419456,9.844574,34.974083,-24.088476,-17.831985,-23.350529,14.98226,-38.234795,4.187439,4.6305447,-12.315605,-28.046772
SF,æ,14,ADS,93.84759960525128,124.4799852008498,-274.3199,88.71188,-11.077838,33.46762,-10.728545,5.183712,-52.21679,-19.292427,-28.07062,10.538202,-6.6936445,-5.9711084,-11.476791
SF,e,14,ADS,99.89780527437328,117.7147686138369,-308.97443,60.18907,-16.587008,45.322636,-33.04161,-20.85889,-12.545643,20.633663,-35.753242,0.11269975,-16.435356,-15.246016,-22.477777
SF,e,14,ADS,110.464853795167,62.23999260039648,-339.19055,30.290545,20.854862,65.889145,-39.22007,-13.302552,-17.351023,7.7796946,-28.594183,-13.329951,-5.381793,-16.36306,-17.613495
SF,e,14,ADS,110.65630942457916,66.29912255262127,-284.7824,52.775497,-13.1268425,79.807205,-25.949804,-8.245143,-36.24898,9.029233,-46.640106,-23.894995,-9.533494,-9.111513,-21.266273
SF,a,14,ADS,110.95562154797564,87.9478156310256,-233.70863,97.706566,-82.306404,-1.6007596,-28.624275,12.538004,-63.882736,3.0921023,-21.467836,2.855369,-3.5412765,-6.781581,-20.018837
SF,e,14,ADS,116.32377644461866,40.59129952202056,-255.59079,35.93721,-28.523916,60.919044,-32.79542,-20.467392,-54.971054,-2.8834147,-31.376884,-8.664593,-1.5046303,-8.474831,-26.625628
SF,æ,14,ADS,117.6651630024098,128.53911515301775,-310.99533,74.97678,-48.925545,7.504553,-16.996212,-16.384678,-60.172386,-7.815627,-2.4297566,3.779153,-15.844709,-21.882824,-20.516563
SF,e,14,ADS,117.7693473378496,69.00520918740938,-278.49023,69.75993,-33.647434,44.497787,-46.59009,-26.706863,-47.887314,20.191711,-5.3995714,-13.085159,-7.519396,-6.043521,-2.5959368
SF,i,14,ADS,121.02495057232356,48.709559426399096,-297.36835,25.143715,12.248556,56.544518,-17.097395,-14.731602,-20.64378,-12.397129,-37.37089,-18.533155,-26.210178,-7.3157816,-23.494856
SF,e,14,ADS,121.1676966423093,87.9478156310256,-288.5121,32.61497,-8.799914,39.031403,-2.0527534,-20.40531,-35.09372,7.716604,-26.177635,-12.848965,-16.250076,3.2049594,-13.251585
SF,i,14,ADS,122.6780855579805,129.89215847044022,-312.22427,4.3318624,34.240578,54.670876,-8.357242,-11.641169,-22.220766,3.367681,-33.155704,-11.646406,-13.702766,-12.848791,-24.777737
SF,e,14,ADS,131.03203960407112,87.9478156310256,-274.88245,63.747635,-30.9167,79.35629,-49.658566,-13.241429,-36.734627,11.714133,-37.545197,-21.654755,-17.666374,-10.994659,-20.749725
SF,æ,14,ADS,131.22349523348328,178.60171789683932,-286.50812,64.25351,-51.343056,16.87486,-26.600536,-27.719414,-50.099663,1.9577113,5.665572,5.7460337,11.565947,2.842888,-17.212082
SF,i,14,ADS,136.4521864462553,79.82955572663286,-294.30273,10.071731,25.633362,27.362968,-24.21548,6.765792,-22.820312,-4.924674,-15.910021,-8.577462,-7.7658987,8.87197,-29.92142
SF,e,14,ADS,140.70866868150608,102.83129212243125,-296.34726,9.97382,10.611328,42.189766,-20.808807,-13.793963,-4.4470577,14.691867,-31.433842,-13.066823,4.073524,-18.668602,-25.716026
SF,a,14,ADS,140.9279340864877,94.7130322180385,-211.15678,70.808304,-73.98425,-17.426224,-37.609444,2.5645308,-53.64499,-11.099424,-14.320556,-19.097572,0.8652072,-8.178546,-23.639824
SF,e,14,ADS,142.1733269563063,128.53911515304617,-268.9182,-31.953419,22.992414,28.180096,-8.666221,-9.9106865,-32.869762,2.3334274,-44.557003,-14.331522,-14.441484,-0.69998753,-24.341421
SF,a,14,ADS,143.07677292092217,67.65216587001532,-233.42111,106.901886,-73.82593,18.539953,-37.00778,3.7555077,-47.62494,3.559469,-5.15779,-0.46437508,1.0780364,-15.325182,-6.9840193
SF,æ,14,ADS,144.14579408217782,83.88868567882923,-221.59595,64.62532,-20.986755,10.005972,-1.6370691,-13.542542,-39.928963,4.0585117,4.205138,-4.0650883,-9.673374,-23.252655,-20.267487
SF,e,14,ADS,144.3791523025051,97.41911885282661,-269.109,18.566906,-16.156712,82.09375,-56.638756,-12.305601,-30.99178,-21.099375,-23.425888,-22.60001,-14.091523,-28.006655,-19.145359
SF,i,14,ADS,145.86206274478212,69.00520918739517,-336.88733,32.57545,40.080322,48.28794,9.836725,-14.708235,-6.889001,9.643091,-31.385532,-16.618551,-36.400887,-4.8418684,-26.606602
SF,e,14,ADS,146.81488087317496,113.65563866164052,-305.2918,8.906843,9.801706,26.61108,13.132324,-34.363945,-10.136758,17.346834,-27.122139,-14.194917,-15.741816,5.543889,-9.512857
SF,a,14,ADS,147.15449474584244,56.82781933080605,-214.92062,73.16977,-55.95736,5.705126,-14.260252,-12.676443,-56.851048,3.8860514,-6.8706856,2.7069654,0.16405177,-7.624174,-29.997395
SF,e,14,ADS,148.98748427053465,121.77389856603327,-305.6306,32.758266,-12.74947,50.543472,-19.052868,-10.11293,-43.401905,-12.538134,-31.09553,-10.886521,-2.8260336,2.3140886,-13.289007
SF,a,14,ADS,150.39950471377352,110.949552026824,-242.76399,81.745804,-54.040443,-34.346928,-15.115873,11.362074,-32.61363,10.500872,-21.027138,-18.342007,-20.900394,-18.319221,-26.081547
SF,e,14,ADS,151.83957712886405,92.00694558322198,-322.22815,75.946785,-40.0139,65.37765,-57.68629,-5.9027677,-55.194046,-15.446325,-17.45701,-21.480293,-3.8688178,-8.5745535,-2.6577985
SF,a,14,ADS,154.6816947720547,69.00520918742359,-249.34181,67.99965,-58.244522,33.77353,-43.165565,-11.889116,-58.133064,5.9098454,1.8639268,-8.236361,12.174019,-24.496105,6.3069563
SF,e,14,ADS,156.4960145222239,52.76868937860968,-247.64235,8.211889,-10.331351,45.873283,-13.945976,-14.258221,-32.426285,10.80406,-31.632376,-28.768337,-8.650231,9.317725,-29.967028
SF,æ,14,ADS,156.77026750963242,213.78084414925524,-323.87317,61.554024,-58.607456,-12.059299,5.104262,13.799656,-33.337124,17.819279,12.29717,7.6963754,-23.74705,-18.425869,-37.361
SF,e,14,ADS,158.14362495824696,43.92862964581923,-242.07782,17.726715,-18.792824,59.66706,-57.143723,-23.88823,-7.6090174,-9.630859,-31.249302,-9.354116,-15.462043,-25.727777,-38.190628
SF,a,14,ADS,158.29412838822287,62.23999260041069,-198.3688,74.26654,-41.37426,26.48457,-29.816778,-25.54254,-47.37963,14.306013,-17.325666,-17.666096,-6.288841,-14.2692795,-5.8765497
SF,i,14,ADS,163.3064022567511,64.9460792351988,-261.05106,46.855812,-48.401608,71.49519,-63.298088,-18.427586,-58.73832,-5.1237082,-23.917439,-30.979662,-5.477558,3.8449016,-16.226097
SF,e,14,ADS,164.1396208266795,40.59129952199214,-227.1179,39.422546,-6.5764194,58.644756,-28.246868,-31.221306,-55.1124,-9.872162,-34.077118,-22.419712,8.161776,6.296,-17.90966
SF,e,14,ADS,165.4220191423463,136.6573750574105,-292.6866,38.674427,-22.701414,31.327852,-36.431747,-20.784216,-21.224663,-2.3250585,-18.551865,6.2138376,-12.994767,-16.599712,-11.30396
SF,i,14,ADS,166.56871223755738,46.003472791568356,-302.18506,15.15921,23.048283,31.946453,-21.326202,-5.289273,-51.057022,15.045514,-23.499142,-15.530014,-26.986282,-12.973028,-5.8126116
SF,a,14,ADS,167.27229756362806,66.29912255263548,-222.13852,53.954025,-17.376959,20.297684,-33.521774,-2.1458488,-48.177612,4.8692613,-12.188324,-16.171242,-2.2923167,-6.4686594,9.463729
SF,e,14,ADS,171.8326967160689,78.4765124092246,-300.9134,59.513084,-10.045203,62.038433,-29.28252,1.9821863,-40.92255,11.910563,-37.89659,-20.402555,5.8876057,-2.001451,-2.8378165
SF,i,14,ADS,175.26569340024793,60.88694928300242,-255.75203,12.125596,-0.8326432,42.238575,-17.68788,7.557649,-23.124567,-7.4371967,-26.58123,-4.384407,-11.783482,-18.712208,-34.333244
SF,i,14,ADS,184.6453712214376,46.00347279159678,-299.17377,19.478672,-6.4251146,61.39943,-32.876564,-8.38562,-32.33201,37.143906,-34.778336,-4.7253428,-25.31107,-8.1592245,-6.59772
SF,i,14,ADS,193.1794248038684,71.7112958222117,-299.57538,16.83073,5.387822,63.672577,-7.8550286,0.7563961,-20.44667,-8.764017,-20.06248,-7.7125487,-18.858618,-14.866021,-13.824792
SS,i,14,ADS,3.692229823055123,31.335443163642562,-377.69794,32.92698,-3.5214286,43.753983,-45.22751,-5.822168,-26.082134,13.986465,-18.99325,-6.2798324,-9.09904,-17.186842,-18.15971
SS,a,14,ADS,4.851819554290319,82.25553830456178,-279.40076,91.81233,-84.62724,46.37343,-44.85605,-20.768463,-31.271832,-17.921219,12.861264,-5.358427,-30.26812,1.6022465,-26.179287
SS,a,14,ADS,6.403391801118545,41.78059088485675,-351.75272,84.49046,-74.52287,75.93422,-36.453224,-11.645731,-53.899307,-35.3658,10.10977,-21.73354,-18.526855,-10.900451,-4.659933
SS,i,14,ADS,8.108847501295429,39.169303954553314,-458.22156,81.21138,-45.067253,83.239624,-23.28921,-1.2907451,-5.0029116,-20.655891,-11.767055,-21.936789,-6.516883,13.33236,-1.747469
SS,i,14,ADS,8.546313537152272,91.3950425606238,-460.33014,83.58174,-20.482239,105.143265,-38.213203,3.1540837,5.8578157,-24.08227,-12.473932,-45.13537,-25.128332,-18.290195,-36.629982
SS,e,14,ADS,8.631833184119714,56.14266900152565,-468.4009,89.42717,-17.37075,87.52687,-39.899963,-10.800336,-17.768787,-23.989876,-19.397171,-37.363815,-17.403978,1.1596291,-14.856852
SS,e,14,ADS,10.099772915506058,52.22573860607049,-412.4598,65.59662,3.84147,60.713383,-33.881996,-21.920273,-44.195015,9.869595,-14.460476,1.0785121,-29.641941,-13.615498,-24.87904
SS,a,14,ADS,14.309370629488797,61.365242862134295,-294.74448,115.090546,-92.25261,20.061073,-7.21038,-19.533936,-0.8334278,-31.111523,-16.047312,10.973459,-27.640202,-23.967327,-16.610428
SS,a,14,ADS,14.611841092687932,62.67088632728601,-300.78333,71.91655,-45.579796,17.446768,-32.969437,-5.692275,-24.060106,-17.344158,-21.335543,9.73958,-35.751392,-0.7263112,-19.194542
SS,e,14,ADS,16.8187393585141,164.51107660912356,-276.71222,19.799633,-2.6133616,53.376877,-25.929829,-30.990608,-33.802475,-25.9585,-35.43229,-17.005154,-26.012207,-7.197913,-19.299635
SS,æ,14,ADS,17.323275981363516,122.73048572426859,-280.9271,99.59529,-86.246445,42.04377,-40.172447,-12.010683,-28.023703,-24.218172,14.670979,30.540787,-11.459032,0.47742987,-3.8646367
SS,i,14,ADS,22.837778045051337,231.09889333186473,-383.65414,25.348278,-4.5133905,66.10605,-44.464973,-0.94110286,-11.594784,-7.227342,-20.19713,-5.0652695,-10.376746,0.2910356,-14.047098
SS,æ,14,ADS,24.224656739731174,92.70068602577552,-291.4221,77.775566,-91.37428,86.601395,-63.35425,-38.324905,-2.0980036,-17.676046,3.2057607,-19.471645,-5.7622232,19.855045,-22.046616
SS,e,14,ADS,27.32843748968484,54.837025536375705,-381.22162,63.71096,-26.021141,78.37063,-37.998512,-18.735851,-14.687695,-35.72213,-45.624012,-19.485565,-8.705326,7.234832,-1.9641131
SS,e,14,ADS,28.50620751164157,138.3982073060892,-436.3443,55.881817,3.3895872,60.492184,-8.034268,-8.086243,-18.98138,1.7498406,-49.29789,-24.86902,-21.647423,7.5167103,1.7587342
SS,e,14,ADS,29.35131136059674,78.33860790911018,-318.56488,75.95134,-44.871704,48.196106,-54.145905,-10.692335,-28.837444,4.0704,-20.004622,-27.114109,-8.728735,8.270714,3.4483254
SS,i,14,ADS,29.6241949861723,60.05959939698258,-434.9354,70.56447,-4.819289,50.399635,-15.681229,-17.891142,-21.061317,8.823533,-15.4490385,-11.209921,-14.567191,14.139193,-14.929653
SS,a,14,ADS,32.95475454518236,90.08939909547564,-315.63263,80.427734,-118.8286,28.033426,-27.003521,-5.0236616,-16.191833,-25.572355,-0.606336,-1.9450781,2.5418148,-12.544428,-19.940802
SS,a,14,ADS,34.28242803913781,73.11603404851041,-366.58954,93.16739,-71.93822,61.84858,-25.348652,-30.252272,-6.0979085,-10.271614,-9.819459,7.3559933,-24.464592,11.64172,-5.677252
SS,a,14,ADS,35.050673116470634,61.36524286213074,-392.54135,99.19566,-17.866264,21.691391,-25.394203,2.8881526,-36.230873,-8.325001,-21.596336,0.36059073,-21.292059,-10.106163,-24.79029
SS,i,14,ADS,36.99485999383025,50.920095140917,-341.08313,-2.0654314,35.94285,38.669518,-12.3578,-9.07025,-46.333855,1.2159353,-57.04325,-8.286348,-33.05216,-2.3762052,-10.80592
SS,a,14,ADS,41.68319003880754,66.58781672274472,-323.5034,78.39978,-8.52039,3.5510488,-12.840774,1.6549442,-38.549324,-0.24805921,-33.411324,3.2220476,-11.784323,-4.6939936,-26.630371
SS,e,14,ADS,45.04174959864616,92.70068602577197,-401.87622,55.843193,8.819293,63.655254,-3.867891,-13.953871,-5.011039,-0.8707038,-2.2946415,-7.868804,-19.708885,6.4401712,-23.74262
SS,æ,14,ADS,51.50416124211068,125.34177265457203,-416.0014,79.158264,-17.29065,36.37632,-9.598293,0.57440734,-34.905445,4.230555,-9.4533205,-1.6251229,-15.674723,9.942574,-3.8271852
SS,a,14,ADS,54.44030947413666,78.33860790910308,-356.32547,65.88339,-90.24304,36.363945,-38.45207,-14.162255,-5.850596,2.3272076,11.1643915,-20.009571,-28.597597,1.5872363,-6.4616714
SS,i,14,ADS,54.783040883739005,45.69752128031723,-400.5112,104.906845,-32.006977,66.64243,-39.317234,-21.212252,-37.94932,-17.164501,-11.060539,-17.899912,-17.812202,17.30933,-10.602936
SS,e,14,ADS,64.62300696824144,45.69752128031723,-343.11203,68.8248,-24.047676,74.73874,-56.99717,-11.672512,-22.496925,-43.42434,-16.877384,-8.944362,-6.715337,-0.24661237,-15.082748
SS,e,14,ADS,65.0503364338253,57.4483124666898,-296.50607,54.26158,-52.95478,64.417534,-43.81938,-38.771793,-36.291245,-8.949315,-13.688901,-3.5626538,-16.575233,10.559923,-15.864397
SS,e,14,ADS,66.10585459896878,47.003164745461845,-265.1825,43.16472,-50.794765,30.843351,-21.550274,-1.7068485,-23.623564,-11.376364,-29.378122,-25.997726,-27.477797,-5.561905,-21.447872
SS,i,14,ADS,69.04814699584128,50.920095140924104,-347.03802,38.753494,10.13141,67.03479,-31.655455,-1.8268961,-21.720676,-30.280289,-33.310596,-8.924498,-21.761982,-0.96501136,-21.253124
SS,e,14,ADS,72.0890196156916,110.97969453790313,-321.79092,104.80547,-20.583963,41.494774,-31.407251,-34.57472,-19.072401,-7.240178,-28.03006,-29.791336,-13.603661,9.552006,-11.223108
SS,e,14,ADS,72.26397584002194,108.36840760759969,-362.0477,86.48108,-13.533068,44.912643,-39.221252,-33.747894,2.0922422,1.7032337,-13.542269,-8.664871,-4.561872,0.6160248,-0.19993007
SS,a,14,ADS,73.66563219077496,71.81039058335159,-202.14233,39.168503,-58.53588,4.33652,-29.411911,6.060527,-30.39336,-9.468852,-19.083952,6.4924784,-18.207317,0.6954895,-18.2094
SS,i,14,ADS,74.40508177820227,138.3982073060963,-389.69937,71.76561,-14.349281,63.636673,-20.81263,-6.219947,-13.801382,-5.1521087,-36.963562,-13.812833,-4.0432367,5.5481176,-4.7041197
SS,e,14,ADS,75.62686376685382,45.69752128031723,-320.36932,73.32031,-25.076946,39.484726,-1.9233059,-11.464216,-54.02996,-21.674046,-19.28154,-9.879445,-28.364668,9.229824,-14.917183
SS,a,14,ADS,92.55684870632015,101.84019028184821,-308.858,76.56806,-65.97179,33.299026,-34.297203,-14.505976,-15.630749,-4.313046,3.5074203,13.085875,-23.239614,15.287912,4.0515213
SS,e,14,ADS,94.49557576604316,50.920095140924104,-357.34485,83.59993,-10.023884,58.88231,-12.726953,-19.542091,-39.288876,3.7307248,-27.84377,3.5948687,-22.525923,11.3087845,-10.838198
SS,æ,14,ADS,94.77367782412048,71.81039058333738,-379.18176,68.60175,-30.113998,53.205585,6.240983,-18.592133,-43.53309,-23.103333,0.21546865,-3.4399557,-30.039352,-3.9882743,-19.50675
SS,e,14,ADS,99.56557342216026,129.25870305002718,-396.62997,56.043663,-18.752815,27.415934,-14.1863785,27.077728,-16.055231,4.57277,-0.7652808,-10.867394,-36.46396,-18.294271,-16.593864
SS,a,14,ADS,103.21752699189652,133.17563344547523,-299.4152,104.08299,-79.06197,22.325737,-31.805412,5.049192,-11.586854,-30.108597,-16.715914,-16.25255,-20.36788,4.8591833,-30.398186
SS,e,14,ADS,110.69312624703656,43.086234349999586,-292.2837,46.794453,-37.06713,71.79262,-23.739946,-22.60193,-59.036434,-23.249035,-37.42629,-32.37528,-16.280321,15.5755825,-0.37007177
SS,i,14,ADS,111.993931190807,67.89346018788933,-411.205,90.88487,-12.1338825,77.22038,-15.29751,-14.137934,-26.884853,-12.3368435,-37.53135,-34.297176,-19.711777,-4.2024913,-19.95687
SS,e,14,ADS,112.87223023033296,96.61761642124134,-262.47253,73.43387,-68.38388,72.031784,-75.09306,-16.275894,-6.189769,-20.838299,-19.340853,-30.015158,-5.6150403,6.688608,-11.870987
SS,e,14,ADS,113.30113410863534,71.81039058333738,-299.7417,77.1461,-59.31996,73.82053,-58.63494,-11.842398,-25.509346,-23.02459,14.789076,-24.689024,10.886656,4.965645,-4.0482936
SS,e,14,ADS,114.67582319141276,104.45147721216586,-332.7264,91.17511,-17.311539,28.026148,-40.51586,-22.345022,-24.787083,-11.682921,-22.804522,-1.7221762,-8.389622,-3.1376452,-14.589193
SS,e,14,ADS,117.2269998954413,62.67088632728246,-324.52808,73.4422,-15.851308,53.4142,-4.4762006,-8.349379,-30.60238,2.6120925,-18.162523,-6.968014,-8.589052,17.623405,7.6846037
SS,e,14,ADS,118.29073597385496,56.142669001530976,-312.3241,24.947071,10.518735,38.98858,-10.902818,-26.673607,-48.06997,4.1103,-31.176357,-8.67338,-18.607763,-4.2750163,-0.9858943
SS,i,14,ADS,122.95896707110808,122.7304857242899,-321.91968,28.439528,-33.28131,51.945595,-37.030243,3.6357403,-6.3278637,-1.9432538,-14.460452,6.0855193,-13.052495,9.570922,-12.981327
SS,i,14,ADS,123.54650663042638,41.78059088485497,-330.11887,56.54251,-42.90653,59.678524,-50.746185,-24.298555,-16.01242,-14.1936,-25.740803,-13.872734,-14.981871,2.3747194,-21.446888
SS,e,14,ADS,124.25881061569768,45.69752128031723,-314.32773,47.497696,-28.943195,36.389687,-4.197025,-23.324396,-45.155605,-24.697002,-45.73993,-2.8866022,-17.329992,12.203738,-6.430483
SS,æ,14,ADS,128.0856930256459,58.7539559318202,-277.30173,73.35275,-97.91107,57.61438,-76.76903,-50.513123,-25.55561,-7.7665405,-1.8465152,-15.105272,-4.3468,-4.1080475,-13.088655
SS,e,14,ADS,128.87169039166724,69.19910365303394,-367.70572,67.069626,-33.69343,43.494217,-13.992254,-35.97827,-25.52637,17.62272,-4.1535587,-6.1818147,-19.565617,-8.31377,-13.875332
SS,i,14,ADS,130.15982709462435,50.920095140924104,-346.71045,9.263555,18.426811,45.423508,-2.5700345,-18.684948,-37.464794,13.75112,-33.231888,-10.179305,-20.927853,22.732594,-1.2857344
SS,e,14,ADS,133.02498366790343,53.53138207121333,-254.53465,118.405304,13.621599,49.86885,-16.759737,-0.069423825,-47.06685,-11.199472,12.500321,-10.651402,-25.700672,-6.4848256,1.5572064
SS,u,14,ADS,150.15888623170923,66.58781672274472,-367.7214,94.31756,-4.113035,11.603533,-37.955353,3.4819016,-43.86905,-7.3667235,-22.442543,-21.231201,-17.065441,8.712209,0.8883687
TL,i,11,ADS,1.458164704546193,55.137932605017205,-398.88867,60.327538,-22.75425,42.267464,-41.505157,-25.672,-40.37146,-27.173023,-38.67797,-0.94585484,3.9688663,-0.6506021,8.5065
TL,a,11,ADS,1.5493543623160289,53.017242889439544,-298.2957,105.00907,-74.9971,16.41586,-48.05312,-3.908193,-45.1819,-0.69159937,-3.4572535,13.248165,-5.5754385,-8.48399,2.8855913
TL,e,11,ADS,7.799464484707849,56.19827746280581,-426.28543,69.88097,-10.46183,46.813133,-24.665947,-15.023244,-21.128557,-7.925418,-29.57974,-8.835613,-17.352108,-10.678804,-23.739624
TL,a,11,ADS,8.015145574406805,44.534484027130006,-235.83492,80.50121,-123.40207,25.84754,-49.804283,21.896294,-26.400486,20.054478,-9.106182,-0.43746233,-37.265266,-2.3725688,2.9438357
TL,e,11,ADS,11.904633479791949,54.077587747226374,-398.06226,103.587715,-17.522087,31.331388,-39.60952,-31.821938,-35.35187,-12.462046,-24.815754,-4.5434656,-26.507671,-9.308165,-11.370789
TL,o,11,ADS,14.10660947360577,71.04310547184767,-483.84323,71.63211,-11.637054,2.753073,-21.96045,16.00031,-28.895935,-12.866865,-28.518608,4.3870173,-27.637701,3.7888937,1.2441363
TL,u,11,ADS,17.250670368949784,54.077587747226374,-416.64792,120.25193,-1.6040506,-11.18008,-48.81847,-16.61862,-16.56777,-21.001986,-18.04358,-18.645237,-9.575327,10.964905,3.3553505
TL,e,11,ADS,18.69639214833009,47.71551860049783,-389.6464,80.91092,-25.916964,55.84253,-20.966997,-24.490438,-44.90998,-29.218475,-45.33226,-15.486217,-17.410616,18.478558,7.764434
TL,e,11,ADS,25.13491623571717,97.55172691657066,-464.8307,103.006195,-6.5143795,24.570927,-16.09445,-5.5617,-26.073214,-0.9117405,-17.097271,-12.480512,-27.14516,-3.3797004,-15.886119
TL,a,11,ADS,30.02249964391158,69.98276061406017,-374.00656,84.62512,-11.213533,25.412151,-33.089996,-17.510216,-41.648506,4.2244387,-19.310474,4.821459,-21.43187,19.757433,-8.411633
TL,u,11,ADS,36.83934308971472,50.89655317386388,-455.7102,118.27364,4.8218694,20.605263,-24.176067,0.36514556,-18.022766,-11.23111,-30.531136,-11.948638,-27.118656,-12.915792,-17.01295
TL,a,11,ADS,37.15797671948025,94.37069234320461,-365.00986,96.155525,-88.85394,10.263651,2.3004823,24.019417,-25.747421,8.644808,-22.348015,-10.895808,-10.577541,-12.022739,-6.9657
TL,i,11,ADS,39.95888088483775,55.13793260502098,-409.71646,84.71991,-7.165073,37.800293,-59.187088,-24.339024,-21.294157,-28.019194,-43.40026,2.5625353,-12.376482,1.0054547,-10.2853565
TL,e,11,ADS,41.755893730298936,77.40517461858332,-292.61758,32.650578,-14.482844,50.072853,-64.15017,-15.015112,-32.108513,-26.98724,-24.036676,1.12809,-1.1836227,-14.82716,17.069633
TL,æ,11,ADS,41.87995407866022,128.3017277924472,-245.36911,73.39431,-85.754944,24.047503,-62.440826,-30.354717,-34.114876,4.7620716,-1.5617555,14.773254,5.510853,5.653514,-16.531141
TL,i,11,ADS,42.04748856619085,54.07758774722282,-366.34225,62.74436,-7.699397,56.25141,-23.090775,-12.558279,-21.521961,-12.095025,-16.959791,-2.5074039,-18.073036,-10.490398,-20.803986
TL,e,11,ADS,42.164656672976506,72.10345032963517,-349.5785,86.927444,-37.38262,16.905798,-14.156075,-4.0394354,-27.94115,-19.68816,-9.865618,5.406925,-13.788046,13.128408,11.411041
TL,æ,11,ADS,42.79006196134978,67.86207089847807,-305.9672,61.007645,-59.55297,8.276711,-58.083794,-22.714336,-18.973879,22.11578,7.1727924,-0.38075447,-6.474827,1.1459479,-16.455618
TL,a,11,ADS,43.051967141223614,63.62069146732807,-279.47528,23.303253,-101.20798,7.477269,-27.45187,2.7403378,-12.759314,6.414173,-2.0007596,14.883305,1.6309676,0.09952688,-6.521835
TL,e,11,ADS,49.1122755340712,77.40517461858332,-429.9248,79.6375,-21.381218,34.010098,-62.402924,-18.414865,-21.161963,-21.614735,-16.000662,14.907463,9.793835,-8.866856,-20.214756
TL,a,11,ADS,50.06678273229605,65.74138118291017,-356.35504,121.71466,-81.02089,0.36277154,-51.126324,14.593275,-34.62857,8.751183,-7.9356623,-1.5061038,-30.673153,19.950378,-11.72395
TL,a,11,ADS,54.29808618428784,83.76724376532252,-311.3124,120.27918,-109.58895,12.084684,-37.73936,23.943378,-14.721646,-10.618183,1.2543805,-12.798874,0.5076426,-13.972713,-7.469593
TL,i,11,ADS,56.11843711815874,49.83620831607283,-409.60904,101.20922,11.241312,45.560085,-37.076767,-16.990814,-45.12117,-7.5821486,-10.70108,-10.437529,-14.321213,23.224167,-6.861058
TL,i,11,ADS,58.17377910498329,45.59482888491573,-397.08185,77.60113,3.244252,62.72084,-40.596504,-15.15122,-15.50129,-17.34045,-27.754276,3.0600991,-2.9195833,7.9175286,-14.673425
TL,e,11,ADS,59.68068396796268,63.62069146732807,-323.8467,68.972946,-23.771042,41.89989,-74.93207,-22.005707,-28.988592,-37.284767,-21.786556,-18.192556,-1.7452912,-11.925679,9.573745
TL,æ,11,ADS,59.77876586730814,100.7327614899296,-327.46942,98.58192,-53.450478,45.06756,-57.57001,-25.77015,-19.58517,26.09163,-5.289009,-0.6067902,-18.372177,0.5252638,-14.29075
TL,o,11,ADS,63.16151852106968,56.198277462804924,-438.17557,132.22908,-21.480145,-32.927975,-69.871735,-2.95239,-18.053406,-10.251585,-23.013145,8.167089,-14.858856,0.95001256,-18.573025
TL,a,11,ADS,66.69865501551601,73.16379518742622,-346.9404,118.21644,-58.717777,-43.322292,-53.497993,-4.7995744,-17.169912,3.989321,-11.091308,17.004173,-26.028988,-11.701614,-10.101608
TL,u,11,ADS,72.42943041494394,67.86207089848517,-470.24664,91.85885,-24.732895,25.254307,-14.982749,2.0849814,-25.899803,-18.623642,-29.992573,4.605707,-9.372198,-7.4406304,-10.441105
TL,e,11,ADS,84.93628129606658,51.939434536791396,-456.52487,89.518005,-3.6688004,35.270454,-33.258667,-19.574903,-13.426822,3.0493379,-25.853312,2.382435,-13.439399,1.0303502,-21.77436
TL,e,11,ADS,85.66207861947557,38.17241488039258,-430.6471,60.868122,-7.701494,49.367523,-49.519646,-15.401828,-25.898682,-15.222918,-37.226685,1.9431303,-10.862359,1.2205305,10.212793
TL,e,11,ADS,91.35191064994076,59.37931203615676,-462.84943,59.789864,5.4789896,58.508923,-46.26687,0.045185924,-12.3851795,-7.7455273,-37.61406,-12.576868,-13.186687,-9.088682,-6.313464
TL,e,11,ADS,91.94765778691108,45.59482888491573,-283.82477,107.0228,-53.9222,22.69836,-46.71676,-26.018564,-29.88555,-20.805058,2.5707042,-25.121931,-5.571513,1.9144399,-5.5204897
TL,i,11,ADS,97.76060730348355,157.9664493707469,-372.23758,44.688904,14.11636,81.34406,-62.039696,-17.67635,-12.036118,-26.156414,-29.7191,-5.388631,-18.986315,-22.44516,10.008961
TL,o,11,ADS,98.42693756707683,44.53448402712468,-399.38092,103.34775,18.293621,11.551336,-48.38566,17.092968,-18.473495,-38.73307,-42.944534,-14.590767,-9.730907,2.5361018,-16.611006
TL,e,11,ADS,98.7821597794328,40.2797346025352,-387.9098,81.34687,-28.947256,27.45985,-34.87768,-42.98802,-27.98872,-25.860207,-3.4624767,-21.986143,-23.276207,19.870304,-7.884285
TL,u,11,ADS,100.78739222083384,60.41128407132135,-411.92642,105.49762,-17.347137,-9.779154,-41.851852,23.675217,-6.813045,-47.79821,-34.341614,-16.04267,-9.812608,18.381477,13.754818
TL,æ,11,ADS,102.64633962382786,67.8477567260245,-382.49008,114.85579,-55.890198,15.679371,-17.834702,8.543705,-28.875175,-13.087383,-9.2245655,19.518433,-33.68452,-11.817893,-6.8478417
TL,e,11,ADS,114.21819063542289,37.11207002258732,-391.36465,62.580345,-11.798314,42.816566,-14.645205,4.366308,-15.877276,-20.098042,-38.452393,-4.9464493,-19.656132,-1.5024735,-11.245779
TL,a,11,ADS,114.7079708708602,49.83620831607993,-256.6387,111.04186,-147.8533,9.961228,-46.33247,16.100815,-31.26933,1.988996,1.1174091,-41.08351,7.990375,-21.981232,-7.8167505
TL,e,11,ADS,115.0849234678041,42.413794311556785,-336.00397,66.126816,-6.0391836,56.66434,-54.875603,-38.299706,-22.5099,2.225943,-23.625893,12.922068,-15.564743,-23.25875,1.2607062
TL,e,11,ADS,121.09618566020968,45.59482888491573,-339.93768,87.93347,-14.725235,50.039696,-49.803764,-29.860949,-19.442574,-25.315666,-16.798227,-27.001041,-2.8626719,11.693552,4.3068733
TL,a,11,ADS,121.27750463089154,58.31896717837992,-286.01834,35.4309,-88.496994,-7.8539476,-24.279835,10.138395,-31.837658,7.964032,-24.074268,4.1778183,-26.789839,-16.257183,-5.2997055
TL,æ,11,ADS,137.62080975767475,183.41302441979224,-282.78644,101.741646,-61.158817,5.168891,-42.45208,-24.98082,-8.783118,26.639551,0.8476174,-1.7069705,-3.9034505,3.9317155,-2.5610046
TL,e,11,ADS,153.11953999731287,58.31896717836571,-369.97592,102.93919,7.2147512,55.545876,-56.760952,-29.015308,-15.533359,-20.660984,-11.23123,-5.570446,-10.127867,-23.611897,-10.4225
TL,i,11,ADS,153.49861328397236,89.06896805424935,-436.2849,77.42795,25.909958,58.77205,-64.64655,-16.317814,0.66621625,-33.111107,-20.190285,-14.332008,-6.4619904,-6.07973,-11.475426
TL,e,11,ADS,156.28839432986135,41.353449453765734,-365.13037,92.44198,-16.859837,62.63308,-34.450768,-20.267056,-31.918238,-6.3222876,-31.795044,-20.035336,-1.6301389,-11.166941,-16.70111
TL,i,11,ADS,156.49357105984348,86.94827833866725,-423.7034,79.088425,35.510124,57.275444,-48.82068,-8.449934,-21.61551,-29.542316,-32.150944,-21.696228,-6.5999594,-11.252671,-10.163693
TL,e,11,ADS,160.75536925228155,149.5086249482256,-497.19604,58.24982,12.140215,53.798542,-36.828396,-0.88278735,-29.85234,-11.944486,-43.105995,-12.864466,-6.3521023,3.205286,5.0522966
TL,i,11,ADS,164.14338727583845,80.04000704244163,-358.43054,61.437866,1.7948148,56.00469,-60.410255,6.793907,-34.862236,-11.667434,-23.877686,-20.095055,-16.144924,-21.17075,-5.01772
TL,a,11,ADS,164.25725796019057,39.43442945143261,-335.7552,86.079025,-54.21598,19.533737,-20.735727,8.284101,-22.284786,-3.2952805,-10.266771,4.5295024,-25.140598,-8.721832,-31.052681
TL,a,11,ADS,191.1726073256607,48.47493384258428,-279.15192,109.368355,-114.9895,-3.047703,-38.63701,25.18657,-36.95668,22.439846,-22.726746,-5.608221,-4.224716,-14.96249,7.631138
TL,æ,11,ADS,198.7077725921324,101.45916385653209,-367.27405,41.588196,-23.795147,17.724712,-56.52565,-33.21498,-40.961338,17.39739,-18.308273,-22.922012,-9.284288,-11.119808,-6.1887693
TM,i,24,ADS,4.514756974404593,62.61943868667519,-343.3748,-5.3230376,34.822353,40.05041,-18.608799,-17.170998,-32.996567,5.134329,-39.23523,-4.017562,-8.796696,8.07428,-17.2098
TM,e,24,ADS,4.680514312104615,74.89775999778826,-311.92572,43.94213,7.702041,47.58524,-65.51629,-29.56715,-20.7686,-16.448711,-41.509636,-6.7274666,3.8541012,-3.6821105,-15.437954
TM,u,24,ADS,5.018782064225772,54.02461376889711,-341.6296,130.58478,-14.466219,-10.265903,-81.205894,-20.758013,-13.506659,-14.301603,-34.011806,-17.408318,-10.389528,22.38755,4.604583
TM,i,24,ADS,7.124503191357565,96.99873835779104,-407.31537,82.40367,13.134581,57.31507,-48.024662,18.17767,-12.674103,-5.1276007,-16.672848,-18.254284,-17.535362,-3.7175097,-11.419824
TM,i,24,ADS,8.196232000013389,92.08740983334529,-455.20007,57.835358,14.429215,36.173862,-50.554512,22.370804,-28.624405,4.8724585,-20.714355,-12.070325,-7.8358746,15.144167,-13.5286045
TM,a,24,ADS,30.03197913243104,71.21426360445327,-346.95282,97.70415,-74.52762,-3.7819853,-32.25129,13.290916,-18.808086,-0.99438703,-39.425415,0.89248824,-10.375904,-17.198362,-6.3536024
TM,e,24,ADS,30.189141645213283,36.834963933337406,-392.52316,81.944,-46.24038,24.13753,-45.672813,-2.8236485,-31.470867,-3.852882,-26.751797,2.396414,0.6684532,2.7244284,11.629601
TM,æ,24,ADS,60.51386696288628,198.90880524003052,-397.878,61.355175,-42.91037,37.080013,-18.966717,1.4695315,-26.33551,-1.5979025,3.8875136,7.039112,-30.752552,13.126992,-8.428235
TM,i,24,ADS,64.72404172889316,44.201956720016256,-430.7091,80.00348,-18.253695,73.946625,-26.135128,-16.340427,-40.95204,-2.588439,-17.311363,-9.094811,-3.7705472,8.920538,-8.227458
TM,u,24,ADS,64.88857123446206,46.657620982230696,-425.87457,140.50291,-3.320063,8.862627,-46.586113,-18.359474,-5.110586,-10.315004,-28.39962,-36.009827,-32.72992,-0.28594446,-27.895594
TM,i,24,ADS,66.13931558020474,39.29062819555895,-396.10767,100.52815,-8.16102,58.43016,-39.042854,-6.296558,-12.824104,-12.852039,-31.734373,-10.429245,-10.823652,-8.627135,-16.284279
TM,æ,24,ADS,71.63992997786372,66.30293508000307,-382.32965,85.21559,-16.306551,26.859272,-31.874298,-26.470703,-37.787457,8.473005,-2.5753264,8.627022,-1.0493088,17.600704,0.598974
TM,æ,24,ADS,72.396392578583,99.4544026200117,-399.08395,107.76214,-56.99817,36.499397,-37.0877,-13.474789,-18.216331,22.201496,-14.5887375,-6.646613,-35.600323,1.1171513,2.7557244
TM,e,24,ADS,75.03294280449055,84.72041704668243,-405.9859,57.03643,2.1908808,69.922775,-36.78109,-17.323536,-9.416534,-11.883426,-20.927805,-17.538626,-26.347095,-23.768967,-18.475655
TM,i,24,ADS,76.2946721861519,52.79678163779522,-381.772,4.8592377,45.121273,28.858635,-8.172028,-5.22227,-15.970665,12.22076,-28.263058,-3.7914472,-13.145922,0.66596425,-18.113392
TM,i,24,ADS,80.96604172248155,45.429788851109265,-377.2281,56.31243,-0.069835186,63.570675,-35.497177,-11.925665,-26.315685,-7.8577704,-25.834042,1.5618062,-14.828806,-14.585775,-17.923038
TM,a,24,ADS,81.68655798694613,93.31524196444718,-352.99142,103.82061,-42.874,-2.0711453,-32.08319,9.033543,-34.368423,-10.5690975,-30.4968,-10.050825,-21.76899,-16.147305,-18.451344
TM,a,24,ADS,82.70074828766595,67.53076721111029,-396.25333,96.621925,-33.16471,57.26366,-43.560486,-13.698076,-45.429497,6.346008,-26.269344,-2.253636,-29.068176,-10.3074875,-14.4264145
TM,i,24,ADS,89.66836218980147,62.619438686681406,-478.21362,76.0406,19.539433,46.521038,-29.526358,9.993809,-18.753843,-1.8047781,-37.35724,-23.314568,-28.289806,-16.05523,-3.8564732
TM,æ,24,ADS,91.54703852164256,106.82139540668345,-315.09137,116.47061,-68.91046,-28.709492,-45.189228,-19.945772,-19.592695,17.000341,-15.866877,-9.998843,-30.51566,-14.928116,-13.569511
TM,æ,24,ADS,111.36292152570914,116.64405245558385,-319.28702,110.43644,-71.72864,6.7864447,-55.901207,-14.299777,-25.923079,-1.50542,-13.44161,-10.084319,2.5590472,16.34291,-8.485843
TM,e,24,ADS,125.24809582278556,52.79678163778101,-358.7173,62.496254,-6.4571757,48.705223,-35.86285,-19.913662,-25.959293,-11.154611,-27.390823,-22.856249,-29.105293,-4.27624,-14.425704
TM,e,24,ADS,132.30939092889574,83.49258491557521,-405.37836,85.37569,-4.4247704,81.4586,-38.444786,-0.8834678,-22.297014,8.63064,-16.64141,-19.816246,-4.1576967,-1.4004786,-10.5632925
TM,e,24,ADS,137.8564804467429,49.11328524445935,-423.037,73.89603,18.768394,45.05658,-10.870713,-23.535908,-24.339016,-12.477434,-37.289276,-11.371725,-25.693096,13.204668,-5.3360815
TM,e,24,ADS,138.0959077123096,76.12559212887504,-448.54556,78.594734,18.732773,47.349518,-11.100752,-15.61962,-29.278961,-23.681982,-34.023087,-18.025335,-22.822912,5.936692,-9.740253
TM,e,24,ADS,139.70234451549652,125.23887737336281,-374.28143,38.345623,-4.1369014,72.28464,-62.9995,-22.495884,-3.7296195,-34.72386,-29.849009,-22.857824,-6.383975,-20.51239,4.0014143
TM,i,24,ADS,140.1320857613855,66.30293508001728,-398.48288,69.08537,9.7751465,67.40686,-61.505653,-28.955515,-11.015232,-13.953531,-19.527746,-9.665986,-6.638219,-17.135614,-18.819378
TM,i,24,ADS,141.23952681123035,54.02461376894507,-293.34573,93.64699,-18.692978,64.03,-71.84985,-27.107742,-31.43193,-20.87965,-26.143375,-30.659586,21.91764,-30.31213,-11.178993
TM,e,24,ADS,143.68730333584165,62.619438686652984,-359.01004,70.38138,-50.408714,41.14899,-33.602856,-6.1007166,-56.22665,-14.641167,-24.379272,-12.285881,-4.954138,9.916287,-7.587666
TM,e,24,ADS,146.6159992571245,83.49258491557521,-401.77286,108.790634,-23.000328,53.883045,-27.202417,-15.130836,-46.036896,-11.590145,-19.593538,-26.315067,-12.453547,8.65304,-2.5656388
TM,i,24,ADS,152.68496998538748,69.98643147335315,-406.15256,100.293594,-11.842717,78.38295,-46.660305,-5.9516735,4.384397,-18.090658,-23.112385,-14.712801,-14.274779,-4.482842,-20.652582
TM,e,24,ADS,163.13469289548482,93.31524196446139,-472.63855,87.14107,-27.528788,47.487156,-24.670158,-10.617342,-11.00745,-1.964782,-19.02575,13.105879,-0.5318247,14.285683,-10.8979645
TM,i,24,ADS,179.3339667185403,82.26475278445378,-423.7954,77.76752,0.119263396,84.90393,-23.62644,-11.144171,-31.108173,-6.051879,-26.324726,-18.188286,-7.2215767,3.771948,-8.3555155
TM,e,24,ADS,179.70357094756244,83.49258491557521,-416.02405,106.304,-39.360107,54.8743,-35.938198,-22.438595,-31.889399,-7.1384544,-3.3309026,4.105317,-3.9492736,5.532327,-17.322084
TM,e,24,ADS,180.03876911935583,83.49258491557521,-376.73514,101.0975,-41.358368,77.1272,-23.786907,-26.576702,-38.31244,4.8724937,6.313936,-6.0830827,-16.122948,-4.495713,-3.6238153
TM,e,24,ADS,194.56090164272024,136.28936655337043,-431.19778,37.993576,-9.978253,49.606903,-22.40322,6.7714634,-20.984049,-6.59704,-46.54781,-8.419403,-14.892815,5.6831536,2.2050583
TM,a,24,ADS,220.63917859182567,62.619438686681406,-329.07645,104.61311,-70.79822,-7.6267643,-7.5886765,-2.3684127,-36.708977,-8.752971,-34.589157,11.887578,-18.492352,-2.1332917,-24.317688
TM,e,24,ADS,239.24243260090745,105.59356327559044,-359.262,96.615295,-8.63542,65.98543,-53.532326,-19.944054,-29.820713,-19.698978,-28.526505,-11.619045,-9.085663,-2.057806,-17.661911
TM,e,24,ADS,239.4634423845075,83.49258491554679,-383.96762,96.61796,-19.635042,48.75878,-45.506157,-8.417851,-18.675545,-2.4375138,-30.820217,-12.8297,-9.57296,-3.1806982,-10.235413
TM,æ,24,ADS,241.38386500880648,76.12559212887504,-244.05096,77.74304,-69.20261,-10.6764965,-58.24862,-17.333069,-42.648968,-13.945606,-16.471413,14.519167,-7.628915,-2.2875876,-16.949465
TM,i,24,ADS,255.28974284988576,114.1883881933552,-338.47092,69.12047,-34.818344,60.450798,-50.72704,-13.596985,-26.587555,-11.051048,-7.573223,-24.576584,-8.221924,-13.25383,-30.595684
TM,e,24,ADS,260.2814337277672,62.619438686681406,-311.5671,85.275604,-23.151228,62.432354,-42.596497,-16.982077,-49.15011,-20.502712,-24.768066,-18.944502,-29.94564,16.217102,-0.62855047
TM,e,24,ADS,262.71800305954,81.03692065333234,-401.98846,87.452095,8.041561,61.63556,-34.495705,-19.344551,-49.670967,-24.532932,-32.65793,-6.964018,-14.003864,0.38168728,-2.6427855
TM,i,24,ADS,264.40628705922967,40.51846032666617,-364.0319,75.95259,-5.4838376,70.12082,-51.336964,-13.053544,-26.067972,-7.7885175,-41.410305,-3.8244128,-2.2611332,-12.525155,-9.940243
TM,a,24,ADS,288.7927403173427,84.72041704669664,-400.80014,138.5351,-53.846474,-6.1301556,-18.848984,3.5344167,-18.274048,7.1146774,-22.133884,11.509815,-10.222639,-2.5751116,-40.213333
TM,a,24,ADS,295.037121438128,126.4667095044274,-429.78928,120.3739,-53.954597,-11.701427,-23.76318,1.5805367,-31.20313,16.79794,-0.07606691,6.119615,-9.387482,7.9787827,-22.316628
TM,e,24,ADS,297.32867261847264,65.05541268222714,-403.93832,89.751724,-28.3202,54.44183,-33.771744,-17.59628,-30.832851,0.96159375,-24.635786,3.2748008,-14.813139,8.483038,0.16552454
TM,e,24,ADS,299.19742519773445,121.55538098005536,-466.76736,83.02273,6.3476286,46.674,-13.955764,-3.8371449,-11.043872,17.923525,-30.077208,-11.859689,-19.987858,0.9133103,-11.593099
TM,æ,24,ADS,299.4208906455967,47.88545311333792,-392.7775,80.72478,6.500026,13.415126,-8.183776,-20.625193,-29.229769,26.004253,-22.640486,0.23816204,-12.816841,6.217561,-14.923579
TM,e,24,ADS,304.87364634769995,56.48027803113109,-381.9469,92.565506,4.0545177,62.153824,-18.846685,-18.652458,-30.735126,-8.7647,-18.238274,-11.252893,-10.04921,0.40210438,-18.337273
TM,i,24,ADS,308.0120923050512,73.6699278666606,-394.17456,70.01059,-14.423347,44.042084,-57.376587,-12.810062,-28.44871,-1.5452702,-17.154263,-4.8507166,-8.143685,2.4122853,-20.370155
TM,æ,24,ADS,309.1266643317732,56.48027803113109,-351.6344,85.35875,-49.98191,56.02783,-51.678173,-23.822334,-51.183754,-5.8935127,4.1559997,-10.554476,10.089835,-16.622646,5.466603
TM,e,24,ADS,310.3516371013304,99.45440261998328,-405.7064,96.45308,-30.349735,52.36104,-39.230377,-23.432549,-26.810974,15.809902,-7.540507,1.4941709,4.974312,14.00279,1.1528273
TM,a,24,ADS,317.19500490273657,54.02461376888823,-378.09903,96.26834,-43.39945,-2.9451847,-44.07057,-0.90143794,-22.611404,-1.9521228,-13.815304,12.667568,-12.392103,4.370409,-0.70236385
TM,e,24,ADS,319.724772428941,94.5430740955544,-444.6897,79.1991,-10.084576,37.44393,-27.103426,-13.841901,-16.638708,-1.1456262,-24.592072,-12.51601,-16.455898,1.4506894,-12.714401
TM,e,24,ADS,320.0212938886044,44.20195671997362,-332.44824,67.99417,-23.143642,78.83696,-36.084793,-33.509315,-50.396225,-11.8437395,-12.636873,-38.20703,-16.589125,-19.75547,-8.096031
TM,e,24,ADS,323.6761751240323,58.93594229331711,-361.80713,100.91408,-34.215073,81.63402,-27.248589,-8.958702,-48.37594,-2.699881,-13.809114,-43.40977,-11.04665,-17.320957,-22.730465
TM,e,24,ADS,323.8701726007479,73.6699278666606,-431.62076,64.857544,-32.362213,46.340508,-27.39019,-6.5838423,-24.956568,-13.300361,-25.860546,-5.058847,-10.585305,6.497903,-13.871019
TM,i,24,ADS,336.2507676068267,47.88545311333792,-314.67944,54.96106,10.041584,46.047268,-35.796597,-12.553375,-34.620647,-8.854596,-30.664497,-2.983416,-23.222446,11.317745,-19.291862
TM,e,24,ADS,337.8999176819792,46.657620982216486,-382.03705,86.86504,-19.417976,64.8902,-42.806816,-22.13573,-24.485565,1.6249306,-6.549091,-23.940193,-18.151482,4.0009537,-8.471181
TM,e,24,ADS,337.9717458616492,74.89775999778203,-416.94156,77.48471,-30.858133,46.956898,-29.596134,11.25568,-5.228382,-4.460118,-25.721863,-4.5192437,-13.404517,-3.7962694,-27.380531
TM,e,24,ADS,339.84467479198054,51.56894950670221,-437.36343,93.79812,2.6863704,52.20742,-42.59056,3.7263353,-24.954943,-3.0013013,-22.942455,-2.4623137,-9.059572,2.4590287,-17.624847
