spkid,IPA,AgeMonth,Register,time_start,duration(ms),mfcc1,mfcc2,mfcc3,mfcc4,mfcc5,mfcc6,mfcc7,mfcc8,mfcc9,mfcc10,mfcc11,mfcc12,mfcc13
FADS101,i,18,ADS,4.241120171472395,66.39399372478749,-453.05356,111.43123,0.81770974,106.594406,21.041359,-16.699154,-9.199156,-7.4060135,-16.226875,-13.653656,-8.414985,-8.669241,-3.9286604
FADS101,u,18,ADS,5.69,159.99999999999926,-588.83374,197.08008,92.43265,18.303356,-4.414415,-24.549244,-8.614716,-7.7548013,-3.6348393,3.2839198,-4.214652,-9.105303,-23.502914
FADS101,u,18,ADS,6.697327169455356,87.9720416853429,-583.44775,206.03894,69.72533,24.813286,-16.467167,-19.166332,-9.075308,2.1825728,0.71886325,-4.3355,2.6540573,-4.057849,-25.680832
FADS101,u,18,ADS,6.922141504394846,97.10121582250065,-536.7073,189.15799,86.851715,22.0883,-12.244304,-32.81909,-10.45817,-13.642883,-18.982975,-0.16074657,-11.127285,0.1172955,-17.795834
FADS101,i,18,ADS,7.354016154215554,80.50271739130466,-410.0081,96.740616,3.3455381,87.78255,24.919174,-23.523693,-8.599602,-6.7331505,-14.918335,-9.902901,-7.1871266,-3.9460773,-10.300617
FADS101,u,18,ADS,12.93297205963919,117.02794036080988,-494.27606,147.64894,87.920944,40.87648,-13.737337,-24.299706,-31.15723,-7.176817,-1.9853662,-5.26082,2.242351,-16.62295,-13.741123
FADS101,u,18,ADS,15.49348089698885,83.82241707754012,-588.77936,178.73914,94.11308,26.062113,-4.423339,-17.582907,-9.746933,-17.629894,-5.815524,2.6912255,-2.0032854,5.479245,-31.142227
FADS101,u,18,ADS,22.31916913936903,78.83551378305853,-536.73566,147.93085,60.463226,27.476604,59.742813,37.232224,-18.7537,-24.5606,-25.593876,-13.671846,-15.58753,2.952406,-29.631851
FADS101,u,18,ADS,23.11,181.83575467607938,-597.5091,187.5051,107.60542,30.943754,1.1119776,-12.702719,-3.6859071,-17.481266,-17.156372,3.1075208,-1.571163,-20.684317,-20.393995
FADS101,i,18,ADS,35.41622277549097,71.3735432541398,-434.43985,102.407166,7.810898,90.939575,19.409815,-17.63861,-11.446197,-14.872272,-10.762222,-12.31052,-16.889046,-0.5438858,-20.166069
FADS101,a,18,ADS,40.28059945635131,79.40054364868843,-421.7241,181.4899,6.9598627,-21.109043,-33.665344,-11.513684,-14.379049,15.575525,5.408168,-9.002249,-29.430532,22.372158,-30.086187
FADS101,a,18,ADS,41.72510556347815,66.39399372478039,-479.36038,209.52747,1.7572296,-12.586497,-26.650402,-3.1770918,-15.894135,16.797665,5.4832115,-17.007185,-9.574215,13.525568,-30.050358
FADS101,a,18,ADS,43.05,90.00000000000341,-412.3553,158.73517,21.700481,-2.8543575,-48.586983,-14.005894,5.6538186,-22.910343,17.925003,-2.64966,-41.36481,9.751399,-10.171043
FADS101,a,18,ADS,43.98840649355422,64.73414388166532,-416.72946,160.97298,17.336033,5.905559,-52.065056,-8.146277,15.553333,-25.198366,17.702293,-2.9328208,-29.116062,8.816086,0.19681156
FADS101,i,18,ADS,46.47024731605526,68.05384356790967,-447.38565,95.243576,3.7361267,94.191666,16.128473,-7.3434677,-20.973042,-7.9471035,-8.69248,-4.4196763,-10.474663,4.074077,-11.097542
FADS101,a,18,ADS,52.0,79.9999999999983,-464.84195,197.30856,20.571625,-2.3805993,-43.396362,0.6748505,-15.694086,22.084812,-0.8001193,-11.892563,-13.919971,4.8247633,-26.088776
FADS101,i,18,ADS,58.03895943048951,79.67279246975068,-508.3237,125.961914,36.50704,85.001495,24.790913,-5.8139315,-12.16403,-19.800962,-13.684446,-17.25983,-31.527184,6.3638563,-21.654945
FADS101,i,18,ADS,59.8462738354648,99.59099058718124,-520.70306,124.03314,15.81851,86.344025,33.28707,-2.7732897,-4.9479084,-24.885723,-5.3966875,-13.157245,-25.35773,-3.6099072,-7.684829
FADS101,a,18,ADS,61.48,91.65595110793134,-377.94745,180.25356,-41.90752,5.11768,-23.386269,7.8914747,-0.6896682,-1.0994744,-15.5973,11.487188,-3.7041163,12.732595,-26.24421
FADS101,a,18,ADS,62.22,60.000000000002274,-426.35776,172.5859,-20.931599,-25.687515,-32.73481,-2.1662834,-9.345522,-5.2995462,-18.822838,10.109169,-1.364482,6.484806,-35.15434
FADS101,u,18,ADS,67.39198871592853,108.0112840714662,-619.698,183.557,96.61832,35.92691,-7.1210837,-16.311165,-13.880847,-11.869366,1.5529101,1.8245376,-6.397189,-6.3673983,-22.81818
FADS101,u,18,ADS,75.27,66.25565059891869,-527.787,169.69534,36.66047,7.881111,50.294617,32.71116,-28.018044,-17.436686,-20.118841,-1.9689333,-14.583527,-7.8802347,-26.872234
FADS101,a,18,ADS,82.7,95.9177275822043,-427.6759,181.42352,-1.4049416,13.484762,-57.405975,-12.097878,7.038803,4.200035,1.5949852,-2.5562654,-18.964325,-0.5571281,-23.876896
FADS101,u,18,ADS,84.1,75.62819934375398,-616.69904,197.24672,100.8483,22.008041,-6.56722,-13.086149,-11.786492,-13.976208,-5.1164384,-9.151439,-5.099783,-2.588139,-14.513654
FADS101,a,18,ADS,85.79574529929893,97.93114074406617,-512.83435,186.13498,37.36106,-5.7109947,-38.490784,-11.17546,15.693849,-2.7587185,8.78582,-11.249175,-3.6776795,-13.074199,-16.273693
FADS102,i,12,ADS,7.378975009831078,81.02499016892217,-489.75317,82.69585,71.097534,129.14471,15.185499,5.8331137,-0.95504016,-18.016556,-15.478327,-14.155123,-23.975246,-3.4672728,-11.090866
FADS102,u,12,ADS,8.92,134.38369265444726,-708.0161,144.99048,66.98021,36.7427,4.127474,-18.070179,-24.756754,-13.596066,-2.5172791,-5.413823,-6.2932487,-13.330425,-14.202208
FADS102,u,12,ADS,9.671606073864318,118.39392613568123,-575.3572,194.00113,62.00959,25.410189,-1.6757231,3.5083213,-2.856507,-0.34106708,-21.009666,-30.306252,-9.374377,-25.61235,-24.15352
FADS102,u,12,ADS,9.971988842402103,128.21215730271618,-567.7897,200.02579,50.672546,36.589874,-32.59884,3.765421,7.2375145,-29.380981,-10.820036,-17.710508,-24.367813,-27.6184,-6.3427186
FADS102,i,12,ADS,10.42,89.99999999999986,-470.0413,81.51466,68.93548,127.16513,11.52235,-0.72860545,-0.85019255,-8.150667,-20.157139,-20.259157,-3.8454587,-7.6515303,-7.060377
FADS102,u,12,ADS,16.44,115.60460678801832,-588.24286,174.37674,87.411934,52.75461,-34.803688,1.5591226,-19.891747,-24.215275,-7.70605,2.3008788,-21.029484,-14.765605,-33.471737
FADS102,u,12,ADS,18.9397893976945,81.81156704078063,-485.80453,190.12256,96.281715,47.774284,-14.886216,-14.6325245,21.321325,8.106924,-3.3011677,-5.1784444,-14.517635,-12.346029,-6.014097
FADS102,u,12,ADS,24.8,120.000000000001,-569.4338,212.4808,85.08805,47.028053,-23.918512,-20.395126,2.2396553,-9.253473,-13.088053,0.6227647,-13.200457,-6.311545,-17.856777
FADS102,a,12,ADS,28.73,89.99999999999986,-388.57895,227.6613,-21.854519,-10.161686,-33.21219,23.428776,-8.314594,4.186269,-9.166661,0.87989616,9.054903,16.429625,-14.1371975
FADS102,a,12,ADS,30.21,70.84990352052856,-322.44693,177.5534,-53.790398,31.470663,-45.154274,19.808422,-10.211938,-7.845554,-12.158968,5.6498613,7.2673225,11.826914,-33.858356
FADS102,i,12,ADS,36.40960458378012,70.39541621987411,-470.55573,100.88943,75.31799,89.00826,26.693233,2.0613098,-22.79741,-8.352604,-12.399169,-24.002033,-13.129935,-10.018709,-18.76568
FADS102,i,12,ADS,38.08467501770496,155.324982295042,-542.27795,102.571144,102.128914,90.084305,23.571812,4.8946323,-9.939861,-6.165615,-30.497013,7.767251,-6.9154363,-12.683651,-12.737448
FADS102,a,12,ADS,41.283168344957,152.6335205984708,-398.7422,223.7326,-40.64302,4.775408,-44.405754,15.072775,-14.5949,0.5022523,7.9655247,-8.084755,11.197216,24.801115,-2.7988944
FADS102,a,12,ADS,42.37,130.00000000000256,-412.48633,185.31941,-22.518099,-26.990843,-57.964367,1.5079643,-12.898558,-11.371681,-9.253292,-17.707111,-15.295199,7.7059255,-16.475685
FADS102,a,12,ADS,43.46,109.99999999999943,-429.11917,200.16489,-14.775387,9.083397,-33.505554,4.1840343,13.767103,18.494686,5.2602463,-8.0264,11.898989,15.181242,-20.852343
FADS102,i,12,ADS,45.94868272300099,64.71661273374707,-457.69012,118.94147,39.64843,110.27723,14.87649,-12.328903,-20.746632,-16.459461,-9.935132,-18.454098,-2.2762856,4.1533527,-16.053127
FADS102,i,12,ADS,49.00324593851423,54.94806741544522,-466.30954,118.841705,46.07964,110.374016,18.26983,-27.77932,13.296141,-3.550733,-22.957426,-19.33997,-20.102911,4.3314962,0.7429913
FADS102,i,12,ADS,49.33293434300692,70.82195355769016,-459.576,113.174545,68.04319,79.30087,24.527802,-8.991468,-22.650145,-2.6217043,-21.40342,-28.098366,-9.564989,-10.988423,-19.85706
FADS102,a,12,ADS,49.67622243115702,134.31749812664862,-399.89346,234.99121,-28.941896,-5.656602,-43.08265,2.42115,-9.373613,1.583156,-11.570099,-2.9962919,0.7900125,28.339909,-13.500743
FADS102,i,12,ADS,55.07,100.00000000000142,-464.6994,107.923294,64.89597,106.39053,14.090424,-2.0049515,-8.479088,-16.04775,-19.397234,-13.325415,-17.695435,4.4102783,-13.746679
FADS102,i,12,ADS,56.33,79.47062609647304,-475.32483,89.85677,42.778076,119.77568,40.767467,-14.7244,-16.492783,-13.539576,-19.905674,-10.371101,2.7670648,6.3976746,-9.4014
FADS102,a,12,ADS,57.57,111.18554363255839,-381.23233,189.32327,2.7620065,-13.823744,-59.929893,16.773396,-9.828024,-11.224656,-9.486089,-13.357874,-6.5198584,22.975452,-8.4982605
FADS102,a,12,ADS,58.44,85.17635245588906,-402.59003,210.04564,7.871413,11.553909,-53.722908,11.856298,-10.021091,-2.1677313,-10.576671,-6.1923475,18.640224,17.531849,-17.288063
FADS102,i,12,ADS,60.1078222423797,42.17775762030129,-425.1804,182.47626,-22.784504,47.382107,34.177917,-1.9475741,-32.63012,-27.951715,-8.074643,-27.46016,-20.326498,-2.9658384,-1.9613719
FADS102,u,12,ADS,63.15652720737144,93.47279262856034,-610.2073,188.38663,99.89435,48.718994,7.886235,-0.16665804,-4.197791,-19.980629,-4.8733683,16.089981,3.8127966,-11.170735,-2.3649225
FADS102,u,12,ADS,70.09,79.9999999999983,-580.299,219.77429,102.09366,42.871983,-21.68788,-9.545597,-0.36841488,-9.535867,-7.5417795,1.9706495,-8.553345,-5.1485367,-19.43648
FADS102,a,12,ADS,76.72,140.00000000000057,-401.52676,213.21783,-4.192342,-6.5615025,-53.82344,21.721502,-11.777849,12.307139,-8.04347,-6.8643904,7.35317,23.515034,-13.782145
FADS102,u,12,ADS,78.49109957646003,94.0222486886455,-589.885,208.67761,83.70425,37.5973,-11.297859,-13.237807,-13.296299,-2.8586936,-1.0232481,5.2900887,9.259911,-12.956587,-0.96069765
FADS102,a,12,ADS,80.31455498728786,98.90652134781419,-365.94354,183.97913,-29.557272,1.8453727,-56.736366,22.305248,-23.549755,-6.161442,-23.729362,-8.661426,6.078636,11.181607,-6.955553
FADS103,i,15,ADS,7.78,109.99999999999943,-514.9019,79.13564,59.934933,136.48517,4.126974,19.600224,-10.77294,-8.849279,-8.297669,-17.938644,-2.909213,-7.675084,-17.804306
FADS103,u,15,ADS,9.74,220.00000000000063,-552.55817,209.064,71.66556,47.464172,-32.77334,-23.3431,-1.566956,-11.733351,-8.023754,5.8271027,-0.42190266,-11.076705,-13.961706
FADS103,u,15,ADS,11.13979402568665,140.2059743133499,-526.9817,221.813,63.478004,37.676414,-35.135735,-11.557901,-7.63632,-32.076214,-7.393482,0.018105268,-8.686265,-4.5199623,-11.985815
FADS103,u,15,ADS,11.47,229.99999999999864,-505.62683,225.21982,83.08249,15.264095,-23.738356,-16.431946,6.124264,1.2150234,-2.7756143,-14.414214,-14.427856,-4.744253,-8.717718
FADS103,i,15,ADS,12.21,89.99999999999986,-452.02356,96.84097,35.14406,98.40692,6.771331,-3.6687121,17.158138,-18.068188,-19.814167,-17.511372,-15.048748,-13.072917,-17.176357
FADS103,u,15,ADS,20.64174884243939,148.25115756060825,-538.6829,160.14362,99.34406,33.071457,-18.751778,-29.386477,-32.572,-16.85762,-1.3567669,-9.116479,-9.466624,-15.689785,-14.45217
FADS103,u,15,ADS,34.26258439770412,117.41560229588544,-490.4329,192.58064,110.04408,51.239002,-20.828697,17.224483,-1.9047754,-8.808094,15.169266,15.236222,-5.85083,-3.856524,-2.707221
FADS103,u,15,ADS,35.51,149.99999999999858,-568.52795,211.52422,71.019806,42.902473,-28.69738,-33.4544,-14.91146,3.6737685,-8.844849,1.1973603,8.060816,-5.8264427,-28.593485
FADS103,a,15,ADS,40.33,124.50969690075198,-397.13013,217.72769,-59.674736,-3.9070108,-21.798656,-0.82909757,7.1357665,1.0793895,-2.0319827,17.21201,8.73678,13.78868,-11.740416
FADS103,a,15,ADS,43.94,154.91323270817503,-380.97754,181.98465,-9.007935,-4.2512665,-17.321203,4.7408485,-10.7049265,21.772846,-2.157548,-1.6551137,12.044155,-2.8446836,-25.344421
FADS103,i,15,ADS,51.46630488200886,133.6951179911381,-474.23907,89.46619,48.63113,139.46901,-14.896205,-4.436942,-6.030271,-16.808388,-13.721357,-11.512607,-2.0733805,-14.328342,-19.413977
FADS103,i,15,ADS,54.17874031759795,94.60710522660065,-408.99222,95.96956,15.879213,143.89601,-8.168844,-10.212278,-16.943335,-12.651959,-11.364096,-17.873959,-10.395849,-3.2526581,-22.694275
FADS103,a,15,ADS,59.1,115.08677877867513,-349.90826,177.12769,-32.12955,-18.92965,-29.671509,10.53017,-24.29877,18.681015,-10.28412,-0.17228943,22.045816,12.085602,-18.539934
FADS103,a,15,ADS,60.84,149.99999999999858,-432.42828,180.04391,-31.223099,-34.145718,-19.518044,-0.19580281,8.836733,8.291277,-2.0059004,1.399276,-5.921827,11.522202,-13.872377
FADS103,a,15,ADS,62.71,136.95316376525568,-410.45218,219.01459,-23.191244,-21.608734,-36.317253,11.247917,13.181875,7.905516,6.7622633,-2.1827192,-2.7817495,11.209585,-19.256039
FADS103,i,15,ADS,65.96557148081627,103.61730572438432,-495.37503,86.52466,58.070145,135.10983,-5.610811,-5.205047,-3.8601012,-7.5923705,-8.675381,-1.840282,-11.249277,-14.652675,-20.979462
FADS103,i,15,ADS,71.32954889249918,180.45110750082927,-396.90265,79.245926,43.735344,99.17367,-42.179367,-23.367704,-23.158295,13.542273,-25.789104,7.7867274,-13.159061,-24.062536,-14.388301
FADS103,i,15,ADS,71.98155658395238,108.44341604762064,-424.73923,80.72781,43.91279,146.37646,-2.8017855,1.5347455,-18.64473,-16.208992,-6.1234345,-29.8894,1.2904465,-19.567383,-25.639494
FADS103,a,15,ADS,72.37,153.5782398182306,-358.882,194.43835,-15.958007,-22.738327,-29.486078,2.7978752,-13.746978,23.32786,-7.7059045,-8.651947,15.020691,4.471936,-26.832096
FADS103,i,15,ADS,80.07,190.00365245574358,-548.71,65.60017,98.497894,120.144585,-8.384172,12.254946,-25.295788,-13.620592,-6.3476872,-13.882449,2.5117345,-24.495073,-35.992737
FADS103,i,15,ADS,82.49,132.64456582926698,-490.24988,85.67467,58.630024,142.39786,0.028512806,6.948345,-22.808346,-5.562351,-16.250422,-18.434889,-4.8801646,-9.135456,-29.396912
FADS103,a,15,ADS,84.72858683909982,121.4131609001754,-402.09702,173.43631,9.576249,-19.523983,-52.478676,13.980331,-12.562311,32.295605,-20.196125,10.387421,-5.0904264,-4.30799,-1.5668421
FADS103,a,15,ADS,86.31,112.5902399618326,-413.97757,184.80414,28.704796,-25.31461,-56.017723,5.165211,-11.143917,31.707226,-10.560865,10.464821,-3.0529962,-2.1384265,-5.259431
FADS103,u,15,ADS,88.91,188.40070373724416,-465.03546,231.20415,39.215343,-0.08626902,-31.188854,-28.826492,-29.933895,15.452391,-21.862804,6.0072913,0.4907076,-3.875416,-12.761624
FADS103,i,15,ADS,89.42141543384479,52.5595029036765,-380.73462,161.12842,-16.958563,83.73733,16.92802,-23.220703,-44.84788,-9.513948,-6.1757765,-16.483635,-13.457968,5.0430183,-9.256517
FADS103,u,15,ADS,93.7919055423882,123.13940680287772,-540.3726,201.36829,59.061512,32.97965,-16.843878,-27.942896,7.2250767,8.34429,-4.02864,-21.518959,-14.582627,-22.292725,-6.81677
FADS103,u,15,ADS,105.33,140.00000000000057,-488.27795,170.05885,109.20739,65.22612,-0.2878613,8.027396,8.553078,-7.8320227,10.43333,6.4798794,5.782469,10.846366,0.831649
FADS103,a,15,ADS,116.12,140.00000000000057,-392.39673,182.09909,-7.511774,-7.8298607,-46.080276,12.465164,-6.814794,22.19992,-9.885641,8.427958,7.4040556,1.1465857,-14.762448
FADS103,u,15,ADS,118.69,123.51469637330581,-567.83606,210.17426,53.2978,35.972633,-34.390408,-29.842262,-8.798405,3.368381,10.113078,-6.385462,4.0824513,-19.639915,-17.517
FADS103,a,15,ADS,121.75,133.47539488439963,-352.99664,183.99854,-10.815828,-19.584616,-41.693405,-16.996048,-14.255585,8.865281,-17.84238,6.2723713,12.455342,2.489613,-19.481155
FADS104,i,12,ADS,6.21,99.99999999999964,-483.7761,92.70761,14.199676,142.51413,-5.547849,10.492777,8.842827,-35.78044,-15.29249,-46.71259,5.7834167,-21.124804,-27.77964
FADS104,u,12,ADS,7.57,149.99999999999946,-593.8036,194.94176,108.437416,51.932655,-18.827494,-2.0351303,-11.832455,-15.341154,5.2894993,-43.626556,-11.131606,-16.430117,-24.72665
FADS104,u,12,ADS,8.155965025574416,104.03497442558418,-559.0929,180.59607,52.19905,32.62239,-21.620026,12.562125,5.637521,-20.358463,0.2496444,-29.7655,-0.29756737,-27.80402,-44.950676
FADS104,u,12,ADS,8.475603054565909,204.39694543409104,-533.98846,173.90067,54.89973,34.78501,-2.401229,-20.177006,-12.247646,-6.8730392,-7.327944,-29.093845,6.695881,-21.749737,-17.948595
FADS104,i,12,ADS,9.05,89.99999999999986,-423.96494,128.84964,2.85322,121.93233,2.822339,-1.7571106,-6.7787037,-10.192583,-17.98417,-42.44877,10.054373,-22.42954,-19.218922
FADS104,u,12,ADS,15.21,129.999999999999,-512.23926,113.098076,78.40405,66.40227,1.5705729,-27.620176,-30.360226,-33.699203,-15.9996395,-17.473274,6.0718784,-4.8414793,-22.044851
FADS104,u,12,ADS,17.63234526077458,140.13686985341778,-623.4356,162.36154,79.691086,60.542168,-9.843405,1.4955777,-7.883365,-21.964981,-3.9888535,-23.50978,-2.581295,2.6284308,-30.645575
FADS104,u,12,ADS,24.39404988987277,105.49629528291149,-483.86664,178.12473,76.130646,54.297512,-43.64261,-0.8949071,-0.7611233,-19.016605,11.798969,-24.481743,28.377766,-3.730645,-26.662771
FADS104,u,12,ADS,25.35,189.99999999999773,-522.0104,218.56494,92.40054,45.609352,-39.4739,-4.0892477,11.430597,-11.224564,16.77255,-30.458445,9.622517,-7.756457,-37.95421
FADS104,a,12,ADS,28.26,76.87260493707981,-331.7105,196.38492,-35.24974,1.6575725,-57.368027,28.291422,14.848291,0.5487545,-13.267796,-1.4735198,18.025673,13.764805,-30.563457
FADS104,a,12,ADS,30.6,99.99999999999787,-336.97076,168.86374,-60.250824,9.169317,-78.058075,8.392881,4.8229866,9.873095,-6.8032875,-18.672976,13.157087,-6.7518325,-5.6395736
FADS104,i,12,ADS,36.35699393394984,93.00606605016526,-467.2588,105.558365,40.835136,106.074615,-17.744316,-1.5693352,-10.630659,-16.649006,-8.5458355,-20.48341,9.526242,-15.922083,-22.147781
FADS104,i,12,ADS,38.14908817625118,110.9118237488147,-402.10223,69.04161,12.881762,109.54772,-9.81972,-0.121216655,-4.54534,-37.723404,-16.01279,-43.19184,2.8336277,-13.293049,-22.258118
FADS104,a,12,ADS,41.37841353213264,157.4571571386727,-330.5353,186.07552,-32.149483,-17.199116,-48.478264,16.981865,0.7020023,-22.669796,4.171685,-6.8278437,23.847015,0.9453418,-35.96997
FADS104,a,12,ADS,42.58,140.00000000000057,-329.15247,136.21207,-62.817013,1.1211292,-73.638855,19.217747,0.47559977,-1.3317024,-10.751286,-7.975443,10.444686,-15.340976,-20.308834
FADS104,a,12,ADS,43.96,140.00000000000057,-374.55386,192.51985,-29.750137,-20.066711,-56.456253,20.134438,3.0585084,10.553558,-13.797682,-15.092415,5.497787,-4.7722554,-11.830782
FADS104,i,12,ADS,46.17478697263908,95.21302736091997,-394.52997,84.81887,13.698881,111.05809,-23.814146,-1.2155026,-17.772907,-15.391434,-22.196678,-30.933092,13.649261,-18.869923,-18.815443
FADS104,i,12,ADS,50.19,39.99999999999915,-530.32825,144.7824,24.891178,113.44153,23.07715,11.347778,-8.31364,-3.4227865,-1.5635865,-41.304787,4.4462247,-13.675991,-24.26818
FADS104,i,12,ADS,50.57254329480222,74.00486385516558,-443.51822,88.11572,19.832367,130.19336,-11.928234,-3.0209885,-4.5861015,-15.900635,-12.957937,-45.31996,8.513021,-23.987,-26.662231
FADS104,a,12,ADS,50.91273425781593,116.51829628261368,-337.74866,161.38177,-25.079226,-0.7664859,-43.12655,21.388699,8.219492,-2.9305544,-14.988803,-11.007404,21.73581,-4.8884287,-33.83879
FADS104,i,12,ADS,56.11,130.00000000000256,-455.25372,71.47014,19.423063,135.19159,-23.9511,-1.220468,7.2191305,-37.285995,-11.086473,-42.20307,2.057742,-25.58258,-38.920513
FADS104,i,12,ADS,57.52,142.89714763013706,-421.05075,85.205826,6.03018,129.06107,-18.122921,3.5064921,12.618065,-23.886002,-4.9589405,-47.071136,3.9203527,-26.940071,-24.81237
FADS104,a,12,ADS,59.3,95.10824006242302,-344.53757,167.29274,0.86502904,-11.9519005,-65.95993,11.718865,0.8448898,6.7081776,-15.939444,0.90333694,12.50479,-4.8739104,-9.119739
FADS104,a,12,ADS,59.96,83.59657340979254,-399.17197,169.39502,32.18916,15.707006,-75.15544,18.337296,15.13693,-1.6891508,-12.3737545,-27.208817,14.081416,-1.4886858,6.48576
FADS104,u,12,ADS,64.73310022768815,105.49629528290438,-480.5791,200.76044,51.9514,49.744923,-25.48907,-7.2026415,29.026474,3.0650678,-3.2463095,-19.264908,-14.748509,-1.3127501,-31.975842
FADS104,u,12,ADS,72.5,163.67205775803484,-520.2164,164.47505,71.653824,44.154205,-25.99982,-7.4937944,-4.9378386,-16.193388,0.17172348,-25.68881,-11.582872,-8.594477,-27.248253
FADS104,a,12,ADS,79.42494045216615,113.36915313984264,-322.20728,189.82346,-41.142513,-1.8901567,-73.2834,12.506827,8.31918,4.266984,-12.669884,-8.404083,4.5904408,1.7870579,-15.457315
FADS104,u,12,ADS,81.21,100.33657843162302,-531.04224,202.76495,87.100525,23.75119,-26.275928,-17.754915,-4.9800534,-2.059277,10.066201,-28.68034,8.026274,-20.297503,-25.734455
FADS104,a,12,ADS,83.0705713014907,129.11486885370493,-331.65643,174.5473,-32.609844,0.5346694,-49.28421,17.213799,8.5477915,3.7518744,-21.935474,-18.149345,10.50045,3.8635712,-8.880063
FADS104,i,15,ADS,5.855706019094407,114.29398090559317,-480.76498,75.50077,30.948309,123.77653,-27.072231,18.52442,9.661162,-44.01989,-5.7783403,-45.762283,-14.291555,-23.583004,-26.969555
FADS104,u,15,ADS,7.35,169.99999999999994,-619.22754,185.08609,66.77246,33.26416,-5.809286,24.441395,-10.393458,-11.763361,-0.6474978,-34.858086,14.653063,1.1769636,-0.8019271
FADS104,u,15,ADS,7.99,160.00000000000014,-603.71155,173.6213,83.56778,43.413883,-19.639833,2.3729649,-12.162338,-33.0241,-4.3007445,-24.85329,2.151651,2.5767136,-50.12655
FADS104,u,15,ADS,8.37,150.00000000000034,-525.1551,161.9352,41.93692,34.357117,-22.509434,-8.914914,-18.333439,-29.753271,-6.8637295,-6.401503,-9.195758,-15.030544,-38.386078
FADS104,i,15,ADS,8.82,99.99999999999964,-375.79807,70.74556,-11.96953,149.71024,-2.668531,8.261311,-16.404747,-30.195974,-24.160954,-39.436657,6.525815,2.0839486,-33.04386
FADS104,u,15,ADS,14.47457478754316,101.35549881110961,-415.50778,100.781555,51.43312,43.214073,1.2543011,-25.746119,-35.305813,-22.81903,-27.032398,-8.301896,0.85160226,-0.53932333,-10.781161
FADS104,u,15,ADS,16.59580275012064,135.14066508146882,-575.89655,142.84955,104.407684,58.276062,-8.4072695,-15.541538,-11.1149845,-14.625256,-10.40135,-13.314636,-11.953811,1.8124894,-14.087179
FADS104,u,15,ADS,23.03,121.45790445361726,-546.11163,193.43314,62.926697,35.534996,-34.27009,-6.684091,-11.651174,-30.21954,-5.127386,-26.772263,0.12892705,0.508276,-30.47677
FADS104,u,15,ADS,25.07,129.999999999999,-539.1788,194.80823,76.07361,46.224304,-26.685322,-13.18347,-15.137684,-12.307752,9.884113,-27.385958,15.508808,-3.739646,-42.54763
FADS104,a,15,ADS,27.65,101.10941184057154,-281.9646,173.62115,-58.269463,16.869633,-65.55658,16.47796,5.765291,-0.891288,-5.8137927,-1.2245586,15.111694,16.673811,-32.457012
FADS104,a,15,ADS,29.34,118.63244056052125,-251.49681,141.81512,-56.742123,-2.6172566,-81.51909,14.313183,-0.314875,-11.01454,-9.794607,-1.0222266,4.843713,0.42771566,-40.293045
FADS104,i,15,ADS,35.37605570738459,113.94429261541461,-423.88437,59.11022,27.686275,145.13269,-21.335958,24.400093,17.229362,-27.52768,-12.879206,-40.096714,-14.479301,-10.55929,-26.34859
FADS104,i,15,ADS,37.42014973129601,109.85026870399395,-395.35446,41.399887,19.361988,125.01193,-16.789024,17.310745,2.6262898,-31.33576,-11.263298,-35.81763,-10.3087635,-7.4904737,-25.851528
FADS104,a,15,ADS,41.0850104287973,119.45469502738604,-324.11972,177.82144,-62.62527,-4.255118,-43.33484,19.770802,-12.1282,-5.064174,3.5008392,-3.5532236,16.927853,11.377218,-36.41672
FADS104,a,15,ADS,42.26,130.00000000000256,-299.1161,114.86795,-50.422157,2.2329397,-67.04478,17.224812,-3.1819487,-2.489791,-17.45443,-2.5866733,2.4972532,-2.0765867,-33.605377
FADS104,a,15,ADS,43.7,129.99999999999545,-352.2595,190.7413,-51.513557,-1.4765342,-57.961884,8.32982,8.82996,8.285539,-15.079071,5.1427383,5.0563684,2.8810744,-24.93943
FADS104,i,15,ADS,46.1813324109279,117.04146886519595,-410.55878,87.60856,11.524067,138.76907,-11.379038,11.718272,-2.9854732,-23.07619,-14.427807,-34.981525,-5.5910234,-16.410294,-27.489914
FADS104,i,15,ADS,50.15,50.00000000000426,-470.94766,132.79451,4.1360765,130.82019,5.9542484,-2.1775138,-8.771492,-28.815508,4.7546253,-55.829037,3.3329043,-7.846675,-34.27823
FADS104,i,15,ADS,50.52404938647451,85.95061352549038,-390.01434,58.454044,15.928461,121.51127,-25.321144,17.020187,-4.306037,-23.674341,-3.6193445,-36.517933,-4.9334846,-13.630352,-27.703613
FADS104,a,15,ADS,50.88,131.81945498751446,-249.19797,161.8368,-74.00705,16.010315,-51.12995,19.18672,6.0432014,-15.262279,9.297456,-3.7847278,25.86315,11.27708,-50.296185
FADS104,i,15,ADS,55.74113721932927,128.86278067072965,-392.39334,59.03889,0.9383404,142.02203,-13.01053,7.2063875,6.3936543,-28.319298,-12.691765,-46.25492,4.9520383,-13.569967,-20.871372
FADS104,i,15,ADS,57.22,140.00000000000057,-391.3711,89.78099,4.2618337,130.11397,-10.602993,2.8653336,18.602882,-24.95652,-6.1322875,-39.582565,-3.623858,-16.554855,-29.766499
FADS104,a,15,ADS,58.93,79.9999999999983,-351.7849,175.40358,-13.141054,5.5101686,-74.570946,4.36552,1.5427719,-0.30802512,-4.3915443,-5.0113897,12.5546055,0.031153917,-15.173027
FADS104,a,15,ADS,59.45,122.21976031149495,-387.10254,171.82126,9.586732,12.454834,-73.44377,-3.0836473,7.288008,2.976711,1.4572154,-18.608078,20.879171,5.2402954,-18.080448
FADS104,i,15,ADS,61.23296801853152,53.09097556772002,-374.73245,132.189,-51.281677,67.28195,1.3098079,-23.509995,-30.279827,-63.936058,11.642998,-47.424637,-12.26289,4.770745,-30.763435
FADS104,u,15,ADS,64.16490710682793,126.69437351387103,-529.59656,203.26068,80.58475,21.576748,-10.107531,0.9009764,-13.919218,-14.713444,9.528953,-14.3748455,-10.600555,-13.560423,-27.695549
FADS104,u,15,ADS,71.91,150.00000000000568,-480.09122,175.2315,56.35753,44.630703,-37.238,-9.169932,-7.2302814,-39.920532,8.628735,-9.83002,14.942886,-0.5960787,-44.020706
FADS104,a,15,ADS,78.87,140.47977313610716,-282.74268,168.00003,-48.084587,6.8944874,-80.068924,10.5811825,16.982632,6.15864,7.7121096,-11.070925,6.029707,14.747024,-31.645418
FADS104,u,15,ADS,80.42,129.99999999999545,-468.45447,172.7962,83.18955,35.59636,-37.88694,-1.5657861,-10.543492,-1.0276884,3.6110873,-22.824547,7.2323427,-11.699686,-58.687813
FADS104,a,15,ADS,82.1,130.00000000000966,-301.753,182.6289,-45.58264,-3.8278725,-61.887863,22.139248,5.938502,5.6662507,-5.192702,-12.762566,8.768505,14.65962,-29.204788
FADS104,i,9,ADS,6.42,89.99999999999986,-546.7766,129.61551,58.22896,100.37308,4.12619,7.1510506,-4.0293665,-20.499878,-9.701952,-37.625595,2.331314,-23.984825,-23.937057
FADS104,u,9,ADS,7.78,128.54845508346278,-608.0291,150.32127,63.295517,43.373787,13.137897,1.5646244,-7.10271,3.170279,8.950126,-19.451338,-14.676771,10.761575,-1.0994291
FADS104,u,9,ADS,8.62,160.00000000000014,-554.5801,186.1221,52.77668,35.02179,-24.648396,-14.546468,-25.941174,-19.231047,-10.092306,-38.39489,9.95746,-7.0492334,-44.869965
FADS104,u,9,ADS,8.95,190.00000000000128,-592.5707,190.30951,37.831947,32.377617,16.746542,1.3446672,-17.30137,-8.38628,-7.3483315,-21.383072,12.681926,-1.7304515,-22.002289
FADS104,i,9,ADS,9.65,109.99999999999943,-518.08325,137.22644,28.879898,101.23446,28.042244,-1.7009093,-3.125791,-5.963333,-29.938679,-30.061428,0.50793314,-19.949978,-14.341156
FADS104,u,9,ADS,15.86,157.95046781759225,-615.2364,202.71677,94.440674,51.669052,-1.0434031,1.5656171,-13.279856,-23.98757,-12.743795,-17.44331,8.777369,1.8968678,-11.111925
FADS104,u,9,ADS,18.28,131.39014946703753,-519.6398,179.36969,76.38043,25.390802,-20.77628,-13.320488,-20.19471,-6.118425,-11.845821,-13.569511,6.291022,-1.8080806,-38.522118
FADS104,u,9,ADS,25.38,140.00000000000057,-512.5346,164.22267,68.25645,45.496696,-7.952342,-19.71613,-19.30885,-11.835305,-4.469022,-29.451828,3.4961333,1.2003639,-44.816086
FADS104,u,9,ADS,26.33,170.0000000000017,-606.8666,194.7808,96.80356,40.268066,-17.538475,-12.00714,-5.5665956,-0.69758683,-6.578459,-5.9091225,6.7322035,-11.652479,-24.897654
FADS104,a,9,ADS,29.65,80.00000000000185,-379.1267,204.88852,-27.697334,1.0315692,-39.140305,4.7428975,15.475667,-4.7771683,-14.797256,-3.5951648,5.798436,18.4827,-29.868126
FADS104,a,9,ADS,32.11,119.99999999999744,-283.31995,172.89597,-66.041794,2.1538913,-53.585464,0.23537776,3.0838404,-6.5700455,-18.412973,12.537584,-7.79936,25.108234,-32.12716
FADS104,i,9,ADS,38.34,109.99999999999943,-401.60617,94.89984,17.321646,126.84979,-18.404686,-11.801846,1.504266,-25.88393,-4.1340165,-27.07774,10.504547,-13.6457,-29.608253
FADS104,i,9,ADS,39.98,110.00000000000654,-462.354,106.776245,27.28511,105.47882,9.017397,-5.922179,-9.267372,-23.520998,-23.071299,-29.009962,1.4982324,-9.178205,-33.680626
FADS104,a,9,ADS,43.69,171.28535305010217,-395.93665,203.72327,-21.659111,-11.838095,-12.109482,1.179004,-20.57019,-1.8809559,-2.4838398,4.1770296,21.678928,32.775684,-35.573627
FADS104,a,9,ADS,44.87,140.00000000000057,-404.0794,198.05255,-16.98331,-14.038513,-58.271244,14.512062,18.468864,3.3005426,-6.618612,3.6962135,8.636229,7.7323437,-16.243828
FADS104,a,9,ADS,46.19,109.99999999999943,-344.78058,186.58127,-38.420002,5.973641,-56.309006,3.2533467,12.247129,-6.990814,-14.1092615,2.9667816,1.161427,20.398487,-23.423096
FADS104,i,9,ADS,48.30749486774293,102.5051322570647,-488.1715,94.94679,45.71398,102.2872,20.198849,4.1920614,-2.879548,-17.669987,-15.185438,-12.346315,-11.561741,-11.9731045,-24.853
FADS104,i,9,ADS,52.19,60.000000000002274,-443.35672,137.01804,-12.324852,99.668106,33.022926,-4.7612715,-17.749838,-17.784159,-15.722125,-32.575035,-18.099068,9.01371,-22.824821
FADS104,i,9,ADS,52.58,79.9999999999983,-427.9907,107.38506,11.116714,101.11806,25.090302,-23.999107,3.6293988,-27.968487,-19.916569,-23.901657,-2.4747965,-2.4396935,-29.028454
FADS104,a,9,ADS,52.93,151.61526364011735,-330.19702,167.70932,-43.832184,-4.5446215,-21.17706,14.809605,-7.126632,-14.653103,-3.2168589,-5.0678062,15.377444,33.13365,-27.08401
FADS104,i,9,ADS,57.41,150.00000000000568,-416.1502,87.02121,15.2053385,134.05429,3.6340923,6.842334,15.2174835,-42.14281,0.024406493,-35.27411,7.9709616,-13.374807,-22.065578
FADS104,i,9,ADS,59.09,139.99999999999346,-545.8908,101.611084,66.50125,108.06224,23.331825,4.9764376,24.257462,-24.738888,-17.789408,-33.671177,1.0746956,-24.682629,-24.415373
FADS104,a,9,ADS,60.69,157.81102577685147,-437.86688,168.25983,36.568806,-10.971018,-43.00746,-14.403158,-21.863167,13.275953,-16.48468,13.177918,-6.1343837,21.665817,-0.30249143
FADS104,a,9,ADS,61.46,89.9999999999963,-399.20593,201.57977,35.450836,-23.798119,-58.38495,12.462084,0.8737403,-13.453516,-7.9529843,7.686716,8.201721,19.843273,-6.469348
FADS104,i,9,ADS,63.43,42.877729194273684,-402.28885,172.4118,-54.651756,75.03172,19.876648,5.5433464,-31.307266,-44.59693,7.5176077,-36.449287,-18.16315,12.52809,-16.298347
FADS104,u,9,ADS,66.58,120.00000000000455,-515.13995,150.54922,101.580345,29.404236,-11.11963,-13.3418045,-2.9996061,-20.965622,-7.9350142,-1.5329858,-9.82924,5.8429613,-13.2518835
FADS104,u,9,ADS,73.78,140.00000000000057,-531.07245,184.04118,73.71324,45.073097,-11.753811,-10.192474,-3.7024121,-25.272337,0.79588544,-17.596527,8.624106,3.113387,-34.87847
FADS104,a,9,ADS,80.44,100.00000000000853,-316.19986,172.11826,-19.249,2.3000531,-55.639107,-2.0303016,17.98547,-9.897584,-3.0031645,3.0483897,10.339174,19.664494,-28.128216
FADS104,u,9,ADS,81.95,99.99999999999432,-546.09265,210.56573,74.7065,35.725914,-9.791128,-11.737915,-15.040062,-19.428608,-12.578731,-16.526428,8.788105,1.4685714,-44.442776
FADS104,a,9,ADS,83.84,119.99999999999034,-339.29413,184.55072,-33.898567,-8.108266,-38.88082,3.494655,3.511795,-17.898235,-15.309409,2.5648293,3.149444,33.44198,-36.23792
FADS105,i,12,ADS,7.219796047930521,89.02865627055422,-540.10803,140.05849,50.93608,125.574646,34.315678,-31.655415,8.995787,-18.852995,-17.26046,-8.109277,4.1689653,-18.50093,-11.184934
FADS105,u,12,ADS,8.54,133.19261220626368,-673.2355,181.37079,94.60947,50.339924,16.527134,-12.035505,-1.6289067,-15.218508,-11.499304,1.5046885,4.8006167,11.061169,8.134868
FADS105,u,12,ADS,9.513770633013198,76.2293669868015,-554.6889,198.12,76.39104,31.562828,8.116632,-20.142227,27.121422,-2.6777804,-20.14023,-0.6632345,-29.476128,-4.0660925,-17.844292
FADS105,u,12,ADS,9.79736546759823,182.63453240177085,-573.70636,179.81326,47.587143,27.197216,-3.6209774,-14.184805,-16.228828,-4.8194356,-7.8345613,-14.750227,-0.22219695,-2.507638,-18.472252
FADS105,i,12,ADS,10.39494162422153,92.95639110601961,-518.3974,164.46356,1.6859766,120.85229,39.112026,-32.42611,14.784315,0.72272456,-19.780334,-22.841965,5.585828,-12.527181,-17.53738
FADS105,u,12,ADS,18.30923915593627,167.58335297986804,-539.96924,178.56187,78.47954,19.451462,7.204844,-1.6285417,-1.595232,-6.453498,-12.189762,17.063614,-4.093755,-2.760324,-11.986885
FADS105,u,12,ADS,22.4,110.00000000000298,-591.7096,191.02394,88.285225,25.57183,8.641863,-3.2834861,-7.845581,-8.428928,13.348296,5.4688554,-2.4016051,-20.26482,-16.262009
FADS105,u,12,ADS,30.67,169.99999999999815,-599.8748,213.81094,64.072395,26.98299,-2.1213903,-21.612585,-13.6294565,-22.423267,-14.410473,1.4298788,-6.3711743,-0.38018775,-8.089582
FADS105,u,12,ADS,32.03675080480159,119.1412900091251,-670.46606,172.80127,77.34092,46.21112,11.067677,-15.70537,-26.322811,-18.167835,-0.7333951,-2.744246,2.3960195,2.6608279,-3.667332
FADS105,a,12,ADS,35.96,79.9999999999983,-405.01337,229.91716,-37.359497,-36.316612,-9.015359,-9.224056,13.402777,-1.412878,0.54269016,-2.0620432,2.7599258,14.331627,-1.2220465
FADS105,a,12,ADS,38.72,130.00000000000256,-419.2626,245.94617,-26.241753,-13.0104065,-15.909018,-32.36622,23.781754,13.086751,-17.703964,9.671962,-19.156841,5.5880384,-2.7663624
FADS105,i,12,ADS,45.69987198655536,110.12801344464407,-481.6328,122.68961,34.626984,135.9686,6.7873425,-33.425705,28.069855,-22.36052,-38.01424,-11.129945,-8.420686,0.40675092,2.1567683
FADS105,i,12,ADS,48.0005147173141,99.48528268590451,-503.4841,126.87489,28.517284,112.798225,20.746853,-52.180603,29.778954,-21.95396,-37.39373,0.38317496,-13.4303875,-2.934168,-18.514637
FADS105,a,12,ADS,52.6669821952731,112.59506528335095,-441.31772,238.99872,-7.6305623,-29.163952,-6.783429,-24.54787,29.559849,1.779387,-23.957882,4.3043175,-4.7203293,19.126095,-6.2828565
FADS105,a,12,ADS,54.22,130.00000000000256,-490.57275,198.60376,-7.7343407,1.7722309,-32.338573,-13.655935,28.298527,-3.2064092,-17.65056,19.304567,-21.25025,-3.031884,-1.2344975
FADS105,a,12,ADS,56.32425290821481,95.74709178519214,-435.74936,235.7194,-18.86335,-6.095743,-27.715298,-13.911511,45.374027,7.2364254,-14.898057,4.3818927,2.1055017,6.7486944,-12.651737
FADS105,i,12,ADS,59.02353934176472,76.46065823528403,-467.3841,137.63971,33.04268,112.87993,22.517447,-26.927458,25.81274,-17.170033,-34.84839,-5.6875615,-10.183595,-0.08533615,-7.256837
FADS105,i,12,ADS,63.86,100.00000000000142,-504.13684,102.59404,50.644905,112.90457,27.456076,-21.607601,6.551302,-15.691315,-21.492897,-12.547594,4.3704944,8.673023,-8.419075
FADS105,i,12,ADS,64.22934295929609,44.51432813527845,-512.44586,120.791626,36.444916,86.78441,48.648575,-1.5619032,-28.902473,-1.0346224,-9.299588,-15.197126,5.502496,-8.199523,1.7410932
FADS105,a,12,ADS,64.48,109.99999999999943,-388.33813,204.28937,-16.845263,-15.94769,-26.208824,-7.2757034,33.32392,-21.718546,-19.72244,7.734936,7.8655896,-2.6745021,-1.2692924
FADS105,i,12,ADS,71.24,120.06602014082546,-540.2414,92.72847,62.996582,132.3558,26.387058,7.842887,9.018891,-21.058538,-18.258265,-6.7404094,-11.568737,-17.283129,-17.790138
FADS105,i,12,ADS,73.35,107.30085480250295,-491.88916,93.54982,51.582756,121.03054,8.4280205,-22.170492,14.458909,-5.880172,-9.031452,-9.467427,4.9568195,-9.065302,0.11361337
FADS105,a,12,ADS,74.92,90.00000000000341,-430.51895,213.72731,21.151321,-25.622597,-14.560078,-12.539924,8.217512,5.3918777,-29.625742,8.961136,11.345692,2.9585972,6.125449
FADS105,a,12,ADS,75.74,130.00000000000966,-512.45935,183.64963,32.280533,-7.2136374,-4.482768,-9.660469,7.34321,7.140601,-12.056536,12.745555,27.028845,13.528756,22.326921
FADS105,i,12,ADS,78.71114438353798,56.29753264167903,-443.63574,176.4816,-18.44688,61.863003,34.782005,-24.554052,-14.737419,-36.77944,-17.972029,-5.7001123,-24.166374,0.50110114,-20.044527
FADS105,u,12,ADS,82.32149002927603,108.50997072397206,-479.52185,178.64833,86.10136,23.474934,0.77497554,-10.419006,-3.3222415,-13.139404,4.004049,9.725489,-18.698732,-22.621885,-14.326157
FADS105,u,12,ADS,92.07,102.77124022836404,-545.021,231.32693,88.695854,22.98721,-14.901837,-16.041008,22.466206,-16.416992,-7.483816,21.157654,5.9899025,-1.3846753,-6.596463
FADS105,a,12,ADS,100.36,150.00000000000568,-457.6538,231.1834,-5.0679255,-7.388319,-27.205246,-39.210316,25.53651,13.266411,-18.411203,8.416026,8.997035,8.100261,1.6237798
FADS105,u,12,ADS,102.16,128.17940699950725,-570.88513,236.22119,100.30698,24.591476,-4.632737,-24.375107,5.12168,-10.9615345,-8.96056,7.2555633,-12.628594,-6.8524065,-18.540016
FADS105,a,12,ADS,104.5003226578257,125.53992783509216,-463.06412,234.87416,8.765772,-3.7967353,-26.034449,-27.242435,26.336706,7.1873627,-26.112068,4.286585,11.050071,0.88338214,3.8219464
FADS105,i,18,ADS,7.005811985872682,154.09569474249452,-491.81296,103.471565,72.7495,119.80682,31.894505,-14.017048,20.278248,-19.79041,-1.493581,-1.7354434,-20.259655,11.815567,-30.018127
FADS105,u,18,ADS,8.615306017525048,86.16103361945804,-593.9914,198.0069,106.20961,48.29387,-5.6275516,-19.071354,-3.533464,-7.7167034,5.5945015,-3.3599877,6.278551,11.0044775,-23.64971
FADS105,u,18,ADS,9.820902293454967,147.46792292561219,-538.59454,212.11937,96.441086,29.78746,8.844691,-22.36931,12.926369,-4.034231,-5.269597,0.6959571,-22.754288,9.193989,-48.494667
FADS105,u,18,ADS,10.1758913403076,130.89849338340898,-563.1436,192.74777,70.56258,27.370344,-26.19077,-31.726328,13.23826,-37.990562,-17.322233,-3.1211672,-30.144,9.61062,-17.50343
FADS105,i,18,ADS,10.84794086418101,121.78530713519997,-422.25375,151.6919,1.5849807,122.21202,28.615376,-39.125473,24.079031,-16.576557,-21.02386,-14.881644,-25.748474,-3.7172308,-17.860443
FADS105,u,18,ADS,17.67,134.7883695457881,-534.8518,172.62012,86.68718,12.470762,-10.805306,-38.03573,2.8336375,-31.79152,-18.61942,19.910248,-16.700039,17.450462,-26.260271
FADS105,u,18,ADS,21.31,120.000000000001,-538.94806,205.81017,98.18577,14.019495,-6.759061,-10.840619,15.4314,7.467017,-0.97453713,-4.165312,-1.5812564,-2.5290558,-24.704527
FADS105,u,18,ADS,29.24401520512256,153.75528547332706,-542.8117,213.73474,85.73851,41.838448,-21.859978,-32.844692,16.530624,-20.177677,-14.16442,3.176804,-14.988133,13.634615,-2.9095984
FADS105,u,18,ADS,30.43,160.00000000000014,-684.65546,164.33647,96.38511,52.707466,0.7911813,-16.305292,0.31752074,-11.048393,5.472354,1.2760996,4.141055,1.9359173,-5.36981
FADS105,a,18,ADS,34.40614186463483,93.85813536516707,-376.7221,254.52997,-26.592407,-19.278814,-7.1740904,-22.51484,18.42834,11.685792,-13.9860325,-2.7207792,-6.5469832,16.207748,-8.879032
FADS105,a,18,ADS,37.32217839533841,167.82160466159013,-375.06235,241.1513,-23.504875,-29.291248,-34.96058,-24.839622,21.469267,10.551111,-14.514697,-14.817619,-13.502275,0.15585053,-11.212517
FADS105,i,18,ADS,45.09431616987861,144.4069363514089,-413.44284,121.850464,20.387993,133.92114,21.279383,-30.096083,33.744484,-22.534706,-14.866186,-5.810508,-23.580753,-2.6426387,-20.079975
FADS105,i,18,ADS,47.4929361833254,122.82888839084904,-453.78256,125.15134,40.368435,93.493225,13.049246,-34.975792,29.598331,-17.68779,-33.649582,-6.0700717,-20.996117,2.4346032,-25.414597
FADS105,a,18,ADS,52.4764375,113.56250000000045,-389.86304,223.14903,-23.202589,-24.328667,-16.749266,-29.497501,30.201603,1.6007098,-33.221466,14.059452,-16.212158,28.816093,-15.454282
FADS105,a,18,ADS,53.84,159.9999999999966,-428.43057,211.89575,-12.192034,5.3420444,-45.966614,-31.421974,42.317757,1.6714665,-30.061493,-5.3254156,-17.688381,1.6942836,4.4929943
FADS105,a,18,ADS,55.28,119.99999999999744,-380.72986,246.07335,-12.927715,-31.157085,-22.247826,-17.36638,34.158714,3.2878652,-15.484188,3.8177001,-10.491514,1.2538577,-13.900574
FADS105,i,18,ADS,58.80454728821059,95.45271178940595,-369.25687,136.06754,-4.4164004,104.66075,24.627441,-40.636772,10.809345,-24.664207,-22.626345,-10.382179,-23.736404,12.4363365,-17.564465
FADS105,i,18,ADS,63.0,60.000000000002274,-483.08063,120.645386,36.503025,123.91222,37.92479,-15.59489,12.773853,-26.117825,-18.674067,-13.975068,7.1188774,21.73072,-29.290344
FADS105,i,18,ADS,63.48017158785179,76.35309278350633,-405.35568,156.97292,10.434599,82.736984,40.57283,-43.95082,2.8962939,0.5707036,-24.681875,-19.452541,-15.481867,8.326285,-21.690071
FADS105,a,18,ADS,63.78994004930403,114.52963917525949,-363.77356,224.3392,-29.385227,-17.852184,-1.3642372,-26.36887,26.396511,-4.9522295,-29.537216,14.745871,-8.081915,22.012243,-5.2733545
FADS105,i,18,ADS,69.61576885365153,116.18948901838166,-489.44186,118.81162,41.78395,116.10326,31.919321,-6.511546,27.069883,-18.45649,-13.464729,-9.861471,-27.090704,-4.903355,-15.51051
FADS105,i,18,ADS,71.83968175705799,117.84933886148963,-428.4789,125.27824,46.845913,104.79649,31.868732,-29.315737,23.35926,-4.5274286,-10.438816,-8.483343,-22.19101,-0.60302377,-16.961166
FADS105,a,18,ADS,73.45198957866258,169.30468399822018,-403.86966,224.59158,-3.0243306,-21.846529,3.1871848,-34.571854,9.770977,18.21082,-18.676054,9.478651,-1.4613814,19.452984,-4.02891
FADS105,a,18,ADS,74.07506065105163,114.93934894836855,-448.16275,217.61743,40.64222,-30.97335,-2.202377,-26.839722,28.75748,23.328398,-33.686554,15.193026,-6.717002,11.514465,14.967089
FADS105,u,18,ADS,80.13367744284872,126.1485880771005,-455.18967,203.93005,70.15222,27.498096,-9.798116,-25.039246,13.806094,1.7327642,-11.610428,-8.99835,-11.862069,-1.8416423,-31.112354
FADS105,u,18,ADS,90.06,99.99999999999432,-477.57388,221.2158,55.670517,42.598495,-19.978542,-30.40783,20.666214,-12.094189,-22.677643,18.16161,-17.210009,12.282539,-19.320168
FADS105,a,18,ADS,98.34156810286574,162.6652846257457,-403.97314,245.9952,-13.9157715,-5.139271,-7.925843,-53.476936,35.20015,11.250757,-31.499569,18.03581,-5.9376197,12.111015,11.566388
FADS105,u,18,ADS,99.85,86.68772411178338,-494.03372,214.4581,72.91183,36.156998,-7.802946,-41.839058,14.321023,-2.1503918,-1.5824678,6.460395,-20.4419,17.31622,-31.52427
FADS105,a,18,ADS,102.29,131.21091998799272,-413.938,233.21837,-1.1142656,-9.842362,-5.4270816,-47.330223,27.400118,16.685333,-28.318699,14.749228,-6.0746937,5.2075768,4.0274525
FADS105,i,9,ADS,7.19,139.9999999999997,-463.60602,146.1589,26.861614,108.63463,29.758415,-17.357113,19.245129,-14.4935875,-2.8433766,-25.675194,-13.025251,-6.8394814,-19.257885
FADS105,u,9,ADS,8.85,210.00000000000085,-678.7217,158.25089,98.95685,56.47718,9.377528,0.1475172,-4.7450557,-21.003086,0.36985457,-9.991863,11.218608,16.504082,-11.111652
FADS105,u,9,ADS,10.01,140.00000000000057,-565.6709,219.72255,81.21521,29.921364,8.495337,-13.061072,4.6034594,-10.209772,-13.097971,-18.250576,-12.794083,8.926853,-28.7518
FADS105,u,9,ADS,10.37,169.99999999999994,-573.55066,196.41953,72.83292,29.657742,6.5481944,-7.2185316,-0.6758248,-16.31123,-8.938918,-7.7335043,-17.943314,3.4187212,-21.013277
FADS105,i,9,ADS,10.91,99.99999999999964,-460.05182,154.89262,6.122145,115.26558,19.185162,-26.082052,23.06017,-23.02421,-11.736605,-24.297363,-10.301216,-2.376256,-28.587372
FADS105,u,9,ADS,18.64,167.76561526701883,-562.8753,201.42561,76.58424,20.667221,-14.313362,-28.54839,1.5117872,-26.29549,-19.990044,-4.6538606,-23.07428,6.4901857,-26.765856
FADS105,u,9,ADS,23.32,142.32229352809966,-549.9974,171.01111,66.33948,37.252014,15.0833645,9.593863,7.384221,-6.5224476,8.603823,-11.077711,0.8620768,-0.50298953,-5.4388585
FADS105,u,9,ADS,32.01,179.99999999999972,-535.6907,213.9194,53.129646,22.45366,-8.308979,-15.983915,-23.604713,-18.803276,2.3636963,-8.696383,-9.033082,5.571642,-16.462147
FADS105,u,9,ADS,33.35,140.00000000000057,-679.6525,158.96239,90.88463,47.22844,12.814961,1.729266,-15.616079,-28.428371,-9.827563,-2.8454368,7.3840914,2.772787,-1.3398536
FADS105,a,9,ADS,37.42,89.9999999999963,-458.82452,228.66885,4.1986656,-37.06005,-15.669142,-6.9623427,10.458899,41.14347,-4.4593477,-5.6390944,16.395561,6.800794,0.86431545
FADS105,a,9,ADS,40.03,140.00000000000057,-418.28278,237.21355,-7.486268,-31.043951,-12.646433,-19.890884,9.516495,37.47135,-9.791977,-5.0970287,-6.1748505,6.71974,-13.896978
FADS105,i,9,ADS,48.11,130.00000000000256,-461.18024,96.01113,73.43876,99.9243,-11.727791,-15.05389,39.45646,-18.653833,-6.9004335,-20.476732,-23.817146,0.5499904,-16.981014
FADS105,i,9,ADS,50.37,120.00000000000455,-445.83508,111.12044,34.865738,101.47464,11.210256,-31.10199,26.781902,-10.898314,-25.851591,-8.142813,-33.66511,7.7624235,-28.814173
FADS105,a,9,ADS,54.68489344368874,148.5566108923777,-363.99844,216.30089,-27.88018,-33.22154,-13.687006,-16.155998,29.280777,-8.186594,8.221445,-21.009075,-18.353577,37.197304,-16.453545
FADS105,a,9,ADS,56.83,109.99999999999943,-491.71567,203.84369,22.834059,-13.344489,-30.760754,-9.804956,22.68091,10.834089,4.5184836,9.037344,-1.4866021,15.236149,-1.9572845
FADS105,a,9,ADS,58.55,109.99999999999943,-385.03033,223.71552,-11.682999,-28.740757,-28.58778,-13.012015,37.90811,21.5835,-13.168009,14.271082,-20.974728,14.359007,-4.5923843
FADS105,i,9,ADS,61.75,100.00000000000142,-414.2905,112.1614,20.778473,89.82417,16.00608,-31.478722,10.977102,-0.38920903,-35.430252,-15.378302,-15.456109,-1.1073294,-21.499525
FADS105,i,9,ADS,66.58,79.9999999999983,-524.1471,91.11969,65.89459,130.76157,28.55662,-11.57159,0.1918486,9.062942,-16.435219,-15.1992,-1.9480604,-7.9519606,-2.9209914
FADS105,i,9,ADS,67.02,70.00000000000739,-504.91333,148.28146,33.446,99.11281,27.054,-44.084827,20.672508,-5.0038333,-29.546314,-19.193481,-4.3833857,-1.8765166,-25.63289
FADS105,a,9,ADS,67.32,110.00000000001364,-389.00153,223.68811,-28.824362,-35.831123,-11.378812,7.0934896,-4.3468995,12.7605,-15.048941,-18.376144,7.502919,11.705927,-18.412798
FADS105,i,9,ADS,74.79,176.2374972562526,-492.88336,43.10847,87.07768,84.790474,35.45364,27.24492,16.652248,4.5184126,-3.128806,-7.837539,-7.6932783,-4.3804417,-18.018475
FADS105,i,9,ADS,76.76,136.02295782705198,-497.92014,113.50184,45.30407,105.203705,11.199223,2.6743903,25.069101,3.4257112,-17.207071,-21.12534,-14.77537,-6.743151,-23.702202
FADS105,a,9,ADS,78.62,140.00000000000057,-367.90604,217.4322,6.3298116,-28.295246,-32.72327,-17.157207,14.642544,-4.7870464,-7.3724155,10.520909,-17.352093,5.902304,7.4377384
FADS105,a,9,ADS,79.6,120.00000000000455,-412.5098,217.59344,20.16991,-36.32419,-18.707897,-2.8360317,-1.683692,24.191889,-21.763449,-11.184267,17.632801,-3.5673876,4.287592
FADS105,i,9,ADS,82.24,50.00000000001137,-417.9104,165.68878,-11.503996,93.63017,25.422504,-24.32545,3.31114,-20.657434,-0.51270485,-26.65395,-18.978668,3.679654,-32.47363
FADS105,u,9,ADS,85.42,120.00000000000455,-501.89664,173.07425,83.28035,-0.44119745,-0.67804444,-2.6321278,9.199293,-0.92176056,-19.303623,-14.571902,-8.786312,-16.889956,-13.153433
FADS105,u,9,ADS,96.02,140.00000000000057,-585.9086,214.41876,91.16258,43.80197,-18.068882,-10.725498,0.09147668,-20.559685,-10.035551,-4.082111,-5.339209,5.7817717,-17.128983
FADS105,a,9,ADS,105.51,129.99999999999545,-421.77615,230.40753,-1.6257846,-25.885305,-21.245667,-12.612839,16.821617,19.754848,-18.973026,4.934195,4.7522955,3.570011,8.44762
FADS105,u,9,ADS,107.49,114.32000106221096,-586.5252,197.31589,97.371216,32.52259,-5.1221523,-30.02967,-0.8130235,-0.12700856,12.137518,11.309422,-1.4568788,0.43068385,-36.55626
FADS105,a,9,ADS,110.1,130.00000000000966,-463.04218,239.38551,3.102514,-16.62555,-30.27602,-24.19213,5.7778234,16.912045,-17.254871,-7.580524,0.7756217,7.880153,-4.9160905
FADS106,i,12,ADS,6.621891841730365,98.1081582696346,-420.1823,113.72034,44.07012,128.42282,1.6473092,7.962097,25.396996,-32.28439,-29.134132,-23.354206,11.161226,-13.313725,-17.53516
FADS106,u,12,ADS,7.88,200.00000000000017,-456.8849,190.01566,69.9991,63.31834,-13.669613,-14.164017,36.541145,-19.371248,-4.4279594,8.475231,-12.8392515,4.2340813,-22.909325
FADS106,u,12,ADS,8.64,99.99999999999964,-430.24545,201.41846,31.612755,23.462776,-2.8375294,-13.550596,40.804016,-6.4995127,-10.8700075,-0.22760105,-24.06617,-11.047513,-26.215254
FADS106,u,12,ADS,8.91,109.99999999999943,-467.16632,181.79938,62.91617,45.002098,-12.004091,5.99143,19.678907,-16.575512,12.611048,18.343956,-2.7635198,2.514309,-5.095334
FADS106,i,12,ADS,9.420684954379178,105.33826958748627,-419.9232,88.13895,25.475662,134.96826,15.206636,1.5070167,7.02458,-25.07525,-16.276505,-38.321777,-2.2438598,-1.5297108,-20.605497
FADS106,u,12,ADS,15.22,149.99999999999858,-439.62463,187.91266,64.67672,42.736942,-20.804092,-23.669178,27.67802,-33.98803,-16.518074,22.316845,-17.916698,7.8040648,-20.05418
FADS106,u,12,ADS,18.53167414330166,105.33826958748804,-432.11542,189.9169,71.60475,41.305473,-4.547482,-5.9663353,25.435184,-14.254894,11.492483,-2.1997886,-2.1405284,1.2423309,-17.806427
FADS106,u,12,ADS,26.50517774798972,134.82225201028086,-428.58496,203.24988,53.13096,28.563246,-12.891378,25.413273,1.822235,-19.341717,-4.093506,10.912243,-10.257597,4.3630705,-6.7692175
FADS106,u,12,ADS,27.46,198.14253925101966,-511.9994,197.09248,56.62771,57.406864,5.381137,-16.118105,24.706945,-23.21701,-20.957924,12.493233,-10.6063385,3.409411,-20.594927
FADS106,a,12,ADS,30.55,109.74794057063875,-340.30267,234.38782,-36.174534,20.196606,-46.405,-17.143482,33.530285,-20.50195,-20.359,4.038063,5.305475,11.351147,17.984428
FADS106,a,12,ADS,32.51,149.99999999999858,-315.3068,215.15326,-28.338829,19.759617,-56.390583,-2.4101505,30.161388,-19.151127,-13.864632,14.724937,-5.999011,15.308592,-5.6662655
FADS106,i,12,ADS,39.46754276343245,117.83603038600177,-393.9939,71.409515,45.11252,127.3658,-7.2786827,22.093815,14.73467,-21.518887,-13.820494,-38.458405,-6.1607647,10.524764,-28.052357
FADS106,i,12,ADS,41.35299263753043,127.00736246956978,-394.92087,81.7679,49.09755,89.663536,5.7614613,43.807663,22.03899,-48.85933,-9.447372,-27.688946,-16.803402,11.809966,-23.229214
FADS106,a,12,ADS,45.05192592171293,169.61246797983875,-346.49756,215.7781,-34.37173,14.990505,-67.67438,-12.903696,32.298767,-22.975195,-28.691603,5.8838463,2.7166,18.810242,0.09276216
FADS106,a,12,ADS,46.33362846132842,146.37153867157338,-354.9088,185.49858,8.866566,7.3722124,-74.5943,7.417267,30.315384,-29.662485,-6.6203146,16.321243,-15.974483,6.7066526,-0.33615613
FADS106,a,12,ADS,47.4,120.00000000000455,-360.21942,202.82953,11.257919,18.331398,-102.698685,18.271584,27.240574,-42.344227,-3.6960163,3.560892,-8.598,7.6106396,-10.232453
FADS106,i,12,ADS,49.80342455308055,86.57544691944707,-348.6494,55.559845,36.480595,106.75194,0.2017206,21.634974,8.561301,-23.826683,-13.116958,-29.858212,-6.3222103,3.094056,-38.299896
FADS106,i,12,ADS,53.84,50.85114351191322,-401.30334,91.52536,1.5080206,133.90251,29.418985,-13.108883,5.4594584,-38.459595,8.904564,-32.512,10.944804,-15.124997,-6.7315836
FADS106,i,12,ADS,54.13009399308349,69.90600691651139,-361.74445,81.738174,18.122997,96.807556,9.771058,0.94867516,11.601424,-57.980934,-7.534628,-41.096954,-13.205492,8.695107,-22.04768
FADS106,a,12,ADS,54.41,100.00000000000142,-288.083,193.09988,-46.23854,23.980509,-34.959236,-6.521057,17.482815,-21.40704,-28.880259,16.299496,-4.0831323,14.231401,-11.965611
FADS106,i,12,ADS,59.84,106.84508400422743,-466.9063,64.701515,75.294525,107.06387,30.387428,14.512427,29.690353,-12.686361,-33.58538,-43.602997,-19.806503,-19.960236,-12.442844
FADS106,i,12,ADS,61.12,109.99999999999943,-447.05847,87.61815,67.49861,100.17941,28.988161,-15.986843,0.6378279,-7.3554654,-21.809261,-35.775993,-14.809709,-7.3515906,-10.839101
FADS106,a,12,ADS,62.41,113.29861205579306,-351.48972,222.1027,3.1969619,23.894325,-85.76299,4.981744,10.911028,-38.206566,-0.7765316,-15.39297,-3.184445,11.898141,-2.8985777
FADS106,a,12,ADS,63.25,110.60993100714711,-324.10907,184.21017,28.932571,18.286636,-72.46979,2.8900664,33.565395,-41.720333,-26.453705,-13.142311,-34.109734,27.632942,-15.319148
FADS106,i,12,ADS,65.13,40.00000000000625,-354.8811,174.76694,-31.976715,38.885685,68.491196,-42.61375,-14.61471,-65.549355,-17.935501,9.94735,-14.029237,-10.357946,0.22555646
FADS106,u,12,ADS,67.72,132.21967414638414,-488.34207,176.479,87.28885,50.213284,-27.632826,-8.896883,18.66761,-23.981712,0.75732905,-11.427135,-12.549153,-2.9654427,-11.619332
FADS106,u,12,ADS,76.16,102.49954297599118,-475.15814,172.71681,94.58096,75.14067,-25.758766,-14.175432,6.381617,-16.338179,-13.754438,26.764868,-19.940279,5.9272017,-22.094822
FADS106,a,12,ADS,82.83,149.42945997968593,-328.95178,195.61154,-34.64476,33.11252,-72.327576,-12.022027,26.572975,-34.734352,-12.765514,11.016803,-5.904379,11.889883,3.0490644
FADS106,u,12,ADS,84.35136976529463,128.54839678472274,-551.94385,199.84482,80.752335,32.430897,6.9205556,-13.756186,27.06296,-17.744707,-8.967335,8.671323,-13.436422,-0.7976053,-10.179361
FADS106,a,12,ADS,86.15119801730114,124.97760798514435,-351.1419,190.58328,1.4762425,30.038197,-64.41498,-6.8193994,36.78763,-47.378345,-11.617132,2.0440693,-11.247398,13.660045,11.8642025
FADS106,i,9,ADS,5.49,139.9999999999997,-493.98938,83.102005,36.732063,116.379234,3.3243413,0.21561074,1.043878,-30.171276,-50.64689,-29.199373,13.713197,-31.280216,-21.621223
FADS106,u,9,ADS,6.86,199.9999999999993,-551.774,174.32607,99.45645,48.02781,-17.142197,-4.147769,17.19647,-18.625847,-12.602167,-6.8368387,0.08413887,-5.4622,-9.594397
FADS106,u,9,ADS,7.6,150.00000000000034,-548.81824,219.47073,65.94769,43.09387,6.5509453,-3.5685616,10.102554,-32.187218,-19.52386,-11.729429,-4.5120974,0.4112088,-35.342113
FADS106,u,9,ADS,7.92,250.0,-525.507,196.49947,73.28746,31.444054,-17.274803,-20.27718,25.578205,-25.122818,-18.061836,-3.207741,-10.345728,1.0984342,-19.735184
FADS106,i,9,ADS,8.54,110.00000000000121,-451.4742,106.04845,13.480336,130.6994,23.616957,6.827671,4.4276857,-22.635502,-3.1767273,-39.57196,-0.35863858,1.840562,-22.722572
FADS106,u,9,ADS,14.55,119.99999999999922,-471.64047,170.04175,49.97207,7.6536045,-3.8015192,-16.307707,-0.060566545,-35.795776,-19.241066,2.244211,-15.12144,-2.6047382,-14.045772
FADS106,u,9,ADS,18.21,109.99999999999943,-448.4488,160.67856,79.18459,27.9883,-8.894273,14.287355,12.225261,1.9918951,4.92301,-34.910492,-20.653004,-7.765313,-28.818096
FADS106,u,9,ADS,24.26,116.04827876321977,-498.71878,186.5765,85.21573,46.992744,-10.608272,-13.009287,1.9704599,-12.021854,-1.9066645,-5.975525,-3.940584,9.813797,-9.359453
FADS106,u,9,ADS,25.1,129.999999999999,-575.8951,148.94586,77.7975,60.45483,8.469054,3.1736355,24.220392,-15.262129,-20.950405,-9.588284,2.1703858,-5.2403092,-7.9573636
FADS106,a,9,ADS,28.76,79.9999999999983,-310.24246,176.6864,-36.843704,15.145384,-43.91116,-8.786904,43.6752,-30.287098,-18.441189,5.6552286,-8.736276,10.712748,-0.030552864
FADS106,a,9,ADS,31.05,99.99999999999787,-344.16248,207.10983,-11.350666,5.1278634,-52.10987,-8.812521,26.991808,-39.71319,-9.993872,-2.6875901,-9.7866955,16.527287,0.21723318
FADS106,i,9,ADS,36.67,100.00000000000142,-417.59375,47.272766,71.30803,106.843796,16.384867,20.58234,-3.0982876,-30.19662,-19.41542,-13.654831,-3.752769,-8.150887,-28.196056
FADS106,i,9,ADS,38.31,99.99999999999432,-414.69336,107.554535,54.892406,89.661224,35.515915,17.427269,-0.724049,-17.694143,-10.092819,-27.794174,12.824129,9.994223,-27.775337
FADS106,a,9,ADS,41.61,170.0000000000017,-307.6355,193.5744,-41.97022,9.064523,-78.71875,-0.6142391,34.28466,-19.41671,-17.002895,3.4336572,1.4856253,4.2740245,0.49083674
FADS106,a,9,ADS,42.8,130.00000000000256,-349.43787,178.02417,-29.818811,-10.411373,-74.231964,-4.1331587,16.906334,-38.395226,-5.5594006,4.96799,-16.961166,16.433596,-22.293835
FADS106,a,9,ADS,43.8,130.00000000000256,-340.49313,214.15631,-18.372898,18.454586,-70.21639,8.864454,18.79894,-28.049236,-9.410339,12.463438,-10.154896,17.17549,-4.8723955
FADS106,i,9,ADS,46.2,89.9999999999963,-416.42444,79.9731,63.141834,91.35466,-7.8733044,19.51468,-7.4858036,-35.568718,-15.199123,-29.033155,-10.07351,-11.298844,-33.03949
FADS106,i,9,ADS,49.88,70.00000000000028,-440.34503,112.024185,30.888725,100.64628,44.643738,-7.680171,-3.9041479,-27.342812,-17.061913,-26.967691,-11.362949,4.383484,-20.735893
FADS106,i,9,ADS,50.16,60.000000000002274,-367.56198,126.77655,-16.93749,88.642105,28.961395,-2.3091912,3.8612628,-48.996643,-3.1549816,-23.33033,-21.554441,3.8329835,-16.307411
FADS106,a,9,ADS,50.42,119.99999999999744,-283.1869,171.95175,-51.433426,-0.64330006,-67.22911,-12.175887,28.032688,-39.373375,-20.772339,-12.37056,7.79281,11.238999,-7.483302
FADS106,i,9,ADS,55.79,130.00000000000256,-411.682,73.7853,59.819798,99.975975,24.360565,21.061974,16.273214,-27.196056,-22.65017,-24.791103,-1.4251775,-7.6921554,-22.705992
FADS106,i,9,ADS,57.12,130.00000000000256,-393.56918,80.536705,58.860817,94.360504,6.1758957,1.8330984,14.588292,-10.65716,3.0972428,-20.697422,-33.08766,6.87956,-22.873966
FADS106,a,9,ADS,58.39,89.9999999999963,-325.80612,208.06555,-4.999098,9.006609,-95.76227,2.8466372,23.164871,-12.399208,-9.743239,-1.6163167,-5.88916,-12.396648,10.663013
FADS106,a,9,ADS,59.18,100.00000000000142,-289.76886,183.61984,13.063696,-2.8012347,-57.838924,-3.3297062,27.792896,-31.971336,-13.892796,-1.0492316,-13.073872,12.505535,-4.7330055
FADS106,i,9,ADS,61.08,50.00000000000426,-351.95624,130.11768,-36.191975,68.84038,36.87024,-46.186394,-15.375021,-67.54419,1.072096,-23.985977,-17.200916,-18.477615,-18.875757
FADS106,u,9,ADS,63.73,130.00000000000256,-456.05643,159.45787,92.07141,16.491102,-13.377224,12.624287,16.507534,-13.883848,-5.4939404,-15.281269,3.6940708,-12.670273,-26.892422
FADS106,u,9,ADS,71.42,120.00000000000455,-491.09695,207.555,53.283424,44.600693,-13.423563,-3.206398,23.125603,-24.413248,-6.313922,22.699385,-1.1336592,6.2129297,-3.4854255
FADS106,a,9,ADS,78.78,170.0000000000017,-306.81387,169.38156,-21.120186,19.216572,-74.02457,1.621978,20.027113,-21.789968,-19.244621,9.569054,-22.924675,6.529682,5.241214
FADS106,u,9,ADS,82.29,179.9999999999926,-499.96362,194.64253,68.094086,38.858635,7.099299,2.9980373,-3.3214073,-24.129227,-6.4528823,26.85309,-4.184788,-7.2482233,-18.140968
FADS106,a,9,ADS,84.13,120.00000000000455,-297.1018,187.19965,-18.370152,9.792575,-69.776474,-18.206718,42.1164,-48.73106,-12.60618,0.45501733,-7.7005224,9.281712,-5.3375845
FADS107,i,12,ADS,7.15,99.99999999999964,-405.08395,114.30934,4.938795,132.09396,8.630047,-25.102852,-0.8757405,-44.887814,11.355521,-30.192535,-14.5996685,8.50678,-33.13788
FADS107,u,12,ADS,8.63,153.13483053158984,-611.62286,201.19174,74.44626,48.97832,2.896553,-15.719381,-15.916605,-5.787723,-6.1791735,-10.832715,18.929749,0.54966044,-17.679457
FADS107,u,12,ADS,9.97,129.999999999999,-532.2652,225.17966,51.881947,44.991524,-24.85493,-20.777164,-3.524511,-11.956738,-5.4534674,-25.351767,-3.8789678,-4.816634,-21.241016
FADS107,u,12,ADS,10.32,217.84657115196993,-496.37796,216.49313,25.943474,38.565422,-21.734692,-25.45121,-7.7321777,-28.86998,-8.911736,-8.668979,-12.458378,-9.612685,-18.879635
FADS107,i,12,ADS,11.12,90.00000000000163,-396.70157,118.70614,-4.4208555,127.65445,12.603413,-13.68321,4.5111322,-22.080528,-2.860297,-15.737531,-20.725246,-0.7745424,-7.708066
FADS107,u,12,ADS,19.19933838578693,128.33388680181912,-598.19305,166.14648,108.46881,59.730316,-1.5412059,-23.700565,-20.240215,-21.264477,-21.069786,-4.537571,6.675313,-4.7574577,-13.12495
FADS107,u,12,ADS,23.06111136818985,120.60292976557108,-533.40656,223.89056,57.958927,60.1404,-5.2852783,-40.941,-19.347307,-16.866875,-8.099131,-2.178768,11.727556,-3.2293422,-26.99501
FADS107,u,12,ADS,32.11763840391836,122.36159608163888,-593.7967,214.25258,68.29349,53.729492,-7.5259476,-24.341707,-2.7202158,-18.407372,-18.232613,-1.5664728,1.862474,-0.05878949,-8.410447
FADS107,u,12,ADS,33.11,147.18147106225388,-596.19244,214.09074,70.7208,47.00048,4.2279015,-26.51147,-15.953512,5.634253,6.3681927,-13.111014,2.5280895,12.565901,-10.5346775
FADS107,a,12,ADS,37.46,100.00000000000142,-406.30258,188.9505,-18.38429,9.75228,-43.196014,11.579124,14.613934,-0.41464007,14.150019,-14.002155,17.44266,4.065216,-1.4621811
FADS107,a,12,ADS,40.76,149.99999999999858,-435.57635,203.32309,-3.5451055,6.7753596,-46.032467,-0.2561991,12.642235,8.517968,14.535679,-5.5484476,15.549404,22.52834,-2.5702133
FADS107,i,12,ADS,48.91937614597284,95.86386724956242,-490.49817,87.9579,45.835384,131.32085,7.7302303,17.125969,3.0564823,-23.777012,8.9886,-47.13865,1.4328129,-11.214331,0.7789819
FADS107,i,12,ADS,51.72,90.00000000000341,-503.7493,112.71077,26.619469,141.28867,14.101151,-6.2574472,-7.52227,-27.391464,10.51086,-35.99287,-18.791712,-1.471883,-6.2138214
FADS107,a,12,ADS,57.74107953258992,120.60292976556752,-380.12888,201.60463,-1.4458559,-1.9296571,-55.24398,14.956124,-2.0252376,3.6692533,17.423084,-23.098228,28.473251,9.392835,-8.326928
FADS107,a,12,ADS,59.57,140.00000000000057,-350.80182,184.46524,-27.772755,8.166524,-56.810364,24.952333,20.137291,-15.991774,0.22577593,-8.550722,-0.09571314,2.4765928,-0.37719747
FADS107,a,12,ADS,61.35,140.00000000000057,-392.0543,200.07944,-7.242724,2.78176,-43.233635,16.326046,19.329266,-7.104806,12.058857,-0.03651035,2.626185,-7.429417,-3.9141684
FADS107,i,12,ADS,64.56494229988547,95.8638672495482,-504.36066,108.82472,37.516556,131.17973,13.900114,1.916534,0.34825975,-22.827442,14.78788,-26.021557,-17.620895,-5.68442,-13.911645
FADS107,i,12,ADS,70.82,90.00000000000341,-533.2444,128.3091,48.086567,111.71719,16.536827,-2.4443507,3.5511127,-11.427075,1.6052916,-30.664574,2.828193,-1.5706066,-9.096113
FADS107,a,12,ADS,71.18424617800595,135.75382199404373,-414.94894,232.54839,-34.05724,6.287649,-30.65768,-3.416702,8.262943,-0.43585002,14.560827,-14.154658,16.583178,8.869745,3.2781048
FADS107,i,12,ADS,78.99,180.00000000000682,-505.0552,98.19055,35.34571,145.0636,11.15056,4.2904105,-1.2527549,-21.371586,11.200543,-39.834785,-10.541604,-8.357237,-8.472366
FADS107,i,12,ADS,81.54684332944366,133.15667055634606,-478.72803,78.850494,28.60847,133.43124,-7.342638,6.111807,-11.790873,-7.2377133,3.5461936,-29.810802,0.18670061,-13.193784,4.8903265
FADS107,a,12,ADS,83.94172698468385,98.27301531615262,-336.62933,178.05545,-15.141724,12.676068,-73.235016,-0.23186934,6.650735,-17.714725,-7.4187865,-15.662806,6.7957706,-0.8650443,4.535978
FADS107,a,12,ADS,85.34,99.99999999999432,-406.94275,188.3752,7.649495,13.068718,-51.95813,5.276048,6.538107,-3.199049,15.331005,-15.1873,20.448633,-9.697318,11.148024
FADS107,i,12,ADS,88.24368758963573,46.3124103642798,-396.30008,166.98103,-23.267672,76.71547,27.454918,-9.642848,-26.710445,-42.08098,29.222042,-37.068447,-9.417845,-2.4289787,-0.780141
FADS107,u,12,ADS,92.41104750322064,118.95249677935738,-573.1329,178.17674,55.872383,65.31065,4.111719,-23.995628,-1.8915468,0.5140463,-4.6958513,-9.80298,-0.48460722,-5.680233,-12.163683
FADS107,u,12,ADS,104.41,130.00000000000966,-654.55774,203.5586,83.03703,35.866467,10.27156,-5.0809555,-7.073866,-10.24201,0.029931366,10.467407,10.003657,-10.348204,-6.874459
FADS107,a,12,ADS,121.06,140.00000000000057,-492.0464,168.06981,-4.1297383,22.56399,-60.32055,-18.81417,1.7311819,9.158448,22.537464,-8.356567,8.706147,18.39758,15.934777
FADS108,i,12,ADS,5.493791300269852,86.20869973014766,-403.3793,142.21414,-27.034071,107.42146,42.373604,-34.168,42.658775,-8.000594,-27.984295,-14.292507,-22.830978,-11.011657,-13.692135
FADS108,u,12,ADS,6.86,120.00000000000011,-616.23846,173.12856,73.70743,69.72506,3.2176938,-19.71716,-1.4118128,-9.320675,1.154958,-7.44711,2.1928854,-4.568492,-9.072174
FADS108,u,12,ADS,7.49,109.99999999999943,-539.88696,211.84473,69.08075,2.7427425,2.106781,-15.966142,8.758562,-6.8360205,5.130608,-11.600002,2.3362787,-16.990051,-18.951681
FADS108,u,12,ADS,7.76,180.0000000000006,-471.95746,188.62006,39.35542,28.581558,-20.187683,-47.01229,20.737534,-20.972153,8.964073,-30.219006,-5.692045,-16.98254,-35.631924
FADS108,i,12,ADS,8.34,60.0000000000005,-520.25366,118.454094,-9.925858,119.80081,35.974266,-24.599344,14.162701,-11.916618,9.138992,-20.460548,-17.257904,20.665882,-13.007118
FADS108,u,12,ADS,17.50142603499594,112.91448468464083,-516.261,186.51297,55.483685,35.306335,6.164472,-11.922638,33.731766,-17.696247,-2.9959064,-11.649023,-13.682873,-17.803493,-12.497033
FADS108,u,12,ADS,23.71608558001467,103.91441998532969,-536.45215,187.26003,76.18863,58.00219,-1.2350876,-10.077392,-11.247679,-32.49665,0.09587872,0.103313975,4.9241033,-6.8694067,-15.274737
FADS108,u,12,ADS,24.6601247142633,159.87528573669962,-617.5361,193.10773,75.69757,46.60493,-23.144154,-16.313269,11.784432,-11.964016,4.447734,7.214035,3.1566186,3.647445,-8.111521
FADS108,a,12,ADS,27.9,112.5813131856006,-490.73798,158.99619,-15.663833,55.26286,-46.828033,15.047125,51.974922,17.191998,25.741318,-10.53915,9.232309,-15.208405,0.19331348
FADS108,a,12,ADS,30.08,130.00000000000256,-377.122,214.76006,-26.188927,12.082144,-60.883938,2.265736,54.176773,-0.88655007,16.53396,-5.5894585,6.224305,-11.562341,7.1089725
FADS108,i,12,ADS,35.88834232641221,119.85721767550217,-455.4124,123.797424,-2.579864,123.77448,20.800999,-21.10515,35.933743,-19.360611,-0.47971946,-27.283516,-4.7590656,-9.149396,-26.070808
FADS108,i,12,ADS,37.64845360953469,91.54639046531088,-425.07843,76.7457,8.307247,134.0229,24.660763,-18.81255,43.387386,-20.188543,-1.6727293,-26.16489,-11.870221,-9.322158,-30.435848
FADS108,a,12,ADS,41.2,152.37222697161457,-437.12814,187.08466,-0.5377687,-1.7005006,-31.33961,-13.517296,32.31758,18.007076,1.854437,-8.395585,16.393158,14.293361,-5.51395
FADS108,a,12,ADS,42.4345692447824,155.4307552176013,-319.26022,155.92343,-43.3497,21.13185,-83.77791,20.516653,45.436802,-10.966984,34.42572,-25.665035,-4.5716763,-0.8021898,-20.850319
FADS108,a,12,ADS,43.57,119.99999999999744,-377.55035,207.55885,-15.470041,15.743366,-48.152027,-11.954716,54.567856,-6.4231014,27.56493,-19.11103,-10.550819,0.45811778,-28.954523
FADS108,i,12,ADS,45.90641412957504,101.76556217731303,-449.1721,122.61325,-11.372582,131.12488,16.131172,-19.682777,20.029766,-21.9567,3.8661551,-22.55553,-21.497189,1.6432817,-15.730618
FADS108,i,12,ADS,49.53286366412237,65.58225118093475,-433.16437,131.72273,-3.45155,109.21498,40.115154,-33.051376,30.092209,2.9051094,-16.772135,-18.61539,-14.350126,-11.433875,-15.896998
FADS108,i,12,ADS,49.86,60.000000000002274,-407.44443,135.4158,-19.621012,101.24603,48.12969,-15.507599,22.076279,-20.336895,11.4993,-49.634243,-6.620497,-3.9592729,-20.836445
FADS108,a,12,ADS,50.14324176006312,140.2103301109534,-334.1129,205.15247,-49.86477,19.096756,-54.254234,8.305264,30.485455,-10.898724,7.1421785,-36.06714,23.724241,2.903218,-3.655096
FADS108,i,12,ADS,55.26145327246808,118.54672753192119,-506.25082,106.6183,25.829027,119.57898,26.5133,-21.270859,31.55748,-3.166905,-7.6170473,-11.574249,-4.106518,-23.591274,-13.483212
FADS108,i,12,ADS,56.82475629429831,151.51761479732073,-467.84607,99.31618,11.363699,130.74072,9.917336,-10.847776,39.51069,-17.002232,-12.3147335,-15.749101,-5.625519,-16.326622,-12.548846
FADS108,a,12,ADS,58.68,109.16277204606217,-385.81302,232.1535,-38.41218,24.548933,-64.35806,-18.989517,43.356476,-5.316148,6.8373356,-2.4169223,-0.42085585,-4.348453,6.5728903
FADS108,a,12,ADS,59.37,100.00000000000142,-412.0019,200.32951,26.876633,-10.610547,-63.357937,-3.3357053,30.943066,12.233166,0.49979785,6.884793,2.301031,-3.1141324,13.680117
FADS108,i,12,ADS,61.22504987904186,44.950120958141326,-437.28168,173.64117,-23.084236,46.58684,36.715576,-18.823273,49.327766,-51.19661,-8.634207,-28.933052,-4.8719573,-4.3424916,-25.91817
FADS108,u,12,ADS,71.98,168.89430503344727,-571.99414,213.24696,90.90582,52.203102,-13.929388,-26.27527,3.9130206,-19.885004,-7.848712,-7.1639633,10.375558,-7.2008076,-20.128
FADS108,a,12,ADS,78.87,199.99999999998863,-378.23013,182.5459,-2.5581439,-7.0057607,-33.034912,-12.932961,30.47844,22.586178,4.3622284,-21.971302,3.3280535,-15.291322,-6.9657145
FADS108,u,12,ADS,80.73,114.56736963639003,-623.62366,198.15582,97.167305,42.112724,1.8519052,-22.467049,-5.1565685,-14.169794,9.8691435,-0.74138266,6.249799,-14.135703,-8.330753
FADS108,a,12,ADS,82.62,129.99999999999545,-376.6987,207.91891,-34.060402,31.03263,-54.27503,-22.196135,44.722923,-13.590549,8.820995,-22.033314,-2.9197955,15.221439,-12.565021
FADS108,i,18,ADS,4.907375,111.9802682430926,-454.76547,87.46336,5.9785843,102.64273,37.561607,-22.820274,37.54947,-5.5763717,-30.077595,-26.247185,-18.966787,-15.847157,-20.467133
FADS108,u,18,ADS,6.1,104.53676940792977,-569.1936,156.03549,72.37009,44.13746,12.943305,-5.891404,-15.349736,-22.723804,-13.066616,-3.4525766,-7.80198,-18.495676,-11.565271
FADS108,u,18,ADS,7.09,120.00000000000011,-541.9443,192.98831,80.2388,37.75644,-12.0154295,-5.9561014,11.955134,-34.167336,3.8679008,-5.8314724,-6.572998,-3.6102762,-24.250433
FADS108,u,18,ADS,7.370531149539675,149.38648588077274,-528.9922,164.46387,75.35923,40.868332,-7.030116,1.7396188,2.5585806,-20.511925,-11.144032,-5.677314,-4.9993935,-11.988872,-19.810154
FADS108,i,18,ADS,7.90529232236499,99.59099058718036,-503.60736,99.7955,25.384987,106.40352,54.369072,-24.870934,29.969894,-7.1278567,-21.124146,-19.643559,-14.391264,-9.583645,-9.255504
FADS108,u,18,ADS,16.53846564081513,101.53435918487119,-452.26846,165.40536,57.228546,46.02146,-9.630686,-6.722131,10.593124,-39.353626,-4.863479,-0.7423667,-20.612793,-14.767675,-6.5135818
FADS108,u,18,ADS,23.6,160.00000000000014,-486.36365,192.4007,88.33948,52.85328,-23.247717,-0.8986413,1.2025523,-17.446373,13.492355,-1.6859558,-7.99886,4.689572,-3.7144976
FADS108,u,18,ADS,24.42,134.75956772661846,-549.0385,154.73848,81.32716,45.89412,-2.322382,-13.001341,2.136045,-25.942411,-6.0811152,-2.8765965,3.2538857,1.544582,-10.907552
FADS108,a,18,ADS,27.52929368919681,99.59099058718124,-453.96515,157.86331,22.190132,4.601741,-31.689823,7.9838147,49.55928,2.4822526,-3.5687153,-8.708688,-15.149271,6.8654423,2.6122007
FADS108,a,18,ADS,29.58858548659709,131.414513402909,-380.3323,194.31006,-27.999525,2.4498606,-54.556236,-13.239656,56.956245,-13.325096,13.493925,6.2727966,-16.224606,1.7152551,4.3264194
FADS108,i,18,ADS,36.63,111.19167736440971,-361.22375,120.63858,-31.587528,131.97186,4.657585,-21.677803,15.673071,-31.897034,-9.540737,-32.5214,-9.765688,11.246504,-20.957666
FADS108,i,18,ADS,38.15743271277448,102.56728722551856,-411.48166,105.62664,-11.01597,123.526505,21.28014,-24.196835,24.316917,-20.106812,-18.913269,-42.306137,-12.894646,-12.330328,-18.7118
FADS108,a,18,ADS,41.41,130.00000000000256,-370.37308,193.10722,-7.270343,-10.13331,-49.747757,13.889806,9.070667,-11.742342,-19.98007,-31.305227,5.838294,11.09605,-7.7761674
FADS108,a,18,ADS,42.7300625,149.93750000000006,-420.41385,169.56183,1.5716345,-5.8480415,-63.957916,10.320597,53.860443,-8.821825,7.3613706,2.0342836,-4.889534,26.268208,1.3821524
FADS108,a,18,ADS,44.19,128.03684208843435,-357.4903,187.13547,-31.362331,13.536958,-58.079685,1.0952803,48.988495,-32.248077,20.668991,-30.893356,-13.8743105,6.1529408,-23.215458
FADS108,i,18,ADS,46.47843095051055,73.03339309726908,-446.88974,125.91614,14.35383,92.607796,9.146578,10.60523,-10.655202,-26.897163,7.05498,-39.28271,-12.270153,-5.546502,-9.986189
FADS108,i,18,ADS,49.79,50.00000000000426,-524.7415,134.7416,7.3161936,119.282936,33.54119,-14.565193,16.380539,-16.76196,-20.399136,-25.094742,-13.21033,-2.9223893,1.4480711
FADS108,i,18,ADS,50.14739007758343,45.64587068579584,-456.76135,145.76495,-1.8619592,93.37097,45.267845,-14.194389,-6.9089613,0.84966147,-14.088099,-30.913658,-6.9118733,-16.274866,-7.2589827
FADS108,a,18,ADS,50.4539375,102.04884887432542,-375.2774,191.41739,-16.193014,-8.719864,-34.05523,-17.913353,26.421553,-6.8244977,-13.908603,-19.528862,2.7739487,13.622369,4.9741716
FADS108,i,18,ADS,55.80196013691441,138.0398630855879,-468.12497,104.96788,14.27826,127.1006,25.570238,-20.71278,15.196579,-6.539222,-18.581055,-15.629639,-9.70554,-23.474758,-8.467742
FADS108,i,18,ADS,57.19988847622407,139.42738682206368,-498.02374,131.3339,12.5393505,105.771866,22.132706,-27.96326,31.463135,-18.874422,1.3693306,-28.072603,7.6658244,-15.435958,-10.4341955
FADS108,a,18,ADS,58.97473768902096,92.12166629314567,-375.9578,181.56223,-11.872158,0.9155102,-60.745472,-31.607334,58.54142,-32.50968,6.2325325,5.820927,-17.586035,19.878624,0.7732332
FADS108,a,18,ADS,60.04,92.4067822725334,-399.2508,205.6282,-12.019745,15.881062,-59.28594,-14.3100395,51.10595,-27.395636,1.8205392,2.8282118,-15.071428,5.682377,10.009048
FADS108,u,18,ADS,65.23319082745606,92.12166629313856,-540.6729,178.38385,72.49932,45.574287,-18.080894,-8.280211,17.514526,3.1128094,-9.000985,-31.658154,5.4368834,3.0159745,-10.912754
FADS108,u,18,ADS,72.60267725450643,149.38648588078252,-571.8839,207.83545,75.53032,71.66983,-36.02912,-18.33474,32.89189,-39.6754,-24.727848,16.184113,0.49003655,3.7550523,-5.4871535
FADS108,a,18,ADS,80.16613219343492,123.86780656508734,-434.80817,198.88792,5.3013315,8.077552,-78.7107,6.307516,54.80326,-34.917194,7.5934277,1.5362451,0.421614,7.72917,12.790009
FADS108,u,18,ADS,81.75226565376656,77.18301770506741,-532.60754,219.85684,49.796013,64.72301,-40.088333,-23.266665,24.961353,-29.875454,-14.161829,3.2248125,-2.8945458,-7.7625437,-13.374651
FADS108,a,18,ADS,83.83,122.72424856702457,-392.60782,199.50761,-12.908773,3.3049302,-49.5365,-19.877628,35.423573,-12.131136,-4.894188,-0.93418264,3.5387595,15.825977,7.2144394
FADS109,i,18,ADS,5.638257787987443,117.84933886149761,-381.43057,66.53337,35.83517,128.30396,-5.110568,1.4024943,-20.299862,-9.263905,-32.34732,-18.22776,4.0702763,-19.836594,-13.602289
FADS109,u,18,ADS,6.84,179.99999999999972,-465.2634,171.94846,99.91031,45.80728,-16.918867,-16.196335,-13.992492,-23.770193,2.55734,-10.551401,19.338898,-3.2018723,-16.821432
FADS109,u,18,ADS,8.182877493276546,117.12250672345448,-464.4806,188.94908,73.23854,-10.899871,-39.12804,-16.103981,-6.652404,-24.469402,7.5409036,-24.636791,16.234264,-38.671143,-14.223331
FADS109,u,18,ADS,8.51588385253249,304.1161474675107,-491.61343,167.56126,41.574615,-1.767684,-30.632114,-0.025744438,-22.03658,-33.872665,-2.034007,-28.021286,14.973261,-21.627193,-9.106176
FADS109,i,18,ADS,9.22,86.80426378305484,-454.08502,96.69478,31.352142,100.99465,21.53104,-18.260344,-20.115732,4.108305,-29.035868,-31.348072,8.053585,-11.228527,-6.593284
FADS109,u,18,ADS,15.38127689376967,138.72310623033002,-433.8955,116.05439,74.23983,51.05854,8.354502,-6.842782,-8.243069,-23.579075,-25.485565,-27.049133,2.8065195,3.1175947,8.481669
FADS109,u,18,ADS,18.30666972489919,83.33027510080981,-544.60974,188.07294,82.78786,43.15532,-22.605335,7.208914,-18.56054,-37.7035,6.527808,-14.667505,19.593971,-7.5378747,-32.21457
FADS109,u,18,ADS,26.33,130.00000000000256,-406.87817,125.11479,85.45601,14.230385,-42.626213,-20.114973,-10.05587,-34.810875,-6.4858794,-15.789604,-3.3595724,1.2968818,-25.885048
FADS109,u,18,ADS,27.3577066057822,202.29339421779713,-547.6842,193.3678,98.35704,43.520123,-27.71582,-2.358816,-0.47609207,-30.77372,6.6547756,-23.597649,25.626587,-4.610076,-29.857124
FADS109,a,18,ADS,31.37366217503371,87.97204168534734,-322.83286,185.91704,-52.58992,1.8351759,-38.797935,5.6140575,5.1620793,5.47392,-14.75639,5.9281216,8.689322,1.5701762,-1.9066874
FADS109,a,18,ADS,34.78235572613171,77.64427386828743,-359.546,171.19804,-41.54988,-7.2769823,-24.107435,2.0490375,22.348225,-13.070339,-11.58401,8.529908,21.35665,-1.4588249,-3.6464882
FADS109,i,18,ADS,41.34,73.88481902693655,-356.5527,70.43134,15.007975,140.05817,0.39437008,-3.6388087,-21.200851,-25.337807,-27.099972,-24.761358,1.8422828,-2.2248383,-16.133184
FADS109,i,18,ADS,43.41012949630159,109.87050369841,-455.52505,59.88072,64.90781,118.21175,-0.46561098,2.2498574,1.8390939,-11.435713,-15.321595,-14.904347,-3.7061496,-18.581064,-1.8788939
FADS109,a,18,ADS,47.84343287763258,93.78151613626073,-271.3837,122.36638,-42.654728,-14.616107,-60.007416,7.787814,-4.7429323,-22.478329,-17.308443,4.5632977,8.198022,-9.371178,-4.5624146
FADS109,a,18,ADS,49.71,119.99999999999744,-333.42514,138.31992,-10.791657,-25.676655,-27.760323,16.854668,8.330587,-0.51522696,-14.150194,13.927831,4.4671707,15.004766,-11.893503
FADS109,a,18,ADS,51.73,115.415522746666,-291.39505,122.033325,-2.0146852,-22.133379,-34.36615,5.9445095,-11.380244,-6.913489,-26.596823,13.5185995,0.8754138,16.949982,-24.195934
FADS109,i,18,ADS,54.31730445988234,67.22391864635568,-399.08176,74.73489,5.593922,116.1089,-10.923374,-5.865503,-19.665539,-20.011383,-26.029793,-20.983799,-4.241621,-12.104931,-9.358571
FADS109,i,18,ADS,59.44125945483948,58.740545160517854,-409.27145,99.86063,29.577572,55.27334,-1.5963521,-15.429899,-4.8439455,-18.305717,-20.841003,-20.142841,-2.1864786,-32.97386,-4.382809
FADS109,i,18,ADS,59.74178955625138,60.58451927385988,-350.0397,34.87184,21.065762,67.27049,11.5660515,-2.4297512,-58.995415,-12.691544,-33.26388,-23.3369,5.992925,-13.062382,6.7934885
FADS109,a,18,ADS,60.01369320091743,110.38001456746116,-324.83533,107.50706,-22.59993,-15.315609,-47.361835,18.750525,-9.76505,-27.78721,5.3505497,-1.0346472,14.999008,-25.754286,-26.189507
FADS109,i,18,ADS,66.204698985879,105.30101412099668,-478.82358,59.437805,90.68733,90.483696,6.509033,-12.380117,23.500338,-20.218336,-30.028673,-6.4519053,-8.096184,-11.59572,-1.4790274
FADS109,i,18,ADS,67.88303752521107,119.50918870462601,-489.20032,60.12127,64.89307,110.94589,12.714449,-8.333256,0.34812394,-28.821365,-26.262852,-5.5388403,-4.444733,-20.374302,5.3077564
FADS109,a,18,ADS,70.5203500654823,94.61144105782182,-297.1957,117.94331,14.102098,-17.955704,-41.345985,9.662993,5.458264,0.35622585,-13.177427,15.621277,16.013514,19.954887,-2.3334615
FADS109,a,18,ADS,71.66,100.00000000000853,-416.59427,165.0444,34.908375,-44.34813,-16.404608,-9.310276,8.179761,5.3977017,-18.011482,23.169395,-5.1823397,14.776014,6.099057
FADS109,i,18,ADS,74.69,40.00000000000625,-309.93073,90.16803,-17.394627,37.54232,27.669353,-30.419788,-29.616116,-57.023804,-6.123351,-20.586796,-0.5210657,-22.912937,3.6136003
FADS109,u,18,ADS,77.95560786747662,109.55008964590718,-508.051,168.63376,77.816666,13.237328,-24.66792,-6.534044,14.646944,-21.961079,-11.558527,-20.872171,15.210478,-5.097333,-21.146906
FADS109,u,18,ADS,88.25,109.99999999999943,-598.5157,181.97105,97.53937,44.010162,6.0049286,-19.243408,-13.989542,-25.364944,-0.24779662,14.135519,11.654188,-2.476032,-10.003447
FADS109,a,18,ADS,98.28,109.35710255213849,-428.59717,151.73868,43.77093,-32.88221,-18.601822,3.8925376,7.045334,-5.791539,-11.071571,12.498064,-4.21416,25.844193,-13.634817
FADS109,u,18,ADS,100.21,100.00000000000853,-597.4236,173.94946,91.60421,22.84488,-14.39125,-6.5693417,-1.2403245,-26.282696,5.546951,-5.4199295,3.9217806,2.5454082,-4.8434715
FADS109,a,18,ADS,103.12,129.68307703928872,-471.4069,155.04501,13.529163,-41.823524,-15.222429,-2.0645962,31.791615,-20.634739,-8.498484,22.576023,5.013552,12.96903,-20.26889
FADS109,i,9,ADS,7.64,110.00000000000031,-371.25555,63.05367,23.100037,101.81314,-9.176819,-12.350828,-6.3674417,-22.801964,-27.559399,-33.178974,-5.281023,-40.498833,-19.649082
FADS109,u,9,ADS,9.08,269.99999999999955,-576.63525,184.23694,108.62364,47.823997,-23.636637,-19.890789,-17.511803,-3.3387437,6.2436414,-19.965008,17.419613,-7.8581324,-20.676767
FADS109,u,9,ADS,10.39,179.99999999999972,-478.42575,157.94208,78.11626,-11.082268,-5.7803802,-16.274658,-25.641884,-18.685614,-11.927748,-43.527603,17.025896,-25.086834,-21.885084
FADS109,u,9,ADS,10.8,250.0,-546.9048,162.84647,58.889145,8.664961,-4.8713155,-25.807499,0.85162413,-42.206,-20.6529,-25.02303,22.938728,-13.1333065,-4.220363
FADS109,i,9,ADS,11.57,80.00000000000007,-402.44888,70.01201,33.474285,107.52646,12.248436,-13.320876,-7.147471,0.3661555,-24.228912,-22.545212,7.7523694,-10.309739,-8.012867
FADS109,u,9,ADS,18.16583566428982,164.1643357101792,-508.67993,167.21216,84.530396,36.894463,-16.767265,-21.4973,-11.080692,-10.075883,-19.822472,-26.86235,-10.025593,-7.571595,-19.768908
FADS109,u,9,ADS,21.0,149.99999999999858,-475.28314,162.36159,54.07686,23.502472,-13.787405,-18.84121,-8.784511,-41.74183,-8.877629,-27.993824,18.523289,2.2160583,-22.098074
FADS109,u,9,ADS,29.21,140.00000000000057,-427.58337,179.9154,52.650257,-5.5245476,-19.171362,-25.10638,-11.5059395,-16.728935,8.128749,-27.81401,-10.712357,-7.8248353,-6.874593
FADS109,u,9,ADS,30.33498942227366,275.01057772633783,-511.22195,175.35059,22.06705,10.983914,21.95652,6.2553897,3.334526,-3.8249173,6.411063,-5.7137666,-6.07168,-17.148148,2.061678
FADS109,a,9,ADS,34.08,79.9999999999983,-280.11136,148.61816,-23.043505,-17.933819,-24.959923,2.1703365,2.4446003,7.555191,-12.486893,6.9325047,-2.8811057,26.03922,-5.8168354
FADS109,a,9,ADS,36.9,90.00000000000341,-278.73975,153.24866,-36.303543,-18.322397,-46.302773,-10.897476,31.198456,-16.47353,7.2183743,-9.123406,-1.0100296,20.38144,-15.50904
FADS109,i,9,ADS,43.62002156920213,89.9784307978706,-409.00806,77.85782,30.534359,125.321655,1.9860476,3.9996705,10.1902485,-17.16093,-14.129262,-26.60394,-1.6921822,-10.4161415,-16.465939
FADS109,i,9,ADS,45.69586748909478,124.13251090521982,-449.67697,23.669945,61.165146,97.25574,10.709119,1.8441813,-4.510836,-25.857967,-33.86584,-22.380669,-13.540873,-34.386536,-6.2088027
FADS109,a,9,ADS,49.73,130.00000000000256,-355.43936,172.62708,-21.029388,-23.288235,-24.30009,6.819784,24.731789,2.433418,-6.8966355,-0.14265943,9.9390335,0.68363285,-5.5893435
FADS109,a,9,ADS,51.16,130.00000000000256,-311.4658,128.52222,2.047803,-44.192585,-23.20725,-0.60877186,22.61087,17.623594,-31.092716,-5.3426595,-13.781011,12.62047,-14.6418705
FADS109,a,9,ADS,52.45,99.99999999999432,-414.21222,139.10257,1.2228371,-36.665466,6.8812866,-4.5320683,22.131666,17.031233,-18.947659,12.271893,-10.300678,7.502442,-5.8332815
FADS109,i,9,ADS,54.88764562590273,62.354374097274956,-357.22977,75.26279,21.27061,104.334496,8.323277,-18.213322,-8.01808,-10.933641,-20.538654,-26.921524,-4.77575,-9.682001,-16.344248
FADS109,i,9,ADS,59.54,50.00000000000426,-402.49423,63.161446,7.9390006,93.52396,11.33683,-14.366112,-14.761703,-0.20585442,-22.90894,-42.714848,13.673831,-33.966152,-19.069962
FADS109,i,9,ADS,59.81818292721592,71.81707278407856,-360.25513,34.19757,32.761467,59.403835,8.4459715,-12.565226,-40.984375,0.1659131,-32.49717,-33.473804,-5.380707,-13.361127,1.5526955
FADS109,a,9,ADS,60.13,89.9999999999963,-324.28198,172.82321,-39.608643,-25.73071,-41.273727,5.8271646,3.0307698,-5.3922195,-19.459072,1.7199283,17.345867,-0.9865769,5.7644234
FADS109,i,9,ADS,66.37,152.9238511144939,-360.41574,36.514416,37.191956,111.721794,-10.991224,8.338345,6.348892,-16.423603,-30.748983,-21.499546,-7.644924,-25.65984,-17.238058
FADS109,i,9,ADS,68.0,109.99999999999943,-377.13153,50.06588,44.794044,116.63289,3.7857914,6.652402,11.080053,-20.154873,-29.13419,-28.15613,6.123377,-33.580254,-15.92525
FADS109,a,9,ADS,69.92,109.99999999999943,-346.63177,153.06114,7.958823,-39.506992,-20.077812,-16.971409,28.385998,-1.5024798,-27.875668,19.465536,-14.3374,15.254885,10.700957
FADS109,a,9,ADS,71.02,92.14565980681755,-333.50275,134.91072,30.432756,-32.10223,-51.098576,-9.074678,3.8211322,0.18990254,0.4850405,-1.2620655,-33.234413,30.967056,-0.28211343
FADS109,i,9,ADS,73.79,39.99999999999204,-291.9361,68.87539,-15.063575,11.496197,20.119734,-27.849337,-34.414566,-25.307976,-20.122643,-17.606546,-10.831648,-21.066017,9.771616
FADS109,u,9,ADS,77.42156964346906,108.43035653094546,-445.3338,157.45435,80.624054,17.616142,-9.772082,-12.812433,-2.7990158,-4.8606243,1.4995553,-26.14718,-8.351856,-7.178811,-26.708454
FADS109,u,9,ADS,86.77,160.0000000000108,-533.992,181.61095,83.267914,46.898296,-12.301988,-9.801582,-11.925018,-5.104853,-9.207224,-9.792933,5.3279905,-1.1662465,13.099985
FADS109,a,9,ADS,95.93,159.9999999999966,-351.6214,151.33456,14.988068,-21.609623,-31.59872,-3.80264,4.495718,7.188574,-0.3040256,0.18903494,-13.684916,40.167503,-28.2395
FADS109,u,9,ADS,97.5,139.578288980843,-542.58527,177.83974,98.82286,25.2036,-12.591559,-37.85018,-6.271063,-4.545198,-6.9260225,9.046843,1.2031403,-5.4551306,-25.274817
FADS109,a,9,ADS,99.91,117.02392022270658,-410.90826,154.21086,-2.1403215,-29.001438,-23.460905,6.2076025,-1.9310713,19.6376,-14.745058,15.193062,0.32709348,38.57911,-4.1084914
FADS110,i,15,ADS,4.89,93.62598945534728,-453.7962,107.14018,1.5142968,95.1947,32.183533,-2.065528,-12.445808,6.2421274,-20.197987,-21.38691,-26.8787,8.288773,-24.749176
FADS110,u,15,ADS,6.12,149.99999999999946,-638.6161,163.36172,91.28104,51.58447,-15.450729,-46.74736,-29.875273,-13.743304,-10.729343,8.718407,-13.690327,-8.372362,-38.153717
FADS110,u,15,ADS,6.843478555102926,96.52144489707482,-633.6433,192.27582,75.341805,49.99315,-6.1942534,-24.708443,-17.746767,-10.111276,-20.32273,-22.867474,-2.0527751,-5.2628393,-31.422192
FADS110,u,15,ADS,7.118000499861314,181.99950013868627,-607.2661,203.86269,58.491966,18.167404,-4.247796,-10.954025,-17.140293,-8.145888,-6.1076517,-7.1217976,2.2650447,4.453552,-16.662027
FADS110,i,15,ADS,7.78,76.51080903896369,-490.7385,111.988464,8.102603,99.615135,24.188951,-7.6056547,-23.583664,13.284811,-10.988842,-23.174652,-18.310719,-1.8940921,-34.183083
FADS110,u,15,ADS,13.05585291335952,173.79806574632005,-622.59686,98.28398,83.68604,64.02165,20.674046,-16.4845,-22.42736,-8.278859,-17.16838,-5.708611,1.476464,0.96641445,-11.225018
FADS110,u,15,ADS,15.08,67.20936659555932,-482.64786,175.2692,31.175709,19.783535,-14.373817,-19.47189,9.619514,1.4541659,-11.817322,-12.601192,-28.339945,-13.173586,-22.60728
FADS110,u,15,ADS,22.25957154882069,140.42845117930725,-697.35065,155.2933,84.69658,36.231136,-7.3224187,-14.94434,-15.355297,-14.5580845,-3.2813454,9.837145,-7.6585655,-13.449452,-19.036417
FADS110,a,15,ADS,25.07,98.08441990088923,-435.08566,162.9973,7.209461,-11.000358,-34.08796,21.380219,-11.420775,31.047302,-26.343006,-10.938199,5.451029,11.531973,1.7567034
FADS110,a,15,ADS,27.48,96.61406340289957,-363.44952,176.30649,-6.604623,-20.810183,-43.82379,27.701817,-14.143066,15.125014,-16.646687,-6.0970693,-1.644806,11.446053,-13.101189
FADS110,i,15,ADS,31.83370933394426,92.82396693269135,-431.83295,109.91025,-9.621309,96.16394,22.218678,17.033752,-22.42427,12.93062,-20.805243,-11.127343,-26.324974,-5.228789,-16.018206
FADS110,i,15,ADS,33.41,80.0000000000054,-510.70303,113.1951,15.94223,89.99353,12.2067995,16.168978,-21.49393,16.11151,-15.915644,-32.0243,-8.367043,-13.542701,-15.375914
FADS110,a,15,ADS,36.12354173632425,118.49868119067253,-467.22348,203.781,-5.4513197,-29.184214,-23.293211,16.790398,-25.217644,14.581848,-6.69182,-23.766941,6.017919,36.392998,5.406686
FADS110,a,15,ADS,38.12,80.0000000000054,-437.7086,207.09564,22.838455,-35.061043,-36.553146,-6.7588587,-24.188332,16.033924,-5.548358,-26.7625,21.318775,2.3188946,-18.45571
FADS110,i,15,ADS,40.54376191158369,96.77392297238185,-421.08276,103.312485,-24.197964,100.06912,17.312645,6.7914524,-30.527912,-6.8968887,-27.024647,-20.741299,-37.10713,2.1016355,-20.168713
FADS110,i,15,ADS,43.40518909874518,54.810901254818134,-523.52167,105.4315,18.484358,80.815025,23.89657,10.337653,5.3437886,10.322942,-16.792397,-30.993103,-25.932426,-8.584589,-4.538495
FADS110,i,15,ADS,43.68397478810082,73.07418673425303,-483.3628,107.65752,17.523647,69.707245,29.779156,-1.4998263,-15.358974,8.333942,-9.726286,-29.86412,-30.504854,-16.49038,-9.580582
FADS110,i,15,ADS,47.71,112.68904816054004,-416.6012,72.67404,1.9206172,99.48828,5.2435236,5.4569387,-11.622828,4.324869,-17.162664,-22.235489,-24.95827,-15.880131,-21.253279
FADS110,i,15,ADS,48.97,100.00000000000142,-494.67566,106.638916,36.480133,98.01358,8.858184,7.044836,3.2402382,0.024031803,-11.496979,-19.236252,-26.776993,-19.848053,-15.521192
FADS110,a,15,ADS,50.1,98.87379552085918,-385.13138,150.77533,32.53329,-10.547012,-68.10979,20.823555,-16.62845,12.430506,-7.948406,-21.788483,-1.7054157,13.612378,-22.366283
FADS110,a,15,ADS,51.04,92.78925795403836,-410.028,160.11165,46.687954,-9.461672,-56.38307,1.3160853,-2.3396134,10.567694,-2.9788547,-15.066374,3.8676543,-9.561883,-4.3459606
FADS110,i,15,ADS,52.62099294374359,49.00705625641422,-495.55807,171.68697,-14.276375,33.521507,23.340687,19.464722,-26.508286,-11.119728,-32.183464,-18.750574,-3.5928488,-10.926753,-15.334585
FADS110,u,15,ADS,55.64563728229771,96.77392297237475,-449.62366,123.36246,37.584026,22.580189,16.916714,-8.702873,1.9194562,4.4840035,4.12939,-11.363763,-31.779404,-17.680397,-16.333225
FADS110,u,15,ADS,62.85,70.00000000000028,-596.85693,189.18585,100.74943,53.19391,-27.013695,-23.570873,-0.4228179,-11.14406,-8.59119,10.677531,-19.730412,-0.5547544,-13.60279
FADS110,a,15,ADS,68.98,121.74218490133626,-408.85858,162.13866,16.84726,-0.7926178,-65.10866,27.999216,-10.743149,8.527128,-8.311639,-12.382831,0.7818661,13.346088,-17.6729
FADS110,a,15,ADS,71.78,105.28231075561223,-453.43964,165.4623,20.813322,2.853761,-52.478706,21.389793,-5.1239853,15.990747,1.262527,-15.319971,2.2408478,11.366974,-20.876575
FADS110,i,9,ADS,5.39,90.00000000000074,-455.5474,87.43666,24.837912,110.25156,23.086966,-4.2692394,-12.501214,-4.8661823,-6.8129473,-4.9122767,-3.9609122,8.374419,-23.989262
FADS110,u,9,ADS,6.8,80.00000000000007,-573.54205,202.73639,115.2679,61.724697,-6.8838663,-17.505566,-11.572054,-20.070602,-3.8179085,9.279943,5.204055,7.4312735,-29.279564
FADS110,u,9,ADS,7.74,59.99999999999961,-532.36993,196.26053,38.92887,33.764572,-5.560295,-4.5675263,-9.661877,-7.8732214,-14.381701,-29.763245,-8.02255,0.899312,-45.545223
FADS110,u,9,ADS,7.95,239.99999999999932,-526.6525,170.57983,54.011574,41.24951,-5.992653,-27.725405,-26.800188,-6.206662,-21.280163,-8.890474,12.967869,-7.328979,-39.400276
FADS110,i,9,ADS,8.7,60.0000000000005,-433.4107,103.585754,14.069653,75.96555,29.838198,-5.3498735,-32.05989,5.874586,-18.507027,-22.67191,-8.901411,8.899474,-20.333963
FADS110,u,9,ADS,15.48324839599218,126.75160400782026,-560.3369,164.05574,80.48842,26.044067,-19.849903,-14.531102,-29.183535,-18.220196,-15.3866625,-11.08617,6.3050475,4.021291,-20.471924
FADS110,u,9,ADS,18.06,89.99999999999986,-521.0689,187.52425,63.377075,14.977837,6.246973,10.939722,-3.5198872,-19.71085,-1.6468884,15.195707,-8.525114,8.207626,-13.56698
FADS110,u,9,ADS,24.78,89.99999999999986,-510.50458,162.4076,87.899734,14.350929,-20.060844,15.219133,-7.139273,-11.751962,9.657463,10.942858,6.250085,5.826673,-27.451843
FADS110,u,9,ADS,25.7,70.00000000000028,-691.7198,142.6452,98.28411,66.17691,24.079147,11.635614,-16.664042,-9.58608,11.566823,5.7726,3.5594184,3.3473654,-3.7313945
FADS110,a,9,ADS,28.8,129.999999999999,-472.63156,185.99792,3.5982323,-9.962293,-36.456696,16.008602,-7.092805,20.795746,-18.06262,7.705705,7.481664,5.2389855,31.425268
FADS110,a,9,ADS,31.57,100.00000000000142,-427.22614,190.263,15.020288,-16.90721,-19.168112,11.758596,-2.7619205,7.8882036,-13.412652,11.18498,-3.278118,9.540682,4.805666
FADS110,i,9,ADS,38.44370160037701,83.49467970332114,-445.6764,109.154236,26.33078,104.81846,3.0734038,1.2208841,-18.37866,-3.1112227,-10.909201,-4.743622,-26.421303,-6.125421,-13.194302
FADS110,i,9,ADS,40.73,100.00000000000142,-434.7738,90.747406,25.734514,104.04234,6.416178,2.2862844,-24.366537,-3.444077,-14.450138,-16.614925,-1.65064,-4.3820443,-2.4961185
FADS110,a,9,ADS,44.1,100.00000000000142,-415.03528,191.3019,0.13599801,-13.645906,-11.458013,15.190029,-15.117014,16.684498,-2.672171,4.5447273,0.11155599,15.900087,8.729828
FADS110,a,9,ADS,45.33,109.99999999999943,-367.28223,164.0031,2.148056,-52.284607,-29.236347,4.595999,-30.385468,-3.2468708,-1.8208514,-20.483416,15.232789,10.448636,-17.331417
FADS110,a,9,ADS,46.72,109.99999999999943,-378.7856,167.94629,14.993431,-25.62828,-24.84699,16.234625,-6.6529903,6.7053814,-8.020534,1.1368694,6.6134467,7.190629,-2.4748554
FADS110,i,9,ADS,48.9,90.00000000000341,-449.44278,90.687225,28.322203,111.07804,7.162097,17.604603,-19.756256,-10.144923,-17.83406,-15.385492,-16.597485,0.15548229,-2.0889876
FADS110,i,9,ADS,52.95,49.99999999999716,-574.62897,96.989044,46.3743,113.231636,25.502449,-7.8420424,-35.950584,-9.065773,-7.9269757,-16.475775,6.5287695,8.907529,-18.530613
FADS110,i,9,ADS,53.21,60.000000000002274,-431.3933,134.54057,-14.823769,95.71736,34.790867,-6.9081116,-18.13699,-6.011804,-6.4732695,-17.762787,-17.530571,12.760889,-29.679338
FADS110,a,9,ADS,53.48,90.00000000000341,-463.63812,194.32643,16.887537,-18.51787,-17.259258,21.278149,0.27181983,22.371063,-2.960164,10.453452,9.584227,24.392582,4.5721345
FADS110,i,9,ADS,59.06,109.99999999999943,-448.87833,74.228325,29.88366,96.356476,20.074383,17.9776,-22.803204,-10.496714,-27.796162,-31.479195,-22.073946,-12.333416,-7.190178
FADS110,i,9,ADS,60.64,109.99999999999943,-431.04218,77.002625,24.941154,106.96884,20.328451,16.027428,-5.7053022,-10.538274,-7.2377696,-18.471107,-11.048235,-2.3802013,2.9914083
FADS110,a,9,ADS,62.7,79.9999999999983,-365.18845,166.53299,17.680902,-3.9262528,-53.690918,9.712742,-11.958851,5.5824156,-20.50187,7.936184,-7.4549513,-1.2149858,8.388683
FADS110,a,9,ADS,63.48,80.0000000000054,-332.10645,137.18634,23.08976,-18.802628,-56.08989,24.665623,-2.432015,10.923292,-17.35791,23.484709,-4.9991293,6.264582,11.234873
FADS110,u,9,ADS,68.67,90.00000000000341,-544.9745,168.72769,92.59639,43.60597,-2.5753436,14.146449,3.8264577,-2.0080981,2.940106,-10.759518,-2.5637639,10.780466,-30.178886
FADS110,a,9,ADS,88.32,102.58671995465818,-364.11542,158.47249,0.71347713,-8.05153,-47.366714,12.685707,-13.031809,8.93186,-22.301147,-0.7774358,0.16647029,6.9618726,5.028095
FADS111,i,12,ADS,5.217972100442539,92.02789955746039,-376.04312,95.637115,16.877632,129.37846,20.631111,-15.9352,11.082869,-35.773727,-1.3434646,-44.55834,0.9622109,-6.2067833,-18.048256
FADS111,u,12,ADS,6.47,220.00000000000063,-489.7399,225.99486,51.98936,30.692127,-14.114148,-28.972942,-3.778501,-20.319134,-13.236479,-22.982506,-7.7917156,3.0859094,-21.476154
FADS111,u,12,ADS,7.132855503837055,117.14449616294509,-547.285,228.36665,80.24725,34.34385,-18.501522,-1.0200266,-18.53136,-22.877724,13.761905,-30.237423,5.18053,-7.2474165,-40.369034
FADS111,u,12,ADS,7.473752014964835,206.24798503516485,-515.40356,200.17068,38.261444,51.006413,-16.495167,-5.4315434,0.2757089,-21.091969,12.765432,-25.46314,-5.7549453,-0.08025324,-21.652575
FADS111,i,12,ADS,8.08,99.99999999999964,-429.96347,97.0129,45.82888,118.93446,26.570663,-20.457432,3.631454,-17.01684,-22.505882,-45.78268,8.111064,-16.045723,-15.483805
FADS111,u,12,ADS,13.88203750831742,136.2262962987799,-526.87756,142.72948,104.20874,68.267624,9.858305,-13.310999,-23.697905,-11.941347,-7.332268,0.9517961,3.0483394,2.8500533,-6.772646
FADS111,u,12,ADS,16.01979176303306,83.93741489116024,-522.11584,223.64308,82.24097,27.273506,-14.05657,-4.109829,-8.763886,-12.86397,1.4589666,-20.952778,-1.8538694,-5.0074263,-28.402508
FADS111,u,12,ADS,22.77,230.00000000000043,-560.33167,195.39471,98.520676,39.43107,-1.8309034,-12.923073,-17.695131,-9.601894,-5.459941,-7.049812,5.8382916,-8.634556,-17.832579
FADS111,a,12,ADS,25.7031760145453,110.08185559497008,-347.1938,227.13644,-39.740986,25.798588,-44.67581,17.448792,28.494894,-21.363922,19.671555,-6.202957,29.530342,17.6729,-13.071671
FADS111,a,12,ADS,27.74,123.1222477084124,-347.54868,232.71112,-78.36055,21.260803,-23.037426,2.6363063,14.253693,-1.5512238,0.23894846,-3.0660744,16.232407,2.4370556,-18.050293
FADS111,i,12,ADS,33.68322920231986,60.5450205772442,-337.36426,102.66156,6.0270195,122.042854,20.900118,-5.0007033,-9.002731,-18.118185,-11.867487,-37.02942,-16.355103,0.88431716,-16.155148
FADS111,i,12,ADS,36.02711749872368,79.80934530634443,-366.8599,91.034615,25.11855,102.415726,31.722515,-16.735493,1.2793244,-23.982103,-20.618809,-19.325314,-8.264767,-4.3566008,-15.119228
FADS111,a,12,ADS,39.27917909493279,130.72220351901365,-293.8943,213.93121,-67.48682,-1.2848555,-31.909119,16.026016,-22.386652,-6.622875,17.206726,-4.808774,20.722017,21.631771,-40.387886
FADS111,a,12,ADS,40.59,149.99999999999858,-345.37405,215.77106,-67.935715,29.61842,-57.438225,14.967676,28.668682,-6.772819,13.468341,-24.175442,3.1375751,11.730726,-29.594439
FADS111,a,12,ADS,43.57,89.9999999999963,-316.46866,211.45575,-52.666084,30.093962,-49.92955,17.884144,-2.0726926,-2.5826397,22.518576,-25.302288,0.19741672,15.790424,-34.33456
FADS111,i,12,ADS,45.08911902978129,72.92922933166324,-352.57626,104.39856,8.94862,112.40888,6.095827,-5.1876316,-16.902275,-21.37664,-10.700664,-25.40986,-19.986164,4.162269,-14.027901
FADS111,i,12,ADS,49.3634700207513,46.52997924869595,-373.7565,102.51281,28.885712,100.48209,31.358036,-3.8664632,-15.478453,-17.761114,-0.4919028,-38.50166,-10.766527,-9.363155,-21.04758
FADS111,i,12,ADS,49.68270740197672,53.6649046025488,-370.0906,95.21981,8.89311,90.81358,43.452957,-6.147208,-22.850178,-16.66924,-1.8567737,-30.93903,-9.210541,-10.953165,-7.0095634
FADS111,a,12,ADS,49.91112725233629,96.3216236456006,-236.81444,192.89008,-78.92015,16.090939,-26.510082,7.1822586,-22.731895,-22.34413,11.455909,1.9275155,14.409479,26.221577,-35.18975
FADS111,i,12,ADS,54.51,80.0000000000054,-343.06616,85.99675,33.39126,122.12515,1.584091,-11.188913,-1.0649791,-30.19078,-2.3503075,-33.2905,-3.0224853,-5.1545057,-19.195963
FADS111,a,12,ADS,56.65351895335901,103.20173962028889,-357.56082,213.59113,-17.194563,14.6058445,-72.54443,-2.8371308,10.270639,-8.418423,10.73614,-9.631693,10.007406,18.722689,-6.9538536
FADS111,a,12,ADS,57.3,100.00000000000142,-349.89737,222.2628,-22.145378,5.613891,-60.24274,14.438744,7.787181,-14.008535,3.9888124,-16.401924,4.1820164,25.358856,-16.504948
FADS111,u,12,ADS,61.39891090417182,121.08909582818228,-506.21515,214.10516,51.711884,33.13289,-6.4286346,10.151123,-5.0437703,-12.098543,18.966974,-23.42674,1.0625973,-6.77323,-39.14227
FADS111,u,12,ADS,68.26,106.52737313650107,-457.13867,217.57584,52.94971,55.803535,-25.484226,-22.252851,9.027057,-21.731262,-11.685459,3.3253765,7.249554,-12.549547,-8.556971
FADS111,a,12,ADS,74.42,129.99999999999545,-317.16815,213.38013,-44.977745,14.004221,-69.53369,4.3862705,12.879607,0.66342086,9.716079,-9.856457,3.7399814,11.287031,-19.330206
FADS111,u,12,ADS,75.74836771232951,141.73038907853197,-493.2807,224.56447,45.15162,30.035858,-24.0554,1.2233818,10.642871,-15.370752,7.2764053,-20.185673,1.4567063,-14.482773,-12.805176
FADS111,a,12,ADS,77.39,150.00000000000568,-314.24658,232.67781,-51.338577,19.467873,-66.959854,5.347584,20.930275,-18.778473,14.128991,-22.804497,11.189072,19.179829,-11.034641
FADS111,i,15,ADS,5.72482465633056,85.17534366944002,-494.34464,122.80839,27.347303,106.447975,33.25783,-23.123478,-13.270836,-9.143404,-13.522231,-35.17263,2.7495441,1.1150386,-7.2838054
FADS111,u,15,ADS,7.035234042827278,205.61672847690636,-563.7894,225.4841,53.377426,31.950441,-19.008762,-20.537289,-10.583439,-12.67631,-9.117821,-26.172138,7.6217957,11.384371,-20.973164
FADS111,u,15,ADS,7.736522369181047,131.2857984641269,-651.74664,201.54724,91.496155,39.71083,6.54617,-11.447209,-7.5470495,-13.538218,-14.916258,-19.759602,-2.585605,6.2332854,-5.988477
FADS111,u,15,ADS,8.049770930033239,151.55787028579402,-598.27527,223.5234,67.56944,32.217255,-4.1567335,-33.48032,-38.20131,-21.949736,3.9065082,-8.796758,8.153992,1.8896952,-18.404951
FADS111,i,15,ADS,8.59,120.000000000001,-534.3822,162.84929,8.939303,85.28037,26.27716,-6.545114,-19.296648,-21.613907,-1.2305146,-33.131252,-16.050976,-2.0868733,-13.909971
FADS111,u,15,ADS,14.27,80.00000000000007,-550.8474,211.23178,56.59706,24.626436,-24.940649,-34.319084,-13.083806,-5.4581194,-6.1369386,-19.439373,7.080543,1.3233646,-18.337177
FADS111,u,15,ADS,16.83088894787403,104.25636936857074,-527.6063,208.73697,53.63315,30.954483,-18.84204,0.47457382,0.50316584,-11.621477,-9.859546,-28.555603,-14.675987,4.558362,-13.581151
FADS111,u,15,ADS,22.78,99.99999999999787,-528.0936,224.19208,47.51254,30.697132,-12.545128,-31.838211,-5.334692,-17.856857,-11.003091,-3.780582,-2.75312,2.210813,-17.36316
FADS111,u,15,ADS,23.56,130.00000000000256,-647.39325,182.82489,87.00003,50.78617,-2.2535944,-0.6969583,-9.730253,-16.315292,-1.9877589,-10.034859,5.5399375,-0.959835,0.64321256
FADS111,a,15,ADS,26.62059840752147,79.40159247852918,-401.8334,222.94336,-64.742165,17.127893,-38.516373,2.2953107,22.7826,-1.9484022,1.5221438,-30.045223,18.792248,6.3896046,-7.973634
FADS111,a,15,ADS,28.75336595485567,89.77631806737918,-348.15576,203.49721,-71.250626,23.36242,-40.96669,21.504337,13.164676,-20.414572,2.079305,-24.710289,22.971565,2.9350543,-3.9771514
FADS111,i,15,ADS,33.21056196692629,68.53890949228969,-396.30753,106.94508,-12.297694,113.385086,-2.7383323,-7.1280575,-10.941626,-15.339656,-12.966261,-44.170166,-0.988624,-8.790184,-8.16054
FADS111,i,15,ADS,35.2178997019068,92.1002980932002,-401.7877,95.334625,20.411694,109.45592,-7.19273,-9.783894,-9.021265,-26.949638,-12.197284,-38.531464,2.957603,-11.798712,-10.59384
FADS111,a,15,ADS,38.62,133.59553918646583,-339.0698,179.04913,-79.717255,11.119328,-41.510765,16.08137,-17.343071,-6.339593,10.612866,-12.585784,10.1734705,26.709215,-13.3536005
FADS111,a,15,ADS,41.06,102.41104177691795,-386.43652,196.93938,-67.421135,21.29681,-51.61164,12.409518,37.27186,4.667124,6.0108604,-13.580391,9.744018,-3.946173,5.795292
FADS111,i,15,ADS,43.2545385549185,72.40025650595072,-389.13354,106.39389,-27.164429,125.607895,-15.242218,-2.6520302,-15.154352,-25.17114,-9.987021,-45.9981,7.764614,-0.71393335,3.282094
FADS111,i,15,ADS,47.22,39.99999999999915,-425.60236,87.463326,27.235275,119.18065,18.225615,-22.836113,-17.146124,-11.173844,-15.343288,-45.059746,8.818357,-7.538685,-18.282513
FADS111,i,15,ADS,47.52,59.99999999999517,-438.00513,126.370026,-11.569493,109.80213,20.642315,-14.115293,-16.671917,-16.097324,-9.243541,-46.345497,4.765211,7.4872284,-10.824478
FADS111,i,15,ADS,52.88,79.9999999999983,-431.13043,71.68098,53.016518,130.81418,-12.526543,-3.7014532,-3.954574,-35.433525,1.9218363,-40.913513,4.7938223,-17.907867,2.9906
FADS111,i,15,ADS,53.97,79.9999999999983,-418.1743,61.84879,11.740211,136.6029,-23.480852,13.859121,-1.6534643,-37.209118,-8.239463,-38.346535,-0.4667713,-14.503482,-5.6954823
FADS111,a,15,ADS,55.45,79.9999999999983,-375.94788,187.29802,-61.597893,22.672146,-62.2677,0.88491285,15.888667,-8.9405365,-12.104345,-6.995826,11.0498295,11.338356,-3.6551948
FADS111,a,15,ADS,56.33,90.00000000000341,-389.53192,218.4004,-47.7366,17.474327,-45.461468,-9.551016,13.340492,-24.617714,0.86398566,-1.9260604,3.6970234,37.52468,-16.283224
FADS111,i,15,ADS,58.4,40.41615353843042,-334.2665,151.18146,-48.340576,94.437454,9.766358,-22.962204,-14.764946,-44.993195,16.893147,-34.850334,-2.2267334,17.022255,2.1520786
FADS111,u,15,ADS,60.92305752402493,106.94247597507456,-525.9242,192.85623,36.796944,49.265823,-27.761547,-14.621286,7.0683146,-14.974422,-0.7039784,-25.51431,-13.53168,6.059091,-13.263048
FADS111,u,15,ADS,67.29,89.9999999999892,-567.0418,221.39345,67.44767,36.983414,-18.844574,-11.803413,-13.713636,-22.844564,-6.1597934,-9.599818,6.3595076,4.6159973,-13.104524
FADS111,a,15,ADS,73.95,99.99999999999432,-334.472,190.47527,-59.891598,17.545013,-62.53354,4.5854244,25.982006,-7.479187,-10.37683,-2.666687,1.743006,15.5048485,-9.821007
FADS111,u,15,ADS,74.99,91.07530198956226,-539.4329,201.5307,60.346962,54.550797,-36.405113,-5.651105,-4.311306,-6.824311,-0.20446128,-30.858055,1.1839682,-0.4567033,-12.1917095
FADS111,a,15,ADS,76.91859048080887,101.4095191911224,-318.98868,185.93195,-65.995155,26.397896,-58.844868,7.7242355,18.410135,-16.254494,13.067859,-21.835466,16.797585,18.901756,-10.929459
FADS111,i,9,ADS,5.95,89.99999999999986,-412.66327,99.92793,-3.5227504,109.65513,37.219383,-14.835728,-10.284578,-12.565663,-14.860903,-48.35573,9.741339,-4.9585657,-9.4994955
FADS111,u,9,ADS,7.33,180.4041335321358,-558.1922,152.38934,72.75459,47.417915,1.9269402,-10.459393,-13.461653,-10.264801,-25.107794,0.7632008,-4.3614874,12.219971,-5.9732294
FADS111,u,9,ADS,7.87,110.00000000000031,-543.57806,187.03592,59.139587,35.5371,-7.1906157,-3.1545372,-11.384444,0.46868366,-10.450174,-11.715967,-1.6781976,-10.078812,-16.696129
FADS111,u,9,ADS,8.19,99.99999999999964,-540.6844,198.0826,17.222366,29.640514,12.14864,-25.44955,-18.053843,-23.007412,1.5930815,-25.875416,3.8361895,-7.814558,-24.300566
FADS111,i,9,ADS,8.81,99.99999999999964,-456.58173,94.11339,51.020203,106.75093,27.324,-18.863647,5.9528584,-17.207514,-26.37268,-27.849617,6.824829,-14.135128,-8.41689
FADS111,u,9,ADS,14.02,158.5121693390299,-595.3866,164.91446,83.42952,69.9753,8.635067,-15.429402,-8.902027,-22.054272,-5.3523846,-6.5818954,-3.0526333,-1.4813192,-6.2392864
FADS111,u,9,ADS,16.71498007780057,105.0199221994319,-493.3727,188.4881,50.45946,23.118671,-3.2809002,-8.742583,-0.4069383,6.7676425,7.4457884,-30.691183,-0.67144656,0.508368,-16.870613
FADS111,u,9,ADS,23.54,130.00000000000256,-491.96988,228.50078,41.31146,34.775536,-23.964865,-29.221226,0.5470859,-13.0801735,2.9802723,-20.863281,12.504129,-9.312178,-22.528034
FADS111,u,9,ADS,24.29,130.00000000000256,-662.4325,167.15942,100.09819,50.748318,-7.6095276,-18.200249,-15.6850605,-6.702863,7.440457,-11.765179,11.053463,-14.337874,-8.148853
FADS111,a,9,ADS,27.75,59.99999999999872,-389.3598,221.7421,-49.366547,3.6249797,-11.529509,-8.330935,13.872402,-0.54971576,-3.5222058,-28.302402,21.79686,11.900234,-4.0104074
FADS111,a,9,ADS,30.61,97.41168754981899,-349.495,203.20538,-78.00348,17.130495,-37.53882,12.268207,7.2549453,-7.12862,9.531892,-19.183834,29.0811,0.94218695,-17.993153
FADS111,i,9,ADS,35.32161493506536,72.7538805633543,-399.83313,124.12129,-1.10968,79.73937,23.178646,-16.946854,-18.590172,-13.697923,-7.1815166,-49.148186,-1.2127457,4.8880544,-17.666376
FADS111,i,9,ADS,37.86898082630796,91.0191736920396,-459.54218,94.79528,34.613155,104.10032,22.683865,-14.092217,8.394539,-15.639653,-17.77681,-40.68342,1.0712283,-19.141315,-8.022118
FADS111,a,9,ADS,40.41,100.00000000000142,-341.8464,195.09225,-59.25805,-4.2268667,-34.25099,30.048687,-28.757671,9.165771,-3.9365556,-10.604719,15.865096,10.047167,22.12733
FADS111,a,9,ADS,41.87,120.00000000000455,-332.51428,182.39763,-64.77325,20.318583,-59.223625,18.817005,15.132158,16.262922,4.256249,-23.873047,11.974905,-14.190239,16.596931
FADS111,a,9,ADS,43.18,70.00000000000028,-355.06125,197.33054,-69.83658,19.781725,-48.515877,8.863606,4.209724,22.995949,9.396801,-19.021921,11.400652,-7.588337,-0.9029306
FADS111,i,9,ADS,45.71571209652961,66.42745616655077,-382.78888,107.18106,5.367997,100.44344,20.679247,-20.818504,-13.708155,-21.215147,-11.4338665,-27.01012,-19.198608,7.017257,-11.040125
FADS111,i,9,ADS,49.21,39.99999999999915,-492.0442,97.39399,43.46576,93.425644,37.760307,-10.686586,4.0304656,-12.586882,-20.597294,-30.090055,9.835257,-6.1480913,-3.2838564
FADS111,i,9,ADS,49.5432927992422,56.707200757799114,-440.7947,67.54729,16.057632,84.09684,29.569176,-24.82729,-12.202623,-6.9530716,-34.55317,-32.210793,0.07790923,-13.509036,-18.90822
FADS111,i,9,ADS,54.73,100.00000000000142,-423.3794,72.906494,43.954384,112.8318,7.702153,6.364515,15.767721,-19.09578,-12.968945,-28.808481,-3.8858585,-4.4354305,-18.07382
FADS111,i,9,ADS,56.14,76.21001642351644,-489.82336,73.3073,55.78743,120.07185,13.395264,5.172393,28.616114,-29.70618,-6.881951,-39.136158,13.832529,-14.802916,-4.245884
FADS111,a,9,ADS,57.29,70.00000000000028,-414.64764,226.44484,-11.578511,-3.3039865,-55.915173,-1.4908509,6.659137,-5.093693,-6.491522,-15.084747,18.483551,8.83766,-0.96017563
FADS111,u,9,ADS,60.42,49.99999999999716,-411.40872,211.32129,-2.6277266,16.656712,-21.875538,-4.124155,12.028376,-11.285321,13.851055,-21.721148,16.564508,-1.7137569,-10.488438
FADS111,i,9,ADS,60.65,39.99999999999915,-321.89355,118.61638,-44.446938,80.19441,12.880144,-25.33461,-48.736336,-43.214867,-3.9367073,-46.770584,-11.079786,1.3187828,-11.672164
FADS111,u,9,ADS,63.69,120.00000000000455,-476.79782,185.8874,30.566998,9.6766205,6.2813306,2.4394727,5.6661377,6.582033,-14.52155,-37.426662,-17.244677,-4.179764,-9.305275
FADS111,u,9,ADS,73.04,89.9999999999892,-464.66095,200.2121,35.593575,54.29759,-19.614777,-17.269852,3.9628623,-15.963312,-12.718725,-14.634857,10.148111,2.9617467,-31.094498
FADS111,a,9,ADS,79.44,170.0000000000017,-319.61636,210.36813,-92.16583,19.380417,-65.94546,-8.784611,25.495417,-6.0059533,1.0630109,-2.8938842,13.486614,7.417757,-4.7208
FADS111,u,9,ADS,80.65,69.99999999999318,-551.66205,229.54999,59.620094,20.76935,0.3850879,-15.836782,-18.42285,-15.688736,-11.069881,-14.298241,17.885246,1.0226525,-17.902504
FADS111,a,9,ADS,82.63,100.00000000000853,-318.73413,210.78134,-76.830505,1.9062871,-41.161716,1.4329256,-12.562899,6.1040244,-9.518339,-7.0210657,17.261475,14.262934,5.129202
FADS112,i,15,ADS,7.035380135833175,124.61986416682524,-471.14453,80.17995,40.060844,105.830795,6.2687125,3.6415234,-22.345552,-4.5715714,-18.656792,-19.09821,-7.672043,-12.109107,-15.754662
FADS112,u,15,ADS,8.41,185.58056686637414,-523.0482,195.35345,48.409214,25.409983,-29.511965,-25.73702,-39.33255,-22.35212,6.7853355,-19.51611,6.65044,-15.665573,-33.321228
FADS112,u,15,ADS,9.12,110.00000000000121,-548.5039,208.41992,44.169846,24.040972,-17.413004,-1.0325319,-21.633278,-6.1320114,-4.0807643,-39.51887,20.27942,8.5452385,-12.905813
FADS112,u,15,ADS,9.435349921486845,166.470788184796,-527.6427,215.94208,39.338833,5.10048,-18.25679,-27.378023,-46.505234,-23.857693,8.086479,-39.821667,0.42666316,-0.34701502,-29.692049
FADS112,i,15,ADS,10.16,80.00000000000007,-442.60275,96.32573,31.930439,102.02936,4.193129,-1.1896641,-14.453312,-28.176798,-9.361675,-19.810509,-24.61245,0.44246483,-8.488708
FADS112,u,15,ADS,16.59214087411602,130.90010694872944,-540.46796,195.61868,67.651184,48.423973,-18.447872,-1.7877644,-32.27795,-17.951077,5.9661636,-4.950162,10.161074,-9.81765,-22.521244
FADS112,u,15,ADS,19.50707970535685,132.92029464314936,-562.00916,212.15787,64.66425,33.01208,-8.996351,-5.521788,-16.867592,-28.747028,5.6797075,-26.773003,-0.0029871464,-6.27889,-37.585396
FADS112,u,15,ADS,26.3,99.99999999999787,-547.456,182.6379,87.09572,30.948032,-5.446431,-13.083706,-9.781762,-20.007656,-0.9587023,-27.445131,21.660234,-15.075638,-20.69267
FADS112,u,15,ADS,27.15,168.19198198422214,-611.7458,191.17365,95.224335,48.29766,-3.4361618,-8.839494,-26.225773,-19.81378,7.7345123,-19.803051,19.560265,-3.4952483,-30.422981
FADS112,a,15,ADS,30.6,83.59214439265017,-369.68533,161.80066,-12.882626,-27.811405,-30.098225,17.241884,-2.9180582,8.142178,1.7776737,-1.5781044,7.3296127,12.302311,-23.560013
FADS112,a,15,ADS,32.98,158.0815897084733,-340.01913,152.846,-17.120838,-21.61295,-20.210972,19.58458,-15.407883,8.942124,-12.544064,5.8991866,0.2649709,27.22845,-32.17933
FADS112,i,15,ADS,39.55267509701157,85.36963496655403,-440.40555,63.66194,49.29351,118.92911,-9.588014,12.64735,-5.4675946,-37.018936,-10.687067,-33.953712,-4.1347003,0.21624172,-23.177542
FADS112,i,15,ADS,41.25854092370559,111.45907629440899,-513.6348,39.706257,98.728775,108.559555,1.153903,17.893515,-11.233124,-16.120277,-12.03596,-12.936859,13.918426,2.7146895,-21.287746
FADS112,a,15,ADS,45.30415594071673,140.8598976948241,-342.0904,178.7295,-31.812267,-31.421005,4.9327664,10.934126,-21.878319,-16.226408,2.3926108,-10.866299,18.837606,28.741404,-22.637257
FADS112,a,15,ADS,47.19,143.85147337787174,-382.95834,159.47473,4.178122,-29.488552,-26.146326,12.842522,-3.623575,2.0652049,-18.109411,5.6264067,2.7474465,14.604302,-25.881388
FADS112,a,15,ADS,49.46,110.1395973227497,-320.60388,159.97177,-13.08905,-29.562859,-9.786564,19.96413,-10.471385,9.565339,-17.798122,8.001006,1.1851764,7.898447,-28.100193
FADS112,i,15,ADS,51.25471954329804,75.28045670196093,-420.49152,58.97106,34.09424,123.220535,-3.816362,3.832159,-7.254962,-44.822563,-22.843908,-31.889383,-10.411514,8.649057,-27.443968
FADS112,i,15,ADS,55.66,90.00000000000341,-448.65524,105.7693,20.81519,88.35822,40.457657,-11.283104,-20.307285,-25.400566,-20.925026,-37.748093,-8.355572,3.0482984,-13.118147
FADS112,i,15,ADS,55.99332659614558,56.673403854418325,-412.31604,108.32829,-2.8845656,95.885864,11.564268,-3.3460426,-14.045069,-25.981548,5.705261,-35.801674,0.6462741,-5.7062855,-10.464151
FADS112,a,15,ADS,56.26793225528802,115.24900720486642,-342.17514,163.88348,-20.644962,-13.184404,-15.409553,23.037018,-24.5112,-15.312742,-2.126452,-6.388744,21.077526,21.893923,-23.420849
FADS112,i,15,ADS,63.25142092359982,108.57907640018283,-441.4683,66.05359,63.37613,97.69397,10.335465,9.8665285,-25.405869,-20.531876,-13.799835,-33.975353,-9.572501,9.45655,-24.23886
FADS112,i,15,ADS,64.57,112.59629911704394,-460.9428,80.28081,44.660896,114.14412,11.57982,7.3599176,-26.365623,-18.527962,-17.339096,-40.270477,-8.163728,-3.4873528,-23.980434
FADS112,a,15,ADS,66.01,94.8390149773104,-348.991,148.6384,36.92289,-36.021065,-23.270016,16.969635,-19.851519,4.504277,-22.907467,3.5071218,19.64012,15.502286,-9.651867
FADS112,a,15,ADS,66.88,79.9999999999983,-360.1184,143.27019,20.191597,-19.45929,-30.741993,16.731129,-18.884193,-4.447347,-25.260296,10.719835,3.4676805,23.835062,2.8134596
FADS112,i,15,ADS,68.492681691661,47.31830833900119,-396.17917,141.03973,-2.083515,8.05583,16.85,16.16511,-40.66507,-31.702122,-7.081526,-5.627342,8.214347,10.744324,-16.233765
FADS112,u,15,ADS,71.64665550080836,99.59790746098918,-625.07324,181.8464,84.771774,23.214176,-9.771565,-20.257534,-14.749638,-9.387994,-5.3398542,-17.366413,1.6054064,-5.566294,-17.460987
FADS112,u,15,ADS,80.66,120.61043391545923,-524.42773,203.69409,46.508675,21.240091,3.603458,-5.422803,-9.805246,-24.718998,-22.623665,-14.054742,20.420586,1.9245857,-18.37259
FADS112,a,15,ADS,89.67259994258309,147.97403394204878,-311.93634,124.33553,11.327379,-19.088322,-18.052647,19.447227,-13.744693,-10.542862,-12.115911,6.599466,26.691185,10.901297,-22.039154
FADS112,u,15,ADS,91.7851020958266,116.6718344542943,-631.28973,185.40227,82.59152,27.957424,-5.1971993,-14.876823,-22.686039,-9.190485,-5.1418524,-15.890764,13.358891,8.278535,-22.114395
FADS112,a,15,ADS,93.57,127.50398578144484,-296.00485,129.0247,1.427005,-30.564629,-26.798637,13.206206,-13.50997,-16.995457,-21.496925,0.44338107,11.966722,17.134583,-25.45009
FADS116,i,12,ADS,7.07,109.99999999999943,-448.26187,33.953533,35.00277,118.22966,-15.239707,-14.362797,-16.49591,-38.929695,-20.167942,-23.819965,7.6726484,-0.7072358,-11.624226
FADS116,u,12,ADS,8.94,190.00000000000128,-655.1322,195.29517,86.959,36.395798,5.027732,-3.15546,-16.116909,-20.091572,-6.7608523,-0.31430608,14.218214,-3.892695,-23.378918
FADS116,u,12,ADS,10.24832423318943,151.6757668105697,-533.224,175.85971,61.52926,29.593529,-42.98652,-20.818642,-12.299505,-53.453796,5.1880894,-21.7943,1.7050402,-9.530458,-29.591463
FADS116,u,12,ADS,10.72480605597092,225.19394402907977,-575.42755,211.6013,69.311874,44.819817,-36.376633,-8.176045,0.5459715,-40.99829,3.90987,-5.642363,-13.651581,0.09724289,-26.305197
FADS116,i,12,ADS,11.67,99.99999999999964,-349.73227,71.09314,-18.690308,119.509514,-13.775064,-37.02453,-18.234844,-50.31279,-11.800159,-35.54521,-2.6716466,0.24319863,-23.499851
FADS116,u,12,ADS,24.22241904465436,104.81791528860995,-511.36554,168.87608,47.59768,29.737463,-31.126038,-9.529779,-8.104687,-39.499313,-17.82001,-25.915337,-10.404467,-10.946098,-30.053501
FADS116,u,12,ADS,33.84,154.70270113079465,-592.4484,208.19095,77.36948,51.351635,-5.3932056,12.847948,-18.454071,-42.830215,-7.87698,-0.6225375,10.643235,10.642578,-18.240263
FADS116,u,12,ADS,35.23,130.00000000000256,-633.32245,178.73901,98.6346,50.024395,7.834326,-3.1644762,-7.563245,-8.093866,9.231948,13.832608,15.459703,9.133221,-9.590843
FADS116,a,12,ADS,40.32,149.99999999999858,-421.47253,221.16434,-34.152046,-4.2718925,-0.24241304,-41.73378,-8.798304,22.243595,-13.52949,0.6010039,-8.051297,13.353623,-1.6405067
FADS116,a,12,ADS,43.31114597156078,158.85402843922236,-290.14365,163.75401,-37.5252,-16.959156,-39.833153,-38.89711,-13.87191,4.496516,-26.33749,4.5091295,-27.998123,24.500889,-25.452835
FADS116,i,12,ADS,53.78734655003001,126.57257695228452,-437.3294,54.074356,38.14178,120.37502,-9.193661,-4.14297,-9.107049,-47.51467,9.448696,-36.880512,-8.758263,15.07452,-35.333923
FADS116,i,12,ADS,56.25230480528176,107.6951947182394,-477.0338,61.00679,40.538467,112.193756,-5.1994247,-4.9159546,-20.282629,-30.795471,-8.950823,-22.386576,-16.946241,17.257374,-22.671108
FADS116,a,12,ADS,62.32,121.5952416856183,-424.2139,216.65848,-55.755405,11.038111,-16.343037,-23.829174,0.34790426,-10.437321,-11.503158,-0.99842775,-12.414364,41.68976,-9.397133
FADS116,a,12,ADS,64.25,150.00000000000568,-385.2973,213.94487,-39.017082,-7.127367,-10.58536,-41.11824,10.756175,8.951422,-25.527294,4.929558,-8.291552,18.970627,-21.156393
FADS116,a,12,ADS,65.64376786380814,126.23213619185947,-319.2986,197.5718,-78.51544,3.534407,-24.739712,-33.517483,0.092466354,-6.348029,-38.346485,1.0192088,-5.818453,19.519028,-6.492037
FADS116,i,12,ADS,69.19810314504818,91.89685495182687,-395.9381,108.93767,-21.229443,124.27396,12.904119,-21.746674,-15.338524,-40.685577,4.371399,-26.511026,-17.386225,28.170998,-24.363503
FADS116,i,12,ADS,75.09,69.99999999999318,-400.72592,39.36125,31.910198,111.76453,2.6100523,-6.461623,-20.470257,-35.576275,-18.443422,-35.772022,-14.210359,8.63181,-15.449157
FADS116,i,12,ADS,75.34,90.00000000000341,-422.64554,91.38817,6.335772,114.23984,15.263925,-16.965412,-14.208242,-36.960888,-9.197414,-20.503525,-18.382254,16.831411,-29.030838
FADS116,a,12,ADS,75.72420110163004,115.7988983699596,-356.18155,198.33331,-47.298183,-10.688433,-34.396515,-44.833267,12.309195,5.0522842,-20.34909,15.854229,-21.158955,24.838316,-3.0546339
FADS116,i,12,ADS,84.2624974910256,158.215721190345,-446.57242,25.456478,64.91148,102.23097,-11.993633,10.595406,-16.053843,-20.276619,-3.3759503,-24.320965,-0.24748564,-12.246786,-25.628757
FADS116,i,12,ADS,86.6,80.0000000000125,-436.07443,58.189037,37.68084,120.53023,33.398388,-2.968324,-10.645815,-21.3614,-33.207832,-11.520604,-1.5705483,3.018352,-7.8839855
FADS116,a,12,ADS,88.71,80.0000000000125,-320.49118,217.40262,-71.10959,6.0487843,-16.672203,-27.408869,13.342994,-17.173817,0.33380538,-0.15130138,-6.058382,48.145447,-10.997194
FADS116,a,12,ADS,90.03,79.9999999999983,-330.70087,215.98946,-52.556778,-9.610076,-6.3687487,-19.491585,-11.523295,2.3558106,-25.143444,13.546816,-12.023603,41.537537,-18.22696
FADS116,i,12,ADS,92.71461274192175,71.19707453564672,-317.36044,120.41568,-53.362873,53.92517,2.5363252,-27.395594,-29.321451,-46.227226,-2.4494102,-8.2936325,-22.108452,0.6316103,-23.980509
FADS116,u,12,ADS,97.10982975912634,114.70639786300296,-528.93414,196.36365,55.17543,49.184433,-37.855656,-11.500609,2.8567138,-27.250225,-5.230008,-15.7961235,-12.106297,3.7309287,-26.921417
FADS116,u,12,ADS,107.87,98.49487835089121,-536.85596,214.74908,60.79581,62.351437,-5.5509176,-3.4142501,-5.0602746,-18.958565,8.404221,-4.009019,14.152078,12.448791,-13.7809925
FADS116,a,12,ADS,116.7,140.00000000000057,-384.9058,225.91663,-61.792915,6.6320057,-26.461432,-29.225266,2.7386072,10.707886,-15.026662,16.60294,-8.184402,33.29579,-2.6193857
FADS116,u,12,ADS,119.01,127.28727543529317,-497.698,221.55553,51.05542,63.069473,-56.370506,-43.370697,12.439356,-16.966164,9.803963,-12.993319,-1.4876978,-7.188113,-28.452063
FADS116,a,12,ADS,120.97,150.00000000000568,-376.55368,230.13531,-56.580364,16.987123,-24.844454,-38.352554,-3.8897026,15.922585,-18.16777,3.6195512,-21.009205,23.403324,12.562469
FADS116,i,15,ADS,6.533576631194948,104.57601518378645,-392.9906,68.95524,-15.945925,135.82416,-8.503122,-57.086563,-22.561962,-25.861408,0.6580026,-44.40247,-5.225959,-7.5627832,-25.152658
FADS116,u,15,ADS,8.38,191.39272113340766,-599.6869,195.68907,66.2999,59.11116,-31.499676,-31.210506,-9.107097,-17.686684,-0.528013,-1.2870328,3.527807,-12.330129,-29.81097
FADS116,u,15,ADS,9.64,258.3310354734891,-522.5598,162.13165,35.667484,42.036957,-44.609756,-27.668934,-6.9461365,-33.465103,12.535179,-22.769913,-3.689935,2.7123163,-35.489822
FADS116,u,15,ADS,10.26,236.39209868241016,-544.1399,202.12631,36.46163,50.18389,-37.543114,-19.143028,7.477995,-19.07307,-1.566256,-21.450434,5.4973536,-9.047424,-41.30317
FADS116,i,15,ADS,11.39,109.99999999999943,-427.79614,37.083862,3.484017,106.36684,-19.484238,-32.553497,-20.653011,-25.685278,-19.210154,-46.62097,6.462394,-21.020002,-22.15953
FADS116,u,15,ADS,18.28184685817968,131.50882452582024,-495.19498,161.11209,73.78811,52.301086,-18.062695,-35.211914,-10.125944,-10.105177,-10.658027,-4.488929,8.646372,14.101783,-13.128203
FADS116,u,15,ADS,22.0421420814455,117.85791855449901,-585.7782,174.13864,72.63963,51.39293,-26.567081,-8.785591,-22.29351,-32.83626,13.20273,4.6155367,4.196373,-23.24174,-30.494287
FADS116,u,15,ADS,30.16,149.99999999999858,-535.19324,210.05598,63.277534,53.8466,-32.214684,-16.459404,-14.487199,-19.78794,8.258604,-11.136967,26.90792,-6.2970467,-26.117271
FADS116,u,15,ADS,31.27,160.00000000000014,-558.144,204.71344,64.076614,57.44171,-24.558338,-30.389301,-0.6940314,-26.038166,13.278938,-3.6371944,17.966839,-0.6573316,-20.138844
FADS116,a,15,ADS,35.65,133.90479414527334,-426.10953,229.07028,-15.095272,0.7062255,-31.587479,-35.23477,-0.3174206,16.160109,-18.186161,0.3379848,0.55392766,23.47319,-4.930722
FADS116,a,15,ADS,38.65,170.0000000000017,-297.1375,136.76816,-33.251335,-10.951413,-58.88302,-43.944958,4.923167,6.9420366,-23.02953,-11.372515,-20.876835,19.822556,-24.57787
FADS116,i,15,ADS,46.94287937982638,107.12062017361745,-450.93335,40.119183,53.995705,116.28075,-12.539539,-3.079224,-38.390526,-31.405561,-5.8798037,-47.937473,10.312403,5.6620874,-26.42072
FADS116,i,15,ADS,50.23,110.00000000000654,-456.85013,48.18753,29.155895,123.57095,25.362087,-15.318333,-1.0304832,-23.975042,-1.8449961,-35.38179,-23.147614,10.285687,-21.17207
FADS116,a,15,ADS,54.28958213247641,130.4178675235903,-410.37436,203.82048,-42.76773,6.832123,-32.974304,-39.926388,1.1831226,13.272605,-15.394932,-12.980647,-15.529606,28.148441,-0.9860137
FADS116,a,15,ADS,56.23,179.99999999999972,-335.7381,163.31883,-56.820232,-1.769175,-30.889511,-48.22502,12.845339,3.1260295,-34.66593,-6.7350526,-13.710126,9.339493,-2.245081
FADS116,a,15,ADS,57.40179129162184,138.20870837815846,-334.99515,170.45706,-62.11159,-0.6615256,-26.447622,-49.9695,12.364574,3.3095555,-34.927296,-8.848251,-7.760396,10.047925,-3.2678478
FADS116,i,15,ADS,60.0495188808797,90.4811191202981,-376.96524,54.7044,9.032815,118.481766,2.758672,-31.339708,-13.737804,-23.766136,2.8608785,-48.372643,-16.265781,5.941635,-16.489035
FADS116,i,15,ADS,64.79,69.99999999999318,-369.34796,45.588326,1.3646954,135.11475,-0.46192765,-31.988937,-29.093994,-27.035378,-25.56928,-41.942383,12.990795,12.029726,-14.711656
FADS116,i,15,ADS,65.09161024373078,78.38975626921751,-371.131,74.09383,4.2112885,98.709,8.43129,-54.485184,-28.91373,-28.0732,-0.9087882,-36.978374,-10.64676,10.6308365,-23.368893
FADS116,a,15,ADS,65.45227140200221,137.7285979977927,-355.4378,165.15627,-32.634953,-4.439596,-41.925304,-59.9988,-8.915914,-9.356322,-17.563038,-14.442422,-7.47776,29.515102,-8.6894655
FADS116,i,15,ADS,71.94808087446475,158.44850785423148,-504.66818,46.902836,60.38112,130.38268,-9.22421,10.249613,-47.532516,-20.066967,-7.1042805,-25.894337,21.122984,-16.071747,-22.044441
FADS116,i,15,ADS,73.69,129.99999999999545,-416.75818,69.96071,17.744984,106.98653,17.709743,-22.146736,-16.154161,-21.937775,-12.718597,-33.16203,-13.53727,-17.262764,-11.434622
FADS116,a,15,ADS,75.26872156439997,96.12542809821889,-286.0938,155.44174,-61.76927,-8.053954,-34.54203,-46.525978,-14.0670185,-10.591898,-30.721518,-19.08083,-11.225253,34.91204,-10.037156
FADS116,a,15,ADS,76.28,89.54370723736815,-293.73727,145.10846,-52.874283,2.5876992,-24.626698,-35.0616,-3.4862702,-17.165985,-30.860592,-1.1795614,8.107803,46.31936,-20.058317
FADS116,i,15,ADS,79.1772168964829,42.783103517095356,-380.61197,168.20113,-44.47783,39.82556,-0.44814336,-22.03067,-30.056509,-61.724743,-14.348891,-33.254456,-0.501166,6.752982,-8.648068
FADS116,u,15,ADS,83.34821202690414,113.02660226934336,-556.45624,188.7851,58.53575,50.001514,-22.074652,-25.193398,10.569675,-15.187403,-10.001558,-3.4763255,2.1918797,-10.130782,-24.065882
FADS116,u,15,ADS,92.95578301577817,127.81512966907371,-542.3946,212.20139,56.167374,48.59293,6.48123,-6.120532,-11.044229,1.6066713,5.7641068,6.170884,22.144367,-11.500594,-15.589235
FADS116,a,15,ADS,101.02,150.00000000000568,-428.31552,221.60666,-35.522263,-8.279959,-6.579692,-34.0355,-11.195433,20.922928,-30.816273,1.7860457,-2.503354,36.162216,2.3316598
FADS116,u,15,ADS,103.3114061146435,133.09674659760162,-534.64417,218.26599,47.22019,37.94587,-36.34758,-26.116688,-6.0168715,-31.797419,1.2845742,7.1741433,1.8786988,-9.186508,-14.676664
FADS116,a,15,ADS,105.98,161.62578177079467,-384.48016,206.77258,-40.02325,-1.2620277,-15.969177,-41.07136,-18.494568,25.922516,-33.305798,3.5544448,-15.615288,24.410585,5.4525433
FADS117,i,9,ADS,6.29,110.00000000000031,-425.87732,39.910065,56.296593,78.30519,7.4890537,-8.804392,-24.505018,-15.883554,-35.12423,-33.159325,-8.171537,7.957321,-17.56348
FADS117,u,9,ADS,8.01,169.99999999999994,-596.204,169.9914,79.34372,12.236676,18.220474,1.5644531,2.7556987,-3.961956,8.687465,-29.735569,0.2849538,-21.6165,-6.1518974
FADS117,u,9,ADS,9.49,109.99999999999943,-552.6569,158.49866,56.119446,12.016495,-25.999283,0.047158957,-12.1150675,-32.22415,10.659962,-31.668705,10.606323,-5.825987,-45.510967
FADS117,u,9,ADS,9.774553815274558,185.44618472544272,-629.82947,147.51688,66.040504,32.042152,-12.783444,-1.7239834,-11.715949,-25.04002,5.5048103,-34.041245,-18.970829,-3.8698092,-28.619938
FADS117,i,9,ADS,10.39,109.99999999999943,-425.89917,52.406925,63.639748,58.551037,-7.1058207,-6.434627,-18.337646,-14.763252,-13.760508,-9.281915,-21.320187,-1.4273922,-26.733692
FADS117,u,9,ADS,18.16,79.1102497269911,-567.8612,172.53282,97.70059,15.977943,27.127644,-0.6890522,3.8777478,-7.571164,10.607159,-40.35166,3.8892074,-16.277964,-20.33471
FADS117,u,9,ADS,21.99,92.04333279436128,-519.99194,153.33467,59.648987,19.728884,-11.999697,12.958348,-7.2393675,-22.437984,-11.597252,-25.091387,-32.111748,-7.6088233,-39.59811
FADS117,u,9,ADS,29.92,139.99999999999702,-559.43964,181.4078,65.59985,31.409008,26.089727,10.988156,-7.7709713,-16.410225,11.341282,-20.83556,-5.478575,-34.69323,-3.995957
FADS117,u,9,ADS,31.02,170.0000000000017,-587.7321,157.3509,55.742123,24.415768,37.101463,10.07157,7.8827167,-7.222344,24.591661,-2.8736792,13.0745735,-16.503803,-5.519309
FADS117,a,9,ADS,35.28,111.2483482656259,-412.17972,159.85468,32.62834,-1.4345855,-52.619682,34.682434,12.978061,-5.933818,4.014452,-1.1083682,-6.6019106,13.395649,9.416548
FADS117,a,9,ADS,38.4,109.99999999999943,-352.0834,141.74799,27.709736,-19.486744,-70.452225,24.576862,23.105984,-13.084011,0.558291,-13.121222,-5.620921,-5.7092676,4.111964
FADS117,i,9,ADS,46.8,90.00000000000341,-472.3589,46.700512,104.075485,79.54837,-4.3528967,23.166222,-20.54654,-2.9634812,10.465963,-34.10586,-16.089539,-14.719805,-36.560295
FADS117,i,9,ADS,48.81,84.23731723098626,-486.8926,54.27006,104.05493,72.604294,21.408737,25.542755,-24.078758,5.278119,3.2201908,-22.837059,-11.782123,-6.5520444,-10.586269
FADS117,a,9,ADS,52.85943105121748,120.56894878251967,-411.32263,150.01974,33.321033,1.9314411,-45.31893,-10.228554,11.718541,-3.2465258,1.1141111,-11.120516,-5.7659044,2.034995,7.0085106
FADS117,a,9,ADS,54.08165064370516,128.3493562948408,-359.19608,122.76012,7.685833,2.1524816,-69.43617,6.31956,38.678192,-29.189394,-15.656547,12.481384,-13.339802,-8.273446,9.95706
FADS117,a,9,ADS,55.72201962287318,147.98037712682088,-362.47223,119.2715,35.305893,-26.516167,-78.61436,19.593164,14.857754,-45.40709,-4.0193367,10.321463,-26.335548,-18.106667,4.6085134
FADS117,i,9,ADS,58.0215553395237,88.44466047629851,-520.0574,41.560493,122.81837,72.21573,24.656563,16.576939,-24.370499,8.2844715,-3.8832545,-32.213272,-5.9336176,-13.375633,-37.165443
FADS117,i,9,ADS,64.36,40.00000000000625,-455.37103,73.11147,80.09006,77.28557,28.415443,-9.497414,-25.483902,-4.337782,-22.89078,-17.446774,0.8109928,-17.436687,-18.652359
FADS117,i,9,ADS,64.66,54.46943057133069,-444.8074,52.29342,59.809772,62.157303,12.186961,1.6166055,-19.460167,1.4510314,-21.78309,-36.406185,-13.215845,-23.300234,-22.505394
FADS117,a,9,ADS,64.96,100.00000000000853,-359.8467,146.0167,17.729317,-31.527672,-58.71827,28.195152,-7.850616,-9.977236,2.9915943,-9.316032,-23.947681,22.650036,8.707355
FADS117,i,9,ADS,71.89,146.03254688350376,-502.9471,66.57525,115.74829,80.27591,-11.254786,29.416239,-15.18429,-9.21486,-8.5453005,-21.834568,13.256613,0.2017762,-28.782276
FADS117,i,9,ADS,73.87,99.99999999999432,-465.66553,45.495598,97.180756,75.6611,-12.5145645,12.273466,-16.589315,-6.9723134,-11.348503,-36.52263,-3.7620018,13.0469055,-30.140148
FADS117,a,9,ADS,75.49,100.00000000000853,-362.24765,118.83569,45.618607,-11.006517,-80.295425,5.2077904,28.527327,-17.066252,-27.647682,4.5466046,-8.314529,11.906937,6.7920465
FADS117,a,9,ADS,76.38,79.9999999999983,-371.35724,128.27971,35.89132,14.900425,-59.605972,2.547917,18.712696,-12.613166,-8.53881,-5.369031,-8.178356,9.807473,-4.26686
FADS117,i,9,ADS,79.56758662374463,42.41337625536801,-381.97403,124.41493,40.1969,53.440285,18.33966,15.604073,-36.340614,5.7703257,13.632924,-20.428345,-7.5677447,21.98015,-19.968569
FADS117,u,9,ADS,82.63514766089517,134.85233910482464,-560.42804,132.63486,79.96152,61.274895,7.563899,-0.8025632,5.608222,-11.415913,-2.700519,-14.023569,-17.806576,-15.273113,-9.412621
FADS117,u,9,ADS,92.77,84.05276687592789,-565.69135,177.45038,80.681946,28.654898,7.9462757,1.2355965,6.047239,-19.405031,12.572887,-39.403526,4.5233154,0.8829999,-24.992928
FADS117,a,9,ADS,101.2279550889611,155.11125307810403,-429.02063,124.193985,79.07245,5.3624725,-62.130463,-6.6837873,29.289387,9.772536,-20.889956,-4.6331244,4.7325525,22.582378,4.050128
FADS117,u,9,ADS,102.82,112.53568590259988,-506.6816,138.2069,70.76073,39.912346,-2.133892,-4.2342067,9.052733,0.3375008,0.022868037,-9.115368,-6.2992363,-19.038076,-21.214188
FADS117,a,9,ADS,104.72,120.00000000000455,-363.80017,125.10315,54.770844,-24.728708,-61.95251,18.364803,15.944743,-9.449871,-8.707068,-15.058645,-3.761218,-0.4932766,18.645178
FADS118,i,12,ADS,8.66,89.99999999999986,-465.09567,83.98421,76.529465,82.88869,64.61823,-0.22041571,-18.927448,3.0001676,-8.875011,-11.311018,-12.15073,-17.693314,-14.359319
FADS118,u,12,ADS,9.973854898261717,176.14510173828359,-458.0372,193.47574,44.510033,54.002518,-9.30485,-40.179626,8.248452,-5.659856,-14.243797,-7.827115,-8.30106,-23.14103,-19.288658
FADS118,u,12,ADS,11.47766078794173,152.33921205827096,-523.1101,208.6226,83.993576,38.049187,-13.454285,-29.814999,9.179365,-15.544293,-17.565811,-2.049405,-6.3448353,-12.084316,-4.6852736
FADS118,u,12,ADS,11.8516071466795,168.39285332049946,-591.6077,210.98538,89.33319,44.222904,8.787965,-15.010323,-0.03898722,-11.043916,-12.532345,-1.7966306,0.37231803,-3.8028295,2.0232549
FADS118,i,12,ADS,12.72,89.99999999999986,-433.427,106.030594,33.36358,92.20488,44.557564,5.7330265,-33.964348,8.552666,-17.634626,-12.937304,-16.500362,-2.4857302,-7.499152
FADS118,u,12,ADS,21.37,135.53221596031761,-479.59964,161.7224,76.041405,24.597912,-19.747467,-34.109543,-24.728369,-29.115639,-16.627281,-1.4949049,-6.138074,-15.789518,-41.04673
FADS118,u,12,ADS,26.21110429728527,110.69255791129962,-546.52423,191.05743,95.97822,40.05686,-5.0281343,-4.2523403,-15.842104,3.8400254,-18.805489,-16.011395,10.960754,-8.888445,-10.285938
FADS118,u,12,ADS,35.89890294666233,131.09705333766897,-514.1801,170.08092,93.33639,60.101654,-10.981366,-21.739367,-3.4907355,-6.5157356,-7.963195,21.929993,-5.855301,-26.70513,-9.608088
FADS118,u,12,ADS,36.86,200.00000000000284,-623.9509,188.17198,96.18953,58.075188,12.226942,-6.2148294,5.8466945,-8.575313,-7.0532665,13.234898,6.021097,-10.357346,-1.0543561
FADS118,a,12,ADS,44.74,157.2137550754391,-311.45908,198.6567,-7.1520205,13.675154,-42.951057,-5.4194717,-6.4476976,15.235241,-11.947332,-7.336625,-9.248061,0.64964396,-1.3158199
FADS118,i,12,ADS,53.05040420714285,122.69536539564996,-485.92038,97.48333,46.542885,117.69324,33.226864,19.172777,-28.992802,-6.5093355,-0.20821342,-16.097027,-12.072184,2.7338538,-10.087261
FADS118,i,12,ADS,55.36906059373437,100.93940626563125,-428.79507,76.885666,18.00449,94.34551,42.23014,10.146389,-24.95455,-4.5787973,-18.896214,-19.180672,-21.217731,-0.44775245,-9.716642
FADS118,a,12,ADS,59.85,119.74291330720632,-324.36093,182.32666,-31.21056,4.7354703,-14.11289,27.596846,-34.97676,3.2675147,-12.491414,-6.675582,6.566915,30.123758,-2.4982367
FADS118,a,12,ADS,61.41,150.00000000000568,-384.5657,149.6318,31.11979,-1.1727515,-49.449852,27.198248,-3.2520528,8.738647,-14.37377,-12.8190975,9.985451,5.0238256,9.569615
FADS118,a,12,ADS,63.12002262063324,99.97737936675577,-336.18033,145.56323,19.516117,16.019922,-24.253387,12.346386,1.2706788,-10.759683,-22.123175,-7.197522,5.8157187,-0.5227697,11.217634
FADS118,i,12,ADS,66.02696362331162,85.35329766654343,-400.36935,106.57851,5.224966,109.94023,32.01468,5.383148,-38.56063,-9.083726,-14.111497,-16.826288,-16.312555,4.783901,-7.44086
FADS118,i,12,ADS,71.52,49.99999999999716,-469.3179,107.8553,38.307793,89.18912,68.70998,-18.390257,-12.421772,-4.5044594,-10.07675,-17.511879,-5.955261,10.206684,-15.307697
FADS118,i,12,ADS,71.78728176838432,52.71823161568534,-382.79395,114.53937,13.444858,73.02733,53.930916,-3.6054997,-42.45397,-0.8373091,-15.254324,-20.528841,-20.947903,-11.739053,-5.0687904
FADS118,a,12,ADS,72.13,159.78375506853126,-309.11536,158.5613,-26.862389,4.3206444,-29.973957,12.306379,-7.681444,-6.3617682,-7.1549554,-33.669014,7.3639007,25.106209,5.900123
FADS118,i,12,ADS,79.27,233.29350247190916,-491.5355,60.012794,83.32323,97.874176,30.549204,26.05776,-13.219542,-7.7820024,0.070088565,-21.847975,-19.220572,-4.8124757,-17.737259
FADS118,i,12,ADS,81.57370593504771,126.29406495229034,-415.66925,68.88904,55.619198,106.50603,41.17459,15.35476,-22.598269,-9.853096,-9.0212,-17.63976,-6.8274307,1.3283932,-2.2095337
FADS118,a,12,ADS,83.42,88.21501574816182,-340.6437,162.15466,15.3862705,2.247141,-55.963783,16.361404,-14.419739,0.32891905,-27.665522,-14.533436,-6.4889374,0.43293822,15.193798
FADS118,a,12,ADS,84.64,102.87472548066035,-326.16174,160.21278,27.807419,11.252693,-47.32162,15.847939,-10.711103,8.612362,-13.640959,1.0888909,-6.4598775,-2.4810493,17.560566
FADS118,i,12,ADS,87.00399843253014,46.00156746985817,-333.43298,188.923,-54.866264,52.133316,27.203167,18.001373,-39.19986,-30.355064,-21.618813,-14.35851,-15.98197,-4.8622456,-4.174854
FADS118,u,12,ADS,90.58895015013448,92.0215240467428,-504.30298,189.77467,78.426605,12.70722,3.8346143,-6.118485,6.7406535,13.854854,-17.120533,-11.687683,-19.567574,-15.068085,-5.0680876
FADS118,u,12,ADS,102.0350882374939,134.91176250610692,-547.0413,211.6159,79.13751,60.479404,-4.3148856,-30.70325,6.2391706,-22.172691,-26.318897,-3.5818405,2.2518673,-19.715807,-0.4826222
FADS118,a,12,ADS,111.37,126.10972355248862,-369.68274,175.09845,52.966843,-25.222404,-27.523407,23.237743,-26.800146,4.2910585,-26.3,-9.609079,3.9947445,5.109971,1.8642917
FADS118,u,12,ADS,113.26,119.99999999999034,-539.4957,193.83694,94.988754,44.954594,-8.763607,-39.69597,13.315766,-5.9240007,-22.626005,9.619623,-11.625191,5.701005,-18.705273
FADS118,a,12,ADS,116.03,114.77115649259417,-289.25095,131.78842,3.098905,0.8877119,-45.20347,23.662888,-14.4194975,0.44823724,-25.317516,-9.24415,4.623846,5.21463,8.875681
FADS118,i,15,ADS,6.905846889666805,104.15311033319519,-460.28625,93.89136,38.520973,99.995026,37.006004,-22.574944,-11.991301,10.247534,-17.05745,3.6583247,-20.165987,-11.104791,-11.32592
FADS118,u,15,ADS,8.19,169.99999999999994,-488.45114,184.90262,62.38486,60.366425,-11.955841,-47.977913,3.596888,-0.42543292,-21.441904,-13.35571,6.1958814,-16.05264,-18.939198
FADS118,u,15,ADS,9.467782062476324,152.21793752367495,-593.62286,210.86078,60.47142,33.162373,-1.3921313,-25.994053,-13.138783,-24.642822,-12.545111,2.377276,-0.35571408,-8.8410425,-18.695808
FADS118,u,15,ADS,9.861177473323067,185.44301304261168,-635.94434,190.19731,71.22914,42.90194,0.32119578,-24.65116,-10.527775,-23.262022,-18.432209,-13.549683,4.480653,-10.494964,-11.432653
FADS118,i,15,ADS,10.46,109.99999999999943,-467.4144,77.86981,48.97766,113.62823,26.049536,-21.470333,-39.073334,18.07545,-15.122099,1.2527553,-5.539628,-22.648132,-17.730255
FADS118,u,15,ADS,20.95727707025392,82.72292974607964,-584.4282,181.7062,95.81355,52.668564,3.6614969,-30.040081,-17.81243,-8.906325,-15.701067,-1.5255382,21.256285,-6.8950872,-28.44341
FADS118,u,15,ADS,29.3,109.99999999999943,-524.53894,203.75159,68.61774,35.700066,-25.647114,-37.666687,-3.3528156,17.812931,-13.936501,8.659953,5.888604,-40.782593,-4.679307
FADS118,a,15,ADS,34.12,83.50355141696042,-440.30533,197.64471,-20.503492,23.714283,-16.157312,-14.621603,-0.9173882,-0.051029563,-13.4581585,-15.827135,5.470883,5.9689565,5.934537
FADS118,a,15,ADS,36.69,120.00000000000455,-454.97418,240.2367,29.311214,-9.948179,-40.632137,-31.46916,-4.8822594,22.590376,-1.6988816,-12.151417,-6.076638,-10.037076,9.671904
FADS118,i,15,ADS,42.81314024189724,73.91784435964155,-439.86658,139.15027,9.505856,98.539566,17.694483,-24.394762,-38.753098,13.302292,-11.045186,-6.8765564,-20.227142,-13.924038,2.735112
FADS118,i,15,ADS,44.90693778282066,93.06221717933738,-449.71982,85.491425,34.04696,103.05963,28.345596,-24.561253,-32.392445,15.347355,-10.494501,-16.43399,-17.779152,-22.774544,-0.5776093
FADS118,a,15,ADS,49.04854347815853,114.11877725699071,-505.42407,215.05582,-20.415144,9.988506,-7.740141,-14.375989,-17.156033,-12.008131,3.71307,2.0533218,4.249403,34.759407,-4.437337
FADS118,a,15,ADS,50.59,99.99999999999432,-507.22308,166.77205,52.717003,17.723438,-63.517525,-5.099466,0.9892852,16.69416,-5.82997,-8.8773,6.303739,-0.9480237,17.358376
FADS118,a,15,ADS,52.14765605132063,97.26032152585162,-402.85327,163.40115,31.466656,24.64428,-64.61831,-20.330645,5.2882257,-2.2327332,-2.0938811,-20.307083,-16.845785,1.9670583,-12.3680105
FADS118,i,15,ADS,54.6208417736461,76.51145293365857,-424.6817,142.9013,-3.1154742,104.087814,15.391951,-12.725827,-30.592999,0.54666287,-4.444393,-5.444569,-21.67902,-7.443428,13.952442
FADS118,i,15,ADS,59.14,39.99999999999915,-502.3763,168.64023,-8.363903,101.006805,24.301008,-42.15358,-12.806635,-0.08728504,-7.124509,-5.6739197,-41.654724,-15.591676,3.2928581
FADS118,i,15,ADS,59.41177703625433,88.22296374567173,-431.8194,116.26884,20.683884,93.58742,22.063099,-21.904873,-30.78431,13.293097,-15.67192,-20.142365,-25.249903,-13.404343,-12.195513
FADS118,a,15,ADS,59.7,139.22426158949008,-325.9709,157.47095,2.5016341,-3.3579707,-30.91329,-33.962383,8.387884,7.9880395,-15.001718,-21.571068,11.037712,6.4598384,13.366718
FADS118,i,15,ADS,64.47495519809623,135.04480190377421,-480.32486,68.667496,71.033226,79.09654,23.967705,-13.712761,-22.489058,9.783676,-9.881578,-22.700638,-14.719526,-16.312693,-12.859453
FADS118,i,15,ADS,66.16,120.00000000000455,-467.76135,87.69202,65.944664,81.235504,11.378572,7.1379843,-3.2518647,6.910284,1.3420182,-23.673994,-30.02238,-21.71529,5.0070057
FADS118,a,15,ADS,67.99,99.13092914298716,-480.28415,170.81363,61.726055,24.05019,-77.35325,-21.553154,-3.3312628,17.6857,-20.59348,14.531368,-13.653404,-11.290848,14.732059
FADS118,a,15,ADS,69.02,100.00000000000853,-441.87823,196.54079,47.934265,4.7317853,-66.29936,-9.108579,-3.61772,8.7099,-3.5542126,-6.6342654,-4.0548267,-7.10476,11.83453
FADS118,u,15,ADS,71.11,70.00000000000739,-431.5202,162.08937,53.787544,32.951164,-40.657406,-1.9274752,-0.111621395,18.26136,-16.20093,-12.550407,-25.315264,-18.565807,14.70194
FADS118,i,15,ADS,71.32,45.570786599526514,-392.06482,169.15672,-25.653885,46.162556,2.796215,-9.909155,-33.398167,-26.186468,-21.272793,-14.05884,-9.789049,-8.1187,-25.364056
FADS118,u,15,ADS,73.98,79.9999999999983,-502.4666,173.17113,38.830986,38.94718,-21.846802,-20.68143,13.394239,13.168207,-15.794125,-20.386745,-11.734011,-15.371124,5.2236004
FADS118,u,15,ADS,82.44,130.73075249548083,-583.4261,190.61517,92.071205,62.29919,-14.914629,-35.34366,4.289322,-14.981552,-20.85292,7.0072994,11.894604,-27.854591,-10.11845
FADS118,a,15,ADS,90.22,109.23459631044352,-399.33347,151.13823,36.509384,16.370617,-65.83508,-8.535126,-14.304398,16.256302,-23.62962,-2.2271476,9.448765,-2.0629938,8.825306
FADS118,u,15,ADS,91.79,132.25958827757722,-616.72003,204.72626,89.37195,45.024055,-10.895313,-45.62181,-14.078133,10.822695,-9.591885,2.965808,-1.18926,-11.7891445,-17.745089
FADS118,a,15,ADS,93.90946155995366,120.60279869204749,-423.7942,173.06999,16.495415,21.18877,-56.054882,-11.2662525,-2.5168812,11.8768425,-14.852826,-6.5197377,0.4680628,-1.0983559,13.617729
FADS120,i,12,ADS,7.25,99.99999999999964,-379.07776,66.62852,9.025972,136.6326,2.0012481,-10.740519,53.918526,-43.43444,9.106851,-31.066898,-7.813987,-2.9346795,-26.98648
FADS120,u,12,ADS,8.61,212.97282918495597,-491.63257,183.91948,66.54149,48.806686,-17.681492,-31.861134,14.917561,-34.455902,27.034832,-34.861374,17.385563,-16.688347,-27.042152
FADS120,u,12,ADS,9.47,139.9999999999988,-512.9915,194.13937,71.4209,46.01934,-24.421185,-38.353844,11.050669,-34.720314,12.233592,-20.08088,-0.48084098,1.1198841,-32.889484
FADS120,u,12,ADS,9.8,169.99999999999994,-500.7408,187.4251,32.733734,44.75294,-33.16409,-30.099274,23.426926,-39.77713,13.552669,-17.211401,-4.947174,-8.328747,-28.788086
FADS120,i,12,ADS,10.35255295993097,97.44704006902971,-382.98343,74.00306,-11.004824,120.491455,28.280468,-36.575794,59.699814,-48.319046,6.218992,-37.0126,-18.721159,5.5649996,-29.02433
FADS120,u,12,ADS,16.51230149301514,150.25815126464082,-545.5709,180.471,97.594025,55.65985,-8.843193,-14.872326,-13.7413845,-21.812435,14.271079,-20.055616,17.605019,-9.9038315,-22.790209
FADS120,u,12,ADS,20.02413872437287,80.33604127020766,-428.76035,157.05164,62.165543,39.94102,-26.553452,-38.224537,29.998985,-11.75161,4.2988844,-5.3159084,-18.86774,-1.7247806,-21.994736
FADS120,u,12,ADS,26.57,141.70734621901815,-468.63895,146.77069,97.540695,44.531704,-21.148802,-36.617744,32.223053,-29.022577,-7.29739,-20.613457,-3.0871282,-23.545633,-25.155043
FADS120,u,12,ADS,27.46381994842296,202.32780764348135,-424.27515,174.02487,48.245087,40.940308,-22.503502,-22.074793,34.7407,-35.413464,23.956879,-35.001396,22.598976,-19.545467,-36.800858
FADS120,a,12,ADS,31.25,112.8392892010801,-280.05136,160.18753,-60.520706,28.314285,-54.901115,-6.0239854,37.21791,-31.75837,9.838489,-17.978775,26.897919,1.1904862,10.067541
FADS120,a,12,ADS,33.51,140.93351548149968,-286.9244,187.12033,-50.16915,23.747948,-65.17064,-7.4691334,27.28354,-8.683524,6.4312983,-19.535995,18.56622,-14.096521,16.71181
FADS120,i,12,ADS,40.28882153633397,91.17846366603288,-383.777,62.828255,-4.8075852,131.66754,0.84634674,-11.719105,38.00567,-43.43641,-7.651845,-35.287308,-23.189415,-13.189861,-27.357946
FADS120,i,12,ADS,42.33,100.00000000000142,-372.99078,45.02716,4.365466,128.16745,9.988304,-2.3758707,39.279633,-45.279022,7.373266,-42.32846,-11.56607,-14.488888,-15.516317
FADS120,a,12,ADS,46.4152900814269,139.84421998887342,-284.79184,182.48068,-80.65161,16.864635,-40.662857,-2.863081,13.298068,-17.996637,9.593029,-26.223024,26.601978,15.4225445,10.136581
FADS120,a,12,ADS,47.59,139.99999999999346,-319.56177,171.18521,-44.043774,24.318527,-52.134148,8.751612,51.27462,-42.2353,13.755625,-6.501854,-3.762079,0.8307247,4.4133906
FADS120,a,12,ADS,48.97,109.99999999999943,-323.07092,173.34409,-29.315361,20.942772,-55.03409,8.037643,37.346992,-23.958157,16.571926,-1.2089744,0.7999936,6.458659,9.302282
FADS120,i,12,ADS,51.36713795541328,72.86204458672074,-359.33405,65.085785,-7.3078356,132.53784,12.218929,-7.3971624,36.843277,-41.43303,5.310198,-46.714363,-10.905312,-12.63444,-22.079918
FADS120,i,12,ADS,56.68,49.99999999999716,-331.4088,91.1913,-13.077566,105.3694,47.147545,-23.873363,7.202317,-23.372385,-3.1118197,-35.17507,-5.1115193,-5.133148,-20.346766
FADS120,i,12,ADS,56.99263681987721,77.36318012278787,-353.19376,80.74383,-24.27298,127.26426,16.389002,-16.667778,30.475975,-30.815058,0.46664333,-44.94641,-2.0082421,-20.089336,-18.344809
FADS120,a,12,ADS,57.30210743574227,123.47947084123945,-247.35828,166.37352,-66.89508,24.929966,-45.66829,-10.25382,11.746245,-25.616896,5.521166,-29.710932,32.87143,-11.059719,9.302458
FADS120,i,12,ADS,63.26261116168339,136.8688110529419,-400.18628,61.839558,9.866584,122.23837,-7.9974623,5.720899,30.649775,-41.602318,1.9517832,-31.246307,-12.089817,-3.8865592,-30.127493
FADS120,i,12,ADS,65.28,150.00000000000568,-368.19263,42.861744,28.0526,118.1008,14.808146,-7.984872,28.773186,-43.668198,1.4512553,-26.72512,-13.531555,10.045065,-16.189594
FADS120,a,12,ADS,67.06,120.00000000000455,-263.26822,141.5159,-8.497334,16.028332,-76.7157,0.9867613,25.48861,-26.724188,-5.642495,5.0261173,-3.270031,-2.6851077,31.521324
FADS120,a,12,ADS,68.0494314312898,110.5685687101925,-284.24005,148.28537,22.472607,21.132008,-81.130775,-0.3736359,21.647202,-37.598305,-4.8941298,-9.198758,-6.9579506,-15.040528,28.84106
FADS120,u,12,ADS,69.88,90.00000000000341,-302.8975,144.30194,40.362434,22.417408,-43.305206,-27.2458,49.064503,-38.561615,6.7489033,-11.214395,-14.188055,-14.347318,-9.093498
FADS120,u,12,ADS,73.4586267943476,114.5532440334307,-552.58777,217.6243,78.820724,7.603315,-8.913139,-10.037634,2.7775395,-6.861619,2.6261575,-25.310848,0.4433567,-7.7535176,-13.786787
FADS120,u,12,ADS,82.32873435295816,93.72538148190301,-486.97897,145.77478,103.23105,54.491425,-16.979256,-24.949108,25.978786,-35.27584,3.674355,-5.585777,-3.0307803,-18.79985,-13.0583105
FADS120,a,12,ADS,89.46,140.00000000000057,-303.67093,169.3204,-25.30997,12.476846,-53.60405,-22.561802,41.221,-38.934547,-2.454554,-7.7382855,20.165848,-7.834809,22.20887
FADS120,u,12,ADS,91.2727764595085,107.22354049148919,-519.32666,173.4027,86.37317,41.129303,-6.5736666,-26.140785,4.846722,-36.524742,18.846346,-39.92573,23.86454,-4.5668063,-30.480997
FADS120,a,12,ADS,93.36,129.99999999999545,-281.1147,144.52151,-16.911379,10.209839,-60.856056,-26.123322,29.527245,-36.642765,-1.4914403,-19.185442,16.305943,-8.524629,24.360466
FADS120,i,18,ADS,4.464862309502464,97.93114074406084,-398.18295,63.19647,18.283236,124.76351,13.018288,-20.144238,47.558907,-43.17186,-3.0563998,-22.440758,-16.247753,2.6587732,-25.604273
FADS120,u,18,ADS,5.844201451142985,225.7985488570151,-516.7988,177.90825,70.22085,56.913963,-23.7437,-20.126122,22.123941,-29.750202,14.600958,-17.698086,10.758232,-22.555021,-38.749542
FADS120,u,18,ADS,6.83,89.99999999999986,-463.2452,190.74673,48.322266,25.592741,-5.833029,-18.355427,19.78068,-26.65565,3.3634884,-20.716864,-11.25699,-1.3931301,-17.227781
FADS120,u,18,ADS,7.118318859255938,165.98498431196785,-502.71063,182.47618,43.086853,67.012375,-39.11084,-23.972378,14.510307,-35.079536,4.7236624,-24.452824,-4.1513762,-19.424698,-31.17435
FADS120,i,18,ADS,7.7092392705065,100.76072949349957,-391.11075,80.772446,-1.9668466,121.66788,19.018269,-28.718616,46.93799,-35.40254,-1.2939903,-31.842243,-10.264498,-2.0131037,-35.216415
FADS120,u,18,ADS,13.54,100.17060735102135,-544.5309,199.25833,95.68712,36.313416,-13.200703,-33.389236,3.251728,-22.84579,15.88131,-37.265137,14.408077,-13.215116,-20.317368
FADS120,u,18,ADS,15.79848512322916,87.97204168535089,-493.6299,186.86932,58.662422,39.707916,-10.279156,-31.053003,24.947351,-16.436913,2.3060784,-16.409061,-23.55272,-0.3966574,-12.672174
FADS120,u,18,ADS,23.02685124121484,91.29174137158103,-476.7025,153.34793,75.09038,38.891468,-24.005247,-44.840004,34.600845,-28.863464,-19.343971,-2.7512643,1.9905326,-16.79245,-13.640577
FADS120,u,18,ADS,23.95435985562543,255.6401443745706,-521.3892,196.42957,68.181625,33.075375,-15.828637,-5.733246,22.35007,-9.588736,27.744736,-27.342266,-15.627908,-25.925234,-31.568516
FADS120,a,18,ADS,27.74,121.8156629988627,-319.7628,175.10944,-55.288902,21.364378,-54.503807,-1.6541722,44.051003,-26.465488,11.542987,-29.585398,16.77435,3.1629555,8.224494
FADS120,a,18,ADS,30.87074663565691,154.36603541012772,-279.00217,168.70781,-43.84133,2.7713933,-40.65609,-21.33314,43.29822,-28.682808,9.383967,-31.675941,20.617203,2.7636,11.852493
FADS120,i,18,ADS,37.58732818541015,96.27129090093689,-345.52972,76.74849,-9.793089,132.66241,4.7412395,-16.42238,33.12877,-41.42842,-4.6916037,-36.82521,-11.834225,-8.458858,-19.568817
FADS120,i,18,ADS,39.67131460293415,88.685397065845,-398.68716,83.10245,-12.275303,128.5676,6.2996197,-13.913845,32.253582,-40.22185,-3.930113,-36.527245,-12.000455,-13.313929,-15.882385
FADS120,a,18,ADS,43.83702291693676,92.97708306323926,-302.67984,179.10425,-82.29517,2.7412019,-35.565598,-13.559129,25.582247,-26.525276,19.583984,-29.37385,34.38816,3.20937,12.337612
FADS120,a,18,ADS,45.22051617968064,136.93761205738042,-320.2783,154.49515,-46.746254,6.760952,-55.845512,18.387705,48.152332,-36.925312,28.090405,-15.6191435,-2.455285,8.054283,-8.817875
FADS120,a,18,ADS,46.79305715065773,86.9428493422717,-327.24744,152.33562,-12.682817,8.701628,-57.52847,11.337116,37.700012,-23.756714,19.359919,-9.197018,-15.146574,12.854938,4.9665203
FADS120,i,18,ADS,49.53543942037971,74.69324294037705,-370.65576,113.02748,-36.64396,118.644424,5.4873915,-14.140123,15.141239,-30.364145,3.0345812,-50.27497,-2.8617864,-12.415251,-10.115589
FADS120,a,18,ADS,54.63107508733178,87.14211676379335,-256.90912,161.44553,-54.58859,6.235626,-41.124664,-19.470299,18.164883,-22.527172,5.271108,-36.054398,24.87796,-4.788525,10.664284
FADS120,i,18,ADS,61.08492791578674,110.38001456745405,-406.77423,78.69061,4.254918,123.16705,-10.66696,-34.80874,49.278267,-34.17971,2.3019552,-16.221014,-7.4396095,-5.727229,-20.440334
FADS120,i,18,ADS,62.84843049344254,106.23038995965572,-408.86618,90.96581,-7.4688244,139.1069,10.151991,-15.194538,41.84608,-31.536549,-1.9777508,-24.208567,-6.108527,-7.9467,-19.688526
FADS120,a,18,ADS,64.37358357665698,85.48226692066407,-255.77527,132.47464,-10.792128,5.626332,-63.21075,-7.081532,33.262547,-39.332607,1.1004183,-7.228997,6.915512,-8.955797,28.079607
FADS120,a,18,ADS,65.58672885203791,82.99249215599502,-316.25772,183.76654,-13.335515,60.068676,-88.986465,10.268133,7.8100724,-20.28302,-8.50107,-0.20799243,-5.648581,-16.291203,27.850895
FADS120,u,18,ADS,70.74340462970444,100.68725772875098,-502.61432,175.90436,65.014435,22.134813,-12.325715,-19.200672,20.606834,-6.629746,14.638421,-28.446686,-16.553263,-9.068119,-26.008532
FADS120,u,18,ADS,79.41,122.3450586329875,-556.79126,194.45166,72.04269,52.638382,-19.959583,-19.301308,8.0702505,-38.22819,-9.412891,-8.917032,-10.430256,-8.784818,-15.154206
FADS120,a,18,ADS,87.2721168247526,153.2197400220241,-296.98325,176.6387,-33.80303,17.895805,-78.76831,-11.416172,35.748627,-20.405636,0.5295701,-7.029379,2.7901773,-12.004341,20.611591
FADS120,u,18,ADS,88.66,106.70512813602784,-493.5026,171.03331,63.199997,53.204575,-14.657234,-20.357037,22.205532,-21.483753,23.176495,-42.555275,11.753056,-20.925411,-29.732588
FADS120,a,18,ADS,90.79485746590396,137.1681482101792,-325.0679,176.24783,-23.84967,24.814354,-59.85187,-15.184002,28.555794,-25.906229,-0.031166226,-17.890041,13.589916,-9.219803,14.603029
FADS120,i,9,ADS,11.76,89.99999999999986,-397.478,63.166172,-2.0844386,130.40756,1.2897336,-26.969435,39.46357,-59.948906,3.1105614,-34.93937,-7.913935,1.390592,-11.584904
FADS120,u,9,ADS,13.12,230.00000000000043,-460.95877,162.59308,48.723213,50.86822,-18.117043,-31.2643,44.47399,-27.874882,18.978016,-51.165882,15.42238,-23.370026,-36.064873
FADS120,u,9,ADS,13.93798294667912,132.01705332087954,-538.48114,181.49362,58.53648,15.003609,-25.051178,-31.188004,-16.366257,-43.67443,-1.9597859,-31.3207,1.0369682,-15.181974,-34.071663
FADS120,u,9,ADS,14.27168945763143,218.31054236857028,-482.38034,169.798,25.625168,50.18501,-45.757507,-39.233513,5.677689,-42.82653,-5.45615,-29.11221,0.7661302,-10.300714,-44.650482
FADS120,i,9,ADS,14.91,80.00000000000007,-420.50876,90.53706,-12.5265665,134.62595,25.341946,-28.813206,37.813637,-46.28011,-8.583696,-39.05194,-11.957318,-3.9162214,-12.282007
FADS120,u,9,ADS,21.31,130.00000000000256,-524.47455,165.84488,84.96745,13.132711,-18.764389,-50.48838,-7.708889,-21.163828,-14.149905,-33.57344,4.1582885,-4.6582575,-25.411758
FADS120,u,9,ADS,24.08898834585345,103.98286947284774,-523.2789,180.24173,44.41308,51.412903,-3.9353547,-24.070232,5.3282804,-14.559187,6.4339843,-15.307689,-11.757361,-6.018586,-23.251091
FADS120,u,9,ADS,31.09,129.999999999999,-512.38226,173.92538,92.29251,34.090054,-6.7098045,-31.20522,16.207756,-34.589363,-21.828802,-6.6119366,-4.994217,-25.760103,-13.546026
FADS120,u,9,ADS,32.0,259.999999999998,-456.80893,149.38684,38.579964,50.157867,-5.095651,-31.071392,24.038162,-14.167383,9.324727,-16.986706,19.693321,-25.109844,-38.398865
FADS120,a,9,ADS,35.59,119.99999999999744,-336.0002,171.99344,-39.91706,1.800766,-49.96087,-15.40071,41.002937,-26.212715,11.341175,-30.922325,22.377525,-8.11856,19.732641
FADS120,a,9,ADS,38.34,112.71390936710901,-285.68698,155.08124,-32.39002,7.0550847,-42.767895,-11.156315,30.444828,-27.454746,2.2354612,-34.003067,18.33668,-17.463257,11.676044
FADS120,i,9,ADS,44.46885993074416,121.1400692558442,-368.60272,50.655636,8.019299,126.55537,3.6216054,-6.4885793,27.14637,-40.83098,-1.0109792,-35.70156,-29.795101,-1.0465868,-18.315506
FADS120,i,9,ADS,46.66455877940264,125.4412205973594,-495.6228,98.82953,-5.580105,135.64438,30.423447,10.941441,14.6036625,-37.71334,-17.648138,-36.700073,-11.609297,-17.421146,-6.2819095
FADS120,a,9,ADS,50.64,119.99999999999744,-326.26086,204.83545,-83.0928,14.385831,-35.77356,-10.550663,29.174597,-18.400303,2.3322387,-27.308893,29.10299,-4.7544484,10.749858
FADS120,a,9,ADS,52.14,140.00000000000057,-336.59396,155.17068,-27.187439,14.074162,-51.731285,5.9125004,56.946358,-31.03104,17.528282,1.4723052,-9.872484,12.109127,9.491127
FADS120,a,9,ADS,53.62,130.00000000000256,-384.93533,163.13275,-42.34247,24.703718,-60.910473,5.463574,41.607624,-25.543762,18.715187,13.11486,0.18696189,17.96184,24.105148
FADS120,i,9,ADS,56.05231051752574,101.24441678939178,-444.88824,94.06229,11.470173,102.13201,37.531036,-14.164958,7.929282,-37.20302,-13.749324,-31.774231,-16.275713,-8.818159,-15.235063
FADS120,i,9,ADS,60.58,39.99999999999915,-380.7392,101.35554,-26.535679,110.57184,48.101707,-20.251617,17.42693,-40.65674,4.7060385,-52.257385,-14.058098,-1.246006,-13.056244
FADS120,i,9,ADS,60.88,99.99999999999432,-434.07043,63.01054,5.669689,131.48859,4.953821,-6.723743,22.769535,-44.401443,-4.396968,-43.35089,-11.628603,-8.185823,-15.416296
FADS120,a,9,ADS,61.25147766880541,129.71940901140044,-365.54214,215.04324,-58.21199,4.416221,-24.53882,-0.45800918,8.718672,-25.048237,-9.595827,-38.81362,22.89675,2.7857416,8.272759
FADS120,i,9,ADS,68.75,159.9999999999966,-415.87744,55.769093,11.020254,137.65457,-12.604563,2.1172962,18.746418,-37.741745,-2.8645346,-35.20011,-19.416523,0.26778358,-22.627975
FADS120,i,9,ADS,70.26,140.00000000000057,-417.92868,75.75438,0.047561705,145.71194,0.49266446,-13.28992,24.044086,-43.67747,4.3301063,-29.439888,-19.568577,14.261747,-22.354519
FADS120,a,9,ADS,71.85,109.99999999999943,-338.01828,163.6582,-12.957593,28.845245,-82.97745,-7.5398607,27.29812,-23.875572,-2.7448235,-1.6399536,-7.212838,-13.581081,37.751175
FADS120,a,9,ADS,73.13,140.00000000000057,-334.60422,164.90514,13.188099,26.95916,-90.020325,1.9687561,6.8915915,-19.761711,-15.511621,9.545057,-24.432413,-4.9871883,31.524368
FADS120,u,9,ADS,77.70030522026408,121.80968894973887,-496.76828,171.16055,50.465546,37.77341,-2.1405435,-18.727736,18.085262,-13.971292,5.0520763,-32.390236,-22.555588,-2.428347,-14.46562
FADS120,u,9,ADS,86.09,90.00000000000341,-435.85648,152.12479,73.94028,29.087368,-13.5763445,-30.673048,43.148598,-32.704742,-15.122968,1.5599718,-8.872509,-30.98309,-26.774796
FADS120,a,9,ADS,93.7,129.99999999999545,-308.61646,147.38475,-12.477165,10.493265,-54.518097,-12.913338,31.688354,-39.471916,-6.0709743,-5.399373,11.889891,-12.840792,28.213684
FADS120,u,9,ADS,95.38,90.00000000000341,-517.3952,182.09769,68.277695,38.654747,-5.386768,-32.820854,19.918606,-31.175602,11.536397,-36.743324,19.046036,-8.196264,-20.066944
FADS120,a,9,ADS,97.54,149.99999999999147,-321.58698,148.02837,-18.85738,19.15712,-55.165016,-21.66633,23.865334,-26.957615,-4.7717276,-15.95232,19.775705,-9.4107895,19.286617
FADS121,i,12,ADS,5.61,69.9999999999994,-346.60565,135.72063,-37.84317,95.31531,44.593132,-39.97733,-14.723049,-49.412792,-1.6698797,-20.324379,-14.008112,15.836103,-18.883379
FADS121,u,12,ADS,7.08,200.00000000000017,-720.93555,116.93889,59.096428,32.15918,12.793986,4.7738676,-10.251012,-6.6255493,-6.633507,-10.508566,-1.2352457,-0.6804457,-10.652869
FADS121,u,12,ADS,7.88,129.9999999999999,-430.87192,230.07413,0.69582766,24.3526,-18.160183,-23.383888,0.8984095,-13.792252,10.4865055,-25.981812,-21.82286,4.050374,-23.914288
FADS121,u,12,ADS,8.17,193.57086318086834,-504.83484,225.44328,27.562206,27.66817,-22.000116,-9.393274,-11.860697,-18.58834,9.579642,-25.608456,-4.203945,8.279816,-29.916641
FADS121,i,12,ADS,8.868163175815868,101.83682418413298,-397.96103,189.83545,-35.435745,61.84279,38.092617,-31.9868,-14.249687,-33.414986,-10.182622,1.1563939,-23.836445,8.560467,-4.4830956
FADS121,u,12,ADS,16.12,126.62614969547903,-470.14908,191.90578,61.17273,21.338371,-23.448051,-16.099169,-12.829506,-25.479328,9.961926,-25.950327,-8.91545,12.036723,-35.8918
FADS121,u,12,ADS,18.86605800911586,71.35840825943873,-404.48666,168.7626,45.40795,-3.7659655,-8.355927,-9.194987,-17.679571,4.5323296,-11.386272,-28.429342,-18.467802,-2.2179317,-10.457529
FADS121,u,12,ADS,26.40282352647625,118.1508071180879,-479.76382,227.56027,44.719772,30.39684,-12.233908,-18.031422,-4.6999626,-19.370344,-4.1129675,-22.506386,2.6437488,-4.7232466,-17.047327
FADS121,u,12,ADS,27.18,109.99999999999943,-633.21747,183.798,87.32885,31.166023,-5.2742023,-15.971674,-17.578907,-22.79058,-2.049315,-4.2251253,2.4875793,14.111942,-11.537456
FADS121,a,12,ADS,30.99,80.00000000000185,-426.0905,224.8207,-27.575644,-0.46437636,-23.179552,-15.748718,8.948973,-8.439875,-5.745145,-0.0805586,-4.7563267,21.887936,15.270522
FADS121,a,12,ADS,34.2,91.67503588840731,-364.004,232.862,-58.864754,3.7734537,-15.389584,-27.49194,1.2433035,-14.658533,-11.294884,-7.6350813,-10.8027935,14.6997,9.82975
FADS121,i,12,ADS,41.01928423272664,84.22631794555713,-423.21475,158.82916,-12.668625,76.51938,51.562515,-24.18322,-15.894742,-21.26094,-3.6574867,-13.024019,-1.9650977,6.1177864,-13.794218
FADS121,i,12,ADS,43.38387360823358,85.39612791702922,-422.00113,152.69952,-15.204178,78.63001,46.07563,-22.163622,-11.184871,-20.900957,-14.837933,-17.24015,-10.292104,-5.2877007,-4.1798525
FADS121,a,12,ADS,47.73,93.25644808303224,-516.2456,218.30298,-5.027552,2.0514083,1.2354136,18.578777,-0.6477908,-17.68871,8.882231,-3.6403089,-8.519668,30.06643,11.308036
FADS121,a,12,ADS,49.09,99.99999999999432,-491.6688,208.52785,-8.390005,8.019482,-1.3453932,2.0826359,2.672875,-13.496744,-14.352455,23.535465,0.8442048,21.388823,3.697575
FADS121,a,12,ADS,50.12,120.00000000000455,-390.62756,238.62476,-29.632793,-2.6388679,-17.505743,-13.4351845,7.9369116,-19.921125,-24.516861,18.31667,11.843441,21.622189,2.6258926
FADS121,i,12,ADS,53.809470257811,94.75460768876331,-396.96338,129.1725,-8.417491,107.93167,30.8254,-22.632917,-6.8646975,-25.956976,-14.48188,-7.168379,-16.104776,5.9037757,-5.8186555
FADS121,i,12,ADS,58.81,70.00000000000028,-361.75854,129.14742,-31.125843,108.96268,29.776844,-29.698263,4.775174,-28.606342,-16.41789,-14.583109,-15.839206,12.629761,-19.114552
FADS121,a,12,ADS,59.08670038027034,91.24517777436125,-349.1155,230.29196,-58.211525,5.1091046,-19.876308,-1.6303866,-8.583238,-21.14244,7.277437,-14.661255,-6.5168123,31.149559,-1.5161736
FADS121,i,12,ADS,64.24003629967406,119.32061708954222,-421.55695,156.98059,-10.37187,68.29123,45.53591,-21.920021,-17.30516,-9.678506,-20.74797,-14.370445,-1.2071904,1.2499852,-6.300904
FADS121,i,12,ADS,66.3490444055887,91.24517777435415,-366.76465,155.37227,-34.250565,74.71008,48.046852,-38.441216,-6.782549,-26.08961,-6.624984,-17.266443,-9.567232,3.5002382,-4.7122245
FADS121,a,12,ADS,67.74,90.00000000000341,-398.3143,235.62265,-11.768936,-25.605692,-13.265994,-5.0212765,-10.032005,-15.092087,-10.92144,-12.246825,-3.9657369,30.940948,5.3848677
FADS121,a,12,ADS,68.87,89.9999999999892,-388.3267,228.49802,-18.431332,-28.186523,-1.638422,-10.389567,-3.7126882,-21.455296,-12.012927,-11.520727,-0.26950693,22.496569,0.04304275
FADS121,u,12,ADS,74.6658878836779,114.11211632210438,-501.20526,209.56741,40.455868,26.518997,-13.56455,-11.173033,-2.720903,-17.394112,0.91793704,-25.424475,-14.232349,0.3083626,-25.553123
FADS121,u,12,ADS,83.93543132942023,74.56867057977945,-504.50012,241.14145,55.208508,-10.938515,2.182075,-8.806086,-10.183889,2.336999,-7.150997,-22.277483,-12.584826,-11.462209,-12.074753
FADS121,a,12,ADS,92.12,101.24422547892209,-397.79935,222.56244,-17.413898,-19.065971,-8.419665,-1.236758,-18.732748,2.7193522,-14.101835,-7.9551616,2.553394,26.899715,15.228691
FADS121,u,12,ADS,94.73,91.52810106337483,-523.8614,229.73302,67.39926,14.292039,-2.7437634,-14.125904,-12.925174,-1.7480597,-0.24365234,1.6688612,1.0123928,-10.865467,-3.1785989
FADS121,u,12,ADS,98.25605337579628,157.92434614792228,-428.89655,231.40964,14.977356,-0.71070397,-28.92474,-18.459654,-11.351944,-2.9859192,-7.1116905,-2.7904534,-22.642359,7.776798,-14.436778
FADS121,a,12,ADS,99.15992908603396,114.64137720368228,-403.1666,251.77545,-36.29844,-10.701446,-9.932038,-1.4231414,-12.43946,4.562844,-14.858955,-9.50226,-14.456083,25.637209,19.380173
FADS121,i,15,ADS,6.824176726821158,75.82327317884196,-396.9446,110.04461,-20.513916,112.368095,35.20938,-17.651453,-36.30706,-24.31036,-4.0861626,-28.172424,-8.436884,16.952862,-28.911171
FADS121,u,15,ADS,8.29,70.00000000000028,-666.38446,135.29393,69.07928,51.668144,-15.088795,-26.550352,-17.639074,-6.491485,-16.12457,-21.372585,-13.859774,-9.192824,-25.390556
FADS121,u,15,ADS,9.4,129.999999999999,-527.19214,192.45677,44.091797,31.085522,-14.227398,3.434943,-8.465434,-24.863325,-5.019129,-33.777077,-8.499174,5.935365,-29.579905
FADS121,u,15,ADS,9.69,169.99999999999994,-549.96594,191.31099,63.76794,51.78257,-19.05418,-16.748665,-17.551418,-22.567345,2.5400443,-26.733452,0.37732387,22.991482,-32.865334
FADS121,i,15,ADS,10.20566654332631,84.33345667368997,-465.7661,139.5097,-34.81981,82.10459,42.692825,-18.496548,-45.313606,-13.834753,-11.705345,-17.622534,-14.893193,11.262814,-25.406694
FADS121,u,15,ADS,16.75868623341981,116.24330656263027,-533.76245,141.9578,80.35188,37.59315,-11.844322,-19.268124,-15.557761,-20.189877,-2.4803827,-24.389662,-5.684865,-10.217236,-30.992813
FADS121,u,15,ADS,19.76876250032729,94.80036651709867,-523.7288,186.664,53.873684,35.473373,-13.503191,-2.1661773,-4.648494,-6.726143,-5.1506004,-31.624264,-1.4571886,6.901828,-26.97486
FADS121,u,15,ADS,27.16,89.26225093977891,-551.6303,197.71124,60.753395,41.011086,-11.854509,-5.6621,-12.289747,-7.4185104,5.8202515,-24.607319,-6.362917,3.6550841,-22.426651
FADS121,u,15,ADS,27.99,80.00000000000185,-582.47845,148.07977,81.24065,43.851315,-17.343128,3.4530063,-35.74993,-14.797012,-5.710207,-6.4566674,-12.3591,-12.81164,-14.965164
FADS121,a,15,ADS,32.56,88.27950081926872,-578.63226,180.01074,22.312128,-21.055538,-20.632587,-5.1798534,-22.978344,11.202038,-14.098386,-11.198957,1.445938,9.001422,6.267091
FADS121,a,15,ADS,35.53,108.67667734655129,-414.7831,189.30853,1.8409177,0.038886964,-17.015343,1.8979167,-7.7963753,14.378523,-21.47604,-7.5531516,-2.7641582,17.163132,-15.901093
FADS121,i,15,ADS,42.6032827541875,83.51460859840643,-436.1324,124.09121,-15.3458605,107.131454,41.02299,-15.619844,-30.262629,-8.033191,-21.49963,-24.982513,-16.543732,6.398978,-18.867043
FADS121,i,15,ADS,45.07,81.48746070006752,-483.69568,100.64802,10.728891,106.014725,31.888323,-10.605489,-12.403576,-18.610367,-9.449581,-25.681465,-7.747118,8.165455,-19.275576
FADS121,a,15,ADS,49.38,88.12570505444484,-405.4622,201.85526,-46.559486,12.773999,-14.582016,8.572359,-31.624935,-11.166143,-10.880796,-8.678976,-11.888395,43.970345,-0.37320685
FADS121,a,15,ADS,51.02,109.99999999999943,-512.71173,199.1828,-25.164122,-12.7632065,-6.7090716,0.07856089,-8.921481,1.9284813,-17.178442,4.6993713,12.524563,-3.715156,1.4688776
FADS121,a,15,ADS,51.99,119.99999999999744,-429.66003,196.79161,-50.1721,9.524955,-27.673676,-2.3864336,-3.1652818,-5.0968256,-16.459326,2.6828663,-3.3879185,5.6233716,8.582143
FADS121,i,15,ADS,55.16438442167085,75.61457805530836,-465.72717,91.05258,-8.070766,107.00174,31.106506,-14.591187,-35.39343,-5.31381,-17.36134,-14.77569,-4.168452,2.8439379,-14.873463
FADS121,i,15,ADS,61.45,59.99999999999517,-460.9355,105.1757,1.7802253,72.558205,43.785904,-17.501736,-37.21662,-5.013654,-25.663265,-45.497917,5.635046,-14.29617,-33.755337
FADS121,i,15,ADS,61.74807746347518,91.92253652482663,-412.39914,87.34424,-8.750111,97.61326,23.247618,-41.030884,-28.353386,-22.971905,-10.370083,-44.819824,-21.63584,-6.158616,-28.554064
FADS121,a,15,ADS,62.0,86.23915530753123,-383.26328,190.93857,-31.741966,1.0355017,4.899427,7.743239,-35.723335,-10.882302,-3.586755,-15.086388,-10.099329,31.035069,-25.266151
FADS121,i,15,ADS,67.35754795818988,104.95754864392381,-466.8081,83.585434,48.482395,78.06304,43.356735,-9.335745,-31.09725,-15.713768,-25.916344,-12.835936,0.93496305,-0.17324239,-13.407442
FADS121,i,15,ADS,69.45694569963774,106.08612443580512,-459.39816,106.164474,7.52145,75.09894,32.739307,-29.457909,-29.560589,-0.4354154,-27.060211,-24.723831,-0.92869985,-3.1254535,-13.6319275
FADS121,a,15,ADS,70.92,69.99999999999318,-496.67044,195.79681,7.956009,-7.9227285,-11.671089,-3.4295235,-12.406941,11.943033,-28.997005,-9.098685,-12.242359,40.600464,-5.88161
FADS121,a,15,ADS,72.79074383629614,68.84312330409159,-397.79312,191.34412,-46.94089,24.815624,-30.39895,-6.233494,-24.840559,-10.379152,-20.697563,-12.911993,-11.569111,41.949196,-20.43998
FADS121,i,15,ADS,75.0271252820354,69.97169909595868,-480.62833,186.93172,-5.6924415,17.391403,39.44597,-4.4006867,-54.244713,-20.427536,-7.948885,-14.340398,-4.757277,7.760438,-24.570915
FADS121,u,15,ADS,78.42,99.99999999999432,-563.6024,184.76099,42.921024,21.638725,-15.80974,-1.4121361,-12.623306,-4.8383656,6.0311317,-31.95845,-9.043826,0.85703075,-23.00993
FADS121,u,15,ADS,87.69,76.65403870606724,-508.2697,191.71092,56.85582,15.128159,-21.619394,-17.486197,-0.42559934,-12.0655575,-1.1629386,-37.594482,-5.031217,-8.8359585,-19.561592
FADS121,u,15,ADS,97.41,118.22237537489855,-631.2141,183.33426,83.06091,31.507488,-7.999239,-20.499277,-11.760892,20.019583,-6.438022,-22.013372,-13.466616,-2.0705528,-20.894663
FADS121,a,15,ADS,100.86,113.09181874050012,-503.63556,177.70992,6.4227333,-1.5849565,-12.8269825,-3.0990212,-9.912375,-3.854212,-26.177391,-15.7312355,0.37265417,17.002102,12.874332
FADS121,i,9,ADS,5.53,69.9999999999994,-434.22165,126.71678,-5.162098,60.35359,56.069523,-10.280524,-25.131004,9.440398,-21.692108,-25.49562,-14.360993,5.3993683,-23.965815
FADS121,u,9,ADS,7.79,139.9999999999997,-688.63464,134.81296,60.30328,20.505749,-0.7156544,-2.7856634,-10.909889,-8.307297,-4.195715,-14.178419,2.7575285,1.1688595,-12.296246
FADS121,u,9,ADS,9.01,160.00000000000014,-487.22574,190.86337,52.753258,16.8486,-26.984207,-17.419851,-6.02824,-5.8038435,0.8331573,-22.851917,0.9193675,-1.9799813,-29.73713
FADS121,u,9,ADS,9.32,230.00000000000043,-507.0426,191.42087,67.07959,36.76127,-30.778933,-8.923321,-5.4626093,-9.163963,9.272101,-34.37423,5.5873623,22.535492,-38.411552
FADS121,i,9,ADS,10.38,80.00000000000007,-375.55383,134.99068,-45.086624,58.313095,43.192772,-19.530376,-23.550169,-13.265913,-6.2828417,-18.01146,-17.606579,14.839711,-14.928612
FADS121,u,9,ADS,19.65,157.09488696636242,-646.94946,160.74324,62.95129,26.331059,-13.260191,-19.480648,-12.4170885,1.9908586,14.798967,-12.147187,-8.018671,-5.758689,-22.780369
FADS121,u,9,ADS,23.04778478062579,82.21521937420917,-444.41504,185.29941,4.1490555,30.461203,-15.4331665,2.98141,17.680964,-7.428006,-13.278181,-49.821793,-15.943334,7.883071,-27.494377
FADS121,u,9,ADS,30.62,140.00000000000057,-544.98785,203.12885,68.611626,21.097794,-19.312075,-18.827301,-6.7444673,-13.9163475,-6.8584642,-26.79333,-7.92462,-11.172089,-36.862625
FADS121,u,9,ADS,31.47,200.00000000000284,-574.98236,197.81987,74.61392,16.461899,-9.030216,-2.2024934,-9.468628,-22.782066,-2.5720532,-26.062716,4.7295055,-3.1583698,-25.431366
FADS121,a,9,ADS,34.55,80.0000000000054,-470.6127,203.1594,2.5706725,4.9294767,-18.972742,16.320608,2.6846166,6.9022975,-23.671595,-1.3087318,3.1008801,25.575335,12.190281
FADS121,a,9,ADS,37.2,109.99999999999943,-381.15408,206.58008,-39.113853,5.394633,-25.590721,4.887189,-9.068275,13.394951,-31.732405,3.990461,-10.85922,23.298729,1.2153269
FADS121,i,9,ADS,45.71128447497868,102.15169192217388,-468.0166,132.31096,17.370426,77.775116,23.581385,-6.5909243,-5.3892326,-23.848076,-24.657322,-15.136556,-27.43631,-5.723453,-11.318442
FADS121,i,9,ADS,48.89,89.9999999999963,-496.2922,146.4074,18.716614,73.149155,36.242493,-12.345947,14.109296,-2.687439,-27.133114,-22.16867,-4.814084,2.5233297,-21.961449
FADS121,a,9,ADS,52.97,115.88039711138975,-533.47943,195.9003,-28.374903,-10.428566,-1.6465048,32.252285,-3.1297636,-11.336276,-0.1468488,-0.815022,9.4704895,31.460197,5.9395723
FADS121,a,9,ADS,55.01,109.99999999999943,-409.03394,217.53796,-55.349808,-8.027335,-14.267008,7.947604,4.256754,4.4551306,-31.296597,7.3119717,5.1231413,10.291047,-2.584966
FADS121,a,9,ADS,55.89,119.99999999999744,-412.0379,224.55896,-30.078606,-33.81645,-16.766401,13.540684,-5.5807014,8.173734,-38.231895,1.1601349,-5.37781,-0.010155678,9.047733
FADS121,i,9,ADS,57.74213099551245,93.77860242036462,-502.96347,121.1875,35.118336,72.1534,31.78301,-18.933392,-15.852482,8.019227,-25.811525,-24.065556,-9.130535,1.227736,-15.41927
FADS121,i,9,ADS,63.76,80.0000000000054,-469.09714,128.37773,14.924728,72.4904,35.06143,1.879085,-24.775574,-16.980062,-15.077955,-15.252791,-23.87069,9.784048,-12.366854
FADS121,i,9,ADS,64.09702083130956,72.97916869043775,-407.24207,120.15143,-6.387445,86.28238,40.359215,-20.044285,-6.348418,-11.467831,-27.590748,-24.039557,-24.60324,7.2701397,-15.861878
FADS121,a,9,ADS,64.37,89.9999999999892,-381.82782,201.76845,-52.188274,-7.5041823,-10.87781,12.97788,-10.4963,-10.361984,-9.188862,-2.4651754,-5.7528706,33.25536,-4.133317
FADS121,i,9,ADS,70.52,111.7604540657311,-426.67847,116.31591,26.335144,82.33359,24.336512,-12.64624,4.432034,-17.271833,-19.610516,-28.924877,-5.906316,-7.9100943,-10.683331
FADS121,i,9,ADS,72.06,79.9999999999983,-419.25458,122.0887,2.1467881,49.372864,41.317055,-18.809273,-16.526125,1.7513357,-26.554928,-26.637482,2.242597,-2.246914,-20.552086
FADS121,a,9,ADS,73.79,79.9999999999983,-453.0185,204.66968,-26.473541,-11.780078,-13.647167,6.8426137,-18.765606,12.0168705,-27.02005,-14.113927,9.280344,26.792423,-6.4603453
FADS121,a,9,ADS,74.4,59.99999999998806,-475.7814,217.0668,-0.24424541,-22.053429,-10.25052,9.340866,-16.408361,8.669354,-24.188934,-11.508442,-0.25849015,30.479542,-10.263094
FADS121,u,9,ADS,81.09,99.99999999999432,-516.0001,182.60007,71.51448,-9.504669,-19.003986,14.748012,-0.8336171,-10.452323,-0.9785334,-50.363987,-25.206524,-3.7500534,-11.747395
FADS121,u,9,ADS,89.89,140.00000000000057,-564.1261,199.06746,89.46939,-21.148819,-12.646006,-3.0379314,2.255269,5.582533,15.053303,-19.749844,-8.301799,-2.2039676,-11.999924
FADS121,a,9,ADS,97.82166811098509,133.75422063027997,-496.4635,210.80957,24.445017,9.68522,-43.13546,-19.749588,3.4000158,8.558618,-15.681641,-12.901461,-14.753872,29.467392,7.0635114
FADS121,u,9,ADS,101.2,69.99999999999318,-555.93463,190.13898,83.6629,25.63411,-25.015728,-12.187212,-7.327758,1.4483614,21.222183,-34.013138,-21.76091,-4.168973,-28.616383
FADS121,a,9,ADS,103.43,109.99999999999943,-435.91034,219.41084,-17.622227,-9.656185,-42.839462,11.514,1.5845696,2.3484333,-8.225633,-34.37272,-17.739359,20.734434,3.810418
FADS123,i,12,ADS,7.46,80.00000000000007,-428.48422,107.63006,4.3144374,136.23611,9.351589,-31.373621,29.204798,-35.955894,-16.454672,-9.686883,-20.321934,1.0810894,-5.9738493
FADS123,u,12,ADS,9.08,182.52346566891651,-613.13214,183.92729,77.48834,31.370375,-17.368513,-23.360058,-23.70586,-29.500628,-14.914492,-23.94533,-10.51705,-12.428269,-17.95816
FADS123,u,12,ADS,10.23969240055765,100.30759944234902,-492.2714,211.90878,41.383606,47.25564,-36.88334,-7.6861234,16.698624,-32.447388,12.779216,-0.0068496615,3.8531837,-1.5559423,-25.471432
FADS123,u,12,ADS,10.50119459360203,170.24840528645944,-521.6733,192.17397,55.877068,30.482086,-41.034943,-28.086996,2.7930312,-35.69725,-4.3102636,-18.798601,-7.285515,4.985233,-32.5001
FADS123,u,12,ADS,17.72,116.82196368338182,-565.44684,190.4097,96.4187,41.05834,-23.97014,-25.362816,3.2885299,-36.12001,-3.945443,-6.0156693,-4.312549,-14.668192,-17.3155
FADS123,u,12,ADS,22.6272806078502,161.10755131133914,-565.62585,178.40369,83.707535,43.677277,8.106327,-24.737854,10.614691,-32.131954,0.6888992,-13.603612,-17.018482,-23.78083,-8.030027
FADS123,u,12,ADS,30.68,120.000000000001,-444.40115,168.61038,63.520554,30.62392,-38.44712,-31.845783,8.364603,-37.306297,13.589228,2.5767114,-25.969675,-10.681416,-29.637157
FADS123,u,12,ADS,31.89,119.99999999999744,-533.3923,190.8211,74.87623,49.677578,-49.99442,-29.961067,22.958382,-33.47225,5.0908303,-4.185226,-1.2176392,-8.929966,-6.0066686
FADS123,a,12,ADS,41.17,89.9999999999963,-245.03046,170.05118,-69.540474,11.565887,-57.949764,7.6926847,45.665375,-21.374353,6.3036404,-16.929134,-2.7130718,-11.982759,0.9684291
FADS123,i,12,ADS,48.36494401627386,85.05598372614287,-373.56458,73.78427,12.492008,115.61575,-3.946753,-3.3546908,25.911745,-32.128513,0.8678287,-34.963623,-15.7778,-7.305529,-27.763004
FADS123,i,12,ADS,50.75693465944166,63.06534055833879,-446.50848,93.80414,25.656416,111.122345,0.06277579,6.9791927,18.97612,-39.891815,8.914406,-20.582462,-24.506136,-0.23134038,-24.882107
FADS123,a,12,ADS,54.79911512390269,80.88487609731487,-329.94098,213.27072,-64.196945,-7.408823,-27.259584,-20.763308,40.377502,-18.176363,10.201198,-16.869587,3.7214038,14.378617,0.10182333
FADS123,a,12,ADS,58.6,70.00000000000028,-386.69287,205.39944,-33.6941,1.795222,-36.54429,22.41126,27.685392,-11.129626,27.993587,-26.383326,-14.783302,9.9645,-0.78896105
FADS123,i,12,ADS,65.23,48.67098557626548,-348.74316,121.83436,-23.840572,122.374435,13.538612,-25.692762,4.212378,-25.018625,-10.042513,-23.47486,-20.816723,-0.79486597,-8.376352
FADS123,i,12,ADS,65.4626306718254,57.36932817460172,-333.5046,81.60071,-9.4496975,101.36502,7.4008512,-8.701897,3.4724505,-21.913408,-11.735245,-32.3312,-3.4545383,-8.3306265,-12.770479
FADS123,a,12,ADS,65.7427151999614,92.55114649799623,-326.19003,185.14476,-57.67444,2.59546,-34.33058,-5.5532665,21.582085,-6.567894,8.56802,-14.540088,8.409248,3.9147635,-11.513319
FADS123,i,12,ADS,72.7896496635507,113.11806794201118,-440.42084,108.6387,18.133312,122.54083,5.988518,-16.898586,44.1932,-45.2599,-4.513579,-21.39265,-25.175404,-0.89821196,-3.8798268
FADS123,i,12,ADS,74.80913331256683,63.98597782578008,-415.9059,150.12787,-11.558045,127.287506,22.444963,-24.699928,20.847717,-35.38639,-18.666822,-19.304815,-29.196747,-0.78927183,-11.537502
FADS123,a,12,ADS,76.7,109.99999999999943,-440.53195,229.25143,-5.2621803,29.387661,-50.959824,-20.31773,8.420031,-14.756479,7.105738,-10.032471,-12.6108055,-2.3663454,-5.5562453
FADS123,a,12,ADS,77.68865594867204,81.34405132796019,-337.7618,186.79147,-28.109615,21.297693,-83.06946,-25.177734,33.773533,-16.54916,2.3847108,-7.7142677,1.6451249,-17.238407,22.069426
FADS123,u,12,ADS,93.69741286195116,92.58713804884167,-500.70694,171.55685,56.824768,31.84811,-1.1937952,-12.29563,17.763306,-20.20961,-2.3885517,0.2916805,-23.450808,0.0038773417,-19.247942
FADS123,a,12,ADS,101.78,129.99999999999545,-383.5532,227.68698,-25.413883,-7.576459,-65.856064,5.1714993,18.494562,3.901626,-5.558323,-7.121708,3.578317,-8.4059,13.542942
FADS123,a,12,ADS,105.3050993064297,87.98071951039788,-306.9975,172.39774,-54.770844,25.057583,-65.40027,-23.260746,48.562088,-33.91272,12.230527,-15.416305,-4.0552063,3.5435882,1.1727207
FADS123,i,18,ADS,5.835919710891964,107.89023980277967,-426.60248,106.1071,-4.0353327,140.74881,1.1569922,-12.8753395,29.770458,-39.97,-14.829922,-28.885017,-15.718636,-20.050158,-2.6868684
FADS123,u,18,ADS,7.389761457866411,200.23854213358928,-615.76544,186.95294,75.06074,30.797977,-12.610411,-9.689051,-9.127749,-25.689663,-0.4067266,-17.879965,-12.935211,-12.783949,-32.75981
FADS123,u,18,ADS,8.71,169.99999999999994,-576.50006,184.11462,58.80347,15.574165,-22.508152,-1.9053891,-9.268024,-39.276237,-0.8333122,-10.945631,-18.210917,2.733221,-17.040855
FADS123,u,18,ADS,9.05,319.9999999999985,-565.92993,149.2271,65.82828,26.739994,-20.99099,-27.246027,-19.687958,-20.316076,2.8762155,15.533015,-5.8682194,-6.1608095,-26.16819
FADS123,i,18,ADS,9.77,57.82272523532406,-432.55594,113.06737,-26.208187,103.53688,22.632393,-20.178522,2.7558084,-26.799606,-0.15534037,-38.899925,-12.026381,-4.5483165,-12.829723
FADS123,u,18,ADS,17.2,50.118780815871844,-552.9082,168.54204,59.034294,43.703438,-7.3703594,-15.288233,-16.930178,-18.478596,-4.2435565,-17.893696,5.735529,0.18643147,-11.444135
FADS123,u,18,ADS,20.69498627297189,106.23038995966994,-535.70026,158.20541,59.13709,22.995342,-7.955668,1.5821116,-13.687149,-32.499516,6.22672,-2.227357,-8.842056,-14.799318,-6.1043897
FADS123,u,18,ADS,29.03,88.61406039914854,-543.5871,195.70198,32.14248,9.612309,-24.734547,-17.408611,-9.628395,-36.677013,-0.21308106,-1.5204971,-12.470845,-9.078396,-27.658878
FADS123,a,18,ADS,33.09962691898274,50.37308101725557,-423.45224,193.49469,-63.628872,29.072708,-37.0421,-0.11645624,28.917862,-14.496794,4.806817,-1.222079,-6.7323027,5.572546,-4.0237927
FADS123,a,18,ADS,36.54,109.99999999999943,-364.75323,176.30586,-50.523758,20.806751,-72.9658,12.506461,32.100838,2.2535257,5.0999393,9.393448,-12.01012,0.09846926,10.098376
FADS123,i,18,ADS,43.26943894273836,105.40046503810174,-494.04773,73.26962,38.6354,108.240814,-11.663208,9.951997,-7.31361,-37.989372,-10.532565,-39.221603,1.163967,-12.515045,-25.146265
FADS123,i,18,ADS,45.91739585667816,69.71369341102474,-497.7763,103.3978,15.218517,113.10275,6.0277076,-14.013323,14.879456,-51.430477,-2.6427498,-35.726593,-22.21831,2.4584575,-21.811256
FADS123,a,18,ADS,50.36696925019093,73.03074980907098,-371.7492,189.83829,-75.84829,-14.781022,-39.65724,10.461863,3.7375774,-0.98791003,11.037218,-17.63027,4.142467,22.089117,-0.094164476
FADS123,a,18,ADS,53.0818097785413,70.54361833257872,-397.08273,202.8375,-35.454323,5.849992,-35.964584,6.6450634,37.62199,-21.963768,2.2370534,-32.86324,-19.351925,20.278812,-20.565073
FADS123,i,18,ADS,56.18,59.90172161599361,-455.86264,84.32326,12.309502,98.331116,-8.1630535,-8.458751,-12.722948,-29.799397,-16.797916,-51.84938,-15.188551,-9.124513,-20.605251
FADS123,i,18,ADS,60.49603399133785,43.96600866214584,-371.71304,124.31362,-59.3376,140.121,14.443724,-28.87759,-2.2429671,-33.46438,-19.26101,-32.73053,-20.56868,-4.3386374,0.4843166
FADS123,i,18,ADS,60.74117553380759,60.58451927386699,-334.65555,93.71086,-34.65684,105.89565,9.091012,-25.881826,-2.0686731,-26.99189,-5.591819,-39.253918,-11.603849,-8.263773,-16.824535
FADS123,a,18,ADS,60.98,80.0000000000054,-297.91724,186.21854,-85.81947,22.133705,-43.71818,-12.413397,27.538288,-37.332092,4.5975127,-23.219885,15.324141,11.033548,-2.1125457
FADS123,i,18,ADS,67.92225053227254,116.18948901836745,-453.8512,116.70058,-19.458199,148.22253,3.9508116,-15.443897,30.16703,-32.266926,-11.220422,-36.94558,-12.082258,-9.240913,-7.1441965
FADS123,i,18,ADS,69.9,128.09964701916954,-442.13516,99.95162,-1.3220844,123.77391,15.376766,-28.60379,33.392014,-39.598564,-9.848849,-32.170174,-17.305412,-9.283717,-18.799435
FADS123,a,18,ADS,71.74,90.57191281917198,-409.9234,181.9187,-9.55686,16.485813,-80.68593,18.598911,15.159955,2.9051182,-1.2606795,-11.940879,5.338147,-4.8647194,8.744213
FADS123,a,18,ADS,72.74,70.00000000000739,-326.68634,191.89264,-56.655407,34.910748,-73.50279,-19.962233,26.43,-15.419268,0.74829483,-15.081894,-6.607275,5.162568,5.3989267
FADS123,u,18,ADS,79.33316260925542,86.83739074457719,-575.9389,130.53146,101.306656,31.05652,-12.119981,24.23307,-2.8141606,-24.475292,-9.997729,2.9070692,-3.735744,-13.850725,-12.152106
FADS123,u,18,ADS,90.1983271935221,161.6728064778954,-641.5677,183.65935,84.97659,52.996643,0.82879126,0.006721437,-0.36097336,-32.01718,-4.6623373,-1.8352925,-7.506445,8.290535,-4.8774595
FADS123,a,18,ADS,99.15771816169756,132.2818383024469,-395.39343,222.71033,-20.708277,16.853405,-68.59343,0.14689112,37.680794,0.77439,15.049936,-19.068365,-3.929154,3.4586449,-2.2369542
FADS123,u,18,ADS,100.66,40.00000000000625,-541.06903,191.80536,63.00235,46.507973,-44.15704,-26.305107,6.1634417,-27.201046,-1.7172798,-9.419465,-5.7290993,-15.934351,-18.589327
FADS123,a,18,ADS,103.01,120.87845977009692,-477.7108,218.43143,-12.708691,-5.3406262,-51.978897,-18.614384,19.920677,7.809249,0.342224,-11.37103,0.8801035,22.220808,5.572097
FADS123,i,9,ADS,9.79,100.00000000000142,-443.6117,86.39807,2.5410326,113.84012,4.785692,-18.027903,32.98777,-31.064302,4.9223557,-10.419865,-21.562527,9.172131,-13.826244
FADS123,u,9,ADS,11.69,130.0000000000008,-627.5789,136.00772,77.96769,50.8864,-33.76026,-17.70261,-19.388517,-23.527065,-1.8500726,-7.0988126,-2.1409605,-11.443338,-11.062284
FADS123,u,9,ADS,12.74,99.99999999999964,-489.31943,183.79504,34.138855,31.154099,-28.745686,-21.430038,20.136173,-36.51785,-13.404306,-24.678974,-11.916753,-26.407675,-22.743372
FADS123,u,9,ADS,12.97,219.99999999999886,-500.48843,194.30188,47.47809,58.13562,-39.0952,-11.514681,7.3178797,-31.823559,-2.9523525,-25.817837,18.465488,-0.53622836,-10.93663
FADS123,i,9,ADS,14.12,70.00000000000028,-430.35303,63.724003,-14.913843,135.94617,4.872921,-12.853317,30.438042,-36.16437,-8.915201,-38.67917,-29.085262,7.3116074,-29.62234
FADS123,u,9,ADS,21.94,121.43454500479933,-629.3191,129.12497,71.201324,59.079597,8.69957,-3.4789891,-22.607616,-18.5256,-11.422678,8.287134,4.6298656,-27.32542,-5.7361727
FADS123,u,9,ADS,26.83,150.00000000000213,-501.51736,159.1743,95.31499,34.764862,-30.743103,-7.2081413,-14.517017,-31.542316,-1.0640578,-15.4475565,-4.714594,3.8071742,-5.602353
FADS123,u,9,ADS,36.07,79.9999999999983,-513.15393,164.04346,56.90245,17.63611,-37.7743,-34.814648,8.117478,-51.747757,-10.6930065,-20.5742,-2.2559228,-6.1087456,-32.817913
FADS123,a,9,ADS,40.79,79.9999999999983,-343.89246,148.96893,-41.22612,16.7285,-22.353474,-9.601583,46.1653,-13.273291,-0.54087687,-14.740867,1.3172517,-1.4853907,-4.674223
FADS123,a,9,ADS,43.77,129.99999999999545,-350.7724,186.72531,-65.113495,18.84062,-66.256485,1.0810434,18.819965,1.3139952,6.847721,-10.265879,18.289886,-21.817654,13.489591
FADS123,i,9,ADS,51.68,170.0000000000017,-433.6126,59.423546,4.804509,116.84061,-11.439758,-1.7993295,20.879835,-27.027134,-1.7310133,-38.53569,3.8202598,-11.61008,-16.486412
FADS123,i,9,ADS,54.53,79.9999999999983,-489.58813,76.055115,37.827538,106.56288,3.905674,0.0288309,10.520821,-19.192184,-11.715843,-19.80879,-12.624483,8.337905,-24.111706
FADS123,a,9,ADS,58.55,120.89456026354384,-498.44165,172.6476,-2.9000318,-15.182878,-40.973618,-5.050787,18.596996,16.288818,-3.686798,-13.658524,5.7438345,7.251966,-5.423731
FADS123,a,9,ADS,59.7,79.9999999999983,-493.74927,181.49051,18.592236,0.13657834,-39.11065,10.378572,22.444962,9.840522,6.3135204,-15.351138,-14.135288,-4.628614,1.4477766
FADS123,a,9,ADS,61.19,90.00000000000341,-408.7974,183.66277,-37.349487,4.7214184,-43.134167,14.307876,32.819553,0.90112954,5.889085,2.584052,-15.003365,9.749189,-3.8047209
FADS123,i,9,ADS,63.95,79.9999999999983,-429.22076,45.937855,7.3316975,127.62182,-0.033296704,6.4797525,26.21987,-16.475895,-12.271055,-23.07512,-6.2911167,-4.4079885,-4.5477734
FADS123,i,9,ADS,68.11,40.00000000000625,-369.49203,90.608536,-29.380434,128.75377,2.7162094,-24.918848,19.17357,-17.034758,-16.34341,-32.938965,-3.7232707,-2.0032218,-9.305735
FADS123,i,9,ADS,68.33946913422007,60.32454476537907,-336.02484,90.86598,-10.819908,86.60466,16.590572,-21.536957,-8.956566,-18.58002,-7.7351756,-33.01898,-4.5804186,-9.804798,-10.534739
FADS123,a,9,ADS,68.56,90.00000000000341,-334.25272,190.38083,-63.742596,-7.6258698,-25.02357,-17.51817,25.672434,-10.124291,-3.338685,-3.078402,16.901688,11.968212,-3.8614244
FADS123,i,9,ADS,75.02867123467675,349.15115303594746,-487.2466,110.639725,9.073609,96.88751,23.730103,-1.3491031,28.234577,-17.737627,-14.157042,-34.08926,-8.88217,-27.666477,-18.569122
FADS123,i,9,ADS,77.08,70.00000000000739,-499.7353,113.53116,22.037025,93.66892,7.862098,14.320216,5.0060415,-10.960757,-3.7758245,-21.083431,-9.806328,-9.462594,-13.606408
FADS123,a,9,ADS,79.81,79.9999999999983,-341.1367,202.08478,-40.192425,6.81698,-62.30352,-37.99492,42.49138,-27.760468,14.303848,2.2726457,1.8175972,-3.8081043,8.112907
FADS123,a,9,ADS,80.66,94.65733750393213,-374.44812,176.0772,-26.444874,8.848936,-74.25676,-10.085793,14.472515,-10.066683,-10.357155,-8.1247425,3.5263453,-13.113882,10.607418
FADS123,u,9,ADS,82.93,199.99999999998863,-514.7403,204.65327,35.57908,29.604326,-42.778065,-27.841267,-14.438722,-28.72615,15.045519,-12.099628,-8.780231,-12.214842,-11.745589
FADS123,u,9,ADS,87.22,129.99999999999545,-553.0024,83.61938,54.551785,41.993523,12.3475895,-0.7810478,-33.180847,-17.381739,0.44122672,-6.6982346,-13.465601,-6.4340577,-0.663834
FADS123,u,9,ADS,97.59,90.00000000000341,-653.2719,174.06073,86.76801,31.852036,9.081465,-6.4834976,-9.933317,-8.683823,12.103368,-10.619499,1.2509742,6.701823,-9.293097
FADS123,a,9,ADS,107.13,200.00000000000284,-404.1787,201.35321,-42.23258,9.89189,-35.738632,-1.8431841,33.353,11.456539,15.558059,-12.810875,-13.358557,-6.637491,1.3045604
FADS123,u,9,ADS,108.6,114.52662439360495,-603.36395,181.56863,67.374,28.375824,-16.364182,-20.384438,-20.410692,-16.624086,-0.7048374,-6.2201138,-7.056573,0.6703626,2.682375
FADS124,i,9,ADS,7.44,59.99999999999961,-436.293,134.16556,-26.702484,126.44513,44.80036,-26.387077,8.670643,-14.938637,-9.01448,-7.508592,-8.486216,12.958227,1.7162817
FADS124,u,9,ADS,8.95,130.0000000000008,-494.09055,208.83536,12.879696,65.86351,-21.10697,-12.538765,3.181586,-6.103382,26.605427,-1.4216541,-0.7660564,8.147726,5.661262
FADS124,u,9,ADS,9.77,50.00000000000071,-410.0552,228.09747,-43.916203,63.388763,-23.369854,-5.854463,31.640736,-26.345125,-10.505077,-15.695227,3.6698766,25.086678,3.5410109
FADS124,u,9,ADS,9.99,209.9999999999991,-353.26736,211.16733,-38.545284,59.287323,-29.036491,-42.714966,27.088217,-24.842133,-18.767483,-10.3004875,-22.76779,10.006804,-5.3131723
FADS124,i,9,ADS,10.72668413422457,53.31586577542957,-396.3216,121.40694,-38.345306,155.7721,33.98064,-43.35897,26.378895,-23.344828,-5.4091506,-8.96759,-33.422775,4.24106,-1.0516013
FADS124,u,9,ADS,17.47,67.16593849992947,-424.29797,144.28294,55.98449,57.228333,-30.65976,-32.229034,13.902363,-7.285942,-13.325932,9.558358,-8.589144,-6.6609783,1.7199142
FADS124,u,9,ADS,20.02,100.41000659052202,-434.2765,186.05795,27.012386,65.01268,-15.977131,-20.177284,35.634666,-4.2462106,-30.502438,-13.8733635,-15.919592,-8.146622,1.8514342
FADS124,u,9,ADS,27.52,129.999999999999,-538.2105,202.03687,53.662704,90.13243,-32.555008,-23.163265,32.57582,-29.714245,-6.4118276,20.311283,-12.201014,-6.2336693,-8.216597
FADS124,u,9,ADS,28.72,140.00000000000057,-496.2137,190.11937,46.421215,77.95054,-26.210442,-19.791084,15.997502,-9.851389,-1.0237223,4.9652987,0.7005454,-6.7327027,-7.331149
FADS124,a,9,ADS,32.41,117.20305245882656,-391.09796,202.65967,-83.51256,30.271118,1.578694,-6.8133407,24.903267,-6.791425,5.294795,15.861456,20.691229,10.592517,-9.666685
FADS124,a,9,ADS,34.83,84.4573557926438,-402.59113,203.85942,-82.81017,2.5758233,-4.1866436,-0.56953,16.336246,7.5656366,-0.055611968,4.1368065,40.9495,9.534379,-14.991232
FADS124,i,9,ADS,40.19854350775316,94.02776143310376,-471.3336,118.43658,-27.65923,162.92542,34.753483,-25.665203,6.0749636,-21.072643,-9.928001,-10.576189,-8.182102,6.6196456,4.9776363
FADS124,i,9,ADS,42.39,130.00000000000256,-469.6484,123.386826,-22.491207,166.72191,46.160755,-19.508076,14.279863,-40.50966,-7.1699686,-1.6378334,-14.952265,11.591011,14.517757
FADS124,a,9,ADS,46.8,113.5554771797942,-397.61877,222.8418,-80.18637,48.69538,7.4593806,-8.000469,-8.596926,-34.26582,5.14495,-0.7365856,21.797657,28.446129,-5.1992207
FADS124,a,9,ADS,48.22,100.00000000000142,-313.2967,218.41107,-103.79399,46.600933,-20.851585,6.7228584,20.549957,-39.557293,7.6335306,8.280461,-11.555309,5.810852,-15.903852
FADS124,a,9,ADS,49.51,60.000000000002274,-403.43124,224.25806,-83.78158,34.4209,0.39370507,9.867956,21.408104,-19.440937,11.099781,3.5365813,15.986006,5.9977255,0.54514825
FADS124,i,9,ADS,56.94,43.304101098740944,-451.71866,124.11995,0.45495856,132.03174,1.8236909,-8.04855,1.0344472,-3.1632483,-2.8272483,-13.79594,5.397605,2.4406466,0.42740262
FADS124,i,9,ADS,57.29,50.00000000000426,-409.4844,113.94817,-14.734508,145.68454,35.44007,-17.540642,8.670973,-20.43605,0.9343421,-14.591499,-13.71422,-0.6612425,3.887014
FADS124,a,9,ADS,57.54,103.30244195240113,-304.13312,193.17264,-75.747635,47.364395,13.07692,-14.280736,-13.121752,-21.747334,13.699158,19.577587,12.606963,19.145107,-7.4204893
FADS124,i,9,ADS,63.20285308176102,127.14691823897795,-427.75433,133.30132,-26.725286,160.11522,-0.09225094,-19.592651,12.457483,-35.4591,1.6207948,-17.392832,-30.94953,6.759809,-6.6900644
FADS124,i,9,ADS,64.98,88.70218326779877,-431.85416,165.30371,-53.515633,119.28064,47.156715,-9.929882,-6.2058787,-22.81652,9.18755,-12.662746,-24.319683,11.180773,-0.5613727
FADS124,a,9,ADS,66.67,79.9999999999983,-311.40405,218.62941,-107.703445,51.713394,-35.526917,-7.1119328,13.852163,-27.063923,10.598319,4.6346297,8.884699,2.4326367,-22.356419
FADS124,a,9,ADS,67.31,74.7779428070885,-343.512,182.71573,-79.0549,51.674004,-32.328423,8.544281,6.9171295,-10.7309,7.995918,19.395191,14.845091,14.2583275,-12.198223
FADS124,i,9,ADS,69.91,49.99999999999716,-379.12027,175.41101,-58.76301,131.59897,26.728466,-22.98667,4.5294685,-30.768982,13.242137,-20.136757,-24.031143,11.177576,-16.59501
FADS124,u,9,ADS,81.81,93.2313380797467,-510.05182,203.79407,49.000675,71.41328,-29.042015,-21.021877,39.70718,-19.461737,-5.4163904,5.088603,-25.317669,-5.9411135,-15.150209
FADS124,a,9,ADS,89.3,150.00000000000568,-306.94513,184.82513,-25.45948,22.073195,-22.200863,6.718814,28.984123,-3.8835933,17.261692,20.761501,32.23432,21.935848,-0.3417623
FADS124,u,9,ADS,91.22,70.00000000000739,-488.16943,222.84418,17.494421,60.243042,-9.141997,-16.778547,39.9813,-11.032564,0.108147025,-23.06605,-26.407238,-14.706835,-4.74819
FADS124,a,9,ADS,93.58,120.00000000000455,-326.81464,213.91539,-80.67778,41.47779,-53.655018,1.249726,21.78675,-18.241375,5.928921,5.516388,20.568222,21.785002,-11.316559
FADS126,i,12,ADS,5.715970440991907,74.0295590080926,-419.7817,152.98,-15.555956,111.65933,11.221222,-6.960894,-17.029182,-19.193146,-11.382988,-27.678257,-9.998098,-5.779186,4.1609926
FADS126,u,12,ADS,6.82,169.99999999999994,-584.9647,216.95126,89.887024,47.850914,-38.710526,-5.540158,5.460634,-14.258075,1.773764,2.6359067,0.23797628,-27.53397,-17.472
FADS126,u,12,ADS,7.492534852944843,117.09678402061918,-549.3894,218.72192,52.621445,53.229866,-28.988186,-28.365799,13.763414,-19.703405,-6.139841,2.7392812,-7.3451233,-10.04056,-11.417793
FADS126,u,12,ADS,7.723725939344527,106.2740606554735,-501.53793,208.03856,19.432228,56.052166,-48.294884,-32.17675,26.349316,-20.54137,-16.959621,-10.608195,-23.939232,-20.595158,-12.614278
FADS126,i,12,ADS,8.26,70.00000000000028,-439.90836,151.79382,-6.6417437,105.471466,13.926659,-5.2246075,-16.999905,-13.263401,-17.712118,-43.545723,-9.8113365,-9.04603,-12.14195
FADS126,u,12,ADS,14.36,110.78181100944029,-623.62335,184.73523,73.43768,47.695755,-1.623409,-8.652639,-7.607541,-18.926725,-3.3252053,-2.4893298,-2.4680433,9.080086,-13.347775
FADS126,u,12,ADS,17.64573365605656,74.26634394343878,-487.77878,190.71457,47.92524,42.517334,-17.326647,-18.608204,1.3457614,-11.156569,-8.659327,-18.359013,-6.274833,-7.078396,-36.03179
FADS126,u,12,ADS,24.17,129.999999999999,-504.11627,185.22949,51.055187,47.515137,-33.488953,-17.534046,1.648088,-41.389957,-7.8150706,8.982786,-5.938053,-15.938561,-26.716532
FADS126,u,12,ADS,24.87,169.99999999999815,-557.0499,206.21744,63.58456,48.0531,-13.75498,35.92788,0.48074138,-24.351921,-24.106535,-13.57977,14.731698,-8.326204,-34.77956
FADS126,a,12,ADS,27.88,92.01525250809084,-350.17365,210.3076,-52.208435,28.458992,-39.451923,-11.615316,15.719526,-22.826569,-14.916348,-3.3874023,6.339748,11.800562,0.13074613
FADS126,a,12,ADS,30.33,110.00000000000298,-299.0123,198.09598,-97.79046,50.549805,-64.24426,-3.6002085,19.247263,-24.485298,2.7343445,-13.048107,16.48388,11.100799,-7.5149403
FADS126,i,12,ADS,36.74020208193552,69.79791806448077,-390.56616,136.37793,-41.59667,120.72676,0.77475226,-11.905643,-0.7267171,-37.93587,3.961494,-32.135506,-22.007805,1.9744405,-5.542186
FADS126,i,12,ADS,40.56,99.99999999999432,-419.12848,131.05933,-5.042493,119.999374,29.330866,-32.367115,7.586094,-39.971626,12.515037,-24.400663,-16.262373,10.735568,-5.219794
FADS126,a,12,ADS,43.586508530768,136.61291469072268,-371.24805,223.19405,-63.80926,35.336937,-37.751236,-5.7801757,3.8815145,-22.556095,10.344789,-19.0159,10.111895,19.171476,2.5160196
FADS126,a,12,ADS,44.9,100.00000000000142,-326.18475,187.09085,-62.91687,37.65679,-44.891983,-0.6948737,18.335197,-21.973692,2.5546415,1.4071662,24.826256,-11.157526,4.2151794
FADS126,a,12,ADS,45.78,100.00000000000142,-380.90085,208.04692,-33.843185,25.283,-45.210014,1.3126627,15.109781,-19.464647,9.864042,-7.902471,26.352528,-1.6970596,12.147275
FADS126,i,12,ADS,47.78302600587119,88.57320842584926,-377.38275,138.9049,-45.51013,125.53087,-8.180911,-14.76194,-16.960463,-32.757103,-3.9498303,-14.077149,-20.304691,-0.011294574,5.3701925
FADS126,i,12,ADS,51.71,60.000000000002274,-431.46503,141.03442,-28.742645,105.16919,30.974548,-30.113008,12.79348,-24.257008,-5.477005,-29.795033,-3.6530373,-6.2505226,5.6571198
FADS126,i,12,ADS,52.00146366836236,78.53633163763618,-388.15085,145.46439,-48.73912,106.274025,19.915993,-29.227964,3.7979183,-37.558685,6.9593515,-32.309875,-9.594162,5.753672,-9.854383
FADS126,a,12,ADS,52.30959028158358,80.4097184164192,-358.55023,221.60724,-88.44472,37.18605,-24.28782,-21.637096,8.566579,-29.55675,-2.1555977,-8.786076,10.67011,18.407625,-4.83972
FADS126,i,12,ADS,57.38491980079196,157.63028618160035,-410.23846,121.365265,-9.796885,116.09448,21.020922,-5.7822633,-17.61009,-17.77691,-6.034954,-36.623077,-1.6676347,-2.1298504,3.7172544
FADS126,i,12,ADS,58.7858243805849,96.07941252973973,-406.4224,125.86212,-12.938133,122.15954,12.468571,-9.43224,5.90871,-21.902512,4.682327,-31.698195,-22.794008,-0.16914463,-6.1518803
FADS126,a,12,ADS,59.99,89.9999999999963,-401.21555,202.49178,-30.745804,29.856575,-62.106804,-14.953509,13.081474,4.5812545,-5.387271,-12.524599,31.599333,2.6076183,10.632082
FADS126,a,12,ADS,61.0,104.24625685366351,-295.45377,192.73074,-65.852295,28.71551,-51.680218,-16.368053,19.51656,-39.711624,-7.530851,-3.8026443,22.392136,-9.249498,6.3746543
FADS126,u,12,ADS,65.62427499834776,115.72500165223687,-534.4827,203.7976,70.056015,59.878067,-43.76719,0.10858917,14.390701,-15.678742,-5.1949034,-16.540129,-3.0163085,-16.802351,-9.50317
FADS126,u,12,ADS,72.82,110.00000000001364,-480.2264,211.60762,25.31118,65.4514,-57.624496,-30.541515,20.451845,-36.93946,-12.755583,-1.9061534,-17.134647,-4.8640604,-15.110061
FADS126,a,12,ADS,78.55,120.00000000000455,-302.13666,198.15863,-80.87947,43.526573,-52.58036,-21.651953,25.204178,-30.91407,-4.8041487,-13.405731,15.902245,4.3006735,6.82367
FADS126,u,12,ADS,79.98,109.12410281584073,-530.428,218.57104,50.989975,60.68095,-37.640915,-23.529648,5.900758,-5.1415453,11.188373,-5.3054013,-12.018112,-1.1224973,-15.408012
FADS126,a,12,ADS,81.52,90.00000000000341,-366.26965,206.84906,-55.686928,30.66888,-43.096706,-4.1438046,9.753614,-25.230957,-7.070656,-24.578259,17.579609,2.3563364,6.117899
FADS126,i,15,ADS,5.08,120.00000000000011,-488.2609,149.45123,-12.612522,125.42256,32.36756,-28.557281,-8.910685,-34.725998,-18.202398,-37.085007,-2.2814145,-4.8608747,-3.6152215
FADS126,u,15,ADS,6.91,179.99999999999972,-590.08484,200.94719,71.12334,48.277477,-19.735432,-21.996023,-15.571986,-10.108437,-0.23359704,-5.07983,-1.5928485,-13.8375435,-26.962914
FADS126,u,15,ADS,7.47,100.00000000000054,-565.73627,212.21481,54.834084,35.908813,-46.497265,-7.31528,7.496772,-22.462639,-2.7942045,-30.249733,-14.48977,-5.9499393,-27.115067
FADS126,u,15,ADS,7.721842168289272,95.60649647852593,-557.9228,202.64299,45.67388,52.117363,-31.368492,-5.664877,10.0224285,-24.118824,-12.312567,-28.372894,-21.176977,-5.0004325,-10.407177
FADS126,i,15,ADS,8.18,99.99999999999964,-470.97668,116.76185,-19.938862,141.00635,-4.2822113,-39.262074,-15.271214,-23.899464,0.080601454,-28.85545,0.5344311,-0.26879302,-16.391327
FADS126,u,15,ADS,16.52441088091927,85.58911908072986,-552.579,206.34439,50.72412,30.212147,-6.2079678,2.5981605,6.673663,-16.003864,-5.759706,-10.533678,-19.205612,-15.418485,-17.927979
FADS126,u,15,ADS,22.21,149.99999999999858,-521.3918,179.72559,53.729347,72.312744,-60.47155,-2.8721302,-2.28434,-35.155197,10.950486,-22.778732,-5.9312763,-10.286336,-17.596584
FADS126,u,15,ADS,22.99,161.13377180696276,-550.9115,185.69739,44.14326,73.97305,-36.844437,-21.524326,-7.116974,-18.944658,10.413755,-8.025785,-7.0935135,2.8844967,-33.98038
FADS126,a,15,ADS,26.16,95.70870954837929,-399.3733,196.66466,-60.71884,30.39878,-50.156185,0.07472849,-2.9125886,-30.661972,3.1643353,2.5777998,17.607622,13.1072,-8.184965
FADS126,a,15,ADS,28.16,125.01348287729996,-360.95142,199.58151,-87.1663,57.76326,-48.393776,-7.3957586,5.7351,-22.984806,20.395386,-3.6222878,10.541744,13.754582,-21.392952
FADS126,i,15,ADS,35.00721205488744,99.76330067325279,-409.63123,110.84393,-38.215492,144.12439,2.3320215,-19.388191,-13.761413,-36.564453,-1.0767494,-25.44026,-11.167822,-6.6275444,-19.38533
FADS126,i,15,ADS,38.12,80.0000000000054,-439.66507,121.33534,-29.055986,140.0611,9.660401,-26.055119,-2.995041,-36.752205,-0.38829115,-27.690495,-14.434326,-0.92508554,-23.290565
FADS126,a,15,ADS,41.13921331121549,91.44969228379551,-392.60687,207.32004,-90.01976,25.370945,-39.02739,1.0042521,2.2279744,-25.662834,19.484259,-8.8938875,9.151272,22.553776,-8.628725
FADS126,a,15,ADS,42.20751874522791,117.42971850079442,-429.01825,190.27219,-46.119762,19.589127,-50.735794,17.04617,16.573639,-32.956944,-0.6360463,-3.8789117,21.03213,-1.1078813,-2.668303
FADS126,a,15,ADS,43.36,100.00000000000142,-436.01117,193.54811,-36.995262,43.86368,-52.504898,5.5661297,17.250427,-26.082047,7.6949162,-4.2158375,-7.592475,15.078299,-1.1369709
FADS126,i,15,ADS,45.41291682982064,74.82247550494492,-419.1503,122.838715,-42.92299,141.47192,-0.0017567277,-14.968056,-14.204089,-36.14965,-2.76252,-22.633148,-8.583654,7.179429,-1.0895084
FADS126,i,15,ADS,49.10178419902213,58.21580097786949,-468.44278,130.47878,-3.1444187,115.48001,20.463978,-17.335133,-11.858969,-26.104244,-9.080334,-28.496357,-11.307846,-6.507889,-4.6196804
FADS126,i,15,ADS,49.36927177112035,70.72822887964492,-460.56198,131.20108,-31.97495,126.59476,20.183632,-32.91749,-17.015295,-34.91475,-3.401624,-31.123135,0.58068997,5.1997156,-14.532824
FADS126,a,15,ADS,49.62331166497386,112.23371325739606,-373.66367,188.18864,-96.01737,46.347668,-27.015018,-3.2439833,-19.736443,-46.040386,6.071033,-2.0098767,15.342396,15.413997,-17.220963
FADS126,i,15,ADS,55.42084164411253,79.158355887472,-475.92197,108.744064,-13.793796,155.11809,9.134393,1.3379745,-4.6967373,-39.25232,-10.042381,-48.738564,-1.0601467,-1.3485979,-12.127306
FADS126,i,15,ADS,56.80684662262981,93.15337737018581,-511.27902,85.00914,26.645279,134.22775,4.4853325,4.1489825,-11.573942,-18.948887,-17.050556,-34.30343,4.3100085,-14.738883,-5.1575627
FADS126,a,15,ADS,58.26684827147695,83.15172852304897,-362.48224,142.04877,-36.501217,36.967026,-63.449078,3.7870915,7.909468,-25.09642,0.58648837,8.626849,12.480446,13.7459545,-3.9617877
FADS126,a,15,ADS,58.9064041646814,73.59583531859926,-391.43298,175.72202,-36.515648,19.904022,-49.415627,-3.2019632,15.673931,-40.05799,-1.4387486,2.637382,23.735489,14.652932,6.651882
FADS126,i,15,ADS,60.94,50.00000000000426,-426.76,172.91196,-21.2044,51.448532,9.850472,-1.4804525,-45.122963,-49.357483,16.212835,-27.511534,14.136392,-11.419876,-6.780532
FADS126,u,15,ADS,63.67532480095127,98.72409962456885,-579.2737,173.24728,58.234474,60.1295,-46.360306,4.5581884,7.6693354,-29.677368,7.1280947,-7.742141,-12.310707,-13.908403,-15.06212
FADS126,u,15,ADS,71.30876493271755,101.23506728244536,-514.0304,203.70587,52.312798,74.36235,-50.763947,-18.69935,3.561699,-24.200607,16.902435,-1.8295296,-12.165126,-5.6482162,-27.275251
FADS126,a,15,ADS,77.44064231826933,121.58652269552306,-362.33456,173.0398,-65.23068,55.94625,-58.780552,1.8951986,8.1222105,-36.449814,-6.684862,-2.0846794,31.382683,5.41713,11.464392
FADS126,u,15,ADS,78.88,97.29015858640366,-547.2618,193.80934,40.63569,62.930275,-35.55298,-14.374017,10.317747,-30.0778,5.9823523,-9.290144,-12.712448,-0.6408534,-15.358526
FADS126,a,15,ADS,80.84,107.03015007055683,-402.52997,186.86542,-40.274643,51.980232,-21.681135,-9.968131,2.2274933,-36.359253,1.816267,3.0980053,31.785385,10.795004,-5.603461
FADS126,i,18,ADS,4.770974478933208,111.2099394890187,-432.5053,153.58713,-16.099228,114.94895,20.317509,-29.008574,14.968933,-18.077765,-12.2002945,-34.871704,-16.564163,-11.145611,-6.289198
FADS126,u,18,ADS,5.94,169.99999999999994,-576.6835,177.27406,65.95265,56.691246,-14.426546,-3.7832189,15.90905,7.96103,10.782005,-18.710772,0.2329179,-12.382752,-29.155796
FADS126,u,18,ADS,6.696189769161799,103.81023083820118,-523.2856,213.9159,36.307796,44.114906,-44.13636,-17.921185,19.943771,-8.348014,-0.31264222,-14.71466,-6.386735,-9.107753,-12.285818
FADS126,u,18,ADS,6.950146795159109,99.85320484089044,-480.40802,196.89148,16.378702,52.811424,-64.96717,-13.965719,28.665512,-12.09394,-10.290731,-15.878914,-21.369835,-18.572508,-6.42193
FADS126,i,18,ADS,7.478525465038084,91.2917413715828,-429.5123,124.55581,-5.7796154,121.801445,0.86071914,-37.526443,15.065989,-13.330129,-6.336075,-36.064392,-4.5339584,-8.214157,1.6187032
FADS126,u,18,ADS,13.34258236216948,107.41763783051894,-524.8597,180.90451,79.371185,59.795303,-25.529577,-25.782917,5.2635794,-9.26469,-3.0928102,11.119966,-14.548365,-12.654961,-0.7104713
FADS126,u,18,ADS,15.92037525212918,73.0333930972602,-520.8327,207.62318,62.23803,36.00138,-29.4468,4.0819955,13.696499,-4.15362,4.894222,-31.203468,-25.202156,-10.579454,-16.177021
FADS126,u,18,ADS,22.04,130.00000000000256,-453.77264,162.18188,70.593216,38.758064,-37.547016,-12.746356,14.261253,-6.837452,-8.420925,-4.844984,-27.056599,-8.432983,-10.237489
FADS126,u,18,ADS,22.76,169.99999999999815,-524.8807,178.31955,41.876778,67.88365,-30.235165,-18.949226,-1.4124167,8.35462,5.9515047,-8.931527,-0.032115817,-2.2137594,-4.429658
FADS126,a,18,ADS,25.92,83.23670719407872,-317.465,199.81326,-62.009712,35.746883,-42.77066,-12.192884,22.895725,-8.687393,-13.451384,-6.8690557,5.2594543,15.520869,4.16133
FADS126,a,18,ADS,27.91240356062306,136.93761205736976,-328.4548,216.78452,-75.07727,11.488161,-42.044838,-5.1090517,4.343812,-15.542623,-3.015828,-6.7375154,15.353125,11.700186,-5.878037
FADS126,i,18,ADS,33.31570330008965,99.59099058718124,-364.93616,142.66331,-52.98161,132.0689,-6.0581636,-30.447994,14.272165,-29.272058,1.4651877,-35.538185,-15.375526,0.9888569,-9.836158
FADS126,i,18,ADS,35.26399019581915,101.2508404302892,-474.93832,128.06876,24.223228,111.02381,17.45538,-18.542152,18.734161,-20.291164,-5.437031,-46.472416,-16.963919,-5.2172184,-17.073917
FADS126,a,18,ADS,39.14,119.99999999999744,-289.16406,198.7779,-87.18651,-2.1561153,-29.620243,-17.278221,20.7639,-22.783436,9.697792,-13.617353,-7.475502,22.021553,-4.06546
FADS126,a,18,ADS,40.05022478793003,121.16903854773398,-310.28113,193.0466,-98.205475,7.3435555,-29.236454,-16.714159,20.644245,-23.794106,-4.674782,6.845195,5.0151043,13.2366295,-12.610315
FADS126,a,18,ADS,41.15,109.01835023385331,-382.99045,215.26053,-50.112465,12.167316,-21.474897,5.7322407,0.7990649,-4.750825,7.5808578,-18.469456,23.816593,11.108956,0.92144823
FADS126,i,18,ADS,43.1,99.95262858426202,-361.2787,111.176,-24.40078,131.422,-11.322702,-25.106014,15.8801365,-28.80996,7.2960052,-34.405216,-11.999375,-0.92187893,-8.565693
FADS126,i,18,ADS,46.9,39.99999999999915,-473.88947,143.26926,8.531669,111.10349,6.5366554,-0.106484085,3.9125454,-19.700493,4.211344,-44.369865,-16.915192,-4.937953,-6.640673
FADS126,i,18,ADS,47.17123470500716,76.35309278349922,-387.1268,125.84308,-8.734022,108.00874,7.418886,-26.711805,8.791634,-16.749203,-4.753489,-40.873188,-0.827597,-6.175909,-13.427721
FADS126,a,18,ADS,47.46711085359522,82.8891464047743,-323.24432,213.44167,-89.79671,18.469978,-19.713993,-7.5376453,-4.490819,-16.671326,-2.4746556,-4.2595544,9.869648,14.605759,-1.7488678
FADS126,i,18,ADS,52.79,130.00000000000256,-438.15125,100.61959,48.039196,135.06554,-16.561634,20.91944,20.088238,-22.614925,6.1037264,-35.58058,-5.8150926,-18.31062,-7.96725
FADS126,i,18,ADS,54.06,120.13136009415604,-425.98123,121.46718,16.25793,110.461136,23.129618,-22.26701,26.905647,-23.252583,0.34029353,-37.961525,-4.787587,-15.600637,-12.803518
FADS126,a,18,ADS,55.26856671327711,97.93114074405906,-349.87436,190.07483,-32.91469,36.547363,-81.66339,5.847176,31.96506,-4.2189627,-14.89591,14.68881,27.063921,-11.634091,16.189148
FADS126,a,18,ADS,56.15,70.00000000000028,-363.46667,209.51396,-13.474289,21.698114,-63.20493,19.472057,18.463665,-22.612373,-9.808821,-4.0666533,23.055347,-0.551711,-1.1202722
FADS126,i,18,ADS,57.88,55.345809892195064,-368.45587,199.35406,-56.000057,49.898613,14.269364,-28.979664,-19.121868,-27.804026,-3.08032,-16.28822,-2.20978,-23.425581,5.3136034
FADS126,u,18,ADS,61.12482474310582,105.17525689417795,-507.09503,219.76257,60.20027,48.19535,-48.641464,8.578531,28.451807,-6.732893,-4.990554,-15.129308,-11.503724,-17.526503,2.442533
FADS126,u,18,ADS,67.93,109.99999999999943,-476.87747,210.735,61.95943,65.5561,-43.569054,-14.055922,9.7125,-9.283903,14.8421,-4.3661957,-9.660298,-4.0106916,-5.6558433
FADS126,a,18,ADS,74.08,159.56813172005013,-304.42218,202.02979,-57.57692,36.587547,-73.81081,19.379932,14.273946,-13.830547,-10.104491,-2.323398,19.041664,1.673871,8.501339
FADS126,u,18,ADS,75.29,80.09662230715264,-536.9685,223.60652,71.086716,47.10514,-49.13866,5.0409174,18.36718,-11.935896,19.779736,-14.005339,-17.119942,-15.284582,-15.640742
FADS126,a,18,ADS,77.07658306336486,134.44783729268295,-325.90353,207.97516,-40.834846,10.957778,-39.150032,-7.389971,11.379202,-24.640837,-20.458187,-7.560398,13.62789,2.863197,7.161001
FADS126,i,9,ADS,7.4,59.99999999999961,-415.80087,123.4854,-26.07138,111.68506,27.411476,-28.774418,8.33293,-30.237469,-13.778751,-42.80961,-18.040285,-9.924535,-7.769617
FADS126,u,9,ADS,8.74,169.99999999999994,-534.73254,219.74191,37.27753,51.088257,-17.331676,-30.505688,7.801196,12.099232,-12.776614,-6.6449795,11.402773,-5.7412844,-1.3478218
FADS126,u,9,ADS,9.69,110.00000000000121,-523.1622,225.56714,40.408863,48.840446,-27.100298,-17.841124,26.171476,-19.663122,-6.425568,-7.048895,-6.162326,-12.123958,-24.89439
FADS126,u,9,ADS,9.92,119.99999999999922,-518.55115,214.07983,25.635723,49.772747,-43.86343,-21.523197,26.010067,-19.462273,-13.191563,-19.389038,-13.88587,-5.0831842,-17.77921
FADS126,i,9,ADS,10.49,70.00000000000028,-494.5,123.799,34.402912,85.6758,23.600813,-11.72949,-1.8647738,-31.170622,-14.832367,-51.043816,-10.8476925,5.137725,-28.844225
FADS126,u,9,ADS,16.74,117.39216411012166,-556.7742,175.23988,77.81192,52.11236,-12.823934,-15.601383,-18.399618,-15.59083,-10.596241,-6.491124,-7.0697055,-5.549469,-21.56389
FADS126,u,9,ADS,20.59,80.00000000000185,-477.2784,160.16763,40.73635,41.78897,-37.188366,15.742613,23.224167,-3.1294723,-3.2438662,-28.467884,-3.6513033,-5.2267313,-12.947435
FADS126,u,9,ADS,27.75,129.999999999999,-504.99936,204.41946,23.532085,57.501373,-41.388325,-10.347606,17.55989,-32.756634,14.368591,-16.26858,-18.671135,-8.883976,-21.674091
FADS126,u,9,ADS,28.53,160.00000000000014,-582.3523,216.97418,82.72614,45.239117,-13.144615,5.3739758,0.3979094,-10.5659685,10.258349,-13.503649,-1.3488815,5.181359,-21.08799
FADS126,a,9,ADS,32.03,79.9999999999983,-393.8672,216.98236,-49.360832,17.227919,-25.061787,-9.411991,19.8768,-15.632481,-11.955128,-8.287905,21.832333,5.086464,6.3667297
FADS126,a,9,ADS,34.69,109.99999999999943,-318.2186,189.86575,-94.56528,20.696291,-33.698616,-19.270779,20.16369,-24.485985,9.325894,-15.485804,23.62995,6.3488855,0.22598004
FADS126,i,9,ADS,40.48760612538088,82.39387461912173,-407.54257,90.999405,-31.137669,129.55199,8.438179,-20.170448,6.3863726,-29.068378,-5.0521083,-26.583588,-19.152094,6.1962366,-5.230734
FADS126,i,9,ADS,43.63841796796888,91.58203203111981,-467.08035,120.6261,22.089573,96.87479,14.9018955,-4.52495,2.556066,-45.167595,-1.7041534,-34.848076,-21.897865,7.423011,-2.7144809
FADS126,a,9,ADS,47.18,79.9999999999983,-405.69812,213.58923,-74.86643,22.554813,-32.89713,-8.7393875,15.194382,-22.42162,-4.9969735,-20.237865,4.6455793,25.577295,-1.5715054
FADS126,a,9,ADS,48.47,109.99999999999943,-379.3879,217.81232,-78.29355,16.018959,-22.507,-14.858828,28.380991,-17.858847,-1.2733126,-13.461454,24.508247,3.3481855,-0.7738229
FADS126,a,9,ADS,49.61,119.99999999999744,-440.05838,204.3135,-31.657635,20.99661,-31.039665,1.6805211,29.390697,-12.478203,0.82609266,-6.4962997,31.906353,16.156712,3.7408054
FADS126,i,9,ADS,51.90915599656513,72.3665943913403,-441.66293,118.87544,-37.590866,127.72016,4.779744,-18.889,-6.6134624,-22.161999,-13.974308,-31.022787,-27.392174,-0.09179509,-0.05495155
FADS126,i,9,ADS,56.05,50.00000000000426,-487.71344,71.12168,56.117947,61.90888,39.12702,-9.802272,5.023123,-12.884487,-21.97267,-14.182384,-40.158386,11.106361,-3.5306244
FADS126,i,9,ADS,56.37251166551802,68.27037206730324,-425.0871,126.032425,-40.11796,117.83833,21.814503,-35.975334,11.266491,-30.58471,-18.495373,-29.915272,-22.076265,12.882126,-15.792299
FADS126,a,9,ADS,56.68753181705046,92.4681829495384,-423.51184,210.96968,-42.676033,15.263557,-37.3692,1.4583106,-5.814799,-15.467237,-6.2501545,-22.016834,30.938774,18.62889,13.753563
FADS126,i,9,ADS,62.89,119.99999999999744,-431.92712,100.80295,-3.228093,126.45328,12.597052,-4.6874933,16.37587,-37.58027,-2.886921,-34.595207,-18.969572,5.2454944,-12.187523
FADS126,i,9,ADS,64.35,90.00000000000341,-486.72366,90.18442,44.41439,105.276184,-0.040355325,8.780947,17.665886,-34.471844,-12.39036,-37.26986,-7.557368,-14.431496,-10.518229
FADS126,a,9,ADS,65.77,109.99999999999943,-410.69904,198.715,-36.37417,25.948906,-53.630653,-10.322955,23.470123,-4.767862,-8.447322,-14.808411,28.405342,7.2563405,21.092838
FADS126,a,9,ADS,66.89,69.99999999999318,-353.48352,192.33025,-56.88924,23.636385,-33.88797,-10.2535305,33.62627,-38.261963,-18.467255,-17.457567,24.887112,5.7145834,29.828129
FADS126,i,9,ADS,69.15,49.99999999999716,-411.19977,176.30585,-43.072895,53.86936,40.625893,-8.180748,-22.313389,-32.890396,12.534896,-34.59305,-5.3798413,-6.374778,-0.60570925
FADS126,u,9,ADS,71.90194908093477,106.50178042499192,-578.70917,152.50848,88.511765,62.92,-28.399673,-6.346002,5.168687,-8.609281,-18.604973,-24.820213,-11.391603,-24.935097,-8.2469
FADS126,u,9,ADS,79.18,139.99999999998636,-527.77374,191.60548,27.637081,62.094837,-38.49431,5.9385176,11.190697,-36.076797,-7.479893,-9.812975,9.402023,6.1898527,-25.136082
FADS126,a,9,ADS,86.18,129.99999999999545,-339.60007,197.52052,-72.18701,47.017242,-60.723335,-4.6801944,16.437077,-36.456,-6.994947,-14.587793,19.629438,15.805031,0.33308613
FADS126,u,9,ADS,87.43,99.99999999999432,-551.8621,208.83691,58.213387,49.537224,-38.74688,-5.3562984,10.952007,-26.945744,-3.8235006,-5.6439276,-15.469718,-4.6980433,-22.110409
FADS126,a,9,ADS,90.36,113.52231862514373,-389.83664,203.69165,-40.682877,3.8894992,-49.78862,-3.25343,7.7519875,-23.769547,-4.8668685,-25.295967,20.513233,15.535595,6.432949
FADS127,i,12,ADS,5.386026185119191,113.9738148808087,-510.7039,86.0705,44.767097,103.816315,18.39767,-3.544494,7.2379513,-22.551487,-14.78993,-31.219038,3.7047641,-0.7902983,-16.063368
FADS127,u,12,ADS,6.91,189.9999999999995,-585.01117,191.08897,79.8497,57.257477,-30.51843,9.1119175,-13.6865635,-28.281622,9.87587,-6.99504,12.586422,-9.817354,-14.249823
FADS127,u,12,ADS,7.86,139.9999999999997,-568.9448,195.3859,83.72211,56.7529,-33.833927,0.842271,4.1083274,-41.328766,-2.2537625,-4.599717,13.389662,-8.485031,-15.716459
FADS127,u,12,ADS,8.162047478014227,161.8317087940486,-528.5853,182.66504,69.54237,71.72345,-53.605194,11.670399,-6.9868813,-33.35091,0.70585877,-10.419541,21.047104,-26.80156,-16.931019
FADS127,i,12,ADS,9.37,110.00000000000121,-468.983,103.840576,20.501995,137.19498,-15.615812,12.933598,-0.7005733,-25.892544,-2.3478332,-34.90281,8.254667,-7.676735,-24.308472
FADS127,u,12,ADS,18.8989055954826,141.09440451739985,-498.48886,135.2725,84.317245,39.865593,-18.324337,-25.715885,-20.966516,-22.772377,-11.247479,-6.6512995,4.5085793,-7.0321226,-13.682338
FADS127,u,12,ADS,22.97250238100319,102.71952773754123,-586.9269,203.36438,73.756775,63.55555,-29.813675,3.1566176,7.2342687,-35.340775,-11.93712,-9.162886,0.37830707,-1.819107,-15.036335
FADS127,u,12,ADS,30.85,129.999999999999,-513.6361,164.5458,88.81652,39.526215,-11.983022,-7.76429,1.5795573,-10.6317005,-2.6569877,7.307004,6.035552,1.9401075,1.2732214
FADS127,u,12,ADS,31.87592097493481,164.07902506518823,-596.2679,195.18134,72.00209,36.390335,-11.663759,-7.103468,-7.088781,-14.764025,-4.1051927,2.2927775,4.386484,-13.546173,-17.556156
FADS127,a,12,ADS,37.04,109.99999999999943,-359.4088,179.45953,-29.654778,23.466957,-39.081444,30.17212,21.376005,-7.2830524,7.0144663,1.4273207,25.414106,3.06593,-0.029337406
FADS127,a,12,ADS,40.03,79.9999999999983,-363.82352,167.90979,-31.607822,4.5811567,-46.30059,29.089417,11.659499,-14.303412,-7.8482766,-1.2451272,11.907932,-12.640628,6.9758544
FADS127,i,12,ADS,51.66685253674693,173.1474632530734,-493.7216,95.420685,30.714474,124.90938,3.271515,9.338319,4.642892,-16.874203,-4.3798504,-22.612293,-21.303402,-10.243858,-26.341019
FADS127,i,12,ADS,54.19143755578868,108.56244421131578,-496.41623,108.22128,21.31297,138.12946,18.38491,10.419553,-13.858006,-33.14288,-14.58946,-15.852197,-10.692234,-3.8411195,-9.908616
FADS127,a,12,ADS,59.05854968329353,131.45031670647,-438.69727,190.9198,-1.0088027,10.232065,-43.837654,-3.892829,11.916,-13.469015,-7.4897246,8.344662,12.654876,-12.614755,10.055391
FADS127,a,12,ADS,61.89,140.00000000000057,-388.8936,152.52646,4.5001125,4.0120792,-60.175087,37.693073,0.7491143,-8.782631,13.984737,-4.375828,10.404614,-11.585358,5.133896
FADS127,i,12,ADS,65.31575626206693,94.24373793306984,-492.24213,97.07463,28.204323,140.10077,18.97147,6.585962,-9.7451935,-31.710299,-6.5484395,-12.757187,-28.469921,-8.460908,-11.892107
FADS127,i,12,ADS,71.05,60.000000000002274,-483.37878,114.48289,4.3559117,153.11095,-2.29538,-11.01795,-5.6451817,-28.832708,9.018831,-39.3851,-19.036282,-15.558802,-9.715834
FADS127,i,12,ADS,71.96346904948211,66.53095051788682,-465.30737,106.5608,4.2451973,144.90146,0.342008,-10.597224,-16.790194,-37.67609,2.1037612,-29.777573,-16.805395,-14.692371,-17.787212
FADS127,a,12,ADS,72.325391838313,104.60816168701115,-409.29208,187.94583,-31.886276,25.357382,-40.747574,8.297196,-2.4061928,-27.17414,-3.161278,-2.3699002,20.507303,-6.6072407,8.398833
FADS127,i,12,ADS,79.76749426663268,132.5057333673243,-484.41772,95.51355,37.210236,146.94092,-17.088661,-0.97282517,0.63479173,-32.370453,7.970004,-39.20759,3.6107488,-8.30002,-14.819663
FADS127,i,12,ADS,81.37,179.9999999999926,-532.71924,85.96817,45.020046,148.94876,16.988016,-2.2772408,-21.063421,-34.1829,1.5901502,-30.485693,-5.6212263,-0.88234735,-5.5654783
FADS127,a,12,ADS,83.69,109.99999999999943,-373.3546,161.44943,-1.972122,34.01481,-89.41172,0.15324274,-8.087145,3.0803607,14.490554,2.35422,-1.7256281,-17.393164,16.182758
FADS127,a,12,ADS,84.7,99.99999999999432,-382.62878,158.06534,9.42375,35.001747,-80.35692,4.5163937,-5.2942886,-15.920952,8.572042,-7.0466485,-3.8855886,-14.038073,23.004383
FADS127,i,12,ADS,88.25,63.12130413144246,-416.98093,124.382385,-10.203718,124.7608,-4.6458793,-5.8987455,-33.732693,-28.54729,11.357639,-36.94098,-2.979385,-3.3085814,5.043266
FADS127,u,12,ADS,92.04857717004631,121.42282995368703,-598.98486,200.75427,87.57477,58.601707,-24.99324,-24.312626,-7.5862646,-40.581207,0.47240144,-7.007329,-12.020893,-0.9001632,3.4735847
FADS127,u,12,ADS,102.73,109.99999999999943,-561.1165,192.71803,71.03548,81.38013,-36.946815,-8.147008,-8.688557,-23.235558,20.318851,-10.061316,-10.848261,-0.8022132,-11.367148
FADS127,a,12,ADS,113.12,170.0000000000017,-392.47327,158.68616,3.7112377,23.114927,-69.02763,-2.4046028,-2.818228,1.8750268,22.318333,-17.607792,-1.9094903,-3.2189252,4.3237295
FADS127,u,12,ADS,116.56,130.33638352050048,-597.9155,185.47308,88.76917,63.746185,-28.655138,-22.839905,-17.916767,-15.994023,12.842485,-8.328192,5.5500646,-11.117925,-12.176943
FADS127,u,12,ADS,118.5475067332118,215.1295769597965,-643.0866,169.84091,89.247734,47.772163,-23.773537,-23.920898,-23.327686,-25.606766,-5.094573,-4.4983053,-5.0578527,10.824036,-7.930414
FADS127,a,12,ADS,120.4275627502422,175.3984388725911,-407.03308,164.56113,4.148164,23.116493,-62.211666,-21.547905,1.8997418,4.7578526,15.40441,-28.772774,10.502176,-2.715832,0.5207719
FADS127,u,9,ADS,8.96,199.9999999999993,-498.878,209.66733,75.112656,61.044655,-36.565033,-2.1108656,-8.404063,-5.1717114,3.8617768,-13.930498,14.299046,-8.373377,-8.573755
FADS127,u,9,ADS,9.78,150.00000000000034,-506.64355,214.16246,59.047462,42.715096,-30.976639,-0.47307342,-4.174739,-32.215443,16.41877,-28.265678,-1.6728737,-16.983147,-5.1307836
FADS127,u,9,ADS,10.18,230.00000000000043,-529.7083,200.59439,93.60829,66.97164,-55.306442,-14.716354,-5.7725883,-36.175056,12.956312,-22.33148,-9.302688,-25.904356,-4.5392346
FADS127,i,9,ADS,10.87,180.00000000000148,-382.90512,122.12094,-8.320636,140.67775,-17.380238,1.9739121,17.615784,-13.843695,-1.6038418,-51.485058,9.315597,-15.823299,-21.242908
FADS127,u,9,ADS,19.73,140.00000000000057,-552.18713,198.2496,112.38044,58.751698,-55.606483,-0.9333806,-12.567937,-44.566093,9.495038,-20.22282,10.800377,-9.981945,-11.449432
FADS127,u,9,ADS,23.68314736316255,126.85263683744807,-507.01126,206.5061,98.7505,61.43666,-53.423042,4.0158057,14.169079,-28.85464,18.095425,-16.271416,3.5384917,-1.5807252,3.638206
FADS127,u,9,ADS,33.73,150.00000000000568,-515.15674,225.63315,88.280685,37.24207,-34.173805,8.173225,-12.760061,-22.94046,-2.379868,-6.8992367,19.72311,-18.28301,-16.041847
FADS127,u,9,ADS,34.63,169.9999999999946,-632.00226,175.53067,115.256966,61.290657,-6.385428,9.184995,-6.398041,-14.942213,5.697837,-6.0262556,15.035572,-4.138151,13.621725
FADS127,a,9,ADS,40.45,140.00000000000057,-283.77716,198.38611,-17.898842,-2.8122742,-46.284767,8.075531,29.656353,-12.981131,15.392258,-24.679539,9.361526,2.6020856,0.1831764
FADS127,a,9,ADS,43.52,109.99999999999943,-321.8379,204.88542,-4.369808,-20.246243,-38.439247,6.3427553,14.832454,7.9214635,-4.1976233,-16.210445,7.3095274,-7.9048567,-0.84789085
FADS127,i,9,ADS,53.34727008598092,202.72991401908058,-484.8019,92.67717,74.349304,116.40257,-5.9167905,22.952396,4.18221,-0.31108764,2.8386889,-42.989914,-8.022812,-6.104103,-21.229582
FADS127,i,9,ADS,56.51,160.0000000000037,-409.4396,101.04345,14.122475,143.67331,-30.371964,11.832312,16.80328,-25.627682,10.186512,-49.740875,7.6411304,-8.51078,-26.415081
FADS127,a,9,ADS,62.28805860182371,131.9413981762949,-297.4415,210.14032,-43.023056,18.275028,-64.2222,1.2527305,28.566763,-17.863003,13.30183,-23.196676,25.667736,4.501169,-1.6114666
FADS127,a,9,ADS,64.23,170.0000000000017,-320.01874,204.64673,-29.668167,1.8831098,-49.86067,10.633705,25.139565,-22.622831,23.744432,-30.78654,6.968404,4.876296,-7.3762407
FADS127,a,9,ADS,65.91,180.00000000000682,-342.21347,195.10143,1.3097749,14.122365,-72.93968,18.388235,19.465866,-5.3353806,26.040686,-25.201376,17.847372,11.832794,-0.32937214
FADS127,i,9,ADS,69.56561146927135,103.07227452368295,-377.35556,120.46666,5.4818354,124.93727,-21.626875,-1.2579639,11.426691,-19.304235,16.400223,-35.33686,-1.6360424,3.2182066,-25.00841
FADS127,i,9,ADS,78.24,79.9999999999983,-393.8334,131.98087,24.474623,91.77208,-8.49173,-3.5495353,-20.391834,3.2828126,-6.8252964,-33.837246,-3.3373637,-7.892831,-13.438065
FADS127,i,9,ADS,78.64,120.00000000000455,-375.85226,125.58275,-23.679882,129.95926,-21.824846,2.0037475,12.735882,-24.66922,1.5224161,-45.61892,1.0325316,-9.427509,-23.1897
FADS127,a,9,ADS,79.06,109.99999999999943,-318.27176,203.2425,-45.79724,27.495144,-56.90005,13.274982,16.121418,-6.479124,-1.8184372,-18.374472,23.750921,5.7005477,-6.267931
FADS127,i,9,ADS,85.31,120.00000000000455,-462.52393,99.87246,30.380363,131.79878,-19.542938,13.787379,18.871391,-13.210228,0.53249264,-41.192383,4.281248,-18.95179,-17.403091
FADS127,i,9,ADS,87.34,159.9999999999966,-412.23257,90.004005,26.095257,141.2384,-19.901297,24.940014,17.289303,-8.014376,7.1599936,-43.054462,8.229048,-12.5356655,-20.890892
FADS127,a,9,ADS,90.0,129.99999999999545,-296.5726,186.90744,-33.603367,2.4319339,-35.406223,19.827942,8.020145,-19.576633,10.16753,6.043318,22.558691,-7.484022,-14.9718485
FADS127,a,9,ADS,91.20777842623136,119.06624815668465,-318.07465,188.17242,19.002048,-3.383265,-64.6227,-8.984727,16.810427,1.0898099,7.0713563,1.0577952,12.13387,-9.460949,13.197885
FADS127,i,9,ADS,93.59,49.99999999999716,-365.70004,159.31396,-34.904762,90.6707,-2.5587647,8.580671,-21.213707,-26.752827,11.262784,-34.885086,-1.7791619,-14.22615,-7.771078
FADS127,u,9,ADS,97.48751355622584,132.48644377416952,-534.2385,220.9296,95.71315,45.81374,-31.968548,-17.57203,7.4437103,-32.570293,15.789032,1.473403,3.6724558,-18.613003,-0.50919306
FADS127,u,9,ADS,108.56,140.00000000000057,-516.221,206.982,83.346466,40.67347,-45.00374,3.8588758,-4.3169804,-34.373486,15.894532,-19.204292,0.58527565,-17.470348,5.440614
FADS127,a,9,ADS,119.34,189.99999999999773,-372.83585,199.24933,6.077894,-20.34312,-51.638695,19.419691,3.504115,8.095486,-21.404747,0.36406642,-3.414706,-14.465183,6.043621
FADS127,u,9,ADS,122.63,100.00000000000853,-530.4467,217.12747,86.099945,48.714794,-29.67621,2.8863547,-7.703416,-12.751898,-3.161353,-7.775745,19.266773,-12.677667,1.8975538
FADS127,u,9,ADS,124.9799570066272,293.222849938104,-421.42807,186.5459,57.304287,25.96655,-57.779934,-6.412806,-12.237365,-15.032041,7.2150173,-17.846043,9.639343,-8.20087,-3.4146907
FADS127,a,9,ADS,126.52,150.00000000000568,-345.47885,206.48605,1.8176293,-1.1966785,-61.67305,-2.0105114,27.106436,-9.995163,-7.565571,-9.673972,7.228079,0.2272692,13.453491
FADS128,i,12,ADS,7.619975496507228,150.0245034927712,-501.0328,79.45387,42.735916,111.309235,22.761677,10.191902,-2.1273332,-28.009449,9.617907,-40.346684,-9.226142,6.7869024,-8.145585
FADS128,u,12,ADS,10.24,150.00000000000034,-695.1109,116.03117,48.964203,41.903477,-0.48422098,-10.201461,-28.268688,-28.661055,-16.502502,-0.830445,-3.1665363,0.5074291,-10.350506
FADS128,u,12,ADS,11.91349362898312,196.50637101687886,-586.21173,185.66745,67.145096,23.634703,-24.356583,-26.620108,-17.071793,-19.356865,-16.889482,-15.622413,2.2970688,-3.2472544,-32.25193
FADS128,u,12,ADS,12.38451319143408,235.48680856591986,-571.42957,187.92705,48.87487,34.732086,-35.64453,-33.646755,-22.414394,-11.8064,11.87583,-13.328359,2.2827575,-7.2480564,-22.950085
FADS128,i,12,ADS,13.21,109.99999999999943,-499.61996,107.380035,31.32872,93.73607,20.425314,-8.526165,3.52537,-23.610735,-10.973032,-20.905565,-24.402414,-2.2117038,8.805226
FADS128,u,12,ADS,21.98,159.1579711606279,-625.26276,116.55975,87.274345,51.13038,13.926125,-11.117416,-19.373066,-9.167548,-7.409713,5.9501915,3.5777848,0.012923598,1.62116
FADS128,u,12,ADS,26.4679136691573,124.58679578745802,-612.7191,191.72334,74.742584,37.230453,-28.987776,-5.6702566,-11.460485,-25.444519,-1.8587549,-20.818205,-4.379173,-5.8846483,-16.816328
FADS128,u,12,ADS,36.9467528860037,130.73923014734135,-560.7115,197.76022,54.819138,13.6807,-36.064045,-10.670334,1.8911834,-13.380037,-10.477847,-2.9630437,-13.71032,-22.582865,-21.226114
FADS128,u,12,ADS,38.36,140.00000000000057,-553.1408,208.42834,33.670296,20.488333,-7.025464,-5.0159,-6.5213256,-28.912762,-19.240465,-6.6423855,2.3223026,-12.11654,-14.697652
FADS128,a,12,ADS,43.55037004082141,103.05327552789834,-365.24533,185.50871,-80.126495,9.943373,-43.60859,-6.1430125,27.716988,-11.637828,13.546153,-16.171377,14.826128,13.033825,-19.419664
FADS128,a,12,ADS,46.98,160.0000000000037,-361.032,196.81186,-69.36181,23.749916,-55.091213,-10.740793,43.308685,-12.801716,24.198296,-14.723601,-6.3581805,15.223013,-10.726456
FADS128,i,12,ADS,55.2755391746278,114.46082537219837,-441.43015,86.0173,25.33588,113.40587,0.57013774,6.4011984,5.0741944,-37.56407,10.017972,-46.050453,-9.752855,-11.614214,-15.960794
FADS128,i,12,ADS,57.75,90.00000000000341,-482.57983,107.054344,28.986835,94.85483,17.690393,10.495945,10.985207,-43.47428,25.697475,-41.409424,-22.14,-4.6817627,-2.928072
FADS128,a,12,ADS,62.90553671804003,104.59138411786029,-425.27673,217.76215,-55.906754,-16.764807,-21.502617,23.820972,-25.388184,3.2561874,14.836054,-27.212257,18.368006,-0.10107851,-9.872362
FADS128,a,12,ADS,64.44,128.60144151602526,-466.9508,159.11823,-0.7939753,-7.663913,-62.135296,23.66719,20.029882,-28.318665,17.252064,-20.043186,-7.0550857,2.0504074,-17.33797
FADS128,a,12,ADS,66.05208894922775,118.4343614275889,-458.6489,196.85474,-3.0760043,-13.379686,-45.655144,9.934304,29.163431,-12.06501,22.854095,-16.950695,-2.9890044,1.8248198,-11.48764
FADS128,i,12,ADS,69.17758177078349,102.41822921651078,-524.44934,76.62409,56.275635,93.72256,-3.1145043,17.91492,8.651877,-47.424503,13.189709,-55.047844,-16.247644,-8.086719,-21.42397
FADS128,i,12,ADS,75.32,50.00000000001137,-429.37854,130.69014,-6.984225,81.03967,43.021847,-31.3162,1.1224058,-7.9138947,22.096645,-58.73957,-19.087616,15.033176,-12.272499
FADS128,i,12,ADS,75.75261106040911,97.38893959088557,-487.42786,67.37979,24.165485,111.068436,5.464779,-3.6751852,-7.8574276,-34.437958,-3.7739263,-56.601997,-9.991777,-14.649941,-13.1086855
FADS128,a,12,ADS,76.19403607418799,104.59138411786739,-394.1355,207.72739,-74.88639,11.758457,-27.712978,24.146051,-10.71501,-4.92193,19.397526,-29.860598,13.43572,9.887432,3.0273325
FADS128,i,12,ADS,83.2,170.0000000000017,-493.97302,75.02369,49.310165,112.17432,-0.6231421,5.7559505,17.282406,-44.988594,-4.1581016,-32.505337,-23.412025,3.056434,-25.840982
FADS128,i,12,ADS,85.7,140.00000000000057,-517.436,103.714645,54.9943,102.288574,6.0854416,4.2884827,9.248718,-22.090698,17.600807,-32.33818,-8.642629,5.061024,-12.7710285
FADS128,a,12,ADS,87.67227538905054,84.59597244828387,-407.49323,192.38036,-78.40753,-16.89845,-41.783524,-5.2346497,-1.8545737,-18.57335,9.522996,-32.391575,8.945086,1.3623993,-23.360825
FADS128,a,12,ADS,88.75,79.9999999999983,-357.5479,188.91165,-58.645233,-6.3851724,-33.63976,9.881938,15.304941,1.429358,25.374062,-27.212273,12.554783,2.330534,-14.872921
FADS128,i,12,ADS,91.59534090475776,54.65909524224344,-421.2825,175.62366,-43.21205,54.2583,10.360699,-13.622171,-20.662233,-52.0557,4.524445,-25.545212,-11.737162,-11.413206,-10.916168
FADS128,u,12,ADS,96.01925093725951,106.12949270785066,-528.25916,199.82385,43.415554,47.737534,-6.333086,-12.2993965,1.5242879,-24.77842,-9.56686,-9.730648,0.65619457,2.4677167,-22.563442
FADS128,u,12,ADS,108.22,129.99999999999545,-580.2665,208.98074,86.3962,55.780533,-16.161406,-14.080134,3.8029363,-2.0777013,-11.169458,-3.8070126,10.215106,-10.194994,-18.895115
FADS128,a,12,ADS,118.48,140.00000000000057,-417.62088,199.9888,-19.20723,3.744081,-49.122433,11.792671,18.487856,-17.769363,14.023683,-18.382019,16.878895,9.824066,-4.8968463
FADS128,u,12,ADS,120.51,110.03596794239456,-664.2649,184.80823,82.42828,32.333817,1.7318436,-25.898823,-18.393318,-10.723513,-0.63909525,3.2812488,-0.85345674,-0.9001061,-9.044615
FADS128,u,12,ADS,122.4279254560884,262.074543911595,-471.73785,216.02106,-2.1727638,34.46499,-38.840786,-38.18686,12.489313,-7.3128085,-8.688824,-20.280136,16.757244,2.0542378,-17.317562
FADS128,a,12,ADS,123.6080472376557,104.59138411779634,-446.03885,178.97087,-36.90785,0.6044947,-55.74047,-7.529846,0.5539855,-37.82682,2.8698905,-34.019836,8.638063,11.246104,-9.228272
FADS128,i,9,ADS,12.44,99.99999999999964,-474.67346,103.18425,66.8937,120.813255,10.096535,-1.4046787,20.211514,-38.7296,17.011261,-33.04316,-26.627163,6.6278377,-25.412983
FADS128,u,9,ADS,14.47,129.999999999999,-568.4953,225.47897,79.03435,45.364845,-11.924477,-1.5459172,-12.625592,-21.767529,-8.700053,-26.915567,-7.224561,1.3305401,-13.382977
FADS128,u,9,ADS,16.11,240.000000000002,-493.12256,215.93301,38.948612,18.5713,-12.535671,-21.325676,-2.8730228,-15.959644,-14.769631,-18.612396,-4.0615244,-6.3121433,-25.23466
FADS128,u,9,ADS,16.52571768067092,264.2823193290802,-500.83362,199.96533,51.576324,5.1016903,-22.483164,-29.932493,-15.837906,-8.935539,-8.250344,-8.026062,-0.8847927,-9.304643,-23.889156
FADS128,i,9,ADS,17.26,89.99999999999986,-433.29764,127.72031,22.146692,107.92879,34.826607,5.8470516,-11.606518,-34.50875,30.192163,-54.829,-15.347046,6.9594955,-19.545937
FADS128,u,9,ADS,25.54,118.1933934450008,-556.8565,174.49872,75.689896,37.11077,-14.788078,-13.127876,-22.312695,-25.9525,-15.105825,-2.5101879,1.2811866,1.6524725,-20.69512
FADS128,u,9,ADS,30.24205991832997,127.94008167002957,-500.5925,206.51016,62.54432,26.000013,-4.6762123,-4.5619226,-1.4060429,-19.29926,-2.9127283,-9.451946,-0.6159406,13.843355,-12.073326
FADS128,u,9,ADS,40.17826737764076,120.5017588194437,-539.9216,205.67596,52.883347,57.29751,20.824879,-1.9713714,-8.055528,-23.024708,5.7482576,8.555561,7.0845213,8.861246,-11.746111
FADS128,u,9,ADS,41.45,159.9999999999966,-599.7946,219.37119,79.1857,39.646973,21.202316,19.47629,-3.8877702,-15.227087,4.6261196,-0.01698494,1.0069427,10.047252,8.756117
FADS128,a,9,ADS,45.73,90.00000000000341,-304.09738,190.64297,-48.175865,1.5278465,-44.096428,10.338875,16.678577,-24.557556,16.99234,-29.931654,19.86804,-5.3378615,-11.523743
FADS128,a,9,ADS,48.4,109.99999999999943,-287.95047,193.43134,-35.776104,12.192083,-62.431026,-19.18029,32.157722,-12.187713,32.96205,-24.863396,5.1846013,16.026228,-19.089706
FADS128,i,9,ADS,56.26325529373231,148.0864987901498,-479.5646,73.81932,55.828026,131.43643,-1.8805095,1.2537045,-15.774969,-36.351135,24.100668,-62.691383,3.206614,-5.115252,-24.58244
FADS128,i,9,ADS,59.33388187334413,104.53164620480493,-416.4209,118.06453,34.021442,99.21782,13.370604,9.081427,-18.37067,-28.9845,38.669952,-54.738796,-2.465178,-1.5943625,-9.164793
FADS128,a,9,ADS,63.92631406927813,113.68593072187849,-355.9698,198.26225,-36.94536,-3.294479,-41.94601,3.0775633,-26.812477,-23.385372,25.330801,-15.030085,-1.4521579,10.227474,-37.170036
FADS128,a,9,ADS,65.53,129.99999999999545,-345.9526,176.94037,-4.9352474,-7.62711,-28.113457,6.3918285,14.016983,-33.50677,13.981735,-11.432353,4.817,-9.324189,-23.944923
FADS128,a,9,ADS,67.22,109.99999999999943,-386.5433,200.42944,9.254051,17.629591,-47.336845,-0.6089075,22.061012,-21.492397,30.712591,-26.05034,-0.3016817,-3.3948889,-5.41862
FADS128,i,9,ADS,70.3920951840851,101.62798936578099,-440.5605,82.86076,68.66693,127.44554,-2.6009622,-9.599002,-1.6383967,-20.94682,8.079992,-45.3908,-7.741633,-11.54397,-5.863865
FADS128,i,9,ADS,76.13,50.00000000001137,-409.71603,122.83252,14.596771,136.06117,22.271063,-17.867937,-1.6139092,-37.8836,15.034521,-47.0871,-14.839152,3.8377438,0.2740426
FADS128,i,9,ADS,76.48,89.9999999999892,-420.8523,114.804794,28.41326,101.502426,6.0117583,6.3173246,-18.170174,-33.357372,15.958715,-47.972313,-17.637571,2.6503055,-12.058817
FADS128,a,9,ADS,76.8420739292221,103.07981778530007,-360.39426,209.97726,-33.60708,16.92292,-20.098719,10.781139,-22.471619,-21.141573,32.388977,1.0962687,16.264412,19.095608,-31.156574
FADS128,i,9,ADS,84.51,179.9999999999926,-460.6488,88.521736,67.22992,102.95305,23.323574,10.726013,-1.6846983,-26.67231,12.246725,-34.392006,0.22815156,-5.409528,-11.801855
FADS128,i,9,ADS,86.93,129.99999999999545,-429.54242,78.908,73.908585,124.4872,18.558372,-3.9515462,-2.5249045,-19.811316,32.922012,-42.428215,-15.490884,9.816704,-14.980666
FADS128,a,9,ADS,88.72,87.61267172707221,-351.13675,213.42326,-34.459,-0.60416794,-22.376616,-11.520204,8.572968,-39.24348,30.083996,-26.427082,5.284498,22.219017,-12.842194
FADS128,a,9,ADS,90.24,93.15949335088192,-313.86658,199.7995,-19.132462,-1.319321,-32.274002,-4.192634,5.215717,-19.35389,38.782852,-39.886772,24.254332,4.6432514,-9.1425495
FADS128,u,9,ADS,92.77,120.00000000000455,-396.5122,199.46518,-3.905028,40.792328,-43.78411,-34.430115,5.599749,-34.71378,5.6276503,-13.318068,-0.08975464,-17.508528,-16.33224
FADS128,i,9,ADS,93.16,40.00000000000625,-390.43912,182.33517,-34.612038,62.91249,9.994138,-19.270477,-27.648182,-57.414845,23.233013,-37.373924,-12.578562,-11.65414,-19.205019
FADS128,u,9,ADS,97.54,109.99999999999943,-489.01654,220.83005,56.175148,39.344856,-5.37694,-11.357307,-9.003683,-14.697059,10.134035,-15.9531765,-8.764203,1.3934387,-13.781546
FADS128,u,9,ADS,110.08,189.99999999999773,-593.8231,211.20319,89.95195,85.5894,26.237232,-1.728437,-19.042782,-28.410463,4.26911,9.379675,5.939852,8.012854,-6.3903127
FADS128,a,9,ADS,120.83,140.00000000000057,-346.79382,208.75354,-13.949991,13.505499,-57.523018,-11.6064,26.113766,-9.906696,32.09861,-27.055927,15.215546,12.417934,-8.469961
FADS128,u,9,ADS,122.98,109.99999999999943,-539.1903,230.2618,76.515625,51.57348,-13.902472,-14.023342,-1.9463607,-28.61225,5.425726,-6.8685017,-2.649157,5.179089,-31.140472
FADS128,u,9,ADS,124.99,150.00000000000568,-416.82767,224.48701,14.530683,39.24238,-39.882156,-30.534237,5.051544,-19.154533,9.140054,-1.1012006,5.0740128,-15.754766,-20.288948
FADS128,a,9,ADS,125.75,120.00000000000455,-342.93448,207.54355,-12.782085,-8.752205,-63.25813,13.123575,9.703339,-22.716022,20.892899,-14.271112,13.6930895,-4.562989,-12.619417
FADS130,i,12,ADS,6.187783188357687,142.21681164231282,-566.0306,97.32683,64.46115,100.952484,19.417068,-6.4182644,-9.014822,-30.817104,-9.349832,-47.231415,-3.9208531,11.899212,-36.77391
FADS130,u,12,ADS,8.01,205.2987935975903,-593.90125,200.78009,100.40015,37.34015,-15.59049,-12.402365,-11.933907,-16.26685,-19.645372,-16.49649,5.7396502,6.4440103,-21.30299
FADS130,u,12,ADS,9.35,150.00000000000034,-613.45593,197.43509,74.97847,40.311783,-16.458408,-35.032494,-20.334902,-36.968674,-35.077538,-17.789934,-0.61852163,-12.993219,-10.197812
FADS130,u,12,ADS,9.770967467174149,239.03253282585092,-634.18536,197.8886,93.11578,42.9236,10.15748,-22.653982,-25.944218,-38.683296,-30.138737,-5.165267,-3.5051384,-2.6308932,-16.65894
FADS130,i,12,ADS,10.54,90.00000000000163,-547.8421,109.34932,40.846,132.34045,7.2329054,-18.19397,-1.2638206,-29.525566,6.2942753,-28.0247,-30.237284,-5.4739532,-3.951848
FADS130,u,12,ADS,19.06,140.00000000000057,-585.23114,139.84113,66.04032,61.438614,12.924923,-9.624096,-32.249966,-32.873833,-26.886658,-0.631416,-5.632515,-10.994934,-11.707615
FADS130,u,12,ADS,22.16275451752955,127.24548247044964,-613.58673,196.58627,100.42583,33.182766,6.1256447,-18.43919,-12.542942,-13.121204,-22.5038,-8.858686,1.1450094,0.1319257,-23.252344
FADS130,u,12,ADS,32.01520980646371,134.79019353628985,-588.5769,203.86273,86.980255,51.623646,-2.467908,-14.746794,-16.15585,-36.008163,-4.689383,-13.676763,-9.322713,1.8279097,-22.74807
FADS130,u,12,ADS,33.35,210.00000000000085,-608.7896,174.59624,101.786446,49.81856,-23.35156,-1.6597158,-18.832365,-24.427063,-11.97641,-11.829479,11.113714,-11.169754,-26.796663
FADS130,a,12,ADS,38.13,140.00000000000057,-491.5113,180.49995,30.32441,1.3240111,-53.00933,-18.366032,17.916916,7.785617,-8.020145,-7.932663,-14.695559,-3.8490024,4.6173105
FADS130,a,12,ADS,41.62,120.00000000000455,-452.09067,196.56381,3.038454,-4.3158045,-33.73687,-38.85376,12.250447,5.257387,-8.918351,-9.266663,-13.246052,3.3846269,-26.656149
FADS130,i,12,ADS,49.19,127.99837552736903,-591.2694,123.82991,57.79733,83.39456,7.8116584,-20.028446,-17.45166,-10.551798,8.056019,-22.845234,-22.310177,3.6144223,-22.969337
FADS130,i,12,ADS,52.12628056565664,93.71943434335606,-571.6766,117.66362,54.61887,93.82933,16.808693,6.2247076,-22.02015,-23.900106,9.663109,-27.786491,-11.279433,26.87796,-28.404587
FADS130,a,12,ADS,57.40739074533735,93.75751687606027,-410.73563,202.30215,-32.42636,-15.131743,-43.465435,-28.41078,7.8979115,16.629082,2.7898114,-20.59024,-13.512087,22.245941,-28.910896
FADS130,a,12,ADS,59.68,160.0000000000037,-461.38065,213.26999,-12.400384,-7.0496235,-38.811577,-12.8888645,18.387121,0.6641158,-3.296847,-12.868582,-13.405327,-2.6165214,-5.9357724
FADS130,a,12,ADS,61.65121901039115,128.78098960884898,-482.1816,213.74783,-1.6358547,-23.14175,-43.370583,-18.75317,23.53281,9.356756,-2.906542,-14.234297,-22.541773,-5.6797934,1.3502157
FADS130,i,12,ADS,64.8255640271026,84.43597289739557,-579.42645,101.92526,61.334743,92.73273,16.011503,-17.780418,-1.5076296,-15.909817,-15.015228,-39.354,-25.838402,0.84688354,-16.102135
FADS130,i,12,ADS,70.23,60.24123002218573,-605.0797,106.849915,72.27898,96.31428,9.866639,-3.087131,-1.2032893,-24.149107,-8.754057,-12.927132,-21.219501,-7.9054327,-13.982275
FADS130,i,12,ADS,70.6357621356796,84.23786432040004,-550.48737,119.97299,51.222115,102.78749,20.601902,-19.069752,-11.52824,-28.239433,-0.4675387,-39.358665,-9.2839575,10.219313,-25.183105
FADS130,a,12,ADS,71.00141645149625,108.58354850374496,-490.79123,210.27994,23.158867,-32.09874,-56.838974,-20.431923,10.352193,15.257762,-8.298005,-8.831452,-3.7765255,5.1481075,2.5119638
FADS130,i,12,ADS,77.40685423859871,153.7623276767448,-583.39935,119.30814,63.023624,94.12166,21.378632,2.4294872,-12.7807455,-10.352246,-3.0334365,-25.176994,-1.8771886,13.07547,-23.384205
FADS130,i,12,ADS,79.57,115.96376704417821,-558.1737,99.58843,44.314743,136.70789,-11.1728115,-10.170344,-0.30191055,-32.77311,13.211105,-35.227943,-10.645628,9.136771,-23.836945
FADS130,a,12,ADS,82.32,70.00000000000739,-487.16135,198.05405,31.936295,-11.894219,-75.774826,-19.452415,13.605946,10.183507,-4.054163,6.7760115,-3.0165966,-5.1214805,-5.6943836
FADS130,a,12,ADS,83.08,116.48218198830307,-504.34506,179.24747,44.440044,8.468547,-92.58554,-15.9306555,5.4587297,-13.441351,15.66984,-15.703812,-7.6553025,-0.84609646,-12.323633
FADS130,u,12,ADS,90.6997281823345,116.25932092630364,-622.57434,169.4403,105.64253,50.222282,-2.6411853,0.84448296,-19.137077,-24.775318,-10.1305275,-6.9613543,4.8027077,-12.092539,-4.0241
FADS130,u,12,ADS,102.25,180.00000000000682,-644.63794,208.64433,102.747215,54.621624,-5.847048,-26.461376,-20.721611,-23.326687,-20.940329,3.9988365,2.1745944,-0.10852146,-10.383677
FADS130,a,12,ADS,112.89,129.99999999999545,-456.75497,202.59308,9.906994,-3.1936092,-64.806656,-19.329271,26.120823,5.8611,-14.507801,-13.046147,-6.7440195,-3.1227994,3.4459815
FADS130,u,12,ADS,114.8066423627399,103.13326856370963,-688.93005,165.64163,102.00748,54.520897,0.2790482,-16.572582,-10.774029,-17.145447,-14.060622,-11.117464,-5.4059286,3.0626523,-1.3642337
FADS130,a,12,ADS,117.53,109.99999999999943,-442.07568,195.29852,12.285982,-6.1027756,-57.87174,-25.065336,22.604698,21.562714,-8.369574,3.4146123,-11.929445,-5.5997095,4.336694
FADS130,i,9,ADS,6.279683320020956,140.31667997904407,-541.838,103.374695,60.413673,104.98302,7.882865,-19.022419,6.7626495,-30.531792,7.4103565,-14.729582,-18.682568,23.361523,-20.675005
FADS130,u,9,ADS,8.193009527688426,266.9904723115746,-669.60724,180.20169,101.45003,47.034706,3.717062,-23.500896,-18.929945,-26.818584,-6.4554043,-3.683137,-8.840974,-5.317486,-13.540777
FADS130,u,9,ADS,9.22,284.7466209768577,-631.90466,182.4378,94.155716,51.88994,-3.6527345,-23.81238,-19.820095,-30.811562,-9.450038,-14.604822,-14.671193,1.2074304,-9.7819395
FADS130,u,9,ADS,9.794297870073809,245.70212992619034,-599.1174,164.34554,87.95906,52.03202,-12.0480995,-33.81179,-22.54532,-16.248886,-9.726267,-6.2909765,-3.3902094,-5.4492736,-13.546154
FADS130,i,9,ADS,10.66,109.99999999999943,-627.99084,101.94856,66.82113,96.73428,37.909344,-10.990679,-7.2353077,-20.137625,-16.958946,-30.052391,-14.413682,3.2808805,-0.5393872
FADS130,u,9,ADS,19.91290061515204,213.6781033996904,-648.8975,170.62265,99.88728,62.6784,19.036594,-13.578112,-17.848755,-31.379574,-28.388641,-10.361105,5.753418,5.092328,3.3121223
FADS130,u,9,ADS,23.11378144195935,181.45680209338977,-646.5713,183.50337,87.26691,39.70838,2.0782177,-24.21085,-11.97201,-16.165766,-9.220062,-15.015358,-3.865722,-4.3537087,-14.623796
FADS130,u,9,ADS,32.22,170.0000000000017,-635.8904,195.64679,82.2272,44.681374,4.524379,-18.053307,-14.858629,-31.063732,-4.195325,-7.679959,-22.18837,0.7252864,5.212211
FADS130,u,9,ADS,33.59,179.99999999999972,-667.49835,195.86325,102.46585,43.756096,-4.0960083,-17.46756,-26.239132,-22.268433,-18.2948,-6.239336,-3.5225754,-4.152148,-9.898216
FADS130,a,9,ADS,39.18,160.0000000000037,-514.4923,182.9963,48.000946,-4.0205708,-46.036354,-32.36578,15.030653,8.862458,1.0132636,0.0056581274,-10.994493,-4.1042423,10.262847
FADS130,a,9,ADS,42.69,179.99999999999972,-489.97794,189.606,40.83879,1.4155971,-59.517647,-25.570423,20.57574,-1.7861602,7.6082277,-1.6675085,-19.837646,3.7522254,21.803791
FADS130,i,9,ADS,51.2492173586671,140.78264133289764,-606.79974,132.29276,67.3168,85.67909,5.4151793,-2.9236732,-5.6466227,-14.352292,2.1878765,-23.794313,-14.420546,16.50806,-4.0759363
FADS130,i,9,ADS,53.54,109.99999999999943,-604.5621,98.61349,67.12471,95.74181,0.66852546,3.1816125,0.6851978,-19.010899,10.312567,-19.328947,3.6122851,15.782685,-8.593154
FADS130,a,9,ADS,58.55,127.88089634234012,-543.0934,213.13884,12.699317,-14.049684,-42.78376,-34.30671,-2.1767027,12.488319,8.393655,-8.502622,-12.049549,10.7577505,9.678551
FADS130,a,9,ADS,60.49,159.9999999999966,-500.21762,182.97342,20.557121,-3.28057,-48.391403,-12.4951935,21.896137,-15.866988,21.454613,-0.6840151,-26.329456,13.2515545,14.213387
FADS130,a,9,ADS,62.51842673563547,151.57326436452934,-530.63385,198.03317,48.800735,-8.30611,-43.193893,-20.71962,10.900417,-10.338848,7.947791,-14.42206,-22.620375,11.579485,16.769405
FADS130,i,9,ADS,65.78642276780647,133.5772321935309,-557.01154,105.89847,47.45732,106.57144,22.519615,-17.666227,-13.183199,-20.84092,-0.8661016,-24.257011,-22.717442,12.632095,-12.278569
FADS130,i,9,ADS,71.41517285949031,94.82714050969321,-529.9889,86.37175,40.962532,121.898094,5.743115,-9.320353,1.2492251,-22.157135,10.203863,-29.345028,-35.920273,18.298885,-22.922298
FADS130,a,9,ADS,71.81193469430856,154.32307467756345,-465.55084,219.58022,-17.032753,-5.34042,-55.559772,-32.936016,7.808284,23.513088,15.391586,-20.281303,-4.8837156,6.7846003,-1.1254581
FADS130,i,9,ADS,80.3,206.38534811455145,-592.1112,117.37533,62.549652,97.07666,9.1211605,9.086774,-6.14193,-14.801928,-2.5233173,-27.388306,-18.454727,11.463421,-22.367973
FADS130,i,9,ADS,82.4,159.9999999999966,-640.8292,99.33984,83.47693,105.48059,11.767639,7.645604,-3.6020725,-8.452429,-6.317152,-43.648766,-12.066404,13.071723,-21.085346
FADS130,a,9,ADS,84.8,147.93904588758267,-544.2353,199.41922,71.37279,-8.421356,-57.080925,-29.662952,2.540883,26.440079,-12.5212345,4.8150153,-12.74128,-12.580793,11.917653
FADS130,a,9,ADS,85.93,129.99999999999545,-494.0943,177.86111,36.1961,0.564131,-64.87433,-30.213781,7.8537154,24.757004,-15.747798,2.765553,-0.11222905,-9.577318,16.02809
FADS130,u,9,ADS,92.87797426595262,202.0257340473819,-647.6657,206.58804,92.86942,31.191528,2.910785,-18.183136,-21.576881,-19.220886,0.78932756,-10.308575,-14.207265,-6.49347,-1.6264286
FADS130,u,9,ADS,105.13,170.0000000000017,-633.7747,199.5758,98.93024,40.922287,-8.238292,-25.419579,-10.925478,-27.432358,-16.507332,-8.678827,-6.396901,4.3184447,-5.2042294
FADS130,a,9,ADS,115.3805492618744,203.50295561878795,-572.1661,184.25143,53.058174,4.741151,-33.177486,-25.257181,6.7523885,30.280811,-4.912419,-11.112991,-14.385061,-9.183807,1.3624102
FADS130,u,9,ADS,117.99,165.95257089390714,-677.67804,169.59805,91.17682,48.653717,20.33377,-11.976023,-15.476753,-30.728592,-14.1666765,-17.161057,-5.509319,-2.484358,-10.115839
FADS130,a,9,ADS,120.64,150.00000000000568,-499.31137,175.80328,19.816425,27.612602,-64.21227,-36.34027,5.8301296,4.251135,-7.0650826,-9.020476,4.6590424,8.658809,18.272518
FADS132,i,12,ADS,6.98,89.99999999999986,-480.3217,112.78435,16.892351,127.16787,37.36788,-36.675453,34.133335,-27.17754,-3.6341066,-22.894268,-11.136287,15.183466,-25.14357
FADS132,u,12,ADS,8.23,189.9999999999995,-598.3665,210.36966,102.36008,38.252487,-1.6542773,-3.8280895,7.578482,-0.19048375,-9.699597,-22.850918,18.746351,-0.8142177,-4.2272024
FADS132,u,12,ADS,9.84,89.99999999999986,-547.23883,214.80115,64.50165,25.648735,-11.441908,-8.524786,15.965743,-20.49081,-16.379631,-15.750099,-1.6445835,-22.339787,-9.493032
FADS132,u,12,ADS,10.09,140.00000000000057,-618.5528,184.5824,46.56776,28.710857,10.71702,-0.84593666,-9.786989,-7.842827,-8.4910965,-5.9438014,3.9217563,-10.066288,-17.671085
FADS132,i,12,ADS,10.71,69.99999999999851,-513.13196,114.77136,22.894833,108.97637,32.34165,2.5942338,21.922642,0.71654415,-8.157787,-29.890545,-13.4388,-4.18221,-16.085184
FADS132,u,12,ADS,16.7,100.33395982313209,-633.39233,145.52286,66.25657,68.915665,6.5939035,-4.731288,2.0855803,-2.674585,1.4711244,2.464644,2.6684902,-3.842568,-22.32565
FADS132,u,12,ADS,20.19383054630201,86.16945369799112,-523.15735,166.6778,55.42047,38.724106,1.1140847,3.9141006,18.172737,3.6907296,4.8444242,-6.350592,-4.730631,-16.518162,-2.2418783
FADS132,u,12,ADS,29.01,160.00000000000014,-601.33606,193.79042,94.0858,46.030796,2.210451,11.677532,10.42683,-16.170961,-11.747128,-1.8288558,1.4194059,-9.743177,-14.463741
FADS132,u,12,ADS,29.98890516748024,153.59534071005143,-615.37616,190.23016,72.97896,15.277138,8.715166,-14.042943,3.9676023,11.427336,-4.6408143,-4.544093,-9.080822,-8.0002165,-20.865799
FADS132,a,12,ADS,34.32,97.34295166059326,-468.3563,183.73972,-10.792168,3.4644995,-22.220146,26.078806,33.963615,12.906124,-15.361202,0.49970305,11.577894,-20.618345,19.375376
FADS132,a,12,ADS,37.77,70.00000000000028,-458.68365,182.88419,7.0338955,-17.06778,-25.765366,3.4982958,36.364082,10.146135,2.2062993,0.57069224,17.033691,-2.9916549,16.932617
FADS132,i,12,ADS,45.09345899812676,106.54100187323934,-470.2145,103.80936,17.25978,126.26119,17.565907,-17.487337,32.80417,-14.45153,-0.6637728,-15.2932,-8.369452,-12.233473,-14.703964
FADS132,i,12,ADS,47.08,70.00000000000028,-570.0864,126.405426,23.854012,94.55878,35.312836,-15.485969,24.193449,0.015761137,-10.604874,-29.913326,3.604792,-7.2724905,-11.220678
FADS132,a,12,ADS,51.13520255357277,143.18209727209563,-528.112,166.03682,15.080569,1.3166893,-12.912554,9.271908,31.057158,15.97344,7.4167128,-5.3108664,15.235465,-3.455359,6.878822
FADS132,a,12,ADS,52.9,100.00000000000142,-498.148,184.46252,22.952274,-20.79633,-33.301613,17.90384,19.803291,15.331094,16.694475,-20.061192,13.464607,1.4543265,-4.3110147
FADS132,i,12,ADS,57.07,75.11887838840892,-563.979,93.06235,39.673195,129.83276,23.439926,-20.978374,10.033012,-14.756443,-9.4043865,-19.819302,2.4345539,5.4846873,-0.15434074
FADS132,i,12,ADS,62.02,71.67808913497709,-517.401,116.332825,21.523176,94.89427,37.298035,-24.291582,9.857029,-7.986305,-14.490322,-11.724592,-8.153035,-12.503902,2.3587766
FADS132,i,12,ADS,62.33,50.00000000000426,-517.3939,124.443924,-5.0847836,81.01134,36.640663,8.30492,-10.926117,-21.976496,6.1063375,-3.3318624,-5.9842844,-15.571306,0.37909836
FADS132,a,12,ADS,62.61093331389716,96.32250180120394,-525.05695,201.25757,20.996689,4.8859463,-38.453503,14.469223,24.652908,16.920374,-0.80039227,-16.700434,13.371626,1.5494013,16.263494
FADS132,i,12,ADS,69.67,111.08547213760289,-555.6254,92.85078,53.598206,98.29112,44.93724,-9.436903,23.501732,-17.55489,1.8348346,-9.650854,-4.0625143,-11.264595,-7.1429825
FADS132,i,12,ADS,71.47747668782064,93.71919094172654,-550.6354,108.38617,25.585846,94.69612,43.175133,-22.267452,49.361687,-19.254818,-8.634457,-8.898275,-16.199343,-15.529963,-8.721203
FADS132,i,12,ADS,77.14236047546383,46.85959547084906,-529.3999,169.57196,-32.674873,51.85707,34.772385,10.355263,3.7232232,-38.978348,-5.7962046,5.1299753,-1.5951453,3.1704202,3.7395754
FADS132,u,12,ADS,81.01437260806313,135.6273919368789,-634.49713,167.19507,84.95414,43.63157,14.018291,2.8045034,0.96083003,-12.251081,-8.332161,9.703041,16.58775,-21.94181,-11.115461
FADS132,u,12,ADS,92.58,79.9999999999983,-574.7823,170.7359,65.93817,56.877903,-7.2807074,-4.414069,16.609749,-5.790625,-6.0778875,-16.36082,11.41088,-16.745235,1.9978782
FADS132,a,12,ADS,101.06,90.00000000000341,-427.1244,194.3758,-9.638297,-4.9092035,-28.136675,-13.490668,44.91987,-0.76624984,-8.102358,10.458717,-7.6783376,2.915532,12.039855
FADS132,u,12,ADS,102.3,109.99999999999943,-613.783,202.986,77.88196,46.78485,-8.638643,-27.073513,10.420916,2.2458293,-10.560995,-8.396909,9.277292,-8.186341,0.32719147
FADS132,i,9,ADS,9.73,99.99999999999964,-523.17224,79.315216,80.76096,120.60515,26.050007,-6.3876,35.682724,-14.015532,6.4662666,-20.370785,6.720132,-5.1477365,-10.095797
FADS132,u,9,ADS,11.87,154.3866153912905,-505.0511,204.40923,93.31314,47.656025,13.615658,-12.221502,-1.8312557,0.005465269,-23.530132,-10.136701,15.498648,-3.578547,-11.386168
FADS132,u,9,ADS,13.65,60.0000000000005,-459.19498,190.8791,49.697548,27.637318,-11.921658,-1.8581517,7.147122,-7.5483775,-13.119314,-29.51336,-13.656576,-30.55325,-35.06134
FADS132,u,9,ADS,13.89,149.99999999999858,-585.471,196.99503,87.894485,25.157251,6.609909,1.0875918,4.878156,4.038483,-5.2584357,-25.284073,-27.221586,-30.297052,-26.650928
FADS132,i,9,ADS,14.75,70.00000000000028,-399.94186,121.57495,25.080688,121.35448,28.391521,-13.248982,-3.7604625,-7.177876,-0.22767745,-26.86155,-2.8848138,2.1208146,-24.258879
FADS132,u,9,ADS,22.84440023308284,159.86973397246018,-670.3956,185.6773,96.59504,47.798347,21.234604,-2.289352,-19.604385,-17.667583,-2.4549668,-1.8414321,1.615195,2.4820514,-2.1196935
FADS132,u,9,ADS,27.57493505455146,153.03769405910117,-571.4599,215.46184,97.76218,41.080223,20.088064,-1.1022394,-7.976019,2.0635576,-6.602858,-1.4476417,23.186844,14.124041,-5.6476135
FADS132,u,9,ADS,37.43,160.0000000000037,-569.8392,218.36032,79.84251,55.73142,18.051334,-0.8081643,-0.65237474,-3.7047262,-16.616028,2.1843705,18.05451,9.671939,1.4303157
FADS132,u,9,ADS,38.83,320.0000000000003,-540.44867,224.80307,94.75638,61.21987,-4.746666,-12.064535,-14.293261,-24.318676,-20.513483,-18.918318,16.821598,8.224021,-23.78056
FADS132,a,9,ADS,44.94,200.00000000000284,-386.11725,208.84996,-23.062458,22.855434,-16.065496,0.72629756,39.69397,6.269912,8.541153,1.5182672,11.843281,-6.3030663,15.392478
FADS132,a,9,ADS,49.16,110.00000000000654,-413.5677,197.91013,22.057133,-11.69206,-6.4560003,-9.317289,39.562363,-9.164416,20.374466,8.389367,6.7172594,-5.2610817,22.699886
FADS132,i,9,ADS,58.26172762586126,92.91574282159587,-457.35342,107.95385,44.679077,117.42435,28.484695,-8.246107,11.101598,-8.144031,0.5114925,-0.47196764,-21.05095,-10.64723,-14.145221
FADS132,a,9,ADS,65.7159514081595,133.90798230172152,-507.9887,215.53838,34.00568,14.49536,-3.1630259,5.4505796,34.6352,21.396196,23.319977,-10.174025,9.649807,4.068646,-0.78255546
FADS132,a,9,ADS,67.22,99.99999999999432,-407.09644,128.05121,11.383785,5.996268,-26.435627,49.460503,34.777798,9.819106,36.40535,-5.5533605,-19.81205,10.437523,-7.7812233
FADS132,i,9,ADS,72.7,87.93573008620115,-458.6575,132.8021,41.895393,103.4577,13.497872,-5.444234,-0.5346695,0.64382285,-7.491134,-0.63333416,-0.5712455,-5.5356236,0.3386209
FADS132,i,9,ADS,79.49301041558336,72.4196230815437,-523.32904,62.878662,72.09238,109.9944,21.513596,-18.0968,22.970177,-9.251727,4.04674,9.558243,-9.854948,-6.481521,2.6815841
FADS132,i,9,ADS,79.81,60.13901880044159,-421.41052,123.01724,24.975132,104.924225,31.63802,-13.481554,-4.431384,2.0869403,4.2522535,-17.960098,-11.209532,5.8399305,-9.176707
FADS132,a,9,ADS,80.12023047040498,110.67904659631722,-418.6,220.56158,-3.9486341,0.9658569,-10.169424,-9.755173,31.08474,1.2230468,19.409748,-7.2583323,19.315884,18.199617,7.122307
FADS132,i,9,ADS,88.62,99.99999999999432,-429.00198,81.425095,73.98276,129.12444,20.92011,-2.828285,29.281673,-13.414352,5.227026,-19.900322,-1.7437059,-17.04633,-6.697905
FADS132,i,9,ADS,90.58,150.00000000000568,-496.46,30.34547,35.43862,94.463875,16.74411,-0.51444036,13.012318,12.438702,0.79609513,-8.923592,7.971668,-12.557796,2.7422643
FADS132,a,9,ADS,94.42,79.9999999999983,-452.3822,151.11676,27.664104,20.917374,-26.26977,-0.9204728,32.590942,7.165027,19.671429,15.41732,-11.215226,20.256304,-2.2359338
FADS132,u,9,ADS,100.62,129.99999999999545,-564.43317,178.73929,66.884445,30.969637,28.059149,7.2963343,3.8216438,2.16,6.117406,-1.0371611,8.353838,2.2551017,3.7505717
FADS132,u,9,ADS,113.88,90.00000000000341,-580.3872,202.29471,97.96278,43.14466,16.391485,-8.645725,-0.09507394,4.363417,-5.272879,7.339215,-5.601306,5.6274877,-2.5207782
FADS132,a,9,ADS,125.04,94.84926855499509,-437.4361,146.50635,23.27092,15.996504,-33.703796,34.63091,43.39924,1.8371881,20.345394,6.2227535,-24.998756,8.035626,8.748081
FADS132,u,9,ADS,127.63,150.00000000000568,-610.15625,189.8648,71.73756,32.889122,43.01912,10.874933,-11.889635,-0.8353071,4.9931617,4.2366123,6.8681374,5.2459106,-6.2174807
FADS132,a,9,ADS,130.66,99.99999999999432,-466.4956,185.11084,16.426456,-8.255382,-19.126942,4.103082,40.615376,4.224461,4.994578,13.354423,4.5028625,11.207787,4.8279853
FADS133,i,12,ADS,6.358297839495179,101.70216050482139,-436.97705,83.9636,52.78103,115.00021,14.867005,-2.24404,-3.272809,-3.9531243,-6.9526176,-20.903866,-36.071198,-1.3431065,-5.175311
FADS133,u,12,ADS,7.73,247.44988059430818,-616.7774,186.91663,101.97836,70.91454,23.192148,2.6823878,-21.698917,-19.54113,-0.2542913,-18.186934,5.1471205,-7.968596,-6.745228
FADS133,u,12,ADS,8.70515207010388,114.84792989612025,-534.57477,233.66122,72.26576,36.181774,-10.363449,8.495054,1.956928,-20.138588,1.392516,-21.155876,-0.28042305,12.337602,-16.008503
FADS133,u,12,ADS,8.99674192484521,133.2580751547905,-524.0881,228.67798,53.387447,53.691517,-17.541348,-19.143044,3.4756417,-28.472557,-11.9925785,3.1143656,-4.104843,-6.067567,-10.810225
FADS133,i,12,ADS,9.47,69.99999999999851,-469.78717,106.15598,45.69749,137.70166,15.318675,-14.8741455,-18.315817,-8.362175,-2.9132657,-25.982082,-14.935344,-7.2519813,-2.746765
FADS133,u,12,ADS,15.38711357411143,146.70048592576103,-552.84375,132.285,93.304,58.13949,1.591402,-17.405575,-20.43644,-21.660069,-15.983955,-7.890602,-7.957231,-0.29190695,-1.8478189
FADS133,u,12,ADS,17.71,140.00000000000057,-506.56427,175.41861,48.738052,-3.1318574,7.483918,4.9786515,3.7096398,-22.774567,-2.0381644,3.2249296,-12.899834,-13.52074,-25.152927
FADS133,u,12,ADS,24.55,99.99999999999787,-463.5123,195.46484,68.205475,2.0193248,-18.446762,3.148323,7.8559465,-16.283731,-5.1985455,2.5131133,-12.269653,6.8792944,-8.038238
FADS133,u,12,ADS,25.45483678557465,225.1632144253506,-514.6243,220.94815,80.42145,20.06884,-2.19589,12.313671,-20.50191,-15.625255,0.16377804,-31.52183,11.649853,11.504801,1.0132291
FADS133,a,12,ADS,29.24,100.00000000000142,-316.6462,178.49763,-17.42577,-3.1443,-41.141823,-8.777522,21.628387,-19.360611,0.8259264,0.5136653,-3.7584682,17.740711,-7.755697
FADS133,a,12,ADS,31.39,140.00000000000057,-375.52368,205.40337,-3.1259277,33.862713,-87.62354,-5.7223177,23.172127,-27.995237,7.4938293,-14.38107,-0.1949023,3.136337,-13.562599
FADS133,i,12,ADS,36.57,78.7813285479686,-399.7025,100.578285,42.21653,88.866234,9.373212,6.685012,-8.355298,-35.196457,8.002241,-30.795782,-19.227684,4.440412,-16.180363
FADS133,i,12,ADS,38.58,90.00000000000341,-425.0421,91.46788,61.963455,91.0585,-16.080318,20.188251,11.587587,-29.288734,-5.2336197,-13.715177,-21.901957,2.8997314,-16.411734
FADS133,a,12,ADS,41.67,109.99999999999943,-307.15988,178.57352,-22.297478,-21.893705,-16.030128,-8.034623,-4.6912317,-7.719398,-0.6591675,-18.474201,2.6036906,26.74416,-22.510136
FADS133,a,12,ADS,43.01,80.0000000000054,-376.64355,190.83527,0.39071578,-8.023558,-59.34841,22.333084,3.5549915,-9.140678,26.730423,-16.190338,13.464244,-3.3926692,0.61265874
FADS133,a,12,ADS,44.11,79.9999999999983,-336.39587,183.25113,-9.204957,13.247902,-48.59832,-6.0183105,32.1233,-16.721478,24.075443,-12.986946,-5.275878,15.61441,-13.946951
FADS133,i,12,ADS,46.07528236065954,74.71763934045583,-394.8771,91.876595,21.059807,104.18796,5.071394,3.0282383,-13.545985,-38.30947,6.8909626,-38.908195,-6.872611,-6.67684,-18.500908
FADS133,i,12,ADS,49.23,50.00000000000426,-406.11063,119.14778,18.743475,105.07728,47.511326,-13.644157,-9.403648,-6.500387,-22.004833,-9.1753235,-2.471458,9.940166,-4.199815
FADS133,i,12,ADS,49.56,79.9999999999983,-406.61243,84.977295,43.116127,101.7289,5.9677896,-1.7524488,4.038793,-22.280024,-10.8850765,-16.692385,-0.6606378,-8.021014,-22.842682
FADS133,a,12,ADS,49.88,109.99999999999943,-313.06464,184.3101,-24.38797,-19.505451,-38.876633,-15.359066,8.014218,-17.81324,8.241914,-15.802082,0.027277663,34.60923,-25.948858
FADS133,i,12,ADS,55.37253700554434,97.46299445566109,-406.2501,72.831184,35.79167,111.73834,-6.9222846,8.765302,-0.36684036,-28.752892,5.246679,-38.813362,4.6208434,-9.515699,-19.203709
FADS133,i,12,ADS,56.69,100.50829189664512,-391.03528,64.867294,29.103111,136.16415,-2.1459236,18.753445,-24.387512,-16.040604,13.636956,-34.76848,15.812421,-12.081051,-0.05111444
FADS133,a,12,ADS,58.1,89.9999999999963,-390.18945,179.75937,-1.04685,28.153362,-85.31581,7.7330756,6.8599696,4.5648427,7.686373,-1.9897978,13.725304,-3.342565,7.7748923
FADS133,a,12,ADS,58.94,110.47226238755314,-290.3674,182.99965,-6.357832,32.135323,-78.57944,-8.4645605,7.827422,-42.464508,8.4664345,-23.15439,-1.9532619,5.7280574,-6.281569
FADS133,i,12,ADS,60.62509017047851,47.08904486505361,-352.60907,135.01712,-22.835506,55.611694,16.447735,-35.78807,-45.436012,-52.22152,11.041585,-46.23271,-11.611868,4.486802,-2.4023714
FADS133,u,12,ADS,63.36,100.00000000000142,-402.21704,197.29536,53.614586,18.138018,-12.397102,-25.333424,9.179184,-17.995405,-7.8255587,-22.815327,-7.4504395,-1.0623333,-20.681465
FADS133,u,12,ADS,71.38,100.00000000000853,-501.22528,191.38458,76.88741,38.425514,-33.629303,-12.593145,23.763626,-35.228577,-15.985548,5.875152,-14.996353,11.71478,-10.6192
FADS133,a,12,ADS,77.27,97.9106508838612,-330.75552,193.29492,-0.8515407,9.062433,-78.72892,-16.33294,10.194057,-15.181913,-18.13791,-1.153871,-11.116305,14.811307,-12.315496
FADS133,u,12,ADS,78.33,91.68729798625463,-576.9389,207.09647,100.02847,37.08641,-19.22499,-31.025997,-20.556719,-11.94079,3.715087,-18.029396,11.112321,0.6797428,-11.583662
FADS133,a,12,ADS,79.97,90.00000000000341,-328.43124,186.61743,-13.263893,0.8062109,-58.984375,-2.2886784,3.7666214,-22.469814,-22.065056,5.3907504,-16.449074,33.82715,-2.2219253
FADS133,i,9,ADS,6.05,89.99999999999986,-378.08334,83.38991,51.179443,125.16061,2.1694431,-3.9754865,-11.511251,-7.1630473,-0.40179047,-20.256203,-30.429434,-3.0868795,-24.650484
FADS133,u,9,ADS,7.8,250.00000000000088,-537.7414,198.47894,91.86122,70.354744,-3.6206744,-3.2306879,-17.550022,-1.3286511,3.8406844,-41.499977,26.457426,3.337673,-26.236576
FADS133,u,9,ADS,8.92,99.99999999999964,-470.42496,219.76962,40.79202,4.32919,-2.855919,-12.103865,-10.901468,-8.2187,-12.398445,-32.330875,-18.98733,-11.611544,-40.565308
FADS133,u,9,ADS,9.16,199.9999999999993,-479.55106,208.16513,48.84257,29.471277,-33.608143,-45.391006,-2.9001446,-15.313844,-25.289553,-14.897103,-12.286457,2.0920062,-19.55282
FADS133,i,9,ADS,9.66,80.00000000000007,-384.04837,102.08997,30.76134,129.35445,9.047445,-6.8358126,-19.084679,15.608833,-19.477783,-32.586815,-5.1896105,2.7096348,-11.223822
FADS133,u,9,ADS,15.63,129.999999999999,-498.1718,197.19415,109.08239,84.14499,0.06691307,4.083785,-29.69851,2.3034434,13.941444,-21.540165,11.759584,4.297541,-25.13519
FADS133,u,9,ADS,17.97487519221998,85.1248077800193,-436.60382,200.7432,91.282776,14.386528,1.4672675,-13.951955,-6.764022,-23.522015,29.200909,-32.983246,-14.441604,17.838873,-37.901016
FADS133,u,9,ADS,23.96,109.99999999999943,-491.16977,201.23148,68.16086,53.460617,-29.070553,-37.396347,-8.6038,-19.554184,-10.783461,-15.569154,-3.1685426,2.005652,-16.4393
FADS133,u,9,ADS,24.65,220.00000000000242,-571.7353,203.50577,112.74528,77.0175,-0.69639647,-5.509144,-47.831078,-4.8786387,5.367416,-29.704666,31.002626,4.743422,-17.075804
FADS133,a,9,ADS,27.85,109.99999999999943,-370.11438,219.0901,5.522887,8.771287,-42.283936,-0.08281481,5.744539,15.705902,0.35017467,-9.343088,2.6023288,1.5612113,8.324451
FADS133,a,9,ADS,30.19,99.51083440148878,-266.71667,237.72208,-13.140177,3.3398614,-50.170296,-4.981603,3.6972961,15.302411,-16.390898,-11.228878,-4.8337307,-0.6849755,3.8225012
FADS133,i,9,ADS,35.25899779083393,71.92533490886888,-320.88757,110.27114,22.666912,129.76353,-17.466042,-16.080109,-22.078037,-6.8098135,-8.200409,-38.431503,-17.127605,1.1728579,-15.068457
FADS133,i,9,ADS,36.96,89.9999999999963,-369.38278,86.430305,47.50666,113.54225,-13.381051,5.7564793,-0.5493954,-13.458717,-3.887482,-33.00457,-26.85814,-5.1471577,-21.313099
FADS133,a,9,ADS,40.06248039745474,112.24711356990724,-290.88007,188.11035,-27.874416,-3.7468143,-25.94838,2.96676,-13.954409,10.706978,2.2997913,-24.7389,21.085915,12.879742,10.322348
FADS133,a,9,ADS,41.26,100.00000000000142,-329.75775,197.0133,-5.434165,21.025791,-77.67616,18.58665,5.731184,15.368047,14.843972,-6.2073126,3.9351008,-4.290365,4.013191
FADS133,a,9,ADS,42.33,88.45103309587188,-328.77118,171.6289,8.157068,40.68104,-77.675125,28.245693,-9.302436,25.782509,11.799536,-3.131289,-5.5537963,-7.313782,3.8609843
FADS133,i,9,ADS,44.36033497959901,71.92533490886888,-298.348,89.06673,16.731884,125.69877,-6.1348686,-9.552713,-5.769636,-13.136013,-3.6058083,-40.47292,1.6895425,-9.168654,-21.635597
FADS133,i,9,ADS,47.87,60.000000000002274,-343.39035,108.21468,15.77425,99.66543,26.748472,-18.224422,-10.00453,3.5112348,-2.9466624,-21.192368,-8.615394,0.3979448,-16.522184
FADS133,i,9,ADS,48.18680674181317,83.19325818683154,-379.5951,96.716835,47.33934,150.71237,-2.153013,-3.1075635,-6.716858,-0.0041767955,-9.321325,-47.96289,-2.0705495,-9.203195,-13.116633
FADS133,a,9,ADS,48.51,104.47907502336307,-270.8905,189.51831,-37.141438,13.005323,-22.605576,-6.402337,0.1820631,-5.7114825,4.4113693,-17.059635,10.152851,27.665623,-6.692742
FADS133,i,9,ADS,53.18,149.99999999999858,-351.2346,82.1207,62.396736,120.89465,-6.7258725,0.11402619,-11.097276,-2.6514058,1.1412644,-45.392212,-20.708408,0.62611246,-24.5098
FADS133,i,9,ADS,54.7,79.9999999999983,-370.3948,87.34443,36.244698,132.67422,-3.5075357,0.6325314,-23.674303,2.553066,-2.65913,-31.377586,-1.1156622,-5.139928,-4.7393775
FADS133,a,9,ADS,56.44,113.93019255045544,-261.57703,170.90283,35.89322,7.555896,-82.6022,-5.5534253,-7.021262,-0.22785664,-10.041216,10.76741,-33.363792,6.8897905,-2.9939423
FADS133,a,9,ADS,57.09,119.99999999999744,-336.8606,204.94662,26.977339,27.211288,-74.05292,-0.83693576,-21.05482,6.1537914,-3.4891334,1.600426,6.429475,-4.803865,3.2024646
FADS133,i,9,ADS,58.77,39.99999999999915,-317.6486,150.33075,10.339285,45.317867,13.059417,-3.109265,-60.092743,-18.85817,-18.525116,-18.91748,-16.01654,2.9499078,-1.0530906
FADS133,u,9,ADS,61.11657190500595,101.34933555341519,-456.46997,182.58313,100.88026,49.747364,-33.49437,-22.316753,-6.2827067,-20.664032,31.291214,-43.163284,-10.904856,12.874572,-28.616802
FADS133,u,9,ADS,68.78,120.00000000000455,-426.51865,227.23248,51.93736,69.42665,-32.60174,-24.436535,11.583308,-10.311092,11.207938,-16.257206,-9.176846,5.4317923,-22.9817
FADS133,a,9,ADS,75.2,140.00000000000057,-318.99405,201.44589,10.764246,1.0365922,-76.32059,17.405048,4.146745,4.741201,-1.9616069,4.108664,-3.1071541,-3.377526,16.629251
FADS133,u,9,ADS,76.6,104.4149042059388,-553.0359,231.90094,105.88762,33.919884,-3.2867398,-9.11382,-21.307327,-13.525061,1.7793707,-20.425205,16.204071,-6.612937,-12.991884
FADS133,a,9,ADS,78.47,109.99999999999943,-259.53845,211.17801,-29.649559,8.051704,-64.535385,-16.37759,3.1446018,1.0276365,-11.323243,-3.4290507,-8.838613,11.544345,2.0419257
FADS134,i,12,ADS,5.02,100.00000000000054,-433.73016,115.972046,-7.7823467,131.00052,18.487152,-19.447952,19.23631,-33.140015,-32.708176,-30.701193,3.452377,-6.7028832,-20.296719
FADS134,u,12,ADS,6.499129764501613,83.27742985099374,-622.14197,159.29767,82.667984,44.06707,-21.090382,-20.019615,-4.541318,-18.836456,-13.32612,-18.491814,0.7945471,1.3565164,-24.704632
FADS134,u,12,ADS,7.35,160.00000000000014,-591.38696,186.54297,29.83135,32.906746,-9.298218,-7.907931,-13.873533,-30.539768,-14.334155,-20.753826,-9.518821,-2.5654562,-32.655914
FADS134,u,12,ADS,7.737886558685274,192.11344131472606,-562.6555,202.027,52.74801,42.642838,-24.47844,-24.87918,20.517393,-20.0817,-39.476807,-20.843275,2.8507702,5.5629306,-27.506233
FADS134,i,12,ADS,8.31,70.00000000000028,-436.2308,149.61871,-38.909767,107.99918,31.477028,-35.397385,24.78704,-39.897713,-25.121168,-29.709988,-16.022032,8.800512,-19.331709
FADS134,u,12,ADS,14.03954657987712,93.07477453934965,-590.097,170.05762,59.635757,40.97187,-19.856365,-21.56757,-16.08661,-40.24917,-23.556889,-9.241003,-12.024996,5.6029763,-8.931517
FADS134,u,12,ADS,16.53707589242784,78.37875750681889,-502.252,181.68521,25.191826,27.619728,-39.42296,-21.538427,23.031948,-17.24075,-18.808914,-29.258568,-19.62582,-22.5381,-18.144966
FADS134,u,12,ADS,22.65,89.99999999999986,-505.83282,198.47946,55.602272,42.120796,-32.610588,-26.935509,20.506813,-27.607616,-15.00333,2.4217649,-16.767126,-11.938669,-17.04962
FADS134,a,12,ADS,26.87,109.99999999999943,-424.4486,214.43341,-60.95248,17.915943,-38.79495,-35.502373,65.03491,-16.043976,-23.557037,6.374801,-4.3479657,-3.3967116,12.990749
FADS134,a,12,ADS,29.26,99.99999999999787,-389.87842,223.65558,-73.21139,16.852196,-30.603945,-42.806114,61.748825,-8.702408,-25.167225,5.159478,5.3207874,7.205163,8.039695
FADS134,i,12,ADS,36.17044262486398,86.54321141377608,-448.5353,117.972435,-6.0796947,107.31938,12.13728,-30.74824,11.88403,-14.662144,-24.382133,-18.44373,-16.62101,3.8575737,-3.6024885
FADS134,i,12,ADS,37.7331433459732,96.85665402680144,-482.24734,117.855774,-14.969894,137.80704,13.522638,-29.370228,33.84604,-26.018503,-21.347486,-21.831234,-24.043884,-0.515405,-19.511318
FADS134,a,12,ADS,41.62,111.03475896334913,-384.68713,179.11658,-76.15607,20.7966,-24.972,-6.4549575,17.605614,-37.206005,-1.2036111,-6.522572,21.581638,27.501104,-16.305866
FADS134,a,12,ADS,42.66,100.00000000000142,-504.79077,193.60516,-20.562359,2.138632,-36.586086,-11.682543,46.85021,-16.573269,-4.768164,-7.1854057,-5.628361,9.085008,11.224602
FADS134,a,12,ADS,43.84,79.9999999999983,-410.3234,206.8003,-44.84126,27.406252,-39.75199,-14.8755865,42.927444,-21.662663,-6.21478,-2.8819547,-8.495621,9.005682,9.739633
FADS134,i,12,ADS,46.2694642690395,76.7458667254175,-448.4495,137.85226,-39.432037,113.67502,24.563728,-32.007275,15.553712,-21.717422,-32.158577,-24.084278,-20.958662,5.3418784,-9.593021
FADS134,i,12,ADS,50.37,50.00000000000426,-486.60535,133.22409,-22.334848,112.939316,31.890465,-42.589993,11.590567,-14.844107,-26.933811,-22.94062,-11.264435,-4.192277,-7.0823536
FADS134,i,12,ADS,50.66,65.93346394130606,-425.23297,126.71343,-46.78013,122.98144,4.393898,-22.305119,2.9734688,-31.966942,-21.533363,-36.585175,-19.830265,-1.3480911,-22.847672
FADS134,i,12,ADS,55.74,159.9999999999966,-592.1823,90.43275,47.811996,106.47432,20.46614,9.796258,-4.2003517,-15.291855,-4.148439,-35.052216,-22.20581,6.6738153,-30.188143
FADS134,i,12,ADS,57.8,109.99999999999943,-462.2568,128.05182,-24.222185,126.10286,2.6734896,-10.853097,20.319729,-24.265987,-19.547672,-20.567362,-13.738725,7.06693,-12.531221
FADS134,a,12,ADS,59.64,79.9999999999983,-436.59476,171.04062,-8.335205,-8.10607,-54.539597,-26.651558,48.085075,-36.872097,14.002678,-8.844497,-2.5904183,-4.8278074,-3.4221082
FADS134,a,12,ADS,60.35,89.9999999999963,-489.58157,195.65558,9.55283,-15.32538,-51.648613,-4.394293,35.843315,-8.848293,-7.734119,-4.1777525,3.7551918,-7.179425,1.4338804
FADS134,i,12,ADS,62.59270238355844,47.297616441561274,-454.67838,210.27138,-62.54373,44.156265,38.30665,-10.520905,-0.72677237,-49.333645,-20.198257,-5.716855,-7.271176,8.015617,-11.887623
FADS134,u,12,ADS,65.61,90.00000000000341,-586.2753,164.82059,58.641743,42.99173,-16.190943,-2.5976386,14.971254,-15.801603,-2.5120697,-18.657377,-9.705393,-8.231205,-19.116636
FADS134,u,12,ADS,74.12302967029407,101.23922844630329,-575.6815,203.8266,65.46776,53.020607,-28.552876,-25.561127,23.392773,-43.157097,-14.023466,7.4759307,-18.719486,-0.37163305,-17.874187
FADS134,a,12,ADS,81.23,179.9999999999926,-397.67514,188.432,-37.10051,20.62318,-63.706284,-2.417909,46.827103,-30.610321,4.7164316,-8.591857,2.9252748,5.201792,10.883413
FADS134,u,12,ADS,82.71,113.57487815716638,-614.606,190.06772,65.14273,52.595623,-28.876904,-16.0872,-8.428001,-39.273994,-6.2053537,-14.874443,-7.010182,17.852867,-11.659613
FADS134,a,12,ADS,84.68,69.99999999999318,-426.1583,203.43509,-24.768167,7.4871626,-53.715794,-19.271393,43.23651,-23.919437,-9.825665,-5.3099594,-0.24952078,9.1327915,23.729925
FADS134,i,15,ADS,5.05,100.00000000000054,-475.28848,115.36369,7.5040264,140.44899,24.26879,-23.841917,3.8274472,-24.69406,-7.0663447,-12.955252,-21.214718,19.15615,-21.056149
FADS134,u,15,ADS,6.41,149.99999999999946,-738.6436,112.97194,60.401608,48.727654,28.058487,7.4639983,-5.3199086,-21.836914,-17.038567,-15.745716,-5.9316883,-3.4435072,-1.3447759
FADS134,u,15,ADS,7.59,120.00000000000011,-531.9649,179.5608,22.372047,55.276047,-30.844437,-22.29789,17.549763,-31.422218,-8.87015,-0.85561943,-19.14362,-5.252715,-14.438829
FADS134,i,15,ADS,8.064802916430754,85.1970835692466,-432.55975,123.27849,-16.287579,118.50382,15.242918,-15.480944,-14.141619,-38.809177,11.832941,-23.286234,-17.972614,23.815022,-13.827585
FADS134,u,15,ADS,13.76,121.74018171543999,-574.5093,211.02638,72.79256,67.11269,-33.1541,-24.195423,-0.30326986,-46.251816,-4.67303,-3.1461658,-14.506765,2.2928603,-21.057436
FADS134,u,15,ADS,16.21802019611103,92.8122660657209,-543.3879,173.07785,52.07344,57.62834,-10.540297,-21.428349,-0.41806555,-23.170586,-8.881427,18.003979,-8.10394,-9.680166,-2.1075828
FADS134,u,15,ADS,22.74,152.62189755561195,-569.6439,208.33426,78.65636,59.849064,-34.685486,-33.61358,9.70031,-28.703669,0.6618378,9.252903,-31.94685,5.687955,-21.027906
FADS134,a,15,ADS,26.92749639807105,155.79201803888054,-372.36975,218.90518,-75.09024,37.663185,-39.4169,-33.98514,40.75741,-39.96169,-6.292096,22.570559,-13.6810665,18.106627,-6.5249376
FADS134,a,15,ADS,29.24757595090562,97.23189778312857,-401.33517,204.31529,-72.41742,37.04965,-21.78082,-23.72359,35.664288,-30.367823,0.18063849,16.629913,-0.17285168,27.500996,-10.9386215
FADS134,i,15,ADS,35.0396782953243,140.8281670117404,-479.66318,110.85629,10.648994,139.22046,19.270481,-22.710953,2.1327615,-44.834114,-10.628912,-0.59120506,-34.351616,27.12186,-18.4898
FADS134,i,15,ADS,37.31125165143773,68.74834856227352,-500.19604,93.97506,28.5985,147.29199,13.635616,-10.491879,1.1469893,-31.848839,-24.705225,-2.0689855,-26.6369,13.096105,-11.756672
FADS134,a,15,ADS,41.05717447110579,90.60245020700819,-408.12506,199.93045,-60.56304,11.201841,-10.782177,-13.334517,23.860922,-21.155552,-8.5883045,14.65583,8.867004,46.832115,-12.494691
FADS134,a,15,ADS,43.57,100.00000000000142,-406.88556,207.94856,-30.143623,35.072014,-51.77415,-14.285247,38.378433,-37.885544,11.000211,15.51506,-10.7837,13.986044,2.0622804
FADS134,i,15,ADS,45.48342783338727,64.08465990251955,-439.20203,118.838905,-28.758446,115.47789,17.09876,-18.779827,-5.0183396,-39.35359,-7.166755,-20.815392,-30.962337,9.47975,-14.38122
FADS134,i,15,ADS,49.57727951240593,64.08465990251955,-501.95764,127.02191,0.82014215,122.29729,36.55822,-20.290728,7.0268183,-39.248764,-17.671307,5.113009,-36.29161,10.485283,1.1032557
FADS134,i,15,ADS,49.91,63.51701457104042,-464.54584,119.229385,3.4293284,114.34007,17.898127,-17.63112,-4.763464,-34.226883,-8.76514,-23.971268,-14.982304,11.2505,-22.757532
FADS134,a,15,ADS,50.17,93.39799987515818,-471.53973,212.9284,-14.769615,-16.973946,-2.3661587,7.1926403,-2.3745313,-18.832352,-5.2080097,-5.6747046,20.759516,26.64035,-19.659496
FADS134,i,15,ADS,57.19,109.99999999999943,-401.46747,93.6346,8.949012,132.12169,19.814987,-14.260817,1.7673484,-39.7127,-11.778245,-9.98975,-22.796198,16.456955,-20.049267
FADS134,i,15,ADS,58.67827338267769,101.72661732231347,-422.96198,102.0061,-7.999096,147.26263,4.589191,-10.465971,-1.4230391,-40.790855,-8.629047,-10.204347,-29.909775,18.080055,-20.343279
FADS134,a,15,ADS,60.36,84.51609348841771,-370.72525,192.43677,-15.418867,33.64174,-70.04035,-12.463084,36.935005,-41.050163,7.479203,12.721844,-11.406567,15.890959,2.3668957
FADS134,a,15,ADS,61.35,100.00000000000142,-410.47906,190.43591,-14.558037,46.046463,-61.51724,-14.598522,35.605347,-41.36011,4.6368,11.389801,-5.627326,9.212603,14.380958
FADS134,i,15,ADS,63.14,49.53880421719248,-527.83624,132.06384,29.47836,123.24219,9.467471,-16.545532,-9.807837,-9.847408,0.43501663,-11.382824,-12.747469,2.8884382,-1.7061849
FADS134,u,15,ADS,66.07861660400948,83.97300263089846,-512.6567,172.32811,39.492798,58.177475,-20.892466,-20.228027,15.920125,-24.790695,-12.95871,3.9651616,-16.020334,-12.898712,-14.232216
FADS134,u,15,ADS,74.64364971303388,136.3502869661204,-511.28943,198.71976,49.666172,68.71548,-54.33232,-10.905233,11.620588,-41.987015,6.580964,6.6252966,-13.810516,-15.919272,-18.761248
FADS134,a,15,ADS,81.06,204.82072605591384,-423.7866,210.62027,-38.538147,16.149534,-41.87356,-8.714345,41.266716,-21.600325,-0.40301988,8.847479,-8.559369,8.076212,2.9126024
FADS134,u,15,ADS,82.70761076920897,100.54662157119765,-501.80597,212.61533,36.97561,52.567738,-32.412743,-31.317455,6.998826,-38.068108,11.913677,-1.2438388,-8.687767,4.878211,-30.274027
FADS134,a,15,ADS,85.21,88.87567428496368,-373.1826,188.53323,-24.688847,43.15968,-68.23111,-18.591248,22.926224,-40.366173,18.643263,10.519433,-12.961951,17.913944,-6.3138094
FADS134,i,18,ADS,3.717350753585833,115.33802807037397,-479.26828,122.66487,-0.88496804,122.284454,16.443443,-3.3415437,5.906472,-25.501501,-8.26778,-22.9306,-19.5438,11.616203,-21.104218
FADS134,u,18,ADS,4.95,229.99999999999955,-459.26425,167.97055,46.659214,46.836243,-16.74548,-34.643517,6.57957,-10.359789,-9.452837,-12.603507,-12.0093775,14.695539,-34.044044
FADS134,u,18,ADS,5.97,89.99999999999986,-492.77194,212.86719,21.5743,48.06807,-24.612883,-7.988769,17.109581,-25.062077,-10.90657,-12.441574,-4.5393596,13.910028,-28.451221
FADS134,u,18,ADS,6.185840605389953,175.9440833706858,-477.51657,177.69037,7.996688,28.18082,-36.554688,-38.95953,14.567648,-41.6822,-16.651747,-26.526226,-21.949821,-0.47926903,-24.836767
FADS134,i,18,ADS,6.628397054291789,96.27129090094132,-402.60468,128.68079,-18.384146,93.212944,18.895887,-4.245295,-9.819511,-37.894787,-0.20128351,-32.117516,-15.2822895,12.224977,-16.620804
FADS134,u,18,ADS,12.03071580149038,119.50918870461891,-474.33896,158.20164,74.420105,36.220592,-23.841572,-24.09372,-3.4850187,-26.223698,-26.622663,-10.139467,-4.2654214,10.757145,-20.916584
FADS134,u,18,ADS,14.24553917105563,102.91069027342026,-571.0856,174.6524,66.4705,54.855072,-16.773502,-22.955507,-4.005626,-28.95005,-8.1193695,-1.0649562,2.994109,0.2168023,-31.245703
FADS134,u,18,ADS,20.37069699686247,105.40046503809819,-499.31595,201.22385,44.777283,60.437088,-49.42173,-35.65922,21.56565,-33.955635,-0.79592377,4.9385805,-17.651226,-1.3592653,-24.51175
FADS134,u,18,ADS,21.0,120.000000000001,-490.0799,173.13339,48.38914,41.221306,-7.5849924,-31.462341,4.116931,-4.7788324,-7.8327413,-12.636398,19.731548,2.6231194,-15.029398
FADS134,a,18,ADS,23.89362701703284,121.16903854773753,-367.08694,198.92352,-63.377644,33.922707,-34.997234,-32.25854,51.771683,-32.930428,-8.555643,4.3915257,0.71670616,14.66409,2.0418262
FADS134,a,18,ADS,25.73,114.46604661600901,-364.36877,205.98392,-55.529415,28.649384,-40.177685,-27.844957,50.208897,-36.763176,-2.9057326,-2.1781082,6.9123125,17.899734,-15.294197
FADS134,i,18,ADS,30.38769750112077,90.98001176602111,-453.49426,96.22543,2.4203749,129.4542,10.616985,-11.108606,17.568796,-38.886696,-2.0929961,-21.165186,-29.604836,15.5337715,-17.197859
FADS134,i,18,ADS,32.07,101.04136317814749,-532.3991,115.55353,24.510195,133.91957,17.17458,-9.62977,8.02043,-38.491142,-5.886693,-24.295311,-21.00169,15.896402,-23.246853
FADS134,a,18,ADS,35.51680552442856,93.1944755714369,-389.469,208.50482,-65.4504,3.4838102,-25.644043,-2.972147,22.249088,-24.82164,2.5751905,-12.662932,1.220751,42.96599,-2.213506
FADS134,a,18,ADS,37.76,120.00000000000455,-395.4149,194.5266,-29.925694,23.874947,-55.97275,-10.52095,46.110832,-36.889523,7.625516,-14.358702,5.531679,9.116625,1.8340704
FADS134,i,18,ADS,39.84,73.47777061841754,-430.0229,106.10361,-21.741957,109.45493,18.322945,-15.107259,-2.7277331,-35.78031,-14.064642,-34.496887,-20.88644,6.993984,-2.460154
FADS134,i,18,ADS,44.72,41.8098666513842,-547.8715,148.1413,8.399673,100.82637,34.50336,-10.622261,-12.31169,-11.066958,4.581046,-33.82905,4.2071986,32.145916,-20.122038
FADS134,i,18,ADS,44.97095094688446,70.54361833258582,-373.169,131.60072,-26.70839,100.831924,11.256006,-7.622782,-4.7382927,-35.7593,-4.1713467,-36.902573,-19.571802,11.94113,-22.451038
FADS134,a,18,ADS,45.25821415564734,93.78151613627494,-334.22684,184.492,-66.1233,24.317928,-34.66246,2.8420057,17.442444,-30.489704,-7.0690722,-11.166597,11.574821,30.947765,-26.645517
FADS134,i,18,ADS,49.39,130.1090452340503,-476.7424,95.52418,18.696972,124.84114,0.20183092,-2.040115,7.4662685,-39.589325,-3.8144248,-25.328865,-30.963688,16.126678,-35.231514
FADS134,i,18,ADS,50.82327308904021,106.72691095979303,-439.73013,88.47194,8.206787,123.0665,-0.44373477,-5.0711126,15.670533,-37.04937,0.7449385,-30.119719,-21.903297,15.981591,-18.890995
FADS134,a,18,ADS,52.27,89.9999999999963,-406.7584,200.38185,-38.06094,25.421429,-65.90979,-19.762455,44.979614,-41.715694,-11.790348,14.142712,-15.92882,9.196072,21.39999
FADS134,a,18,ADS,53.2,79.9999999999983,-425.90234,197.52533,-27.27839,40.38071,-69.33089,-31.762753,57.13436,-44.55358,6.7177877,12.49827,-19.615908,4.4389453,12.194269
FADS134,u,18,ADS,57.6925157639123,91.20222620359186,-580.8164,164.36612,84.3504,54.056126,-11.52728,-13.740872,-14.346906,-20.504374,-8.08046,-9.153702,8.710981,-10.462162,-13.158587
FADS134,u,18,ADS,65.07,131.47970603570514,-496.35916,191.7321,49.468754,75.73279,-46.651405,-30.66603,16.277256,-51.237247,1.4303005,0.79139644,-7.757719,7.65232,-24.280394
FADS134,a,18,ADS,71.85213570030463,163.43438935680865,-365.13614,186.79666,-13.337923,14.788897,-65.32634,-2.0377865,36.301205,-35.96927,8.518166,-9.353974,-5.5797586,11.436859,-0.52804935
FADS134,u,18,ADS,73.38,90.00000000000341,-492.73477,203.49028,20.27694,49.920616,-42.113613,-32.747543,7.061876,-33.584328,2.276682,-17.039,-13.179903,5.905115,-25.662476
FADS134,a,18,ADS,74.8936557056285,110.1722892539243,-403.22333,179.24103,-34.351353,28.187485,-67.27735,-9.68849,41.671783,-41.397125,8.040066,-8.229758,-0.5701926,21.235584,-2.4126565
FADS135,i,12,ADS,5.43,100.00000000000054,-458.3011,161.5191,-34.57711,110.02468,43.079998,-36.382935,52.26496,2.7361517,-14.1877,-14.35409,-21.606659,-10.814002,-12.790543
FADS135,u,12,ADS,6.9,149.99999999999946,-536.6321,222.83482,81.720184,38.013275,-9.884623,-28.107395,21.475628,-9.071977,-4.074502,-11.597196,-18.662155,8.242483,-17.598644
FADS135,u,12,ADS,7.94,110.00000000000031,-494.20694,225.29948,25.12836,30.379745,-12.343541,-34.773014,11.556393,-19.048927,2.2616262,-4.522031,-21.208284,3.5065784,-6.265925
FADS135,u,12,ADS,8.215846911763055,174.1530882369453,-535.31384,213.73544,55.361736,38.591217,-25.820946,-32.590942,0.39856064,-27.845955,18.365791,-10.66156,-17.905418,-5.275978,-16.790483
FADS135,i,12,ADS,9.087855106407236,92.14489359276357,-503.22186,174.32707,-1.2763612,95.197586,45.96535,-28.907156,35.273262,-5.077495,-5.2960987,-19.779049,-21.567377,-8.17963,-26.3657
FADS135,u,12,ADS,15.89148998251633,118.51001748367196,-437.11624,186.71991,49.750603,40.281384,-13.132458,-53.24161,5.030629,-5.7493296,-1.08778,-5.3879137,-26.592564,0.24633038,-2.311275
FADS135,u,12,ADS,19.82615492896846,103.8450710315395,-525.8243,220.75984,23.198036,10.303522,0.75760955,11.135811,2.8886065,-2.6050024,8.139227,-15.028614,-13.751087,-5.1802664,-3.5057073
FADS135,u,12,ADS,27.56,130.00000000000256,-558.3405,194.96056,65.533264,42.522026,-50.412373,-49.701057,11.940649,-36.73574,-8.299209,-12.85148,-34.91947,-12.123705,5.889298
FADS135,u,12,ADS,28.6,160.00000000000014,-548.4007,208.97772,55.275917,35.705948,-7.7740154,-35.490807,-23.032322,-27.470499,2.5002956,-22.180412,-8.177642,-33.49649,-18.559727
FADS135,a,12,ADS,32.7,89.9999999999963,-411.2168,217.6543,-35.096874,2.304072,-51.12951,-12.338321,50.381004,-1.3285486,-10.114563,1.8677166,1.6868372,12.305292,-6.9426293
FADS135,a,12,ADS,35.74,169.9999999999946,-413.6357,243.89713,-29.751833,-7.1641054,-62.32637,-9.986532,34.187477,10.273891,7.014295,-19.757053,1.0387944,-7.668678,-8.361889
FADS135,i,12,ADS,44.32589121986924,110.53577604909748,-496.1912,146.33083,3.4592776,92.62783,14.725327,-15.779196,25.884312,-25.661003,0.101986766,-25.866125,-22.614908,5.915871,-13.743822
FADS135,i,12,ADS,46.60916898172808,90.83101827192053,-466.0132,113.658295,-19.962393,105.903305,24.816988,-38.832596,42.05153,-26.124012,-11.420943,-29.903038,-39.324554,-5.7696443,-22.278328
FADS135,a,12,ADS,51.11,119.2551046896071,-337.6614,222.6948,-90.71416,-13.9045725,-47.01631,-19.227253,37.895103,0.6150385,-23.049923,2.949828,-6.4596643,3.0107698,-3.4417307
FADS135,a,12,ADS,52.57,119.99999999999744,-359.0387,212.1527,-43.77385,-15.609419,-26.482014,-20.677526,61.233315,-24.649612,-4.751544,6.5747814,-31.989738,22.453787,-14.576336
FADS135,a,12,ADS,54.1,109.99999999999943,-368.90262,217.4064,-64.52784,-8.503809,-27.887983,-20.053032,60.639153,-19.813591,-7.053188,-10.782285,-12.981169,1.8200111,-8.459936
FADS135,i,12,ADS,57.0243684195596,95.02198291939834,-518.63776,159.06264,20.642391,105.30039,10.869642,-11.403185,30.086369,-14.116514,-1.0773046,-21.428663,-26.35215,8.007159,-13.238277
FADS135,i,12,ADS,61.82,39.99999999999915,-502.74722,155.23862,-6.7310486,105.34769,31.681122,-41.717514,40.841698,-7.238287,-8.47984,-32.946743,-31.541,1.725059,-28.743107
FADS135,i,12,ADS,62.13,89.9999999999963,-427.0592,139.111,-48.8704,97.66235,31.533241,-38.870968,39.417458,-13.166019,-12.035624,-16.75523,-35.71248,-2.5537744,-15.562305
FADS135,a,12,ADS,62.44,136.15718496448181,-356.6334,193.00421,-65.53054,-7.492072,-50.803337,-8.485434,36.17095,0.91854346,-5.2201476,1.0507925,-10.772165,22.390522,-22.431255
FADS135,i,12,ADS,70.89,126.77609916890731,-443.41196,155.35753,-28.076706,102.998,34.036453,-49.93492,46.9188,-13.023148,-23.613394,-17.624401,-39.621296,-0.48251557,-21.399347
FADS135,i,12,ADS,72.57,110.00000000001364,-535.8905,134.43533,22.667212,115.81644,26.273693,-43.032654,48.584827,-8.901948,-6.884038,-17.126518,-21.7061,4.0848913,-17.913214
FADS135,a,12,ADS,74.3,140.00000000000057,-367.30176,222.72075,-33.539677,6.955909,-59.50655,-24.463142,39.038933,-10.206348,0.99263704,-11.021921,-6.7035027,3.5591345,-8.971554
FADS135,a,12,ADS,75.34,94.76141086597067,-454.1911,221.4219,-12.726519,9.673932,-69.055176,-19.175892,44.78479,0.14380696,-6.1210203,-25.881632,11.711575,13.378706,-1.3126394
FADS135,i,12,ADS,77.57800795762648,41.992042373522054,-369.69894,183.4815,-86.44028,39.851685,25.728529,-46.237152,4.718437,-43.14013,-3.167118,-3.1707182,-18.746624,-8.541665,-16.814453
FADS135,u,12,ADS,81.04,109.99999999999943,-571.1362,206.24747,88.39724,20.773083,-17.42345,-0.16231829,1.0271658,-16.631721,5.8729467,-15.6283865,-14.127235,-1.8009577,-9.950668
FADS135,u,12,ADS,92.29,145.52756632933495,-569.5148,197.58191,99.2413,30.675388,-20.60482,-19.008383,2.1850495,-35.138485,-2.4498553,-11.014662,-13.991842,-4.24565,-9.55559
FADS135,a,12,ADS,100.86,150.00000000000568,-426.68585,233.21957,-10.805429,-10.003458,-80.87703,4.604935,48.869167,-14.457081,-8.134949,-14.838026,-4.379298,-3.6336043,-1.2279599
FADS135,u,12,ADS,102.87,98.51964553959647,-601.86224,200.46199,70.64601,34.470177,-4.0312076,-13.3491,-11.067471,-12.430379,5.8174076,5.3751345,-3.185924,-2.2911358,-7.071103
FADS135,a,12,ADS,105.35,150.00000000000568,-413.5739,223.52551,8.447972,-5.0130696,-67.56128,-11.671061,45.590446,-3.4908369,-3.9195757,-12.469882,9.631483,-0.70541954,-5.1551065
FADS136,i,12,ADS,5.92,80.00000000000007,-426.66888,88.28314,15.076727,120.91682,26.083118,-5.1329303,-12.540312,-22.823189,8.225167,-34.2797,3.563206,-3.6165643,-9.02297
FADS136,u,12,ADS,7.16,179.99999999999972,-658.6179,168.90617,89.99208,64.01692,-0.9174785,-15.588127,-28.375633,-23.85732,-0.09927118,-14.429999,13.247739,21.345366,-24.204098
FADS136,u,12,ADS,7.75,129.9999999999999,-555.1675,175.61105,57.252274,41.056137,-27.31471,-29.217125,-15.755644,-46.71412,-6.4248605,-36.936356,-7.3770275,7.234799,-37.501663
FADS136,u,12,ADS,8.157171137433277,162.82886256672313,-519.5975,178.51883,53.09032,24.9517,-40.929295,-20.707438,-8.724597,-31.987751,5.2649355,-34.151722,3.0792763,12.482123,-43.0989
FADS136,i,12,ADS,8.71,79.9999999999983,-469.56024,85.81589,11.519194,115.42716,14.899861,-8.08907,-8.546875,-24.992134,7.7329807,-46.80906,0.37843335,-5.6863766,-11.661865
FADS136,u,12,ADS,13.84740935576246,111.01267432787942,-566.85754,197.44891,54.427353,53.89588,-28.233473,-14.717141,-16.827929,-31.433598,12.133145,-30.137608,-8.2944355,19.827566,-45.129204
FADS136,u,12,ADS,16.52,100.00000000000142,-502.9006,170.40306,33.964783,10.759138,-21.959255,-11.765953,-19.01311,-26.064274,1.3787284,-19.366558,-5.2975526,3.7617538,-16.300697
FADS136,u,12,ADS,22.87399618429095,106.00381570905171,-550.62946,193.64401,44.424393,41.590202,-52.530037,-25.991215,-9.03919,-19.425068,-5.4942923,-27.57143,-7.419259,4.935724,-21.91746
FADS136,u,12,ADS,23.88,140.00000000000057,-675.69574,180.63129,105.26312,57.538548,-1.1545393,-2.1298192,-14.9808855,-20.795765,1.2492411,-5.514389,8.638269,4.9682007,-13.408008
FADS136,a,12,ADS,26.76638843804622,94.28473710038077,-395.20285,184.41646,-71.05412,15.67671,-34.98432,6.6232433,20.14965,-14.619896,20.18874,-17.99172,13.459658,28.607418,-21.990738
FADS136,a,12,ADS,28.68,100.00000000000142,-394.7798,184.4176,-52.1007,26.405897,-45.55046,5.422306,19.362904,-15.514439,10.898466,-29.72583,16.072094,8.592218,-10.786724
FADS136,i,12,ADS,34.03,100.00000000000142,-417.92023,99.99247,-2.1145043,97.14839,8.777115,-18.464863,-13.343854,-22.251965,-4.705298,-44.018745,5.210049,-9.196924,-13.756065
FADS136,i,12,ADS,35.51678082636109,103.2191736389052,-424.0858,74.139755,10.262646,108.06431,7.487881,-12.563995,-17.032938,-21.160738,-5.281309,-40.793022,-14.742102,-7.0961146,-14.259205
FADS136,a,12,ADS,38.62,120.00000000000455,-338.88205,184.73502,-64.30209,13.305613,-29.749535,8.250379,5.1795654,-22.894451,25.194199,-26.40093,17.754375,24.055477,-14.462307
FADS136,a,12,ADS,39.96,89.9999999999963,-407.05472,173.10818,-29.769863,17.84132,-61.37993,6.358387,23.776619,-11.293024,24.862652,-18.607449,3.1719723,7.5621524,-3.3239703
FADS136,a,12,ADS,41.13,99.99999999999432,-339.95435,166.04008,-19.836655,7.0700216,-55.92003,17.020075,17.069206,-13.876062,14.739036,-25.17305,-8.043421,3.1900396,-16.527512
FADS136,i,12,ADS,43.30217865386717,77.55679987290875,-435.8657,95.67772,2.2525725,118.29677,14.225643,7.238292,-7.6209736,-23.557665,1.4037132,-46.671375,-2.4449422,-0.8508332,-4.706674
FADS136,i,12,ADS,46.79,50.00000000000426,-461.79828,109.04489,0.5725216,121.9179,43.134186,-5.526931,-11.646635,-16.095757,21.841597,-59.888046,-5.568386,10.039066,-27.832615
FADS136,i,12,ADS,47.13,89.9999999999963,-489.51486,107.62599,15.745201,107.11328,8.787525,-1.9803956,-4.684138,-12.068411,-9.070122,-41.20343,-7.651061,-17.410894,3.607584
FADS136,a,12,ADS,47.45,99.99999999999432,-424.27753,230.9147,-54.964195,-21.903023,-14.368696,4.6082644,-17.82799,-12.18606,5.212595,-30.450024,9.605776,13.083699,-7.6743984
FADS136,i,12,ADS,51.9,130.00000000000256,-473.4555,67.97089,8.304165,139.91739,11.994529,15.062372,11.286316,-36.326683,18.832624,-46.125504,-5.0711555,12.65201,-14.8531475
FADS136,i,12,ADS,53.29,90.00000000000341,-464.88928,107.05999,4.4006705,142.85435,13.832018,9.252749,5.8113375,-34.37332,12.81991,-45.859276,-12.837791,7.080698,-2.4503043
FADS136,a,12,ADS,54.68,79.9999999999983,-330.25485,152.38507,-32.77494,14.185844,-91.746994,5.611208,-7.201558,-10.8786335,-0.5943661,-20.368313,10.230013,2.203195,-15.021767
FADS136,a,12,ADS,55.31,79.9999999999983,-367.13303,163.28435,-13.91363,29.131172,-64.299576,11.659584,4.4770155,-16.716595,7.0141687,-25.951138,15.161812,10.863371,-2.8774183
FADS136,i,12,ADS,57.3,40.00000000000625,-408.29483,147.62523,-56.681553,29.941063,32.019993,-15.711294,-27.92871,-63.210712,15.368319,-38.250267,-8.511778,5.3554854,3.7175288
FADS136,u,12,ADS,60.15567649297406,84.32350702594249,-495.0192,193.82149,27.491524,24.511375,-13.284386,-3.391675,-12.096322,-11.461578,16.561707,-27.08255,-24.452127,4.9403687,-3.1268442
FADS136,u,12,ADS,67.32,139.68049603008126,-527.57605,198.6456,39.801125,64.93972,-33.50714,-36.564384,17.310947,-18.124311,1.6852838,-28.92524,-2.8052173,-3.4674053,-16.516357
FADS136,a,12,ADS,74.14,109.99999999999943,-335.97208,145.57022,-27.88536,22.788763,-67.754005,-0.8193153,17.300865,-28.83152,5.8280535,-26.511536,20.436913,24.458305,-9.604046
FADS136,u,12,ADS,75.72,101.7007218312358,-609.1225,196.18253,71.26404,40.96415,-21.976856,-10.012014,-0.34478778,-11.187657,21.673424,-17.254616,-1.3981218,22.390373,-41.884884
FADS136,a,12,ADS,77.62,116.89989340000295,-381.8627,170.5278,-47.78743,35.625416,-75.67897,12.460951,6.130488,-23.310724,2.535625,-27.102528,15.979218,21.558537,-1.718734
FADS137,i,12,ADS,6.61,129.9999999999999,-459.0498,66.03501,39.27636,115.89598,-4.3766327,-8.883652,29.17892,-7.8572283,-8.478401,-34.401684,3.6659236,-13.8065195,-3.7324212
FADS137,u,12,ADS,8.58,189.9999999999995,-553.1676,123.28005,84.7608,25.946182,16.262653,-37.52617,-8.360661,-24.146553,-7.544112,-21.254356,-9.068269,8.372052,-30.85595
FADS137,u,12,ADS,9.86,89.99999999999986,-439.695,138.07324,50.2482,4.824233,-30.394676,-18.578693,25.894495,-26.079868,-19.337904,-22.861244,-32.361107,-19.74929,-6.8296432
FADS137,u,12,ADS,10.10327977749258,186.7202225074198,-492.1968,95.20914,60.086044,8.530916,-16.53849,-33.113342,7.1053476,-32.50918,-15.134892,-33.545666,-27.48788,-1.9778076,-13.849737
FADS137,i,12,ADS,10.73,89.99999999999986,-402.13235,55.673058,0.43798152,115.72237,-1.3714294,-28.074432,11.536688,-20.425144,-15.613735,-28.857178,2.4575806,-12.025492,-17.714642
FADS137,u,12,ADS,18.2340080079922,165.99199200780035,-516.4104,181.19858,78.75783,2.8071866,-1.4882847,-29.017488,4.549407,-10.875678,-24.286554,2.0326731,-15.54439,0.015249357,-12.353856
FADS137,u,12,ADS,22.18989068308145,140.10931691854722,-597.5699,172.72156,49.193684,36.31376,-7.601115,-2.370468,18.534576,-16.657307,-0.96987855,-10.461479,-0.40336823,3.5974202,-10.266501
FADS137,u,12,ADS,30.65,155.97147300289294,-515.2295,192.30942,49.342506,50.44455,-6.884309,-18.706646,-7.073657,-18.184925,1.5867066,-2.9667828,-17.259436,0.39933622,-6.069063
FADS137,u,12,ADS,31.59,239.99999999999844,-510.04288,168.74368,58.426388,28.161587,-10.230681,-35.416206,14.742998,-30.566023,-12.980011,-18.515543,-24.923168,6.447079,-31.241821
FADS137,a,12,ADS,36.01,109.99999999999943,-418.12894,181.4344,-1.9824555,-3.6202097,-46.423573,9.12851,23.011337,7.0732393,4.6985474,-21.895391,-3.5719194,-0.93565845,15.60683
FADS137,a,12,ADS,39.03,140.00000000000057,-346.47598,145.31396,1.4978642,-0.054345846,-53.390854,-10.823201,23.557526,-16.519377,10.671759,-29.253458,-10.784529,-0.54819965,-4.7086005
FADS137,i,12,ADS,47.64,149.99999999999858,-530.0836,78.234215,56.963837,102.150635,-12.104954,-6.007431,13.282917,-22.155525,16.700264,-10.235007,4.6270084,-9.296864,-28.499416
FADS137,i,12,ADS,49.75,140.00000000000057,-463.5588,39.375282,69.69863,102.949615,-7.539298,4.004103,25.64148,-9.824682,7.005823,-15.543142,-2.0269387,-13.920535,-17.324587
FADS137,a,12,ADS,54.04,140.00000000000057,-359.66257,125.573944,-18.710575,-11.369488,-36.79667,0.3566997,15.185219,-6.412309,-16.929525,-6.6647573,-14.610503,7.054071,-12.928429
FADS137,a,12,ADS,55.55,140.00000000000057,-361.79138,117.84825,7.079551,-18.743645,-39.866505,-4.0069213,19.817013,-6.1459165,4.9466696,-27.857132,-7.74722,-11.559843,5.8432817
FADS137,a,12,ADS,57.23,140.00000000000057,-366.11658,160.54366,6.6843934,1.9410119,-39.518517,-2.9974952,18.95639,-13.918893,19.091059,-28.47204,-4.8089614,-1.6029141,-2.2180884
FADS137,i,12,ADS,59.74,104.58775936243825,-422.3857,75.0497,7.425517,107.64603,10.8255,-14.860247,19.378283,-22.317982,-7.9277987,-37.566715,-7.5235395,-15.923985,-4.392417
FADS137,i,12,ADS,64.1,109.99999999999943,-389.8961,74.76495,17.436378,114.392235,22.799463,-12.322558,26.125023,-27.658419,-27.278801,-39.112885,-19.946495,-0.8870696,1.897948
FADS137,i,12,ADS,64.5720868357193,87.91316428069251,-490.12354,54.66188,47.287834,99.69791,4.733922,-14.38874,26.356468,-33.159344,-12.700392,-29.602757,-0.17619896,-27.831463,-20.26345
FADS137,a,12,ADS,64.92,111.18598649022715,-367.52563,159.07103,-32.197914,-10.87508,-34.389847,5.3192954,9.961672,7.3740463,-13.020957,-26.830742,-6.9702663,22.641891,-9.708744
FADS137,i,12,ADS,72.41,140.00000000000057,-441.88028,85.24661,44.46081,103.93315,16.77126,1.2245283,29.480362,-13.745223,-4.2121553,-30.203783,-13.461371,-20.928947,-6.6533823
FADS137,i,12,ADS,74.53,129.99999999999545,-481.16364,69.32457,53.0082,123.752975,15.1201725,-13.239732,34.32493,-24.358898,-1.3836632,-29.41003,-8.045889,-3.1322148,-24.84765
FADS137,a,12,ADS,76.27,100.00000000000853,-358.4991,169.3631,5.9102607,8.4814825,-58.692272,-4.233653,28.715654,-17.32352,-12.62575,-20.165133,-3.4047482,9.056577,4.318906
FADS137,a,12,ADS,77.45,119.99999999999034,-376.2766,160.22711,35.754425,3.161226,-77.656586,6.5229816,8.544583,-2.660677,-2.3075294,-21.551605,-0.18319634,-22.382637,5.2044187
FADS137,u,12,ADS,79.42,170.0000000000017,-383.95346,175.58896,-7.287792,39.88723,-42.628067,-47.74395,6.787621,-14.146573,-10.953775,-12.190033,-26.459763,-2.91455,-7.127029
FADS137,i,12,ADS,79.81,92.04108526192556,-446.48172,35.628708,25.46981,86.12201,4.5757437,3.2877736,5.334304,-27.56458,-13.180382,-40.591507,-1.9043709,-8.651903,-12.966721
FADS137,u,12,ADS,84.38,103.34606995026263,-523.19904,180.09009,55.808426,11.631673,-10.574714,13.161934,25.435907,-15.73974,-6.6809483,1.2135481,-24.882229,-12.896444,-14.19433
FADS137,u,12,ADS,94.64,159.9999999999966,-577.58795,189.46884,54.655296,42.91535,7.9376965,-5.532653,16.274107,-5.369256,-12.308792,-17.875885,-4.0774612,2.464066,-16.050926
FADS137,a,12,ADS,103.86,120.00000000000455,-347.56934,154.29297,-3.027831,14.905329,-59.65598,0.1484636,35.75869,-9.444528,16.119219,-27.140682,3.8677073,7.516336,10.802038
FADS137,u,12,ADS,105.43,119.99999999999034,-539.9482,203.22266,57.219826,37.538757,-19.483679,-11.359613,23.199642,-12.037589,-9.112318,-17.984093,-23.243084,-4.15198,-13.576944
FADS138,i,12,ADS,8.12,70.00000000000028,-453.92816,88.758766,59.50547,98.279755,21.110561,0.1253336,-42.455757,5.577344,-23.865664,-28.321095,-14.197775,-2.0035746,-10.791425
FADS138,u,12,ADS,9.99,179.99999999999972,-562.06665,179.90176,53.089825,71.068695,-1.6589799,-38.20347,-25.393534,5.8021827,-2.8784738,-13.217075,7.6342463,-13.32136,-9.867155
FADS138,u,12,ADS,11.53,130.0000000000008,-528.6381,198.5033,48.334946,57.70634,-27.546322,-39.187077,-23.799957,-16.894518,1.4741024,-25.223793,0.038317025,-0.12757331,-36.23806
FADS138,u,12,ADS,11.82,109.99999999999943,-513.9788,190.58322,33.867386,44.850822,-20.251898,-31.793182,-32.849148,-3.6267834,-9.068569,-37.70101,12.871917,-0.55137944,-26.567688
FADS138,i,12,ADS,12.23970785187558,64.23744513008955,-413.09015,96.903656,5.6259604,109.74463,17.166903,-8.062193,-57.99662,-23.77911,-12.915663,-26.41809,-19.306267,4.251651,-2.6971774
FADS138,u,12,ADS,22.63554775668204,131.46267840576087,-585.0624,182.13046,65.69446,20.221455,-4.5906997,-15.465972,-31.45502,-12.235622,9.260965,-9.134535,-10.346178,-17.998224,-22.631819
FADS138,u,12,ADS,27.3523706629972,87.62933700280229,-477.88132,182.90726,62.267204,10.407495,-13.176369,-11.713503,-11.846651,-11.981048,9.501083,-15.556432,-5.3022532,-11.621853,-17.24036
FADS138,u,12,ADS,35.13,109.99999999999943,-508.7171,192.09264,55.681496,52.067276,-8.278357,-15.845309,-21.76532,-36.496887,-5.307687,-20.15495,12.576565,1.5544854,-11.031331
FADS138,u,12,ADS,36.58786863173616,122.13136826384385,-530.63544,177.87369,75.93303,56.018333,-20.484547,5.146535,-25.402803,-31.56617,-5.335695,-6.5756073,4.068625,-7.797503,-13.976925
FADS138,a,12,ADS,42.18,109.99999999999943,-335.28638,199.13882,-20.387684,-1.6373656,-43.26838,-5.6536818,-26.547104,11.841398,-26.129354,-1.3654814,13.051987,13.091889,-27.441359
FADS138,a,12,ADS,45.42,119.99999999999744,-322.37408,216.71707,-13.28578,-19.501644,-45.204575,-12.88023,-36.777954,33.2162,-29.025429,-6.8785315,6.1933107,7.5164013,-17.547836
FADS138,i,12,ADS,55.78179780382771,128.202196172289,-407.3786,83.37602,31.620811,100.41899,14.451599,-3.92834,-27.88797,-11.596079,-14.04895,-32.115902,-20.22984,-7.2924795,-3.1098292
FADS138,i,12,ADS,58.58219502328566,67.80497671434205,-401.24448,84.86638,50.51672,83.78703,33.12579,13.862771,-20.044287,-15.734532,-9.9061985,-1.3893135,-11.685116,5.719494,-11.745653
FADS138,a,12,ADS,63.09,139.99999999999346,-310.61206,177.48541,-19.761997,-33.419586,-39.824062,22.549168,-50.640617,17.367542,-7.594611,-25.867636,11.364693,41.83316,-6.5898848
FADS138,a,12,ADS,65.42,90.00000000000341,-389.31873,184.89076,22.652256,-8.000116,-37.032097,-0.932487,-27.063133,15.667213,-13.6011715,-24.57542,-4.548031,-6.87553,-3.1197493
FADS138,i,12,ADS,68.8497185751089,80.2814248911119,-471.25357,64.12935,60.389526,111.933784,7.670392,-22.926914,-41.55596,-4.0372458,-23.126242,-44.431686,-10.117886,-13.550306,-20.478664
FADS138,i,12,ADS,74.35,180.00000000000682,-450.96365,90.82402,63.29843,78.866684,-25.287792,-2.8751054,-50.14855,-22.844227,-13.754762,-30.955902,7.5012703,-34.16809,-16.697603
FADS138,i,12,ADS,74.88,70.00000000000739,-493.9158,71.05226,67.659164,109.42151,40.444687,13.227316,-23.726883,-2.2125726,-17.200968,-29.131794,-16.647785,0.59182924,-21.086292
FADS138,a,12,ADS,75.16,141.09362191378239,-419.32935,169.24759,7.7133665,-24.524963,-32.829212,3.8926473,-51.014153,42.851257,-5.464753,-5.9659867,8.393665,16.162067,-21.391201
FADS138,i,12,ADS,82.69624300489026,183.7569951097322,-511.8746,72.169754,82.74225,91.60019,7.774544,29.769619,-17.080639,-10.599657,11.405455,-13.080648,-12.131081,-4.5712295,-5.438364
FADS138,i,12,ADS,84.71,100.00000000000853,-564.6583,68.794136,95.557144,93.24953,25.525318,22.991812,-21.788395,-0.42940307,1.011595,-15.935392,-18.016033,2.2302923,-9.372709
FADS138,a,12,ADS,88.15,78.96988086605461,-311.11765,164.96376,37.303856,-22.271091,-46.72325,-5.692155,-24.756393,25.695282,-35.229004,3.7432566,-3.039237,-9.734298,8.923309
FADS138,a,12,ADS,89.01,79.9999999999983,-289.14093,156.64555,14.429345,-10.881767,-51.4709,-18.513538,-21.772058,11.531751,-36.175346,-9.234479,-2.955528,-17.280714,22.129864
FADS138,u,12,ADS,94.85199902144468,138.00097855531135,-501.53497,172.28479,59.814903,25.67793,-38.004036,-14.669146,-19.630676,-9.185811,-5.664172,-24.241455,-9.302622,-16.218739,-37.04692
FADS138,u,12,ADS,107.24,120.00000000000455,-599.7853,194.67047,74.436035,44.772057,-1.4704117,-1.696172,-12.531916,-17.973488,-10.0414915,-3.7068205,10.426376,-6.1865177,-6.1528187
FADS138,a,12,ADS,117.2119157023367,188.08429766330903,-397.93707,203.90411,13.163983,-9.224763,-26.57647,-34.81861,-1.15403,27.410072,-1.5534799,-17.760221,8.785258,9.808403,-7.4476705
FADS138,u,12,ADS,119.17,99.99999999999432,-538.08124,185.84973,77.12338,43.27387,-36.80165,-12.044892,-27.555527,-15.780699,-18.294739,-10.495883,5.777702,-20.95267,-37.47824
FADS138,a,12,ADS,122.22,120.00000000000455,-321.08643,167.887,7.0075035,5.059017,-39.853973,-25.392643,-44.53009,23.339066,-10.108914,-20.08094,16.198778,2.434124,1.9966229
FADS139,i,12,ADS,6.050531355123916,102.84417848701023,-423.7946,123.703026,-40.24499,131.31403,11.889317,-11.502541,16.418907,-23.999699,-5.100501,-24.410412,-9.63086,1.5211408,-3.99447
FADS139,u,12,ADS,7.42,179.99999999999972,-474.29874,207.93004,21.674734,52.861805,-2.3787866,-47.082726,13.775693,-31.505096,7.2093105,-5.479889,-17.39814,4.588789,-16.153143
FADS139,u,12,ADS,8.461577945955145,198.4220540448547,-556.7778,171.72118,87.521385,55.28383,-29.493431,-32.698135,29.220516,-72.25757,-13.803898,-1.037961,-7.3940344,3.2340846,-15.773128
FADS139,u,12,ADS,8.96,199.9999999999993,-495.1128,161.89313,47.30514,50.552204,-44.117317,-37.984932,22.437447,-63.26362,-3.1953115,-10.451792,-20.321405,-7.655526,-21.816998
FADS139,i,12,ADS,9.59,89.99999999999986,-451.02075,131.23862,-30.171402,149.80746,30.872816,-19.526787,17.661802,-29.412977,-10.544574,-30.732422,-2.2411363,2.4306996,-0.011609405
FADS139,u,12,ADS,15.56,139.9999999999988,-522.8175,146.64886,72.61804,60.152214,-28.537567,-47.70246,23.162636,-45.197006,-1.1979604,-8.7061615,-19.544598,-19.392254,-28.277536
FADS139,u,12,ADS,25.41,89.99999999999986,-474.2815,182.19313,65.97582,66.214874,-21.329462,-19.138748,51.864624,-32.799316,23.938236,15.37573,-10.559219,-2.3958864,4.059557
FADS139,a,12,ADS,32.21,170.0000000000017,-353.87576,194.8371,-48.26677,23.176565,-58.704086,-35.41355,30.69656,-17.376406,0.468997,10.5265045,5.2164183,2.87637,-1.553743
FADS139,i,12,ADS,38.85062866926526,88.5241030014754,-407.7039,120.521286,-24.6936,127.0027,23.1734,-23.063457,10.748066,-35.956314,-16.935045,-35.983604,-0.39270175,-7.13031,8.738671
FADS139,i,12,ADS,40.72,100.00000000000142,-469.6657,118.82697,12.159895,116.54033,8.357402,-7.984109,9.596228,-29.324902,-0.45103103,-31.525023,8.173983,-13.611328,9.167179
FADS139,a,12,ADS,44.66676122443482,108.0514786635689,-368.91315,204.89825,-71.534775,21.465752,-52.044586,-14.29863,22.35895,1.1561832,4.058546,-7.1825824,18.200794,5.41704,0.7075977
FADS139,a,12,ADS,46.04,109.99999999999943,-377.6298,213.06511,-65.21744,38.030586,-60.698673,0.17130351,19.799519,-28.598866,11.3038,-0.40930074,0.9165573,12.093143,10.147899
FADS139,a,12,ADS,47.2,119.99999999999744,-470.25406,222.3589,-14.926597,18.800331,-36.1621,4.490679,26.459913,-10.811387,11.447194,1.6822116,3.904963,14.91315,10.209789
FADS139,i,12,ADS,49.47824544696024,100.24052839874287,-425.00223,80.167145,-8.079163,145.04564,8.571209,-9.539579,13.018933,-47.851933,-19.250393,-35.1425,-5.309105,3.0405169,5.586413
FADS139,i,12,ADS,53.61,48.5260508790617,-407.64117,100.28345,-19.406809,141.70992,13.954036,-10.229969,8.828038,-44.662163,-9.359753,-36.52619,-2.492261,0.18736392,1.961477
FADS139,i,12,ADS,54.99207833886704,57.92166113295849,-410.56454,102.51657,-31.251013,136.39417,14.15424,-20.02201,10.560844,-35.92536,-7.392898,-35.349518,2.477693,-10.880722,0.38086832
FADS139,a,12,ADS,55.29,90.00000000000341,-347.65277,201.02438,-87.86244,13.444068,-58.72802,-30.63547,19.973034,-17.4044,0.6305382,-13.72222,-5.4595532,14.119219,-5.7356596
FADS139,i,12,ADS,61.72714596353438,148.40805503188648,-496.86887,76.43093,38.178802,100.6007,-3.502438,1.1503264,-4.250038,-20.926453,-12.293583,-26.609358,-14.862997,7.597165,-9.285587
FADS139,i,12,ADS,63.85,89.9999999999963,-446.19373,126.53296,-32.967007,139.60815,5.641468,-7.045587,5.167229,-34.081573,-9.120689,-27.205973,-1.427028,8.878437,-12.072096
FADS139,a,12,ADS,65.18,99.97501231438832,-347.99615,185.50247,-31.31113,25.164818,-75.187164,-10.048509,28.855818,-20.617292,10.798325,-6.8552265,15.621062,-10.005205,13.6962385
FADS139,a,12,ADS,66.17,79.9999999999983,-410.48032,220.89423,-28.233387,36.20105,-68.68473,-18.633804,24.61446,-17.675064,11.944492,-0.5799009,10.760108,-9.757,6.781967
FADS139,i,12,ADS,68.41,117.13859776115498,-349.56094,100.96802,-51.432972,90.601074,19.190216,-39.161537,-0.27428544,-42.23294,-7.5018716,-29.693932,-17.893768,-2.1692894,-0.7980008
FADS139,u,12,ADS,71.53422670002436,100.24052839874287,-515.03503,192.58366,44.81577,29.275007,-12.154379,-23.292149,1.479079,7.4242926,-10.602607,-10.220114,-5.302391,-18.535751,-9.579817
FADS139,u,12,ADS,80.52,109.16819025084123,-533.0929,185.67177,33.75378,63.369476,-22.864384,-2.5800178,53.75121,-18.023098,8.871323,-2.4122937,-4.4399595,-14.131315,1.7026467
FADS139,a,12,ADS,88.14,120.00000000000455,-383.867,199.91797,-38.98655,22.61202,-64.62899,-19.029644,34.0729,-13.289467,10.528805,-1.3769486,8.199998,-6.095433,6.783879
FADS139,u,12,ADS,89.66095710776848,111.95695379598192,-526.1314,162.48495,101.838776,33.752453,-26.463474,-13.338776,-5.013157,-12.785305,-8.507999,11.076234,-2.4741623,-10.130035,-12.749266
FADS139,a,12,ADS,91.61,90.00000000000341,-351.32895,177.52795,-39.572403,24.703419,-58.72458,-17.347736,24.356636,-26.349773,1.4851456,-6.1149216,-8.431034,3.359059,4.183318
FADS139,i,15,ADS,4.968936482842857,101.06351715714368,-456.71753,130.69406,-26.658539,143.17122,26.88198,-39.88517,-6.2707872,-20.95661,-2.334292,-31.373772,-8.497357,-9.234219,-18.018623
FADS139,u,15,ADS,6.3,132.2907480215525,-590.60284,181.89743,74.21289,65.70408,-36.697304,-33.367294,8.691313,-11.435778,-0.92382956,-6.649459,-28.048103,-19.279549,-31.395443
FADS139,u,15,ADS,6.926859183298523,123.14081670147647,-566.1789,128.97644,106.29767,31.539268,-20.88824,-13.42161,-2.8523989,-30.4251,-18.352331,-6.2642307,-18.54885,-14.293242,-20.615644
FADS139,u,15,ADS,7.26,200.00000000000017,-537.27496,214.8971,61.714348,60.041378,-24.611298,-24.500319,25.809662,-25.025785,11.060905,9.799382,-37.354088,-5.002791,-10.2101345
FADS139,i,15,ADS,7.84,82.95649257357596,-400.02917,71.175735,-4.976641,103.84772,17.880276,0.9041574,-3.279543,7.455866,-19.661991,-23.208344,-7.476026,3.6755247,-9.876796
FADS139,u,15,ADS,13.46298999483442,127.14606450882115,-460.43182,134.68954,62.907066,47.535645,0.5909246,-9.314046,-12.496873,-17.14486,0.536428,17.280619,-22.414581,-13.094159,-30.262493
FADS139,u,15,ADS,15.51138981898908,91.25806242970924,-554.30963,189.28474,42.61557,51.46755,-28.245823,-38.642387,14.433791,-10.129274,-8.2765465,-0.6245162,-22.385052,-15.114093,-9.19415
FADS139,u,15,ADS,22.88,79.65969416471097,-513.3876,173.52582,57.395462,48.47413,-63.33696,-41.75142,30.58445,-41.919655,18.082478,-8.021733,-32.734707,-13.685684,-16.004665
FADS139,u,15,ADS,23.98,140.00000000000057,-598.5892,176.65533,90.00818,47.406414,-5.7259617,-16.803623,-13.395084,-20.546806,1.7080336,4.4185534,-21.169664,-15.741846,-10.110456
FADS139,a,15,ADS,26.92,74.32597130236829,-451.00568,204.735,-69.9839,33.475376,-29.876633,-30.605469,14.577347,-19.247852,14.45734,-5.310359,-2.4199822,20.910648,-9.2073765
FADS139,a,15,ADS,28.97,120.000000000001,-454.23178,212.33401,-43.158905,15.119914,-67.65349,-52.60417,17.948833,-13.851603,12.2848835,3.5548167,-19.842468,-7.4823794,-14.327831
FADS139,i,15,ADS,33.64890410826254,111.76549218920684,-435.3881,103.844795,-41.96225,135.37872,10.017033,-37.76999,-10.764402,-27.348663,10.1290655,-23.033,-12.022099,-6.5992775,-7.19605
FADS139,i,15,ADS,35.22,130.00000000000256,-484.295,92.09711,9.858318,162.32654,-3.3011937,-10.127998,-11.740149,-38.95687,-2.7528443,-36.47279,-13.489262,-24.286093,-12.184589
FADS139,a,15,ADS,38.56724348013389,117.91772111705257,-382.19968,190.759,-80.463104,18.353062,-62.475723,-5.38483,-10.747034,-13.0287075,13.8205595,-19.622044,-13.229565,24.95504,-12.6682825
FADS139,a,15,ADS,39.44,125.81928971006562,-425.60995,186.22409,-26.886742,18.690063,-60.95851,-7.685046,0.164186,-1.2714944,8.633288,2.5381258,-8.097267,1.3332533,4.795261
FADS139,a,15,ADS,40.34956285399221,100.43714600779197,-358.04025,167.50421,-51.52188,33.988976,-58.554558,-9.319089,39.498802,-20.453014,26.839294,-6.878371,-10.186855,-2.063166,-6.9691896
FADS139,i,15,ADS,42.30038943161776,124.06995004489829,-439.08957,98.46237,-21.841263,123.88346,18.661304,-21.956795,-5.5364313,-30.037825,-10.377193,-31.940254,4.797573,2.4910324,-12.477872
FADS139,i,15,ADS,45.81,75.23006814730593,-414.7265,125.108246,-39.486397,110.79854,35.95153,-25.948133,-1.5971626,-25.731724,4.1263175,-44.523285,-8.343153,7.611619,-21.887012
FADS139,i,15,ADS,46.04143281405884,65.62377523036389,-374.75363,101.44694,-38.503464,121.474945,13.039283,-23.644949,-17.5083,-31.800776,-9.832314,-38.587585,-23.707325,-8.863741,-31.047283
FADS139,a,15,ADS,46.27419214182902,95.80785817097848,-359.4585,155.29599,-58.219906,6.044779,-31.091175,-24.70875,1.9588125,-13.817287,20.432215,-7.510068,-5.9542437,17.701946,-10.393904
FADS139,i,15,ADS,50.41645441534852,123.54558465148102,-367.00076,60.647995,-4.7866516,161.91144,6.5130453,-22.577919,-7.734828,-25.20948,6.9112673,-15.329552,-20.124573,-17.275587,-27.878735
FADS139,i,15,ADS,52.07847941477084,110.74012070123018,-418.7484,102.1879,-26.320263,156.60681,18.543161,-19.367897,16.43491,-37.12753,7.843915,-31.67149,-4.240319,-6.76655,-24.113377
FADS139,a,15,ADS,53.21,75.00194244141767,-371.37427,208.47601,-59.148518,46.80818,-64.25349,-39.2491,30.7954,-23.480314,14.448742,-9.367277,-10.559091,2.030894,-7.3922434
FADS139,a,15,ADS,54.11,70.00000000000028,-360.1292,201.51288,-37.24372,50.79582,-71.297585,-17.670916,9.169512,-7.748757,15.749494,-10.944166,-0.8475358,-4.464781,-7.1023135
FADS139,i,15,ADS,55.63284407821129,57.155921788705655,-418.25098,177.8476,-69.035324,80.91101,23.775835,-32.883514,-27.482937,-40.434017,8.833474,-29.477417,-27.013313,-21.930847,-10.2640915
FADS139,u,15,ADS,58.37167866124236,111.76549218920684,-488.63858,202.28004,8.185646,56.663845,-27.457924,-49.968414,12.254181,-8.928959,-2.7309587,-29.3945,-31.26276,-17.042606,-19.20707
FADS139,u,15,ADS,64.1,129.23104503565241,-549.9932,186.29822,87.33151,65.08007,-28.252653,-13.780361,13.333147,-53.4273,-0.39792013,5.6299877,-17.717672,2.737046,-11.601174
FADS139,a,15,ADS,69.99,130.36935350869783,-431.09094,190.524,-36.43857,12.376396,-83.12018,-18.316196,11.097815,-46.943066,16.958475,-8.655609,-23.744175,6.305732,-5.5664663
FADS139,u,15,ADS,71.43,111.70375707683888,-577.4544,181.27863,47.145073,56.629787,-26.375185,-25.558758,21.90003,-8.506736,2.8461294,9.875879,-24.68071,-13.828525,-12.511495
FADS139,a,15,ADS,73.25,104.16629201517935,-345.69073,209.1526,-76.31741,46.752228,-73.89693,-31.639679,24.260448,-22.567371,20.35038,-31.627586,-7.1834135,0.30645442,-8.263003
FADS139,i,18,ADS,5.310358423341206,134.44783484897104,-465.96075,111.60315,15.333639,111.27826,21.969603,-1.9309901,11.83525,-35.938026,-12.826366,-41.66085,-0.3940947,-2.2415109,-20.152868
FADS139,u,18,ADS,6.68,160.00000000000014,-597.5001,182.10815,62.692444,37.213005,-12.165588,-2.989265,-1.5652612,-4.524806,18.401459,10.860649,0.74072456,2.6989877,-2.3075743
FADS139,u,18,ADS,7.27,180.0000000000006,-619.46936,175.81137,79.65269,82.42688,-5.024315,-22.260113,18.147312,-29.765518,-16.935898,-24.270452,-22.673576,-0.71550417,-0.022396326
FADS139,u,18,ADS,7.69,191.22586256595665,-554.5984,188.96121,59.541473,69.281044,-12.522789,-13.233517,37.594376,-15.478871,3.668778,-5.8131447,-17.85927,-2.7752278,-4.249062
FADS139,i,18,ADS,8.136423787442403,87.97204008636328,-475.60138,115.79294,9.247735,125.6044,9.808996,-13.59144,8.458184,1.4666017,2.2978904,-19.143305,-8.694595,-0.83788514,-15.523554
FADS139,u,18,ADS,13.14,180.0136630485092,-557.57043,127.79848,90.21561,54.8945,6.0162506,1.6974998,-3.3617315,-0.76160526,-6.5437546,-5.5964227,5.153365,-5.8618793,-27.868618
FADS139,u,18,ADS,15.6856788524409,119.50918653240983,-561.46545,161.48288,67.37134,32.527313,-7.621807,-7.448188,8.084705,-10.214519,11.378703,-10.992462,-15.190786,-18.005583,-6.8816442
FADS139,u,18,ADS,22.01,110.82322666369748,-584.69916,179.76404,82.09686,76.147705,-10.401894,-0.3132813,26.475182,-28.165268,15.002232,-1.4522864,-11.895986,-8.375161,-8.208867
FADS139,a,18,ADS,26.28808058941988,76.35309139570978,-407.6153,175.95584,-44.934853,45.570385,-36.912323,36.040665,7.169073,-9.500629,-2.2931998,-15.648098,29.59669,11.972725,-3.1755164
FADS139,a,18,ADS,28.59643138305787,195.86227792813204,-418.72696,180.8152,14.46684,25.36446,-81.90354,17.818703,9.911445,-21.15868,6.2037206,-21.305931,25.218548,5.137643,3.678882
FADS139,i,18,ADS,33.98806445754391,157.68573223027005,-526.7744,92.20922,47.397846,110.627045,12.635755,22.950176,16.053282,-8.3653755,-10.138815,-32.45466,6.9823346,-15.75967,-0.72962487
FADS139,i,18,ADS,36.005760833225,102.91068840291473,-543.5125,91.39108,32.548504,139.3759,12.971992,3.183299,12.66338,-26.988277,-4.1156187,-40.008224,7.3277,-8.537053,-1.5144311
FADS139,a,18,ADS,39.75,116.20429281970246,-399.13382,169.91766,-49.106346,20.632935,-33.10585,28.510342,9.072407,4.662186,10.96126,-16.443565,28.055418,13.943436,-3.2270079
FADS139,a,18,ADS,40.96,100.00000000000142,-409.50476,172.61456,-4.9304276,25.510143,-45.28459,17.971985,19.910843,-19.379166,19.661694,-20.44862,14.0485525,9.797306,8.775807
FADS139,a,18,ADS,42.42,100.00000000000142,-487.87827,173.1844,9.234183,16.943365,-35.620384,34.3211,16.341587,-9.709646,27.302616,-23.348532,26.776806,16.825062,7.522486
FADS139,i,18,ADS,44.47520066790005,94.79933209995295,-549.7981,74.10039,41.333965,118.31311,10.768747,14.4273405,32.26398,-15.071432,-12.110371,-23.97854,-6.665469,-5.083229,-9.285492
FADS139,i,18,ADS,47.73,60.000000000002274,-491.03482,77.539,20.480045,136.17392,8.622391,4.4996285,-2.4585366,-33.21277,-7.780149,-35.33916,-0.9110656,-6.449622,-8.669851
FADS139,i,18,ADS,48.09,79.55379500352677,-464.25003,95.21425,8.147756,118.329636,-9.378177,19.066736,30.545547,-27.28181,-26.18137,-42.776314,9.899731,2.1887326,-18.20956
FADS139,a,18,ADS,48.41853126694607,126.14858578422172,-415.36636,161.58524,-12.221783,35.88406,-31.886528,-4.117201,5.690195,-14.570268,3.071139,-22.779785,16.029663,20.55965,-14.646023
FADS139,i,18,ADS,54.88,89.9999999999963,-422.87485,96.67747,-13.345645,126.843796,0.7522113,-4.758798,-1.613243,-30.858078,-15.208781,-46.231926,-2.6516542,-17.173134,1.8953993
FADS139,i,18,ADS,56.16560444666683,129.46828541011968,-464.94238,89.82428,9.805046,139.80162,23.6999,0.73654246,14.568202,-21.25608,-0.97334707,-30.562843,4.908327,-0.8850197,-5.392629
FADS139,a,18,ADS,57.74,82.114689801287,-423.0001,171.6492,11.993383,12.287507,-41.09749,-4.4662066,28.555424,-11.549837,4.0430355,-4.984267,12.978338,-8.986721,12.997923
FADS139,a,18,ADS,58.74,101.84225177123807,-410.1247,155.23816,22.377098,29.70592,-47.54522,10.120055,13.313771,-11.127532,21.765013,-20.842644,19.192507,-31.679823,10.926516
FADS139,i,18,ADS,61.03,62.43628864052653,-446.9016,142.0971,-26.284437,95.46431,-11.316976,-15.638968,-6.8218985,-41.93451,10.17017,-34.111607,-11.51689,-10.782484,0.86993206
FADS139,u,18,ADS,63.91494538289604,69.71369214389966,-525.95044,155.60211,78.41098,75.00078,-14.153486,-15.397312,30.95549,-20.808369,-7.0021095,-18.811075,4.846421,-0.7695879,-12.920763
FADS139,u,18,ADS,71.85985319671376,102.91068840291473,-451.53583,140.92368,57.014755,62.534096,-14.415095,-28.484058,24.074877,-18.736427,20.379494,2.320987,-16.676155,-19.357687,8.976912
FADS139,a,18,ADS,79.59,129.99999999999545,-395.75964,167.0553,-13.586985,18.701637,-55.554184,3.9722626,34.462242,-16.204266,6.791449,-20.486006,18.390886,-4.256778,10.311531
FADS139,u,18,ADS,81.2590029105155,119.5091865324116,-558.59033,157.66895,81.73587,58.175938,-8.900479,-13.256089,5.9258533,-5.9177217,4.1163993,5.9544163,-0.7910384,-5.5394497,-7.2823315
FADS139,a,18,ADS,83.04122892329018,97.93113896405714,-405.6619,162.48996,14.94202,31.736984,-78.79825,0.5139638,32.409718,-19.389,-9.320615,-21.750624,23.38743,1.2286905,4.1197042
FADS139,i,9,ADS,6.87811088964758,81.88911035241998,-446.6586,99.74049,-26.945742,140.33002,11.174718,-1.425812,18.505962,-21.962864,-7.439474,-30.738808,-1.8090903,-13.780229,-3.8370566
FADS139,u,9,ADS,8.16,189.9999999999995,-592.16003,189.11328,72.02161,48.429253,-20.834621,-34.860428,16.571701,2.548026,24.452353,-8.74935,2.6596034,-3.8453555,-11.242103
FADS139,u,9,ADS,9.12,230.00000000000043,-484.94745,171.40396,49.21441,54.070755,-47.7555,-57.358917,28.023571,-40.16443,-12.248697,-14.15708,-11.759281,-25.503761,-32.360966
FADS139,u,9,ADS,9.96,189.9999999999995,-430.2852,171.8066,35.623997,56.737915,-54.350777,-46.01332,25.741198,-44.344963,-14.165504,-1.8860654,-18.357895,-1.4214774,-21.802887
FADS139,i,9,ADS,10.69,80.00000000000007,-371.01257,138.18866,-70.51544,134.5463,14.110676,-31.662868,19.12598,-31.471636,-5.6234064,-33.73108,-7.497674,-1.8678777,-11.706706
FADS139,u,9,ADS,16.42051266908229,139.48733091771004,-466.81805,197.48203,34.579285,74.47952,-50.29509,-43.727497,34.19269,-23.86293,-16.102951,-5.9491625,-1.8531722,-8.99476,-15.082396
FADS139,u,9,ADS,19.12,102.30925511543987,-473.48376,178.43097,55.93124,50.887993,-10.082609,-32.078773,20.40242,2.624395,-13.557999,1.3856642,-4.231861,-17.8645,-12.617206
FADS139,u,9,ADS,25.80762966969619,134.84543606536903,-517.2568,174.68457,72.132454,36.83613,-47.306114,-47.33368,21.819912,-54.555977,10.540894,-0.698719,-12.399403,-12.59164,-22.023937
FADS139,a,9,ADS,29.76,105.61847999801799,-456.0002,224.48877,-2.4496658,18.656013,-48.527176,-6.77868,32.28274,-3.3324895,-7.0307856,-9.444468,14.927084,18.006527,-3.7162619
FADS139,a,9,ADS,31.93,100.00000000000142,-397.15543,223.45392,-50.521797,21.039318,-54.918148,-22.62835,18.470482,-1.9640046,-2.7213724,-3.1459875,6.511594,4.002591,5.389717
FADS139,i,9,ADS,37.78960923847257,124.33799948885849,-416.7943,106.90993,-29.496399,124.19891,11.417791,-14.028568,18.072357,-21.554394,-16.11653,-31.753376,-9.271933,-8.676009,-1.7657337
FADS139,i,9,ADS,39.55301409337915,92.81568975929133,-453.1253,101.446075,-8.753265,120.37643,14.702258,-7.8462057,8.747612,-12.200796,-8.155162,-29.146416,0.5712701,-10.762466,-0.37543988
FADS139,a,9,ADS,44.02,109.99999999999943,-414.8506,211.17017,-38.074314,20.457474,-74.22482,-13.233698,29.481575,-16.483927,4.9927106,-9.148094,-0.8988584,-7.969441,1.1125271
FADS139,a,9,ADS,45.8,120.00000000000455,-362.90668,222.15027,-52.48121,19.196781,-49.175022,-19.04454,36.9858,-19.199238,3.8986237,-1.0804566,0.89414144,12.902681,5.5002146
FADS139,a,9,ADS,46.73,120.00000000000455,-495.75262,226.65013,24.240541,1.5875902,-74.9769,-1.8328086,23.243788,-12.374979,9.49913,-12.007318,10.019211,8.88604,12.897787
FADS139,i,9,ADS,48.95,139.08236722655687,-453.52716,91.453674,15.757863,112.17648,8.73542,-5.3765144,10.066897,-24.303688,-7.9729276,-18.603859,3.4100769,-1.0569049,4.60956
FADS139,i,9,ADS,52.76,50.00000000000426,-402.353,144.89018,-33.68509,105.48462,5.032733,-10.151954,6.7850137,-17.946556,4.8109202,-33.783394,1.3616868,-6.4329367,-17.242035
FADS139,i,9,ADS,53.06,70.00000000000028,-410.9548,116.18063,-35.19751,119.90286,11.035968,-26.72332,13.761868,-36.030396,-19.518127,-36.758713,-7.9051385,-2.3253322,-12.369033
FADS139,a,9,ADS,53.34,133.42653827129425,-368.1121,227.18997,-59.64752,9.603486,-33.61296,-24.3658,28.149715,-16.185383,3.3028896,-15.277071,-0.993137,15.902755,2.5500906
FADS139,i,9,ADS,59.24379579130095,126.20420869905047,-432.10474,93.68623,-1.6472757,124.175644,7.952011,-10.141565,29.065086,-34.445724,-1.7041866,-42.120857,2.193993,-18.00533,1.7093621
FADS139,i,9,ADS,61.22,109.99999999999943,-437.54108,117.69612,-19.794586,141.05493,2.655489,2.4150887,20.887836,-25.574284,-7.673149,-34.206833,0.23306817,-10.921557,-1.8670497
FADS139,a,9,ADS,62.61,134.48212787891123,-423.81522,223.48633,-11.967455,26.403158,-57.508602,-13.768741,26.965109,-8.126471,-3.7983952,-4.4555597,-1.8889569,0.37036857,8.82707
FADS139,a,9,ADS,63.6,100.00000000000142,-349.2134,188.5784,-13.295532,17.603067,-68.02652,-4.042147,6.3309054,-6.269583,-6.745315,-1.2554779,10.531084,-0.68644,10.220262
FADS139,u,9,ADS,69.12656284691408,89.31321090044264,-450.00687,191.46158,42.57468,39.7209,-22.78585,-34.203243,30.148512,-14.152554,-25.452438,-12.746376,-3.9476092,-22.234089,-7.495682
FADS139,u,9,ADS,77.83,100.00000000000853,-517.35016,208.28442,84.326935,47.479202,-37.24182,-27.24097,29.704561,-42.644203,-0.5460423,-1.366051,11.060186,-19.173443,-4.4843216
FADS139,a,9,ADS,86.1,168.9980674045728,-428.10745,212.7811,-9.402383,6.122528,-71.34637,-3.7162673,10.751189,-2.8542237,6.189124,-5.016681,4.246637,-7.1973424,7.447011
FADS139,u,9,ADS,87.68915999414475,133.0941966359518,-595.81195,201.31305,75.015114,48.557365,-31.1617,-13.817738,21.786924,-19.107954,4.4617343,10.241069,-7.4955006,-3.1902447,-19.351463
FADS139,a,9,ADS,89.52,90.00000000000341,-375.60895,205.94423,-26.934343,24.577717,-62.601234,-11.956314,22.527046,0.10511088,-5.8912115,-4.511036,6.861679,-3.422062,24.281963
FADS140,i,12,ADS,5.737945077891776,102.05492210822342,-421.82285,104.89848,-0.6982337,105.94626,22.473385,-4.975012,-20.526749,-14.7505665,6.702553,-27.714016,-21.532192,5.414901,-15.374207
FADS140,u,12,ADS,7.34,179.99999999999972,-582.7032,183.7504,75.25309,59.989975,-29.723248,-10.57094,-6.963247,-29.243847,-7.624358,-22.538101,7.4009967,-1.5959909,-14.602285
FADS140,u,12,ADS,8.18,80.00000000000007,-459.60333,183.43164,20.404762,71.127045,-46.50374,6.935917,30.553267,-18.70858,-1.0778261,-24.144928,-23.628948,-14.141407,-19.657158
FADS140,u,12,ADS,8.48,189.9999999999995,-507.77594,161.11063,80.10398,31.0784,-25.32566,-6.805501,-7.8632817,-26.992424,-24.996784,-13.672402,-11.078475,1.3536997,-7.1416845
FADS140,i,12,ADS,9.142873096588843,97.12690341115682,-379.71448,124.56395,-26.572628,88.983185,22.996702,3.9828181,-34.01082,-8.67197,-7.601372,-22.089376,-23.213442,-11.748241,-3.6918316
FADS140,u,12,ADS,15.09,144.13862294667013,-458.8648,133.07785,50.330772,65.84586,4.0583262,-17.878872,-26.407154,-10.031107,-5.3382654,-8.294477,-7.138339,-15.056583,-9.688829
FADS140,u,12,ADS,17.96312519969444,90.0066409382525,-483.45645,168.46878,35.571083,53.065018,-27.923904,-5.6479115,27.71119,-22.334137,-3.8393009,-15.37434,-25.1512,-6.132108,-22.02766
FADS140,u,12,ADS,25.56,120.000000000001,-560.1106,214.87631,78.09949,49.34378,-29.470482,-3.6039019,-5.656521,-21.234806,-15.307533,12.216604,-13.3319435,-18.459324,-6.4927716
FADS140,u,12,ADS,26.65,150.00000000000213,-624.96826,208.18962,72.31313,43.896626,-16.399624,-20.294159,-2.2422187,-7.3896427,-13.967638,3.0891335,-3.4847505,-14.551564,-13.501478
FADS140,a,12,ADS,30.56,80.00000000000185,-412.56104,196.71078,-16.638412,-19.582233,-25.633806,-7.3106785,8.293486,12.693589,-20.8985,19.946474,-8.367247,12.247648,7.388837
FADS140,a,12,ADS,33.93579564320094,144.92594727345676,-390.96652,206.75153,-41.545708,6.469433,-46.44262,-13.531315,11.266005,8.792678,-4.4064403,9.781628,-12.276274,10.286774,-4.9716315
FADS140,i,12,ADS,40.62774781240197,106.78754009622793,-483.1277,121.47177,-1.5045314,116.34729,40.880005,-2.0749354,-10.8993435,-27.3471,-15.55795,-15.182207,-22.684301,-2.612061,-3.1909142
FADS140,i,12,ADS,43.05240638661338,117.59361338662444,-488.75937,95.001495,27.642828,99.8322,37.05775,-9.026539,-10.114292,-14.017861,-2.5483484,-16.723885,-18.441368,6.5869884,-28.440086
FADS140,a,12,ADS,47.76664914024436,131.19612068965836,-346.35605,167.74269,-30.43055,-9.357731,-47.794426,-7.7324047,15.11618,-5.153615,-6.102435,-1.4831741,-4.0807343,26.472427,-14.366171
FADS140,a,12,ADS,48.89,100.00000000000142,-401.76904,173.30533,-30.581055,16.685017,-55.803886,0.13190532,26.789824,-2.2299907,22.631432,4.8332024,-8.917195,15.237025,-20.287418
FADS140,a,12,ADS,50.67,119.99999999999744,-387.7632,181.56297,-36.745895,-5.0723343,-49.90884,6.941122,27.953678,-6.60011,18.727417,-10.150446,-3.4161336,14.863832,-15.774258
FADS140,i,12,ADS,53.57577137361302,79.32788692862403,-442.46365,120.99617,-14.299955,96.308426,11.886954,-3.5693462,-24.63097,-35.796272,6.1148844,-23.048588,-25.656263,3.1397345,-1.0330577
FADS140,i,12,ADS,59.08957195509419,50.42804490580721,-462.9237,97.67787,18.681108,89.551254,28.861698,2.4670792,-30.584232,-17.570513,3.7376347,-22.513992,-7.1164594,-4.4359536,-2.991905
FADS140,i,12,ADS,59.40230689394743,67.69310605256607,-422.9725,111.48218,24.308456,71.33526,6.1344466,18.028797,-18.921524,-39.734364,-12.005887,-9.998375,-37.454735,-12.057575,-19.977032
FADS140,a,12,ADS,59.67304012469213,116.95987530787022,-352.38605,191.20557,-38.044945,21.667347,-49.739212,-1.3429277,19.352436,-13.735687,-3.677102,-5.364614,-5.9605236,30.48177,-12.82502
FADS140,i,12,ADS,65.35476359135104,145.23640864895526,-457.46848,108.346565,11.026241,107.37395,16.874405,-11.061367,-10.500769,-29.08431,-10.75313,-16.342772,-20.074398,-7.3173966,5.6583805
FADS140,i,12,ADS,66.85,91.02759577604047,-406.59537,64.87072,0.13759899,87.80967,35.912582,-6.0758753,-27.048655,-15.758568,-21.16232,-16.236685,-16.037638,-12.138012,10.971566
FADS140,a,12,ADS,68.66,107.43318508163213,-397.01767,193.57971,-17.436918,14.828557,-66.87613,-0.45522854,-0.70481306,4.3473053,0.5100348,-3.8009098,2.5923266,11.945683,-7.7689943
FADS140,a,12,ADS,69.65,119.99999999999034,-365.05328,173.68494,-24.091442,21.083672,-70.340744,6.5797944,-3.3727255,-1.2094077,-7.216796,-6.249875,3.4962323,15.603705,-14.919977
FADS140,i,12,ADS,72.13,40.00000000000625,-376.7091,143.0112,4.104132,24.145424,12.466818,11.021328,-26.583933,-49.099182,-1.937305,-11.524351,-9.973939,-7.532314,4.961522
FADS140,u,12,ADS,75.75913674795795,112.8896852445962,-590.60297,174.74768,75.617065,47.74339,-10.044113,-15.28432,0.30302435,-16.458351,-4.03043,-4.3287773,-3.0414193,-10.30888,-13.048973
FADS140,u,12,ADS,84.45,119.99999999999034,-600.2331,201.29144,81.65862,55.92038,-7.3710155,-13.820398,1.138579,-25.789654,-10.809322,-5.0026193,-8.83551,-11.888096,-5.37252
FADS140,a,12,ADS,93.74,144.3538657181307,-355.4719,189.80278,-34.166176,-7.003758,-57.88351,5.2740936,-7.496269,-0.42786235,-20.401669,-3.4475608,14.988836,0.2528435,16.124876
FADS140,u,12,ADS,95.6319830357804,109.8386126704014,-503.37216,174.83485,51.244312,57.785233,-35.60978,-7.4050827,-11.323812,-19.826252,-8.828163,-1.279243,3.8479462,-7.767369,-16.642849
FADS140,a,12,ADS,97.94,140.00000000000057,-392.33585,197.00882,-33.98934,1.9530661,-49.233757,-6.6818967,-5.0687056,-10.350644,-7.462452,-5.4608183,13.777583,17.220383,18.154491
FADS140,i,18,ADS,6.746408335783606,132.7879874495741,-442.17072,111.61869,4.1723,103.18666,37.244225,-17.749916,-14.828659,3.9034026,-15.8776045,-29.669806,-20.099987,-18.035141,-1.5399703
FADS140,u,18,ADS,8.28295710875537,199.18198117436071,-603.3979,173.63132,70.13788,44.97373,7.673072,-5.5212383,-14.831911,-6.9081435,-9.810156,0.18867967,6.729658,2.6952128,-18.723438
FADS140,u,18,ADS,9.5,60.0000000000005,-471.7379,185.31992,11.963479,35.51612,-25.108234,6.7102127,20.171986,-10.948261,-12.691888,-24.70132,-15.175898,-19.407951,-7.9169035
FADS140,u,18,ADS,9.81,300.4180287464191,-521.1115,164.39902,70.996895,32.653774,-16.656643,-19.405033,-17.392908,-9.19656,-16.32269,-1.3998021,-15.602758,-2.5745683,-15.709992
FADS140,i,18,ADS,10.85151913251156,126.14858807708984,-434.18213,131.41364,-22.248074,114.278,30.143265,-25.628666,-10.972446,-1.0919672,-6.1768017,-29.77636,-20.18114,-12.162302,1.4425781
FADS140,u,18,ADS,17.81,119.96265559545094,-543.64056,164.17166,50.040154,39.52533,14.142284,3.8031654,-20.041628,-28.84202,-14.820915,-2.0339012,11.5832615,2.6435666,-14.891456
FADS140,u,18,ADS,20.79267948661297,117.84933886150029,-540.57074,174.69662,78.963394,58.45575,-8.549751,-21.035793,-9.93998,-13.873244,-3.6371906,-18.033089,4.9654183,-20.033134,-9.730444
FADS140,u,18,ADS,28.93,138.66895321995898,-562.1901,188.27151,63.06456,46.405766,-11.615152,-16.721113,4.5284843,-2.529312,-15.182444,-0.20912126,-9.788318,-20.121738,-21.393661
FADS140,i,18,ADS,43.5457268868815,91.29174137157747,-467.32236,93.006454,14.124847,91.06313,3.369906,2.5193453,-4.7259603,-12.144177,-7.421066,-28.338703,-27.397171,11.617164,-7.394999
FADS140,i,18,ADS,45.04231572036423,81.33264231285864,-480.58997,118.602905,26.241085,92.31027,31.936543,-23.48999,1.3892343,-14.930885,-2.0602932,-12.05176,-40.15629,16.006836,-14.066669
FADS140,a,18,ADS,48.81149125823946,124.48873823397122,-379.36514,193.1716,-36.64855,5.0747643,-36.558556,-13.36113,-4.1856394,16.796124,-5.9856057,-8.736549,-22.584276,35.989838,-5.1993694
FADS140,a,18,ADS,51.63,146.0962559981951,-406.9958,175.02,-15.967064,-6.805036,-43.34836,-0.28141484,22.581333,22.953938,16.311447,-10.926533,-13.530893,3.1518662,-5.1052074
FADS140,i,18,ADS,54.07430726003218,87.97204168535444,-399.887,119.51781,-29.210806,93.76605,-0.31918168,-9.861346,-17.275965,-37.889713,20.11354,-25.514393,-27.759212,1.7760274,6.586484
FADS140,i,18,ADS,58.78628860376499,43.71139623501108,-409.36838,93.895874,3.0556347,105.31799,12.493717,-7.9543247,-15.870954,-8.3601885,-4.478201,-24.103474,-31.238022,10.98098,-9.813919
FADS140,i,18,ADS,59.17,69.42761093667116,-411.3946,100.51642,13.702713,109.91371,14.051599,-3.7087479,-16.211166,-16.072197,-6.5125055,-25.465137,-38.97496,13.119289,-6.5236073
FADS140,a,18,ADS,59.45915517144764,110.84482855235933,-368.17828,208.16513,-32.314568,11.618985,-47.60215,-14.498257,-0.7762786,2.9382622,-4.8342433,-5.539957,-11.832966,33.96633,-10.572042
FADS140,i,18,ADS,64.99388287203007,166.11712796992606,-451.413,90.65614,-3.6530523,121.164154,23.253265,7.053665,1.0803919,-6.625264,-1.4328412,-15.858473,-32.105694,-17.050892,8.314944
FADS140,i,18,ADS,68.18605412371079,103.9458762892167,-406.44113,106.42293,9.096222,111.9751,10.463686,-6.6099334,3.6275718,-26.23945,4.710337,-41.883583,-21.264786,-0.07196587,-13.915012
FADS140,a,18,ADS,69.73,79.9999999999983,-388.3413,185.77486,15.430693,-5.5593586,-43.397305,-14.3787155,5.4694004,16.23935,-7.1083016,-3.0727556,-9.010862,10.43158,-18.79426
FADS140,a,18,ADS,71.14,117.38704616696793,-400.43982,199.81462,9.280003,8.136572,-42.53287,-23.569283,-10.716835,15.282808,13.807924,-17.518877,-2.073678,10.95043,-19.043129
FADS140,u,18,ADS,76.70042786306493,89.57213693507526,-446.51038,190.22772,24.238419,21.597858,-4.726725,-10.860346,15.015971,-12.240826,-13.154396,-29.303272,-13.28683,-6.7475863,1.6922821
FADS140,u,18,ADS,86.44,90.00000000000341,-455.14868,185.49313,63.430138,50.18405,-32.354477,-26.86702,4.4074574,16.081526,-15.809713,10.383703,-27.45798,-14.142508,-9.261321
FADS140,a,18,ADS,94.05432269721928,135.67730278072077,-374.91962,185.95116,-26.735401,10.0061035,-61.707664,-16.042234,3.9550605,21.046934,-15.676952,16.901688,-7.420417,12.476599,-2.9046297
FADS140,u,18,ADS,95.34,79.9999999999983,-523.248,208.75935,62.276554,30.037712,-26.389303,-25.118416,2.951892,-10.307156,1.7738622,-7.020996,-10.52174,-18.060398,-23.234888
FADS140,a,18,ADS,98.27,120.00000000000455,-355.83188,201.79987,-30.757324,6.0717554,-50.63589,-28.134426,14.913631,13.690618,-10.267809,-6.8678503,-5.2949686,5.6143956,4.340568
FADS140,i,9,ADS,7.77,150.00000000000034,-404.19894,98.389725,-26.367445,132.7923,8.683919,-1.6776625,9.270382,-24.263697,2.6100693,-49.25241,-0.9623753,5.030717,-17.016338
FADS140,u,9,ADS,9.67,169.99999999999994,-606.5472,188.24161,67.95671,36.912346,-2.786533,-19.971577,-12.381457,9.186758,7.4648447,-5.265469,11.54129,-3.11278,-8.608936
FADS140,u,9,ADS,10.96,79.9999999999983,-463.96097,187.96284,19.820408,57.999596,-51.681843,2.3276134,12.469999,-37.93878,4.394098,-13.156452,1.7735932,-12.748268,-20.117977
FADS140,u,9,ADS,11.26577432613828,249.23128269941054,-505.41223,186.28423,65.72984,31.884739,-28.71601,-11.2101345,-27.835884,-15.141594,-13.165925,-30.487232,-18.670887,15.756382,-2.9251761
FADS140,i,9,ADS,12.04,80.00000000000007,-436.25885,103.64726,-4.338167,104.405624,35.71227,-3.086989,-2.8874831,-4.4531593,-4.8991966,-24.477303,-4.913745,-6.30293,-1.9905753
FADS140,u,9,ADS,20.29,212.8349453429621,-659.46466,135.00696,70.94508,46.986946,13.328421,-8.603218,-20.177773,-13.925989,18.640312,8.861102,-0.47446048,-4.921654,-12.746907
FADS140,u,9,ADS,23.57,144.9716969953201,-526.89197,177.52875,63.89451,69.71245,-30.171034,-23.365986,18.13166,-24.271446,-10.632559,-9.5135975,-0.9694289,1.7668501,-16.193817
FADS140,a,9,ADS,38.16,115.19386512401297,-357.6245,211.58058,-54.008865,-11.323844,-29.510578,-19.315826,25.890362,21.548077,-11.676228,8.185802,-5.5608387,17.763937,2.2246745
FADS140,a,9,ADS,41.3,150.00000000000568,-271.25552,165.81808,-43.49865,0.0323627,-71.41787,-12.921078,28.35353,10.385778,-4.4290032,5.8924694,-16.403759,12.86142,-9.355333
FADS140,i,9,ADS,47.62,130.00000000000256,-358.92804,60.808983,13.877197,106.46416,-1.763643,0.54499996,-9.0217,-17.992163,-16.394506,-16.725796,-39.523125,21.50121,-22.203854
FADS140,i,9,ADS,49.62,100.00000000000142,-425.3401,75.36847,13.125352,113.855125,15.070051,-7.9153123,10.090143,-11.691599,-10.480598,-17.749268,-30.980036,21.09375,-28.075514
FADS140,a,9,ADS,53.9,169.95967453965477,-335.96204,166.70816,-43.701355,6.8140173,-51.580093,3.6917813,27.108994,4.264471,-2.5673494,1.052964,-7.9058175,45.81231,-33.68837
FADS140,a,9,ADS,55.32,140.00000000000057,-350.51413,177.1713,-8.978746,-27.297756,-50.747852,-1.6372764,24.671019,-2.9749117,-1.2997104,10.038441,-27.163322,20.431019,-2.978148
FADS140,a,9,ADS,57.0,100.00000000000142,-326.38507,176.5279,-37.164017,15.68494,-58.193527,12.405222,40.273766,-11.424586,17.772991,-10.587326,-13.671814,19.376102,-12.13583
FADS140,i,9,ADS,59.84,91.18207421443003,-358.07275,107.83351,-19.528297,101.80316,-10.569178,-3.1166978,-10.219638,-23.557877,3.003708,-30.362537,-12.22396,12.089515,-10.542271
FADS140,i,9,ADS,64.89,51.29969003830581,-486.6062,95.90663,36.27437,95.93179,31.2246,0.58807564,-11.80349,-2.937573,-7.8015404,-23.715645,-21.640076,2.3728137,6.196863
FADS140,i,9,ADS,65.27,60.000000000002274,-341.9543,107.92864,-22.930767,96.1571,13.994433,-13.603226,-3.5775805,-23.204117,-11.428133,-13.757458,-36.38363,17.409824,-18.633072
FADS140,a,9,ADS,65.57,150.00000000000568,-325.51196,164.85468,-39.176315,6.0365896,-52.431244,-11.7513895,27.189198,8.530867,-1.571614,5.269225,-13.602774,41.070946,-17.75755
FADS140,i,9,ADS,71.83,170.0000000000017,-423.3522,104.92272,32.799583,69.90109,38.823654,-2.7284644,-7.8988075,8.713457,-28.353645,-14.200814,-30.6738,-4.6530213,4.495766
FADS140,i,9,ADS,73.84,79.9999999999983,-373.51617,91.89827,-11.441088,123.10015,-14.648741,10.365739,9.642391,-33.51375,16.30674,-40.905663,-13.832166,15.700344,-19.905653
FADS140,a,9,ADS,75.4,89.9999999999892,-323.2591,157.93314,-27.505848,20.971539,-94.07779,2.1970077,8.589845,15.207998,3.5891266,8.502144,-7.651826,22.307104,-24.842493
FADS140,a,9,ADS,76.41,90.00000000000341,-335.8884,171.49164,-28.780506,6.260499,-69.84688,4.8091483,2.6186323,11.569508,-5.5617723,-0.87485397,4.494385,37.59276,-21.416565
FADS140,i,9,ADS,78.98,79.9999999999983,-333.51013,183.63095,-70.02617,60.603783,18.959442,-28.379229,-13.144972,-30.607876,7.9675193,-7.805478,-22.499413,6.689763,-9.364733
FADS140,u,9,ADS,82.6,103.62641164877573,-428.93155,167.21765,33.760704,47.48185,-37.874207,-8.088169,23.79888,-13.713144,-4.9891825,-29.499723,-19.184475,4.315594,-19.503128
FADS140,u,9,ADS,91.92,170.0000000000017,-482.1384,210.48547,53.247498,28.6184,-40.739754,-3.1308858,11.220175,-12.034538,-7.0913577,-9.931473,-20.624393,-7.7535152,-18.71537
FADS140,a,9,ADS,101.52,130.00000000000966,-353.29163,203.76802,-24.301916,-2.6340623,-65.084076,-0.48017862,6.179076,7.1923933,-20.475595,2.8597467,-5.1575084,15.076924,-1.1844695
FADS140,u,9,ADS,103.0,120.00000000000455,-520.56824,197.75992,71.34114,69.7695,-44.513,-17.311623,20.010777,-13.186813,-10.838682,1.4330548,-3.0986214,2.0708234,-19.638422
FADS140,a,9,ADS,106.27,142.52851197819894,-284.6556,170.64246,-49.595936,6.0797634,-64.150055,-6.466621,8.278942,12.801627,-23.342655,5.637005,-9.619266,25.198582,-8.834794
FADS142,i,9,ADS,7.51,140.00000000000057,-403.65765,135.88115,5.5750437,115.47807,15.35388,-23.558537,6.6652927,-27.37883,-17.488993,-21.314068,-21.514954,7.430253,-21.157572
FADS142,u,9,ADS,8.95,190.00000000000128,-677.22534,166.23926,61.81996,43.373146,29.1696,5.336916,-3.5509312,0.9954822,5.5425444,-1.9594212,-11.077464,-5.318572,-2.5451398
FADS142,u,9,ADS,10.13,124.67916616228969,-443.16812,208.9985,32.93827,20.781427,-38.31727,-3.6787834,8.892166,-8.17616,-8.045326,-35.42353,-6.6589937,-13.153247,-15.216612
FADS142,u,9,ADS,10.38,199.9999999999993,-509.35788,211.2436,54.72146,50.93875,-38.655075,-8.956408,8.959727,-3.0861855,-5.1648874,-16.68832,-1.3777559,-22.029415,-12.705867
FADS142,i,9,ADS,10.99,99.99999999999964,-423.8791,126.24846,32.987934,98.92038,13.766439,-30.229443,11.370292,-22.024662,-19.190666,-12.5723095,-5.476967,6.7853465,-18.320034
FADS142,u,9,ADS,17.28821323514357,158.53358167352027,-552.0491,235.16376,90.25551,27.19159,-32.31745,-23.809315,-4.946685,-12.303257,-3.7147908,-10.901126,12.316959,-18.342607,-29.354727
FADS142,u,9,ADS,22.60675565741311,81.08206085591974,-481.2352,216.0541,27.18429,19.411186,-17.41877,-0.8404922,4.2894506,-2.436885,-20.77225,-30.728062,-5.8056006,-0.4646944,-26.00448
FADS142,u,9,ADS,29.82,77.50415313983083,-450.64185,217.33205,48.459137,27.085938,-35.425514,-14.72028,20.012577,-10.930582,-15.507601,-24.269993,-17.879496,-4.288596,-15.099008
FADS142,u,9,ADS,30.73,190.00000000000128,-643.4676,201.12418,84.887665,34.895897,2.5119507,-7.2844324,-11.168766,-2.5144877,-5.795991,0.015643835,4.4816794,-9.756975,-11.523764
FADS142,a,9,ADS,34.46,259.999999999998,-328.83337,199.88492,-26.104706,-4.8733244,-29.077572,-9.683855,19.185534,-5.772912,-25.365097,9.216095,8.743005,17.39494,-19.678509
FADS142,a,9,ADS,37.37,100.00000000000142,-280.39404,207.16824,-53.939842,14.0596485,-45.804337,-6.639264,20.042791,-22.57417,-18.261707,9.642342,3.0238228,22.808529,-26.904442
FADS142,i,9,ADS,45.33570422149887,114.29577850113048,-399.85022,145.97012,-4.0347233,117.75168,-12.667912,-17.753275,-1.227477,-14.3123,-5.556418,-20.188168,-5.3368535,-2.1887603,-1.3533533
FADS142,i,9,ADS,48.81,140.00000000000057,-426.33835,109.798134,20.79728,110.512924,5.4270124,-26.66888,13.111717,-41.00309,-11.890666,-22.849209,-24.261053,10.628107,-24.698889
FADS142,a,9,ADS,55.26,130.00000000000256,-405.05374,228.41951,-42.508373,-0.08708415,-28.80695,1.9783261,17.97322,-14.925906,-13.556292,6.723107,8.965914,14.161881,-10.830002
FADS142,a,9,ADS,56.28,109.99999999999943,-397.90253,220.54926,-34.97734,-0.8524734,-17.668259,-17.220795,28.720524,-9.322436,-27.41196,15.601359,0.32143006,27.801163,-17.630817
FADS142,i,9,ADS,58.87957521209783,90.42478790216535,-412.46814,132.59802,22.286564,100.47131,-8.485562,-1.3211476,-14.167259,-8.3026905,-19.823574,-16.039465,-7.8179994,4.1707144,-8.672365
FADS142,i,9,ADS,63.25,60.000000000002274,-432.59622,146.25204,18.455235,118.33063,10.26643,-24.685646,-10.290803,-5.65853,-22.345322,-26.488934,4.0204077,-5.3969955,-9.553071
FADS142,i,9,ADS,63.63,70.00000000000028,-429.57544,137.81906,21.40318,81.1698,23.076088,-27.314075,-6.1405916,-7.0318155,-18.922325,-17.84669,-11.064573,-8.2212,-8.069626
FADS142,a,9,ADS,63.99061090172868,129.38909827132505,-333.4187,213.46448,-60.855774,12.052652,-32.036625,-3.6694474,2.9657378,-13.232254,-7.29739,12.062751,20.73598,28.277576,-32.437572
FADS142,i,9,ADS,70.71,110.21659204003242,-356.98453,125.36745,6.972752,111.447266,-9.3305,-16.46719,-13.611727,-35.39982,-3.691298,-39.663948,-7.2278743,5.855098,-21.437294
FADS142,i,9,ADS,72.69276242957021,98.02458103477818,-342.17227,122.72445,-1.3322706,96.353546,-2.4209533,-15.663051,-9.881031,-14.526156,-15.233655,-24.128479,-12.598226,4.7523575,-6.392149
FADS142,a,9,ADS,74.2,116.01118446886005,-290.38416,191.41393,-52.555065,12.13497,-33.69168,-16.723618,26.340008,-29.974167,-4.799262,5.665919,5.0331173,31.296804,-36.531734
FADS142,a,9,ADS,74.69,79.9999999999983,-354.6855,222.05075,-37.922745,-2.369041,-21.635899,-6.0275207,4.702953,-27.364845,-4.1946793,-1.4161868,21.917114,27.31406,-25.31074
FADS142,u,9,ADS,76.73,159.9999999999966,-368.2855,220.58629,-25.419039,40.47429,-37.018196,-32.898243,36.849693,-8.922058,-8.558407,-20.64164,-10.915092,2.6519036,-23.577223
FADS142,u,9,ADS,79.9995904612384,100.4095387615962,-553.37305,229.7312,60.185066,27.552975,-26.267979,-10.468431,11.317058,8.399332,-2.8865247,-27.683674,-5.7651834,-7.571226,-17.725952
FADS142,u,9,ADS,89.48157355417864,98.42644582136018,-492.23755,229.84912,55.53887,17.18983,-35.014763,-24.786411,-0.6626309,3.3872986,2.6718314,-24.207535,-3.3067505,-15.425446,-26.686626
FADS142,a,9,ADS,97.42,179.9999999999926,-307.10687,184.81587,-59.58758,12.225584,-49.38012,-8.292401,21.549816,-11.720717,-15.941766,27.544281,4.774637,19.494251,-21.190014
FADS142,u,9,ADS,99.89,150.00000000000568,-557.6445,200.5798,101.311905,50.37657,-34.688683,-7.2264585,-3.0335093,1.2241578,16.340202,-1.700333,7.539397,-12.450081,-2.0230718
FADS142,a,9,ADS,102.1,170.0000000000017,-434.61658,191.74738,-15.825358,-7.5070853,-13.419959,-10.141494,6.3949995,-6.960001,-20.35473,20.834007,27.503881,35.128803,-10.814623
FADS143,i,12,ADS,6.0,160.00000000000014,-490.94055,56.42632,43.55848,127.31763,23.124552,-30.828243,-3.8294804,-27.450905,18.89444,-25.002266,-16.13466,8.570348,-50.103943
FADS143,u,12,ADS,7.59,219.99999999999974,-559.7335,144.26572,63.876167,55.08721,-5.0135565,-22.036465,6.4896603,-26.330372,-3.5623412,-20.112122,-17.9789,-17.446789,-21.722134
FADS143,u,12,ADS,8.735459846509054,154.54015349094698,-541.49207,172.39902,24.210545,31.636347,-19.002775,-35.353348,-1.1203722,-23.346281,-6.7247224,-23.88919,-2.4958947,-6.9960113,-32.163933
FADS143,u,12,ADS,9.132364387085708,277.63561291429187,-507.73135,118.30827,51.33792,42.288628,-36.465866,-24.023499,10.083464,-31.105183,3.834855,-23.02377,-10.522547,-21.561316,-32.88092
FADS143,i,12,ADS,9.88,119.99999999999922,-423.56836,84.11562,-8.245892,116.66345,16.159866,-43.62451,4.3034725,-35.222206,4.956711,-42.789597,-4.1843204,-1.8442984,-32.838753
FADS143,u,12,ADS,16.79150975335407,151.1381139008101,-517.22906,138.87486,13.504623,33.43309,-12.66482,-25.096037,-14.365791,-16.837845,-4.4069424,-5.8802404,4.085291,-6.7059054,-23.698505
FADS143,u,12,ADS,19.58,110.38024788865997,-521.27856,149.93195,48.29628,46.79541,-32.69925,-31.223785,-4.3564863,-20.505863,-1.7438539,-21.535297,-11.690401,-13.614145,-28.64954
FADS143,u,12,ADS,26.41188110034836,138.1188996516407,-510.03482,136.37518,37.730595,51.720467,-42.785187,-36.766357,8.591564,-32.794243,-4.361862,-7.5506325,-21.019932,-25.104351,-22.230598
FADS143,u,12,ADS,27.49,188.4823871683814,-499.09985,133.5426,36.55341,60.240723,-37.56591,-40.638138,10.189989,-31.086353,-8.425277,-19.009563,-15.34801,-20.298437,-23.95961
FADS143,a,12,ADS,30.51,109.99999999999943,-399.25952,153.55423,-33.19361,20.629063,-32.63585,-30.759075,20.397774,-17.764772,15.38512,-8.29209,17.844841,0.19801295,-29.395561
FADS143,a,12,ADS,32.78975500685743,180.2449931425656,-356.4855,150.7276,-39.558113,32.904137,-44.401222,-23.990002,6.235503,-28.686565,8.236927,-12.316547,14.936129,1.3418752,-12.329529
FADS143,i,12,ADS,38.22378584897329,146.41504784139414,-484.32593,34.950756,29.258505,118.393845,11.925556,-6.2296586,-2.8056583,-46.1904,-3.2817507,-32.00699,-4.8941526,-0.284788,-33.911915
FADS143,i,12,ADS,40.06757239449349,122.427605506509,-479.20786,45.91694,24.499485,135.08798,14.12474,-6.8833103,5.1417313,-55.31387,0.07730234,-29.21178,1.3161453,11.834078,-28.435663
FADS143,a,12,ADS,43.65299475420174,141.69198178199593,-403.29614,160.24286,-60.584175,-3.9428692,-31.22987,-11.524058,1.3890433,-12.814196,10.867979,-17.247217,10.74881,23.163918,-33.83284
FADS143,a,12,ADS,44.99,149.99999999999858,-376.8733,114.75885,-47.976967,-0.8285289,-41.79115,-7.5594935,17.218493,-17.165619,12.003699,2.8946636,-1.6441392,0.9523707,-44.10744
FADS143,a,12,ADS,46.27,109.99999999999943,-419.3302,157.5922,-30.669113,11.473368,-31.24599,4.0614605,7.7840786,-11.02073,10.309217,-15.239847,9.149297,-17.62963,-17.60258
FADS143,i,12,ADS,48.40660416096935,77.14341230354194,-485.56726,66.99458,15.611438,132.42844,21.418102,-27.468796,-9.295831,-29.55885,1.9275525,-41.515823,5.55305,-9.240632,-18.017815
FADS143,i,12,ADS,52.34633997092614,53.66002907386047,-454.35577,109.11052,9.856093,103.98981,10.462602,-35.260506,-9.017532,-26.226313,2.1300793,-39.413437,-16.925747,2.7553,-23.94934
FADS143,i,12,ADS,52.67,88.58596110096784,-528.8923,65.69177,16.909637,112.571884,3.2432806,-18.035667,-19.116823,-28.030933,-7.2057743,-42.219574,1.3627591,-29.887287,-27.462421
FADS143,a,12,ADS,52.99,126.21511364282867,-378.2117,150.3012,-47.238556,8.412917,-19.902943,-24.558342,-14.955038,-32.99836,24.589428,-36.049004,6.896584,20.138247,-36.93615
FADS143,i,12,ADS,58.94976417190097,138.54327107573994,-423.7776,38.092552,6.9686146,114.285645,0.74801886,-24.59026,14.812381,-51.11199,15.047209,-26.724209,-16.388676,11.594649,-48.33563
FADS143,i,12,ADS,60.77,129.99999999999545,-427.06415,42.09809,9.906843,130.78851,2.9798813,-24.917439,-9.791171,-54.53665,-8.243843,-25.84745,-13.050173,6.3911095,-29.168713
FADS143,a,12,ADS,62.54,90.4026252495882,-360.4515,121.80533,-5.193918,22.226116,-55.095627,-12.886273,17.906357,-39.36405,16.255428,-0.4161055,19.986103,-4.405551,-11.613773
FADS143,a,12,ADS,63.49,116.96985857390985,-378.79144,154.09558,12.217371,5.397661,-74.10063,-3.8304887,3.9498577,-40.209953,13.473871,-7.1517572,12.6987915,-4.091402,-9.055502
FADS143,i,12,ADS,65.56,49.99999999999716,-453.53745,112.94859,-35.47965,69.581764,14.192229,-38.565857,-26.35947,-45.214256,16.010143,-30.540228,-18.492037,-10.938988,-19.116692
FADS143,u,12,ADS,68.92799978378336,102.0002162166378,-551.48676,154.9942,62.192413,62.33079,-31.55883,-16.004276,-1.5839431,-10.090241,-5.855609,-3.6019664,-0.35748342,-20.291634,-20.218592
FADS143,u,12,ADS,76.38,120.00000000000455,-482.46088,101.52758,48.16053,69.61424,-18.72707,-10.1927595,-0.7472807,-35.50164,-21.33242,0.05039102,-3.4389424,-5.7492137,-11.32836
FADS143,a,12,ADS,83.56,149.99999999999147,-383.61902,152.0929,-35.593834,20.392456,-49.719124,-18.10203,24.588108,-39.612164,17.31929,-6.3840933,23.243734,-0.52577364,-15.87108
FADS143,u,12,ADS,85.22,107.35298381671043,-544.38635,178.51419,63.122,39.792603,-37.828407,-44.24311,1.7601477,-13.452904,-10.118874,-24.496593,-8.304447,-12.959244,-23.824621
FADS143,a,12,ADS,86.92324502682219,126.75497317781037,-419.53546,158.76163,-25.765987,5.554339,-43.60446,-27.280277,15.879187,-37.72666,9.481703,-7.4486585,11.60022,6.2538843,-16.215694
FADS143,i,15,ADS,6.13,120.00000000000011,-337.48004,62.80838,-14.126906,140.09583,8.276078,-16.458351,34.067913,-45.52266,0.19505292,-41.377537,-6.342985,-4.1218476,-11.179835
FADS143,u,15,ADS,7.81,170.00000000000082,-624.0645,186.63289,80.357086,43.827156,-10.209466,-6.560993,7.1928473,-6.7559814,-3.9880414,1.8086753,0.016417384,-14.79497,-17.540104
FADS143,u,15,ADS,8.83427140195245,145.72859804755112,-409.90286,167.4041,34.215763,60.888275,-21.749863,-38.18422,32.06265,-47.61149,20.515469,-32.081673,-9.05274,-15.270403,-31.273693
FADS143,u,15,ADS,9.16,181.93354030224995,-433.1143,187.37439,22.439281,64.93533,-35.085316,-36.463654,32.087097,-32.511147,4.2091646,-27.065754,2.214363,-4.386462,-28.998144
FADS143,i,15,ADS,9.82,99.99999999999964,-312.95654,76.56868,-15.12045,117.38818,13.940756,-19.880806,21.049728,-21.485678,-11.280523,-25.872177,-8.924258,2.7063098,-24.086546
FADS143,u,15,ADS,15.79,126.69613305432037,-469.48917,188.12662,49.578686,31.347286,-30.150717,-24.493801,41.968407,-19.962393,-9.626059,-24.80649,-16.840769,-14.149919,-24.390133
FADS143,u,15,ADS,19.3771970949315,111.4562496976319,-402.89938,114.26164,75.38684,50.111916,-24.054565,-21.79641,16.904026,-16.66613,-8.2448015,-21.437756,-20.544529,1.7097647,-24.168446
FADS143,u,15,ADS,26.06,210.00000000000085,-464.81082,202.2927,42.61209,50.685596,0.6805229,-0.6447078,11.955704,-27.217983,1.9000981,12.104734,-15.308309,-11.7950535,-9.431616
FADS143,u,15,ADS,27.2,220.00000000000242,-569.261,143.82227,88.13942,79.78012,-16.832338,-1.3798966,28.614332,7.845498,2.2604022,3.8537111,5.006484,-5.483205,-7.80407
FADS143,a,15,ADS,30.21,119.77980983263947,-295.06653,170.3623,-56.78349,17.813091,-43.803524,-5.361189,30.629719,-35.44599,3.6638613,-22.863045,28.474203,-0.66936755,-24.364578
FADS143,a,15,ADS,32.21,117.0215502391514,-284.26706,173.67609,-19.619434,10.578667,-45.287292,-0.63601995,25.435982,-34.379936,7.387002,-27.28487,24.440742,18.01391,-22.795815
FADS143,i,15,ADS,39.08633175918411,113.66824081589044,-427.35568,89.00816,35.601795,97.65564,22.28632,-11.511906,17.86306,-28.70914,-12.582405,-24.862776,-1.534528,0.58727103,-16.156166
FADS143,i,15,ADS,40.91780897700686,112.19102299314443,-406.7432,34.808784,36.465744,125.83017,-1.7971425,9.583929,27.000319,-29.500706,-9.985837,-36.517033,-8.057441,-5.0358496,-32.473907
FADS143,a,15,ADS,44.63376924974806,138.9924996229297,-325.42786,192.65712,-35.18691,-22.210575,-34.182503,-3.7679205,13.28989,-2.3613997,9.357393,-31.605385,28.851154,18.027931,-15.67713
FADS143,a,15,ADS,45.86,149.99999999999858,-254.25888,135.02713,-19.72787,1.6852931,-39.73545,-7.725317,30.25547,-46.878555,15.917496,-30.1541,26.321423,-0.8413007,-28.231031
FADS143,a,15,ADS,47.18,130.00000000000256,-389.22818,173.25073,9.482885,11.011358,-36.625916,-8.253193,14.533522,-10.660725,25.809164,-49.32602,37.536354,-9.998269,-14.314152
FADS143,i,15,ADS,49.45504354364687,70.80749980791978,-417.72018,89.23953,23.131012,109.51341,8.282127,-6.464717,10.788242,-19.061726,-20.600527,-37.12793,3.5689855,-9.444912,-27.433596
FADS143,i,15,ADS,53.69,60.000000000002274,-404.5937,113.84018,25.658104,90.70134,17.75214,3.2933774,14.6700535,-32.952145,-6.7590938,-44.73586,-13.124977,-4.0462246,-21.995434
FADS143,i,15,ADS,54.01968633447025,80.31366552975072,-331.52472,52.635883,5.0702853,117.02968,-2.78998,-15.2145605,16.146542,-34.592358,-18.417702,-33.275787,-7.5019665,-15.226186,-23.639679
FADS143,a,15,ADS,54.36,127.01230752004733,-322.0513,179.08725,-39.32306,-32.5858,-25.591742,9.332355,-4.6620336,-27.27293,17.779613,-32.42785,33.28457,-3.4781158,-23.944275
FADS143,i,15,ADS,59.25344854001055,156.0387495766804,-321.61026,36.774593,18.792862,117.996544,2.0415711,-5.281001,23.744602,-31.025969,-3.3890662,-33.88877,-22.702137,3.8786144,-28.215553
FADS143,i,15,ADS,60.99,89.29002711038692,-340.56207,81.50416,-17.684822,123.75272,6.0105457,-19.450018,29.8022,-34.636635,1.1812923,-36.200806,-18.08681,10.606903,-33.070496
FADS143,a,15,ADS,63.71,129.43601279835804,-284.4116,153.00327,-4.835719,-15.775074,-70.008606,-6.967325,49.30652,-27.347744,22.276512,-21.745924,6.1998715,7.529851,-9.681314
FADS143,u,15,ADS,66.08277597308322,76.05249979367557,-291.3599,154.2047,1.3026032,26.1129,-45.70714,-21.179813,40.258812,-26.543308,-8.197928,-35.865635,-12.305877,3.0711653,-12.861052
FADS143,i,15,ADS,66.34,54.0371478404893,-271.8274,61.52849,-13.95203,89.05094,17.748955,-31.657272,8.539908,-34.757713,7.4809113,-55.820602,-17.386799,10.884104,-25.631939
FADS143,u,15,ADS,69.39044257133041,133.7474996371526,-545.5775,159.93399,101.04027,65.861,-7.28544,-25.298534,10.65077,-27.540695,-5.0056267,-14.270979,9.887711,4.187935,-27.007252
FADS143,u,15,ADS,81.4,149.99999999999147,-466.91397,189.30652,48.149742,72.10029,-31.634386,-28.973917,48.905,-32.16424,-17.345116,10.796375,-13.772234,-1.0634173,-11.177011
FADS143,a,15,ADS,89.85,152.51592911991452,-343.48224,166.87222,-14.358149,6.158578,-42.998695,3.2531242,34.83278,-22.7361,14.737003,-26.207594,41.04068,-5.172159,8.626819
FADS143,u,15,ADS,91.48,119.99999999999034,-436.91504,164.00504,47.550735,45.373783,-31.258339,-24.606647,32.871933,-24.924093,14.683593,-33.298557,-5.6734104,-7.4115667,-28.785488
FADS143,a,15,ADS,93.38,170.2715202952021,-317.98285,160.4811,-31.446957,18.227856,-51.224293,1.1629965,34.00916,-19.347984,-1.2610201,-23.549616,12.656595,10.069461,-6.498922
FADS143,i,18,ADS,7.159023957355657,112.86978933213909,-334.76218,64.63814,-10.282145,163.99063,3.5526764,-6.066291,12.5819645,-47.4523,-3.2822514,-40.559097,-3.1585245,-8.448294,-16.923798
FADS143,u,18,ADS,8.852419435840648,127.58056415935215,-479.14612,182.64114,63.32347,67.12294,-38.85979,-7.5624285,16.139051,-40.468872,-15.089432,-14.973501,-21.227901,-2.2127354,-36.41613
FADS143,u,18,ADS,9.71229512219207,227.7048778079287,-447.92053,193.82173,3.8405263,51.13183,-18.28415,-42.223057,35.08854,-34.325115,-3.1387935,2.2159314,-34.74524,-18.757732,-24.405388
FADS143,u,18,ADS,10.20611431762013,273.8856823798699,-476.27176,163.7854,11.329397,51.503853,-22.515396,-20.180727,5.726372,-15.1175785,0.6352353,0.75936675,-12.143774,-25.599281,-32.7275
FADS143,i,18,ADS,10.99877799142112,108.72016472434076,-305.40823,76.64326,-21.769505,138.67493,4.771859,-15.288625,3.690461,-39.232628,-11.2347145,-41.860096,-17.009274,-0.5010658,-25.1526
FADS143,u,18,ADS,17.53,149.99999999999858,-458.08685,184.12955,46.356743,64.573,-56.06659,-26.914497,18.027401,-24.7984,2.4788487,-5.2246113,-10.004091,-7.3574038,-25.443087
FADS143,u,18,ADS,20.64775121862398,87.14211676377914,-388.81543,167.85818,28.619476,67.33745,-34.805016,-29.673569,17.85448,-20.796581,-3.7449617,-13.40638,-15.145388,-10.534239,-19.78225
FADS143,u,18,ADS,27.51407951871371,146.0667861945275,-398.0815,184.54568,25.894732,85.81683,-31.68618,-46.111458,36.15213,-29.45649,-12.515055,7.2756042,-13.703188,-6.3374333,-27.00803
FADS143,u,18,ADS,28.58143643545509,124.48873823398188,-418.96222,187.26578,29.633293,71.465096,-44.612106,-13.825454,26.65379,-25.590284,3.447949,-6.3061934,-8.3004,-1.701746,-31.977837
FADS143,a,18,ADS,32.18421517817139,97.10121582249798,-289.5681,211.11809,-66.6378,35.889282,-47.928093,-3.1252155,33.33893,-32.58004,12.953783,-19.745014,20.05643,5.427175,-16.886572
FADS143,a,18,ADS,34.72720444867777,130.29821268490593,-213.15497,156.63123,-34.16245,12.958546,-59.480988,-6.668403,30.168451,-37.265923,12.398857,-26.714348,13.601923,-0.43064612,-16.63826
FADS143,i,18,ADS,40.7,144.70823061382987,-480.98166,68.841125,82.5797,115.08746,9.352555,14.434055,9.496289,-31.716558,-11.888828,-21.675755,-1.0879774,-14.817909,-11.3268795
FADS143,i,18,ADS,42.97213343231701,107.06031488122392,-452.24023,102.907104,53.70354,122.78096,4.496391,9.850865,15.907787,-32.83689,-16.602036,-17.224426,-9.023692,-21.021929,-1.34658
FADS143,a,18,ADS,46.98079595752973,123.65881331241013,-289.0321,204.67494,-40.783524,-22.985712,-26.56817,1.393152,2.7337525,-26.922474,24.50872,-22.49038,23.133984,5.466546,-17.658014
FADS143,a,18,ADS,48.22,120.00000000000455,-280.91736,166.31253,-25.461311,0.93970144,-52.751713,4.605779,29.364946,-28.122854,15.85005,-11.760876,12.416292,-0.6933624,-27.620998
FADS143,a,18,ADS,49.57,89.9999999999963,-308.65726,182.08022,-29.153288,-9.064188,-37.860672,-0.42718267,17.773026,-26.637016,23.660995,-32.497086,15.137831,-5.3613567,-25.920654
FADS143,i,18,ADS,56.04679662987415,93.203370125849,-398.8954,110.84794,46.15844,116.851135,20.675953,-9.84181,1.9485779,-22.808077,0.025730908,-31.181564,-20.355854,0.8099847,-17.76963
FADS143,a,18,ADS,56.67524435510945,104.75564489055245,-246.5975,169.31735,-59.180458,7.2673473,-25.204193,-10.95554,17.53598,-36.303963,18.813679,-18.731285,19.102499,33.456486,-7.8489594
FADS143,i,18,ADS,61.94615124943908,160.17550986104823,-326.17575,69.792465,9.047015,140.29669,2.001821,-3.0226707,20.340717,-49.171547,-0.9419054,-40.124004,-3.2228801,0.6023423,-16.245316
FADS143,i,18,ADS,63.85146830176979,94.61144105781472,-290.13718,66.09529,-14.238569,138.92758,-0.70813406,-10.555847,17.001284,-54.31028,8.854912,-41.15435,-12.930018,6.434349,-25.830927
FADS143,a,18,ADS,65.54920880490732,100.79119509268253,-326.47604,195.3097,16.86309,-2.8486788,-74.31539,-7.879523,30.736744,-21.836512,11.427414,-15.1486435,15.601072,-12.739937,3.3483443
FADS143,a,18,ADS,66.47,120.00000000000455,-365.2423,161.44888,30.426037,19.640287,-66.7862,-0.6010462,13.859321,-30.747204,19.868147,-3.5823622,6.43659,-19.478676,11.984701
FADS143,u,18,ADS,72.88766241315435,87.97204168534734,-453.79233,189.60878,53.03714,50.878525,-27.510563,-15.234469,5.794415,-10.293064,-4.3326044,-22.245308,-18.759935,-12.204378,-14.850097
FADS143,u,18,ADS,81.64,120.00000000000455,-442.41193,228.79193,41.829334,75.246826,-28.250208,-24.297096,32.134415,-20.410725,3.1874738,20.774466,-15.031431,-5.9247956,-9.799827
FADS143,a,18,ADS,89.19,109.99999999999943,-309.001,208.1135,-4.8670835,-23.815023,-73.013954,12.929283,27.467913,-30.929195,7.2300353,-14.374579,20.21037,-4.5439816,-1.9983429
FADS143,u,18,ADS,90.51,79.9999999999983,-396.67697,198.51787,14.134792,74.81737,-62.55574,-25.349304,23.917051,-32.051743,2.1179507,-8.138843,-18.36097,-4.56396,-37.404068
FADS143,a,18,ADS,92.51,119.99999999999034,-308.64478,192.75705,-14.986468,-3.3978517,-53.40076,-11.13153,23.05688,-43.499294,15.608759,-16.157204,21.059097,6.8590937,-18.679012
FADS144,i,12,ADS,7.64,90.00000000000074,-382.6473,84.824615,-0.52844965,110.01547,31.8306,-21.96148,-17.631783,-14.601567,2.9501748,-25.83843,-18.093735,-13.399534,-0.6138735
FADS144,u,12,ADS,9.12,180.00000000000148,-559.99945,216.4211,63.553177,32.473602,-15.94448,-28.719437,-3.7885253,-5.542324,-2.3653488,-5.4186273,-2.6019166,-11.304346,-29.46082
FADS144,u,12,ADS,10.04546952113537,134.53047886462954,-454.72775,213.25705,15.159023,65.65141,-32.183723,-39.20253,0.31445628,-12.915215,-6.564472,-5.161636,-14.8301115,1.4041643,-29.04919
FADS144,u,12,ADS,10.374311287962,125.68871203800036,-502.2161,227.57263,34.33928,48.080162,-16.205643,-47.292145,4.6188602,-8.257869,2.2892656,-14.437101,-13.525042,-5.696375,-20.687077
FADS144,i,12,ADS,11.03,89.99999999999986,-429.08646,97.09407,36.763874,98.10216,39.726944,-13.880199,-14.524916,-4.793062,1.4897459,-13.519306,-9.003824,-3.7630117,3.2622557
FADS144,u,12,ADS,17.82,154.43686190788952,-584.136,162.27759,98.57646,36.01918,4.7946014,-10.428311,-10.435205,2.0903249,1.7221534,-7.206828,7.7030377,-0.2985481,-10.908672
FADS144,u,12,ADS,21.26,108.79229936789869,-529.87823,189.51953,64.522125,43.961853,-14.084118,-30.74545,4.1877174,-0.07493287,-1.3616309,-16.517422,-2.4068282,-10.745245,-18.730528
FADS144,u,12,ADS,28.55,89.99999999999986,-544.1132,212.64441,44.94082,50.30439,-25.844189,-36.46225,8.861038,-13.208191,-1.2207992,0.18992198,-7.8080525,-19.167461,-22.07529
FADS144,a,12,ADS,33.52,119.99999999999744,-429.21036,235.95111,-28.05315,24.667469,-22.6291,-38.98321,14.116367,9.820515,-2.3280444,-3.3762589,-15.535707,8.727957,6.9249287
FADS144,a,12,ADS,36.02,117.69344319013442,-386.67053,185.9837,-7.7014494,20.799603,-23.389708,-28.30038,17.125797,5.313486,-2.2045465,-11.072776,-18.07959,14.614864,14.535496
FADS144,i,12,ADS,42.51167680070672,119.27918233905643,-426.8686,93.32289,18.213657,114.99251,34.48232,-19.320461,-17.450003,-14.514237,-1.0232611,-16.739021,-21.041786,-5.324988,0.41620785
FADS144,i,12,ADS,44.47,130.00000000000256,-543.37885,93.28604,77.868164,109.46716,38.010788,-11.090497,-9.093418,-13.777145,-9.336395,-1.5378852,-24.007908,3.2329125,6.341871
FADS144,a,12,ADS,48.05,147.07893545404005,-410.34595,208.33713,-32.936165,25.615337,-5.4743333,-13.418566,-1.7243972,-15.159773,17.25337,-7.214629,-17.084776,7.205671,15.288202
FADS144,a,12,ADS,49.54,119.99999999999744,-407.596,198.92569,-29.285965,19.234505,-46.523132,-28.139915,29.56156,-8.538591,7.216566,1.4788566,-31.41833,5.4169116,-5.674505
FADS144,a,12,ADS,50.94,130.00000000000256,-428.92853,227.19954,-14.952021,36.036545,-48.01452,-23.743853,19.2061,-7.942339,5.7972527,-1.2312198,-13.011761,2.730548,-3.208139
FADS144,i,12,ADS,53.64383662807644,89.45938675428522,-416.56,106.43431,2.172024,97.59158,43.210205,-26.796036,-25.983166,-11.097216,-3.251491,-7.383383,-33.314438,-1.3853192,-8.233223
FADS144,i,12,ADS,58.0044158234662,85.5841765337999,-503.5465,81.44963,39.91754,126.56262,26.370884,-11.032595,3.1467953,-11.566265,7.204167,-10.909805,-28.871716,-3.7325044,-8.777586
FADS144,i,12,ADS,58.35,79.9999999999983,-409.85034,138.91412,-7.119115,95.419586,35.953903,-18.320742,-26.570923,-8.938445,-8.149668,-12.166594,-25.772863,-6.7734737,-10.810436
FADS144,a,12,ADS,58.62,100.00000000000142,-374.9666,229.32811,-61.75168,17.539446,-11.963714,-23.45407,-7.0952287,-17.352982,-2.865646,-15.218181,-7.8980417,21.263735,12.900705
FADS144,i,12,ADS,65.02612344051471,125.24314145599647,-482.7669,100.25346,55.949112,107.39746,45.373276,-15.088091,-3.7250028,-27.68649,5.665781,0.7039934,-37.32804,14.1635275,-12.8624
FADS144,i,12,ADS,66.73,101.33982854571855,-455.04913,119.03493,40.62382,93.133385,36.418983,-7.9495916,-20.080082,-12.051373,-2.3789318,-8.156667,-16.027914,-6.8492236,5.9865136
FADS144,a,12,ADS,68.68,97.04703430715256,-457.85263,227.88371,26.308746,35.15418,-66.194855,-20.790115,3.890561,-32.73343,13.253195,10.781147,-13.068959,15.099801,-14.523035
FADS144,a,12,ADS,69.85,107.824862016912,-447.39227,221.29758,20.129963,49.398735,-67.02481,-34.653877,11.91494,-20.171509,10.810742,6.269304,-14.677648,13.931944,-18.241959
FADS144,i,12,ADS,72.27,48.0057070447657,-414.59296,214.67117,-29.089272,26.440823,26.371433,-13.763506,-22.281643,-53.949894,-5.8059473,-29.008192,-4.6558304,6.8310146,-26.26196
FADS144,u,12,ADS,75.3395297993503,110.4702006497007,-579.55005,191.73172,60.345375,65.62784,15.004953,-11.5007305,17.984833,-5.6797013,2.7482033,7.398123,-4.3359733,-9.718193,-15.867744
FADS144,u,12,ADS,84.38,109.99999999999943,-597.7089,232.32318,96.09042,43.675114,-8.065457,-5.1473174,0.09527683,-10.486856,5.902483,3.0173178,1.5863922,4.017448,-19.953293
FADS144,a,12,ADS,92.83837725345197,149.09897792379923,-441.30713,187.73746,-10.819191,36.237114,-38.441093,0.5509363,20.994942,7.0517864,11.891579,-7.7649784,-1.8738258,-0.7054473,-5.3042364
FADS144,a,12,ADS,97.02166636386173,119.27918233902801,-476.61404,189.76465,13.422153,24.439373,-27.211716,-17.958508,10.82393,6.75504,10.113883,-4.316457,0.44435167,17.326374,2.4160788
FADS144,i,9,ADS,8.26,80.00000000000007,-527.2087,127.2337,22.262278,118.675644,28.028854,-31.7253,-7.237568,-16.138218,8.043855,-6.486931,-34.24936,-13.159952,6.1217213
FADS144,u,9,ADS,11.58,199.9999999999993,-618.3159,217.54034,82.49768,59.189384,3.7722323,-38.59719,-15.899342,-10.369196,-27.158573,-3.6893797,0.7468505,-9.344836,-10.8079195
FADS144,u,9,ADS,12.0,189.9999999999995,-651.0324,195.76064,81.416275,49.020763,6.610897,-24.57352,-6.3937635,2.1703413,-5.7029886,6.5104713,-8.699369,-8.272154,-8.876143
FADS144,u,9,ADS,20.19,137.0343416081674,-661.0552,199.95357,85.37731,45.709763,13.446047,-13.838414,-14.89923,-20.634422,-20.99461,-11.079593,7.5113993,-4.0738587,-9.284151
FADS144,u,9,ADS,25.15,89.99999999999986,-541.82294,166.91125,53.40863,60.358253,-1.4837799,-27.974798,-2.0902088,-12.74552,-15.225011,-9.298758,5.002429,-12.04566,-9.160166
FADS144,u,9,ADS,33.49,89.9999999999963,-603.4702,211.23322,64.860146,44.696987,-7.2086825,-35.348114,1.3900557,2.496508,-8.938853,3.0730221,-5.2370815,-20.801628,-11.734155
FADS144,u,9,ADS,34.55,172.30962690790363,-611.5946,132.3386,94.90823,63.51644,11.379493,-3.6344285,-21.907578,-14.249307,-20.600021,-19.667084,5.48407,4.058592,-3.630526
FADS144,a,9,ADS,39.54,148.87085224776087,-471.7632,207.42108,-40.10378,30.926456,-25.068356,-23.123798,22.94925,2.1500463,12.970675,-12.548903,-7.9374475,17.442627,0.23177484
FADS144,a,9,ADS,43.21,130.00000000000256,-465.13565,225.59082,-27.78099,42.80819,-25.469421,-40.66687,27.02016,-1.8566089,0.80493104,0.098966,-15.05295,7.9035263,9.552174
FADS144,i,9,ADS,50.76,140.00000000000057,-479.60275,93.569664,37.273148,94.80066,28.846191,-19.694794,-11.976424,-0.54332334,-15.092541,-11.597793,-8.764448,-2.810034,-5.3225565
FADS144,i,9,ADS,53.48543783093915,124.5621690608516,-533.8348,78.82918,80.29345,107.181305,27.8093,-28.255589,-13.100552,-4.823871,-12.972563,-4.198475,-6.1237874,-7.9170327,-11.219512
FADS144,a,9,ADS,58.58,90.00000000000341,-431.76672,234.10811,-57.6552,23.547714,-21.32711,-32.62943,5.2920713,-18.291487,9.548166,-6.9830685,-22.521648,15.416616,11.920147
FADS144,a,9,ADS,60.36,130.00000000000256,-496.96478,217.13669,-0.26165628,15.072617,-11.741634,-24.095463,18.470875,4.989395,8.411879,-2.2123232,-22.033573,0.8813611,4.1364236
FADS144,i,9,ADS,65.1475457062243,91.28398459328935,-484.31635,106.33588,32.425964,102.779816,24.317402,-30.851456,-20.870373,-10.407558,-11.246826,-30.094002,-17.816004,-5.134697,-7.8203726
FADS144,i,9,ADS,70.15,79.9999999999983,-479.13596,128.99843,10.156452,107.924225,43.14672,-37.402203,-16.883562,-1.7221665,-11.738508,-10.1832075,-27.593008,-10.738173,9.4648
FADS144,i,9,ADS,70.49,79.9999999999983,-532.3679,130.12752,44.088074,86.549484,38.91368,-2.399021,-23.030632,-0.6325593,-12.033728,-13.791828,-26.886547,-9.467801,-0.7339345
FADS144,a,9,ADS,70.81,134.44523859850221,-456.9396,240.45288,-38.913124,12.015037,-24.569801,-31.393673,2.2817416,-4.9359837,-2.426696,-18.863834,-17.046211,6.5545692,9.959782
FADS144,i,9,ADS,77.43350542176492,129.20194742436308,-545.3624,99.10246,42.310104,69.71083,22.13196,14.099741,11.599014,-3.870153,0.2836455,-6.996708,-11.825829,-3.5002966,-3.4232776
FADS144,i,9,ADS,79.45,146.76923679988363,-541.36584,104.62608,44.3372,115.050735,34.24686,-19.227135,-0.59615344,0.72612536,-1.5985643,-12.086935,-37.011368,4.1534204,3.0149975
FADS144,i,9,ADS,85.48374408204126,46.25591795874584,-484.39377,210.56822,-9.978401,26.24948,21.13382,-11.021412,-10.5434,-33.617477,-5.786783,-17.10099,-14.177864,1.4111601,-15.43626
FADS144,u,9,ADS,88.84,119.99999999999034,-585.4889,193.20093,90.10208,23.379744,-7.265739,3.654321,-6.1033897,9.957344,-2.3521295,-31.51551,3.229825,-8.098829,-15.97532
FADS144,u,9,ADS,100.39,120.00000000000455,-645.5645,203.4172,91.293594,59.71588,6.7061706,-33.350796,-15.721013,-3.0481234,2.8483033,2.3868735,-0.87075156,-15.505546,-7.293278
FADS144,a,9,ADS,110.6988202875578,129.20194742440572,-498.75446,211.76184,-4.459753,40.828476,-43.143547,-33.142365,21.31364,-2.2560148,11.438461,-3.7188215,-19.972288,7.208197,20.229076
FADS144,u,9,ADS,112.4,141.41056223169812,-618.6074,175.33965,81.3772,59.53793,3.4699697,-21.947872,-15.10258,12.335844,11.960857,1.445397,-15.77846,-19.193623,-17.630623
FADS144,a,9,ADS,115.16,100.00000000000853,-500.46054,234.24986,7.2268972,20.803402,-35.294502,-31.734142,10.42252,-4.183636,-0.236254,-9.380524,-15.586542,7.4755845,9.723883
FADS145,i,12,ADS,7.77,110.00000000000031,-480.33282,135.62032,23.328653,98.60964,36.828987,-0.17370337,-30.311844,12.364955,18.892906,-37.12581,1.3240473,-29.821457,1.8140194
FADS145,u,12,ADS,9.07,189.9999999999995,-662.3331,184.20367,85.24335,42.954422,3.3799078,-26.82861,-16.471962,-6.132286,-0.014750421,-3.024071,11.187872,3.7866523,-21.423119
FADS145,u,12,ADS,9.630780078502726,119.21992149727423,-555.7673,210.52142,36.02153,26.305614,-14.722749,-25.810667,-9.559809,-5.12592,7.9328747,-25.37191,4.9285865,4.8122897,-28.454779
FADS145,u,12,ADS,9.926734118197992,181.53881816359885,-537.9092,214.36224,48.844315,31.161442,-6.559782,-5.891577,-5.3611,-3.6332207,-9.024572,-0.943053,-9.552908,-6.447957,-18.907444
FADS145,i,12,ADS,10.4297384167786,100.26158322139977,-482.68747,135.6431,-16.116879,96.98329,31.587841,-15.691802,-48.94152,-5.3075686,11.25997,-26.752077,8.066452,-11.298563,-2.3255026
FADS145,u,12,ADS,15.30447062355495,120.51736668002988,-582.21027,186.10391,88.153046,60.724033,4.161506,-26.532799,-29.079916,-0.21711534,3.747126,-1.3167058,-3.4839694,-1.0106175,-14.9323225
FADS145,u,12,ADS,17.27021815931844,80.85342321572142,-594.54285,194.01178,93.84268,35.753166,-14.660824,-14.459408,-8.885904,-11.659407,1.0293651,-15.897377,2.9645448,-14.189498,-29.28159
FADS145,u,12,ADS,22.86,130.58283186704145,-547.5227,208.75371,72.720795,39.11492,-38.55378,-25.371185,-13.694775,-13.960982,-9.426382,-18.661985,17.475197,-9.826214,-31.913786
FADS145,u,12,ADS,23.66871505476119,111.28494523881116,-555.83514,201.43053,56.483643,33.333183,-27.758457,-26.94379,-24.847525,-11.73185,-3.2627609,-30.90121,-4.8173556,-26.110224,-38.307213
FADS145,a,12,ADS,25.73662566164173,112.88968524458909,-430.411,208.11183,-26.021084,9.379991,-23.175182,-1.1672653,-18.6041,4.4322977,-26.109016,-4.029937,19.468624,5.034892,5.891329
FADS145,a,12,ADS,27.43,149.99999999999858,-453.36203,217.24704,-17.676035,16.150257,-11.212961,-8.915269,-17.491821,17.718157,-12.120224,-10.854683,20.636803,-5.721833,9.72753
FADS145,i,12,ADS,33.15466615958485,93.05771351242953,-479.2764,136.74501,19.067177,92.21036,42.99011,-24.98631,-33.566963,-20.768206,0.7201361,-27.15868,-1.4739122,-27.096222,6.6987453
FADS145,i,12,ADS,35.33,100.00000000000142,-532.7666,103.14724,40.72054,110.359146,23.751495,9.193851,-24.483707,-6.8175383,17.293966,-27.58368,-14.367033,-13.338666,5.632548
FADS145,a,12,ADS,38.5384717764205,125.0939755412972,-428.10602,194.71494,-21.545769,22.556618,-25.981106,-5.053441,-39.936356,6.7962713,-22.277456,-17.786129,4.080414,12.872961,11.717596
FADS145,a,12,ADS,39.39,140.00000000000057,-437.5703,189.53912,-20.138227,10.334042,-46.809395,13.993412,-11.83539,10.004026,-13.098259,-12.630752,7.6983533,-4.289939,13.467942
FADS145,a,12,ADS,40.19945383713742,130.54616286257925,-445.9076,206.65045,-9.444029,12.387724,-39.23745,5.212465,-8.040899,10.099602,-6.4038196,-3.0552034,3.0290668,0.6338611,14.335882
FADS145,i,12,ADS,41.82890320577174,59.49591519647868,-516.73517,144.80876,4.644431,69.09865,41.528156,-7.0067453,-34.088455,-11.745148,-5.994249,-14.153291,-11.650791,-18.39371,12.1597595
FADS145,i,12,ADS,45.5034279970982,96.57200290180157,-532.5332,144.05203,18.86744,90.96451,56.33184,-6.2224197,-39.9365,-16.504822,-6.4913363,-7.762548,-2.4696488,-28.52835,16.557123
FADS145,i,12,ADS,45.86040348827703,71.70020549317968,-556.5513,153.54112,28.518322,83.32804,64.672485,-3.458425,-29.574347,-2.6173315,2.6267607,-24.000309,-5.7076507,-19.006115,-6.5472527
FADS145,a,12,ADS,46.11,116.19041480712156,-462.47302,183.55696,-0.49627888,13.250536,21.871635,6.530204,-28.099823,9.368523,-28.244694,-21.455532,-0.41550708,4.136322,11.389473
FADS145,i,12,ADS,50.18,100.00000000000142,-512.05664,126.02637,30.871998,88.294846,53.24949,-9.701023,-11.444246,-2.8663816,0.052321196,-22.214878,-12.484389,-16.526031,-14.9003105
FADS145,a,12,ADS,52.61,82.63805197810115,-415.0038,206.17322,1.8563244,20.622234,-52.45684,0.5596441,-16.656317,22.451313,-35.761517,3.2008667,4.569256,-3.536894,25.31025
FADS145,i,12,ADS,54.41,40.00000000000625,-462.9948,183.52527,-23.68549,71.02434,27.025133,-10.583952,-42.645733,-21.222843,-8.029625,-15.289365,-6.3552337,-20.178913,0.86876017
FADS145,u,12,ADS,57.12269294790278,107.30705209721947,-561.86536,193.04453,85.65026,43.97832,-21.223063,-13.035994,-14.167038,-9.541172,3.9423676,-9.486046,4.639324,-13.538882,-32.011486
FADS145,u,12,ADS,62.83911333544175,68.6491329190062,-538.02783,184.41583,82.43178,43.790054,-16.497616,-20.451468,-5.2008805,2.6558359,2.4111145,-10.097953,-5.1917796,-15.2171545,-24.451153
FADS145,a,12,ADS,67.71,170.0000000000017,-454.43137,204.31902,5.4460926,12.582108,-47.21954,-13.821295,-18.729958,4.6203303,-26.293837,-3.0729942,16.636177,-2.496775,23.718601
FADS145,u,12,ADS,68.73,115.15776261350652,-651.81146,193.874,92.50211,47.04255,-4.0194626,-25.855959,-15.792091,6.972299,12.686617,1.9508222,1.6787041,-8.288824,-27.46217
FADS145,u,12,ADS,70.09,93.10094650847134,-659.957,206.66193,103.31284,37.321964,-1.6780547,-10.414766,-12.778433,-15.178041,7.4905195,-4.9063354,-5.170935,-11.152395,-7.2692804
FADS145,a,12,ADS,71.9,119.99999999999034,-431.55826,204.56644,2.155767,20.387096,-45.2714,-25.78208,-20.040781,9.474279,-27.579193,-7.424995,0.48548916,-18.878773,9.917017
FADS145,i,15,ADS,4.408721789726036,91.27821027396443,-492.68045,136.9531,12.425943,103.01645,40.630173,-17.51086,-28.6086,-7.0780787,4.1244884,-32.168728,-8.136154,-16.33906,-8.37213
FADS145,u,15,ADS,5.3,209.99999999999997,-521.94104,227.32957,38.880188,39.32663,-16.529202,-21.599945,0.7423541,-0.23948795,5.166787,-29.402275,-16.094307,-3.91554,-16.779669
FADS145,u,15,ADS,5.862215087005085,107.78491299491489,-437.7538,191.15938,11.146728,9.69409,-20.436169,-21.598722,-0.9466667,-12.667324,-15.756776,-30.607262,-18.47804,-9.642439,-12.838514
FADS145,u,15,ADS,6.088853232688699,161.14676731130118,-477.0799,201.00635,18.598103,18.011395,-11.112822,-17.84498,-12.353224,12.091082,-2.2676167,-34.508934,-9.364306,-8.7299595,-10.82604
FADS145,i,15,ADS,6.73,79.99999999999918,-465.8448,124.34126,-1.5589167,106.80757,35.910053,-11.096254,-25.332268,-18.267984,9.978537,-31.826248,1.9454255,-3.4190812,-11.81453
FADS145,u,15,ADS,10.64,90.89706828910948,-522.90186,125.56944,40.812977,44.644493,19.401741,-5.1583505,-26.978622,-5.2231364,12.91279,5.0714855,-0.85345435,-19.533705,-18.199432
FADS145,u,15,ADS,14.57720325824626,114.5119051875092,-452.39655,105.41603,44.26687,53.876686,-1.0975614,5.4922485,-3.7509346,-13.8702545,-7.415966,-13.0595,-14.351184,-2.5685136,-14.458433
FADS145,u,15,ADS,20.34,88.71546045891066,-597.265,186.72311,91.99388,37.651443,4.573755,-21.879139,-28.909481,11.615913,-13.127153,-14.348997,7.2648773,-17.632431,-25.20303
FADS145,u,15,ADS,21.00923758367332,213.51698988087264,-470.85492,137.08836,52.59223,41.14776,17.813084,-20.124973,-33.54084,1.6405158,0.4638449,-10.785421,-10.889961,-22.165483,-22.586136
FADS145,a,15,ADS,23.88,100.06846381525136,-426.78815,181.5541,-14.679958,12.725861,-14.985522,-9.031324,-5.537721,18.258121,-34.502487,-13.068587,15.897838,-13.620108,10.762072
FADS145,a,15,ADS,26.5816507112033,73.95560543359991,-449.4366,189.11136,-6.3394647,-8.536858,-10.514292,-6.993025,-8.137993,30.472519,-14.321543,-23.512096,12.6069355,-1.0571482,11.705211
FADS145,i,15,ADS,31.3039697271436,89.46242592774212,-470.24084,126.55009,20.524235,94.149994,33.357124,-5.555825,-23.190613,-4.872852,0.45471337,-34.783127,-20.1863,-16.186497,5.606643
FADS145,i,15,ADS,33.55,103.43785377511949,-495.41782,110.741325,17.536207,106.61594,36.699547,6.9995327,-6.7922707,3.8094563,9.744827,-20.11624,-26.445328,-14.627474,0.584928
FADS145,a,15,ADS,36.08,149.99999999999858,-327.20096,129.41556,7.5217266,6.4210625,-35.589672,-8.078306,1.3353064,-11.780985,-13.979977,-16.125238,1.374114,16.014389,11.4778805
FADS145,a,15,ADS,37.03655410796363,223.44589203636644,-384.44186,182.49355,-4.957116,11.862446,-35.973137,4.8110113,2.5893006,-1.225782,-10.57418,-1.8120341,-11.982618,12.547708,5.2737947
FADS145,a,15,ADS,37.9,210.00000000000085,-429.61182,197.67316,-6.456643,21.078388,-31.416962,5.1297617,-4.886425,-1.0501101,-8.113852,-8.00445,-8.339735,-1.9916568,8.051352
FADS145,i,15,ADS,39.31185338125501,97.81225234765856,-555.4189,176.71884,19.294634,30.725166,47.082787,14.715759,-21.238564,-12.051071,-2.241831,7.0858727,-5.672035,-9.3768425,-4.87335
FADS145,i,15,ADS,42.53,44.54095695103888,-474.86884,97.66203,47.170673,76.57086,41.877365,19.818611,-19.888512,-10.239788,-6.8905997,-26.82586,-17.582432,-10.525649,7.6759877
FADS145,i,15,ADS,42.83,79.9999999999983,-349.22937,58.924286,35.594112,77.7097,1.1090866,-6.162615,-16.590637,18.360752,1.3615129,-24.860884,-13.05252,-40.12696,-4.809721
FADS145,i,15,ADS,47.11,155.49091872512832,-476.07904,99.7934,34.907364,107.98752,30.544125,-5.308692,-12.953781,2.361088,0.31457043,-33.98804,-18.45005,-8.704451,-5.0873365
FADS145,i,15,ADS,48.39,69.97373750365199,-451.65564,132.69344,17.563503,93.02458,45.36355,-26.103626,-28.235565,-8.349414,8.805176,-35.448853,-12.713585,-20.516365,1.5451125
FADS145,a,15,ADS,49.42,98.31593114270731,-393.75394,155.8117,15.947508,-0.11067611,-22.989399,-3.6097667,-2.7305543,7.5054393,-24.30693,-2.022088,8.702489,12.201366,13.7158165
FADS145,i,15,ADS,51.39817164849831,65.60577901367992,-432.13104,149.3278,-10.472752,27.76347,34.79802,10.002674,-20.20134,-23.836998,-8.704526,-5.2861094,7.469221,-5.3126698,-2.0356941
FADS145,u,15,ADS,54.24208841575871,135.98288741016518,-557.6294,178.30945,63.544777,33.08983,-19.02116,-33.774235,-19.507797,-5.0836535,-11.984111,-19.869694,-0.6460526,-11.438925,-33.334564
FADS145,u,15,ADS,60.61,71.72992528474964,-547.79706,231.04143,34.013412,21.699957,27.143108,-8.80342,10.483629,6.50198,-29.016563,-41.44381,-11.49659,8.762289,0.3097149
FADS145,a,15,ADS,67.42,159.9999999999966,-478.47308,199.85736,20.243397,11.801748,-29.239204,-6.760157,-5.0073204,30.59981,-15.156643,3.6045277,-2.5644815,-11.483595,12.503424
FADS145,u,15,ADS,69.48,95.61925416934969,-600.4248,190.30115,87.034966,46.30628,-1.662035,-10.037279,8.052981,7.2623363,-6.0549145,-5.7569833,1.828495,-16.84992,-24.234074
FADS145,a,15,ADS,71.22635638430255,115.70473753322119,-444.97827,200.46793,18.321783,2.3049953,-26.561993,-16.648823,-12.566925,28.2998,-36.832916,-6.0712442,5.550193,-0.5648675,19.238007
FADS146,i,9,ADS,10.38,109.99999999999943,-436.95996,107.73446,14.848721,135.37177,-12.049526,18.705132,16.421307,-9.536111,15.956764,-44.3857,-1.6197444,-6.8415747,-6.9401035
FADS146,u,9,ADS,12.28,171.10928784286017,-704.52386,113.565475,76.555435,48.30053,31.369125,16.367954,4.9078836,3.7523415,9.268751,11.280724,7.454721,3.378481,2.1647592
FADS146,u,9,ADS,13.42,118.65434445994083,-431.79657,209.23529,72.56854,-5.4776993,-20.785458,-12.731867,5.3572397,12.877183,2.9367244,-0.32172585,3.8029423,-0.30190778,-2.199748
FADS146,u,9,ADS,13.72,223.3654815244197,-80.03902,67.115974,56.20955,7.35038,24.290436,-16.345093,0.44572103,-0.35770208,35.07272,8.910059,-7.001021,-11.446917,23.180782
FADS146,i,9,ADS,14.52,120.000000000001,-419.24234,124.66784,8.176722,134.92471,-2.0921612,0.14376254,4.173505,0.66238225,-10.282873,-33.231712,3.1554093,-6.568507,2.3865938
FADS146,u,9,ADS,22.03,109.99999999999943,-480.35907,226.52252,99.68375,46.986206,-21.494066,6.214279,9.103726,-15.415142,9.475946,-6.045409,4.345707,13.077172,-14.012834
FADS146,u,9,ADS,37.72,258.69942554706427,-507.88916,136.4203,63.753944,26.512115,30.016214,38.08963,36.51477,33.7765,32.82756,30.718517,25.288263,13.99493,1.1998285
FADS146,a,9,ADS,45.07,130.00000000000256,-332.04822,229.77951,-30.788513,-19.006638,-18.349487,8.852224,33.68778,16.626642,15.596415,-20.811573,7.8933764,-6.8641233,-0.9010035
FADS146,i,9,ADS,52.41,140.00000000000057,-494.78622,79.00758,84.93817,88.27809,24.380741,20.447563,1.231481,10.345845,-2.245941,-23.027384,1.3168682,2.7002912,-10.971203
FADS146,a,9,ADS,60.58327304581066,125.8747237326645,-253.67079,221.54797,-17.540762,-26.266338,3.6354964,7.1762147,33.711487,-6.6948643,36.091225,-32.89937,20.888432,10.740442,-13.289676
FADS146,a,9,ADS,61.87054725427976,139.45274572024147,-248.92787,163.86433,-9.852716,-11.977385,-46.59497,18.990864,36.445892,-12.305339,23.632107,-28.254288,8.168776,1.8273902,-24.330133
FADS146,a,9,ADS,63.49,129.99999999999545,-310.20688,229.80154,-18.761757,0.69264156,-20.229847,13.995158,16.16722,3.4656534,26.16705,-15.604677,7.381325,-12.699125,-23.796055
FADS146,i,9,ADS,65.85692056328226,93.0794367177441,-429.84418,83.38324,74.61266,106.244896,13.617197,23.64742,6.1131372,-1.9435139,12.202339,-26.884148,-7.1795373,-0.7928918,-8.202267
FADS146,i,9,ADS,70.07921005863166,71.70079199960355,-413.88138,93.193146,48.52478,91.43066,32.780685,-22.393217,2.5985038,8.380409,-16.581406,-25.99871,-21.027088,-9.660152,-10.595206
FADS146,a,9,ADS,70.85,90.00000000000341,-341.80698,243.2072,-30.843185,17.693369,-44.447807,-14.915613,32.690502,14.334089,7.5870314,-17.675112,7.446777,15.416027,-8.3588505
FADS146,i,9,ADS,77.84807657153796,143.40158399922132,-339.26163,97.59681,49.984097,103.30818,-1.533119,31.410902,17.83398,-8.805231,38.659775,-36.65741,14.490974,5.4688416,-3.098669
FADS146,i,9,ADS,79.77,120.00000000000455,-481.14743,104.92403,63.724987,101.85828,-5.708009,5.7217226,13.754736,14.210417,11.272596,-41.9243,1.170097,-2.2462397,-2.8098483
FADS146,a,9,ADS,82.74,109.99999999999943,-68.773155,49.973503,31.68617,-8.224244,21.30266,9.222361,12.435993,-0.89344084,21.16634,1.4257467,13.71273,6.736081,7.9327946
FADS146,a,9,ADS,83.43,129.99999999999545,-299.93127,212.99738,9.567347,22.508793,-24.740448,8.950773,12.93611,9.933247,18.819633,-3.3408475,1.5771804,12.684786,13.477749
FADS146,i,9,ADS,85.61,40.00000000000625,-396.23386,206.3118,-14.214285,103.05003,24.071707,-11.086914,-4.2632613,-10.722222,4.9077177,-32.44075,-8.362923,13.121382,-2.5395546
FADS146,u,9,ADS,89.13932886361113,90.82100319950825,-424.07687,216.7295,60.337807,43.85041,-10.368179,-14.346218,12.739074,4.03077,15.231949,-4.5195913,-2.4488115,18.140781,-16.16582
FADS146,a,9,ADS,112.55,110.65527264840114,-330.98547,228.02315,3.1300874,5.0356665,-66.41968,36.72989,14.577669,-18.069183,16.176054,-27.748827,20.470642,4.5478086,8.75853
FADS148,i,12,ADS,5.672182567015109,97.81743298489064,-476.34464,103.30901,37.931305,106.71579,22.506077,5.7694387,9.791651,-34.87664,-13.63951,-2.9427261,-23.862833,8.327824,-40.111122
FADS148,u,12,ADS,7.09,110.00000000000031,-572.26074,192.51872,71.88434,69.61534,-6.736848,-30.138607,-9.126173,-12.119877,-2.005983,-13.903905,-3.80549,6.247052,-18.732637
FADS148,u,12,ADS,8.25,99.99999999999964,-583.4676,211.1424,53.685043,40.214634,8.297949,-2.875713,-3.841009,-8.771869,-12.979879,-8.625141,11.845148,4.2215157,-29.11023
FADS148,u,12,ADS,8.546588035896827,213.4119641031731,-586.42126,181.92621,68.259575,20.80869,-31.866701,-31.08918,-11.792385,-22.369818,-22.342346,-16.569977,-1.0911591,-0.66329014,-31.644407
FADS148,i,12,ADS,9.24,67.67392969937092,-445.70505,118.88725,14.481388,102.04045,30.826958,-15.337314,0.059678495,-18.80558,-17.116232,-13.046801,-23.140629,12.799799,-26.121399
FADS148,u,12,ADS,16.17,119.99999999999744,-586.37866,187.42453,70.031784,43.527107,-9.097973,-48.278053,-29.779903,-23.105228,-19.995914,-13.538954,-5.456472,0.791881,-19.344074
FADS148,u,12,ADS,19.6340251341372,105.97486586279814,-557.42773,188.71808,77.9827,68.02818,2.410227,-12.609167,-4.720332,-15.47921,-15.565482,-6.860976,-2.6507628,-4.7580485,-33.596573
FADS148,u,12,ADS,28.06828142998651,111.71857001349039,-558.5159,227.47247,42.41469,10.159606,5.5577636,-23.134611,-18.61616,-21.830797,-26.5209,-15.930809,-10.234873,-16.539055,-31.11833
FADS148,u,12,ADS,29.16,89.99999999999986,-552.47876,201.07358,52.177704,61.388783,-6.2872276,-23.190163,-7.918065,-17.880447,-8.065258,-12.510441,0.1044265,-3.3028803,-31.040876
FADS148,a,12,ADS,33.36,101.26740683642765,-378.7339,198.11981,-65.42587,31.104673,-31.701408,-12.484185,39.448174,3.3595564,-17.168343,1.2923304,15.203054,5.0941925,-12.500983
FADS148,a,12,ADS,36.22,133.97659506835424,-381.25876,211.5204,-37.875908,22.315742,-46.5764,0.9279505,22.381721,1.4809315,-13.65299,-6.602915,10.66403,-8.436373,-6.901247
FADS148,i,12,ADS,43.0723696177208,86.384943695208,-333.9127,73.224106,-3.2973447,82.79016,19.629017,-23.749813,-18.245068,-9.827281,-25.508202,-4.533283,-21.525883,3.4532087,-32.05651
FADS148,i,12,ADS,44.84733786855578,91.11836526753336,-426.8658,91.38358,14.496656,115.9205,28.815403,-9.699603,6.9261513,-14.63924,-7.499028,-13.731415,-24.79767,0.88772947,-19.822708
FADS148,a,12,ADS,50.2,140.00000000000057,-412.6294,186.16724,-50.93139,33.089935,-41.306076,-3.4844265,48.08653,-9.647531,0.7703074,3.3204424,-12.289804,-7.0478125,-15.879969
FADS148,a,12,ADS,51.8,100.00000000000142,-389.19485,187.84265,-38.26283,33.887154,-42.4322,-0.43376982,40.459602,-10.537031,7.3862762,-4.0294046,-4.8282366,6.732643,-13.687262
FADS148,i,12,ADS,54.54303722696482,101.76856380532229,-398.23697,105.79106,-15.220021,106.9659,18.23777,-13.517818,-15.933338,-27.753653,-23.300858,-23.012848,-38.61527,0.35807252,-34.3096
FADS148,i,12,ADS,59.31,49.99999999999716,-450.65182,111.811935,1.3104854,105.34547,42.745384,-19.9149,-4.323017,-23.178192,-31.479614,-13.189074,-19.381454,7.616843,-14.201344
FADS148,i,12,ADS,59.58,70.00000000000028,-388.61197,94.46379,-6.552953,111.78551,29.122925,-4.046061,3.1592479,-19.887077,-27.853748,-23.644089,-22.266155,4.5033946,-32.63015
FADS148,a,12,ADS,59.89430354466808,94.66843144680581,-305.72,189.9609,-62.42482,11.303141,-18.887978,-2.6459785,2.346788,-8.898548,-20.013184,0.5799023,10.32747,17.60236,-6.923748
FADS148,i,12,ADS,66.36146021158152,134.90251481169935,-508.54944,84.25181,58.028137,95.012886,27.06029,8.419002,12.887362,-18.916416,-20.888271,-18.47678,-24.14608,-1.2801328,-28.831081
FADS148,i,12,ADS,68.29,135.59498275053272,-486.91577,80.72713,39.831238,112.0887,23.003511,13.556593,20.078749,-16.882225,-15.861919,-21.21846,-16.054127,-2.441841,-29.510082
FADS148,a,12,ADS,70.14,79.9999999999983,-381.82034,221.2273,-19.75398,-2.1051693,-45.422577,-22.772348,14.41528,4.173336,-18.362644,8.928215,-14.153375,8.562555,-23.294155
FADS148,a,12,ADS,71.42,99.99999999999432,-340.60565,182.79065,-36.925095,21.333504,-51.056175,-14.0878315,19.799898,-11.143599,-9.122015,1.7200658,3.4657311,3.150278,-2.899577
FADS148,u,12,ADS,77.09895186001947,121.04813998053032,-628.7899,164.85269,60.659363,57.953766,7.9630804,10.896961,5.6711826,-1.7175823,-2.44559,-12.074234,-10.1378765,-6.287277,-23.904865
FADS148,u,12,ADS,85.87519786447055,67.45125740584967,-550.68677,214.93079,67.31977,64.54101,-21.796576,-28.62622,1.328198,-7.8311963,-11.529303,-18.461727,-5.69154,6.715096,-33.35994
FADS148,a,12,ADS,93.9503440877614,145.55271334944564,-375.63486,203.91776,-38.195396,7.75564,-61.076496,-13.891998,10.098381,5.775953,-14.969112,1.3531079,4.256932,-3.986945,0.2970235
FADS148,u,12,ADS,95.61,100.89817166870318,-561.7841,197.41591,59.707664,63.76031,1.7691622,-19.390533,5.45081,-5.0120144,-2.581355,-4.0485945,-4.1858106,12.806797,-24.559963
FADS148,a,12,ADS,97.8,105.62984049836643,-381.5789,208.6445,-20.137749,1.3723197,-37.946175,-9.99979,7.288107,10.83749,-43.6881,10.700781,-10.726074,11.00782,-2.5808792
FADS148,i,9,ADS,4.17,89.99999999999986,-473.8577,104.37802,26.59025,105.70861,0.092574745,12.464753,41.81379,-32.631416,5.774435,-40.543354,-28.725832,21.277374,-22.228247
FADS148,u,9,ADS,5.57,160.00000000000014,-568.9055,180.17578,84.54975,69.10233,-11.3443985,-22.166014,-10.559623,-25.633133,8.52339,-16.76398,-2.7933376,-1.7958136,-37.981674
FADS148,u,9,ADS,6.66,109.99999999999943,-561.62537,191.43289,54.065063,32.870476,2.1269875,-17.538696,-13.872974,-25.72219,-15.626717,-10.096661,-10.986069,-0.095938206,-20.024862
FADS148,u,9,ADS,6.931287886328949,228.71211367105104,-572.76855,172.43631,76.635376,38.07418,-35.047443,-33.439274,-16.653236,-37.12432,-15.085707,-17.114872,-12.073103,5.168682,-11.228352
FADS148,i,9,ADS,7.63,75.25838913226046,-515.6554,83.227234,42.22943,115.18942,-8.061379,-21.045685,5.250614,-12.669903,4.003869,-37.648445,-14.913102,-7.003108,-17.139992
FADS148,u,9,ADS,14.43,109.99999999999943,-558.2084,158.2049,62.294975,62.081635,-41.295647,-27.352098,-8.128553,-45.40634,-5.581116,-18.643698,-17.083677,6.811976,-35.782124
FADS148,u,9,ADS,18.1540018451337,125.99815486630206,-626.7041,156.3977,85.77657,63.76606,-0.4727087,-5.456011,-4.8141136,-31.140276,-7.1813107,-22.715591,2.3845577,12.126331,-20.348228
FADS148,u,9,ADS,25.77,109.99999999999943,-594.65826,187.16025,50.210426,44.863506,-3.1518464,-6.332176,-13.118089,-40.65441,-6.346425,-22.853981,-12.94601,1.1940193,-25.66627
FADS148,u,9,ADS,26.96,123.74660137517068,-566.4683,199.1972,67.48192,61.988144,-10.531824,-16.327324,-12.600467,-21.853325,-5.511409,-15.987827,-11.929821,6.277425,-32.551376
FADS148,a,9,ADS,31.14,78.51637588239768,-461.05942,166.23264,-23.967653,56.421944,-41.698902,-8.128733,8.21525,2.5170202,7.841426,-22.881824,25.957647,2.5935388,-25.401096
FADS148,a,9,ADS,34.03,100.00000000000142,-396.75275,184.09717,-16.599754,35.026524,-49.787857,-32.787643,12.9040165,14.640095,-11.392803,-17.642859,17.348598,-17.891413,-6.268795
FADS148,i,9,ADS,41.94998012551325,81.18976973169367,-473.18073,83.59908,38.92081,124.4375,12.553707,-9.268482,-11.900479,-25.060272,10.748159,-28.327183,-16.445547,-5.6731653,-36.552402
FADS148,i,9,ADS,43.72368740717626,82.4015573396295,-506.5777,94.25796,19.167301,127.618706,15.61353,-7.463267,-14.12897,-31.033752,1.9581599,-33.798492,2.9907026,-4.839589,-21.920504
FADS148,a,9,ADS,48.07527671883712,119.96697318564031,-435.93427,181.87686,-37.023956,48.74709,-30.880472,-4.341527,0.2580939,-1.6539788,1.0047392,-27.182041,19.9728,3.1778789,-13.310524
FADS148,a,9,ADS,49.58,109.99999999999943,-421.49985,194.82394,-24.551582,25.408886,-53.5859,-8.528297,17.275452,-21.505783,31.443464,-14.67555,3.146954,-5.9268775,-23.688307
FADS148,a,9,ADS,51.13,89.9999999999963,-446.80887,183.18152,-6.241671,46.36698,-67.94969,-21.271671,25.050346,-11.462394,20.803171,-1.3500879,-9.989138,7.6687326,-14.557348
FADS148,i,9,ADS,53.75559007118649,74.40992881350894,-496.40518,99.42346,46.989254,120.13631,4.3645954,-12.839807,-30.639229,-14.032127,-0.7890519,-23.011715,-7.1507235,-0.9321401,-22.138268
FADS148,i,9,ADS,58.02,39.99999999999915,-457.90085,83.900764,37.039547,137.19919,29.195286,-38.575424,-14.079042,-28.29712,1.6785893,-27.349247,-23.988914,-9.360118,-25.606544
FADS148,i,9,ADS,58.33025074968745,78.76619451582201,-455.76044,70.55405,11.698935,87.012085,6.3411083,15.486466,-20.806213,-31.27316,-15.448715,-7.127173,1.1429331,-14.096546,-41.31481
FADS148,a,9,ADS,58.64,100.00000000000142,-400.9244,168.53134,-28.298038,52.422745,-37.221634,-5.7229633,-9.423656,-0.6133363,-1.312513,-13.163267,26.234423,-0.66151875,-19.491112
FADS148,i,9,ADS,65.75,140.00000000000057,-469.07083,63.00333,48.005707,125.161285,1.6844517,-8.025021,-8.248696,-33.086708,-2.7796316,-35.254066,-20.634716,-10.693019,-40.789017
FADS148,i,9,ADS,67.37,113.35020908229865,-488.4898,55.475136,48.842964,143.60703,2.2479382,-11.991997,-0.17633677,-38.57702,18.056877,-25.857513,-7.137096,0.47949648,-51.067192
FADS148,a,9,ADS,69.03073654437483,64.22474322059202,-523.4533,178.85847,31.79755,45.103996,-57.99739,-27.485905,-6.066354,1.6627291,9.161614,-8.575041,32.242687,-5.371221,-7.543134
FADS148,a,9,ADS,69.82,70.00000000000739,-416.45822,191.61964,-11.4990225,41.866386,-59.73092,-36.733437,6.502827,-16.155209,10.343087,-14.600811,5.097021,0.89685965,-27.638866
FADS148,u,9,ADS,71.81,49.99999999999716,-413.5209,163.55487,19.727718,57.048874,-27.004032,-36.2352,-7.834638,-10.265819,2.0487657,0.095669985,-4.4775863,-17.922222,-16.155954
FADS148,i,9,ADS,71.98,47.5233057380251,-501.67422,126.72592,-5.1419578,42.47812,21.397396,-18.27441,-22.445263,-24.101524,-1.7166262,-15.889562,4.6348987,-6.2065682,-17.8657
FADS148,u,9,ADS,75.19051786103512,107.84909710628199,-560.6158,158.87326,73.20772,58.239487,-3.0121627,-25.047096,-11.15211,-9.299426,0.8586348,-0.320688,-8.263606,-9.124254,-14.292297
FADS148,u,9,ADS,84.47915664318505,120.84335681494451,-612.39166,193.19086,79.709915,64.92641,-4.1861773,-21.416119,-18.340597,-32.81714,-6.6247034,-14.18568,-0.37858465,6.3268824,-28.04601
FADS148,a,9,ADS,92.31,175.48109241572263,-448.45514,159.49762,-6.3085737,36.85883,-60.988228,-14.280505,-8.795103,8.973602,-3.0593433,-16.734653,16.851501,-21.493732,-20.161152
FADS148,u,9,ADS,94.34,110.56037146568087,-678.2731,165.25499,90.97499,58.337173,14.177912,-10.002805,-13.660877,-18.418331,-17.81224,-19.715033,4.5544305,4.784074,-5.817127
FADS148,u,9,ADS,95.73,109.99999999999943,-518.2732,161.33673,45.815247,75.75062,-31.251495,-31.499222,-8.873677,-2.3587794,0.90173745,-0.7566117,8.473563,-18.450409,-11.101836
FADS148,a,9,ADS,96.44205379134094,118.75518557769738,-496.99875,189.28552,-1.7520597,48.489384,-50.039215,-49.1351,7.286784,-10.346256,0.5903455,-6.8935347,-4.168718,1.1316235,-14.415693
FADS150,i,18,ADS,5.694539565314717,117.01941393993742,-389.71707,123.50383,30.686497,117.502914,8.225128,1.9241543,11.76997,-8.816052,4.0359373,-37.647507,11.564949,-28.547424,-11.51013
FADS150,u,18,ADS,7.165643610585893,204.35638941410696,-496.23672,200.9519,57.77945,65.48412,-48.891426,-15.834223,23.839054,-10.970713,7.325246,-26.209064,2.0714853,-27.362526,2.7984948
FADS150,u,18,ADS,7.97,207.70924819234526,-424.0982,179.85641,92.10143,42.540527,-21.289553,-0.13339561,20.510181,-13.3427105,7.1037197,-13.933682,-9.316559,-10.235369,-32.384167
FADS150,u,18,ADS,8.51,349.99999999999966,-382.1931,169.94662,52.123055,45.337856,-40.063393,-15.062135,57.633247,-34.717506,0.8772137,-44.71206,-9.902943,-3.5581758,-15.808334
FADS150,i,18,ADS,9.37,109.64896132548141,-406.07843,150.11272,3.429905,128.35825,28.042345,-27.22673,-6.3480706,-19.685106,-3.8688664,-41.034508,11.488853,-8.132946,-22.654371
FADS150,u,18,ADS,16.24,120.000000000001,-482.8247,198.75137,90.88106,31.43235,-7.1952224,-15.436646,20.537466,-22.02277,8.429823,-23.81107,4.0699005,-8.003414,-5.193426
FADS150,u,18,ADS,18.99303488801284,114.52963917525949,-480.5381,200.82845,83.95595,61.456375,-21.802155,-5.2601423,11.267128,-8.176874,15.016884,-11.767706,-5.4328656,-16.753166,-44.18039
FADS150,a,18,ADS,30.62424802498901,124.07377577319778,-319.73337,201.81067,-41.21355,24.31419,-36.51587,10.750412,19.435112,2.7836556,16.062815,-7.2719016,27.497849,15.388786,-13.556852
FADS150,a,18,ADS,33.22166748375185,82.57752969520737,-295.79807,194.51611,-17.433136,22.383938,-43.37905,1.7976933,35.113293,0.66252565,17.146875,-13.805084,16.031132,-1.8063989,6.444056
FADS150,i,18,ADS,40.63152653658655,148.47346341345258,-315.897,130.91183,-6.8640966,123.01368,4.8137317,-1.9893153,-14.811813,-25.943588,1.8857512,-38.001335,1.0226917,-7.719127,-7.558432
FADS150,u,18,ADS,41.74027247450674,90.46181645002349,-384.18457,211.43692,-25.024101,56.50831,2.6188726,8.860531,27.685871,-36.492264,0.54431814,-28.589447,-3.109313,10.887625,-10.86199
FADS150,i,18,ADS,42.39039356650582,89.6318915284553,-353.04245,87.84589,14.962444,120.7639,28.559965,7.6261334,-6.886448,-15.779627,-5.9887114,-15.84293,-7.5043354,-10.616737,-11.3865185
FADS150,a,18,ADS,46.48,80.0000000000054,-342.42432,205.44144,-32.31504,4.308113,-22.122887,16.990341,16.896584,-15.602393,3.607576,-11.661736,34.9002,-1.3312392,-5.3012166
FADS150,a,18,ADS,48.73,160.0000000000037,-339.39554,166.18723,-43.921772,24.15527,-57.540512,40.616196,28.201473,18.587902,6.1569357,17.090145,24.944393,1.7668293,3.200581
FADS150,i,18,ADS,55.14640250308084,48.13564545046489,-350.05243,125.59801,-9.655599,132.167,19.084118,-15.421959,6.616616,-18.040073,11.29553,-50.211075,8.302427,-2.174926,-11.613913
FADS150,i,18,ADS,55.50524375980429,77.18301770506031,-370.11343,107.17644,36.02491,149.85767,33.256874,-7.2366424,28.628551,-7.4333334,9.390089,-31.954626,15.58886,-4.5587325,-14.513613
FADS150,a,18,ADS,55.89,109.99999999999943,-331.6578,214.20493,-26.278217,16.640778,-48.115154,12.310968,22.960318,-4.5812044,-5.663087,-20.595428,35.94031,4.77532,3.3294117
FADS150,i,18,ADS,62.22083080036874,119.1691996312656,-317.36963,114.82189,13.88661,155.96481,-0.9500536,-9.528806,17.885685,-22.414013,9.740127,-27.415539,2.6949415,-5.5683126,-25.94783
FADS150,i,18,ADS,63.45,119.99999999999744,-412.59473,97.03865,5.5808916,150.38684,7.9746375,2.768683,13.964891,-14.382587,11.96523,-31.048683,8.555553,-12.18737,-8.723379
FADS150,a,18,ADS,65.35,78.5255350739078,-303.9584,194.89508,-38.641792,33.057602,-41.66671,-4.9498844,49.36878,-17.13338,9.50346,-18.827232,26.101093,26.531994,-7.2167025
FADS150,i,18,ADS,67.1,45.594534401530495,-338.87842,206.14801,-17.701454,73.9362,12.477813,-5.8347754,3.782989,-37.612244,11.709901,-35.095627,11.385939,-4.630965,-12.736515
FADS150,u,18,ADS,70.21623263110689,120.3391136261871,-392.87308,197.94012,54.84559,44.14467,40.040745,25.87769,23.442255,14.722511,10.882915,8.993378,9.53061,10.166332,6.968742
FADS150,a,18,ADS,89.79241049417249,138.59746190048838,-318.8014,182.58217,25.732594,12.406343,-48.368393,19.187977,32.650814,15.710536,21.929707,16.694786,14.52887,-3.4774501,22.776283
FADS150,i,9,ADS,7.38,89.99999999999986,-443.87338,131.23732,47.077698,102.136,72.428505,-22.654255,7.6377525,-18.26927,-3.1635265,-28.587402,-11.194347,-0.2097885,-1.2258763
FADS150,u,9,ADS,9.65,199.9999999999993,-419.1357,226.2164,52.042694,37.040474,-24.366535,-23.846584,17.849058,-24.702673,5.661763,-34.159527,-25.86827,-15.345365,-28.473473
FADS150,u,9,ADS,10.12,183.49606774742,-422.96667,203.41364,68.47564,31.619854,-36.685555,-28.020523,24.46567,-29.23988,14.044143,-39.491302,-17.779205,-16.575489,-36.28721
FADS150,i,9,ADS,10.8,109.99999999999943,-378.09583,139.6156,36.134537,113.81804,22.30863,-35.5419,-1.1733139,-19.976711,1.2761121,-35.440994,-6.5644703,-0.8778927,-21.854607
FADS150,u,9,ADS,17.25,154.9140061723584,-406.2434,164.73508,68.323166,6.5737405,-25.728134,-41.156998,5.9290686,-52.535767,16.998259,-29.503672,0.6158279,-6.9137516,-41.41827
FADS150,u,9,ADS,26.57,109.99999999999943,-402.3696,184.24626,91.11258,80.490845,-25.237595,-6.27143,30.587576,-10.898728,19.33567,-10.100771,-6.6904526,3.3854918,-16.972485
FADS150,u,9,ADS,27.90418242318395,103.4730159989401,-604.0263,151.32248,17.762081,23.31691,8.37125,29.60625,41.79149,17.476479,9.54405,4.294133,19.108751,-6.656609,1.211883
FADS150,a,9,ADS,32.9,100.00000000000142,-315.51898,175.11528,5.643299,-5.1444488,-33.384853,18.891762,13.306192,1.6933649,17.418962,-18.96381,27.704065,5.9875803,-11.513889
FADS150,a,9,ADS,35.45,140.00000000000057,-324.208,187.65747,-4.861656,8.185063,-22.21838,10.045153,25.75113,9.115915,12.506853,-10.804006,19.232254,4.9535465,4.7508454
FADS150,i,9,ADS,42.33470751431697,120.94248623252923,-356.43414,86.98763,37.21637,131.90553,7.617702,-12.591805,16.183231,-12.891843,4.063375,-23.148075,-11.902876,-9.404343,-8.601683
FADS150,i,9,ADS,44.34965540970872,90.34459029128072,-531.903,125.18727,75.74475,122.0186,38.268005,0.13489246,22.553007,-30.817167,6.143109,-32.896507,-12.520184,9.1612835,-14.201298
FADS150,a,9,ADS,51.15,149.99999999999858,-380.97253,154.01053,-21.496561,28.698006,-34.768227,28.781555,26.429535,4.925986,15.59333,-1.783778,23.391264,-0.44622564,11.586233
FADS150,i,9,ADS,53.72051527334198,79.2845187524378,-433.02957,117.708534,63.262253,129.18849,5.8955917,-3.070732,4.5033026,-24.35342,3.7045279,-41.286922,-5.0456104,2.438344,-13.952156
FADS150,i,9,ADS,59.0,49.99999999999716,-457.14987,148.26622,54.54401,112.69351,28.638643,-11.632536,1.3171461,-15.463016,0.6429505,-27.864212,6.9403076,-5.098466,-7.5491443
FADS150,i,9,ADS,59.34862344290708,71.37655709291835,-486.2512,132.2591,55.10206,139.2963,40.98062,-21.414211,6.3507504,-18.59898,13.62409,-43.384254,3.4805043,5.229595,-19.87225
FADS150,a,9,ADS,59.68085756529123,141.09956727129003,-282.1126,195.90533,-6.6909666,14.872134,-52.84644,-10.01017,24.798557,-8.90541,9.455517,-13.094609,24.82075,26.238163,-1.011168
FADS150,i,9,ADS,65.43,89.9999999999892,-353.56824,128.97383,44.301147,113.959915,20.572575,-26.461245,18.61014,-18.930058,-13.7463875,-19.58775,-20.0805,2.9164495,-23.24302
FADS150,i,9,ADS,67.03,140.00000000000057,-399.45517,94.042175,58.66678,135.24655,23.615236,-6.7634144,10.74337,-18.144604,14.271134,-22.013786,-24.48227,10.661566,-23.58858
FADS150,a,9,ADS,68.5,79.9999999999983,-287.11682,194.58862,-25.635704,-0.51367384,-28.202572,-10.958429,28.897877,-10.109934,23.352787,0.59372735,13.433386,25.136341,-11.83306
FADS150,a,9,ADS,69.22,98.66216995570198,-298.79547,187.12398,-4.8831706,11.355128,-30.248186,-13.544689,38.91784,-3.1905973,25.558794,-23.03164,21.388594,12.5828905,4.147395
FADS150,i,9,ADS,71.28,58.871719794041155,-354.89243,197.80719,14.760917,58.65188,1.7503272,-19.053593,-11.394346,-36.90473,5.3222847,-40.047493,-10.215881,-5.5527472,-3.201501
FADS150,a,9,ADS,91.04246844090888,147.5315590911208,-313.61774,181.9338,-0.25965524,-6.514724,-41.32226,8.167548,11.919786,9.122904,10.851419,-0.7711575,13.128729,-0.41801083,7.0862136
FADS150,a,9,ADS,96.29937213141484,130.62786858516517,-301.82812,191.1235,1.4401556,25.82632,-46.8704,-0.7809168,23.958965,-7.9842997,17.210178,-7.4787726,11.94623,15.685222,12.456249
FADS151,i,12,ADS,6.299708821404768,66.00348898586094,-447.25555,117.39957,19.44846,106.76376,26.174587,-13.1936,-9.985025,-21.80156,7.054792,-14.066507,-16.411587,30.156837,-22.950645
FADS151,u,12,ADS,8.34,99.99999999999964,-602.33527,216.84982,70.633286,30.918732,-15.860549,-11.112574,-9.510808,-12.746193,12.638363,-10.423624,-18.399714,-7.4356976,-8.922236
FADS151,u,12,ADS,8.58985567604659,170.14432395341038,-555.04785,220.44028,79.945145,42.81054,-42.954437,-8.413235,-7.9233375,-33.18731,21.4493,-1.9098638,-7.3811035,0.31138197,-28.746235
FADS151,i,12,ADS,9.25,80.00000000000007,-380.12384,117.19155,-19.083977,121.63339,9.887324,-17.868153,-15.413542,-30.875748,-2.7470145,-23.573673,-17.874193,19.528332,-11.120415
FADS151,u,12,ADS,16.98,99.99999999999787,-492.07602,212.4408,40.715546,87.56627,-44.208637,-38.748726,18.672964,-53.649498,-5.910701,16.611217,-7.0513525,7.8128586,-12.29414
FADS151,u,12,ADS,20.85572511945075,76.27069838367007,-470.82956,199.8072,33.398903,67.25396,-43.00878,-13.626396,18.039354,-38.827614,-13.302395,2.8179445,-13.62117,-3.129084,-16.679031
FADS151,u,12,ADS,28.87693462264142,132.00697797172012,-456.01257,217.17593,23.565914,53.850456,-58.690704,-38.989006,22.407253,-30.144495,-6.6666718,5.6741853,-23.309877,9.632904,-6.5639267
FADS151,u,12,ADS,29.89,169.99999999999815,-630.26215,176.19843,79.263275,49.071644,21.296364,9.552656,-1.6114246,2.6833515,21.712635,13.0091715,1.503422,8.598412,-1.0987101
FADS151,a,12,ADS,36.63,99.99999999999432,-387.61508,225.83008,-35.08967,26.992672,-47.589302,-27.369753,40.95699,-26.056934,7.1624885,17.367916,-24.008888,15.650598,10.765589
FADS151,i,12,ADS,44.49672953369399,83.27046630601131,-409.44235,101.88336,-3.410991,120.160034,24.4259,-7.854244,1.9500501,-29.910643,-9.120374,-6.794491,-34.532875,19.275751,3.4190745
FADS151,i,12,ADS,47.25292643900561,107.0735609943867,-495.25336,123.270676,21.000048,124.094925,25.176056,-12.169304,12.298964,-30.024902,-4.11483,-19.453571,-36.212025,23.1759,-1.2525598
FADS151,a,12,ADS,51.03,109.99999999999943,-410.91263,196.83902,2.251552,7.467105,-22.092308,-2.5088468,7.5920157,-19.12703,-0.6379367,-1.8078568,5.3175774,30.700697,13.211222
FADS151,a,12,ADS,54.78,100.00000000000142,-435.197,201.91287,-1.7915188,31.057034,-35.82406,-9.460279,36.443047,-42.35756,18.884003,10.129318,-21.501133,29.795925,-10.965494
FADS151,i,12,ADS,57.10695539771951,99.73860557864356,-519.066,143.54144,33.399326,107.31694,19.273006,9.042149,-12.538176,-34.182053,3.9963958,-25.25465,-23.958698,11.197498,13.784281
FADS151,i,12,ADS,62.02,49.99999999999716,-403.466,121.14891,-7.3397818,101.08119,31.56071,-11.484815,-13.329535,-29.146202,-3.8885005,-14.086194,-18.246078,12.998729,-1.7072294
FADS151,i,12,ADS,62.3,50.00000000000426,-389.23087,110.34776,-16.149391,119.98427,24.98245,-11.907258,-6.8599625,-32.67231,-1.0184416,-12.6417265,-20.644314,14.658295,-3.3447855
FADS151,a,12,ADS,62.59,146.8443716113086,-339.73346,199.90585,-40.85432,34.13562,-45.68622,-7.700946,13.933624,-11.659567,-3.523728,-10.774345,-10.642354,31.625496,-5.5893126
FADS151,i,12,ADS,69.45546107330831,124.67325697329557,-425.90387,58.43924,31.630009,123.57373,5.019801,-8.27627,-1.1372716,-33.824207,14.95432,-10.181321,-18.157068,30.797573,-15.513225
FADS151,i,12,ADS,71.2,99.99999999999432,-533.71576,116.26882,46.50888,120.49144,17.497086,0.8730062,5.067401,-15.0029335,1.1656637,-23.84174,-29.713749,27.89798,-15.529354
FADS151,a,12,ADS,72.76,63.898355659674166,-363.441,196.31317,-9.441907,46.53694,-61.585983,-28.098972,26.162613,-39.13285,10.000302,2.0887132,-27.8978,19.962936,-5.5667605
FADS151,a,12,ADS,73.9,89.9999999999892,-387.85648,209.56598,12.297312,42.416397,-87.1873,-4.5686154,24.541636,-38.433136,12.29373,3.3023267,-9.069165,15.57214,6.8511467
FADS151,i,12,ADS,76.31,51.322475562443515,-363.1333,168.75424,-50.43683,94.54022,1.1232295,-19.585941,-8.002357,-49.385662,-20.217148,-1.437766,-30.365078,16.57543,-16.886772
FADS151,u,12,ADS,79.9,119.99999999999034,-452.57224,220.78572,12.772398,52.34046,-35.53057,-10.576974,14.4679575,-19.617332,-4.2967024,-5.1035852,-8.666567,9.697679,-9.802673
FADS151,u,12,ADS,91.08,100.00000000000853,-517.2477,204.61299,49.441856,88.15101,-55.94062,-30.695934,15.696081,-48.451653,-1.3333368,19.460701,-24.50886,-16.81802,-27.026112
FADS151,a,12,ADS,99.68,149.99999999999147,-435.4822,171.13821,12.672317,46.71434,-45.723907,9.315817,22.360672,-21.102783,-3.45574,15.668761,-14.004501,17.321686,15.206932
FADS151,u,12,ADS,101.85,90.00000000000341,-562.4409,143.65718,65.13852,67.06197,-4.647312,-11.508232,-28.133703,-4.1485496,26.484428,7.388926,-19.294476,2.6089792,-16.324127
FADS151,a,12,ADS,104.5,94.2306005133986,-337.9515,200.46283,-32.142952,61.59007,-74.72907,-23.914747,23.17175,-32.388332,-1.9406621,9.21151,-21.025644,15.846138,8.739165
FADS151,i,15,ADS,5.200314684373165,124.71042046450887,-503.11618,101.028015,12.481716,132.52402,9.368645,-6.698807,11.997417,-36.82318,-19.250511,-28.523546,-7.550244,21.005304,-18.28578
FADS151,u,15,ADS,6.55,150.00000000000034,-599.25854,181.94342,71.15788,61.260704,-39.04368,-31.71239,0.8022188,-28.239311,-8.98102,0.19009753,-7.996763,-7.6305065,-18.302013
FADS151,u,15,ADS,7.5,99.99999999999964,-567.393,209.92967,70.609344,50.23561,-35.3192,-22.257751,10.084361,-14.742266,-2.4097872,-6.781541,-11.652459,-4.7568917,-21.662437
FADS151,u,15,ADS,7.74,189.9999999999995,-604.8425,183.4457,67.11388,66.2979,-31.006712,-38.358673,0.74272186,-34.96559,-13.897642,-4.7510786,-4.0566807,12.298651,-13.931502
FADS151,u,15,ADS,15.02859998397718,126.03712706518877,-638.08624,126.80345,90.93442,63.274273,-0.31807148,-12.219593,-15.316314,-13.87999,0.7727592,1.468201,3.4508135,-3.0076363,-1.6968405
FADS151,u,15,ADS,19.56,70.00000000000028,-457.82272,202.96594,3.273851,49.39065,-41.030624,-10.917107,23.813498,-30.69717,-10.657566,-18.101475,-17.858727,8.616561,-7.9171376
FADS151,u,15,ADS,27.31,120.000000000001,-524.8172,189.10646,63.89483,75.021355,-66.99247,-33.26999,29.416943,-46.9308,1.3007342,13.2894125,-11.477556,-8.865037,-39.04167
FADS151,u,15,ADS,28.33,170.0000000000017,-694.8956,153.80272,92.600586,47.82878,-17.211063,-12.216557,2.5317435,-1.1601043,10.57428,-9.49222,-5.3352847,-8.555118,-22.836033
FADS151,i,15,ADS,44.33171456299819,88.28543700181513,-525.5963,91.1846,42.902084,113.383865,6.3484077,2.4821265,2.7215843,-27.881744,-25.71383,-12.693437,-10.541056,-0.56391776,-22.321959
FADS151,a,15,ADS,50.98,100.00000000000142,-402.56815,192.66837,-19.575823,22.236164,-60.88285,-5.671997,34.04236,-35.85393,-1.0967708,-3.1972933,7.8101993,10.314317,-10.238766
FADS151,a,15,ADS,52.47465216040037,105.34783959963079,-464.9505,209.09784,35.249767,-3.574419,-57.85501,-8.448328,22.447283,-35.963608,31.147047,5.7775345,-37.982048,20.966366,-11.293716
FADS151,i,15,ADS,61.28013461312577,49.86538687423092,-415.20917,97.16096,26.043978,109.5688,14.3268795,-31.599504,22.53671,-59.8464,-6.3740025,6.9632387,-10.824217,-2.522704,-16.145447
FADS151,i,15,ADS,61.6175925100896,82.40748991040192,-474.37866,72.68672,55.61882,118.57407,14.426598,-34.048733,21.071274,-49.15143,-8.138433,-12.50795,-3.373056,5.676842,-19.91148
FADS151,a,15,ADS,61.92,134.34254859846106,-382.2226,159.20525,-6.8554344,2.2139304,-46.75551,-25.597221,40.447174,-20.188301,-0.77073836,-3.701077,0.5386926,10.042095,-14.590227
FADS151,i,15,ADS,68.78811575475078,98.1762884507873,-500.33914,101.29043,34.101166,128.65237,0.6162679,-13.998339,13.676719,-29.605667,-19.76106,-6.814829,-31.252811,23.242348,-28.562637
FADS151,i,15,ADS,70.64235054556461,90.21604884665635,-475.8542,95.54073,33.358967,127.00614,2.0353596,-9.426922,22.323189,-40.477287,-23.630806,-4.59414,-13.587538,29.13653,-33.819794
FADS151,a,15,ADS,72.25,86.11542325739663,-418.1446,188.83722,0.2043742,38.492744,-94.41992,-24.489445,33.005775,-37.206455,5.9617233,21.590923,-20.865784,9.296503,-23.750063
FADS151,a,15,ADS,73.19,83.65753855899527,-423.08377,202.47519,16.724045,25.76701,-84.07866,-22.797394,37.515587,-28.822466,-9.7438755,22.45736,-25.028076,19.56112,-21.11131
FADS151,i,15,ADS,75.32,40.00000000000625,-437.12112,151.42487,11.159307,94.3274,-9.454846,-26.743286,-7.9381285,-54.079765,-5.3304825,13.65557,-8.231426,-2.1029038,-19.581036
FADS151,u,15,ADS,78.64250460717058,91.54275544734958,-545.0294,173.38742,59.80771,43.58549,-51.57533,-17.497782,29.960281,-37.278595,-20.654125,8.12166,-0.1735914,-9.715007,-7.705244
FADS151,u,15,ADS,89.45,99.99999999999432,-542.3841,186.94534,50.78572,57.772106,-44.72376,-20.491722,-6.0594635,-35.70739,19.535374,2.4423609,-6.5013204,8.577118,-19.138084
FADS151,a,15,ADS,97.52,125.57121488056566,-486.96576,182.75052,26.21505,42.920204,-79.775085,-15.77517,38.49234,-36.85358,-0.60512424,16.657042,-18.197376,11.211576,-9.968199
FADS151,u,15,ADS,99.24,130.69375841492104,-639.41876,176.21281,65.03316,58.412743,9.324931,-28.681385,-17.037477,-3.0626044,9.7075405,2.29036,-10.28833,-7.614456,-14.529831
FADS151,a,15,ADS,101.92,99.99999999999432,-455.95145,204.8104,8.455235,25.628902,-64.02945,-11.872869,21.288612,-34.8947,-8.104036,-0.8808592,-7.1513615,5.744463,2.9896035
FADS151,i,9,ADS,7.4,80.00000000000007,-481.60925,112.11585,25.309933,81.22201,11.165799,12.715828,9.25412,-31.614864,7.6314125,-27.196217,-32.692654,10.201848,-23.380486
FADS151,u,9,ADS,8.47,139.9999999999988,-617.93024,155.59604,77.208725,33.662537,-6.7910075,2.189006,-18.877323,-33.44512,-10.376808,-12.910481,-0.7502565,-6.7360373,-12.201431
FADS151,u,9,ADS,9.216710518226524,83.28948177347684,-539.05475,181.38867,69.18541,16.715816,-22.81363,8.837727,10.2858515,-18.038456,-5.3653617,-23.018456,0.5237254,0.8245698,-23.264637
FADS151,u,9,ADS,9.5,160.00000000000014,-450.72464,161.93243,18.237324,28.448174,-0.7913437,-24.421154,-13.794774,-27.783867,10.960268,-12.081046,6.745552,-4.5711837,-18.317621
FADS151,i,9,ADS,10.27,80.00000000000007,-447.37872,94.24414,-1.3487073,109.86066,5.7684116,-15.385393,22.933737,-27.31138,-4.133163,-27.068302,-27.691498,11.414585,-15.471438
FADS151,u,9,ADS,17.60664008714069,112.83468830464116,-530.5459,159.41385,62.275215,56.59625,-21.280064,-6.54967,-11.111863,-40.675373,4.5878787,7.7057385,-11.690567,-6.246187,-15.295675
FADS151,u,9,ADS,20.83118064901191,98.8193509880908,-443.26187,170.55432,51.47624,28.584248,-28.731888,-9.570205,13.997194,-17.699848,-20.509151,-8.434267,0.13368797,-19.337431,-16.570816
FADS151,u,9,ADS,28.85,109.99999999999943,-518.82043,194.01973,66.58815,43.63259,-52.300274,-15.666586,36.8456,-23.021755,-22.095074,0.3095445,-21.573593,-4.6782894,-10.284847
FADS151,u,9,ADS,29.78,160.00000000000014,-640.7486,169.90265,77.59506,32.714848,-21.282742,3.2725968,-4.9667654,-23.25986,-4.306492,-26.0983,-5.384677,-12.104126,-16.511393
FADS151,a,9,ADS,35.65,109.99999999999943,-402.3721,208.17017,-3.7806017,-1.945516,-67.22775,1.178144,35.42177,-23.091423,18.365211,0.20755863,-19.00433,13.023739,6.3310823
FADS151,i,9,ADS,42.32246558571104,87.53441428895314,-446.29297,93.76851,20.125025,106.769806,9.422083,-0.030681819,20.184551,-42.277763,-4.1949167,-23.571869,-29.999815,5.5362225,-12.979738
FADS151,i,9,ADS,45.06,99.99999999999432,-449.9624,98.73456,1.7740229,117.82884,30.13164,-17.335379,35.3086,-38.226067,-4.6676064,-9.434676,-30.147038,12.799448,-16.337452
FADS151,i,9,ADS,59.73122722675655,68.77277324344533,-417.97806,119.360466,-17.457298,97.86806,29.649559,-17.767868,15.95525,-24.578995,-31.3495,-8.591977,-38.693775,-0.027420282,-16.328346
FADS151,a,9,ADS,60.0,79.9999999999983,-401.83414,208.33792,-34.4613,8.0903,-25.296116,-4.921939,28.39362,-8.491626,-22.34565,-11.565794,2.7125173,10.573475,2.7903347
FADS151,i,9,ADS,66.21107939530411,130.10530386146968,-502.06204,90.98813,72.68195,65.530075,29.581493,11.8503895,-7.868086,-9.677723,-10.5686035,-12.687888,-3.543536,19.081547,-29.056284
FADS151,i,9,ADS,68.09,99.99999999999432,-423.9536,93.982086,13.331177,91.82001,12.889404,-11.895271,13.450794,-39.2819,-11.328997,-26.901545,-36.758446,-1.8860811,-16.749414
FADS151,a,9,ADS,69.38,72.96018199673426,-442.22006,175.2998,44.541077,13.263059,-77.58812,-5.106746,14.116939,-18.018585,-1.562752,-8.131645,-27.012154,-0.70756054,-2.119719
FADS151,a,9,ADS,70.49660391251086,69.08246222732828,-400.79813,213.10416,32.468243,-0.8571526,-87.9919,0.7990079,29.67953,-29.353065,-0.24688017,3.465888,-17.214642,0.71009314,9.762503
FADS151,i,9,ADS,72.62,43.2609528208161,-365.94257,132.12599,-16.669804,67.81676,16.899952,-31.17397,13.799601,-33.83961,-11.2035675,-11.502111,-29.24658,-1.3469605,-10.00619
FADS151,u,9,ADS,85.98,179.9999999999926,-594.5714,157.7443,67.57269,49.60424,-1.6469023,-4.2402887,5.7492237,-13.1736355,-9.733688,-15.803236,-4.858095,-5.934596,-7.5808163
FADS151,a,9,ADS,94.01,109.99999999999943,-395.75684,198.67717,9.720591,2.9607422,-82.00978,3.7780056,28.141193,-18.392097,5.102787,-1.8841072,-17.760046,4.828821,14.243481
FADS151,a,9,ADS,97.82,100.00000000000853,-419.78134,190.51253,13.335337,29.711956,-84.1142,-6.1140976,28.50682,-22.327435,-3.1768627,8.267599,-13.783579,-14.107793,10.778061
FADS152,i,12,ADS,7.044120595629583,115.87940437041678,-401.6351,77.75276,-13.122656,102.37928,0.69458365,-41.743748,-0.72926366,-25.39899,-26.559116,-25.881441,-17.217257,-8.552927,-14.081242
FADS152,u,12,ADS,9.13,139.9999999999988,-687.59143,148.97739,59.602844,26.70287,-4.8538327,-4.9654007,-10.458494,-6.230839,7.34147,5.4040585,8.709517,-6.3048134,-13.642746
FADS152,u,12,ADS,10.22091328079574,119.08671920425995,-538.6953,200.28409,37.731934,17.048079,-47.602913,-25.504383,9.42984,-38.79528,-7.226999,-3.0780716,-20.409521,-6.2460165,-6.440666
FADS152,u,12,ADS,10.48183456314159,178.1654368584107,-530.6146,192.27866,50.504494,35.1372,-38.976143,6.069023,19.6458,-21.680817,-0.19249964,-12.807903,-23.73716,-0.82185036,-13.305
FADS152,i,12,ADS,11.45,100.00000000000142,-474.70462,118.29646,4.839694,79.51341,12.516535,-46.102013,7.1594563,-23.918285,-33.264145,-19.172188,-8.699776,-22.830532,-18.988338
FADS152,u,12,ADS,21.03,135.05034360646917,-644.2755,159.22215,83.0592,49.703083,-16.529362,-13.482721,-15.420718,-24.805943,-5.4190526,-8.780058,-21.837269,-17.005743,-12.190388
FADS152,u,12,ADS,26.05,109.99999999999943,-532.5285,161.40479,63.636086,18.013725,-32.859726,-31.999512,14.099726,-10.159571,-21.282434,-12.573544,-18.861727,-0.9689667,-25.857395
FADS152,u,12,ADS,36.49,119.99999999999744,-568.2928,174.12329,37.648563,24.618269,-37.250122,-32.161747,14.380914,-24.715286,-8.274208,-17.121624,-14.750931,-11.541912,-11.591467
FADS152,u,12,ADS,37.51,120.00000000000455,-659.6626,174.2225,78.250885,21.46162,-11.812637,-2.3600059,2.4222217,-8.475019,-10.904014,-18.430813,-9.167841,1.0829914,-5.0878267
FADS152,a,12,ADS,45.4,100.00000000000142,-329.6053,155.66037,-34.30085,2.4640176,-82.66017,-9.019554,7.7499228,-21.269327,-9.815425,-3.586298,-26.267353,-1.1220379,-1.8147743
FADS152,i,12,ADS,53.75299992542444,117.00007457555728,-505.4001,90.70412,18.023382,106.1803,-1.4863858,-32.381557,7.4846773,-30.920868,-15.011667,-25.428663,-27.932552,0.35517406,-24.546856
FADS152,i,12,ADS,57.15,120.00000000000455,-514.10315,90.034966,34.397224,110.2393,14.999174,-34.307896,16.678257,-29.658318,-18.859314,-32.601418,-25.79351,-3.7510004,-17.170723
FADS152,a,12,ADS,61.79,120.26341712650179,-418.2271,160.4394,-20.950703,6.3072557,-72.93392,-1.6069548,19.98944,-10.211043,-8.922783,3.639157,-3.6146164,7.1429577,13.224951
FADS152,a,12,ADS,63.5,140.00000000000057,-382.77484,181.512,-32.518196,-14.299992,-74.9603,11.015579,5.862829,-26.073597,7.8048053,-22.615967,-10.6035595,-0.2830274,7.399314
FADS152,a,12,ADS,65.2,109.99999999999943,-416.22473,188.7892,-21.750725,-8.188911,-67.81313,8.02674,12.775411,-33.551346,6.7777786,-24.951889,-18.739323,12.050644,-1.8572297
FADS152,i,12,ADS,68.26113453397939,75.64648337935864,-501.77698,98.1805,22.5304,107.791916,16.98655,-20.845139,3.9933157,-13.806126,-32.437496,-19.72256,-25.457172,-13.154994,-18.580086
FADS152,i,12,ADS,73.52,109.99999999999943,-444.4673,59.159607,25.75227,69.964874,13.694918,-18.622477,5.1687193,-22.476786,-18.433037,-15.118224,-27.008764,-6.346427,-8.077365
FADS152,i,12,ADS,73.90891865992994,71.08134007006583,-479.46613,120.18318,8.007881,72.164825,17.929955,-20.423897,-3.6566167,-18.914276,-22.00401,-25.050568,-21.032349,-18.760553,-2.941248
FADS152,a,12,ADS,74.2,122.16889522009922,-404.57568,178.20586,-9.326233,-17.275543,-80.17608,-14.890144,2.9751258,-23.4977,-21.256144,-11.863853,-2.313919,-11.612084,-0.23040867
FADS152,i,12,ADS,82.69646373190086,86.9129809039606,-408.6083,36.87475,17.902184,96.51915,6.5799,-28.818737,19.924997,-19.285767,-24.340609,-9.3867855,-27.14604,-19.910034,-5.87984
FADS152,i,12,ADS,85.05,108.74961481520984,-444.34445,78.22753,9.542865,116.78437,18.260303,-27.10656,21.107437,-30.346664,-30.169695,-24.28056,-17.2079,-17.880089,-6.663305
FADS152,a,12,ADS,87.03,88.98264879837825,-384.4225,165.49046,-37.3207,-7.8712225,-65.95352,-3.0094786,4.0277224,-44.96501,-2.134242,1.1261228,2.9584067,-9.9331045,-2.6791134
FADS152,a,12,ADS,88.42,79.9999999999983,-335.22372,171.75073,-66.28455,-8.87846,-64.349846,9.794531,0.50313354,-26.763586,-9.491161,-0.71803826,3.1607413,-13.834258,5.3318706
FADS152,i,12,ADS,90.99,48.34396293163934,-429.08984,124.62377,-6.5659776,72.20063,-1.7829894,-46.947464,-10.4909935,-8.679157,-17.109688,-46.98944,-21.147131,-2.5078492,-25.442904
FADS152,u,12,ADS,94.69,109.99999999999943,-577.34845,165.11673,57.574947,33.666298,-26.818708,-28.319843,10.064613,-21.453445,-18.539528,-23.753708,-17.637863,-13.899131,-11.963533
FADS152,u,12,ADS,106.63,100.00000000000853,-625.2181,189.09901,66.43695,31.43476,-12.543611,-8.03988,-2.0254033,-24.444798,-1.8543901,-4.0205936,-28.217098,-17.201775,-18.415426
FADS152,a,12,ADS,116.83,109.99999999999943,-468.07498,172.64114,-3.908012,8.738502,-76.43495,4.708557,26.931803,-17.043549,1.5409249,-9.839003,-18.177143,9.272589,14.021237
FADS152,u,12,ADS,119.21,133.56323708561035,-585.3438,197.86588,65.420105,17.37262,-28.360062,-50.357777,-4.465694,-23.60158,-16.527252,-5.57732,-10.2993145,-13.213538,-17.450085
FADS152,a,12,ADS,121.47,113.23342298760508,-478.23282,196.7384,18.48199,-20.232437,-73.43881,24.858082,8.935904,-0.8024522,-5.9982285,0.4523321,-9.518679,6.288,21.630066
FADS152,i,15,ADS,6.37,89.99999999999986,-392.5936,95.68877,-13.23221,85.799866,26.370901,-47.140793,-18.317068,-13.095243,-33.44129,-21.788464,-10.329005,-8.133771,-7.766078
FADS152,u,15,ADS,7.95,169.99999999999903,-642.5398,199.35269,81.56944,48.835876,-3.8190293,-22.42408,-5.8905983,-7.076003,-11.072979,3.7905393,-5.115723,-10.936891,-15.085632
FADS152,u,15,ADS,9.08,169.99999999999994,-552.58075,182.06519,75.31755,13.962399,-10.933091,-15.813892,-8.585148,-21.280783,-22.408625,-13.773281,-16.52617,-12.119406,-37.58806
FADS152,u,15,ADS,9.424620494820868,235.3795051791323,-564.20355,138.79485,63.722183,28.155083,-39.89073,-10.135248,-1.8495095,-20.87821,-10.091706,-23.061678,1.4722782,-7.906255,-11.830036
FADS152,i,15,ADS,10.21,109.99999999999943,-481.52158,101.248505,24.321762,103.5879,30.70139,-24.446566,-22.854832,4.0722857,-38.644867,-31.42028,-11.652941,-20.743938,8.134482
FADS152,u,15,ADS,18.17288377766016,166.11709217214,-587.84534,68.93357,28.452724,70.0316,0.84336627,-13.011791,-5.5304346,14.806674,25.753155,13.746344,-4.726557,-10.117335,-6.0501432
FADS152,u,15,ADS,21.7304240580882,112.53093340694065,-530.53845,169.50598,68.50581,17.656502,-30.327503,-38.13116,3.1593237,-6.809493,-29.615799,-11.712971,-9.161356,3.7803273,-40.084595
FADS152,u,15,ADS,30.88,109.99999999999943,-572.43945,203.20935,75.227036,9.226849,-37.388393,-31.211956,4.8515706,-5.4298353,-3.9803643,9.359826,14.887835,-2.0862806,-24.797207
FADS152,u,15,ADS,32.0,149.99999999999858,-672.732,186.00389,94.75484,33.004257,-6.81468,-17.823677,-10.629814,5.839179,12.843372,-8.586855,-2.69838,-6.215101,-16.854109
FADS152,a,15,ADS,36.90441121294231,116.10334399126998,-452.69394,194.97974,-3.533433,-2.0077891,-58.561707,3.4679825,8.446972,-0.64787984,-10.391787,-5.6899395,-0.81164587,-7.389082,5.7740526
FADS152,a,15,ADS,39.8307113863588,137.53780749736677,-371.68637,178.65604,-38.061478,-12.103836,-64.25058,-14.290163,6.200327,-6.673935,-23.690327,-7.16651,-4.294776,-8.176997,3.4239018
FADS152,i,15,ADS,47.90661635852291,103.5999069460729,-479.01703,97.638084,6.7960033,116.72812,34.452568,-26.850727,-5.2414913,-14.302145,-21.006308,-16.689024,-17.174099,0.2829057,-8.66977
FADS152,i,15,ADS,50.89629739192112,103.70260807888343,-439.23535,30.935562,3.208768,72.70119,24.895582,1.8027337,-9.028257,-26.465755,-25.06782,-31.386007,-13.70142,-16.295517,-7.382711
FADS152,a,15,ADS,55.31,118.38401489517025,-440.85846,198.04561,-34.340202,4.151,-64.157394,-21.254234,25.049479,-23.91096,-0.9201921,-11.139343,-3.9917326,-1.3410809,6.1313353
FADS152,a,15,ADS,56.63,109.99999999999943,-561.9881,207.30322,17.287115,-24.11867,-35.330025,-3.625758,7.752058,14.500175,1.0290097,-3.084987,8.394146,13.960338,16.337578
FADS152,a,15,ADS,57.88059466506771,132.17919162083547,-464.8264,208.70953,-29.800331,-1.8347154,-53.670372,-4.9831953,7.05447,-5.284459,-1.2973382,-15.552689,-1.0618832,-5.383136,-2.2748322
FADS152,i,15,ADS,60.98,121.19292836830198,-534.1984,90.85657,8.295931,109.51213,42.7129,-2.1653306,5.283278,-9.23984,-15.7060375,-31.514744,-29.557266,-5.586088,-16.906515
FADS152,i,15,ADS,66.75574948753892,84.2505124610824,-433.48108,75.95776,21.950073,81.7453,8.092615,-1.9925239,-22.278704,-12.628273,-16.30753,-25.733448,-27.487164,-6.0269547,-2.741713
FADS152,i,15,ADS,67.24455443644484,75.44556355514942,-493.22354,109.414825,26.399338,87.615295,17.032484,-23.271074,-17.69407,-4.5847907,-33.876625,-38.485344,-8.292576,9.130149,-8.958326
FADS152,a,15,ADS,67.54,113.59544835259783,-408.01596,190.67374,-7.180247,-20.496094,-64.27486,-9.820309,-10.565693,-8.5104685,-30.444395,-2.6751792,0.6953726,-10.981803,11.850901
FADS152,i,15,ADS,74.42,159.9999999999966,-421.27853,65.55191,21.393068,108.75383,10.525794,-14.683649,-4.9338083,-10.225693,-36.264908,-11.019609,-14.112313,4.991412,-2.9178615
FADS152,i,15,ADS,76.85,94.7111041316333,-400.12527,84.62523,3.6208212,101.960785,17.53889,-20.782642,-0.43885493,-12.897177,-26.636791,-18.940527,-20.916216,-9.909689,-7.551918
FADS152,a,15,ADS,78.98810574216525,111.8942578347486,-356.0266,177.4852,-32.15566,-17.880562,-62.991745,12.920445,-6.8681564,-6.4426622,-25.92191,2.324513,8.856637,-12.6208515,2.6062365
FADS152,a,15,ADS,80.19,94.08596530857949,-320.5187,172.39108,-51.720284,-4.6769133,-58.575783,4.7259254,-7.2669096,-15.042114,-28.194798,9.723275,0.09381193,-11.480268,-4.1236167
FADS152,u,15,ADS,82.62827273130162,148.25503925041517,-407.54694,202.3033,10.036737,-2.2669923,-67.77847,-44.482914,-8.024433,20.379444,-44.43399,-3.1584873,-32.764374,-2.3902903,-0.19564986
FADS152,i,15,ADS,83.023024100872,60.730979933893536,-396.84662,135.33058,-22.369713,76.458145,11.0212,-45.33737,-33.29132,-20.49616,-22.394945,-34.89956,-32.046383,-19.355768,-6.4438777
FADS152,u,15,ADS,87.31146505712978,142.89642337388386,-630.1412,197.65555,96.02101,28.764961,-5.810726,-9.232343,-1.7265983,-18.26604,-9.91794,-2.2138226,-6.6598263,-7.7676463,-16.16251
FADS152,u,15,ADS,98.19,109.99999999999943,-576.3222,157.33588,83.09741,11.266406,-2.097631,-19.827015,-3.2790174,-14.754717,3.4662929,1.3347013,-4.087255,-12.828729,2.8109212
FADS152,a,15,ADS,108.15,119.99999999999034,-564.4793,198.68134,30.198034,-12.430948,-48.617474,-9.227171,17.158344,13.724405,-8.604953,7.877098,-7.240139,0.6049155,15.837839
FADS152,u,15,ADS,110.32,144.54727893411246,-634.8069,226.71216,95.040405,20.103027,-18.88879,-31.886179,-8.678314,-10.378853,-7.026561,-4.191728,-13.951384,-22.259293,-28.523102
FADS152,a,15,ADS,112.87,124.81873280660238,-440.86795,199.23563,17.611614,-3.8944488,-89.392166,-4.1363945,6.41776,-11.179249,-19.94421,4.1810784,-4.396124,-2.6310406,17.038769
FADS152,i,18,ADS,5.833554740026811,109.5500896458983,-415.6359,74.64584,-1.7957933,106.13559,13.807117,-28.806435,-16.667452,-20.75869,-34.009193,-6.9940715,-14.072557,-9.309758,-1.0303543
FADS152,u,18,ADS,7.54,169.99999999999994,-651.98267,180.84549,89.55739,38.066826,-11.061788,-12.153255,-4.034155,-20.444014,-13.162125,-4.712592,3.0811934,1.7351595,-5.031006
FADS152,u,18,ADS,8.782260057149175,107.73994285082544,-543.72437,219.04593,40.984554,9.171386,-28.02081,-24.787247,-3.368914,-31.062164,-17.92338,-2.0468454,-6.4605446,-7.1663103,-10.759983
FADS152,u,18,ADS,9.091005995069391,258.9940049306083,-564.9808,193.05957,86.568344,36.473526,-28.316936,-30.048275,-13.179946,-19.955002,7.4405355,13.750425,-7.20817,-11.31442,-16.12738
FADS152,i,18,ADS,10.40909751792911,97.93114074405906,-421.3821,112.97294,10.835646,69.10614,11.585389,-37.696953,-21.732368,-11.391027,-25.60222,-30.014055,-3.8838115,-13.128758,-13.0316925
FADS152,u,18,ADS,19.43074532160469,59.25467839530896,-634.78436,180.33157,66.62187,32.489075,-11.948476,-29.20343,-10.589611,-8.087999,3.6947083,14.111429,-9.180147,-8.499498,-15.075101
FADS152,u,18,ADS,24.62630946044387,74.6932429403806,-567.5366,173.53369,89.76225,22.97715,-22.41571,-21.280548,-2.8379567,-28.928802,-5.1411586,-8.35,-17.896343,-14.834557,-8.395699
FADS152,u,18,ADS,33.90368577711797,79.67279246973646,-576.6137,215.58075,54.634216,32.7669,-16.43174,-19.997187,-4.306814,-16.741455,-8.637081,3.2117984,-16.67993,-10.385159,-21.979229
FADS152,u,18,ADS,34.87518041237117,154.81958762882897,-712.2363,146.5851,67.539536,34.54917,6.107664,-9.631832,-3.7394102,-6.950834,9.176739,-1.4386983,-0.27686417,5.1999598,-3.1944623
FADS152,a,18,ADS,43.86,130.00000000000256,-346.63574,195.54596,-51.00763,4.59555,-71.75041,-20.859661,20.82794,-43.70128,-9.158995,-2.283413,-31.502981,16.941036,-6.7613287
FADS152,i,18,ADS,53.17795937651611,92.04062348389641,-399.699,137.43127,-12.567945,55.154396,12.671697,-39.858955,-27.78048,-20.33414,-4.801656,-7.320496,-7.6941447,7.625942,-3.122027
FADS152,i,18,ADS,56.8947640751926,80.36173327968044,-504.70605,105.79372,29.448494,112.7535,30.108902,-29.149162,-7.473792,-20.489021,-25.437916,-33.686802,-18.220549,-2.7675126,-21.712317
FADS152,a,18,ADS,61.80967337642627,108.52976350142995,-478.21057,184.75621,-24.077164,9.43415,-46.06945,-3.657588,11.338697,-16.096962,-5.9777875,-7.7079654,0.6003529,2.0360222,-11.128049
FADS152,a,18,ADS,63.52,119.8335382645297,-477.49133,191.41885,-34.75756,6.665476,-62.58619,8.78181,23.150045,-16.596138,17.332682,-3.0622602,-7.6747828,5.570876,7.6148024
FADS152,a,18,ADS,64.92,140.00000000000057,-411.6577,196.92282,-25.21568,7.585451,-74.07284,4.728654,11.670404,-40.93293,4.134121,-10.356642,-4.856668,1.363307,-1.2116771
FADS152,i,18,ADS,67.8409407561649,41.423573855510654,-436.93716,136.92953,-16.99403,46.131058,26.678726,-36.485588,-25.031292,-15.450945,-12.973246,-1.1498082,-28.723751,-2.378395,-5.1196938
FADS152,i,18,ADS,73.13,60.000000000002274,-391.84418,84.66194,-5.8881383,108.897,16.493952,-28.11905,-8.76133,-28.448423,-29.483738,-24.038023,-26.298206,-9.367446,-8.295051
FADS152,i,18,ADS,73.44967181169037,62.135360783273086,-462.20477,133.54248,2.0712283,92.99939,17.283436,-30.85343,-22.680077,-10.572203,-11.612706,-35.587273,-22.74968,-0.42019707,-13.888855
FADS152,a,18,ADS,73.73161303352512,102.73046316166301,-383.19257,177.91618,-31.951096,-10.513638,-58.849846,-10.066398,5.103009,-21.771278,-18.626503,-10.764153,-4.1955957,-5.605257,-3.053834
FADS152,i,18,ADS,82.41,150.00000000000568,-432.54944,68.84957,23.073473,111.643555,14.32221,-23.418556,-6.3773127,-19.087807,-39.655552,-19.261337,-14.845264,-12.017014,3.6298494
FADS152,i,18,ADS,84.69690273309537,83.09726690463037,-440.92233,76.352615,8.985819,113.538666,33.187717,-15.391287,10.543362,-14.163918,-36.74706,-20.8659,-21.800402,-20.657429,-15.668477
FADS152,a,18,ADS,87.35,80.0000000000125,-385.90344,176.50667,-50.30544,-0.970574,-60.33899,16.227474,7.4442706,-25.180172,-2.9595675,1.758271,12.16,-10.567286,3.7413023
FADS152,a,18,ADS,88.87,79.32706696496439,-325.8963,172.11832,-59.778183,-3.5092983,-67.71718,14.557806,-7.8060226,-18.775602,-17.621426,19.275475,-10.740149,6.30748,2.6841502
FADS152,i,18,ADS,91.8,40.00000000000625,-367.9385,141.5011,-48.742798,70.97531,-1.7552135,-31.215694,-15.88817,-38.06388,-8.493448,-17.790213,-39.91881,-8.310522,-12.6500435
FADS152,u,18,ADS,96.88881178565188,95.44136597938291,-575.5341,151.9714,87.94771,37.18445,-7.6653132,-7.3141522,5.6185756,-22.37339,-6.002287,3.5496078,-5.4653387,-16.163372,-13.768617
FADS152,u,18,ADS,107.9776339225854,111.20993948900093,-511.88574,215.69797,39.150475,12.515108,-67.178024,-33.980873,18.454111,-14.285527,-10.4214115,18.04705,-35.74073,5.588677,-5.549398
FADS152,a,18,ADS,118.802828202056,111.20993948900093,-500.15753,194.53163,1.8984662,1.1023892,-69.15701,-12.415541,19.754814,-19.459774,-0.92265725,11.213421,-16.787739,9.414185,0.8795864
FADS152,u,18,ADS,121.44,109.99999999999943,-590.4515,219.95288,71.28743,37.17682,-17.492704,-25.59021,-1.2744064,-19.675419,-6.211752,11.372143,-11.659965,-18.365074,-31.621513
FADS152,a,18,ADS,123.4687078524368,87.9720416853047,-445.79578,193.69371,2.7556858,15.173804,-65.42442,12.6324005,0.46739018,-23.267841,-4.7126226,0.27227843,2.5315287,-7.5867352,6.0125794
FADS152,i,9,ADS,6.38,100.00000000000054,-417.4433,60.471527,19.578205,103.33287,2.995101,-44.387383,-11.443447,-0.801173,-38.697647,-25.669407,-19.345098,-14.01652,-1.0131143
FADS152,u,9,ADS,7.89,129.9999999999999,-684.3669,156.75085,80.409485,48.370384,21.735218,2.9060438,-9.798544,-24.414871,-8.219546,0.17185295,9.244364,7.10979,-7.6245866
FADS152,u,9,ADS,9.21,199.9999999999993,-549.9429,189.05424,47.358383,36.966354,-18.247503,-25.434181,-10.410536,-45.012135,-26.138248,-1.8574247,-8.145394,-3.035581,-1.2465786
FADS152,u,9,ADS,9.607800107663824,222.19989233617633,-541.9323,157.74638,50.882927,38.401306,-42.223045,-26.301308,-8.804298,-31.042248,-21.303713,-17.632463,-2.9608471,-20.377445,-22.657345
FADS152,i,9,ADS,10.37,110.00000000000121,-474.6746,95.79051,32.51458,124.56644,17.645102,-52.702835,-20.780827,10.081688,-31.97171,-29.076809,-16.605246,-13.0306015,7.6274214
FADS152,u,9,ADS,19.86938944787368,108.11927393601195,-556.4857,118.132355,87.1956,32.190094,-6.185465,-14.7049055,-2.5326462,-11.813,-3.913,-6.970522,-9.468607,-18.891008,-7.133974
FADS152,u,9,ADS,23.32248821360125,141.97480415839792,-516.4729,153.58536,68.14957,35.85289,-5.702553,-31.005577,-7.310765,-24.691021,-23.00444,0.50669694,-16.30625,5.809428,-17.802654
FADS152,u,9,ADS,32.58,120.00000000000455,-585.1047,204.3059,58.739597,27.391617,-24.728249,-26.484898,-3.2488794,-11.119423,-19.699402,2.8195782,7.659423,-4.5838814,-12.251629
FADS152,u,9,ADS,33.62,83.18944865380473,-662.16046,154.36261,76.00722,31.074144,-1.9168141,-5.0515265,-3.9868107,-14.5237055,-1.3087916,-3.1386755,-4.5043793,-14.096529,-12.307846
FADS152,a,9,ADS,38.32164520448383,108.35479551617055,-496.62762,195.23639,6.0778456,-2.4165268,-57.857197,11.388676,16.76107,9.041989,5.6610584,-6.1289144,-5.8794227,-3.0967174,9.980821
FADS152,a,9,ADS,41.65,109.99999999999943,-338.9345,147.40552,-11.93857,5.5905533,-93.8111,-0.38937712,-6.508059,8.721101,-27.541399,1.3280361,-20.157948,2.3407211,11.732031
FADS152,i,9,ADS,49.67252033854255,139.79057640212034,-561.86096,93.18913,54.236,115.90668,26.533495,-11.890736,-9.4505005,-24.896332,-30.783773,-16.265932,-22.317352,3.283447,-8.632595
FADS152,i,9,ADS,52.66103336636697,138.96663363302508,-588.14996,115.76425,61.07403,92.38302,9.562818,-30.437723,-8.227758,-24.260668,-23.514347,-14.020267,-14.576189,3.193722,-9.055022
FADS152,a,9,ADS,57.8,123.07977175165519,-518.4537,197.87994,21.324253,-9.180735,-55.61235,-0.075133175,10.970119,4.255064,-5.4436965,-0.502365,-5.6306477,1.0758941,10.780303
FADS152,a,9,ADS,59.7,119.99999999999744,-474.819,202.7857,3.239758,-1.1372143,-74.07252,-0.94679964,9.469986,-14.922581,-2.0297308,-1.0292108,-10.594868,-4.447015,4.4260283
FADS152,a,9,ADS,61.73750590230389,142.49409769611532,-406.17206,178.54779,-34.45376,-4.4144564,-60.461243,-2.2986472,-4.15128,-20.9248,-4.083815,-17.356709,-19.012714,1.8700294,5.7906466
FADS152,i,9,ADS,64.39785112145364,119.04041271742472,-534.18774,92.46173,1.7715546,122.02748,31.767082,-29.3377,14.414946,-2.391852,-15.56835,-8.919592,-23.337627,-9.665643,-8.820235
FADS152,i,9,ADS,70.07,70.00000000000739,-453.28894,81.59624,28.06599,97.86595,36.6856,-31.609383,-9.6963005,-12.721135,-31.857964,-25.24337,-28.797586,-13.233526,2.508642
FADS152,i,9,ADS,70.40377550092829,86.22449907170449,-510.77548,121.45227,10.823714,110.53314,26.07089,-41.552795,-9.429953,-26.96787,-37.488525,-25.737114,-20.398975,-4.916905,-2.2092772
FADS152,a,9,ADS,70.74,130.00000000000966,-410.95764,191.40295,-25.081242,10.375631,-65.81307,-10.883778,3.8605456,-24.90103,-27.753319,16.356285,-10.394617,-6.5445366,14.481477
FADS152,i,9,ADS,77.88508516529573,158.3565123305135,-456.33548,49.459183,31.310432,124.227234,16.629292,-24.674015,-10.204122,-18.555407,-39.744236,-12.708994,-18.116707,1.6827154,-0.6189735
FADS152,i,9,ADS,80.11,129.99999999999545,-505.19217,71.9603,35.208946,108.260925,21.992115,-26.677643,7.49199,-24.845901,-31.455257,-1.8543644,-21.96952,-8.191737,5.814904
FADS152,a,9,ADS,82.52,90.00000000000341,-421.89813,168.04576,-22.744785,-9.620848,-51.56516,7.677133,-7.397781,-18.510376,-19.18101,12.641312,-1.154655,-13.9785,8.105155
FADS152,a,9,ADS,83.78,79.9999999999983,-368.4317,169.54013,-49.411537,-4.1552663,-45.812965,14.228754,-2.0125399,-14.503415,-25.785328,-0.62158227,-2.4962757,-15.776138,9.846418
FADS152,i,9,ADS,86.38485009144881,45.149908551195495,-411.84888,140.31277,-44.15261,85.76347,30.666584,-52.121254,-11.449575,-30.396221,-19.558758,-24.04111,-37.16027,-1.6731168,2.0500789
FADS152,u,9,ADS,91.00254930873048,127.45069126951591,-570.0391,162.17831,88.23001,33.345936,18.888052,-11.525191,-8.367636,-17.771576,-10.311252,3.7530038,-9.547383,9.120131,-5.8727617
FADS152,u,9,ADS,100.55,120.00000000000455,-618.07794,180.1283,68.1416,32.393867,-2.0558395,-12.151749,-14.071262,-23.313992,1.7013118,-3.1492045,-16.757263,-20.948181,-4.0611963
FADS152,a,9,ADS,111.07,130.00000000000966,-509.3162,189.33919,9.509407,-10.569252,-58.522606,-6.300309,21.044472,-4.7096944,-6.3359756,-4.9131346,-6.1627455,-1.6836745,18.081738
FADS152,u,9,ADS,113.2163778488749,112.48772944850316,-619.0517,205.13559,72.396225,20.89248,-27.466047,-33.86888,-4.1369925,-7.2418246,-16.61049,-2.7265692,-20.39378,-11.686443,-23.092995
FADS152,a,9,ADS,115.66,124.68566799429937,-462.33215,198.94571,-9.13166,-21.465485,-73.19713,1.7285337,10.862089,1.3346995,-14.240817,4.988387,-2.2769055,-2.3353019,24.139278
FADS153,i,9,ADS,6.253240829522723,106.75917047727701,-388.56488,77.78919,28.635168,119.94577,22.708447,21.659252,-6.0488663,-34.707848,9.7739315,-17.164873,-24.941128,0.25761807,-10.773703
FADS153,u,9,ADS,7.651713712373609,158.28628762639062,-596.1752,219.47966,89.98145,48.91784,-10.0539055,-15.883927,-1.1330655,0.07700682,-10.505003,-1.906401,16.503227,-5.9579496,-7.3564672
FADS153,u,9,ADS,8.25,160.00000000000014,-456.79996,186.59079,41.48824,59.947647,-39.7835,-19.297935,8.659644,-28.171902,-10.216307,-2.5824456,-6.95396,7.2243266,-30.013718
FADS153,u,9,ADS,8.59,250.0,-437.0821,196.60104,20.942032,61.88263,-28.443413,-32.789707,2.4760818,-9.490885,-15.561439,-23.617512,8.8895,-10.604763,-32.437252
FADS153,i,9,ADS,9.33,89.99999999999986,-440.77664,115.397125,11.295927,117.48676,32.139652,11.144257,9.961559,-37.25946,8.844965,-21.084171,-9.889298,-9.932568,5.9707274
FADS153,u,9,ADS,15.83,121.05785241103995,-574.1283,154.62955,97.98119,56.19031,-7.5006914,-9.458105,2.7360985,-0.3266319,9.421827,1.7633147,10.871429,-10.030634,-21.02658
FADS153,u,9,ADS,18.74096653667793,103.16070526975096,-494.0161,200.95967,68.01257,75.02854,-34.814613,-18.003332,11.968981,-17.324057,-2.7782805,-3.2563815,-5.4708853,0.65277505,-39.707626
FADS153,u,9,ADS,25.66,120.000000000001,-500.57242,189.15659,89.33298,57.49666,-17.754824,-11.121044,13.848481,-27.06509,-8.204833,-2.2955227,0.43452168,-4.6933737,-37.608192
FADS153,u,9,ADS,26.73691327326563,173.08672673437187,-533.4254,179.25558,46.25183,77.54393,0.29238892,-18.131296,0.12963344,-8.636546,-3.9155736,-9.289085,20.86258,-11.04784,-2.2674046
FADS153,a,9,ADS,30.65,110.00000000000298,-384.4933,216.78857,-32.606228,29.767242,-35.696953,-7.100488,27.447798,-5.3681946,29.9858,-15.857773,16.991394,34.13936,-17.755878
FADS153,a,9,ADS,33.42,119.99999999999744,-264.24185,178.65073,-25.303452,15.8636,-49.830833,-13.309378,13.90687,-17.065186,15.921554,-22.80745,6.1130223,19.741425,-31.323652
FADS153,i,9,ADS,39.5236092189113,106.39078108870592,-375.8561,67.71926,31.401955,119.89667,11.825781,1.3147271,4.2185764,-25.18425,-9.027367,-29.188732,-20.921648,1.7874465,-15.050083
FADS153,i,9,ADS,41.43375120043505,106.24879956495192,-406.64777,69.34273,35.535103,122.518585,21.305319,5.4361696,-6.205983,-16.992691,-8.173324,-24.845715,-16.182173,1.2995776,-15.964052
FADS153,a,9,ADS,45.7118067303283,142.13252726054293,-322.8412,195.92053,-51.711998,-0.5113376,-54.597977,-16.3163,-5.8677535,-6.4870296,5.8398933,-33.686203,0.7356009,18.17807,-26.888515
FADS153,a,9,ADS,47.59,159.9999999999966,-283.49704,148.62299,-20.492102,15.113768,-56.98418,-9.775799,15.169455,-21.26585,17.733046,-16.178846,8.225485,14.428831,-23.204155
FADS153,a,9,ADS,49.0,109.99999999999943,-370.63773,206.76993,-19.621576,37.626152,-48.79241,-4.6017666,24.928902,-12.798892,27.848818,-23.082314,14.749186,14.201349,-12.30745
FADS153,i,9,ADS,51.51868791338901,96.28332491843139,-354.43088,78.88051,25.17252,94.40666,20.542377,-2.0083435,-8.759896,-20.085278,-13.30084,-22.916616,-10.817482,-9.197127,5.3446155
FADS153,i,9,ADS,55.82,73.76999804237983,-418.6161,89.55838,44.540253,107.67956,26.488781,2.4293807,-1.3884354,-14.035136,-8.467997,-24.838001,-2.4697142,-0.5422666,-6.4270053
FADS153,i,9,ADS,56.18147374273913,98.52625726087183,-367.93427,89.199326,27.132942,95.36195,44.30698,-4.054244,-9.153797,-13.259562,-17.942461,-24.14458,-21.794422,-3.6535347,-10.268307
FADS153,a,9,ADS,56.50356438919246,106.43561080753727,-312.31943,187.73825,-33.956665,8.121887,-36.31524,-7.992762,-1.2677394,-33.641937,1.8608427,-23.61346,9.641239,34.201126,-21.754814
FADS153,i,9,ADS,64.31911390066229,124.93907638224755,-386.01077,50.614876,37.672348,110.793945,7.239152,16.392038,-8.522001,-18.50226,-3.651649,-29.204163,-13.456654,3.287555,-13.33629
FADS153,i,9,ADS,65.78131184179198,128.377766557918,-387.71313,63.878082,36.778103,111.30931,22.925852,-0.67363447,1.2326014,-19.723972,-1.3727111,-14.34606,-11.951943,8.035861,-6.992861
FADS153,a,9,ADS,67.46,104.36865545806029,-346.5941,168.25949,23.87227,33.152374,-65.1078,-5.4358053,10.740444,-23.117416,8.986188,-14.25922,8.662168,8.054289,-0.7071451
FADS153,a,9,ADS,68.71,108.24546321452999,-289.34872,171.70126,6.1644497,32.81725,-69.89002,-2.1358929,12.061363,-35.131935,15.78482,-19.72978,23.35289,12.347394,3.8379679
FADS153,i,9,ADS,70.72,41.98167850300649,-342.4361,161.38484,-34.60254,49.731434,18.893644,0.40949583,-7.7746716,-58.26793,-9.4494,-15.865231,-10.058336,-0.107110836,-18.082212
FADS153,u,9,ADS,73.89196712809336,108.03287190664435,-552.9125,197.85098,85.5755,63.54369,-25.197472,-14.080712,11.5753565,-12.612462,-0.66258764,-14.422991,13.819325,2.4698741,-20.437809
FADS153,u,9,ADS,82.75747475983076,112.52524016924781,-535.0604,197.81601,73.34582,79.540695,-27.752323,-20.8938,14.034125,-8.937593,-8.324603,-13.874802,6.5250115,14.827275,-23.62469
FADS153,a,9,ADS,91.21,150.00000000000568,-376.58096,187.32315,-13.316828,33.294365,-52.27036,-12.185659,29.228527,-17.158611,22.009747,-16.614216,17.46885,28.158016,-15.480749
FADS153,u,9,ADS,93.54,132.9758268684742,-598.73193,195.26836,89.76056,61.895287,-12.666813,3.104475,2.4483159,-14.144749,5.9758997,-7.1842556,12.79972,-8.228773,-23.186728
FADS153,a,9,ADS,95.27,120.00000000000455,-319.34756,183.07944,-17.71651,25.132702,-50.325394,-7.8877006,13.25395,-21.361021,5.0560937,-18.440083,9.228205,27.796,-11.440538
FADS154,i,12,ADS,4.92,129.9999999999999,-481.93298,15.6949005,51.12487,124.94408,6.0519247,29.521042,-11.494292,-26.77026,-25.00189,-36.25345,-14.888097,5.598056,-17.493862
FADS154,u,12,ADS,7.65,69.9999999999994,-480.82513,209.92705,50.684826,33.39616,-40.911907,8.586466,0.20454478,-18.06859,16.650215,-34.82698,-14.991243,-5.9024076,-45.229687
FADS154,u,12,ADS,7.874776532905217,156.24893367616633,-505.9248,182.5459,42.854057,46.738632,-45.078163,-40.34372,-17.184467,-44.311794,-5.6260023,-14.270745,12.478879,1.3731139,-52.421665
FADS154,i,12,ADS,8.77,70.00000000000028,-463.05978,120.21484,-5.055237,125.62741,18.127726,-7.6847334,-10.463075,-7.523857,-8.247878,-34.107292,-2.9301906,9.019268,-18.532793
FADS154,u,12,ADS,18.16443026410096,149.146709418158,-494.40057,176.6174,80.745705,50.87599,-1.6225219,-9.539923,-22.971214,-9.468552,-2.946989,4.4646864,-1.9864093,-8.13556,-20.787235
FADS154,u,12,ADS,23.68360638975495,131.3911487731403,-479.87198,185.90965,25.274012,19.311104,-22.202965,-2.7729754,-5.1606784,-28.365345,2.2625585,-30.867525,0.9351145,15.139749,-38.76194
FADS154,u,12,ADS,32.55,130.00000000000256,-544.7503,175.14197,78.41998,62.87594,-14.609108,-22.948528,-5.5221767,-21.245968,-11.180129,-9.446002,-1.1534371,2.5228798,-19.088263
FADS154,a,12,ADS,38.13209547828464,101.20669567660912,-376.04883,182.26614,11.174946,34.22793,-92.51013,26.803349,9.332588,-8.001657,-5.2104244,-3.4104753,21.874722,-1.0714626,15.990522
FADS154,a,12,ADS,40.7,119.99999999999744,-259.54022,155.7576,-57.729553,13.943893,-67.839424,-1.2817615,-2.0782905,-21.195866,-7.538429,-23.500275,3.4213,7.73879,-20.555964
FADS154,i,12,ADS,49.55,100.00000000000142,-444.03918,83.22911,24.681805,143.44489,-3.4026632,-2.461792,-11.228056,-40.918095,-4.118748,-20.633646,-6.0318494,33.186752,-23.030231
FADS154,i,12,ADS,52.82585898788506,81.67557896708644,-453.26044,100.144714,25.026516,111.43119,3.7991185,-21.590687,-16.733646,-22.916496,-17.910645,-7.7492332,-17.154165,7.8588166,-30.507715
FADS154,a,12,ADS,57.77,122.11381602744353,-395.03635,183.00342,-46.190384,34.94484,-42.991104,21.893898,-9.328466,4.639057,-12.860264,-16.891983,27.514631,-8.65016,14.0855465
FADS154,a,12,ADS,59.56,119.99999999999744,-337.09238,149.39783,-32.752167,33.003155,-81.54503,30.09552,8.177447,-6.61728,17.501762,-19.507793,21.013958,0.14852262,11.367666
FADS154,a,12,ADS,60.93,109.99999999999943,-354.34244,183.53885,-8.094023,28.900078,-55.038296,26.629713,-4.1105494,-11.049364,18.772766,-24.897314,10.490002,-7.60806,-2.0523515
FADS154,i,12,ADS,63.67501397201546,79.90002290257792,-448.55438,81.80636,32.059086,128.58746,5.5030766,-2.2367375,-8.272505,-27.836313,11.077688,-21.041891,-16.492586,22.07692,-27.71775
FADS154,i,12,ADS,69.17,194.11865871227008,-459.41916,82.36707,63.388885,96.28511,10.830616,-22.475092,-3.287846,-29.679424,-14.810286,-36.69997,-11.627605,3.9213264,-16.149567
FADS154,i,12,ADS,70.14550310175156,104.496898248442,-511.77924,85.18611,36.60137,123.83981,-8.764827,-7.7135954,-16.883654,-26.641964,-5.9515214,-18.758688,2.4665542,12.078846,-28.542759
FADS154,a,12,ADS,70.56,160.59931277584383,-313.5538,182.1297,-55.966446,23.241274,-29.55745,8.509811,-7.1922026,-30.403614,15.1714115,-26.326674,22.94272,16.588442,-17.157852
FADS154,i,12,ADS,76.10358244261249,158.02448974068284,-461.3399,95.36235,6.9437804,134.10062,1.9073329,-7.700036,-20.880764,-27.724342,-11.8543825,-38.306053,-8.232603,-0.412187,-28.997202
FADS154,i,12,ADS,77.84,99.99999999999432,-465.33823,113.1261,35.917328,140.75061,-1.3235422,-3.5767975,-3.5271826,-25.2184,3.2843542,-25.065025,-13.112719,20.49231,-32.51998
FADS154,a,12,ADS,79.79,99.99999999999432,-378.14493,151.87039,23.400288,12.4874525,-54.258976,22.115175,13.736817,-27.15368,10.571785,-13.742609,2.8542194,-0.5284276,15.484856
FADS154,a,12,ADS,80.93,109.99999999999943,-351.24503,179.89569,16.027868,18.795973,-63.152,9.909866,-2.13198,-27.218555,2.1422966,-32.39846,10.733498,-1.2474152,6.4319525
FADS154,u,12,ADS,82.84932935389922,145.59559728915872,-436.50204,191.04027,49.546227,12.907455,-59.0586,-13.191792,-14.868425,-16.21989,1.1883996,-32.893627,-17.189217,-7.770817,-3.1513548
FADS154,i,12,ADS,83.25,49.99999999999716,-419.4806,174.44574,-3.154845,54.12493,14.636614,-16.818615,-20.594559,-58.489716,-5.0900483,-15.856847,-1.3744389,0.013384223,-15.271056
FADS154,u,12,ADS,87.23520534206222,97.65558354760628,-500.40863,197.81738,51.600594,22.991184,-23.64787,0.31060052,0.99381435,-13.981794,-4.5525827,-19.905178,2.4600003,-0.036286235,-42.112854
FADS154,u,12,ADS,96.73,179.9999999999926,-528.5252,160.42462,116.08737,67.6532,30.857632,9.839472,2.1377206,3.635767,10.016546,16.149511,16.859869,11.472855,5.8046017
FADS154,a,12,ADS,105.95,129.99999999999545,-369.53766,200.70287,-9.152204,29.80402,-49.44295,11.099274,6.1504984,-13.715533,-0.39637083,-2.3737187,19.82977,3.1502259,-1.5710938
FADS154,u,12,ADS,108.48,91.3631911224968,-535.79443,202.82217,60.885983,74.66437,-32.948475,-3.245656,-7.430928,-12.912245,4.8034053,-12.76506,17.471344,-3.941455,-27.3631
FADS154,u,12,ADS,109.767425795126,172.22893825669416,-385.83698,157.90302,-5.551285,35.231853,-65.4019,-1.5367198,-10.06358,-32.763115,0.97043467,-13.862762,0.018715054,-2.8400748,-10.427654
FADS154,a,12,ADS,110.95,100.70646531190164,-327.40637,160.33524,-2.3678272,47.195004,-60.623142,3.2493954,-0.6672908,-18.187042,6.5241904,-26.814243,26.614464,0.07353675,2.6737337
FADS155,i,9,ADS,5.61,80.00000000000007,-356.43323,112.331894,23.23261,107.94435,-49.93817,-0.55457604,2.8337026,-18.581623,4.7730575,-28.640785,0.5480797,-0.012288809,-18.895962
FADS155,u,9,ADS,6.94,155.2277986963313,-666.9704,174.45233,94.05409,53.121494,-5.110671,-0.26203537,3.842163,-0.6155767,4.210744,10.459212,6.259691,-9.599277,-11.747829
FADS155,u,9,ADS,7.94,129.9999999999999,-487.06348,222.86234,27.378378,35.0958,-60.606712,-31.880093,3.5171747,-21.256615,14.06144,-11.122711,-15.196368,-6.543763,-32.749348
FADS155,u,9,ADS,8.24,233.2993777748662,-482.18768,227.84439,30.296467,28.37408,-66.16333,-19.08884,11.199425,-18.228445,17.596157,-18.698036,-17.648087,-8.397844,-33.880993
FADS155,i,9,ADS,9.07,80.00000000000007,-398.42188,146.7363,-0.26260975,96.62132,-40.645897,-5.8951764,-3.7293143,-33.584213,6.837981,-13.848701,-8.287906,-0.11948985,3.1454055
FADS155,u,9,ADS,18.67,89.99999999999986,-513.4401,192.58228,75.08428,62.61863,-40.836227,-18.982878,2.6916132,-24.29684,26.92823,2.25731,-10.835293,-2.2011685,-16.567871
FADS155,u,9,ADS,24.97,94.53591200851008,-514.68964,202.62811,65.219574,52.6781,-52.40269,-2.9245672,8.04832,-35.443115,29.010336,-11.602451,-10.415928,4.9875813,-26.662048
FADS155,u,9,ADS,25.89,169.99999999999815,-614.8709,211.31538,77.515045,39.050575,-18.192598,-13.991831,-1.9915323,-11.263056,12.876043,9.362936,-0.21750301,-17.95615,-3.7168634
FADS155,a,9,ADS,31.8,99.99999999999787,-384.19623,217.42535,0.5411937,25.203335,-90.23883,16.611652,27.940624,2.982438,0.80304366,-12.375934,1.7040433,-18.00844,7.1864586
FADS155,i,9,ADS,36.70321796858789,74.92185750021463,-412.36945,100.386925,33.631126,134.44711,-25.35692,-16.304623,10.616749,-15.485993,-8.741564,-29.707293,13.658283,-4.7546563,-23.441698
FADS155,i,9,ADS,38.50718209358607,70.44891078378157,-455.0361,103.9003,53.206932,128.36853,-17.909193,-7.2596908,22.493866,-12.157766,-5.019178,-28.545773,15.503407,-26.099272,-20.312515
FADS155,a,9,ADS,43.46,89.9999999999963,-578.9047,210.78326,40.57284,4.8475146,-28.869637,11.454154,30.558718,32.85897,13.241124,-17.514984,-13.524339,-13.964096,-7.6917963
FADS155,a,9,ADS,44.64110224734252,98.89775265747858,-406.85718,216.62495,-9.686253,-1.9440997,-54.117645,14.171848,21.545454,25.014946,-6.9897957,-9.334656,-4.528494,-10.11975,-1.127975
FADS155,i,9,ADS,50.0,60.000000000002274,-477.59366,140.65573,40.677116,112.78924,-41.690216,5.8647823,9.056298,-7.5008693,24.836208,-42.99562,7.7909746,-2.9184783,-15.832586
FADS155,i,9,ADS,50.27,59.99999999999517,-415.5204,131.88629,38.125275,87.73569,-22.49252,-12.053543,-22.419222,-2.2959752,0.4976915,-53.664997,10.925599,-10.638405,-21.804438
FADS155,i,9,ADS,56.15,70.00000000000028,-374.5653,108.95448,36.353405,113.76578,-15.57567,-52.747772,40.77594,-14.006606,-4.35231,-24.44489,-3.5768645,18.533817,-30.76101
FADS155,i,9,ADS,57.27,79.67942805564832,-416.66055,102.60048,31.541239,134.51074,-35.1419,-18.697144,23.428368,-3.4799104,-3.7587774,-24.249908,14.717705,-9.515377,-19.30014
FADS155,a,9,ADS,58.551018737359,98.98126264099716,-379.6983,183.99881,-6.76359,2.9017878,-73.33412,20.36263,22.471134,21.150928,-5.120752,16.528751,14.878717,1.6814666,-1.0634301
FADS155,i,9,ADS,61.47,44.94941812804143,-373.14548,191.51826,-20.690296,72.04265,-18.674015,-25.805023,10.789375,-34.185635,3.2367942,-13.403955,-2.4246416,-0.9466146,-14.621886
FADS155,u,9,ADS,64.21395875310374,86.04124689625792,-556.5843,190.26167,75.609436,41.22155,-56.677067,-3.360389,14.436861,-13.807806,21.401203,5.859827,-17.220566,-8.299469,3.8813856
FADS155,u,9,ADS,72.83,100.00000000000853,-533.336,201.52692,67.02426,80.10307,-38.771515,2.7416663,3.4918065,-44.071205,29.410324,2.2427406,-9.908689,8.132536,-8.232692
FADS155,a,9,ADS,80.47,99.99999999999432,-501.60403,178.95746,28.117378,13.395142,-63.498672,10.810095,40.997795,17.651562,-11.805193,24.01098,14.479528,10.122568,22.368187
FADS155,u,9,ADS,82.32,88.03243891712498,-488.66635,214.47528,44.113026,58.645706,-61.210648,-8.790514,14.569885,-5.349456,36.25697,-21.699072,-7.8353105,-17.60232,-10.347645
FADS155,a,9,ADS,84.49,101.18154888249364,-340.9371,156.66174,-0.31666362,26.92733,-104.44529,7.9078183,26.325697,2.466411,-8.781298,5.1956677,8.922136,-0.47229016,15.121937
FADS156,i,12,ADS,5.53,69.9999999999994,-493.18787,93.65118,6.773829,142.82205,36.42839,-15.932176,19.157688,-35.44382,-20.357935,-25.56741,-25.946012,17.215845,-11.931311
FADS156,u,12,ADS,6.85,150.00000000000034,-710.48517,141.25722,82.00295,45.28905,-10.689984,-22.390667,-1.5823212,-10.064829,11.514422,3.260398,-9.066047,-8.334558,-14.272072
FADS156,u,12,ADS,7.89,90.00000000000074,-574.2945,173.47247,63.588257,36.236572,-27.453457,-17.23485,12.739254,-19.082447,-4.658309,-10.464238,-17.797916,-9.167978,-30.63955
FADS156,u,12,ADS,8.11,160.00000000000014,-590.06604,136.2717,78.05888,31.584549,-28.295067,-14.36136,-8.882121,-19.088676,-7.832229,-15.105209,-26.370287,-6.241681,-32.934235
FADS156,i,12,ADS,8.719212051075134,74.15505393989363,-472.31967,114.453575,-21.048988,129.89975,17.988205,-22.75305,9.795395,-32.10657,-1.891433,-41.573383,-25.277416,1.2469707,-15.937958
FADS156,u,12,ADS,16.01059022871757,186.17651840228788,-617.6326,148.66101,68.70077,46.721012,-1.2600865,14.282978,-7.453051,-10.40374,0.19110405,5.7683425,-4.062379,-0.7982347,-9.413819
FADS156,u,12,ADS,19.29119730729084,75.73282104499057,-540.03,185.36215,56.75238,54.0653,-21.52952,-20.70396,28.961693,-21.55046,-13.189873,-9.073942,-8.002062,-20.27255,-28.973818
FADS156,u,12,ADS,27.57,100.00000000000142,-565.8055,166.06299,75.723236,54.912193,-24.121786,-21.538185,19.050697,-30.678307,-11.499567,-7.0174465,-17.862558,5.385369,-14.563614
FADS156,u,12,ADS,28.62,140.00000000000057,-728.62537,133.9299,79.550766,35.149025,-2.4316044,-8.513139,7.910547,0.653188,2.930727,1.7149137,-7.1413693,-24.789017,-23.271595
FADS156,a,12,ADS,32.51,83.10751952637929,-477.5427,196.04103,-46.181854,25.47176,-26.200829,-7.333781,32.058964,-4.294997,-19.156094,-6.965975,23.694813,15.1844225,-6.054806
FADS156,a,12,ADS,35.59,100.0899652420486,-459.92654,206.67993,-33.962463,24.172085,-20.58154,-7.2262325,30.68474,-12.60566,-5.1557055,-7.7574873,11.947953,13.790188,-12.871628
FADS156,i,12,ADS,42.97794213890061,104.13262893687403,-529.7247,79.63516,43.627968,139.73611,22.186901,5.38011,-7.9010806,-45.256493,-0.22529314,-30.999695,-15.683637,19.067188,-22.435234
FADS156,i,12,ADS,44.90930992537731,70.69007462268928,-551.42975,92.35978,21.437635,138.27634,25.646267,-11.372325,17.298306,-26.081638,-1.8622639,-25.69975,-31.095623,16.719276,-19.330387
FADS156,a,12,ADS,49.16,111.12766419928022,-533.7403,188.01222,-13.705856,-8.380245,-8.821668,-6.1394796,-3.7981496,-1.6000884,-6.580617,-18.198425,12.263032,4.7147193,-3.9823668
FADS156,a,12,ADS,50.63,109.99999999999943,-484.1979,179.42795,-13.208666,10.743139,-16.914213,1.2155468,27.483093,-13.187878,9.479219,-1.716255,10.105464,-2.3202693,-9.727145
FADS156,a,12,ADS,52.28,79.9999999999983,-548.8988,186.86896,-22.438442,4.8422008,-22.270222,-0.5699863,27.38357,8.906613,-3.967611,-10.211428,8.408608,-4.482989,1.717549
FADS156,i,12,ADS,55.10156106991882,69.42175262457795,-452.19263,99.05197,11.667376,106.374466,13.11343,-11.447903,2.4307263,-41.90986,9.812369,-27.206917,-21.9211,7.9328203,-12.0695915
FADS156,i,12,ADS,59.86,39.99999999999915,-462.3864,59.416084,27.67049,96.72578,46.838966,-9.562708,-9.83142,-14.284176,-12.987689,-10.860616,-24.024078,-14.485533,5.5417447
FADS156,i,12,ADS,60.15608829136021,83.91170863978914,-517.07324,90.21547,4.6467705,142.66109,27.767895,-18.769108,17.300205,-40.876373,-4.432159,-19.503302,-36.714233,4.3851657,-23.335754
FADS156,a,12,ADS,60.46,114.0462010651504,-440.5686,199.51123,-58.349163,16.316166,-27.891254,-16.516943,9.405847,-22.023819,3.4629383,-10.865923,26.019428,13.848745,-0.4839079
FADS156,i,12,ADS,66.16616705043543,105.71039604197097,-582.6959,68.834366,38.99807,124.497635,31.80722,-12.933367,4.609953,-30.591824,5.2052574,-32.537136,-28.941277,10.831837,-21.459702
FADS156,i,12,ADS,68.45999631617455,100.97709472665883,-588.21356,108.28351,29.862694,120.438354,34.834846,4.128562,5.5377226,-19.300144,10.762316,-36.38662,-31.487675,1.6588395,-5.872298
FADS156,a,12,ADS,72.12,65.89110589544589,-470.35358,180.50223,-23.377651,24.463966,-61.144035,-21.0746,22.784843,-13.776688,-13.013114,-1.5233114,3.178297,0.06414318,19.039412
FADS156,u,12,ADS,77.60336850318836,102.2138902783638,-535.0878,90.001595,89.11551,45.890663,12.85638,12.658247,-25.085152,-4.7346935,0.5940265,3.078465,-4.7290735,-23.49134,-29.712927
FADS156,u,12,ADS,86.67,84.33248550183237,-574.25916,176.0405,70.36199,62.947533,-47.400223,-17.688738,26.838898,-40.814026,4.4591904,7.599018,-27.088299,-4.6754313,-10.668134
FADS156,a,12,ADS,95.62,149.99999999999147,-422.7249,168.77205,-26.969225,18.17205,-68.843834,0.7202745,25.235268,-27.385635,8.517092,-4.1166553,1.1032054,-3.101873,2.351429
FADS156,u,12,ADS,97.28,131.75580947974197,-650.2563,175.76962,72.99008,54.35835,-12.736609,-24.248005,-4.423765,-7.98176,5.4648037,-1.1164892,-11.257492,-8.35895,-11.906946
FADS156,a,12,ADS,99.83,122.44075574976421,-380.8254,171.29688,-38.720818,45.789055,-67.28597,-12.523898,27.378626,-37.770813,9.815428,-3.0135732,8.21047,8.024284,2.912868
FADS156,i,18,ADS,7.197614858807617,97.93114074406084,-536.685,125.57418,39.686935,128.90051,46.21408,-15.840932,17.8288,-30.912224,-0.22100735,-11.032276,-12.061056,0.2924779,-26.43629
FADS156,u,18,ADS,8.393347994172922,96.65200582707811,-691.33417,141.02036,77.93949,35.771927,5.60145,-13.115637,-0.6763955,8.157389,4.772086,-3.8721197,-4.3907666,-11.944794,-7.9001794
FADS156,u,18,ADS,9.54,50.00000000000071,-571.8794,186.34561,41.189674,42.83795,-2.998379,9.580975,34.28848,-23.20095,-17.178574,-32.227745,-15.464523,-9.58157,-1.7566824
FADS156,u,18,ADS,9.735723750560204,234.2762494397963,-524.0229,208.48213,24.334229,35.70934,-38.590855,-42.914856,-4.8412056,-22.052002,1.3176364,-16.802036,-9.936558,-11.3885565,-34.585175
FADS156,i,18,ADS,10.47,99.99999999999964,-462.24792,130.8818,-12.819255,121.41646,14.408913,-20.14983,18.41642,-35.332024,-13.820175,-9.273209,-7.7071896,17.661922,-10.655554
FADS156,u,18,ADS,18.2,70.00000000000028,-539.583,170.06885,79.71818,48.891144,-18.481056,-15.471973,6.146947,-7.0180683,-1.30058,3.363987,-11.956774,-9.670959,-8.421304
FADS156,u,18,ADS,21.49939475011214,69.71369341103184,-540.6643,199.90309,51.588245,49.860104,-20.515182,-1.6819227,32.302467,-18.746672,-6.9862223,-14.292818,-7.3596063,-15.875359,-29.041904
FADS156,u,18,ADS,29.22683395898716,93.16604101283943,-495.52618,186.69339,100.99762,60.46539,-13.195839,0.19682539,26.000727,-12.049725,2.4088297,15.965296,0.14349067,9.276099,5.0496078
FADS156,u,18,ADS,30.25988794262679,120.11205737320907,-606.339,191.31738,94.32325,48.10127,-20.683964,-9.480994,12.764256,4.489105,13.406849,25.467453,6.6127195,-11.460896,3.1034622
FADS156,a,18,ADS,36.86890814096811,137.7675369789273,-478.03094,225.39113,8.016726,11.199418,-37.243183,-15.873072,29.855043,-12.454056,10.50749,-10.023424,19.813725,1.6953112,5.9050293
FADS156,i,18,ADS,43.5441611104882,149.3864858807754,-529.56805,106.45233,49.710777,114.65477,29.035534,2.2652073,7.8453283,-39.34352,1.8839399,-22.277142,4.929573,14.252819,-18.388283
FADS156,i,18,ADS,45.44795131107083,63.07429403855025,-434.42807,93.353134,-1.229505,143.13806,27.175491,-16.21288,10.077137,-34.953907,-21.14294,-16.444313,-10.421118,2.9580286,-5.929081
FADS156,a,18,ADS,49.74019792133512,84.65234199910299,-391.46884,226.49457,-74.12404,-6.486712,-20.077703,-31.71,25.681099,-14.371935,8.135639,-11.249205,24.5738,20.560417,-4.289096
FADS156,a,18,ADS,50.94023560062686,89.76439937313785,-479.42563,201.68053,-12.762123,10.717177,-45.64376,-7.4215193,23.121185,-22.220612,11.627964,-4.3589306,43.05969,25.130045,-2.640304
FADS156,a,18,ADS,52.62,90.00000000000341,-421.06033,221.62408,-21.008419,19.024927,-48.502075,0.9449642,25.315056,-10.567285,3.1462119,-2.7849789,32.198547,-3.6788964,10.276505
FADS156,i,18,ADS,54.95942500560201,91.29174137158458,-477.98553,115.53258,28.164114,110.358826,16.019003,-0.3989122,2.915547,-13.861605,-4.9836617,-16.593239,-16.270576,-1.3397593,-4.610965
FADS156,i,18,ADS,59.66085863962248,59.141360377516605,-546.6084,146.5174,39.324654,99.23218,34.89681,7.2884483,-7.3840923,-23.340778,-8.811399,-12.051679,-7.1187034,-1.9115398,5.397431
FADS156,i,18,ADS,60.00112785746201,82.99249215598081,-475.51602,123.021576,1.4176378,128.56924,28.761395,-12.052683,15.417501,-34.833702,-15.990101,-19.603943,-14.638836,8.809145,-12.470813
FADS156,a,18,ADS,60.340569111384,69.43088861599733,-465.01514,221.90668,-24.17436,-21.174713,-18.392391,-3.3008852,8.972808,-11.411313,16.648851,-16.906826,27.562698,27.151787,-3.396598
FADS156,i,18,ADS,65.90330975459304,146.6902454069583,-495.24335,72.97121,79.41342,117.37584,18.965515,11.016251,3.0056336,-27.905972,-30.983932,-25.795666,-14.206232,0.8458185,-6.997195
FADS156,i,18,ADS,67.58695344015997,112.86978933215153,-559.5605,131.12128,39.410797,112.12005,38.274582,-1.5005486,28.307636,-16.587019,-5.4718986,-13.278772,-21.873156,4.068576,-2.232116
FADS156,a,18,ADS,69.25,74.49700246381497,-406.40833,214.51038,-27.02401,26.27364,-56.412697,-10.540302,28.89331,-12.132429,-2.5691705,-3.468845,34.34445,4.052847,4.2710133
FADS156,a,18,ADS,70.8363581353638,91.29174137157747,-443.74246,216.32504,1.4246249,5.177379,-53.97605,10.8929825,27.95274,-3.093944,1.5065658,1.846583,24.530388,-15.02224,10.872411
FADS156,u,18,ADS,77.43714617884177,89.6318915284553,-589.2691,182.40814,91.76938,53.3161,8.077961,0.4304695,-1.2236025,-0.31549475,2.6612551,2.2710624,-14.012648,-12.581593,-7.16133
FADS156,u,18,ADS,86.5298771571022,71.37354325415401,-549.5272,198.89203,84.39572,63.637924,-41.162018,-32.37863,26.553757,-24.429958,0.2522026,5.6414375,-17.861729,1.0459634,-5.500305
FADS156,a,18,ADS,95.9962783295021,106.64535242045758,-394.86526,206.72974,-35.580223,25.7016,-82.85542,0.8568579,30.943218,-1.9721131,7.801674,7.2456255,23.291397,-1.871102,9.3421135
FADS156,u,18,ADS,98.38,79.9999999999983,-508.8638,203.18451,52.13359,51.18193,-32.745583,-11.086171,44.141533,-24.001411,-3.643712,-1.8200455,-13.702911,-11.151728,-23.405155
FADS156,a,18,ADS,101.5531643951674,104.5705401165975,-443.23276,240.05084,-6.997614,5.126495,-39.211525,-5.970849,22.871159,-17.442669,-4.391077,-7.121796,21.375917,7.8503036,-1.689512
FADS156,i,9,ADS,7.53,59.99999999999961,-452.75723,111.71304,0.4552279,144.51967,23.568672,-26.523758,29.753784,-33.78936,-16.255413,-14.31472,-20.723705,-3.6494808,-13.399574
FADS156,u,9,ADS,8.73,89.99999999999986,-617.1832,155.12961,67.11551,45.215965,-4.204179,-4.9167156,-7.8771796,1.6202092,5.3077817,7.2143264,-5.0153465,-6.6038394,-7.1513433
FADS156,u,9,ADS,10.06,70.00000000000028,-511.18417,208.69681,47.08554,4.838666,-11.5924835,-7.794359,14.534605,-23.351063,1.1972221,-36.487926,-20.504852,-37.340298,-26.910831
FADS156,u,9,ADS,10.27,240.00000000000023,-545.19604,181.20975,91.56044,16.726639,-29.744064,-30.696474,19.013666,-36.809113,3.0759387,-6.631242,-14.101786,-9.413946,-20.856857
FADS156,i,9,ADS,11.08,80.00000000000007,-366.51266,106.29338,-6.1245174,131.89452,4.9182186,-29.679447,18.489021,-34.303482,-14.566252,-17.060963,-8.401087,5.642994,-15.430416
FADS156,u,9,ADS,17.89,160.4930436043297,-611.57263,159.36282,74.173706,60.639427,11.495626,-15.5347395,-7.075387,-16.428583,-8.268467,-0.8228889,-5.9666033,20.809072,3.461998
FADS156,u,9,ADS,20.9903495974897,68.24204564350111,-469.86356,207.85599,55.028305,62.104523,-19.370106,-23.983416,42.998276,-39.80732,4.5332003,-1.3478285,-14.663547,-12.795522,-17.57491
FADS156,u,9,ADS,28.69,119.99999999999744,-520.3559,202.88614,105.791595,54.112103,-25.955074,-13.835008,21.788065,-46.400444,18.508652,11.556662,-24.125692,19.91919,0.21651638
FADS156,u,9,ADS,29.97,170.0000000000017,-624.62335,147.79321,70.53276,46.153084,-41.709908,-14.274357,7.1361756,-15.317507,9.665533,10.993966,19.890278,-6.401824,-3.1283586
FADS156,a,9,ADS,32.9,71.14852316475861,-368.46228,237.59265,-67.94911,30.712757,-22.897106,-19.089329,29.936733,-14.837677,-19.660706,9.310062,29.80699,9.394031,-7.0281544
FADS156,a,9,ADS,36.09,107.7933176344601,-319.49158,229.80087,-67.98667,28.574575,-48.47003,-22.72755,41.28807,-33.30304,19.058342,-1.6546214,9.512508,7.3312635,-10.215496
FADS156,i,9,ADS,42.89733971944415,110.57415804826576,-446.16046,90.86871,35.151306,133.91249,27.689322,-3.824832,19.705215,-38.32724,1.6355267,-19.719408,-23.627438,3.7574925,-32.56681
FADS156,i,9,ADS,45.04143636129388,68.56363870611659,-433.5197,107.0732,-16.251755,148.43158,27.9258,-18.011988,39.761337,-27.878727,3.23545,-17.54015,-22.92065,3.640708,-18.21186
FADS156,a,9,ADS,49.66,122.32421422977069,-396.96906,236.52199,-67.718575,14.798163,-17.342068,-24.38958,22.047626,-10.306597,-14.90896,-4.8490176,34.019775,15.320295,3.2613852
FADS156,a,9,ADS,51.33,180.2651613739883,-366.2977,207.46524,-55.799828,-6.202681,-47.14684,-8.651864,29.264977,-42.43451,22.063557,-11.296342,11.894618,-7.3139653,-16.50574
FADS156,a,9,ADS,52.73,80.0000000000054,-448.08023,225.13751,-21.121277,4.344928,-27.949684,11.109545,18.979969,-3.5352333,2.2123423,9.0666895,36.095818,-9.170231,-5.4924183
FADS156,i,9,ADS,55.94548307719774,84.63700986409606,-373.26013,105.908936,1.2874998,136.66306,8.493951,-10.730879,18.345074,-40.99225,2.991139,-23.35192,-21.727856,2.4390962,-14.10241
FADS156,i,9,ADS,61.91,50.15030032729584,-410.94492,136.49641,-26.38624,140.8446,16.582438,-12.391904,20.535934,-35.946274,8.206957,-20.966648,-26.038624,-10.617783,-9.767542
FADS156,i,9,ADS,62.22,79.9999999999983,-447.86057,117.113045,13.361294,130.55502,7.582471,-11.623594,22.521584,-42.622803,7.735251,-26.663727,-23.987232,10.860411,-28.177006
FADS156,a,9,ADS,62.5597541128395,99.65325354966836,-366.16263,231.71005,-67.65059,15.986693,-33.664124,-20.879103,30.929958,-27.445496,2.9862337,-8.466861,24.624557,21.614437,-7.1859694
FADS156,i,9,ADS,68.24,109.99999999999943,-440.32367,63.99304,48.2538,111.288956,13.151854,7.9429812,-16.61232,-18.427933,-3.3418279,-18.414963,-24.087988,-10.369227,-20.471397
FADS156,i,9,ADS,70.72,99.99999999999432,-425.89734,93.465225,22.83247,140.07791,19.913452,-1.4721415,4.2457347,-9.832684,-22.26432,-10.477058,-16.89354,-8.305673,2.047247
FADS156,a,9,ADS,72.86,79.9999999999983,-477.9623,202.97687,16.671,0.12268928,-50.38545,-3.9357357,19.165092,0.80186284,10.157383,10.780752,21.682732,1.5819346,20.268482
FADS156,a,9,ADS,74.5,120.00000000000455,-443.24097,211.66414,13.409103,20.420528,-67.28011,13.029883,20.346912,-15.846333,8.274148,6.5654187,14.415524,0.58933556,34.686558
FADS156,u,9,ADS,80.4513136588694,88.68634113061091,-538.3599,192.24484,65.90112,44.020317,9.0886,-20.817547,12.479315,-8.329321,-0.71795917,-3.8245857,9.245672,-13.055015,-13.200603
FADS156,u,9,ADS,90.01,99.99999999999432,-495.88132,202.43011,71.96948,66.94581,-46.48575,-17.346123,26.012411,-44.74314,3.1780114,10.537652,-19.850605,2.3230915,-23.81033
FADS156,a,9,ADS,99.54,138.4607746863935,-388.62897,217.38535,-29.168602,5.870565,-55.70622,15.0380535,30.660168,-16.170443,-1.3575699,-2.9070916,15.022773,-10.543536,0.42934734
FADS156,u,9,ADS,101.39,104.8873205631935,-562.37463,188.90318,52.85399,46.870605,-29.755444,10.455078,15.0272,-0.2774245,20.491203,-16.583344,2.8325393,-12.529121,-6.194894
FADS156,a,9,ADS,103.68,110.06097270899318,-364.25458,194.29297,-22.706305,33.302948,-65.61125,-7.024703,37.925896,-37.967567,3.7973552,6.505331,11.095161,15.740432,-5.573354
FADS157,i,12,ADS,6.4,139.9999999999997,-523.77295,113.28833,54.876133,104.36459,29.586147,-24.402382,-20.61715,-11.971909,0.8492557,-27.98505,-0.6834837,-5.5289125,-25.140446
FADS157,u,12,ADS,8.036558253424065,191.29456200186112,-657.04175,171.90686,94.47828,53.276234,0.87152475,-18.857998,-17.619118,-9.402244,-7.409197,5.102789,4.6866436,-4.725382,-15.2482395
FADS157,u,12,ADS,8.896090150745042,103.90984925495772,-534.12976,172.15976,38.553734,31.297806,-34.443283,-13.689873,-15.074046,-5.8093457,-6.242962,-21.829216,9.194609,-18.190826,-30.607714
FADS157,u,12,ADS,9.139631125390464,202.93857881936538,-545.7312,184.07932,52.528454,58.77384,-18.909054,-43.138226,-10.543733,-17.317394,-4.996133,-6.8700294,2.0663872,-15.517097,-13.179562
FADS157,i,12,ADS,9.71,89.99999999999986,-494.7554,110.39827,23.213413,109.493614,26.833529,-31.772045,-23.638443,-3.747659,-1.609552,-19.947369,-7.986517,-13.894923,-30.556683
FADS157,u,12,ADS,16.82428604890858,146.38192570577147,-580.6009,149.65863,82.49339,56.78278,3.8768914,-13.688083,-12.051973,-23.107502,1.1831049,-9.281883,-8.819496,1.2413058,-13.812802
FADS157,u,12,ADS,20.48159594618018,101.46928940967825,-553.4187,210.6308,48.699356,38.286934,-9.446663,-26.077244,-7.94765,5.023135,1.571929,-22.129124,-17.883705,-9.956764,-32.4909
FADS157,u,12,ADS,27.8494753049497,160.5246950503023,-531.7733,146.98643,58.15592,58.070763,-3.0695946,-18.310522,-16.038792,-5.8750415,-10.862693,-0.18241441,-4.045184,-19.752464,-29.131348
FADS157,u,12,ADS,28.6,179.99999999999972,-632.97906,180.59111,81.77545,50.27987,11.015077,-6.06777,-21.853874,-11.675941,-5.6137695,-2.6572566,-2.6303916,-10.689195,-20.28165
FADS157,a,12,ADS,32.49,119.75696549750836,-512.5424,200.92685,13.855894,13.1112995,-23.153505,-3.4596677,3.606496,14.241043,-14.25568,6.2227087,15.359053,-1.0462196,8.771406
FADS157,a,12,ADS,35.05,160.0000000000037,-424.617,192.1492,16.840836,18.949123,-49.65822,-5.7038403,-1.8145392,12.497499,-16.033653,-6.0877614,2.0416353,-2.323169,3.07265
FADS157,i,12,ADS,41.13153802253358,114.7767372011046,-511.57324,92.691666,57.040234,121.14895,14.637483,-5.6267614,-29.044731,-3.0226645,-8.704836,-28.098694,-5.2536964,3.194363,-21.61147
FADS157,i,12,ADS,43.15940718037512,100.59281962487887,-490.97546,89.41426,59.692574,105.816284,14.122139,-8.620701,-14.229917,-0.9169168,-10.190552,-26.317417,-9.251016,0.7189608,-21.937157
FADS157,a,12,ADS,47.21484216998778,159.68937349719425,-412.5178,203.25757,11.53926,-12.327585,-34.827774,6.991552,-50.143883,22.066454,-7.940426,-22.041204,22.222298,26.638088,-18.011276
FADS157,a,12,ADS,48.51,160.0000000000037,-443.97882,171.07541,25.907993,16.656967,-61.59889,4.528661,-15.782479,10.465808,0.52087533,14.870064,14.212087,-3.5698054,-5.528654
FADS157,a,12,ADS,49.81,129.99999999999545,-460.4377,169.32431,21.09438,10.886923,-62.387276,10.113644,-4.01359,15.390823,4.1760864,8.90816,5.8217955,-7.6751404,-7.4437294
FADS157,i,12,ADS,52.37554877905212,88.16184161825191,-517.985,108.3296,48.268784,111.60104,18.911533,-3.4844751,-23.407486,-6.4080195,-4.5364947,-19.41055,-3.7333586,-10.529373,-31.118866
FADS157,i,12,ADS,57.05,80.0000000000054,-462.53738,113.78754,26.732113,69.010056,30.861328,-17.494057,-30.451466,6.563795,-10.7193775,-34.29036,-8.956091,-20.998611,-15.420814
FADS157,a,12,ADS,57.36195594336437,134.73790888826898,-397.94806,163.39078,14.305915,2.0308814,-26.101658,-1.9252272,-34.362465,15.283957,-13.28133,-10.466408,16.809418,18.5133,-24.004595
FADS157,i,12,ADS,62.69,119.06215182550284,-535.77966,86.17615,47.668655,114.36904,21.852041,-6.7812805,3.0189767,-6.59346,-7.756375,-7.827593,-6.839438,0.60738224,-25.922222
FADS157,i,12,ADS,64.69,88.71122557964384,-521.1599,92.17553,43.386826,127.66757,37.610153,-26.446842,-7.2513695,-3.7274146,-10.707125,-27.563934,-9.395948,16.49678,-37.447395
FADS157,a,12,ADS,66.3,109.99999999999943,-454.80487,149.401,62.263397,18.142635,-59.474144,-1.6025457,-7.807438,2.1338968,-4.6659694,5.841249,2.9050918,4.935627,-2.269328
FADS157,a,12,ADS,67.58,76.66701141000942,-418.87643,158.45357,44.8323,13.05061,-60.637077,-3.6832194,-5.9444947,-5.571643,-11.213995,1.7090042,-1.0572832,-0.7175034,4.5005484
FADS157,u,12,ADS,69.27107939063481,98.92060936519442,-552.47406,172.45596,61.54515,45.268265,-2.5045824,-1.9290469,-12.672943,6.454664,-23.120197,10.715486,-1.6204069,-15.479155,1.5752085
FADS157,i,12,ADS,69.44906650484523,40.933495154760635,-457.9143,166.19174,12.024982,53.279945,16.865948,-4.113596,-30.719376,-32.426285,-19.099236,-0.2943665,-5.143221,-13.649837,-20.959606
FADS157,u,12,ADS,72.48763756125518,102.36243874481943,-584.05286,199.97957,86.072495,49.552338,-16.099747,-21.472628,-9.550083,-11.355705,-0.7234684,6.9276924,-0.3270092,-15.412667,-33.9554
FADS157,u,12,ADS,81.73,129.99999999999545,-598.6098,196.8342,79.96951,44.168144,2.2665148,-19.0768,-21.726517,-2.9253552,-3.498712,5.823516,-6.20043,-18.91062,-16.644836
FADS157,a,12,ADS,89.79,169.77206865060168,-430.34753,176.29158,29.593151,10.304355,-59.154053,-6.7703133,-22.082138,6.3734636,-17.640207,5.68239,2.7134938,0.45457673,2.558969
FADS157,u,12,ADS,90.87,119.99999999999034,-575.9749,155.36139,70.83738,68.138626,1.9070182,-22.453905,-13.462187,-8.252274,11.567272,-4.0512676,-19.466274,-14.844151,-21.019539
FADS157,a,12,ADS,92.86855188184376,129.74761596647966,-408.71014,179.64447,43.615536,-1.8777268,-49.567398,-9.236263,-25.0253,-9.109911,-13.32188,7.2610807,10.586523,1.6200523,-3.044424
FADS157,i,9,ADS,10.15,129.999999999999,-402.67676,85.65068,36.423416,121.38051,19.221642,-18.228489,-18.339897,4.313096,-3.7226791,-37.238335,7.0142813,-10.300766,-22.3657
FADS157,u,9,ADS,11.67196325284782,228.0367471521796,-617.4744,204.69211,87.22644,55.554993,2.2490883,-6.69768,-10.62187,-13.6302185,14.627462,7.9618115,20.492697,-0.41949856,-9.381261
FADS157,u,9,ADS,12.97,109.99999999999943,-474.52954,193.18124,57.67897,41.705994,-29.690731,-23.142014,-14.53796,-17.790276,6.887418,-22.878378,8.846428,-12.720137,-37.01934
FADS157,u,9,ADS,13.2075394399505,142.46056004949992,-534.75024,207.52908,57.795395,58.21341,-26.223118,-15.435747,-10.209162,-16.301882,-10.703661,-12.099775,12.019484,-13.122259,-31.850542
FADS157,i,9,ADS,13.69,99.99999999999964,-382.3592,111.8127,11.858127,121.12393,11.446268,-29.598675,-40.02806,15.481474,-10.085079,-35.091988,-6.4132786,3.9570043,-21.650063
FADS157,u,9,ADS,20.96,179.99999999999972,-554.93243,195.28244,97.826096,53.472412,-1.4667672,-14.817356,-29.071484,-25.35071,3.530215,-3.4118602,17.996368,9.283247,-29.57406
FADS157,u,9,ADS,24.04575897561021,105.99615321241984,-483.13895,217.89267,49.22504,45.199905,-10.948125,-36.026863,14.7626915,-3.2285252,-7.789665,-14.238311,3.4443967,-15.305534,-38.52781
FADS157,u,9,ADS,32.68,149.99999999999858,-523.3875,182.73624,86.39633,70.183136,-16.12512,-23.11706,-15.850543,-15.746872,6.284815,3.8848739,0.84178925,-22.737556,-21.676945
FADS157,u,9,ADS,33.65,200.00000000000284,-627.83563,203.44101,99.409256,59.95944,14.133603,-11.118914,-16.884592,-8.344154,1.9450042,9.837812,15.364392,0.90713143,-24.002396
FADS157,a,9,ADS,37.48,110.00000000000654,-362.94876,174.50354,1.4783151,21.312437,-49.90737,-4.396793,-1.0206404,16.24947,7.9884253,-13.229441,20.02032,4.060387,11.935543
FADS157,a,9,ADS,40.5,119.99999999999744,-310.68835,173.6315,-5.685417,12.793743,-45.998146,2.5691624,-9.354013,26.48023,-17.365728,-1.6803676,-6.1146193,22.305424,-18.31605
FADS157,i,9,ADS,47.00196886931533,79.03221950049044,-387.22754,77.74552,30.032722,127.425415,11.991641,-9.061202,-29.57056,0.6309125,1.7125604,-29.651573,-2.1543605,-1.5354496,-9.682741
FADS157,i,9,ADS,49.14482624679828,105.17375320171851,-425.38013,58.435383,58.62173,137.69397,7.8349524,-5.4284563,-39.74746,4.7777867,3.541562,-19.418442,3.2364016,-13.4316025,-11.598366
FADS157,a,9,ADS,53.97879772284607,128.31113283607465,-352.4781,187.93398,5.16395,0.66434485,-14.055561,17.065056,-40.881645,22.569153,-24.175953,-16.309725,8.119969,33.197636,-3.0452766
FADS157,a,9,ADS,55.38,129.99999999999545,-411.27124,191.33028,30.432722,3.5680811,-42.732346,7.116245,-7.2739096,14.161831,-4.9718914,-3.6508772,-5.4363127,6.1070185,-11.588175
FADS157,a,9,ADS,56.87,120.00000000000455,-392.4467,172.89484,34.203117,-3.0388439,-36.83786,9.3708105,-4.824538,17.661922,-7.521884,-5.823207,-2.6425123,-1.7218225,-15.33263
FADS157,i,9,ADS,59.99280623501154,85.54075522404503,-417.26895,84.89658,32.603027,125.147964,14.939692,-17.247627,-29.893343,-0.97141856,2.2611585,-32.026234,3.9717717,-0.71752983,-15.105461
FADS157,i,9,ADS,64.76,59.99999999998806,-414.1425,104.492874,9.138023,131.35497,30.461731,-28.629692,-16.590454,13.937111,-3.9102175,-36.426773,-6.557559,13.321862,-23.517803
FADS157,i,9,ADS,65.06389396821518,66.10603178481256,-425.8977,107.371605,28.75481,119.17279,23.765446,-8.13611,-30.99748,1.3620664,-3.8183987,-35.657036,4.0510964,-10.249765,-19.198635
FADS157,a,9,ADS,65.3708527244937,122.7323879301565,-321.83514,169.64734,10.819349,-2.621417,-31.545647,11.3445835,-39.514503,21.892738,-16.972881,-18.26786,22.204727,36.071243,-14.868998
FADS157,i,9,ADS,71.1734396624105,136.5603375895006,-405.50485,50.459167,57.56868,128.92993,1.8558636,-1.2395836,-26.065754,-5.016981,-1.4655886,-18.963863,-2.407975,-3.1999938,-26.31024
FADS157,i,9,ADS,73.45015242239027,109.84757760972741,-365.33856,63.911896,64.604355,136.02106,14.470487,-4.195833,-20.627846,0.86532015,-0.71892637,-17.02673,-24.721619,10.438761,-13.065905
FADS157,a,9,ADS,75.36,90.00000000000341,-314.33786,167.58563,25.771725,2.8315637,-68.2448,9.752271,-26.74812,17.533,-18.035515,5.565203,1.9311001,1.9980402,-11.035883
FADS157,a,9,ADS,76.5609463417673,91.11950012996317,-330.6618,155.68748,27.051058,-0.722654,-55.81066,-2.2998502,-9.008139,3.636485,-2.7450516,3.692418,7.834284,8.659099,14.144702
FADS157,i,9,ADS,79.54,45.56997778163918,-292.19885,116.64709,-11.387933,67.923996,11.219641,-1.8195806,-59.65625,-11.539896,1.2416533,-24.255024,-10.939257,-8.362916,-24.907028
FADS157,u,9,ADS,83.22182349558558,107.8557348477176,-572.5607,191.33386,94.89991,61.199818,3.256424,-12.644869,-7.5035105,-17.286507,-11.135452,-6.532649,12.348122,7.8325663,-26.980835
FADS157,u,9,ADS,93.09,129.99999999999545,-576.49536,196.49515,83.233925,65.56114,-4.5677605,2.3789878,-8.128296,-27.80819,-9.167891,10.52528,4.2730575,-0.81214404,-0.80622804
FADS157,a,9,ADS,103.83,140.00000000000057,-344.19482,163.44794,30.067059,1.0600328,-54.61608,11.745937,-5.026161,29.76496,-18.286583,11.75367,-9.014556,9.106934,2.3383467
FADS157,u,9,ADS,105.48,109.99999999999943,-484.88208,172.53802,66.54568,61.10788,-14.893938,-24.686354,-16.626785,-1.6004015,-1.7158405,1.6849605,-0.9668096,-4.305682,-19.35254
FADS157,a,9,ADS,107.71,158.9732320869075,-305.47818,172.44788,10.097982,5.519829,-54.553936,6.7127275,-8.547363,7.0427647,-27.248041,14.856777,-4.47931,14.60606,19.614193
FADS158,i,12,ADS,8.55,89.99999999999986,-450.842,133.55574,-21.653606,133.67523,12.911137,-5.253148,-11.894619,-37.862816,-15.738544,-28.517748,10.033808,-5.964885,7.863061
FADS158,u,12,ADS,10.09,210.00000000000085,-616.2987,214.71373,104.92562,60.629303,-14.753017,-40.3785,-11.771657,-21.288311,-20.408062,14.238684,-1.8234453,0.54304725,-0.005928695
FADS158,u,12,ADS,10.97,159.04406985544915,-567.672,214.09195,72.67026,29.343252,-44.177727,-33.15193,-5.0172205,-14.434975,-13.89914,-6.945378,-19.552788,3.6010873,-22.538328
FADS158,u,12,ADS,11.36,203.2901327773402,-580.5468,203.81177,72.834816,55.89373,-24.993746,-54.77732,-2.5780792,-4.577816,-28.054493,-8.761398,-9.869887,-17.09292,-5.533283
FADS158,i,12,ADS,12.2,70.00000000000028,-481.42197,136.797,-16.25959,126.72294,25.357807,-22.184216,-21.347782,-46.66031,-20.7416,-29.810877,-1.8498483,-3.0268884,0.51127374
FADS158,u,12,ADS,17.95683468696716,128.7621180140306,-573.4562,185.24619,76.71619,53.069946,-16.567554,-30.783407,-17.3785,-25.3214,-15.328577,11.666784,-2.6880996,-10.584065,-14.583761
FADS158,u,12,ADS,22.55,149.99999999999858,-537.946,150.1116,84.036674,56.1016,1.0142336,2.3730695,-12.160253,-27.35653,-7.736498,6.049505,-2.5618038,-14.288283,-8.9480915
FADS158,u,12,ADS,30.72,130.55620103095222,-556.9754,208.81284,69.970184,54.93309,-13.276409,-15.90816,7.680185,-13.953958,-9.041278,6.849678,-24.30349,-23.377739,-4.9472194
FADS158,u,12,ADS,31.83,179.99999999999972,-640.8068,194.38603,98.77557,56.99004,-15.465087,-20.634827,-2.4182544,-14.110337,-24.668663,2.2137668,-6.621023,-18.52321,2.369476
FADS158,a,12,ADS,35.65,120.00000000000455,-458.04102,233.4782,-4.2436495,-0.19770576,-22.926788,-0.7624415,-6.6599216,-6.043922,38.61442,-11.132944,16.834705,24.005535,-2.6119726
FADS158,a,12,ADS,38.47,109.99999999999943,-446.42874,231.66107,-11.005607,-18.822071,-25.313505,-9.208386,-4.2989726,-5.919721,6.0632477,-9.789898,26.100975,23.102844,-13.185183
FADS158,i,12,ADS,46.836734561287,121.60866701324835,-520.9823,111.90044,6.705823,126.17174,17.457308,-4.0284586,9.176456,-31.448193,-7.6973863,-13.78109,-20.21231,9.692825,-8.004871
FADS158,i,12,ADS,49.02,99.99999999999432,-500.99103,134.09299,1.0335435,129.59767,15.188155,-13.529469,5.0037503,-21.615955,-25.17154,-11.268088,-13.135735,-1.9782867,-0.71281725
FADS158,a,12,ADS,52.74723350986253,144.8573827657782,-491.29166,229.79045,10.85342,-11.663057,-46.110367,8.967924,-1.2689363,-27.912485,6.8705444,-2.9151525,5.478566,24.211712,-9.045502
FADS158,a,12,ADS,54.55,120.00000000000455,-436.83157,232.08014,-27.99076,-14.437573,-31.029833,6.8916183,-0.5219269,-26.859123,18.0844,-16.723375,5.108302,17.874226,3.1910734
FADS158,a,12,ADS,55.93,120.04780125032966,-482.2211,221.42142,14.81025,-3.1298292,-39.458427,11.478345,-4.975255,-26.981777,40.2161,-20.676807,-3.5247297,37.824474,-10.771582
FADS158,i,12,ADS,58.13448817491272,101.93667676109897,-520.39417,125.62868,18.599325,134.75726,21.61621,-18.581608,0.16090518,-25.513447,-13.499355,-19.135586,-12.967588,-6.9894047,2.9063973
FADS158,i,12,ADS,63.0,60.000000000002274,-524.29877,162.37555,33.377693,106.95915,19.044044,-30.903797,-13.917931,-27.638824,-4.618659,-21.655197,6.7783356,13.039768,-12.385742
FADS158,i,12,ADS,63.34,69.99999999999318,-470.51733,157.5367,-14.840317,108.02249,46.652027,-16.70211,-15.6847315,-22.45552,-14.307558,-23.66226,-3.548316,-2.6840327,-2.4066243
FADS158,a,12,ADS,63.66,132.87489147598563,-472.8938,239.38295,-3.3528302,-22.458439,-12.375479,6.9614677,-25.0517,-23.669312,-10.194462,-9.385002,17.651485,34.513496,12.015066
FADS158,i,12,ADS,70.59,90.00000000000341,-479.8632,128.00174,10.122923,130.00603,18.444218,-17.597668,19.551517,-49.80828,-23.123993,-11.424084,-11.533176,-21.18963,2.343658
FADS158,i,12,ADS,72.38599925826225,112.66685326226877,-529.061,129.4432,46.291733,103.999016,27.573036,-4.7984247,1.4416999,-14.139593,-23.236937,-14.121647,7.9151955,-18.416843,7.7828565
FADS158,a,12,ADS,74.58537654420307,84.62345579692965,-462.39267,219.10995,8.288746,7.915661,-52.381836,-2.483356,-9.342278,1.1250218,-3.310887,-16.052387,29.153053,13.324517,3.424729
FADS158,a,12,ADS,75.91,117.1253312178635,-425.9607,220.288,-1.0244595,2.408592,-44.54242,1.1195998,-5.545837,-7.7179904,8.676994,-1.9079537,13.391528,14.921789,-5.560921
FADS158,u,12,ADS,82.33226205619498,107.73794380502011,-586.157,194.32718,93.469925,37.73479,-17.649733,-39.750404,3.9518192,-4.432401,-11.118397,-4.3799243,1.486583,-10.480417,-7.8167744
FADS158,u,12,ADS,92.89,170.0000000000017,-615.7843,207.69049,81.35387,38.229736,-0.499411,-3.5126247,-2.892751,-14.436094,-20.468082,-3.255835,-0.73320913,-6.958456,2.4821036
FADS158,a,12,ADS,100.76,129.99999999999545,-472.7399,226.21164,3.0184383,-12.460272,-56.55073,6.020417,-8.334686,-22.254791,21.410427,-6.131112,7.0755405,14.461115,15.7028265
FADS158,u,12,ADS,102.53,134.0109384973971,-598.67267,221.94766,70.68066,40.548508,-22.459011,-35.90783,-2.5864162,-14.2698,-18.554905,17.65998,5.6662626,-14.137304,-9.200293
FADS158,a,12,ADS,104.43,89.9999999999892,-510.4281,225.91446,-0.2403835,-8.279693,-39.520485,7.477721,-15.278093,-20.070568,5.527553,-13.3394165,13.396784,20.462791,25.996323
FADS158,i,15,ADS,6.919652739206525,80.34726079347543,-380.2859,130.64716,-6.18457,137.1777,1.5493687,-9.858877,13.892011,-4.8354893,-38.287918,-7.5705395,-9.043684,-12.5187235,11.849588
FADS158,u,15,ADS,8.82,179.99999999999972,-474.59717,242.19748,61.812073,47.156975,-20.46093,-36.801807,14.334249,-6.633468,-23.3727,3.3130002,3.9590263,-22.574135,-1.9444001
FADS158,u,15,ADS,9.93,130.0000000000008,-434.85022,206.60599,29.353148,34.207794,-45.289085,-46.40174,22.262829,-22.936811,-20.922989,-8.755334,-16.744621,-30.163767,-14.954308
FADS158,u,15,ADS,10.23,189.9999999999995,-490.3808,211.37228,52.98376,40.445484,-15.220005,-27.246456,25.570103,-15.837741,-11.325022,-8.121795,-12.140347,-7.0614204,-16.326065
FADS158,i,15,ADS,10.93411374479103,85.88625520896898,-400.72168,154.9378,1.9084605,110.44424,12.704811,-14.564638,-5.4338574,9.126753,-31.114243,-24.154518,8.389856,-22.675003,15.125294
FADS158,u,15,ADS,21.83307504229463,120.36692058616083,-527.5316,185.97856,101.54849,55.61175,-13.579004,-15.717827,4.1345115,-3.155998,-5.5800037,9.541906,-6.88741,-21.135208,5.104384
FADS158,u,15,ADS,29.69313962626318,76.86037373682097,-420.93637,220.72194,88.07765,49.551407,-19.24089,-16.346195,25.852757,1.882794,4.0870986,12.612502,-1.3804781,-3.8475873,-4.003152
FADS158,u,15,ADS,30.97,220.00000000000242,-393.7889,150.65625,75.16133,54.61024,-44.585213,4.5420375,-20.477955,-0.93097603,-1.6366873,-4.730802,7.272231,-11.974434,-16.625309
FADS158,a,15,ADS,34.97,154.7857065158027,-335.27304,231.26466,-26.04811,-18.791653,-48.91511,4.5325074,26.600388,1.4414096,3.5523593,-16.25773,11.585919,7.2568564,4.383513
FADS158,a,15,ADS,36.69,109.99999999999943,-390.3077,217.93472,11.882465,-16.132324,-16.854525,5.5073476,12.073717,15.279001,-15.467543,13.277847,5.6607347,-1.0631857,21.848133
FADS158,i,15,ADS,43.44238471074889,107.61528925110753,-450.576,137.01138,46.20813,115.52647,12.00573,3.2965002,12.576679,-4.4901686,-19.806244,-29.19482,3.105629,-6.7498007,-1.9312536
FADS158,i,15,ADS,45.25868294047817,81.31705952183665,-406.58054,108.56151,-8.944342,132.94678,4.5658703,-10.914927,21.064098,5.555664,-41.40547,3.2363863,-11.741859,-9.120649,20.902376
FADS158,a,15,ADS,49.07,159.87809203259218,-402.8448,262.09186,3.761703,-34.034096,-31.601738,4.5619054,-8.089651,16.599586,-20.373852,-22.18238,24.79113,1.3935885,-1.543939
FADS158,a,15,ADS,50.46,119.99999999999744,-352.55832,253.28842,-25.665066,-35.953228,-27.628403,25.138111,0.36509398,6.008687,-7.9975863,-11.950929,4.353898,14.193748,-2.5598395
FADS158,a,15,ADS,51.83,140.00000000000057,-384.483,206.77713,-7.172496,-10.44117,-38.71759,33.935608,5.080667,2.6574235,5.6872015,-20.265144,4.381143,5.9617925,14.400087
FADS158,i,15,ADS,54.17422686634733,75.4106008491604,-442.23712,113.13743,34.895416,132.40388,11.71733,-23.40422,14.3611145,-19.011086,-27.68123,-13.882679,-13.33925,0.16869015,-13.571758
FADS158,i,15,ADS,58.51,60.000000000002274,-403.02402,145.14276,9.850243,106.29738,25.27023,-25.051695,0.41012597,-2.1465929,-33.035343,2.6463757,-19.333405,3.4906905,-7.5970907
FADS158,i,15,ADS,58.86,90.00000000000341,-388.9058,109.240746,4.8332143,128.85712,15.221125,-9.751547,20.10102,0.33079505,-31.123137,-7.1396303,-14.33383,-9.703583,3.6648378
FADS158,a,15,ADS,59.23,133.51605270541,-367.2544,230.94788,-17.140339,-7.326542,-24.262756,21.915915,-26.031063,34.124428,-23.66704,-17.885048,30.39856,12.251316,14.355512
FADS158,i,15,ADS,66.26,99.99999999999432,-344.06207,82.36258,18.103184,120.40036,15.144785,-5.7485747,6.9048724,-4.037632,-34.663094,-11.714855,-18.224216,-18.485664,8.655636
FADS158,i,15,ADS,67.83,95.55593384779115,-346.9284,112.92115,8.358923,119.31598,12.672144,-18.817211,21.585123,-11.375389,-34.15745,1.8591983,-19.958511,-4.9109282,-6.6677713
FADS158,a,15,ADS,72.53,90.00000000000341,-368.77615,192.18393,12.587095,-26.646084,-46.360992,5.190698,-10.556034,-12.51395,18.314949,-20.372208,24.930302,21.041777,-7.994507
FADS158,a,15,ADS,73.09,90.00000000000341,-373.94925,199.75201,15.338938,-24.286613,-46.871292,-5.5086303,22.297989,8.592678,9.960489,-20.230118,9.616148,7.0076175,-3.6498559
FADS158,i,15,ADS,75.23,39.99999999999204,-387.53714,168.88974,-38.651814,59.082394,24.030437,-25.55698,-22.70366,-32.786503,-26.508034,-16.69176,3.6137972,-40.472176,10.987169
FADS158,u,15,ADS,78.22031056397256,119.68943602744275,-567.523,196.85873,93.423325,54.709488,-15.945051,-33.297108,-3.043634,-22.760508,-14.234553,3.732027,4.548817,-6.0599327,-8.325141
FADS158,u,15,ADS,87.26,118.47065702559689,-542.9404,229.92377,64.016556,29.848839,4.6957073,-7.2773504,-13.121235,-17.27008,-18.339834,-11.004625,-4.356016,-14.378344,-7.4752684
FADS158,a,15,ADS,94.98,111.89180202343607,-364.51984,198.75244,-27.455494,13.739515,-60.513588,-1.3031716,8.683303,-10.487787,-11.89665,-25.997421,30.600815,4.9457,1.4618132
FADS158,u,15,ADS,96.14,92.40482853331855,-562.2527,221.41202,88.375854,48.149956,-15.245882,-25.985847,-13.103968,-9.428951,3.6099422,-11.923522,7.3560305,-1.3291638,-11.83163
FADS158,a,15,ADS,97.9302282603863,111.66569741125443,-450.52386,216.88602,11.93568,11.979447,-43.360115,-1.665037,-14.430878,8.154003,1.9175391,-12.967747,24.202793,22.633293,5.1993165
FADS158,i,18,ADS,5.48,67.30544038539854,-413.00327,124.75618,7.898224,127.05028,13.489624,-6.4687653,-4.3090734,-8.531057,-18.233717,-21.430138,8.361134,-19.437956,15.6065445
FADS158,u,18,ADS,7.158450386597854,181.5496134021455,-565.2934,225.95554,81.30987,41.561623,1.8075644,-16.480484,-3.157997,-10.330439,-13.330126,3.7534158,15.913813,-11.162298,-27.730177
FADS158,u,18,ADS,8.092707586284092,137.29241371590817,-575.81213,225.4353,88.54605,53.42103,-22.251045,-24.614502,1.9421833,-8.102579,-5.944031,17.675602,-1.8169414,-27.782776,2.5499825
FADS158,u,18,ADS,8.431316954280506,218.68304571949437,-516.80225,211.0352,71.94388,33.77233,8.855181,-24.725014,-9.232213,-11.273966,-7.0785522,-3.7551942,12.827662,17.34505,-18.522808
FADS158,i,18,ADS,9.094633432317265,89.63189152846418,-375.7622,104.7671,-7.0599146,130.32346,11.231124,-21.656986,-0.42700112,-22.155792,-27.862574,-21.652695,-6.224334,-9.491224,8.062004
FADS158,u,18,ADS,18.16352448453612,126.14858807708984,-489.4909,191.34605,112.072495,52.753197,18.13654,7.979614,12.447737,9.27054,6.3689175,11.261066,8.378502,3.500513,6.467697
FADS158,u,18,ADS,25.91,68.95520506509811,-516.4357,205.11276,69.77281,27.959356,3.479921,3.5861855,25.274942,6.7261076,-4.4249907,2.381195,7.68941,5.3634734,-12.942218
FADS158,u,18,ADS,27.18233639623499,187.66360376501012,-557.70874,231.89622,90.894714,62.55143,-13.39155,-14.2612095,-0.063599646,2.4748123,-8.294224,4.2803926,2.5548773,-22.270996,-9.36395
FADS158,a,18,ADS,30.92,129.999999999999,-397.85892,216.21332,-2.9369495,-1.6261637,-29.742586,22.687063,18.137005,1.2982084,5.5545073,7.416691,21.319519,18.492443,-12.01171
FADS158,a,18,ADS,33.45,109.99999999999943,-385.0804,231.58899,-21.602243,-4.4063625,-42.365974,1.0668856,23.341713,0.54950666,3.246472,7.8488865,-1.2776054,17.679775,-3.1451063
FADS158,i,18,ADS,40.1521170439263,126.1485880770934,-511.88083,111.01793,62.789986,124.42601,15.8358,10.533815,-0.68047386,-13.974421,-11.787657,-23.205082,-0.6779692,-13.313117,9.808069
FADS158,i,18,ADS,42.18104717615394,81.33264231285864,-471.4757,121.947075,22.381388,117.296814,17.876282,7.9609156,-2.3363461,-6.9262676,-30.308054,-26.68435,-8.272093,-18.957245,7.3843074
FADS158,a,18,ADS,46.12541181084661,112.86978933214442,-428.63705,254.88391,6.259938,-16.491383,-40.426224,9.609262,-4.226449,-6.2522616,3.160115,-23.991734,20.042332,30.643513,-9.072036
FADS158,a,18,ADS,47.58,139.05227476406878,-401.3329,243.08984,3.3326607,-22.377312,-24.278757,32.636806,-1.0760224,-0.70082355,19.008389,-17.896008,24.562286,21.652897,-14.829129
FADS158,a,18,ADS,48.89,131.18262550361237,-440.5601,229.59082,16.011404,-19.540203,-38.961205,15.888986,13.860971,-0.7980485,15.441298,-17.722134,28.627737,14.747223,-9.78355
FADS158,i,18,ADS,51.32437317906695,121.16903854773398,-494.46945,111.89196,71.003044,123.47606,11.511799,15.238298,-0.6766976,-18.72196,-16.497768,-28.144678,6.902753,-17.342178,11.746113
FADS158,i,18,ADS,55.89,60.000000000002274,-441.78024,129.43294,18.906445,111.27069,9.619628,-4.8687096,-3.786478,-14.842201,-22.467869,-30.706406,-1.3987873,-21.723469,12.572085
FADS158,i,18,ADS,56.25977588525232,71.3735432541398,-501.3441,129.0271,60.807793,108.464935,16.432703,3.1164668,-0.74926406,3.098458,-35.87851,-23.930164,-1.6460967,-7.381559,7.574563
FADS158,a,18,ADS,56.57909443635047,71.3735432541398,-426.83423,259.3024,-5.8974414,-11.921914,-28.394375,14.253227,-8.05834,-25.398266,4.2835445,-17.53492,11.489838,9.930173,-4.1892567
FADS158,i,18,ADS,61.77166909457524,118.33090542476299,-435.3605,134.43709,20.2933,128.36862,30.500717,-2.9198523,10.076014,-18.095118,-18.20898,-35.03248,2.7876177,-19.597385,13.344084
FADS158,i,18,ADS,63.87,50.00000000000426,-390.0229,141.6309,-10.626503,121.029755,23.992146,-30.843464,14.396355,-17.360483,-8.108262,-15.536204,13.672789,-9.07493,13.335892
FADS158,a,18,ADS,65.99,90.79896907081775,-379.23975,208.79745,-9.134877,18.783302,-57.230064,17.571812,9.483085,-9.596867,5.5561504,-11.78113,31.640825,12.241298,-21.325138
FADS158,a,18,ADS,67.11270184334238,86.31219184222516,-361.94925,219.43752,6.2977276,-2.9309719,-39.207787,11.322613,20.87455,8.792205,-1.387275,-14.188236,23.094261,10.363781,-5.3398366
FADS158,u,18,ADS,91.85,70.00000000000739,-497.36908,206.273,107.51129,47.162376,-21.923252,-22.92496,12.964197,4.9849067,-6.657217,5.7076044,-7.108035,-22.27922,-2.0021489
FADS158,a,18,ADS,94.1,91.2593147668872,-389.57794,230.61472,16.74926,10.255406,-68.88963,9.962961,2.4091809,-14.158611,-0.6590413,3.2468529,11.802032,14.79721,-13.132418
FADS158,i,9,ADS,5.19,89.99999999999986,-421.397,117.454094,2.6853225,116.04827,17.169643,-19.483536,12.547943,-10.471275,-12.368084,-39.804573,8.297016,-26.438385,10.193483
FADS158,u,9,ADS,6.73,149.99999999999946,-636.6008,203.56247,97.48517,47.190624,-1.9183037,-12.318367,-9.856098,-8.743654,-3.0553946,3.6183572,4.320963,-13.208046,-5.4664397
FADS158,u,9,ADS,7.42,139.9999999999997,-520.41644,240.75479,71.010544,29.242765,-34.300346,-30.077065,14.897947,-16.233007,-5.6179338,-15.893613,-2.8494015,-6.6807404,-19.731256
FADS158,u,9,ADS,7.775354918441358,214.6450815586425,-593.63104,197.9039,68.97246,59.85111,-17.474564,-42.509052,8.281965,-7.8965173,-25.58543,-5.644093,-2.6171875,-13.615526,-18.28415
FADS158,i,9,ADS,8.647863403561056,92.13659643894445,-445.12283,161.68869,-16.101187,106.53166,26.780258,-19.55679,6.0430794,-16.871029,-14.091467,-29.609604,9.52063,-17.47644,4.6375837
FADS158,u,9,ADS,15.98028734540409,174.16654114568075,-624.4002,171.39197,96.77553,10.154425,-8.483972,-8.659855,-11.363897,-22.576923,-10.055345,-2.4281626,-5.094012,-4.6937337,-16.048452
FADS158,u,9,ADS,19.54214140420956,111.6452186831296,-590.93536,215.28433,105.097824,52.45823,-5.857528,-19.383633,3.989186,-3.454885,-15.714108,8.3986225,16.828852,-17.29945,-14.831295
FADS158,u,9,ADS,29.42,79.9999999999983,-539.3923,220.8501,67.23401,47.212738,-11.118526,-26.583359,-0.16582298,-2.7415438,-5.383003,-15.657248,-0.98004794,-19.241306,-4.781913
FADS158,u,9,ADS,30.61,179.99999999999972,-564.3391,237.83627,53.233932,24.933483,8.716261,-10.855801,-21.182133,-7.4998116,-4.4010425,-17.834621,-6.528553,-4.1547227,-9.688166
FADS158,a,9,ADS,35.12,130.00000000000256,-423.4948,235.13959,-22.289524,-18.620544,-22.846905,-16.073915,-4.9903183,12.601116,3.4630694,-23.784988,-7.4723725,28.420387,-18.147768
FADS158,a,9,ADS,37.99,109.99999999999943,-360.3654,219.55789,-9.901588,-4.641821,-37.55234,6.247564,4.6413164,13.120223,-13.093143,-0.43655872,8.867385,20.989271,-12.976075
FADS158,i,9,ADS,45.92243609236991,117.5639076300925,-518.78674,118.84805,32.162823,125.00934,27.11867,-2.0898762,14.671456,-23.388176,-12.478039,-27.789513,-0.3028341,2.3047488,-17.194855
FADS158,i,9,ADS,48.48,100.00000000000142,-494.12036,145.25256,14.844445,108.22032,10.5628,-17.53295,11.063484,-10.543325,-14.191999,-29.345346,12.462777,-18.434513,-1.2856085
FADS158,a,9,ADS,52.66194606899951,128.0539310004869,-345.36414,228.73416,-19.696404,-43.112324,-26.799534,10.844915,-16.004044,-0.11773674,-5.622154,-17.774632,2.128993,24.494062,-10.091325
FADS158,a,9,ADS,55.72,140.00000000000057,-466.65457,211.4875,17.779129,-4.7479944,-22.790546,9.863272,12.321489,-9.078117,30.456968,-30.450336,-6.294978,14.623889,-2.758298
FADS158,i,9,ADS,58.19,73.06188286866444,-433.1268,143.7738,6.7912974,99.864815,10.618164,-3.6204839,-4.6024704,-6.60221,-13.830273,-31.973373,7.277077,-19.356276,1.0254025
FADS158,i,9,ADS,62.44,41.98559555871384,-523.1093,130.18108,33.38244,107.298134,28.409006,-4.8947186,1.0717397,3.7205582,-12.475765,-18.78006,1.5333993,-23.148293,-1.6883548
FADS158,i,9,ADS,62.78,79.9999999999983,-466.86862,136.35638,26.75985,103.21362,19.989609,-7.5098324,6.2090425,12.746277,-17.215878,-34.981117,8.477994,-22.018303,5.8177767
FADS158,a,9,ADS,63.11464183476311,114.62242451466409,-399.63037,235.38104,-2.7514863,-25.254635,-27.963253,0.6658271,-2.746823,4.5642886,9.340439,-38.527924,21.17152,26.155172,-9.190582
FADS158,i,9,ADS,68.54,119.99999999999034,-453.22815,128.29689,22.310942,117.98453,2.9645452,-8.909734,21.96136,-7.207879,-4.176403,-24.988125,-3.849432,-15.583127,6.2237434
FADS158,i,9,ADS,70.88,90.00000000000341,-456.84863,104.04134,39.456898,109.10867,14.441209,-13.943749,20.262455,-2.9705894,-10.264156,-28.506649,9.72049,-24.30014,12.002187
FADS158,a,9,ADS,72.83,79.9999999999983,-417.77072,230.41153,3.914733,9.725682,-66.76908,-4.4805555,10.182582,15.453325,0.78962874,-21.714603,21.41035,5.2618527,-13.644076
FADS158,a,9,ADS,73.91,70.00000000000739,-379.56732,213.00089,-7.359901,-12.068371,-40.735863,8.658551,14.7082405,4.3897333,-2.0772681,-5.8992295,23.453281,8.686753,-17.408344
FADS158,i,9,ADS,76.06474339902496,45.25660097503703,-456.02933,223.55933,-14.243128,35.76571,21.383781,-9.742219,-12.631405,-23.731377,-6.063429,-29.839178,5.070965,-9.780077,1.325037
FADS158,u,9,ADS,79.76589612528468,104.1038747153209,-524.58386,238.9722,57.913486,27.04908,-17.287762,-23.426712,5.220661,13.884695,-15.617668,-22.22197,-1.1254574,-21.905201,-4.1860185
FADS158,u,9,ADS,88.02,170.0000000000017,-576.3851,219.58147,60.11189,46.906414,21.252731,-0.0015510321,1.7453699,-22.795158,-12.599848,-7.894826,-1.9433011,-0.05537063,1.3485286
FADS158,a,9,ADS,96.78,144.21682982195705,-414.97958,211.51836,-0.68006533,-1.9219999,-58.354202,-4.9508767,21.244972,-3.716501,1.5243683,-21.546936,23.777157,8.565703,-5.2263894
FADS158,u,9,ADS,99.00129660038942,125.04264492510231,-518.91876,206.48076,78.47305,36.552933,-32.766647,-13.761325,2.9326055,1.9811957,-17.412067,0.25276184,-1.2278458,-18.73608,-11.100489
FADS158,a,9,ADS,100.79,105.70669330658689,-453.65924,231.45789,8.841028,3.7547786,-50.60824,-8.645484,13.431437,2.7039418,7.209326,-32.552937,22.460808,20.231186,-13.530653
FADS159,i,12,ADS,5.03147727263741,128.52272736258996,-442.4836,97.38317,14.25595,121.80259,30.508614,-12.447193,10.387838,-19.232086,-11.093233,-6.1658626,-9.165852,5.172556,1.3259976
FADS159,u,12,ADS,6.491964808960597,188.03519103940314,-598.2443,185.771,93.38541,58.36899,-14.089907,-12.313302,5.7285876,-9.921402,-7.330907,-0.59568995,-1.7189099,-3.685884,-3.8356748
FADS159,u,12,ADS,7.235362958650155,104.63704134984475,-554.9049,200.54619,71.830795,41.50068,-32.040607,-10.124516,-10.9085655,-45.928543,-1.7797961,-1.3349082,-7.7339044,-11.440555,-15.720912
FADS159,u,12,ADS,7.622868107977359,167.131892022641,-533.8103,214.25189,59.113033,51.503403,-50.34548,-3.37099,-0.8908349,-45.184464,-2.3596869,-2.0471323,-2.519556,-10.414662,-15.941214
FADS159,i,12,ADS,8.09814371458535,91.85628541465007,-455.66498,110.06611,-9.926844,151.9732,-12.5145645,7.1164885,-3.3470352,-27.402302,-6.999645,-24.598454,-2.767075,-10.416176,0.7198193
FADS159,u,12,ADS,14.19158447397133,118.41552602867012,-542.188,138.51096,115.64064,43.169567,-1.3079351,-22.647022,-21.01125,-30.035072,-15.249246,-5.7034016,-0.10201025,-7.3304844,-6.560788
FADS159,u,12,ADS,16.79891076093552,139.44442274510038,-553.5979,172.63963,110.30197,58.718285,-8.824841,-21.335247,-8.699436,-26.222193,-23.444218,-11.614624,0.057551265,10.250289,-12.379549
FADS159,u,12,ADS,25.55,120.000000000001,-521.9567,170.13832,86.334305,44.057564,-14.696846,-22.27736,-13.0933895,-3.1374757,-0.7939038,-29.999094,-14.682859,-9.711292,-0.64790404
FADS159,u,12,ADS,26.6,189.99999999999773,-610.3962,202.25644,90.81757,66.5056,-30.012737,-21.531664,4.8768806,-19.481953,-7.198054,-1.8405282,-7.9140406,-9.295198,8.16263
FADS159,a,12,ADS,30.39017209550994,79.82790449005961,-388.02606,205.47244,-49.450645,32.561974,-53.43574,-8.114328,28.457747,-3.5418308,-12.414017,8.8241825,-0.98051536,7.93855,1.2822635
FADS159,a,12,ADS,33.42,100.00000000000142,-354.43152,214.26653,-63.661697,12.55975,-49.56103,8.229296,9.772829,-15.258418,-0.28295112,-0.78155005,3.5223963,2.7119336,-2.788678
FADS159,i,12,ADS,39.31422220060243,107.04824372351851,-478.8586,91.29283,33.489708,124.24154,-6.965847,3.8203442,-19.139933,-20.93549,-0.8932804,-27.761013,-0.779569,-3.5758584,-9.536248
FADS159,i,12,ADS,41.67,109.99999999999943,-487.27295,95.51253,22.23673,133.55544,5.9225664,14.952068,-1.8086449,-26.455002,-13.392319,-28.662289,-10.125778,-1.4335289,-0.7772964
FADS159,a,12,ADS,46.06770106545375,115.4994208595923,-416.42105,220.3675,-39.241173,1.658459,-48.95388,-13.758825,8.32193,-0.4263186,-3.8385053,6.5518017,7.182637,26.31208,-13.290759
FADS159,a,12,ADS,47.24,133.75228805520578,-402.19818,175.49045,-34.522156,30.53997,-48.587097,-10.360127,27.257751,-8.266533,8.53538,10.041824,-1.6315143,3.3569484,0.57652414
FADS159,a,12,ADS,48.34345872202081,115.49942085956388,-406.31833,201.1229,-35.75708,22.900854,-68.13498,7.8891363,11.281182,4.7280684,-6.073796,7.1703367,-4.338237,-9.451122,12.821882
FADS159,i,12,ADS,51.37213183175422,67.60941708854062,-481.48627,86.46933,17.10579,126.099884,12.502039,8.562429,-2.8430524,-26.195797,-1.7784212,-20.32507,-11.310644,-3.5070908,-13.01588
FADS159,i,12,ADS,55.57242135996881,54.932651384433484,-413.1997,78.60861,5.63413,111.61505,2.1093965,-23.394281,-12.951519,-19.519985,-6.817176,-23.99876,-11.139412,17.778625,-14.042919
FADS159,i,12,ADS,55.9,60.000000000002274,-431.56638,120.79008,-7.163472,143.94055,-7.5092545,-25.512243,-9.401678,-35.605507,4.5912914,-29.921572,-8.508318,-2.128467,-16.840374
FADS159,a,12,ADS,56.23,100.00000000000142,-411.23102,227.18399,-30.09161,18.980234,-59.056168,-8.517228,9.582064,-11.202442,10.388273,-13.575403,-0.44989634,17.958134,-0.06440359
FADS159,i,12,ADS,62.07,100.00000000000142,-400.7203,89.54216,24.3381,118.75,-11.125811,-1.2814105,-10.339335,-23.531504,2.0734825,-31.381273,-0.057531007,-5.4089613,-12.90972
FADS159,i,12,ADS,63.39,119.99999999999744,-478.19702,94.61653,19.619204,130.69847,27.373667,-16.464094,4.870148,-40.799133,0.8460734,-17.050934,-9.633944,4.3691998,-14.155207
FADS159,a,12,ADS,65.09,145.69266208073373,-435.09366,222.91605,-3.893486,9.342667,-56.724792,-28.842329,10.951684,-7.6809707,1.1740946,-2.98916,12.709424,-6.2681932,5.6658897
FADS159,a,12,ADS,66.05,90.00000000000341,-403.26648,188.42825,-4.460696,15.910485,-60.995148,-13.262573,14.788664,-17.306316,-1.430543,-2.1880207,-5.8259096,5.5556316,15.016961
FADS159,i,12,ADS,68.11469394533087,50.70706281640014,-439.13144,193.96075,-28.937412,69.023964,12.482431,-9.50721,-32.84364,-52.39963,-7.4363103,-6.2984304,-5.0984597,-1.3660316,-14.783666
FADS159,u,12,ADS,71.31578352039911,98.59706658744471,-584.0896,208.13257,63.53003,45.079716,-18.20123,-14.68524,3.9897118,-7.4952717,-6.415004,-9.0241165,-0.5758738,-8.303589,-14.878414
FADS159,u,12,ADS,79.03,103.75663021271464,-584.9382,204.24408,70.079666,45.111496,3.8713603,-2.091004,-8.6398325,-36.977608,2.5898614,-15.838514,-5.3670073,-3.7674708,9.477381
FADS159,a,12,ADS,86.9,159.9999999999966,-425.74637,231.13495,-32.651794,12.297405,-61.266323,-20.047125,10.953112,-5.0247,1.3400916,-5.0465,4.070198,-3.2055292,5.9819317
FADS159,u,12,ADS,88.73,119.99999999999034,-553.385,207.64795,72.89387,17.983067,-1.2329395,-16.558754,12.592078,-10.207579,-9.352306,-21.599075,-1.2271733,-16.478382,11.3992
FADS159,a,12,ADS,90.76,119.99999999999034,-430.99783,231.14679,-19.552889,11.477894,-55.693604,-28.537464,16.6447,-7.9918985,-9.589993,3.5733402,-9.6373825,8.822012,17.54315
FADS160,i,12,ADS,9.2,140.00000000000057,-412.2113,105.48081,-8.166276,150.96637,50.760395,-53.358982,25.135315,-23.359575,-24.351803,-22.458584,-17.76102,-10.681753,-20.446373
FADS160,u,12,ADS,10.69,200.00000000000108,-566.25586,201.83502,60.84826,94.68125,-5.2920504,-40.309906,15.260931,-17.20223,-20.440598,16.070145,8.267922,-4.7345314,6.608637
FADS160,u,12,ADS,11.96961561765243,160.38438234757103,-500.0285,163.02266,55.05851,64.3398,-45.697155,-65.36516,16.500256,-55.18273,-25.73225,5.2254205,-35.28613,-21.728146,-5.5562644
FADS160,u,12,ADS,12.3040225401587,315.97745984129944,-457.17438,172.65591,74.04938,56.19896,-57.148674,-55.480003,58.94393,-37.049786,-13.734425,3.3717685,-38.008774,-18.527874,-6.4688263
FADS160,i,12,ADS,13.23,119.99999999999922,-438.74603,139.28152,-12.388127,144.23053,21.353897,-41.313892,21.145992,-21.823462,-14.70401,-32.959766,-6.3181553,-23.184235,-19.89525
FADS160,u,12,ADS,20.04,120.000000000001,-488.01968,192.25482,48.53996,86.21994,-46.606926,-37.80775,31.967087,-36.082413,-18.012686,25.887646,-7.512525,-5.9594116,-7.988509
FADS160,u,12,ADS,24.12,99.99999999999787,-444.89963,200.10358,83.3215,58.28309,-32.295837,-47.087982,53.12664,-25.512012,-6.1235204,6.1725183,-19.799004,-20.477654,-8.985008
FADS160,u,12,ADS,34.09,179.99999999999972,-398.88205,178.90607,38.133743,34.586273,-43.90193,-59.918457,13.001071,-74.682434,-12.243379,13.582299,-21.45612,-25.4611,-17.076427
FADS160,u,12,ADS,35.06,109.99999999999943,-576.8875,191.88382,76.5245,85.72583,-24.343235,-49.258865,8.128802,-31.556404,-23.42501,5.5380254,4.2058134,-12.243807,-0.34912887
FADS160,a,12,ADS,39.63,149.99999999999858,-255.73512,190.75478,-44.630547,27.33176,-72.87154,-13.458242,45.174355,-18.861923,-19.243408,0.18101546,18.281694,-11.152235,19.097486
FADS160,a,12,ADS,43.13,159.9999999999966,-292.6388,229.54663,-36.471985,-9.711365,-55.36779,-7.9874916,38.57495,-14.030294,4.627997,-14.21528,12.29523,-11.190073,1.9381235
FADS160,i,12,ADS,52.87973248366477,124.81512316466592,-389.5547,110.77997,32.68987,112.56468,20.387691,-29.09974,9.976343,-21.758219,-14.702046,-29.638153,-6.291712,-16.221294,-16.518837
FADS160,i,12,ADS,55.11,119.99999999999744,-346.46323,92.36677,-6.52487,114.31367,17.302341,-34.51815,24.62785,-31.4147,-14.487482,-26.485561,0.49370253,-19.574772,-12.401633
FADS160,a,12,ADS,59.9,100.00000000000142,-310.8152,188.70453,-73.8066,13.152893,-35.48829,-17.049927,19.88108,9.966492,-14.844845,-14.005577,33.335052,-12.04637,-15.166877
FADS160,a,12,ADS,61.78,140.00000000000057,-398.06778,224.07744,-53.525063,17.485817,-37.637627,-17.815018,28.259459,1.2731628,5.1107388,1.2794468,10.987463,3.4578593,-4.002324
FADS160,a,12,ADS,63.39,109.99999999999943,-338.70706,211.72864,-12.667179,2.4036489,-50.578957,-3.3980536,12.286182,-15.7895,10.204563,1.003199,11.2837925,-19.852673,-1.2870402
FADS160,i,12,ADS,66.68782511172971,95.44685889062521,-332.75055,134.88269,-13.835872,114.69913,-8.597044,-22.173279,2.5248933,-25.526037,-18.956448,-26.435127,-4.8445997,-6.7273045,-8.496059
FADS160,i,12,ADS,73.4,39.99999999999204,-312.07828,113.78663,-23.150066,101.15442,17.40536,-18.261986,-12.239498,-9.285821,-20.481138,-32.664818,1.508703,-18.522516,-14.853569
FADS160,a,12,ADS,73.87,99.99999999999432,-252.35179,181.71704,-77.270996,12.88558,0.1364657,-12.374157,-1.720227,-38.042446,4.7369866,-15.513235,27.520353,2.1438413,-8.428653
FADS160,i,12,ADS,82.66,174.88222231926898,-430.83768,88.460686,46.50267,129.49687,-4.277131,-12.756376,27.089977,-41.26578,-17.214298,-8.05708,-17.200825,-28.941755,-7.8882174
FADS160,i,12,ADS,85.19,150.00000000000568,-350.3479,112.441055,23.738037,131.1148,-1.6446552,-32.230976,33.34132,-36.5176,-18.391453,-32.336674,-4.923767,-11.197658,-5.9364185
FADS160,a,12,ADS,87.74,105.62770269706334,-329.2223,208.36658,-42.94709,-0.09534824,-42.154785,-35.4466,25.344383,17.273926,-13.347872,-2.8673925,15.119793,-6.833674,-0.902509
FADS160,a,12,ADS,88.92,140.00000000000057,-286.29233,195.39435,-12.454172,21.558292,-90.889725,10.020365,13.663318,-8.13332,-5.483858,-7.6772757,3.8644872,-3.1884978,12.881186
FADS160,i,12,ADS,92.24515942867647,54.840571323524046,-298.22513,159.97021,-93.104675,77.053314,11.525092,-37.582985,-1.6089718,-68.446526,-8.788419,-21.914722,-12.37717,-42.324364,-0.87217045
FADS160,u,12,ADS,95.8,147.4306241387069,-398.93045,220.09572,11.337503,54.169666,-13.480897,-30.859383,37.136127,8.829652,-27.717892,5.898139,5.1365786,-10.650173,7.284177
FADS160,u,12,ADS,105.75,129.99999999999545,-436.01096,203.15317,114.79222,45.407497,-19.765055,-23.516382,34.40154,-33.297592,6.2762346,28.726473,-4.3154397,3.5411437,11.929237
FADS160,a,12,ADS,114.3,130.00000000000966,-289.13962,189.66095,-47.104965,44.525497,-60.58351,-28.747173,30.925964,-3.7237048,-24.48738,-2.2458572,16.373962,-6.671831,-0.3394873
FADS160,u,12,ADS,115.86,109.99999999999943,-491.55615,222.69833,60.608963,61.73372,-38.301113,-40.915268,24.122984,-17.03367,-7.460861,-6.5356627,-9.296914,-17.423492,-8.131826
FADS160,a,12,ADS,119.26,129.99999999999545,-263.28787,207.44489,-53.455536,7.8841085,-63.844624,5.835162,17.332699,-23.031313,-29.440609,-1.0272009,21.543594,3.9316657,8.078939
FADS160,i,18,ADS,5.11,84.27722994171828,-491.6293,137.801,1.4489943,121.77075,25.162731,-26.82797,12.407814,-11.662152,-24.673115,-32.510445,-14.143298,-12.522411,-26.955723
FADS160,u,18,ADS,6.788381541349158,171.61845865084223,-608.1351,178.88165,64.303566,57.46617,-14.663866,-5.430167,3.465137,-34.57303,-2.702503,10.144262,-1.4383999,-7.7016354,-11.258739
FADS160,u,18,ADS,8.115902061855655,64.09793814434472,-429.0441,179.14145,-41.33853,41.051956,-20.074562,-28.470081,43.00872,-36.58909,-14.984167,-44.6025,-22.464605,-3.1027434,3.4394884
FADS160,u,18,ADS,8.342785256051087,117.21474394891374,-479.90784,191.82602,-19.833727,55.763214,-54.944496,-38.172966,29.128595,-40.18489,-19.12251,-12.076353,-17.479353,-10.456884,-19.74287
FADS160,i,18,ADS,8.81,80.00000000000007,-426.95416,125.969894,-76.12744,110.69719,39.38989,-38.01582,2.3879774,-18.76247,-18.879868,-46.362526,5.5625954,-17.382332,-5.333103
FADS160,u,18,ADS,15.09,169.99999999999994,-545.9468,185.46674,61.737473,33.55947,-38.06437,-28.353413,23.606468,-32.120975,-5.3760066,5.468667,-2.2984552,-10.580584,-13.425679
FADS160,u,18,ADS,19.0030628081579,87.97204168535089,-484.75864,180.45856,29.389519,57.91993,-18.392878,-6.225884,31.587215,-20.51332,-17.467705,-18.806252,-8.5512705,-15.179674,-18.061033
FADS160,u,18,ADS,27.31815392480973,151.84607519026727,-492.27673,167.71123,22.962452,42.836185,-44.383163,-32.480946,33.659267,-64.56768,-26.238678,-2.671196,-10.154184,-5.858967,-4.069206
FADS160,u,18,ADS,28.29,179.99999999999972,-555.7523,177.2913,56.25879,77.440865,-14.516417,-14.560856,14.036903,-55.99288,-8.192773,13.115975,-16.73299,1.3066862,-7.640067
FADS160,a,18,ADS,32.17,100.00000000000142,-348.9817,179.61588,-89.28918,31.437643,-43.607628,-2.8779473,44.883644,-8.089598,-29.12476,-6.082056,12.828272,-20.820415,-1.9109042
FADS160,a,18,ADS,35.28,129.99999999999545,-436.47336,197.20345,-30.44065,27.858105,-60.320877,1.5200145,30.243767,-8.30422,-12.875097,-17.78871,10.788355,-8.327547,-1.497973
FADS160,i,18,ADS,42.19853050761966,63.90421896010423,-441.1623,102.92192,-12.194392,115.93005,28.905594,-11.453832,16.554348,0.70637673,-46.081974,-30.2397,-16.24073,-34.27025,-5.18204
FADS160,i,18,ADS,44.68790025493017,87.97204168534023,-452.2837,134.97157,10.967869,88.64183,36.110348,-14.413312,0.98773944,-9.297066,-17.750051,-36.171856,-10.070616,-21.244999,-12.194406
FADS160,a,18,ADS,48.18759987113334,112.40012886666051,-436.38135,198.07504,-43.39649,2.7225354,-37.067757,11.631071,9.767147,2.0362494,-15.261481,-12.913665,28.350517,16.790937,-2.1047654
FADS160,a,18,ADS,49.22854409457574,91.45590542426163,-490.29144,183.72891,-53.215027,7.5152407,-39.3036,-5.631194,21.347198,-2.769507,-9.660714,-3.5040092,14.47364,8.634373,-3.4020283
FADS160,a,18,ADS,51.73784639735464,134.44783729269005,-415.84653,207.51389,-47.57608,17.724596,-53.146805,13.128168,28.89402,-9.08305,-19.045965,10.820463,7.980176,-11.487539,6.968458
FADS160,i,18,ADS,53.71779905311431,63.07429403855025,-393.9449,109.81393,-55.4447,117.066345,15.364832,-22.61353,7.894168,-17.91432,-21.750362,-20.666632,-10.11096,-13.624366,-3.6549118
FADS160,i,18,ADS,58.44,50.00000000000426,-479.71515,124.80881,-37.429176,120.104164,32.725136,-27.070076,-2.747797,-2.4599817,-22.090971,-34.79683,12.898354,-7.4979343,-8.237091
FADS160,i,18,ADS,58.72311995741709,48.135645450472,-410.31516,119.528656,-51.868336,96.21449,43.24465,-5.7265,-3.8258197,-10.008045,-34.81866,-27.279915,-19.074512,-34.128464,-9.559792
FADS160,i,18,ADS,65.30351930188114,82.99249215598081,-469.89114,96.970314,4.833323,126.9381,26.037306,-17.983953,43.24339,-25.394651,-23.638044,-35.522614,-19.67501,-14.009886,-24.62814
FADS160,u,18,ADS,65.95751400717025,54.775044822960695,-420.07214,170.60988,10.556821,39.988537,-5.4289107,-40.815056,54.818893,-28.420666,-5.971518,-20.073017,-22.760437,-16.173386,-26.311562
FADS160,i,18,ADS,66.95173030591515,66.39399372478749,-465.5639,122.16912,-21.15002,145.2561,34.30507,-31.246952,31.58776,-18.4707,-29.164738,-31.526445,4.32677,-37.536266,-9.631136
FADS160,a,18,ADS,68.39410606230237,104.57054011654066,-388.7411,181.20273,-58.081818,21.777777,-73.23212,-12.435722,36.363823,1.3188677,-26.643028,7.924434,12.346749,-7.427385,6.9699545
FADS160,a,18,ADS,69.75,151.33950582540479,-333.30206,192.74026,-52.665695,35.54086,-58.34353,-12.525083,39.82826,-12.756827,-32.718056,-8.387409,1.5726955,-12.54248,17.140993
FADS160,u,18,ADS,75.00940339953878,91.70670383237223,-455.3207,168.28082,17.546284,40.763863,-26.52005,-26.76292,24.608974,-8.152697,-19.851387,-11.799116,-15.032742,-7.857885,-4.593533
FADS160,u,18,ADS,84.46,50.00000000001137,-459.2106,181.38824,5.873645,44.72921,-57.34169,-26.31795,30.801012,-31.65347,-18.474525,-19.026539,-24.753702,-19.923801,-15.17835
FADS160,a,18,ADS,91.92488146430723,135.11853569276866,-353.7383,183.69751,-81.16493,32.53063,-75.52624,-4.0030704,37.793938,-8.427284,-34.62716,5.160107,18.652147,-4.7150965,12.018427
FADS160,u,18,ADS,93.75,90.00000000000341,-574.0243,178.34595,23.521507,73.52511,-16.796558,-24.619646,10.996748,-38.18808,-12.297897,0.26710778,-10.327967,-8.105801,-6.246376
FADS160,a,18,ADS,95.81292886457598,127.80843792022267,-412.65222,200.59494,-39.975285,21.474192,-79.89238,1.9051292,29.038818,-15.165405,-30.3805,-0.36569154,21.407942,9.2321,13.835903
FADS160,i,9,ADS,5.26,80.00000000000007,-429.86523,131.1005,-16.732162,120.43837,34.10768,-26.979755,38.65592,-8.014154,-37.59182,-20.103912,-24.3736,-21.573925,-20.276371
FADS160,u,9,ADS,6.6,140.00000000000057,-596.5331,158.50034,36.64683,86.1087,15.76403,-12.287954,-12.907862,-28.238537,-10.792377,-4.1349745,3.3245118,2.6235466,-12.65925
FADS160,u,9,ADS,8.09,120.000000000001,-457.38297,165.14847,19.448072,32.07642,-15.904604,-39.182606,51.12983,-43.313427,-21.86547,-25.076456,-4.2051034,-6.797633,-3.57415
FADS160,u,9,ADS,8.348688060546547,231.31193945345353,-478.60693,153.47758,51.61365,45.150574,-29.561218,-34.984352,43.606316,-61.652798,-12.29245,-7.871304,-21.613922,-13.6363735,-10.236074
FADS160,i,9,ADS,8.93,70.00000000000028,-498.78674,158.47003,-7.8331485,90.5197,34.122,-19.996187,17.056843,-15.034839,-19.568714,-26.97171,-18.610489,-15.52338,-32.07785
FADS160,u,9,ADS,15.68331655388486,133.48672876569978,-636.5584,68.180756,52.325867,36.19538,-0.72391504,0.63413656,10.963526,2.769842,-5.3563776,6.768627,13.711981,1.7470275,-4.6359015
FADS160,u,9,ADS,19.53,81.47663005033934,-465.50525,176.45218,32.058067,53.77352,-22.04213,-48.763218,53.065308,-15.574774,-23.805319,-21.44945,-14.726618,-11.156865,-18.923203
FADS160,u,9,ADS,28.59,109.99999999999943,-488.38092,189.65215,72.39618,23.137375,-27.518341,-27.65812,27.596287,-40.103348,-5.5044837,-10.517765,-17.912016,-6.2515984,-16.41613
FADS160,u,9,ADS,29.64,149.99999999999858,-668.3579,155.1304,96.505936,64.08317,30.761635,11.95425,-3.9594207,-9.547176,5.8148155,15.259788,14.617292,15.317593,14.36653
FADS160,a,9,ADS,33.45,99.99999999999432,-329.09778,169.29805,-35.441467,33.332146,-54.986183,-21.871502,44.477577,-3.0264287,-13.948259,-27.63886,21.980124,-29.136692,4.443651
FADS160,a,9,ADS,36.64,130.00000000000256,-244.00218,140.84244,-64.17096,6.3467875,-42.52913,-25.95411,57.196327,-21.832722,-6.514058,-22.760029,10.640302,-14.583642,10.801396
FADS160,i,9,ADS,43.8,90.00000000000341,-420.68597,137.41013,-14.005711,106.15716,22.885227,-35.85087,8.385601,2.0436192,-25.200977,-30.465607,-17.818333,-20.698978,-13.11387
FADS160,i,9,ADS,45.78179108083224,88.20891916775508,-375.131,90.3125,-44.57438,95.39931,19.705173,-48.390438,20.38829,-8.169583,-24.715578,-48.688038,-8.442131,-27.232065,-27.853653
FADS160,a,9,ADS,51.77307482680941,135.13471307143732,-299.88306,181.43027,-83.77794,0.5199946,-31.799946,0.025219858,28.69355,-19.753307,-11.049776,-23.186184,34.640366,-10.738726,-14.906127
FADS160,a,9,ADS,53.12,130.00000000000256,-381.95746,176.182,-74.0129,7.28261,-43.812836,-2.5648036,35.3082,3.6700568,-14.345904,-12.007809,30.726227,-15.664015,2.9751296
FADS160,a,9,ADS,54.21553349751362,114.4665024863798,-394.1262,213.09476,-7.981667,-10.996004,-57.61116,6.383377,43.520058,-24.91589,-19.498583,-14.753513,5.9370546,-30.093512,3.976335
FADS160,i,9,ADS,56.22448293768139,65.51706231861232,-390.72458,113.86201,-28.235668,98.21411,17.343916,-23.180431,-1.25019,-8.708709,-36.70508,-29.909397,-8.211802,-15.791912,-16.068014
FADS160,i,9,ADS,62.97647488891182,43.52511108818646,-444.13293,121.021866,9.800814,101.686874,30.924837,-37.89608,32.156925,-5.856526,-28.580303,-35.486546,-17.936895,-37.195946,-18.172556
FADS160,i,9,ADS,63.27311206394671,56.03146639546708,-390.0988,89.30653,-32.381775,72.985,41.946545,-13.326659,-12.589584,-5.5345726,-32.291183,-24.914417,-10.87228,-33.571907,-13.39237
FADS160,a,9,ADS,63.48,90.00000000000341,-259.1112,151.23904,-87.46839,-14.274195,-19.545715,-13.796165,14.413007,-27.81356,-10.930067,-35.53624,36.479298,-5.5306196,-13.427082
FADS160,i,9,ADS,69.27359488602578,96.40511397422813,-401.85925,72.69628,38.14515,113.2495,19.512287,-37.16613,34.027275,-3.5293312,-42.712902,-22.961052,-24.496778,-35.871,-14.422285
FADS160,i,9,ADS,70.66,103.10012311489913,-445.75925,137.43446,2.6537507,98.303215,35.586197,-38.28609,37.224083,-21.659882,-16.895988,-38.025074,-20.840925,-7.754099,-28.903988
FADS160,a,9,ADS,72.65,99.99999999999432,-339.08054,163.68353,-30.189903,36.48815,-76.01865,-10.3592,46.39418,-6.8467655,-16.20366,-8.175467,14.954155,-21.65543,22.584782
FADS160,a,9,ADS,73.42,79.9999999999983,-305.45502,164.00452,-42.34528,18.448757,-58.070374,-25.882053,50.63801,-9.63903,-21.79578,-17.543425,23.20632,-20.268291,11.440847
FADS160,u,9,ADS,78.9,109.99999999999943,-478.8168,181.87933,50.222836,33.583057,-22.165234,-4.962785,19.557297,-15.699978,-17.627277,-7.123152,-4.23857,-19.854723,-12.188902
FADS160,u,9,ADS,87.17136852105197,118.63147894803205,-486.6529,200.87022,58.61194,32.73124,-20.778137,-13.5905695,28.235039,-47.448967,-7.6833735,-6.1771936,-32.514534,-9.950416,-11.303749
FADS160,a,9,ADS,95.25,120.00000000000455,-370.1477,184.86896,4.4706078,0.064156055,-62.689373,-0.5579209,50.306313,-12.064102,-21.319908,-16.627195,31.140781,-14.725188,13.6951065
FADS160,u,9,ADS,97.28,116.37826949083774,-593.1753,190.2165,49.901627,65.24718,30.927292,-15.570126,-20.873947,-24.786793,-15.423457,-11.254866,-1.6747712,6.069544,-7.376041
FADS160,a,9,ADS,99.52,109.99999999999943,-336.24268,181.49562,-29.68033,14.147173,-62.33726,-10.227339,49.870686,-14.89518,-21.730686,-25.542591,35.40483,-16.320875,-5.314866
FADS163,i,9,ADS,5.591253246124503,118.74675387549694,-493.7222,104.606735,7.5669303,137.84976,11.030254,9.226011,-1.2913679,-41.7028,9.516105,-28.402908,-4.8823643,-21.67737,-3.6873784
FADS163,u,9,ADS,7.078190815188971,161.80918481102947,-553.9704,161.20795,25.111855,62.538292,-4.7569685,-38.74022,2.9045324,-22.623516,-22.814787,-1.9162585,-16.470104,-17.21912,-35.341583
FADS163,u,9,ADS,8.03,110.00000000000121,-600.838,186.34866,65.96364,62.339806,-24.687412,-0.19405246,-4.832051,-39.627705,9.38182,-3.0952873,-20.688446,-2.6335497,-27.260715
FADS163,u,9,ADS,8.36,179.99999999999972,-492.40985,175.78381,-2.6907651,69.448425,-36.772232,-22.114609,0.95659816,-41.84057,3.198977,-14.6886,-38.014626,-9.866997,-20.133968
FADS163,i,9,ADS,8.984123474708062,75.87652529193889,-429.15646,140.46165,-29.50771,105.51631,-0.85194653,22.096561,-25.267315,-48.061882,20.18296,-29.611664,-10.8539295,-16.15252,-7.6210213
FADS163,u,9,ADS,15.95142218469921,158.57781530078972,-509.80844,167.27316,79.17979,60.065716,0.15321696,-11.727332,-29.80396,-21.412033,-3.2074885,-5.166916,-3.91231,-12.562718,6.7697463
FADS163,u,9,ADS,19.92724943417216,92.75056582783847,-569.40845,202.29663,61.15587,42.49846,-1.7708906,-13.363941,-13.793539,-33.89347,-4.0342803,-0.23768768,-4.5848627,-17.33902,-19.858116
FADS163,u,9,ADS,28.92,119.99999999999744,-492.1547,182.72615,35.677788,73.85098,-29.562777,-32.049908,16.75916,-37.129593,17.565842,-20.33495,-7.9939103,-10.671359,-33.929497
FADS163,u,9,ADS,29.76,189.99999999999773,-473.59097,204.5225,14.422585,62.55323,-40.896027,-16.118073,-15.733756,-30.634905,29.84604,-13.661133,-27.360237,-25.342892,-27.41655
FADS163,a,9,ADS,33.72,79.9999999999983,-348.0677,205.26155,-78.514145,33.75929,-46.45932,3.9153032,5.8026643,-23.994347,17.767366,-12.301298,-2.1496017,6.679937,-0.80018735
FADS163,a,9,ADS,37.44,179.99999999999972,-434.9185,199.24612,-42.579433,13.254998,-25.902622,19.324791,3.0918484,-10.152673,18.76624,-20.476393,3.5478246,4.168375,4.759403
FADS163,i,9,ADS,45.4018250593537,128.17494064630353,-596.7092,92.90053,42.254757,130.9108,16.082787,24.817997,3.9860969,-11.875587,12.240898,-41.646954,-10.754566,-6.751727,-19.400274
FADS163,i,9,ADS,47.86,130.00000000000256,-569.848,114.41788,42.204216,127.81694,10.091263,28.690067,-11.825955,-52.702812,-4.6069546,-32.993736,-11.5667515,5.4230986,-2.5820203
FADS163,a,9,ADS,52.96162784746085,168.7335109367396,-419.7847,208.101,-70.33038,8.569285,-15.154218,4.541504,-5.602646,-30.940716,32.986137,-15.902538,-15.127182,21.9001,-16.061829
FADS163,a,9,ADS,54.43,100.00000000000142,-483.7421,196.82771,-27.376757,7.840694,-29.285055,-20.15808,14.569527,10.417274,0.019713916,11.862895,-5.688987,-17.29044,1.5700716
FADS163,a,9,ADS,56.06,99.99999999999432,-456.47855,218.5105,-33.265003,11.108496,-33.89414,-5.048604,8.730368,-4.582733,7.236739,-2.3967917,-8.999621,15.29464,-0.19548261
FADS163,i,9,ADS,59.17029230942567,129.70769057432818,-556.809,99.480835,49.446785,128.31552,26.143974,4.4077134,-10.513042,-59.85968,10.943642,-34.23085,-11.270603,17.624084,-10.246357
FADS163,i,9,ADS,64.4,59.99999999998806,-597.2615,130.57373,21.060848,122.1098,37.218746,13.515128,-19.944042,-27.300941,10.676901,-33.440125,-7.0947475,10.747621,-3.2489648
FADS163,i,9,ADS,64.75,79.9999999999983,-484.76678,77.10788,7.858592,169.31424,10.217244,3.2498984,-10.397951,-47.0882,15.326907,-18.936962,-20.880894,1.4906114,-9.19125
FADS163,a,9,ADS,65.09,119.99999999999034,-358.50394,184.08803,-58.718826,16.528027,-25.516724,-13.103149,1.2637477,-25.503277,4.026214,-7.113814,-3.848449,30.338657,2.9093053
FADS163,i,9,ADS,72.93,139.99999999998636,-544.0548,83.93619,39.951447,140.54819,29.61567,20.599928,-12.0623455,-31.595623,15.361486,-34.223408,-11.696674,8.5926285,-6.202639
FADS163,i,9,ADS,74.88,116.75468195070948,-589.63336,97.29024,49.633408,143.58948,21.102598,5.0466375,-15.230564,-45.8332,10.125409,-17.334707,-3.1079803,-4.2498245,-16.32193
FADS163,a,9,ADS,76.81,53.3112187581537,-629.2457,129.74231,-0.647876,7.8391943,6.548107,25.845749,3.9583452,14.089054,22.884823,-0.57641184,14.348556,25.549267,-4.899536
FADS163,a,9,ADS,78.21,100.00000000000853,-461.255,193.23338,-38.70835,4.437435,-39.529854,0.8834301,2.1062064,13.664511,3.9418263,-3.7860131,15.820473,-6.1681247,6.199716
FADS163,u,9,ADS,81.12,99.99999999999432,-547.34863,192.31808,44.726616,47.393806,-25.28996,-23.213856,7.378866,-25.884743,7.3530035,5.8719516,-4.2558894,-1.6819749,-4.3442116
FADS163,i,9,ADS,81.36,56.716324936587625,-433.43457,184.94113,-16.889128,57.723976,9.454082,22.900173,-13.191491,-88.92912,26.293934,-3.3852754,-38.60354,-5.9170284,-14.195787
FADS163,u,9,ADS,84.91640745294544,113.59254705456578,-636.71655,179.10696,89.62895,49.89114,1.2057804,-1.2886244,-6.9664874,-25.484964,-4.929055,-2.6406229,-15.1197,-14.46853,-17.186543
FADS163,u,9,ADS,95.41021518741256,135.30517386435292,-556.63446,184.19148,44.451004,87.30545,-30.958494,-18.794582,16.719559,-44.615852,0.040278196,1.7670178,-14.365316,2.7441862,-10.845518
FADS163,a,9,ADS,105.79,219.99999999999886,-503.1966,170.56775,-3.1369047,17.349495,-21.951519,21.897747,-11.551086,3.3120394,15.864859,-15.884357,0.30374336,-14.7940235,-6.6692886
FADS163,u,9,ADS,107.8,140.3990374728039,-625.1362,183.61607,79.01227,75.14288,-12.355006,-4.576759,-8.394295,-35.83305,-3.8808424,-11.909222,2.2579532,13.739316,-17.167364
FADS163,u,9,ADS,109.35,120.00000000000455,-558.7455,180.45154,11.441217,52.886078,-17.75816,-11.709261,13.872436,5.1756163,6.574009,-0.8420223,0.34859192,-5.3799944,-1.8107429
FADS163,a,9,ADS,110.11,124.73713726150493,-382.3068,189.90018,-57.810284,28.358208,-44.930077,-10.487127,7.2356243,-35.523438,23.743454,-18.672798,-10.227454,9.304426,-3.5605607
FADS164,i,9,ADS,8.567156893056097,142.84310694390356,-402.5838,111.52011,-6.833501,126.485756,9.890712,-0.79511666,-13.211309,-28.551327,-9.97165,-14.799173,-39.09452,11.339415,-8.147888
FADS164,u,9,ADS,10.15,169.99999999999994,-599.2439,234.7913,75.49155,29.072252,14.412426,-18.956652,-25.772308,-4.042371,-10.446906,-13.119011,5.7997055,-0.8107286,-13.804935
FADS164,u,9,ADS,11.63,179.99999999999972,-502.39737,186.91376,48.487022,11.71136,-16.643154,-7.174427,-21.793633,-1.8164154,0.02031517,-43.1407,0.6727387,-17.078056,-23.353539
FADS164,u,9,ADS,12.011650301836,238.34969816400076,-527.736,203.51987,51.897232,35.743866,-25.494663,-6.683438,-30.53075,0.70549273,10.424408,-26.11273,3.3594444,-0.40060496,-13.383724
FADS164,i,9,ADS,13.25,119.99999999999922,-389.98184,132.47348,-26.639547,115.96654,5.893235,-6.8486986,-9.795113,-14.804103,-14.9759865,-16.641186,-22.374851,7.551698,3.1241329
FADS164,u,9,ADS,23.35,149.03863938928907,-565.7516,193.51303,77.96704,42.43006,2.0565505,-29.878805,-29.882454,-6.6109314,3.1635456,-5.3483934,3.283771,6.387456,-12.886871
FADS164,u,9,ADS,28.68600131128209,123.99868871790787,-411.67383,161.05792,31.168114,20.596315,-30.123116,-4.8873386,-10.891783,-5.598099,-3.4572778,-43.034058,-25.06934,-19.056774,-26.361225
FADS164,u,9,ADS,39.68,140.00000000000057,-561.7101,215.9288,70.769135,60.27807,8.250991,-14.667685,-29.72771,3.3698516,9.241844,-10.465368,14.6532545,7.920068,-9.247608
FADS164,a,9,ADS,44.93,140.00000000000057,-381.34418,178.19801,-44.47435,3.4031963,-23.926918,10.322397,15.993809,29.3687,-6.6662555,8.717637,22.742044,-9.3504715,12.012208
FADS164,a,9,ADS,48.25,149.99999999999858,-347.74954,189.63132,-47.767387,12.804636,-42.603188,8.513693,19.071203,8.725262,-4.1460495,-5.9004774,21.050583,-7.2760158,4.837227
FADS164,i,9,ADS,58.0330283562818,116.97164371820179,-454.41913,112.32228,-6.3227377,142.9875,-2.676627,35.589622,-14.915124,-28.736197,13.195667,-37.257248,-19.538395,8.479662,-0.6188849
FADS164,i,9,ADS,61.0337136220817,136.286377918303,-531.4973,117.491394,54.821716,100.09191,24.953125,38.469162,-19.616924,-10.308552,26.403671,-27.466301,-8.322844,13.704544,12.830288
FADS164,a,9,ADS,66.2,99.99999999999432,-328.1177,182.92084,-50.583206,1.9004731,-32.098946,26.036362,-20.230663,29.482323,-7.7368097,4.976143,14.004333,10.562681,13.620592
FADS164,a,9,ADS,68.12,189.99999999999773,-358.46576,171.80176,-39.38755,1.8101223,-35.64716,7.074995,24.077568,3.2748055,-3.4873533,-3.3505464,14.236938,-8.506643,2.697748
FADS164,a,9,ADS,70.18,129.99999999999545,-379.94763,158.51611,-34.893616,2.4463875,-38.478065,3.135761,-12.607506,-6.2692757,-14.677513,2.780664,12.537827,-8.294381,-3.574965
FADS164,i,9,ADS,73.3449171861984,94.54374547942734,-400.37097,109.31525,-21.327354,124.434525,-1.7255273,7.2658324,-21.004505,-30.618874,10.856249,-29.310406,-17.44696,9.289565,14.448095
FADS164,i,9,ADS,79.89,90.00000000000341,-418.944,124.73358,-8.888416,114.952484,15.892057,-1.7587885,-15.032456,-29.991966,1.5360848,-25.369015,-35.06252,16.410168,0.531873
FADS164,i,9,ADS,80.3,100.00000000000853,-417.97598,112.71041,-7.4951015,148.58057,5.494337,12.849838,-7.8229527,-26.427464,20.585892,-40.12803,-4.4664974,8.908664,2.3593695
FADS164,a,9,ADS,80.68,119.99999999999034,-334.10852,192.41594,-53.025875,11.247601,-32.55141,18.025341,-20.208755,-2.2467647,-13.853226,-3.1225522,21.614857,13.632481,7.1199713
FADS164,i,9,ADS,90.76,157.07868714311246,-500.73016,128.27824,35.5358,109.46507,13.573339,26.74615,-17.393944,-26.99844,24.477463,-34.34226,-13.14818,1.889636,4.1120625
FADS164,i,9,ADS,93.33385730705449,126.14269294550695,-499.47794,88.23903,66.43746,98.08003,22.210705,23.62246,-24.722187,-5.362568,17.316078,-49.266968,-13.382407,0.7259443,6.440597
FADS164,a,9,ADS,97.29232647378726,87.67352621273972,-322.65277,138.97821,-13.482755,-3.2555935,-27.972425,8.789057,-10.871621,-5.040896,-19.436043,1.9257286,26.590342,13.600787,-2.0665224
FADS164,a,9,ADS,98.53,99.99999999999432,-283.31516,168.23979,-52.129707,3.0452492,-45.102127,3.5814312,-0.9317789,-10.279702,-11.1701975,7.4338636,4.009495,5.4966908,-0.47018385
FADS164,i,9,ADS,102.14,52.227055783703236,-373.18173,131.11554,-36.973946,87.42487,9.942579,-12.529659,-26.856533,-25.380005,-5.787503,-28.107439,-17.410349,-7.573273,3.7986627
FADS164,u,9,ADS,106.840859536482,139.1404635180038,-529.11017,205.32524,39.309456,51.492,-6.741519,-15.044589,-12.873892,5.3959155,4.281582,-16.4906,11.771225,4.692879,-21.18052
FADS164,u,9,ADS,121.65,129.99999999999545,-529.7101,233.55553,43.41021,55.26926,-3.9324555,-20.456713,-12.085291,5.040539,7.77794,-5.9697413,18.596416,0.462592,-17.364971
FADS164,a,9,ADS,132.54,189.99999999999773,-349.09448,195.1211,-7.085144,-12.815287,-45.22604,22.187195,7.2177024,15.570221,-13.850342,1.2689482,9.417198,-12.244625,17.808876
FADS164,u,9,ADS,134.732752775507,150.15771340850392,-545.0565,233.68393,53.164764,25.08818,1.1125816,-19.39336,-17.869102,11.065035,12.453268,-19.36875,0.52706444,-1.6527194,-17.169754
FADS164,a,9,ADS,137.76,150.00000000000568,-412.87372,214.53925,-0.23777555,-9.690872,-57.439823,13.776619,7.4486446,-23.67634,6.59449,-1.3979857,19.268589,1.4925948,19.30328
FADS165,i,12,ADS,6.11,120.00000000000011,-436.26596,65.432724,13.178768,131.73358,8.356212,-23.296242,20.859879,-57.224762,16.14515,-34.457848,20.007427,-9.07736,-9.0019045
FADS165,u,12,ADS,7.83,160.00000000000014,-638.6585,180.77747,99.78032,59.147152,-14.581543,-8.612088,-5.9289074,-27.22968,9.79773,-5.498208,-8.437871,16.281265,-6.7980347
FADS165,u,12,ADS,8.547820465214501,262.1795347854992,-604.8697,191.28342,89.97366,68.778656,-6.000119,-13.542599,17.594994,-41.56198,-13.510399,5.0892243,-7.2081747,5.6341047,-9.579528
FADS165,u,12,ADS,9.047181712499654,265.7858428823303,-628.8895,173.17006,89.586975,65.48683,-11.1250515,-15.894469,12.175285,-38.468613,-5.879468,7.8395395,-20.019989,-4.6505,4.2204037
FADS165,i,12,ADS,9.79,130.0000000000008,-419.6734,92.51401,-7.1818914,128.71939,14.8621025,-32.513657,32.531067,-57.321434,-0.7630557,-36.661057,2.124897,-4.6761894,-10.940207
FADS165,u,12,ADS,16.44,190.7296556127278,-553.83594,124.71276,107.433716,75.08649,-0.83704436,-15.645724,-1.8463552,-42.127213,-24.691826,5.108615,-25.235447,1.1186656,16.980297
FADS165,u,12,ADS,18.9,110.00000000000298,-566.4168,186.63791,72.48758,80.76305,-38.97256,-23.504755,23.881153,-46.977406,-0.037300676,22.02272,-21.63296,-12.289337,-2.9892788
FADS165,u,12,ADS,26.63808182746779,115.23581999095,-572.27576,182.83475,72.51514,69.68584,-26.872854,-18.678114,19.634323,-63.12039,-6.4434266,16.399683,-17.123692,0.9922507,-3.484886
FADS165,u,12,ADS,27.75,129.999999999999,-678.8544,147.93086,87.11853,80.21922,-2.8524506,4.469159,8.774242,-26.779533,16.292751,14.587187,-5.5964847,-0.8385247,-13.248312
FADS165,i,12,ADS,40.26426472140956,135.7352785904382,-566.6942,90.75035,54.638443,103.95619,14.989662,20.648483,16.103846,-9.957416,-8.88969,-24.853153,11.283627,-11.929823,4.6626577
FADS165,i,12,ADS,42.75,130.00000000000256,-476.4324,80.1345,18.53024,127.76425,-8.500193,4.1072726,17.935143,-38.08383,15.363619,-40.41784,17.918076,-14.222157,-3.0004525
FADS165,a,12,ADS,46.13426522046692,135.68088482804086,-481.56824,174.89905,-45.183514,21.861183,-40.480537,19.776178,14.553051,-5.0396004,5.9812384,-7.864548,18.310562,-0.8924312,-15.433288
FADS165,a,12,ADS,49.6,140.00000000000057,-316.24164,152.20248,-59.551395,27.524784,-62.870552,33.06071,15.458533,-21.35424,5.527132,-15.545774,16.657265,3.989345,-1.1045816
FADS165,i,12,ADS,56.24,61.75630791288711,-610.39734,88.34346,41.13153,105.401955,24.94513,4.1525297,0.74667585,-4.080249,-9.1731205,-17.14024,12.200552,-14.238816,-6.770031
FADS165,a,12,ADS,57.2,163.90999944072604,-424.23712,189.89041,-63.206482,35.71501,-39.03645,21.718447,10.614429,-13.062731,14.989922,-1.6169715,17.908413,2.9542115,-8.0567665
FADS165,i,12,ADS,62.79,114.69345865842939,-426.24332,89.020966,8.107152,122.1468,13.798643,-14.888551,21.86923,-57.96377,10.347488,-49.681103,11.999478,-14.640762,2.9401338
FADS165,i,12,ADS,64.15,118.85639747383436,-395.94415,72.40042,-13.338282,138.94046,-10.299383,-1.5229394,16.541752,-45.015102,2.235074,-43.072388,9.364601,-17.754028,3.5062978
FADS165,i,12,ADS,68.05,59.340268629597404,-500.4458,190.20787,-23.740862,43.47406,33.545372,-9.631718,13.197723,-45.582848,-18.185398,-9.803676,10.694175,-6.8628807,5.6837716
FADS165,u,12,ADS,79.1,170.0000000000017,-599.32825,179.62839,79.935196,98.42897,-25.160637,-15.860532,15.624352,-45.35977,-4.3476725,8.178444,-10.901066,9.776142,1.1516285
FADS165,u,12,ADS,88.21063039667602,120.8117467646872,-656.15424,175.44324,80.45506,54.234894,-21.734722,-4.771482,3.5768611,-28.359669,-5.6291647,1.0525229,-24.503582,-9.15482,-4.216718
FADS165,a,12,ADS,90.36,120.00000000000455,-322.53748,156.71112,-45.18857,18.14728,-69.76004,8.167585,13.282086,-31.090672,-2.2330668,-9.406889,18.763374,-0.77017474,8.042064
FADS165,i,18,ADS,4.81,127.73742155983302,-415.3087,61.834274,19.02943,151.85846,6.728762,-28.358463,21.847195,-62.035122,-16.652323,-20.656643,-2.8764253,6.7388663,-20.461681
FADS165,u,18,ADS,6.462998445203937,247.00155479606335,-613.6547,188.50868,81.98776,73.894775,-4.425669,-6.858387,-0.123859584,-40.26103,-24.358408,-13.072445,-5.600995,12.39086,-11.753242
FADS165,u,18,ADS,7.463922848498419,156.07715150158086,-587.0282,201.07416,75.74989,64.971565,-30.544603,-5.9285088,14.244084,-42.048695,-8.380339,3.9224439,-17.126688,7.820407,-10.1577835
FADS165,u,18,ADS,7.850560637046155,209.43936295384535,-582.73334,165.93475,57.955605,51.46007,-22.480705,-15.73637,0.3799994,-46.09507,-24.751747,-18.709257,-22.238777,1.9904923,-11.4337845
FADS165,u,18,ADS,14.58,207.50980502016958,-505.7093,184.00105,66.40876,82.15474,-37.025085,-24.158482,-0.121786356,-54.113445,8.419106,12.354588,-19.922253,-13.53842,-3.1990995
FADS165,u,18,ADS,16.65132059614523,116.18948901838166,-455.4808,165.50235,23.476158,66.450485,-36.908157,-46.95936,28.35277,-45.58207,-10.472147,10.8864765,-8.326926,-12.737171,-11.2655325
FADS165,u,18,ADS,23.44165816898258,167.64483415508735,-547.0983,216.44092,62.90457,61.689644,-23.557318,-36.363945,10.120102,-38.528862,-3.4738698,-1.6469178,-16.021101,-4.979866,-18.455313
FADS165,u,18,ADS,24.48546545831473,244.5345416852689,-567.3263,203.63132,64.11096,69.930725,-31.245926,-42.669815,8.442207,-34.707893,-1.3571217,2.864254,-15.947918,-2.0891004,-18.211163
FADS165,a,18,ADS,30.23905885813548,111.20993948902225,-332.816,188.55864,-68.337524,27.168259,-73.73918,19.971062,24.65763,-10.74617,1.5301095,-9.103146,14.535358,-1.5163689,-0.8962933
FADS165,i,18,ADS,38.29822150941269,112.86978933213732,-475.3615,84.90559,34.31814,143.64505,-4.1449485,-8.493463,22.026775,-44.670815,-4.9830303,-32.57097,8.341396,-1.9636469,-0.6798423
FADS165,a,18,ADS,44.24,100.00000000000142,-312.41544,169.90466,-54.49478,15.207407,-45.76379,11.204035,18.190506,-26.846283,3.8078008,-25.54859,9.0365,-6.785777,-6.38048
FADS165,u,18,ADS,47.85,199.99999999999574,-521.6682,212.11539,53.064346,64.65262,-27.238539,-36.620842,23.774994,-38.257736,-9.297822,12.626923,-9.977574,-11.309431,-27.161201
FADS165,i,18,ADS,49.66,40.00000000000625,-462.4106,122.06566,-4.8311415,121.20885,5.584157,-3.152845,-1.9189358,-30.747469,-3.3581316,-41.00995,13.578809,-7.8220253,-9.543971
FADS165,i,18,ADS,55.2800754986546,147.72663603764613,-546.0806,103.22351,56.42784,123.16925,-7.6987944,5.5017824,2.2836866,-41.736954,1.2838316,-30.724035,9.584134,-8.258984,-9.3071785
FADS165,u,18,ADS,64.20916461228039,121.16903854773398,-556.8177,175.42953,84.26811,58.768036,-24.695297,-24.968605,11.644865,-23.540226,-10.738853,2.8835187,-17.767323,-10.339695,5.1583223
FADS165,u,18,ADS,71.08,134.59855445853464,-586.1516,200.5747,66.685135,36.499214,-22.077694,10.112438,10.035292,-16.507477,-15.733821,-3.9206755,-13.225116,16.842205,5.4577837
FADS165,a,18,ADS,77.82,160.0000000000108,-361.8966,183.79465,-34.581257,5.8503313,-71.43927,23.155972,27.45877,-22.335663,9.278652,-15.430868,15.531545,-12.0765505,16.247158
FADS165,u,18,ADS,79.12,88.61244957252268,-531.1632,199.83426,62.43213,67.58662,-58.78582,-15.356604,20.671385,-35.78537,12.248026,9.080636,-29.944408,-2.286516,-24.170254
FADS166,i,12,ADS,6.8,80.00000000000007,-431.0301,123.72663,-31.836931,132.1441,-5.1763678,-39.4547,0.21557647,-33.75969,6.8528156,-17.036549,-22.298918,6.6743617,-18.381832
FADS166,u,12,ADS,8.24,209.9999999999991,-680.4235,175.3352,89.94658,37.802505,0.4931061,-17.033249,-29.226381,-41.218613,-20.146183,-15.713949,6.3761663,1.8433435,-13.67458
FADS166,u,12,ADS,9.27,110.00000000000121,-568.5937,207.81512,45.900738,42.59408,4.4917316,-10.786638,-2.0055578,-17.21812,-5.1231737,-19.873573,-0.21453154,8.886833,-18.996094
FADS166,u,12,ADS,9.558117478295454,211.88252170454547,-590.56866,205.16907,59.694786,59.618065,-5.7130437,-20.878025,-12.574768,-16.787823,-11.889138,-20.306927,2.034356,4.861745,-15.081213
FADS166,i,12,ADS,10.22201559823284,97.98440176716028,-439.6615,134.32196,-45.08053,136.02608,2.641991,-29.972618,-11.065147,-32.720695,10.134719,-18.752972,-26.548077,11.616275,-14.604467
FADS166,u,12,ADS,16.74565893124388,126.77451536492867,-561.6047,188.53203,69.037254,44.893166,-3.8209186,-27.955185,-2.5659559,-36.43014,-11.156401,-17.455734,7.797988,-7.268739,-16.918228
FADS166,u,12,ADS,19.89,120.000000000001,-540.4517,184.81195,61.152283,53.61103,-16.692709,-25.150776,1.048448,-12.3672085,-6.6664705,-23.071957,10.07414,8.593397,-28.59136
FADS166,u,12,ADS,27.71,119.99999999999744,-509.23477,183.5571,43.80018,70.33229,-10.683374,-37.646706,9.751459,-9.599541,0.07640082,-24.391613,4.885749,-10.3642235,-25.845762
FADS166,u,12,ADS,28.66,149.99999999999858,-617.3391,176.57602,48.715256,61.69169,7.916852,-32.103737,-24.483963,-26.05148,-7.362298,-6.1727295,-9.358674,2.6578517,-5.5793095
FADS166,a,12,ADS,32.07,100.00000000000142,-409.66803,192.87073,-68.78209,23.699327,-31.185595,2.4469423,19.105148,-21.22544,11.714051,-10.334809,5.2674637,17.290348,-0.37816945
FADS166,a,12,ADS,34.24,100.00000000000142,-545.16595,185.10951,18.65319,11.932394,-39.63305,19.868992,14.143276,-2.8730733,20.573547,-15.270161,4.2200346,26.239822,5.5293083
FADS166,i,12,ADS,40.70507336341493,118.43408672249467,-471.59732,81.46548,-3.0741918,163.19934,-3.217089,11.352955,6.593065,-42.19837,-0.095484495,-26.734257,-5.1097307,1.1393316,-5.849369
FADS166,i,12,ADS,42.96,119.99999999999744,-447.14362,103.40159,-30.518528,146.46974,4.55882,-9.197306,-9.538937,-20.92712,-18.562923,-28.73262,-6.0718884,-4.024169,4.704115
FADS166,a,12,ADS,46.59,129.72125473644525,-441.12155,195.105,-65.90711,22.454924,-36.191345,5.898073,4.956294,-7.6591215,13.88044,-11.414658,13.124886,19.184479,2.7689168
FADS166,a,12,ADS,47.92,115.9817255742368,-420.36435,193.89626,-78.756165,27.391678,-30.684954,0.66577494,27.713274,-18.282202,19.715809,0.41443,2.4498346,19.170929,6.6443663
FADS166,a,12,ADS,49.19,90.00000000000341,-452.59674,182.46574,-47.420845,20.549576,-35.47278,32.707123,10.986149,-9.813065,20.980345,-0.18046243,7.2744627,13.128082,4.216723
FADS166,i,12,ADS,51.66784312148361,103.42131516613051,-484.97183,105.219574,-12.808757,151.6803,-1.244793,3.3516881,4.4769273,-33.996803,-5.102409,-19.75544,-10.155809,7.7837467,-5.702512
FADS166,i,12,ADS,55.56,59.99999999999517,-591.73773,94.16951,17.620049,125.326675,11.767662,5.9471216,4.7926846,-29.212812,-6.5706186,-16.824753,4.5394783,4.026878,0.28527838
FADS166,i,12,ADS,55.92,49.99999999999716,-555.7762,98.09215,35.554424,116.12009,5.6615305,18.895744,3.299686,-7.7068114,-10.507345,-29.022842,-1.5777231,-1.8335263,1.0229155
FADS166,a,12,ADS,56.21,129.18731655631177,-442.4173,194.62448,-56.73355,6.888731,-30.721222,9.129913,15.080139,-11.210009,11.228737,-13.691561,7.8684406,19.986883,3.1354966
FADS166,i,12,ADS,61.81,129.99999999999545,-481.03958,93.70149,8.431247,142.52997,5.6344295,-4.1718187,1.0769986,-27.343418,-2.774395,-25.033413,-2.4724998,-2.4499586,-12.117701
FADS166,i,12,ADS,63.23,110.00000000000654,-562.4177,91.070755,17.000895,129.80199,20.24453,28.719582,1.7804937,-35.18596,3.8387315,-24.324007,-1.7171757,12.256062,7.698903
FADS166,a,12,ADS,64.79367420000585,78.4000292388356,-360.53842,157.9593,-62.008045,22.457726,-39.52281,6.1462765,7.234031,-12.965506,12.038822,1.3313211,16.103033,9.600278,-4.5924416
FADS166,a,12,ADS,65.63,101.45613735507197,-456.27267,174.53041,-62.40012,8.184288,-33.523468,14.960365,0.91921294,-14.776983,3.8957512,4.4706955,12.505953,3.9620643,-14.375581
FADS166,i,12,ADS,67.74,40.00000000000625,-419.64688,157.76416,-69.623215,114.666016,15.395405,-23.79427,-9.955183,-38.82697,22.661318,-28.752628,-6.1484404,11.270981,-6.3691278
FADS166,u,12,ADS,70.43,99.99999999999432,-550.26355,156.96762,62.54169,43.632343,-16.645124,-14.354949,0.08107197,-11.767516,7.0515633,-15.534959,-2.8230047,-3.6830406,-13.826137
FADS166,u,12,ADS,78.9,109.99999999999943,-525.62213,201.49915,33.936943,60.548347,12.89752,-43.25222,-8.677616,-25.528366,3.1774077,-27.13167,7.028166,2.2504613,-20.154678
FADS166,a,12,ADS,86.11,120.0222805031359,-464.66364,205.03809,-37.201668,19.612873,-37.524548,0.40912217,20.114952,-9.240758,2.7165687,-6.1906433,11.227685,17.145199,7.5285797
FADS166,u,12,ADS,87.75,120.42216330033284,-579.30023,190.52695,62.985245,61.94284,-0.91387457,-33.574516,-2.4963772,-1.9159898,6.6093206,-22.767193,10.202726,0.4111362,2.9849072
FADS166,a,12,ADS,89.3602881091548,100.08514370916544,-348.67307,184.05481,-67.38214,32.87464,-49.213333,0.8403752,17.363237,-18.809708,6.1645823,-16.798828,11.74246,18.196898,4.6417303
FADS166,i,15,ADS,4.944216024208133,99.36489111460567,-397.68542,108.96518,-6.2475553,132.7464,2.9849367,-19.933437,-2.3159308,-37.019356,-1.857613,-11.308434,-10.932142,-1.1540227,-9.711582
FADS166,u,15,ADS,6.31,180.0000000000006,-636.21075,179.34329,101.815796,53.244743,1.3400218,-26.419525,-24.432545,-33.9268,-12.803446,-14.1468,12.773515,-10.874831,-9.109177
FADS166,u,15,ADS,7.17,89.99999999999986,-584.2042,212.09213,51.70442,28.69693,-6.931258,-11.780592,-16.707047,-29.426003,-11.609376,-16.98423,9.172447,-10.025105,-27.666569
FADS166,u,15,ADS,7.428018789303585,173.08722968350665,-562.3578,215.12833,79.713455,65.99423,2.404628,-8.8741455,-15.368813,-14.268889,-0.593613,-0.9151796,17.026022,-2.8486147,-8.614095
FADS166,i,15,ADS,8.02,70.00000000000028,-416.32526,129.31659,-21.451023,137.73013,-9.249838,16.262272,10.279868,-36.455585,5.6043277,-23.33057,-12.111174,2.0130515,-2.9221125
FADS166,u,15,ADS,13.7,123.96495649202066,-634.8501,194.08302,87.9299,28.053646,-16.963287,-16.315826,-24.65395,-15.876401,-13.913139,-22.240032,7.55844,-19.479929,-19.052464
FADS166,u,15,ADS,17.0017401279631,108.98084831924137,-520.7882,189.08191,60.64315,69.36908,-18.861279,-22.81812,7.1213326,-38.240402,-4.501426,-12.143703,7.270444,7.7549477,-32.008026
FADS166,u,15,ADS,23.57,67.18289373566932,-502.03323,189.62842,64.25526,28.111168,-6.376258,9.3486805,-6.140398,7.8144493,8.488492,-4.9247637,13.567467,-12.485465,-11.333863
FADS166,u,15,ADS,24.42,159.9999999999966,-627.13806,194.93533,83.92792,48.28068,5.9873815,-12.697786,-12.708257,-14.849491,-12.662228,0.79250324,11.20945,-3.9038694,-19.30958
FADS166,a,15,ADS,27.95,110.53184913408032,-459.7679,211.92163,-45.687275,-4.889205,-29.937767,33.69422,3.011027,-7.274779,14.997459,6.3909655,25.327353,7.3638906,-15.57346
FADS166,a,15,ADS,30.12,124.12795189542791,-431.59787,209.05829,-37.541374,20.978638,-46.962204,24.28688,30.919361,-8.527854,2.9452722,10.486294,8.3563795,2.2895858,7.8233385
FADS166,i,15,ADS,35.94385138637042,134.62340086495317,-452.87427,101.74824,0.5477025,156.6596,-14.354488,16.176285,22.386631,-36.78145,-11.163328,-21.067535,-9.143412,4.433777,-2.5432572
FADS166,i,15,ADS,38.1287954839378,121.20451606219973,-530.2564,103.75592,22.706867,148.6698,7.8408647,25.371662,8.544462,-10.491047,-18.853653,-23.826893,-6.6554794,-3.033399,-6.1100173
FADS166,a,15,ADS,41.60225583695978,121.80212459211504,-453.5337,174.44412,-35.31585,25.892193,-46.401123,27.727545,23.159946,8.301808,0.14469206,2.389906,27.487423,20.800076,0.78409135
FADS166,a,15,ADS,42.86,100.00000000000142,-475.58575,187.17403,-32.983543,10.202071,-37.50958,23.168139,17.525816,-1.6712638,9.831898,10.8580475,3.7230976,14.137698,-3.2232838
FADS166,a,15,ADS,44.02,89.9999999999963,-445.74805,210.28932,-38.44863,12.9015465,-37.287933,27.202095,24.106007,-10.332654,15.7695675,2.8782969,8.997054,20.70145,-0.85854316
FADS166,i,15,ADS,46.24,111.07201014589663,-505.67654,109.762695,-3.8865447,136.6612,2.7884862,9.060808,6.9589043,-23.853954,-18.717655,-29.878515,-2.8598256,-2.3041954,-0.3669232
FADS166,i,15,ADS,49.54,60.000000000002274,-503.08453,102.91881,19.840347,130.10721,-0.5524973,11.117974,20.175236,-20.932873,-16.01334,-27.06623,-0.50183547,4.377464,-7.379421
FADS166,i,15,ADS,49.86,70.00000000000028,-487.06528,116.704025,-11.641846,139.54175,1.679147,11.31469,11.442411,-11.252583,-10.953394,-29.429289,8.508299,-14.178315,-2.3758037
FADS166,i,15,ADS,54.99,130.42843312279473,-485.81964,92.87747,6.5793285,150.18478,2.634867,20.16196,24.139053,-15.147967,-17.442284,-24.67838,0.4441924,-2.6281123,-4.632497
FADS166,i,15,ADS,56.33788650652956,92.11349347044262,-444.3948,100.883026,-18.950684,143.72092,-9.193344,20.163628,16.709492,-19.3692,-1.2741183,-26.357395,-7.7289324,7.627818,-5.261785
FADS166,a,15,ADS,57.86,90.00000000000341,-454.25024,190.45364,-35.200165,-1.2103329,-37.994698,22.075714,15.596975,-17.975643,8.3458805,7.4499445,50.566254,12.869612,-27.710804
FADS166,a,15,ADS,59.63,82.47046978574701,-337.9505,172.94441,-52.84656,20.479027,-42.85289,22.433706,14.981297,-3.679595,-2.1257038,8.253822,36.42501,0.45210302,-8.113253
FADS166,i,15,ADS,61.69660462922472,53.39537077527723,-413.64597,180.13257,-48.37535,96.71985,15.370382,-19.61644,-14.709658,-28.08104,12.837635,-31.371489,-1.0700631,1.6801778,-4.3542724
FADS166,u,15,ADS,64.4199358259955,70.06417400450005,-536.28314,182.61285,66.627975,64.88861,-27.30095,-11.179106,-4.900605,-22.246292,3.0874925,-20.01009,-2.8294702,14.717124,-15.585912
FADS166,u,15,ADS,72.75593751294342,102.57021018281876,-492.89322,164.17241,96.09517,57.352074,11.909279,-19.461739,-12.2677765,-2.5632033,-5.16724,0.545877,11.965184,1.2055751,-9.478888
FADS166,u,15,ADS,81.51,92.57175755854519,-595.1613,205.71806,68.88936,25.05863,-2.5708172,0.69795257,-17.922869,-0.2946573,0.06580061,1.7063503,25.523502,4.297387,-7.4186754
FADS166,a,15,ADS,83.01,107.86983958104202,-425.64755,187.65498,-45.76036,26.304531,-39.942425,11.509577,21.562778,-12.954499,13.178686,-3.1412861,17.627693,7.861069,-6.6297665
FADS166,i,9,ADS,5.01,70.00000000000028,-434.94968,123.475716,-17.011124,144.9881,3.1267612,-23.401987,-4.6198673,-36.681625,-8.690989,-18.229862,-15.7836895,9.373071,-12.560634
FADS166,u,9,ADS,6.34,179.99999999999972,-581.904,179.99191,79.35872,34.60343,17.709984,-36.511868,-11.132919,-34.091248,-12.885805,-29.506231,18.451218,-3.3864384,-10.026785
FADS166,u,9,ADS,7.353127634105648,96.87236589435244,-606.9264,202.57362,69.5347,52.46653,-0.71147895,-15.266256,-5.342883,-22.612587,-14.574223,-15.850859,7.475992,8.340775,-15.566826
FADS166,u,9,ADS,7.62,259.9999999999998,-584.03107,207.32587,61.82196,55.185875,10.615611,-14.077421,-21.26649,-23.471977,-11.959839,-13.586127,-1.908609,7.5206633,-12.359148
FADS166,i,9,ADS,8.25,99.99999999999964,-444.09756,121.90676,-8.1045,130.09122,-28.765854,-24.0158,5.406432,-13.407543,17.433264,-18.123766,-24.95176,10.783426,-2.1511316
FADS166,u,9,ADS,14.15,102.01771119322878,-554.2779,181.37178,62.22982,43.468513,-21.67316,-36.524506,-8.615996,-51.51383,-8.121651,-19.299095,23.129696,-12.090431,-22.734346
FADS166,u,9,ADS,20.41806759737187,81.93240262813006,-479.61786,155.79233,50.770103,54.676796,-12.994038,-17.626518,-1.2358544,-27.685608,-2.7347188,-4.071868,-5.9021797,-1.4101552,-25.051506
FADS166,u,9,ADS,27.93,100.00000000000142,-523.92755,188.99084,53.199455,61.34234,-20.3545,-18.647373,-12.950752,-24.427444,6.1534367,-29.107117,8.289301,7.6195726,-42.687416
FADS166,u,9,ADS,28.83,90.00000000000341,-650.3807,187.3327,93.52955,51.80907,10.513719,-14.81664,-24.112892,-4.809109,-9.715357,-10.1483135,-1.5924618,6.293515,-2.7300086
FADS166,a,9,ADS,32.55,60.000000000002274,-496.14108,199.05005,-45.821785,-2.3555152,-24.969044,-10.772997,16.757113,-4.5952005,3.626936,-1.1750534,7.7671385,22.311321,-0.5452904
FADS166,a,9,ADS,35.05,91.92097340712024,-473.41943,179.03183,-50.742233,22.250101,-15.704839,16.885845,6.153652,-1.2266645,2.3683393,-4.7721996,29.3539,10.644267,-4.012041
FADS166,i,9,ADS,41.60522838004879,114.12819170550392,-452.33572,81.16464,2.413353,145.12466,-5.7904196,-1.4294351,1.0889986,-25.130106,-5.6966777,-26.289923,-0.7678744,7.077766,-9.355139
FADS166,i,9,ADS,43.79,90.00000000000341,-467.2715,98.07829,-15.247351,127.30528,-6.5482492,0.87119997,0.27619606,4.88344,-13.626524,-16.190535,0.19038764,-15.644605,-22.609022
FADS166,a,9,ADS,47.52297025149316,118.16812769509966,-432.1782,172.36026,-52.412125,41.376335,-43.20546,25.49673,5.2862706,3.2332864,16.430101,-15.911871,18.56076,8.728785,-5.4797
FADS166,a,9,ADS,49.12,100.00000000000142,-469.10785,170.00497,-25.118938,16.425432,-44.002174,42.915894,-2.392893,-5.7571964,21.912914,-7.911124,2.7578115,10.846084,11.785432
FADS166,i,9,ADS,53.12120622085317,88.79377914683317,-442.88168,100.81964,-25.345436,158.71579,-1.7545259,6.9368544,-6.2131624,-38.875908,-9.272142,-28.423794,-1.9007754,8.645472,-16.523357
FADS166,a,9,ADS,57.98,91.95796528028666,-512.95325,180.98643,-9.924635,15.276678,-8.260545,10.949155,-5.788724,-6.7937827,-1.8983867,-5.3828,15.520611,8.154243,-8.159657
FADS166,i,9,ADS,63.96057560168324,109.42439831675443,-537.958,98.73959,31.242321,149.71243,3.5443566,3.2413373,5.0218163,-13.4364195,-11.041634,-26.184256,15.155399,-3.9186835,-8.805217
FADS166,a,9,ADS,67.15,94.49287409246665,-433.19095,144.17636,-19.624523,6.2512035,-25.752607,11.796618,0.0027491078,-5.256645,-3.3029027,2.970187,33.71746,10.991833,-8.6819725
FADS166,i,9,ADS,70.36,49.99999999999716,-427.47568,164.81879,-47.034462,110.87213,5.8330464,-16.36594,-10.5666065,-35.41832,15.692467,-26.56459,-8.806532,7.7515535,-14.40049
FADS166,u,9,ADS,73.23,129.99999999999545,-558.2741,196.07394,52.81205,53.70168,6.5309463,-17.049541,-23.840546,-12.372284,-6.308101,-1.1100773,13.409339,9.061222,-20.748909
FADS166,u,9,ADS,82.22,120.00000000000455,-548.14233,200.73318,26.104797,56.155956,39.49261,-39.732742,-36.62647,-12.733328,-13.035425,-16.165676,31.450657,8.180185,-21.124016
FADS166,a,9,ADS,90.05,130.00000000000966,-509.2192,166.82904,3.2552695,23.604069,-44.68759,22.20269,29.965954,-7.0749173,0.05747807,-5.5357804,16.209915,9.568955,-6.0308285
FADS166,u,9,ADS,91.4,91.93076924611887,-676.4625,162.69205,63.379326,45.922035,29.024715,3.5941234,-0.590645,-3.479025,-10.953636,-2.0854776,-0.85708404,-5.5738697,0.86518997
FADS166,a,9,ADS,93.27,113.37494786040736,-386.67114,180.97202,-34.752342,37.4019,-41.377655,8.174792,2.8173447,-8.669493,-4.555976,-17.42654,29.549633,7.0798683,-7.251948
FADS167,i,12,ADS,5.769811239604735,70.1887603952649,-512.44574,127.0582,8.423198,138.27055,-7.0957747,-29.486202,-0.14758953,-11.28217,3.7303052,-28.502308,17.312584,-24.669064,-9.54306
FADS167,u,12,ADS,6.86,129.9999999999999,-663.5529,174.7091,76.53624,44.239494,-0.36314535,-16.714605,-11.318621,-12.482336,-8.324349,-0.2569592,8.2252445,-7.8933253,-19.586145
FADS167,u,12,ADS,8.02,99.99999999999964,-509.35907,198.8098,16.408165,36.79689,-58.09571,-4.5147567,-6.9379606,-21.886318,7.011553,-28.548996,-1.0134387,-5.477466,-29.811317
FADS167,u,12,ADS,8.266562396425252,113.43760357474864,-563.0566,196.07925,29.768372,24.708393,-34.931404,-4.4201603,-14.364176,-20.67085,-8.017975,-25.022776,8.796779,-13.350864,-25.250782
FADS167,i,12,ADS,8.71,69.99999999999851,-483.79233,132.58081,-8.345649,135.26021,-0.67480755,-40.71131,-13.770033,-9.419039,-10.830884,-17.239443,6.6934166,-11.822559,-4.161848
FADS167,u,12,ADS,14.57,121.67765153608912,-655.5192,173.3511,88.14322,49.019485,-21.872086,5.348932,-32.014294,-19.637556,2.4203112,-11.036083,30.49002,-9.395897,-13.002953
FADS167,u,12,ADS,17.2,80.00000000000185,-558.6581,179.0286,68.944725,13.122847,-30.05011,-0.7168033,-12.684267,-14.009392,8.56935,-21.690472,-1.4193854,-14.479367,-23.62066
FADS167,u,12,ADS,23.76,79.9999999999983,-613.1226,207.37697,79.644356,36.852016,-11.614897,-14.176697,-15.388609,2.087277,2.2883117,-7.896637,-7.512209,-18.074677,-10.354549
FADS167,u,12,ADS,24.44,109.99999999999943,-633.7332,158.44788,38.6542,20.782677,12.511303,4.3575554,-16.228462,0.61398613,-3.5112205,-11.323906,13.233828,7.119501,8.366853
FADS167,a,12,ADS,27.45,116.41819243497054,-540.818,200.30518,-17.719103,2.4935071,-15.045543,-2.0758388,7.7873087,1.5690954,-2.0133953,10.348497,2.6302166,16.582281,-3.67143
FADS167,a,12,ADS,29.56,89.99999999999986,-467.68317,193.88739,-26.827202,30.164307,-57.309273,-15.899259,17.052223,-9.860069,-3.5620587,0.40386704,16.290726,1.2805119,-4.683593
FADS167,i,12,ADS,34.87736129996921,63.88303215130975,-508.86926,122.746185,-5.9844084,127.513115,18.849596,-42.164246,-15.433537,-14.807098,-3.2442029,-20.517227,-9.292031,6.447291,-6.7116976
FADS167,a,12,ADS,39.53545615979669,134.86417898609915,-545.41284,203.72023,-11.2129345,-3.083101,-17.062817,-15.752895,-9.069263,-5.594021,-4.8564186,-1.7804708,21.946915,22.948664,-9.309281
FADS167,a,12,ADS,40.59,79.9999999999983,-580.07245,181.00723,-19.18015,-2.9091725,-30.561213,5.3234863,32.63514,-20.243969,7.9203224,18.014479,-25.350197,7.9087768,12.205088
FADS167,a,12,ADS,41.88,119.99999999999744,-427.59055,174.3699,-65.59338,48.36489,-51.21298,-2.411416,31.760342,-32.09513,3.0124283,5.029494,-26.67009,2.3559184,-5.264881
FADS167,i,12,ADS,47.43878918876156,61.21081123843908,-438.5781,114.40379,2.991274,125.64204,6.2965493,-38.841057,-17.919895,-11.243719,1.222037,-11.514969,-13.557104,8.526438,-22.358572
FADS167,a,12,ADS,47.69749243191801,72.50756808199554,-447.28207,188.52228,-44.384087,25.295208,-27.520596,-5.926462,-2.9978857,-9.968081,-6.9792013,-14.030928,30.884754,11.951891,-17.092955
FADS167,i,12,ADS,52.7415127220751,98.48727792490308,-478.5088,83.08373,7.870139,155.3134,-34.406677,-15.698097,-8.029431,-15.214676,-0.39954275,-23.88866,-5.7880745,-11.101097,-8.309559
FADS167,i,12,ADS,54.18,79.9999999999983,-441.60355,73.82399,7.3488226,135.4272,-10.043262,-12.0953045,-8.377186,-11.980309,-14.447147,-16.293804,3.7892606,-16.04271,-12.099641
FADS167,a,12,ADS,55.64,89.9999999999963,-450.5765,191.15625,-52.494343,36.807045,-44.410103,-27.434483,15.163556,-11.391506,-3.9372804,23.714201,14.540903,6.4907174,-4.4098825
FADS167,a,12,ADS,56.62,90.00000000000341,-413.14957,196.96461,-32.6966,42.28564,-72.58254,-5.99401,22.408047,-10.580206,1.547353,5.805025,2.9059832,11.538216,10.286072
FADS167,u,12,ADS,60.79318098988713,96.81901011287408,-599.75183,165.63805,54.51513,23.136578,-23.454708,-21.71039,-21.892933,-4.7754946,-3.602739,-7.375372,9.072445,-11.96911,-21.892075
FADS167,u,12,ADS,68.59,60.000000000002274,-613.59955,208.09727,66.46047,23.97738,-10.270513,-26.184797,-11.031976,0.05343879,-1.3946892,3.3127687,6.385395,-11.697086,-8.378073
FADS167,a,12,ADS,74.41,130.00000000000966,-554.0768,199.3121,10.252119,-5.9963512,-58.630463,2.0512958,9.391335,-8.810318,4.095758,7.117902,-1.5133151,6.617886,10.630821
FADS167,u,12,ADS,75.55228818483594,93.69511382192286,-629.0037,183.8539,81.15744,38.50888,-31.158733,-10.677603,-31.057053,-3.5461185,17.304998,0.3942974,10.541639,-9.35466,-22.652998
FADS167,a,12,ADS,77.33,100.00000000000853,-526.22864,201.28122,-0.27655548,24.274843,-52.91299,-23.346828,12.942532,-8.314721,-10.164265,4.7652636,5.5017967,20.79583,8.384276
FADS167,i,15,ADS,7.029641023553679,82.33302572048461,-454.57776,126.38732,-3.4241066,138.4736,2.5570421,-27.375427,-20.491959,2.0108905,-28.482052,-5.0014396,8.939321,-1.788067,15.301671
FADS167,u,15,ADS,8.11,120.000000000001,-652.26105,200.88791,94.70093,38.123177,6.2779875,-10.925708,-16.263617,5.569125,-3.0282202,-7.4851875,9.091581,1.7770638,-11.940179
FADS167,u,15,ADS,9.23,99.99999999999964,-525.2063,214.23868,53.15076,36.444603,-40.848206,1.2968575,-22.37125,-1.0667496,1.7582556,-41.680656,-3.4121444,-24.07332,-20.987013
FADS167,u,15,ADS,9.47095577203459,149.04422796541007,-554.5974,222.00102,78.69533,48.004364,-9.137655,17.194683,-10.467749,-1.9859183,9.630547,2.341244,23.152481,-17.590265,-7.1122375
FADS167,i,15,ADS,9.954871772108092,73.54116857697868,-511.7829,136.12805,31.384523,115.94154,-1.5130574,-9.041656,-16.786968,4.114684,-10.26652,-16.455753,17.88174,-8.497063,15.534129
FADS167,u,15,ADS,15.21302426406206,87.84084024471994,-592.25287,216.49356,99.44241,30.020603,-29.051819,8.386419,-14.014595,15.905688,1.9785297,-6.074913,15.703297,-18.452145,-16.99018
FADS167,u,15,ADS,18.16157702331116,75.58397881522083,-539.76935,207.12088,58.55754,15.6824875,-39.50989,3.374763,-15.144235,-18.056206,-6.9526033,-42.5634,-8.397934,-12.011787,-9.435324
FADS167,a,15,ADS,29.5,97.07210513100861,-418.68808,222.58252,-41.800125,26.087677,-42.732857,-12.644886,18.949574,-7.078555,-25.030807,-0.013175964,3.56632,11.145399,1.358024
FADS167,i,15,ADS,34.94459413650505,76.6053839343499,-518.1733,138.39343,16.574326,108.19829,-0.16721725,-16.835264,-16.138445,1.036969,-3.3684587,-14.413469,-1.1879517,1.3413641,-3.0258884
FADS167,i,15,ADS,36.42,82.77118673701978,-542.6799,124.856064,32.044495,121.00392,8.477425,-5.9151096,-17.990324,-11.916832,-12.201015,-7.6658096,-14.987545,9.608039,1.8543184
FADS167,a,15,ADS,39.42,146.8035997340067,-540.488,193.54553,-0.57165635,6.2460785,-20.29957,1.4184659,-5.1981797,10.346588,-18.261433,-7.798933,5.975009,18.963757,1.7327554
FADS167,a,15,ADS,40.49163512606657,118.3648739334302,-496.0025,205.69777,-21.901943,-5.2424607,-24.113739,19.26172,23.116968,9.668116,3.3644142,7.472869,-5.711464,5.884499,-1.5962589
FADS167,a,15,ADS,41.82868137651148,105.20472726983598,-551.23016,196.89111,-7.4173183,4.609281,-7.812479,23.685905,21.122322,-7.5304813,4.453912,0.38025683,1.4444425,-5.0008583,-13.014071
FADS167,i,15,ADS,43.86557941716546,72.51976345783362,-535.7817,164.28659,-0.4863823,90.483475,20.087627,-23.802982,-31.540943,-14.143795,-1.297806,-3.2132092,-3.605566,-3.0752404,5.608377
FADS167,i,15,ADS,47.48792806983403,40.85620476498519,-508.85754,123.44156,24.09795,106.057304,29.524475,-45.974277,-8.50965,11.9748745,-13.591388,-23.50822,6.7316837,-5.664732,-1.0842586
FADS167,i,15,ADS,47.74,51.28539021405487,-473.37363,106.92232,30.164509,91.160934,17.94172,-25.062717,-25.133745,-4.355126,-16.47754,-21.367899,6.880293,-1.5006208,-7.8185987
FADS167,a,15,ADS,47.98,93.04434374985249,-459.6682,198.16298,-9.027233,-1.1256858,-13.890867,-0.4117389,2.1137173,12.458619,-10.762741,-0.89951354,23.013601,7.7419076,-2.2276196
FADS167,i,15,ADS,52.96629141526716,99.07629655508998,-481.2489,101.53577,55.284637,139.79785,-15.295686,-13.282204,-11.738762,-10.951105,-12.319769,-20.240437,-7.3797345,-16.261082,-5.5354776
FADS167,i,15,ADS,54.76831367905383,91.68632094616669,-438.61072,82.60942,48.80275,128.99464,-13.469964,-9.111137,-12.597533,9.618105,-24.26201,-5.0875344,-12.706429,-5.3104863,2.0912423
FADS167,a,15,ADS,56.18110624241184,83.75521976822853,-424.5228,204.4685,-25.133799,13.44701,-53.49595,-1.3151352,2.9146328,2.4577072,-11.797886,7.7907047,3.9747567,7.0223875,3.8596032
FADS167,a,15,ADS,56.98443114309306,85.5688569069386,-446.8319,195.89658,-19.87291,14.434179,-51.23093,18.606567,-2.221224,4.09273,-3.406212,3.0833297,9.772625,8.468218,5.467
FADS167,u,15,ADS,61.94809429254313,120.52580405671875,-576.1508,152.02283,97.376465,46.314674,5.7821617,-12.039401,-7.4091377,9.733848,0.9156685,-4.158743,0.25896132,-12.801987,3.4034686
FADS167,u,15,ADS,69.34,129.99999999999545,-598.5652,213.8023,64.8123,30.520084,13.466503,-11.234508,-14.691037,15.698086,1.7622865,3.444546,17.545322,10.735512,2.9225612
FADS167,a,15,ADS,75.95,117.92969296143951,-499.2557,207.2235,19.79744,7.8165107,-50.233078,10.898592,5.7436914,7.9819126,-7.182076,-2.0418644,11.858864,13.104013,17.220692
FADS167,u,15,ADS,77.06993477257119,100.09770167422971,-610.36426,196.12543,99.79676,30.333519,-23.30986,0.60439706,-27.710167,24.695572,-12.237307,-8.36268,4.1698675,-17.752632,1.0692811
FADS167,a,15,ADS,78.85238800499648,128.6970450097158,-515.7272,195.7234,21.538816,30.495537,-44.550217,-2.2359233,15.735119,6.594582,-24.83889,-3.7827623,14.671476,0.7583287,6.795392
FADS167,i,18,ADS,4.091089898027784,76.35309278350545,-413.63174,135.70514,-4.1629,134.41891,-23.674095,-12.710098,-17.451403,-4.7553205,-14.233635,-23.000603,0.98066556,-1.9821606,-6.3633738
FADS167,u,18,ADS,5.107559250336164,112.44074966383533,-617.63116,167.87634,62.674377,49.50817,15.979195,-4.3921375,-6.823026,12.0149765,4.09311,1.433042,27.103743,8.139075,5.1317935
FADS167,u,18,ADS,6.087245909905858,62.75409009414279,-484.6156,204.8154,39.481827,43.926964,-57.0689,-7.9787145,-20.696165,-16.968819,0.39481544,-25.254494,-8.272946,-21.773876,-32.039036
FADS167,u,18,ADS,6.316305188256374,103.69481174362605,-521.7771,183.6153,107.86436,46.946358,2.5155027,16.544544,-8.53705,-0.98749363,10.840525,-2.261249,17.498032,-2.2890897,-0.5328603
FADS167,i,18,ADS,6.73,82.81866315552034,-485.4963,128.27786,26.237972,110.98117,-13.161449,-0.53804433,-35.528008,3.7518463,3.2700853,-26.93595,1.4894507,14.002995,1.3456599
FADS167,u,18,ADS,11.78058914164046,92.9515912147103,-625.886,187.11609,99.122375,49.297066,-8.533273,-13.880244,-22.225945,-10.855816,-0.23025751,-1.6303372,5.5775013,12.097474,-7.8910823
FADS167,u,18,ADS,14.66425,85.75000000000088,-580.0932,175.53748,77.10506,31.319935,-20.24525,5.6662483,-0.85460365,-2.2027135,0.14089179,-16.233171,-2.7544289,-18.854805,-14.940857
FADS167,a,18,ADS,24.66,100.03781936357825,-523.8495,183.5891,12.2351055,25.754917,-20.263628,24.185595,29.753231,19.525864,-22.56263,17.262016,26.350628,7.3672314,5.7441125
FADS167,a,18,ADS,26.9100625,101.30151837750034,-474.2406,206.8705,8.722862,28.919735,-61.495087,-1.1805103,19.174063,10.068386,-10.11009,14.773141,0.48315138,-2.4066927,17.517014
FADS167,i,18,ADS,32.68163743836857,71.37354325415401,-495.5813,135.03906,31.390486,102.51921,0.8521794,-9.902173,-19.744646,14.7501545,-6.365573,-28.163036,10.542032,-6.710176,-4.583513
FADS167,i,18,ADS,34.53254076086964,84.65234199911009,-543.41223,116.14319,60.185493,130.02725,11.824843,-15.099108,-16.543983,3.8961458,-26.355263,-2.9079244,-4.50328,-1.9086316,-6.258998
FADS167,a,18,ADS,37.94,118.96921223658552,-466.8105,203.43497,-23.50249,-9.983072,-30.909515,13.141438,-8.545926,23.977835,-18.24819,1.7548597,32.49988,12.504974,-5.2643585
FADS167,a,18,ADS,39.01605530031363,122.82888839085615,-506.80316,210.95108,-4.4242373,0.11791319,-36.085686,26.908987,40.840446,-5.965021,1.7850646,14.790331,-16.844812,2.8030186,4.7039413
FADS167,a,18,ADS,39.95197234984293,108.02765015706939,-466.38162,212.4948,-33.531723,14.472164,-32.99319,6.6099663,24.429066,-13.90991,-2.2303655,11.660791,-14.307659,-2.9545727,-8.999803
FADS167,i,18,ADS,42.28791321156403,71.37354325414691,-562.78455,152.14743,16.028893,105.90671,28.38097,-31.019611,-3.4970717,-2.0653079,-6.4636483,-1.6324584,-13.8162155,4.3666735,-5.492862
FADS167,i,18,ADS,46.13,55.38155535590761,-498.83862,123.57416,34.55783,136.40219,-1.4981855,-18.475395,-23.624058,15.447737,-32.498184,-20.108229,9.168098,-12.241375,5.2646065
FADS167,i,18,ADS,46.38,65.97798072569816,-470.88937,137.36261,25.059793,108.95593,13.082479,-16.311901,-36.255226,11.2927685,-23.364876,-14.106142,-4.790214,6.431287,-5.697294
FADS167,a,18,ADS,46.6500625,99.9375000000029,-458.20578,206.59637,-4.9096403,3.3806136,-36.85914,9.979458,-14.963118,11.988264,-11.265583,1.6285979,19.87334,1.4724976,0.5046239
FADS167,i,18,ADS,51.85,79.9999999999983,-478.68115,115.41994,38.668015,139.47159,-0.3988093,-7.307784,-22.664013,-5.8121686,-13.570447,-28.224762,7.0106583,-22.754198,7.267047
FADS167,i,18,ADS,53.2513125,77.96991259451147,-479.89615,113.22795,44.024208,125.682816,9.709766,-3.731835,-10.540066,11.934214,-28.347368,-12.758648,-5.9632354,-1.4848232,11.816454
FADS167,a,18,ADS,54.58161726804046,76.35309278350633,-474.95767,197.32672,-5.5862427,31.753908,-50.222603,7.668692,5.166442,7.663019,-18.762978,13.209138,15.5271,-1.2009289,8.352863
FADS167,a,18,ADS,55.51048590878448,69.51409121551677,-445.3244,200.18329,-9.438559,26.915981,-46.13079,9.800386,-1.7273003,9.020607,-16.027246,4.0311403,18.553917,2.5648623,13.845018
FADS167,u,18,ADS,59.80437768406732,96.30955087098414,-657.135,202.10855,93.810196,24.841906,-2.6391091,-17.70683,-9.469351,1.2961171,-1.3550403,-8.423688,1.2760688,-4.3349175,-13.428733
FADS167,u,18,ADS,67.13,60.000000000002274,-586.5561,231.47815,61.553955,28.016674,-3.4115715,-0.72278583,-4.9910793,10.341627,-7.7936187,-3.194362,0.8255532,-14.886328,0.11746621
FADS167,a,18,ADS,73.60946641591141,120.53358408859083,-493.94635,203.27731,8.387925,10.667425,-60.63363,5.137024,16.608185,12.443516,-19.239075,1.6516647,22.19236,3.2752,19.130299
FADS167,u,18,ADS,74.65,49.99999999999716,-574.1255,181.71068,86.58061,37.240868,-37.744118,2.4255447,-31.38492,19.013592,-3.183681,-10.661837,11.762592,-25.381342,-3.2836967
FADS167,a,18,ADS,76.64424101018173,75.15063439176117,-435.53137,196.4381,-21.09542,24.881489,-43.684998,1.7513204,-22.353085,-7.519582,-23.190826,10.351967,19.928547,-3.4047074,-0.28361797
FADS167,i,6,ADS,5.59,84.22808246319047,-446.11032,131.2469,-19.717022,124.02297,-1.2536511,-47.87387,-0.01856494,-4.9814787,-14.429809,-29.021557,-5.4717913,-12.954836,2.8044076
FADS167,u,6,ADS,6.6,129.88494638965165,-639.7004,159.52371,87.34541,30.068459,-2.7710166,19.456738,-4.6624327,-2.9425623,0.21253943,-11.268822,-4.337375,-11.278883,0.8509274
FADS167,u,6,ADS,7.689220112497156,104.82329558861991,-527.24414,204.54599,40.49984,16.643856,-32.360107,-4.9845223,-17.465841,-17.816315,-2.5224242,-24.804482,1.2768006,-10.7365265,-27.234276
FADS167,u,6,ADS,7.923403677239875,165.04093347995408,-567.9275,195.04309,47.254074,20.02337,-19.173569,8.134166,-13.177061,-8.813448,-9.971818,-22.47504,7.527953,2.0400474,-13.404665
FADS167,i,6,ADS,8.492138459231215,57.86154076878525,-494.03488,145.73398,8.327895,90.45401,9.631223,-40.923813,-20.040134,11.947337,-20.406109,-27.43459,6.8660736,-21.9298,5.3196955
FADS167,u,6,ADS,14.17,63.983222945809715,-625.4611,167.69185,92.08411,48.64942,6.6470537,1.0362482,-13.083,-8.846422,-6.8851542,1.9115638,0.9478989,-8.274599,-0.81597805
FADS167,u,6,ADS,17.41,100.00000000000142,-505.64874,162.64307,72.59776,4.2699213,-31.06063,0.78743285,-24.166859,-1.1793847,10.522967,-32.21184,-14.938969,-11.70871,-14.197466
FADS167,u,6,ADS,24.4260076755022,100.6541532651326,-606.2505,197.95813,80.50836,40.998665,8.506941,-5.5565815,-19.015882,-7.04797,-7.550438,0.06579584,-1.8653893,-12.633486,-3.7528176
FADS167,u,6,ADS,25.22,170.0000000000017,-645.7238,133.39462,47.762375,30.018787,16.963638,0.61373115,-11.842173,2.2438207,-5.241783,-19.342594,6.025199,-8.804733,-2.5572095
FADS167,a,6,ADS,28.62,77.0231049831196,-519.8566,201.53867,-14.139887,-7.9186726,-27.91166,0.67462933,26.027742,6.408599,6.8044434,-2.489831,-9.10804,13.842981,10.497398
FADS167,a,6,ADS,31.15419814238848,87.05224066173045,-446.58325,211.34227,-11.713345,1.8146915,-32.301033,-17.318388,4.7542014,18.756172,0.72973657,-8.664084,6.0804334,-10.853853,-2.4170113
FADS167,i,6,ADS,36.81,90.07895090347517,-479.47165,109.97346,2.8945873,122.421585,8.719429,-35.5204,-15.478195,-3.6916394,-0.8558879,-11.459045,-28.8942,-2.3226147,-1.9968077
FADS167,i,6,ADS,38.81428071411398,93.9362954146219,-539.6154,116.82065,32.570248,113.640366,10.621886,-20.736816,1.469866,1.7230572,-15.75412,-8.004745,-27.121817,1.3961895,-1.9943175
FADS167,a,6,ADS,42.24325470013385,101.36958421597342,-504.6269,211.62482,-2.654634,-3.7386906,-14.014194,-13.244385,-8.88695,10.693904,-5.696804,-13.943332,17.447727,6.355491,2.8202164
FADS167,a,6,ADS,43.2478405462512,102.1594537488042,-553.9045,198.85144,18.810799,-2.4619336,-35.503338,10.328581,45.337524,-8.636574,2.2734706,7.3870587,-27.03307,-5.568523,12.385365
FADS167,a,6,ADS,44.81,100.03692032383782,-414.86633,197.82634,-37.860184,25.294136,-55.578255,2.8723328,38.2066,-13.81437,12.849867,1.3483306,-17.47126,4.6515994,-4.3099384
FADS167,i,6,ADS,46.76804039653499,78.0354603156681,-524.8164,120.99844,23.03009,102.194855,11.283906,-20.065414,-22.7194,3.0320973,-6.5333843,-13.222951,-13.658193,-20.180151,8.063937
FADS167,i,6,ADS,50.13509253978511,50.45589254607563,-524.14954,113.57843,47.033978,115.53666,2.6508598,-13.019402,4.8879023,14.896154,-22.99061,-18.14772,-3.63474,-25.323275,-2.9300418
FADS167,i,6,ADS,50.38,67.84447998546739,-492.6654,112.144485,37.380554,91.195786,7.313217,-41.012993,-21.107946,4.1893053,-23.729383,-15.952867,-18.143497,-23.098745,-6.9079714
FADS167,a,6,ADS,50.63713055981943,83.0581615758561,-444.00217,201.25117,-27.08057,-5.6891103,-14.0376215,-13.316656,-10.068789,19.050941,-11.867697,4.574417,22.432995,-7.3323336,-3.3197803
FADS167,i,6,ADS,56.51730215107812,94.33221595924124,-484.20087,109.04126,24.401539,110.52632,4.9822702,-31.787567,-18.402245,6.478611,-6.702484,-41.42031,7.1014256,-11.344358,-16.356201
FADS167,i,6,ADS,58.04989171620579,94.87435513143083,-446.6484,84.472984,17.035559,118.17137,4.2117953,-24.34172,-0.78631943,5.086726,-10.690538,-26.328634,-8.072281,-22.757061,-11.174976
FADS167,a,6,ADS,59.49967600507245,100.32399492754962,-441.87445,178.21735,19.92036,-9.27771,-46.708885,-1.3469353,29.518013,-2.9390287,-4.869035,13.777226,-11.7866745,0.027537405,1.7757602
FADS167,a,6,ADS,60.41981829010256,79.15231913820975,-419.7099,192.82422,-18.536001,3.9273028,-51.20511,-4.430898,5.4930654,2.8138084,-9.119947,4.03692,1.9571382,-10.38238,-0.66379863
FADS167,u,6,ADS,65.11761480776191,112.67236330330377,-575.8213,172.43428,80.07883,15.717735,-18.44541,-5.2561426,-8.413068,12.025389,3.695003,-15.259148,-8.129284,-13.99412,-13.367457
FADS167,u,6,ADS,73.47,74.7904375087387,-595.0076,213.94342,72.11454,35.64993,2.682141,-19.36319,-19.140417,9.055569,5.617621,-8.070117,-3.4897757,-14.139233,-13.619192
FADS167,a,6,ADS,80.67622950589693,117.21382677481529,-551.0858,202.59012,28.396093,-7.7416,-40.065628,-16.33752,6.373067,20.717463,-7.049266,-7.8637505,0.5944418,4.217903,18.50222
FADS167,u,6,ADS,82.4043086241311,72.56094038442029,-593.3917,185.07831,81.08112,20.714188,-20.410374,-7.9015856,-29.714056,10.684299,-6.8336964,-19.180655,-1.210975,-25.14478,-13.390913
FADS167,a,6,ADS,84.30086425615076,106.98087364369258,-506.95645,206.85678,14.814728,8.778028,-50.478622,-5.2307363,7.282546,11.091794,-8.102867,-5.7322435,6.7883387,4.2536573,15.691401
FADS167,i,9,ADS,7.26,80.00000000000007,-501.5414,141.22473,16.193768,131.83627,5.494847,-18.690922,-0.3727337,-19.173286,-12.003191,-30.68872,1.0046303,-6.405036,-9.481346
FADS167,u,9,ADS,8.46,119.99999999999922,-641.4216,185.80676,57.608025,26.321404,21.79279,6.1520348,1.6989111,10.88023,8.944516,1.6575185,12.411409,-2.1599474,7.531991
FADS167,u,9,ADS,9.581038458082784,98.96154191721607,-461.03595,200.14645,6.0739183,55.932247,-55.382366,-5.606881,-17.713911,-24.223982,4.362268,-33.734028,13.030881,0.25474787,-31.290707
FADS167,u,9,ADS,9.831046207261194,148.95379273880673,-493.19748,180.31744,78.8255,53.57831,-8.581066,0.7948203,-7.2721376,-4.509816,16.189533,4.421962,20.253677,4.752883,-2.1915216
FADS167,i,9,ADS,10.35,80.00000000000007,-486.55075,141.54683,-7.9814386,128.99135,-0.6809391,-28.488342,2.4144573,-3.0074801,-13.416628,-20.669449,10.294714,-8.112543,-2.5708966
FADS167,u,9,ADS,15.94,114.66040889053097,-610.50354,197.96289,82.130905,42.12294,-6.6735773,7.287697,-3.2073898,-11.864967,-0.58568555,-5.854233,12.773144,-5.035287,-3.2564044
FADS167,u,9,ADS,19.43947156586654,76.55739687760033,-474.90454,180.27933,32.29094,55.64298,-48.47767,-2.156673,8.654203,-26.147984,13.355408,-22.114597,-5.4696083,-5.588017,-30.290482
FADS167,u,9,ADS,26.15,105.95042200025162,-514.0298,168.3846,103.165085,47.01687,2.907112,-10.273409,-12.079081,-9.719296,4.4742618,15.154445,13.2880945,5.5570416,1.8101902
FADS167,u,9,ADS,26.86800110321316,92.10811811836095,-569.41345,208.85147,72.735916,48.28105,-0.58012426,-18.440804,-1.8037219,1.9869019,6.769353,8.065324,9.898832,4.9473805,0.94254136
FADS167,a,9,ADS,29.82,59.99999999999872,-485.3885,219.61188,-23.55317,-1.3637276,-12.595505,-1.4553044,10.853281,11.823725,-4.2607007,-15.505674,12.397864,12.212068,-8.651214
FADS167,a,9,ADS,32.27,79.9999999999983,-386.24265,206.23163,-58.992386,36.311874,-55.39888,3.4932382,25.803934,0.054491073,-1.5320933,4.785242,4.500038,5.644938,17.529917
FADS167,i,9,ADS,38.00408492816726,59.8104663106227,-452.84903,130.92053,-12.205999,123.495804,4.0575595,-19.466608,-2.4950411,-12.823562,-9.203796,-5.7512875,-18.412521,13.678978,0.7672387
FADS167,i,9,ADS,39.87,70.00000000000028,-506.45557,112.0722,5.0208836,127.64099,3.841791,-1.4363246,-2.486167,-9.635859,-11.334604,-4.8223934,-20.834736,16.68478,7.180777
FADS167,a,9,ADS,43.11724345515804,120.8171419474624,-434.22165,201.87857,-44.770725,13.300466,-21.369923,-1.3240685,-1.8157738,0.942902,-4.146439,-6.0318623,28.65827,21.769943,-11.630348
FADS167,a,9,ADS,44.14,119.99999999999744,-356.42984,189.36359,-85.5957,37.425842,-61.052586,6.056689,52.58799,-29.744389,8.780193,12.914613,-23.148777,12.671335,4.500993
FADS167,a,9,ADS,45.33,79.9999999999983,-356.33,173.86221,-84.01431,37.908615,-57.995766,6.5870743,40.198135,-53.55391,12.779406,-18.58531,-14.766253,3.4666667,-1.6582806
FADS167,i,9,ADS,47.40854789395723,47.848373048502424,-489.27853,135.33679,-17.447195,135.228,9.031478,-25.094376,1.4007659,-22.8731,0.5108966,-4.239441,-22.09481,10.473497,5.3321047
FADS167,i,9,ADS,50.77,49.99999999999716,-437.15994,136.56079,-41.61476,144.78769,13.008284,-45.565918,-6.838881,-16.232769,-18.256824,-13.262307,-20.644451,13.311447,-11.993723
FADS167,i,9,ADS,51.02983507760985,50.16492239014525,-395.5891,134.43279,-39.352066,137.96019,0.5884003,-21.07157,-26.546354,-23.442497,-6.40916,-18.790386,-15.124932,12.194307,-2.2883077
FADS167,a,9,ADS,51.29060871072418,79.39128927581862,-404.30167,220.05875,-58.417747,12.977589,-30.309978,-12.504845,4.8475475,-4.788791,-3.609556,-13.002967,20.31255,23.879387,-1.0076609
FADS167,i,9,ADS,56.67,79.9999999999983,-434.96802,103.49185,3.6086245,164.15799,-22.01762,0.04024245,-6.1499352,-21.925468,-12.50769,-36.011063,3.1982236,-14.807315,-10.965596
FADS167,i,9,ADS,57.97514852645272,59.810466310629806,-430.81525,75.649536,22.185804,103.04928,20.6025,-26.170078,-16.542938,-5.337776,-11.677322,-13.729889,1.8777492,-7.2537565,6.8167667
FADS167,a,9,ADS,59.32,109.99999999999943,-373.62476,203.629,-63.15839,36.655594,-63.904274,5.1940494,21.17648,-15.309969,-0.3570624,6.808286,8.01347,21.399574,13.440962
FADS167,a,9,ADS,60.31,99.99999999999432,-356.4933,213.3981,-69.8631,40.91802,-48.177063,1.6593025,24.172028,-23.92373,-0.9517503,-9.859947,5.7655296,15.778234,-4.3863497
FADS167,u,9,ADS,64.67380366485281,96.19633514718373,-576.1208,200.5806,57.16224,38.704903,-23.0165,-19.368118,-3.0779622,5.521457,-2.7876189,-13.144342,3.0062222,-8.566867,-11.485118
FADS167,u,9,ADS,72.83,79.9999999999983,-603.009,218.4516,69.19682,36.00415,0.21260035,-11.859703,-2.8252182,6.5185413,5.27796,6.642025,17.855774,9.196463,-4.9851933
FADS167,a,9,ADS,79.26,116.92515637837175,-481.91605,217.07364,-25.989498,4.846963,-33.939785,-3.3698645,9.802774,-2.23576,-3.756093,4.422142,17.836437,24.46009,-0.024490118
FADS167,u,9,ADS,80.38,90.68637973626892,-599.8044,202.38748,72.33031,42.71323,-26.226133,-14.043352,-21.50087,5.951363,12.155151,-8.998162,16.805038,-14.870592,-16.765997
FADS167,a,9,ADS,82.18,100.06084510415292,-448.79562,210.97072,-26.048563,13.192614,-29.341137,-13.096876,9.195848,-3.4689455,-5.1751313,-13.253996,24.476711,20.027725,7.0048437
FADS168,i,9,ADS,4.87,89.99999999999986,-484.16617,125.06385,6.0447407,96.78751,36.11953,-17.396843,18.485111,-15.283855,-22.607477,-8.30481,-39.396263,7.9220085,-9.404509
FADS168,u,9,ADS,6.33,200.00000000000017,-626.5119,198.71866,71.82373,40.72719,15.255236,-2.9414542,-14.845445,-33.577972,-16.036472,10.272899,3.708241,-8.870403,-9.371223
FADS168,u,9,ADS,7.47,129.9999999999999,-520.90875,218.10127,47.85424,49.65177,-23.061913,-28.447157,22.052576,-27.299744,-20.008074,16.428398,4.8794193,-14.311742,-18.317295
FADS168,u,9,ADS,7.8,250.00000000000088,-583.4929,198.45676,55.542786,55.455788,-23.282753,-16.619604,3.662479,-34.206894,-15.588707,5.7690945,-7.3585763,6.627372,-5.991361
FADS168,i,9,ADS,8.53,89.99999999999986,-467.9984,140.0907,-11.434345,97.75067,36.43491,-35.917328,6.076623,-22.368134,-9.794348,-10.152609,-22.63902,2.9128149,-8.423297
FADS168,u,9,ADS,15.18261940419779,270.3716394790785,-518.562,106.142914,82.63829,46.82528,10.428984,-2.7136748,-4.241904,-19.245253,-8.250621,0.96690655,2.5331223,3.0308623,-12.943956
FADS168,u,9,ADS,17.7465072986326,116.1455634381987,-549.9779,201.2583,62.006336,37.123592,-10.114523,-16.489338,10.637909,-21.661276,-32.20739,11.808559,14.502352,-19.731018,-12.024823
FADS168,u,9,ADS,25.91,160.00000000000014,-569.7446,206.87698,72.91957,36.0214,-6.0796547,-13.79833,-11.197951,-33.535713,-21.500696,9.28447,6.787778,-3.130837,-18.141167
FADS168,u,9,ADS,26.88,269.99999999999955,-647.80084,192.25433,94.31369,61.834824,10.245501,-21.33542,-27.415174,-25.755426,-9.419426,8.586279,25.067425,-1.9547228,-9.82706
FADS168,a,9,ADS,30.59,80.00000000000185,-380.704,178.09026,-27.0162,-2.386696,-37.486065,-11.913614,17.584652,2.6465604,-18.3942,-2.1533234,0.698802,0.35112256,7.2939386
FADS168,a,9,ADS,33.2,109.99999999999943,-349.82684,181.93549,-22.432487,10.661306,-37.150345,-17.705463,0.8191935,-0.21534866,-22.113422,2.3879147,2.619955,-4.3428454,-0.32484418
FADS168,i,9,ADS,39.27,129.99999999999545,-553.69037,140.93799,38.603592,95.39267,19.462767,13.033585,21.792923,-37.70041,-12.606632,-10.300499,-24.44897,1.0091541,-7.471343
FADS168,i,9,ADS,41.40379445886276,116.20554113724069,-429.982,94.06015,39.7994,97.76375,13.090746,-15.6677,-5.076481,-30.075954,-20.151354,-10.057076,-48.282326,8.365162,-22.672194
FADS168,a,9,ADS,45.36,156.7885219959777,-370.1583,211.71317,-48.69387,-6.4858646,-31.168411,-5.4293113,0.55472463,10.893849,-18.166317,6.9496827,0.9300011,24.87367,-19.039122
FADS168,a,9,ADS,46.48,150.00000000000568,-484.55264,163.89117,23.37826,-11.801491,-27.982021,12.080429,19.088165,6.599648,6.57345,-5.2439775,3.5060983,0.047050297,4.103529
FADS168,a,9,ADS,48.23,110.00000000000654,-384.52658,185.90887,-34.339046,6.714363,-47.73466,3.6738741,19.347498,-10.883217,-2.8007302,-11.648033,8.444513,-3.084892,8.387749
FADS168,i,9,ADS,50.11380895752952,99.00933276697543,-501.20758,126.81979,20.424288,85.6549,27.55317,-13.618966,-4.187684,-4.9872694,-17.10805,-12.673042,-9.846215,-9.036854,-15.707139
FADS168,i,9,ADS,54.3,60.000000000002274,-473.2678,149.82863,14.14872,71.596634,34.88623,-20.02906,-15.440763,-10.358435,-8.722774,-21.69221,-7.9443426,0.37752628,-11.717859
FADS168,i,9,ADS,54.56,59.99999999999517,-470.45746,156.9033,0.010118663,78.96019,32.007923,8.268988,-25.94361,-23.138897,-10.368814,-18.834694,-25.584768,2.8440351,-2.49297
FADS168,a,9,ADS,54.86,119.99999999999744,-388.8732,207.41687,-25.311386,-30.036724,-21.71797,-10.823416,-6.9733295,6.1467896,-25.456905,4.9062443,-2.2813225,17.201355,-5.609183
FADS168,i,9,ADS,60.25,170.0000000000017,-467.50677,84.1737,23.684769,129.95967,14.156876,4.5732303,5.1387396,-18.351177,-5.5436177,-25.789051,-28.7983,-7.4547567,-14.062177
FADS168,i,9,ADS,62.19,130.00000000000256,-443.73618,89.19884,21.369144,128.5453,12.340265,-11.867907,2.5791106,-28.405903,-2.368159,-10.163915,-32.42446,7.0666203,-15.617598
FADS168,a,9,ADS,63.53,79.9999999999983,-396.29086,177.39658,15.568764,-11.102499,-42.067154,-16.33718,18.540752,-7.7138095,-21.28228,27.337082,-19.517597,11.32719,2.1916945
FADS168,a,9,ADS,64.78,99.99999999999432,-380.4801,161.64319,33.455406,19.337341,-66.10947,-8.72319,14.178943,-25.507324,0.498026,9.659815,-19.592371,14.456997,-4.002451
FADS168,i,9,ADS,66.61109647807045,47.6006407533589,-411.48132,161.43814,-65.97688,42.663784,21.352436,-19.319876,-1.4433811,-49.534775,-7.431264,-1.9939468,-24.303616,-6.83665,-12.401313
FADS168,u,9,ADS,69.98,119.99999999999034,-543.63727,197.04819,56.18165,34.98474,-13.159445,-14.674519,8.375211,-2.1608188,-19.904297,6.2921367,-3.9751418,-26.653202,-4.08099
FADS168,u,9,ADS,78.37271381401547,117.28618598452556,-526.2444,204.45898,54.748634,64.02318,-28.628418,-28.35297,15.111612,-46.314507,-21.992077,17.67184,-2.887446,-2.501673,-15.361139
FADS168,a,9,ADS,86.76,179.9999999999926,-380.63718,191.428,-17.326624,3.9810085,-57.60491,-13.817266,10.094372,-1.4724889,-16.869965,30.67394,-16.856094,12.676468,-12.731705
FADS168,u,9,ADS,88.23,140.00000000000057,-625.7766,217.4347,83.217064,32.730873,0.98498297,-21.126293,-10.6847515,-13.187924,-11.957094,4.509535,12.191992,-8.982179,-15.176489
FADS168,a,9,ADS,90.83,189.17553009308108,-386.96127,187.70325,-19.0059,-4.151393,-55.429176,-27.515797,31.86404,-14.134156,-12.616505,25.206516,-23.708096,16.678204,4.0299234
FADS169,i,12,ADS,6.191463910770501,98.53608922949863,-522.706,136.18816,18.073883,106.185974,-1.9449805,-50.62035,-15.17399,-8.298119,0.03727466,-31.162119,-16.546902,-17.756824,-18.297039
FADS169,u,12,ADS,8.773224090937745,72.72952131242683,-559.8397,199.92378,-3.3632884,10.675409,-25.417898,-23.01733,-4.923468,8.322314,-6.256323,-44.05175,-7.681996,-17.60898,-27.196999
FADS169,u,12,ADS,8.973230274546921,126.76972545307841,-558.0438,182.88542,1.7381331,-3.1620643,-36.10234,-17.615856,-4.856857,-11.639044,-26.78245,-47.16813,6.233944,-8.813831,-19.918661
FADS169,i,12,ADS,9.735114721507976,64.88527849202441,-552.4802,156.90872,23.536,81.63962,7.7858906,-44.45381,-23.986065,-4.2216425,-6.573246,-31.793844,4.4756308,-17.305544,1.6685145
FADS169,u,12,ADS,16.2647516258897,119.78979980870008,-507.2845,162.97173,75.67697,19.179996,-33.92679,-31.946302,-15.996625,0.9206029,6.6973267,-16.94523,-3.9946723,-2.0522497,-19.55254
FADS169,u,12,ADS,20.03,209.9999999999973,-679.9949,181.88123,95.121445,46.854424,10.540853,-10.351051,-19.156977,-10.752806,-12.894926,-16.405067,-0.9035759,5.15611,-8.099714
FADS169,u,12,ADS,28.33087060040506,70.29340426660013,-569.6296,172.33145,54.19102,24.728762,-1.226495,-27.10295,24.914474,9.175298,-21.901005,-35.669376,-15.589409,-15.404027,-6.940376
FADS169,u,12,ADS,29.17,79.9999999999983,-692.38385,152.58804,71.22701,26.991219,-13.195604,-14.298735,-2.7564673,14.307821,10.54606,-6.9373455,0.14270309,-15.042374,-15.401621
FADS169,a,12,ADS,32.83090237361176,89.09762638824503,-495.9408,198.41014,2.044568,0.87289065,-28.376225,-18.700586,5.665989,8.270867,-1.2237544,-15.395288,9.420629,2.4517975,-20.818802
FADS169,a,12,ADS,36.05,100.00000000000142,-493.33325,178.3428,-16.433846,22.84125,-16.688087,-26.474035,18.735653,21.58574,-8.430299,-11.108303,-0.8475121,-11.422543,-8.414734
FADS169,i,12,ADS,42.02,119.29284642016569,-452.80386,131.23563,2.9831705,120.41176,-3.5280173,-40.832603,-20.661064,-22.192604,10.71258,-32.634068,-23.188923,-3.9627113,-2.1179333
FADS169,i,12,ADS,44.59,79.9999999999983,-574.92694,107.021126,48.525303,107.017075,12.706472,-29.944572,-15.935112,4.3851604,-9.026274,-32.056183,7.204213,-13.051794,-2.9845276
FADS169,a,12,ADS,49.73,100.00000000000142,-467.62164,181.17538,6.554429,0.057366133,-22.455666,-22.299858,-13.474631,10.179594,-1.4929624,-9.603899,20.211681,8.314882,-26.483109
FADS169,a,12,ADS,51.08,74.33335082777859,-628.63025,178.23534,32.93241,10.290909,-4.1907897,-8.231678,5.717748,28.204937,24.882534,-3.6551833,-3.7814987,-24.495007,-21.801289
FADS169,a,12,ADS,52.41,110.66689625385351,-571.9735,207.34387,45.70079,-6.7218766,-39.236298,-14.1274395,8.935041,16.217533,13.62029,-16.955769,-19.574232,-1.6339874,-17.164188
FADS169,i,12,ADS,55.82131815248949,77.85245028710364,-540.1091,153.04689,13.259274,95.7549,11.948641,-39.2566,-34.499596,5.5144315,9.194893,-30.762323,-8.457448,-17.913448,-14.715971
FADS169,i,12,ADS,60.22,140.00000000000057,-570.83777,97.4946,62.429604,111.39229,14.109211,-27.63076,-10.518463,0.51116896,1.6176631,-26.817705,9.296654,-17.264874,-3.27877
FADS169,i,12,ADS,60.91,110.6306044329699,-586.98706,111.94885,55.12481,104.70416,22.010921,-28.497387,-22.508675,2.7212753,-9.307047,-42.66961,-5.52493,-11.707129,10.505075
FADS169,a,12,ADS,61.35,79.9999999999983,-545.1082,203.79941,29.423325,4.399453,-13.997353,-8.317813,-11.103742,-2.6159189,-4.3505416,-28.560501,25.86925,14.101654,0.009091854
FADS169,i,12,ADS,67.32,90.00000000000341,-554.60034,105.05556,36.84986,115.12335,19.752028,-41.34907,-14.29981,17.995682,3.1395698,-32.777126,9.743229,-20.825886,0.36273754
FADS169,i,12,ADS,69.13,77.85477515723471,-543.8732,126.7138,22.373642,84.88907,34.120193,-35.938087,-29.693716,11.540803,-0.47998345,-33.902306,-16.303404,2.0976648,-24.649992
FADS169,a,12,ADS,71.12458175660122,92.44978471592447,-585.9046,194.8821,38.71144,-11.347132,-32.56453,-40.3599,2.1627796,24.434229,-6.4117956,0.068000376,8.437218,8.526557,4.4252377
FADS169,a,12,ADS,72.27483538876082,77.85245028709653,-566.8061,202.64078,37.904705,13.795886,-34.776543,-45.88353,3.6192768,11.496495,-11.237034,-2.0962334,-13.059146,-5.8253837,7.682769
FADS169,u,12,ADS,73.79267590126565,227.32409873434278,-534.7979,220.5071,39.322144,20.70554,-30.081753,-47.617622,-1.3022438,19.838753,2.25597,-9.7823715,12.499767,-19.402893,-17.454575
FADS169,i,12,ADS,74.24762615763089,42.37384236911623,-536.78326,230.91122,26.285942,-5.8791056,-4.6280637,-9.408333,-11.309697,-0.6892606,7.709814,-27.242393,-16.139057,7.672238,12.932471
FADS169,u,12,ADS,77.14876284853297,101.23715146703205,-684.0316,162.20448,89.290634,48.202194,-6.545662,-13.780387,-9.43957,10.8057995,16.882198,-6.9900274,-11.028147,2.8147557,-2.952303
FADS169,u,12,ADS,90.11,140.00000000000057,-683.5506,177.25092,103.89868,52.932632,-4.9369717,-24.10345,-15.870613,1.2336931,7.392132,-15.307743,-15.663124,-6.76752,-12.324539
FADS169,a,12,ADS,99.18,119.99999999999034,-498.65994,213.71783,40.270226,-1.637438,-35.413208,-42.752285,20.953085,0.58655727,-13.076832,-11.285898,14.0645895,3.3369143,8.036253
FADS169,u,12,ADS,100.7,109.96032421340374,-635.9502,192.08716,81.89052,39.798183,-14.456856,-15.725843,-21.372324,13.968809,10.173763,-27.05279,-12.591584,-31.139006,-16.225601
FADS169,a,12,ADS,102.47,99.99999999999432,-494.00427,209.78192,9.671284,9.360642,-34.953648,-51.39515,14.058067,10.032114,-4.5132666,2.041392,5.7627726,5.362032,2.7321353
FADS169,i,9,ADS,7.12,80.00000000000007,-430.65973,126.641495,-28.473404,134.43141,-3.0961294,-25.351187,19.141884,-11.7805805,-10.454023,-35.560806,7.506159,-15.723239,-5.4156485
FADS169,u,9,ADS,9.361479286029285,118.79477565628527,-574.4557,171.66104,88.265434,42.408108,2.9141593,-25.248844,-12.937311,11.015825,4.67652,-0.5160171,16.269407,12.885105,-5.0320024
FADS169,u,9,ADS,10.66,181.24416656664977,-487.58487,195.49142,-1.7937777,46.16352,-48.899864,-4.292576,7.354911,-12.211859,-2.0650678,-52.89272,-10.925504,-16.667389,-42.638115
FADS169,u,9,ADS,11.01083113133793,239.16886866206966,-464.67838,248.08823,10.009973,22.829777,-46.754128,-14.756319,20.681725,-3.0107653,-15.776724,-36.64645,-2.9364586,0.09099501,-10.833153
FADS169,i,9,ADS,11.75,99.99999999999964,-389.55014,183.88937,-67.48653,104.259895,5.449008,-32.45549,1.9077736,-24.789448,-6.495305,-19.93702,3.4632778,-3.2815304,12.382289
FADS169,u,9,ADS,18.94770826392528,162.842276742321,-502.97852,193.55096,65.03771,48.966545,-37.776474,-36.198532,-28.735704,-19.561533,9.013063,-57.881798,25.390907,-2.2633615,-40.95446
FADS169,u,9,ADS,23.31442706598186,145.57293401814064,-541.7907,206.84648,99.092964,42.835503,11.897581,-4.5871334,6.2905216,17.314692,8.360189,2.1113214,11.993977,11.032532,-0.99703556
FADS169,u,9,ADS,31.91075276632758,159.24723367242066,-545.4381,233.65842,60.84778,45.527016,-11.209507,-12.099232,6.9749637,16.709396,0.42989114,-21.611809,28.035177,-8.594431,-32.05102
FADS169,u,9,ADS,32.79,123.69167669437786,-728.25903,112.33687,44.884384,34.51377,4.4161263,-0.28262478,8.890072,7.626851,13.035967,-1.6128023,5.7804174,-7.9784155,-14.102978
FADS169,a,9,ADS,36.42669604909441,133.30395090559222,-323.76013,184.03119,-79.69287,33.989548,-60.087532,-6.4588146,24.903889,-10.937752,2.684924,-33.30117,20.150345,-26.135643,-18.724152
FADS169,a,9,ADS,39.47,170.0000000000017,-496.54224,193.41818,20.162586,31.660273,-22.528757,15.185213,12.734564,41.741356,0.80469334,-16.043686,32.045967,-20.6439,-0.7889869
FADS169,i,9,ADS,46.50830939582917,152.16409466085423,-443.66315,131.74641,-40.501186,118.665115,-3.2275763,-24.669935,11.617956,-14.919621,-10.072325,-38.03165,11.431751,1.2659049,-3.7273908
FADS169,i,9,ADS,49.0929384576216,97.06154237839826,-476.30414,127.417755,35.41391,132.78217,2.7754369,-13.546307,14.943557,-0.21076989,-0.7315182,-33.05787,7.650401,-16.24778,0.4288854
FADS169,a,9,ADS,52.59898566930853,85.42545665171986,-407.8739,216.51636,-76.71624,10.086043,-19.330212,-7.818861,-0.3807354,-18.929573,-12.608456,-32.91044,14.477629,4.7936077,-30.002453
FADS169,a,9,ADS,53.93,116.0054204117884,-511.4519,197.77664,1.5687801,44.01741,-14.033632,-12.222594,20.973457,21.96975,-6.771413,-5.8217206,21.35554,-18.860195,-12.31448
FADS169,a,9,ADS,55.4,114.92167253851449,-511.4091,208.27652,5.3185124,14.102543,-14.195985,22.740734,13.881356,31.765463,13.041277,-28.27342,32.689487,-5.423601,-22.343653
FADS169,i,9,ADS,58.08925547126273,86.76022941190098,-487.42065,146.92181,-32.5566,114.72994,6.6383257,-22.430738,7.019231,-9.763395,-13.31225,-30.537504,1.8670881,-8.181366,-6.3867674
FADS169,i,9,ADS,62.63,39.99999999999915,-511.94568,169.1121,7.9545975,68.95439,38.22908,-4.1634526,-16.22989,19.632252,7.785002,-57.599,12.492489,-1.4992422,-3.9185784
FADS169,i,9,ADS,62.91,90.00000000000341,-474.4537,175.41153,19.251637,85.54045,7.12107,-14.694771,-6.3286376,17.987354,3.0673072,-50.110023,7.7079067,-8.369013,-0.65677416
FADS169,a,9,ADS,63.33,94.18029404843509,-491.88306,216.07797,-34.60322,7.2739415,1.5642188,5.6177144,4.0367537,-1.4144772,-8.911585,-11.448273,34.494072,13.551769,-8.229964
FADS169,i,9,ADS,71.3,120.00000000000455,-481.71658,130.1976,11.917857,108.912415,8.333307,-18.01194,27.480263,-6.7151732,-29.307669,-25.55502,10.847082,-31.19577,-0.7598214
FADS169,i,9,ADS,74.06,79.9999999999983,-443.57138,152.26222,16.010975,92.04883,-2.5896037,-25.491852,8.463656,-11.465761,-8.150677,-41.85314,13.833418,-12.832738,-4.3081465
FADS169,a,9,ADS,75.95,79.9999999999983,-391.6959,204.02814,-47.077194,8.428484,-52.618908,-16.438667,44.293274,-11.610468,-5.037487,-8.080754,27.050722,-3.7066379,17.693348
FADS169,u,9,ADS,83.12,99.99999999999432,-532.9726,186.71115,34.409122,2.4283175,-2.7767863,-4.754018,9.714926,6.8357997,-18.876812,-35.413387,-5.552375,10.688568,-7.793811
FADS169,u,9,ADS,94.84762468149574,142.37531850425,-471.80353,205.01007,26.732525,53.334213,-35.594574,-20.159042,3.8122277,12.195406,0.38038105,-17.456844,22.211624,-5.021714,-34.003002
FADS169,a,9,ADS,103.3146898967882,135.3101032118076,-426.65347,233.2645,-35.900864,-5.8026876,-35.396854,-39.636593,25.359404,2.49357,-11.339529,-19.373663,13.661456,-0.47011992,-6.499555
FADS169,u,9,ADS,104.72,107.14231101350435,-541.8874,205.19495,21.146044,22.321756,-18.347399,-10.820469,14.119963,4.7546964,5.8727665,-38.76246,-10.839788,1.7651172,-11.994373
FADS169,a,9,ADS,106.8,189.99999999999773,-366.07803,179.86575,-27.057316,36.230526,-18.102795,7.380666,50.432495,-7.676336,-6.668782,0.92150426,25.422775,18.906227,-4.9373903
